episode,path_id,avg_lateral_error,max_lateral_error,total_reward,avg_reward
0,0,54.940876618369714,138.08582622493634,-10973.559196717184,-54.86779598358592
0,1,76.99524390071207,163.44098899912413,-15387.15982853204,-76.9357991426602
0,2,41.83350942389088,85.67179169224977,-8354.83726254681,-41.774186312734045
0,3,58.1455944900252,114.01153434293089,-11619.210017062982,-58.09605008531491
0,4,28.342069976461083,73.17569517611065,-5654.700147567925,-28.273500737839623
0,5,24.88624046580945,53.56428153666185,-4968.107084199376,-24.84053542099688
0,6,19.036861653475228,60.14478056813617,-3795.571128144828,-18.977855640724137
0,7,51.94589013150322,89.82675266316393,-10377.611199282046,-51.88805599641023
1,0,8.892321171972942,26.741984142258516,-1765.8340777037106,-8.829170388518554
1,1,11.540605720600896,23.74390993577804,-2297.806919997437,-11.489034599987187
1,2,15.90170711344382,47.433831701613606,-3169.847986893093,-15.849239934465468
1,3,7.524812885744758,20.710185368526265,-1494.2224402244046,-7.471112201122023
1,4,60.45078235311491,129.73879131488178,-12075.67822418392,-60.3783911209196
1,5,25.11091701688074,69.61710333240417,-5011.561846739042,-25.05780923369521
1,6,27.36192716416364,54.5880287861332,-5461.423478903056,-27.30711739451528
1,7,16.028940953289304,38.58211496676629,-3194.4416983907017,-15.97220849195351
2,0,60.37014407286706,119.55330875063164,-12061.125124025244,-60.30562562012622
2,1,9.114766395066898,25.989729633644547,-1812.793469163205,-9.063967345816025
2,2,47.03502146984521,99.37635656279927,-9395.96776737438,-46.97983883687189
2,3,33.04079810502744,57.874510779119845,-6596.767945485733,-32.983839727428666
2,4,59.2819912968554,104.45510378889703,-11842.438891757693,-59.21219445878846
2,5,41.28265966354096,113.29783344300886,-8246.49647551954,-41.2324823775977
2,6,55.434467943103066,100.81326894061216,-11074.897408869185,-55.374487044345926
2,7,39.82001862585712,80.42079055043654,-7952.900815318228,-39.764504076591145
3,0,48.38164821575717,98.83298028242368,-9663.232011984928,-48.31616005992464
3,1,20.21276811326036,46.96351648375048,-4032.6726883235674,-20.163363441617832
3,2,51.39107614484754,130.79525784038708,-10265.689784073653,-51.32844892036827
3,3,44.63299865760116,129.10503465941576,-8915.445592471908,-44.57722796235954
3,4,41.72738938700736,84.0453779771016,-8332.383301841242,-41.661916509206215
3,5,29.34481200383722,69.62161052355846,-5858.377957309149,-29.291889786545745
3,6,49.88679993031737,91.36694172087292,-9964.852987398805,-49.82426493699401
3,7,24.65978525669536,50.8665607766753,-4921.143860077825,-24.60571930038912
4,0,42.32691734844245,99.1644738216096,-8451.548258937368,-42.25774129468684
4,1,22.29657929157949,45.2160879845914,-4448.873487084013,-22.244367435420063
4,2,41.0925038681746,70.05842926665552,-8207.265271587577,-41.03632635793789
4,3,45.01868840034415,83.53087500931578,-8993.89611864836,-44.9694805932418
4,4,61.22122173395536,115.4278045485047,-12232.318131032738,-61.16159065516369
4,5,25.07368143037445,51.90472734738771,-5005.040462705802,-25.02520231352901
4,6,23.1736452131282,71.49207666669557,-4622.253436811613,-23.111267184058065
4,7,57.59264121255726,108.68928219617564,-11508.295996550942,-57.54147998275471
5,0,106.44767095103096,193.0164649934008,-21276.034352765146,-106.38017176382571
5,1,17.186928110732723,61.281530217483066,-3426.825808744951,-17.134129043724755
5,2,12.603459926842566,27.526331565268283,-2509.5308269570646,-12.547654134785324
5,3,11.04939923790228,36.43258197946364,-2199.069107305946,-10.995345536529731
5,4,23.7377215915246,55.63196303956319,-4734.646639351573,-23.673233196757863
5,5,56.706814920374136,104.85485316309628,-11329.870448857457,-56.64935224428727
5,6,22.45246179786423,48.62982557495498,-4478.970617068622,-22.39485308534311
5,7,29.11961977873992,62.98860896801895,-5812.321481395701,-29.061607406978503
6,0,53.82304665470358,96.8680105223434,-10752.624849187972,-53.76312424593986
6,1,16.09976530979302,60.05082184831262,-3209.0610502586533,-16.045305251293268
6,2,33.009597782620375,93.23612085325531,-6590.436820952158,-32.95218410476079
6,3,11.231968803584328,34.53689828231933,-2235.756438458509,-11.178782192292545
6,4,24.27700608255904,44.16964334764645,-4841.863771851342,-24.209318859256708
6,5,54.87808316928151,107.43626711285732,-10964.71595708956,-54.8235797854478
6,6,39.57745422142536,66.53323927782708,-7905.403897060538,-39.52701948530269
6,7,14.694373554817378,35.62688583954742,-2928.965201018209,-14.644826005091044
7,0,16.210057491187875,59.90132752890776,-3229.743602342123,-16.148718011710613
7,1,47.20586374638775,121.42922344385092,-9430.489986160634,-47.152449930803165
7,2,35.31180569739615,66.92746617331906,-7051.508043207486,-35.25754021603743
7,3,27.266078352715745,65.98866082355579,-5443.648674196978,-27.218243370984894
7,4,28.69679169774349,65.554160841923,-5727.48179202447,-28.637408960122357
7,5,37.14384486110409,74.34118413341982,-7419.227876453559,-37.0961393822678
7,6,64.79289490437476,129.9043403919855,-12948.85107648966,-64.7442553824483
7,7,27.74864074167861,50.14989199771131,-5539.941408848911,-27.699707044244555
8,0,43.16667500174971,86.19135994943542,-8621.268862374965,-43.10634431187483
8,1,35.90904636484437,90.38081525643078,-7172.5485035569,-35.8627425177845
8,2,27.263868111680846,51.66130241640752,-5442.375867738945,-27.211879338694725
8,3,22.93130188882241,69.82569435430409,-4575.485008706838,-22.87742504353419
8,4,16.539569160748044,49.453470846788406,-3296.1686852314983,-16.48084342615749
8,5,47.47793384284081,90.28575361316682,-9484.828115904153,-47.42414057952076
8,6,13.555343343441672,48.76273867663367,-2701.480890748115,-13.507404453740577
8,7,35.83159055222261,66.04118452783463,-7156.383478734397,-35.78191739367198
9,0,63.1072772871792,155.81808671267436,-12609.070864264851,-63.045354321324254
9,1,6.583896329652978,16.71220246210308,-1307.128485868007,-6.535642429340035
9,2,21.067842064455487,46.378843565138204,-4203.684719270067,-21.01842359635033
9,3,7.858520909792625,29.12712157584755,-1562.7396127886109,-7.813698063943053
9,4,38.89383517954003,60.24343382446946,-7768.256182673912,-38.84128091336956
9,5,51.75520946152236,85.57674014353324,-10341.386929182472,-51.70693464591236
9,6,36.5440495923186,79.95429058620064,-7296.978626126498,-36.48489313063249
9,7,24.378818467800844,56.26501814504999,-4866.07750591782,-24.330387529589096
10,0,9.832564635425989,28.429813679090483,-1957.0023278686288,-9.785011639343146
10,1,50.96530338601078,102.4263964250783,-10184.685679680011,-50.92342839840006
10,2,13.650102911017306,29.6307089989841,-2720.486782784031,-13.602433913920157
10,3,11.869690922882416,21.693704524912302,-2366.4219899531445,-11.832109949765725
10,4,14.728825601649143,30.509432975078187,-2935.0868672410334,-14.675434336205166
10,5,19.30240618263533,39.16762713776343,-3852.1636065381854,-19.26081803269093
10,6,20.834126914067696,45.19455516832979,-4157.902777101933,-20.789513885509663
10,7,20.682803868597457,43.943686285934,-4129.009907089291,-20.645049535446457
11,0,7.3712716912998015,25.089054775254905,-1464.9174234597458,-7.324587117298729
11,1,14.7726638379034,22.79214965350637,-2949.7286068923445,-14.748643034461722
11,2,6.259213396516511,17.89911794935095,-1240.9681622711162,-6.204840811355581
11,3,11.144854337249662,26.48710665192111,-2220.5465615116004,-11.102732807558002
11,4,13.971636040743704,45.849448117750974,-2782.1333544726244,-13.910666772363122
11,5,12.78434951325221,32.895175016035495,-2547.0839608712176,-12.735419804356088
11,6,13.965081751368045,38.26991372934867,-2782.226236797744,-13.91113118398872
11,7,8.997567116956953,26.095092413571223,-1789.4287568471048,-8.947143784235523
12,0,4.710697194095022,12.624021543996664,-930.6462249065656,-4.653231124532828
12,1,12.647117256190205,36.44595405416453,-2520.890634156027,-12.604453170780134
12,2,41.212264659181145,65.85016453677369,-8234.157180083299,-41.1707859004165
12,3,3.405567681241448,13.167779644792708,-675.9514897963852,-3.379757448981926
12,4,14.162242707246792,38.65702864698689,-2820.996106166467,-14.104980530832336
12,5,9.752159619812527,37.5583077839103,-1944.1853837248068,-9.720926918624034
12,6,12.000924956482631,28.147577892578354,-2389.717556216554,-11.94858778108277
12,7,43.03880960067367,71.17978887181945,-8596.878287588004,-42.98439143794002
13,0,8.227893528554178,23.017359407286328,-1635.8937951602904,-8.179468975801452
13,1,8.44228372455727,18.43692015878488,-1682.2998396109426,-8.411499198054713
13,2,35.74804991411883,95.30785793355312,-7140.83491494708,-35.7041745747354
13,3,8.892938201902128,22.72087669113787,-1772.2265511186542,-8.861132755593271
13,4,9.612391649161513,23.55020331495633,-1911.614978846774,-9.55807489423387
13,5,9.862712625541633,21.35490164378898,-1966.2317892683693,-9.831158946341846
13,6,10.259154351173118,36.27103187231007,-2042.8875332939829,-10.214437666469914
13,7,17.47437666571593,46.85354479115317,-3485.2572866324317,-17.426286433162158
14,0,5.429214362104176,19.363219340759382,-1074.285598081957,-5.371427990409785
14,1,16.1294927864332,48.181566102829706,-3216.1278312152817,-16.08063915607641
14,2,28.923289772169014,54.00478040060856,-5777.038442915846,-28.885192214579227
14,3,6.975272370130604,16.521487346049046,-1386.358837616189,-6.9317941880809455
14,4,9.133794655862255,31.12780752467361,-1814.4852446693733,-9.072426223346866
14,5,13.812989394844385,42.176355895837055,-2753.896077222788,-13.76948038611394
14,6,5.689136386454508,13.29192025913283,-1129.4748398853158,-5.6473741994265785
14,7,18.113897948566965,42.06720906044412,-3612.33368066762,-18.0616684033381
15,0,5.945211593834208,17.27719922645828,-1178.3220468237294,-5.891610234118647
15,1,24.521025687937342,46.40680193075677,-4261.500951275995,-24.49138477744825
15,2,38.005523203587245,80.5474944030735,-7591.621737586354,-37.95810868793177
15,3,7.366776383534041,20.78589355446712,-1466.0545095988823,-7.330272547994412
15,4,6.466030321979909,18.92381866312195,-1282.5318790151532,-6.412659395075766
15,5,64.99339209433695,128.8532027731242,-12989.311117320762,-64.94655558660381
15,6,8.00527831489205,18.37268749897476,-1592.301759481449,-7.9615087974072445
15,7,7.591021721869413,20.27089841951241,-1508.3747402282725,-7.541873701141363
16,0,6.477706446303422,15.78216264774781,-1283.8243663326975,-6.419121831663488
16,1,11.332845274597716,41.981843061695926,-2256.958334267367,-11.284791671336832
16,2,11.869640345449456,46.298784055715366,-2364.6184705252213,-11.823092352626109
16,3,7.419993906605527,19.67925751104902,-1477.5699294556518,-7.3878496472782595
16,4,7.615644042781635,27.69489709259908,-1510.429389150956,-7.55214694575478
16,5,47.42986294448199,78.18275582362251,-9476.28565628471,-47.38142828142355
16,6,12.704286400041749,40.54483421824268,-2531.7225119465456,-12.658612559732727
16,7,10.35128952114482,25.929625573813063,-2060.332604479318,-10.301663022396587
17,0,4.445228314254362,14.54517604249337,-876.3823896978358,-4.381911948489179
17,1,5.984569496402397,17.216918215840117,-1189.2552793926145,-5.946276396963071
17,2,4.435776225014742,15.13026954082598,-879.3177405749051,-4.396588702874525
17,3,17.852611487814816,49.87260476237312,-3560.781783544027,-17.803908917720136
17,4,12.257779265061814,36.46890089242792,-2440.7035306040684,-12.203517653020342
17,5,4.546253639217282,13.349742457161591,-900.2661700028391,-4.501330850014195
17,6,14.875647773507126,29.18764619839233,-2965.873337814942,-14.829366689074709
17,7,13.525495702669334,35.66449014805219,-2695.0034060661364,-13.475017030330685
18,0,9.270042035313868,29.21425391576337,-1839.8579507671168,-9.199289753835584
18,1,5.164511386510689,11.540345482963165,-1025.04787852369,-5.12523939261845
18,2,10.473741612780266,28.012850931438457,-2085.971358893188,-10.42985679446594
18,3,9.114308671173497,24.554824305127983,-1814.2150140288495,-9.071075070144248
18,4,7.555709305076801,17.086103823386594,-1500.760659685391,-7.503803298426955
18,5,7.552250054427077,19.750857525979903,-1503.515600094662,-7.51757800047331
18,6,23.995536560492383,49.64864356236743,-4787.895321199812,-23.93947660599906
18,7,53.52712850045654,114.46652257410804,-10697.239369429595,-53.48619684714797
19,0,4.9291657505196245,17.72750110161141,-974.5131890386244,-4.872565945193122
19,1,8.517751602955386,41.4054362364587,-1694.3291630168897,-8.471645815084448
19,2,7.753042978335992,22.471196457229524,-1540.8369287450098,-7.704184643725049
19,3,13.418186855701268,41.5687708349955,-2674.296183649813,-13.371480918249068
19,4,15.431017475118017,33.455986100333504,-3073.7629780593466,-15.368814890296733
19,5,10.657450740836932,27.353754242503527,-2122.015231336768,-10.61007615668384
19,6,7.873931730920249,20.288350486692515,-1563.3678839546835,-7.816839419773419
19,7,5.858263597666575,17.60877772487756,-1163.3871040562212,-5.816935520281106
20,0,13.66075253774686,41.887730053102686,-2721.4209528289334,-13.607104764144667
20,1,17.74453726976915,45.00604141724283,-3540.8569164423893,-17.704284582211947
20,2,22.838277681899086,45.2963087671224,-4558.197650455873,-22.79098825227937
20,3,29.36841286624497,51.66562071555909,-5866.342423418159,-29.331712117090795
20,4,20.42402933872056,50.60497882518933,-4073.488145869199,-20.367440729345997
20,5,18.433467109591064,43.22573536408506,-3677.894598055845,-18.389472990279227
20,6,9.308646055325816,23.58989720786633,-1853.8994142177323,-9.26949707108866
20,7,18.9280500339315,45.96797368762574,-3777.915030771516,-18.889575153857574
21,0,8.992451692882685,27.35555191343896,-1786.4647691597704,-8.932323845798852
21,1,7.830872516977246,25.15053078000572,-1556.741136647718,-7.7837056832385905
21,2,18.407457617482827,33.65607266241708,-3671.907545252756,-18.35953772626378
21,3,11.728239074071803,32.04879879088488,-2333.4099310352294,-11.667049655176148
21,4,5.85998258384971,20.90442591674726,-1160.1581482723311,-5.800790741361657
21,5,12.795530209853816,33.56030355781863,-2549.370900385624,-12.746854501928118
21,6,24.48573554159,51.71989212859759,-4885.919921288972,-24.429599606444857
21,7,7.233268610533636,14.974993085273145,-1438.111988673204,-7.19055994336602
22,0,10.681986649476524,39.296837469418,-2124.3680009229797,-10.621840004614896
22,1,8.335853723791448,30.07591241890928,-1656.5957338167864,-8.282978669083931
22,2,42.06359451811624,80.05912312689182,-8401.472832093594,-42.00736416046797
22,3,6.904910198219852,19.97706770975807,-1371.4938421390011,-6.8574692106950055
22,4,15.98215824977867,41.29333856252246,-3184.872453180248,-15.92436226590124
22,5,31.1789404842296,73.84076998649935,-6225.204180275723,-31.126020901378617
22,6,8.064465378407778,30.701972517057865,-1603.0234627822838,-8.01511731391142
22,7,7.227357501690278,19.468723665199168,-1436.6491086064748,-7.183245543032374
23,0,9.57974232508096,25.69915368528848,-1902.6546632684915,-9.513273316342458
23,1,11.73615755755542,33.1850530453191,-2340.9743087869456,-11.704871543934727
23,2,16.514294870982354,37.55345343420048,-3295.533360147328,-16.47766680073664
23,3,11.873898911598816,29.574258329926927,-2365.2309729510416,-11.826154864755209
23,4,4.217445797333371,16.626654879078668,-831.5537113917943,-4.157768556958971
23,5,8.848932293214302,31.5245717185503,-1760.381126753403,-8.801905633767014
23,6,16.54962497895713,52.54642007908745,-3299.562292778313,-16.497811463891566
23,7,10.29238879312478,21.97328978648208,-2048.455932425472,-10.24227966212736
24,0,7.678800100713296,22.439414477900836,-1522.3550839432737,-7.611775419716367
24,1,17.71473653377188,40.389411060487504,-3536.80289734611,-17.68401448673055
24,2,42.508691617736616,113.59491299475036,-8491.302188752561,-42.45651094376281
24,3,13.402648360745395,33.22810231858973,-2669.2345888136565,-13.346172944068282
24,4,10.351999993961408,31.21477745362446,-2056.533845367252,-10.28266922683626
24,5,33.860982777063754,64.26573557251852,-6761.130400921404,-33.80565200460702
24,6,5.615904582490012,17.20189709256984,-1114.2574001604237,-5.571287000802118
24,7,33.51335591454849,63.08041425428045,-6693.574108652036,-33.467870543260176
25,0,12.323356243237445,47.57697251739617,-2453.578788887883,-12.267893944439416
25,1,19.68924262604084,44.19838435119417,-3927.486018363063,-19.637430091815315
25,2,7.580592871282014,21.355065809613038,-1505.3624164688354,-7.526812082344176
25,3,28.53318707237007,75.56226486871819,-5696.986851208965,-28.484934256044827
25,4,13.45912317229498,34.2778529572476,-2678.7764883071204,-13.393882441535602
25,5,14.209279991382786,42.61162300406439,-2829.648263010162,-14.148241315050807
25,6,4.907440752460156,17.78776070524769,-971.5374160619454,-4.857687080309727
25,7,16.615477174430897,45.4075478276448,-3313.230802454395,-16.566154012271976
26,0,11.792734890430776,26.74074397975712,-2346.394492058567,-11.731972460292834
26,1,10.32700814138742,23.17507570251832,-2056.685454578663,-10.283427272893316
26,2,11.61942272017658,22.815493698872164,-2312.295456611504,-11.56147728305752
26,3,6.10480353692308,23.43946512869758,-1212.668419169542,-6.06334209584771
26,4,16.378287550167222,48.9717477407692,-3263.853929795141,-16.319269648975705
26,5,4.839048608052412,13.296800679468925,-958.3987800546878,-4.791993900273439
26,6,8.476348610562201,27.857110527658406,-1683.05461707192,-8.4152730853596
26,7,48.29427819613378,91.0594438502108,-9647.96245135154,-48.2398122567577
27,0,24.562845810580967,56.40074269168848,-4900.577514022184,-24.50288757011092
27,1,10.51213921795669,28.459777602007136,-2092.465013703564,-10.46232506851782
27,2,19.109659138536923,53.39116618331265,-3808.4791272950574,-19.04239563647529
27,3,5.036744965908134,14.440302576429689,-443.58915766205615,-4.984147838899507
27,4,11.041642690296545,32.59953064384364,-2196.84647725694,-10.984232386284695
27,5,20.523242278091093,37.38168036450895,-4094.082061414601,-20.470410307073006
27,6,5.328435106225125,19.81777075792529,-1055.7762123850634,-5.2788810619253175
27,7,15.477555967068549,47.84524942221303,-3086.621486686761,-15.433107433433804
28,0,6.351268284924711,17.844461557208646,-1256.9182608292838,-6.284591304146419
28,1,12.844700229342674,27.18051438995637,-2562.166110603398,-12.81083055301699
28,2,5.940939054573829,23.67242053781075,-1178.9731323870972,-5.894865661935486
28,3,11.844886183581652,36.0174922845065,-2359.3384374182474,-11.796692187091235
28,4,15.877908415863024,44.16401428172728,-3162.842246504676,-15.81421123252338
28,5,44.28065838439095,85.02670606313657,-8845.837261174509,-44.22918630587255
28,6,6.9807127744444095,23.085147656968843,-1385.8042505631554,-6.929021252815777
28,7,7.549099722504374,20.108666461598027,-1500.8344997933568,-7.504172498966784
29,0,24.202657878970303,75.93219389981938,-4829.206916769299,-24.146034583846493
29,1,12.347557133392431,36.28106314797122,-2460.62147420441,-12.30310737102205
29,2,18.524236671257384,40.86863739547894,-3693.719801413822,-18.46859900706911
29,3,6.503000303775608,19.384927704867835,-1291.8414411789363,-6.459207205894683
29,4,6.853884763335758,20.888713031940124,-1358.787404212332,-6.79393702106166
29,5,12.324060517527624,34.90986831314009,-2455.3094577781862,-12.276547288890931
29,6,5.913307996088636,14.648464282468476,-1173.2668259763673,-5.866334129881836
29,7,15.460586983745248,39.9077122889992,-3081.721738240926,-15.408608691204629
30,0,6.416348888451384,19.95196298951608,-1271.958990074074,-6.359794950370369
30,1,3.3411501490042026,11.927916229494722,-658.6660542525334,-3.293330271262667
30,2,8.875276227885646,26.6745322637025,-1763.713393623129,-8.818566968115645
30,3,4.573925293142023,13.049525107093322,-905.955550326199,-4.529777751630995
30,4,8.740975092794772,28.14988879011792,-1736.1728233786305,-8.68086411689315
30,5,5.524093471493103,22.27692567679807,-1095.0340247250062,-5.475170123625031
30,6,9.010648206768051,21.56149708223625,-1791.066668058132,-8.95533334029066
30,7,4.857856473038147,19.124109588170477,-963.4625876556617,-4.817312938278309
31,0,18.374523097724552,43.63832569494666,-3663.211694272906,-18.316058471364528
31,1,4.499206240534667,14.158823668907669,-890.8952727598366,-4.454476363799183
31,2,28.227717725271177,63.88735089717718,-5634.896546717574,-28.17448273358787
31,3,12.751719382962593,32.219636316202,-2540.157106535187,-12.700785532675932
31,4,21.00312264930546,49.03327331224399,-4188.069088334768,-20.94034544167384
31,5,8.942297119650453,26.99454975631824,-1778.3462962568185,-8.891731481284092
31,6,8.249082157685265,23.789183703235157,-1639.707932743171,-8.198539663715856
31,7,10.96308696548711,32.66765737263684,-2182.670003696863,-10.913350018484316
32,0,9.544814239699171,28.41810355660407,-1677.7262417664515,-9.47867933201385
32,1,6.87350871559594,23.92782175610962,-1364.8934784112812,-6.824467392056406
32,2,25.935600605646574,68.43294417251434,-5175.2207975352285,-25.876103987676142
32,3,6.670619236038449,19.246767089456483,-962.1568852845857,-6.63556472610059
32,4,23.95271787850324,43.18192767243219,-4781.22907144688,-23.9061453572344
32,5,14.299465256324426,36.29969219300789,-2850.318047899448,-14.25159023949724
32,6,7.72421335876738,25.085286871057228,-1535.0479332060536,-7.675239666030268
32,7,5.962201628762127,22.832215219327765,-1185.042415809956,-5.925212079049779
33,0,11.371649186780342,42.54848132089128,-2260.451061881003,-11.302255309405016
33,1,0.794582808479283,3.926545788834847,-153.07081338678307,-0.7653540669339154
33,2,10.823105285784504,27.989422041807163,-2151.0990571129205,-10.755495285564605
33,3,6.403678700659898,22.68179273208848,-1272.5796548070289,-6.362898274035144
33,4,7.048243947572403,22.34158460696932,-1396.2027382262731,-6.981013691131365
33,5,9.442620652819969,25.884106446679848,-1877.8306789174396,-9.389153394587195
33,6,4.420191943856047,13.633682782608831,-873.4332385957321,-4.367166192978661
33,7,3.1379218654607173,14.828511184444338,-619.5472401052236,-3.097736200526118
34,0,7.282527432546593,28.151753907368267,-1443.8145569962244,-7.219072784981122
34,1,9.706997809081216,30.66579552850585,-1931.347851843104,-9.656739259215518
34,2,31.61016573506225,59.64681519969656,-6308.905776575432,-31.544528882877163
34,3,6.808625139296661,18.248158171910404,-1351.9810082161014,-6.759905041080507
34,4,20.819398409283423,65.64222068693871,-4149.472887336361,-20.747364436681806
34,5,8.619501180143335,17.279150890590067,-1715.26385633415,-8.57631928167075
34,6,8.20299955731556,25.840758214646502,-1630.3851971579902,-8.151925985789951
34,7,6.933493556015102,26.03026100574139,-1377.6247733045186,-6.8881238665225935
35,0,10.209638836073156,25.85458183335451,-2029.7303261230095,-10.14865163061505
35,1,11.83846526530258,28.659664698297448,-2357.9101880003604,-11.789550940001805
35,2,18.837779682212275,57.50939606818233,-3755.113149290162,-18.775565746450813
35,3,9.396873829345164,32.26896078072081,-1718.9709147834058,-9.34223323251851
35,4,14.225232488965409,37.28984052264232,-2830.6369577722808,-14.153184788861404
35,5,3.7590022072364406,14.52293769840657,-743.3780755352669,-3.7168903776763353
35,6,5.656064702696049,17.646662639251467,-1121.4899639941698,-5.607449819970849
35,7,6.169113044303794,17.699912598720243,-1222.778389735833,-6.113891948679163
36,0,12.806728027353293,29.930180182566527,-2547.021630168437,-12.735108150842189
36,1,15.821574454244669,61.6496943001798,-3154.020236041428,-15.770101180207142
36,2,18.494602823477123,37.33684710162733,-3685.6732108325295,-18.428366054162648
36,3,4.972134019846781,11.994655135587214,-836.2118071966353,-4.918892983509619
36,4,9.005009487702264,21.91189727586756,-1787.6754824781483,-8.938377412390741
36,5,10.53739742007338,28.736151904474447,-2099.760912082512,-10.498804560412555
36,6,11.283780624397735,28.045534972495123,-2245.0681632942915,-11.225340816471457
36,7,4.8449150411107,13.830754263347528,-960.3246441071065,-4.801623220535531
37,0,21.94262264791069,65.50670635461879,-4375.631415186424,-21.87815707593212
37,1,5.720062319030079,22.002600883645588,-1133.9814576790052,-5.669907288395026
37,2,21.403703329903347,50.68015567473378,-4268.449760880792,-21.34224880440396
37,3,4.542488266476889,15.48752100592728,-899.3207190111641,-4.49660359505582
37,4,36.166224804970746,77.52136384421195,-7219.9700518631025,-36.09985025931551
37,5,8.763094862054725,37.7681640771502,-1743.218717358434,-8.716093586792171
37,6,6.72685709516248,20.60361230775184,-1334.8303954835926,-6.674151977417963
37,7,22.790971774331823,53.73979738161755,-4550.136623395591,-22.75068311697796
38,0,6.715644639286188,30.55082380217228,-1330.6554551102358,-6.653277275551179
38,1,9.231429754397904,23.74939754317655,-1835.253245816356,-9.17626622908178
38,2,20.313139739440665,39.85098373051213,-4052.639097892653,-20.263195489463268
38,3,6.258104792029033,16.899275155056454,-1241.027050107424,-6.20513525053712
38,4,49.78746806131901,123.539128312862,-9944.441654399992,-49.72220827199996
38,5,12.320496041396234,49.96334139123057,-2455.07305983132,-12.275365299156595
38,6,4.639747511804866,15.777862222931285,-917.2148408360824,-4.586074204180411
38,7,8.90400569348351,27.182673330484636,-1771.3240475077375,-8.856620237538687
39,0,6.478286679260422,18.23252295749077,-1283.5432511220693,-6.417716255610347
39,1,3.748103484852829,20.764155106840487,-739.1705201113016,-3.695852600556508
39,2,25.17848738424696,46.47310252620692,-5027.422245132873,-25.137111225664366
39,3,10.881913604892198,31.87228895143084,-2166.872944622692,-10.834364723113458
39,4,25.78526030449114,79.81111617621677,-5143.172552621361,-25.71586276310681
39,5,18.59024088224538,62.79801468426404,-3708.629571227205,-18.543147856136027
39,6,4.903388188107459,18.648137674651835,-968.873883197984,-4.84436941598992
39,7,29.74777543633864,102.96666643400722,-5938.708518196031,-29.693542590980154
40,0,7.772142596328353,32.06722325462926,-1540.9647920199586,-7.704823960099793
40,1,10.273222709683225,28.181438011853047,-2045.5990473157308,-10.227995236578654
40,2,5.034588443812716,14.135768044012764,-994.9903319609914,-4.974951659804957
40,3,5.219025716085337,13.895799611753716,-1034.2052263898904,-5.171026131949452
40,4,6.221281591908231,15.766819331107143,-1231.5307651965024,-6.157653825982512
40,5,5.778744212518071,15.436576951805794,-1145.8228818276589,-5.729114409138294
40,6,7.200939817817409,26.36018418671801,-1428.437065982042,-7.14218532991021
40,7,6.215094093548861,21.7012153392155,-1232.7292317150327,-6.163646158575164
41,0,8.365784746189814,29.54138648011644,-1303.0329623307634,-8.2995730084762
41,1,15.500564292526445,62.7048566527428,-3088.302515855057,-15.441512579275289
41,2,5.53000972060073,15.297856037520644,-1097.3058538216878,-5.48652926910844
41,3,13.128375403176795,28.945591365663667,-2618.3387724909994,-13.091693862454996
41,4,16.308789108373603,39.60669476704318,-3249.5904155651733,-16.247952077825868
41,5,6.5508433817319816,17.999300380716946,-1303.3989052645722,-6.516994526322861
41,6,4.444962449426586,13.418144935879008,-877.906121276739,-4.389530606383695
41,7,8.016546884519403,34.79385714954716,-1593.7000917897296,-7.968500458948649
42,0,6.879607574907225,17.66778488234562,-1363.1014605246971,-6.815507302623486
42,1,6.421260669010544,24.145343387340063,-1273.5791819051935,-6.367895909525967
42,2,9.566380563534867,37.921607012548215,-1901.4077783284451,-9.507038891642226
42,3,5.864841295329478,17.582021812298446,-1163.9483426902182,-5.819741713451091
42,4,2.894980317840833,10.346415730627548,-566.439469648465,-2.832197348242325
42,5,7.59645909794952,25.05452711518544,-1510.0566864141683,-7.550283432070842
42,6,5.440535924190409,14.544224855575402,-1078.1915358228498,-5.390957679114249
42,7,30.164641775939803,63.82668285052985,-6022.007718965269,-30.110038594826342
43,0,8.477441610222433,21.408731892821255,-1683.2043476460926,-8.416021738230462
43,1,5.867724237721148,16.501966438982713,-1164.8883578366026,-5.824441789183013
43,2,9.720849348237742,25.342745249255707,-1931.7445558525783,-9.658722779262892
43,3,13.540312195237892,41.31239433456072,-2696.863086240631,-13.484315431203155
43,4,4.578291456286731,16.68444698830281,-904.1398186563656,-4.520699093281827
43,5,5.093874366220919,13.82791690543927,-1009.431742777192,-5.04715871388596
43,6,7.272713192691836,20.05008678958501,-1443.474571692758,-7.21737285846379
43,7,10.158209733968562,29.346424544799238,-2021.8515108626607,-10.109257554313304
44,0,12.09441700708556,40.48528693023981,-2407.2515053246325,-12.036257526623162
44,1,3.1973990363019578,15.5712655975998,-630.5778303330087,-3.152889151665044
44,2,4.771184206235693,14.601334712885825,-943.4075862711566,-4.717037931355783
44,3,3.2691218902120185,12.133446692700158,-644.1957891246205,-3.2209789456231026
44,4,2.548744316377244,12.505888003388849,-498.40837110894006,-2.4920418555447004
44,5,2.272791972497451,10.150861878748849,-446.8585959265183,-2.2342929796325914
44,6,3.749984935598308,11.318016617944734,-738.0486975462836,-3.690243487731418
44,7,2.6558765750742053,12.520001064735206,-521.1569926940991,-2.605784963470496
45,0,10.249155378455296,35.46731334131557,-2038.039352730644,-10.19019676365322
45,1,2.6326010156984068,9.4524214053709,-470.4271622052782,-2.5847646275015284
45,2,3.6210699485311255,13.3356392307591,-713.8282024845564,-3.569141012422782
45,3,8.59513635522974,21.497965299341256,-1709.614629847462,-8.548073149237311
45,4,4.353115802496815,15.366531849179683,-857.4102086756179,-4.2870510433780895
45,5,0.3800512609948603,1.70763501373699,-70.33006570678351,-0.3516503285339176
45,6,4.863370886790801,17.414137033470197,-961.5339284438804,-4.807669642219403
45,7,5.431506549040917,17.24280807711695,-1077.9124189582335,-5.389562094791168
46,0,5.670360526757101,19.583074708155674,-1121.5441088937898,-5.6077205444689495
46,1,4.674199632724666,15.206516119497351,-925.8473092269728,-4.629236546134864
46,2,7.465931020730369,22.596253035802643,-1281.7209794675323,-7.408791788829666
46,3,4.183332988385984,12.24113756146727,-826.8490112346851,-4.134245056173426
46,4,5.307484637751103,20.410478178825308,-1049.3892126147623,-5.246946063073811
46,5,1.9789468736559677,5.39530764644506,-384.9085540644445,-1.9245427703222224
46,6,5.888378521644424,18.88448856400751,-1166.2851338154155,-5.831425669077078
46,7,4.195432517126763,10.45233160772192,-829.9745344890912,-4.149872672445456
47,0,16.78785306148766,44.70673378535819,-3343.8388390894934,-16.719194195447468
47,1,3.385160107665248,9.251626768571162,-562.9953425371515,-3.331333387793796
47,2,6.656139219602599,21.09453368292548,-1195.46147478866,-6.604759529219115
47,3,6.319160557958452,18.91139478874585,-1254.1468713390295,-6.270734356695147
47,4,2.632785899371776,10.724513596096498,-512.4137242678154,-2.562068621339077
47,5,4.49333972073972,14.416960888132405,-889.5785651716336,-4.447892825858168
47,6,6.461254557966769,19.193692386402205,-1281.5283249862828,-6.407641624931414
47,7,2.4699659087003485,11.178332456050262,-483.9108840774901,-2.4195544203874504
48,0,6.91411111249305,20.25133934567708,-1371.2073456159524,-6.856036728079761
48,1,3.869363918611598,16.61010334330982,-763.9535434795276,-3.8197677173976383
48,2,4.212543608748083,15.093199108628824,-832.7092412584401,-4.1635462062922
48,3,6.803560757102941,24.98711976492249,-1349.9424919439775,-6.749712459719888
48,4,2.067173409997968,6.205457895142305,-399.5175905957626,-1.997587952978813
48,5,13.717958106833905,52.77239890716309,-2733.297959256287,-13.666489796281434
48,6,3.157608703695702,11.215928084241057,-620.7272334340328,-3.103636167170164
48,7,4.932100311077587,32.3236016974828,-976.1696295108562,-4.880848147554281
49,0,8.201529108001084,24.58918780865813,-1627.7778847027748,-8.138889423513874
49,1,6.496359970078394,21.06882474988444,-1288.315065461453,-6.441575327307265
49,2,39.97079850935141,86.24650680199726,-7982.449481240998,-39.91224740620499
49,3,4.720701142163922,11.397040816606268,-933.906216487776,-4.669531082438881
49,4,10.09986106374597,37.24632133155268,-2007.513771410977,-10.037568857054884
49,5,17.650165157171525,59.71015987507947,-3520.9737552974398,-17.604868776487198
49,6,3.2514653735966283,14.040446462814726,-639.8193528246294,-3.199096764123147
49,7,7.134584485763904,23.69469734464297,-1418.8371980358827,-7.0941859901794135
50,0,8.606206379973884,25.75675735845245,-1710.6973410865085,-8.553486705432542
50,1,11.062038983040008,25.94573661872417,-2204.530059935763,-11.022650299678814
50,2,8.150713037475425,23.629750136075085,-1620.3709229188191,-8.101854614594096
50,3,12.257874217972944,27.74437525028748,-2443.4461197313512,-12.217230598656757
50,4,13.030651827833797,34.08202519746279,-2595.17791738714,-12.9758895869357
50,5,5.865300556748206,18.79266452598228,-1165.1081580906878,-5.825540790453439
50,6,8.10319006475793,23.98634826052963,-1611.4082223023183,-8.057041111511591
50,7,9.743411665910834,28.6157165657591,-1941.5673515122712,-9.707836757561356
51,0,2.853543909613789,10.344176834363475,-561.9177031634805,-2.8095885158174023
51,1,6.791292143171206,24.47252199298424,-1348.928080870282,-6.74464040435141
51,2,3.733037194233452,13.373975544772987,-736.1264950567297,-3.680632475283649
51,3,2.5715756288770084,10.6604645793452,-505.1393867452547,-2.5256969337262736
51,4,4.7884358346916605,10.681977510186307,-946.870488088614,-4.734352440443071
51,5,4.108871512462872,18.21737565150413,-812.3788881039011,-4.061894440519506
51,6,6.095378402092073,17.911781974620446,-1210.4021027412423,-6.052010513706211
51,7,3.2466920087780635,12.008946260566468,-640.281532729463,-3.201407663647315
52,0,4.708871036251678,17.60296190644802,-930.3095720667702,-4.651547860333851
52,1,5.681683729958257,22.29693009209487,-1126.8314277090442,-5.634157138545221
52,2,6.071187268876832,22.36227955197828,-1203.177043490338,-6.01588521745169
52,3,4.710979084050266,19.906112315803316,-932.9519136303422,-4.664759568151712
52,4,9.225741277342417,28.856004791377305,-1833.139223415885,-9.165696117079426
52,5,4.440290694179031,12.598735294140152,-877.9689677169368,-4.389844838584684
52,6,7.516435152054363,33.25789355448577,-1491.455180739616,-7.45727590369808
52,7,4.2917457433285975,14.014339919567163,-849.0505610789513,-4.245252805394757
53,0,6.101327170083458,20.359570779010763,-1207.7189780801514,-6.0385948904007565
53,1,6.090296296474925,18.65589470244067,-1209.4403274349957,-6.047201637174978
53,2,12.648288200920245,44.80507083365505,-2517.8590529792077,-12.589295264896036
53,3,3.486896326441059,17.75179981887715,-548.731499426086,-3.45114150582444
53,4,11.738160249063789,30.0044086567689,-2334.289356243049,-11.671446781215243
53,5,8.006355498107444,31.104844400493157,-1594.4646887795172,-7.972323443897586
53,6,6.6953956429851935,18.26840019586866,-1327.5691223551578,-6.637845611775789
53,7,1.683934193258805,5.945968329205903,-328.94531053389306,-1.6447265526694652
54,0,3.956825815056157,9.531389280110693,-779.8028342899144,-3.899014171449572
54,1,4.022360713824516,14.728053539777198,-795.6695499842351,-3.978347749921176
54,2,4.615958839019784,21.45628468441918,-912.7476678079584,-4.563738339039792
54,3,4.800762680725336,15.567309014385946,-951.3740896051104,-4.756870448025553
54,4,4.020848880444689,11.696039102735575,-793.1470241154598,-3.965735120577299
54,5,3.620618420231965,20.482282465416507,-715.2692514120176,-3.5763462570600884
54,6,8.699939945117919,27.76132902114313,-1729.7915090769804,-8.648957545384903
54,7,1.451336267292228,6.638307467917949,-259.5903223833699,-1.4031909318019993
55,0,4.988759530137944,18.635090745647084,-606.0097682154677,-4.926908684678599
55,1,6.283192009902709,21.886120409376307,-1246.3891368351176,-6.231945684175588
55,2,3.9052728481396537,16.768593909592905,-770.3660813674763,-3.8518304068373816
55,3,8.973626653296533,29.157952377000505,-1786.3872945531748,-8.931936472765875
55,4,5.381007991045904,18.397313743521188,-1065.3037749495998,-5.326518874747999
55,5,0.9488611722656696,3.807959247355809,-182.85759232678572,-0.9142879616339288
55,6,3.783473961861982,9.86773522060889,-746.2848060414,-3.731424030207
55,7,14.99990274092449,42.650880179527256,-2988.3423479775074,-14.941711739887538
56,0,6.356959377255992,20.0793327757043,-1260.1708043340664,-6.300854021670332
56,1,5.00821074734515,15.112572985204029,-991.700864331692,-4.95850432165846
56,2,4.799530997950189,17.332341899027362,-948.2541685878294,-4.741270842939147
56,3,3.625109794249805,12.945902077274916,-716.6728826861164,-3.5833644134305818
56,4,6.035746515230357,24.040644011534717,-1196.176843335446,-5.98088421667723
56,5,0.4899064415039295,2.6448475293625773,-91.55671876282068,-0.4577835938141034
56,6,3.0566605934067024,13.945216808372477,-601.3721581978592,-3.006860790989296
56,7,2.080904798026217,9.181136574083837,-406.3335147987266,-2.031667573993633
57,0,12.751178972782592,40.23221515328611,-2537.811920004633,-12.689059600023167
57,1,7.084289022420531,21.347906998893464,-1406.811645091327,-7.034058225456635
57,2,13.128582892429293,37.95447806594486,-2614.312017183616,-13.07156008591808
57,3,9.489278408164724,33.01247147089623,-1888.960653253152,-9.444803266265758
57,4,5.821022009624009,22.83290259019335,-1153.3117347868422,-5.7665586739342105
57,5,1.3538030555024445,4.696919509635554,-264.6937469785715,-1.323468734892857
57,6,4.196289609395637,12.4196993608905,-827.8537923165402,-4.139268961582701
57,7,11.500450245597571,32.60054018989476,-2290.111393702789,-11.450556968513943
58,0,10.008135859685233,33.69934071436008,-1991.1414638508988,-9.955707319254492
58,1,9.034143558045962,31.73664538279511,-1796.439926806,-8.98219963403
58,2,5.909707039247811,25.5496880643003,-1172.2888881030556,-5.861444440515278
58,3,2.2304210972314205,7.471236104288378,-437.5486556243065,-2.187743278121532
58,4,3.745358922716111,12.26185398476926,-737.2693725106889,-3.686346862553444
58,5,0.905680124180722,4.678790703516889,-172.83132389797308,-0.8641566194898654
58,6,4.573806165123739,17.022897009029496,-900.0238431444702,-4.500119215722351
58,7,3.530421364897031,20.247992035166085,-698.2507449991957,-3.4912537249959787
59,0,75.18649571088189,183.54424470745704,-15024.7475186613,-75.1237375933065
59,1,4.731691769216456,14.113151734738477,-935.2409286351004,-4.676204643175502
59,2,5.092115004392364,20.24932190651136,-1008.7694314874684,-5.043847157437342
59,3,2.9829941894042147,9.0252761452857,-588.3783365204247,-2.9418916826021237
59,4,7.581462396522024,29.88155064795198,-1504.2939050982188,-7.521469525491094
59,5,14.237367798916374,47.92491314303466,-2837.428577966857,-14.187142889834286
59,6,7.84675999735316,23.992458267087688,-1556.9672233590445,-7.784836116795223
59,7,2.7776101105626028,15.30152141666506,-545.2032463232607,-2.7260162316163035
60,0,5.431894130910385,27.52887088506017,-1075.1121393552596,-5.375560696776298
60,1,3.648241580727985,11.744435291599196,-720.4519193904803,-3.6022595969524014
60,2,4.918099935835968,24.576817365561467,-972.3761682279868,-4.861880841139934
60,3,2.3461621281363048,12.645841287634507,-461.2908591779369,-2.3064542958896848
60,4,2.2112041538935414,8.372828051109186,-430.5347735184286,-2.152673867592143
60,5,1.400001010320199,6.404466590561149,-271.32082973411207,-1.3566041486705602
60,6,2.478570598327066,10.10864344762305,-485.097912117729,-2.425489560588645
60,7,0.7334575512615199,2.1382288669766014,-138.1193196142381,-0.6905965980711903
61,0,4.559392314982589,16.617797815333933,-901.9243121543605,-4.509621560771802
61,1,3.462043362386413,19.460336238429047,-682.3382114760315,-3.4116910573801573
61,2,2.9920943194989778,10.178375221126036,-540.5459876657006,-2.9377499329657644
61,3,3.228471759572501,12.880046581224631,-638.4667919124437,-3.192333959562218
61,4,2.1688886868544857,7.500447290061163,-422.4009889644839,-2.112004944822419
61,5,1.909910470337933,10.688399888330189,-371.46755687694656,-1.8573377843847327
61,6,3.859746258949615,15.57188570869844,-760.1067167070156,-3.800533583535078
61,7,1.2450363980283776,8.215898623834523,-239.71482713029732,-1.1985741356514867
62,0,10.041000782612413,36.64923101675996,-1997.4328173635945,-9.987164086817971
62,1,1.7280865820360174,6.76812767255253,-292.82741543087496,-1.673299516747857
62,2,3.039731953501981,9.546805292153818,-597.4888747159944,-2.987444373579972
62,3,1.3122615535008704,10.152327581763396,-250.0768862309632,-1.2759024807702204
62,4,1.1456545894267005,6.086509464022601,-216.84294925555383,-1.0842147462777694
62,5,0.8259891300416246,4.865118069520364,-150.2096888287604,-0.7703060965577456
62,6,3.775978586060185,15.593519017210458,-742.6338779920128,-3.713169389960064
62,7,3.839897545495933,12.452907860426173,-758.2713039387042,-3.791356519693521
63,0,5.244675138358252,21.246001084729407,-1037.3670002935903,-5.186835001467951
63,1,3.0298818453905825,13.358010631087488,-595.4155413272598,-2.9770777066362992
63,2,7.785350131875192,52.63293865721134,-1545.7896289611792,-7.728948144805896
63,3,3.8628107840322423,13.633304434071071,-764.2274021717438,-3.821137010858719
63,4,3.031918928962254,16.871061612497453,-592.8643219912358,-2.964321609956179
63,5,3.5440239653033143,19.54811903115009,-700.5181805389229,-3.5025909026946147
63,6,1.5107641402200278,6.926378938153592,-293.31560555818737,-1.4665780277909368
63,7,2.1905075434886254,15.64975347417294,-428.0182787957152,-2.140091393978576
64,0,6.425993764559951,23.29946668110311,-1273.7222748644854,-6.368611374322427
64,1,3.827813658216295,16.11638397282091,-755.0658392169934,-3.775329196084967
64,2,4.133361549951268,18.046204214395424,-816.0742175040907,-4.0803710875204535
64,3,4.225953867585009,29.448308208972477,-835.76065661982,-4.1788032830991
64,4,5.674986614580316,20.101385926962635,-1120.9700221079652,-5.604850110539826
64,5,4.025222106317146,24.416932858290533,-793.0471831124834,-3.965235915562417
64,6,3.606957566360583,10.575874800217663,-709.3619654030053,-3.546809827015027
64,7,1.9105534200146503,11.588954863615005,-372.18231279785806,-1.8609115639892904
65,0,17.67065954215254,57.15415711114485,-3521.790708267517,-17.608953541337584
65,1,4.459901258148387,13.536648370996271,-881.4760579883124,-4.407380289941562
65,2,3.2545399805340933,11.676849729527856,-640.5125924426073,-3.2025629622130367
65,3,2.13295279933281,10.060422614752936,-418.2371984327335,-2.0911859921636675
65,4,4.165231825965251,17.85613676099711,-818.8281139585332,-4.094140569792666
65,5,0.8737527681577919,3.639369001054407,-135.18071672821728,-0.8094653696300436
65,6,1.827667316735559,8.358689478116915,-354.45762046249,-1.7722881023124497
65,7,6.019361034726399,19.80019600631327,-1194.305655345141,-5.971528276725706
66,0,6.191250341072833,15.98475409294418,-1226.9417929691792,-6.134708964845896
66,1,5.595985203835146,21.555593271530597,-1109.2575052695834,-5.546287526347917
66,2,4.620042001318586,24.79336854917496,-899.2665105423636,-4.564804622042455
66,3,5.940068895289503,23.028903672506026,-1179.6405338464092,-5.898202669232046
66,4,4.447633806441405,22.562160935192107,-876.3308947460282,-4.381654473730141
66,5,2.1008810692590574,12.28442121506746,-409.5028900918141,-2.04751445045907
66,6,1.5136750562539114,5.546929712921142,-290.25038409821434,-1.4512519204910717
66,7,1.8042437193322425,8.14287183951914,-336.90302997131147,-1.7547032811005805
67,0,5.39387859539204,24.193062014331417,-1066.6026288352857,-5.333013144176428
67,1,1.5068815386969296,4.984448105788001,-230.49017018093744,-1.4587985454489711
67,2,5.932815362134701,20.800090542453745,-1175.9005427961931,-5.8795027139809655
67,3,1.7707124773179654,10.251306262215689,-336.9485397631403,-1.7279412295545655
67,4,4.200695309453666,18.003496597701854,-828.414310645749,-4.142071553228745
67,5,0.4526499913505614,2.367379249683702,-81.1900948111081,-0.4059504740555404
67,6,2.2330812662110318,14.765130748196908,-434.3829187937576,-2.171914593968788
67,7,1.381992354339707,6.938751005936063,-214.86032923396664,-1.3262983286047323
68,0,12.180224370896568,53.89962944683024,-2424.8048212502936,-12.124024106251468
68,1,3.6027790418423336,14.253789815044636,-710.4576420282024,-3.552288210141012
68,2,2.126471151960656,6.611485251966362,-314.446666624528,-2.0687280698982105
68,3,3.853559808520066,13.412520682849513,-761.2916693121562,-3.8064583465607806
68,4,3.252243225558364,15.688281578839266,-637.1757564210351,-3.1858787821051755
68,5,3.2643435274115,21.761087120492903,-641.1285622309244,-3.2056428111546222
68,6,3.1418788679622183,11.71926011556594,-612.9063743050232,-3.064531871525116
68,7,1.2279996476306034,4.857154038036118,-180.1706703200971,-1.169939417662968
69,0,13.587769207046628,40.73292829246825,-2704.4335073777024,-13.522167536888512
69,1,1.8125555179330493,6.147836431450022,-316.42080031961365,-1.767713968265998
69,2,5.532102571374266,19.83854301623848,-1095.74845081607,-5.478742254080349
69,3,6.416186586875605,24.21103058741337,-1274.6842341291012,-6.373421170645506
69,4,1.0460336598086637,6.5064123980584805,-197.35139850671476,-0.9867569925335736
69,5,6.126335935163692,26.565666702309528,-1213.7133273450384,-6.068566636725191
69,6,1.3708131346294972,5.787870779005269,-261.505448569106,-1.3075272428455298
69,7,1.3509077942522705,7.456168821026895,-260.68772184033315,-1.303438609201666
70,0,4.359473550775922,12.000985446831322,-842.165418305289,-4.29676233829229
70,1,0.5668726075075443,2.047610847144347,-72.32018298031475,-0.5129090991511684
70,2,1.5481808127356609,7.410668564683683,-268.23821739874523,-1.4985375273672918
70,3,0.9118381764860484,4.705804824124499,-175.61865517233622,-0.8780932758616811
70,4,1.69221942826642,6.828200065863936,-324.5986604347152,-1.6229933021735758
70,5,1.5567318672708093,11.354118120710002,-301.67192506006614,-1.5083596253003306
70,6,1.152330116985738,6.058825555777614,-219.85911222977964,-1.099295561148898
70,7,1.2132211448414385,5.85225572467361,-231.01101430776788,-1.166722294483676
71,0,6.144829245401606,19.052607094213165,-1217.8154386201672,-6.089077193100836
71,1,2.159820094857325,11.704504252244243,-339.3165496643521,-2.107556209095355
71,2,2.9009305079454117,16.3378950193375,-538.5327124418468,-2.8493794309092424
71,3,2.223968909296318,7.764511546164647,-435.70616660882285,-2.1785308330441144
71,4,2.3843644202868024,15.107654935215184,-464.30661711438734,-2.3215330855719367
71,5,0.9768876871646536,4.112392172398029,-184.63751182113836,-0.9231875591056916
71,6,2.4378877719799434,9.691637716310677,-476.5461275969719,-2.38273063798486
71,7,0.8992501919051864,3.568234634892842,-104.55796695731196,-0.8298251345818408
72,0,5.621907469511035,22.60067351751339,-1112.8535580558018,-5.564267790279009
72,1,0.9042052872743236,7.071168328471208,-125.87409209806984,-0.8505006222842557
72,2,0.9877939258232592,4.1324640452715045,-158.5192357866783,-0.9379836437081556
72,3,1.6138694146090242,5.464874478356485,-313.74389831474133,-1.5687194915737066
72,4,2.8941629694687823,10.598276302040327,-565.1226713729139,-2.8256133568645696
72,5,0.3523963620800835,1.763122958754005,-60.91262599523581,-0.304563129976179
72,6,2.425206195889088,10.25083744983349,-473.99831294453867,-2.369991564722693
72,7,2.22879610259907,17.375817582618247,-389.6906548158997,-2.1770427643346357
73,0,4.686109151219952,24.25189656050278,-925.3134224638536,-4.626567112319268
73,1,0.3839290970313399,1.4665045593534458,-33.80316792182077,-0.3129922955724145
73,2,1.6278764487397488,7.29042954630187,-315.641844349567,-1.578209221747835
73,3,3.030441362221041,11.880854903866137,-596.350796433199,-2.981753982165995
73,4,2.7301162527487755,10.463592851131898,-496.1183766646902,-2.6530394474047605
73,5,0.1726088547462401,0.5715201690470086,-29.146048892574598,-0.1457302444628729
73,6,1.8036090633082185,9.172939650544006,-348.1381108935068,-1.740690554467534
73,7,0.6527459881135451,1.9710566212223024,-94.453427267416,-0.5978065016925063
74,0,3.7266315255826,15.466533344075188,-521.1712469315487,-3.6702200488137233
74,1,1.014621881770527,3.526688843423368,-137.20533223029014,-0.9594778477642668
74,2,0.8066177873607792,4.216849405298112,-125.49333705639783,-0.7559839581710713
74,3,2.0391351129857824,14.2324897684646,-400.27042500735087,-2.0013521250367545
74,4,1.2407779402109218,4.906781935838861,-234.5838028651917,-1.1729190143259585
74,5,0.1321142967308193,0.4090509095859029,-21.77338211833498,-0.1088669105916749
74,6,1.412873640968893,6.69071386561046,-270.94940454444475,-1.3547470227222238
74,7,0.9270877101533987,4.922119940928196,-129.22537957143103,-0.8672844266538996
75,0,3.5229816239980907,14.083057604117483,-694.5044172319556,-3.472522086159778
75,1,0.5011305328786136,2.185461296227628,-49.98230935104935,-0.4346287769656465
75,2,0.7942864783548147,4.0691378883787,-109.2239581018422,-0.7379997169043392
75,3,4.7656517250076975,14.382384443312688,-943.8481554589564,-4.719240777294782
75,4,2.144634692281206,13.515774092786382,-415.2149070772781,-2.07607453538639
75,5,0.1488284947490353,0.7301652142562446,-25.20850304985753,-0.1260425152492876
75,6,1.3979491585964563,7.500004713788942,-267.0509910247632,-1.3352549551238158
75,7,0.928880970202868,4.062896382697806,-119.57564568138032,-0.8664901860969587
76,0,3.191549917008228,15.49572738999064,-627.1214899844831,-3.135607449922416
76,1,0.5265454943388805,2.0730213670703024,-55.52305733324172,-0.4626921444436809
76,2,1.179777821579722,6.779645139712582,-169.60325530159216,-1.1232003662357095
76,3,1.758029990900257,6.246874933781065,-342.33807794135726,-1.7116903897067863
76,4,1.0141623137115774,3.704870543427347,-179.7737894084065,-0.9412240283162644
76,5,0.3595172060061419,1.7496352203231638,-61.716416777914304,-0.3085820838895715
76,6,0.8806899102988882,4.375064200656255,-162.78524665996525,-0.8139262332998263
76,7,2.5250260738604826,13.277141849374969,-493.2617803029589,-2.4663089015147945
77,0,6.953975114860648,25.359180938276616,-1378.85888945306,-6.894294447265301
77,1,0.6218693963276029,2.766585975907579,-69.35705881231476,-0.5593311194541513
77,2,2.2162879549162184,12.74164896837604,-417.4112763402353,-2.1627527271514784
77,3,2.0302158474546803,10.00215150498765,-398.717692567106,-1.9935884628355296
77,4,0.7446219524638282,3.855728790600352,-135.85688150314098,-0.679284407515705
77,5,0.6176688118161507,4.26183033250929,-112.20009863738468,-0.5638195911426366
77,6,1.1900913752975977,6.096215175745441,-223.8849482004988,-1.1194247410024938
77,7,1.009042306837726,5.813880914492611,-126.34690846777386,-0.942887376625178
78,0,2.2427895856364133,12.45328355198041,-374.4516507804418,-2.1897757355581398
78,1,1.0149516721329652,6.53026546469181,-151.2820945445537,-0.9635802200290045
78,2,0.7986560345214845,3.2357731623764727,-108.32638815950182,-0.7419615627363139
78,3,1.7725413193020494,9.79759315952612,-346.4454351536334,-1.732227175768167
78,4,0.8378675115309251,2.946742091422326,-146.33600967607453,-0.7661571187229033
78,5,0.7713553442820624,4.771724293144331,-144.56506899278628,-0.7228253449639314
78,6,1.56794791560862,7.34540230136699,-300.7736149495865,-1.5038680747479325
78,7,8.13466456106,30.010237542560137,-1614.546537103099,-8.072732685515494
79,0,3.8614727683799774,11.09851705747082,-711.0560331080737,-3.8024386797223193
79,1,0.6367435525688951,2.499132200221613,-77.52277120932352,-0.5785281433531606
79,2,1.0699067925224115,4.238546963709031,-137.06385008926648,-1.0078224271269594
79,3,1.3641500899761363,8.767268570688628,-265.8862005319384,-1.329431002659692
79,4,0.9330904408394184,4.673837500983918,-175.22810128495777,-0.8761405064247887
79,5,0.2680058094545368,0.8946235362705917,-45.82458937936022,-0.2291229468968011
79,6,1.049315721936387,5.107326629511116,-197.81160919006996,-0.9890580459503496
79,7,0.8779146198217255,3.5408235589804438,-118.52500424522232,-0.8174138223808436
80,0,1.2898386163013014,5.1494730408593705,-175.00425119947803,-1.2324243042216765
80,1,0.4683890094086412,2.866474460162697,-63.02274967797039,-0.4173692031653668
80,2,0.9646205594502424,6.222852652938975,-138.17148272529428,-0.9090229126664098
80,3,1.2996843153957245,4.581123057103898,-230.032042311253,-1.2501741429959403
80,4,1.082003142368121,3.861053871886248,-203.56020102507915,-1.0178010051253958
80,5,0.4965289355734585,3.2397470668958066,-83.83260110168648,-0.4412242163246657
80,6,1.8751305507488996,9.735059910269024,-363.65726443270745,-1.8182863221635368
80,7,0.341896909133064,1.6213581066153044,-43.985086009801634,-0.2856174416220885
81,0,3.725391278113989,16.239750084172236,-611.9154545386073,-3.664164398434774
81,1,0.4714451666263389,3.631095502569889,-55.05794322430687,-0.4139694979271193
81,2,1.3104680594701354,4.673838117763813,-139.71490035364695,-1.2364150473774067
81,3,1.6099133089463686,5.453777802653626,-312.7825712427196,-1.563912856213598
81,4,1.0810223188356496,4.727445364017595,-202.1375273488998,-1.010687636744499
81,5,1.172116043765427,9.21706720539713,-197.63498641951088,-1.1103089124691623
81,6,1.798991494117411,12.424975871747778,-346.9433880632275,-1.734716940316137
81,7,1.020312479620326,3.81009594970796,-141.00461119868294,-0.9592150421679112
82,0,1.7444170974259103,9.769860295854976,-253.14681854895449,-1.6876454569930297
82,1,0.4642501011666581,1.5318676573034582,-49.44419029526018,-0.4019852869533348
82,2,3.287964873169708,13.719391036293672,-644.6702744702062,-3.223351372351031
82,3,4.171848465430156,15.298736562505995,-655.2728064561342,-4.1212126192209695
82,4,0.691791064480213,4.091066010110686,-124.96089420056174,-0.6248044710028087
82,5,0.8854309878818565,3.1910918343786414,-137.26603120515614,-0.8219522826656056
82,6,1.1791011634156852,5.259090973219963,-221.31901701744405,-1.1065950850872202
82,7,1.804984386826052,11.433826807988437,-240.6794805825731,-1.7440542071200948
83,0,1.5711649360244229,6.223168247062983,-224.0368971592052,-1.5137628186432786
83,1,0.7426015832160511,3.1910640263357184,-79.19061218785802,-0.6768428392124617
83,2,1.2971842313010609,4.56091171028755,-160.1610309783118,-1.2320079306023983
83,3,2.285092802140996,7.696121127142842,-447.965834077124,-2.23982917038562
83,4,1.2574486534007885,7.4657187777362735,-236.81042952234552,-1.1840521476117276
83,5,1.147849188745742,4.736591848210776,-218.2694067083718,-1.091347033541859
83,6,2.079408990344481,8.760691093607113,-404.1487220834881,-2.020743610417441
83,7,0.8724227951003988,3.179214201656162,-117.63382819714684,-0.8112677806699781
84,0,2.6455004558117445,11.765437574564327,-452.91480330934417,-2.588084590339109
84,1,0.1960771815237229,0.650710313322134,-24.36679234614767,-0.1494895235959979
84,2,1.046405298142719,3.797764238624232,-124.50061662340283,-0.980319815932306
84,3,2.3976370676983088,11.957297484165869,-473.0662022603482,-2.365331011301741
84,4,1.1670639453145686,6.613125364127184,-189.25964958107292,-1.0876991355234078
84,5,0.6659621093631364,3.172936138831702,-105.36910087379124,-0.6055695452516738
84,6,4.817643214522636,17.016087460638296,-951.2209600817127,-4.756104800408564
84,7,0.3934086725242277,2.8668904559980115,-57.41430985829117,-0.3417518443945903
85,0,3.9926848206087913,18.295040257500187,-648.8487243312126,-3.932416511098258
85,1,0.3608693117737383,1.035166358361787,-52.34862854062814,-0.3153531839796876
85,2,1.1120030607003324,3.82300964798981,-138.37279373861378,-1.0482787404440437
85,3,1.3155238360223402,7.28288504915807,-256.180873275784,-1.28090436637892
85,4,0.8912277836152128,5.608672820478792,-164.84188876173428,-0.8242094438086714
85,5,0.3308362837698824,1.3058569452310678,-54.03322795869573,-0.2770934767112601
85,6,2.7831071656003865,15.163436332656053,-545.3698631866758,-2.726849315933379
85,7,1.0210814619174988,6.918636724473871,-151.2915979437691,-0.963640751234198
86,0,1.9083933722509512,6.952574903830762,-278.9662181252162,-1.84745839818024
86,1,2.5324463057198017,16.67192800052809,-466.4117253186782,-2.4809134325461604
86,2,1.3483960890124156,5.041932746496468,-172.23493404520488,-1.2853353286955589
86,3,1.2093496826882626,7.936459893612302,-234.4912207406877,-1.172456103703439
86,4,0.7421697426876888,3.232834589941556,-135.09926940971488,-0.6754963470485744
86,5,0.5487749628022476,5.890361390257618,-100.58579475865666,-0.5029289737932833
86,6,0.8599635362520391,3.2879296098065525,-159.8717092382069,-0.7993585461910345
86,7,0.6454694215141327,3.479020832666368,-79.80500657298981,-0.5825182961532103
87,0,1.650844737602398,5.022270700277043,-198.1913047154577,-1.5855304377236616
87,1,0.8820937024125861,5.744337627295431,-106.93973573178543,-0.8226133517829649
87,2,1.1207361507913307,5.513755775534774,-156.29860674403895,-1.0632558281907412
87,3,1.177876800992551,5.733506814824656,-226.8919113876108,-1.134459556938054
87,4,0.3330854827624099,1.187939882249873,-56.442148079101294,-0.2822107403955065
87,5,0.3826809643927526,2.204246929629795,-62.988116488789935,-0.3280631067124476
87,6,1.1031852450834645,7.473427399867804,-207.20566718103453,-1.0360283359051727
87,7,0.5066781935965268,2.180580793983319,-62.792984811517385,-0.44534031781218
88,0,1.781241575572185,11.08558912824126,-249.71635979057444,-1.722181791659134
88,1,0.3611092002039576,1.3822454229235916,-36.5149134979736,-0.2993025696555213
88,2,1.1868827531095267,4.231736048100197,-135.18686142000692,-1.1172467885950983
88,3,1.4348491095391964,12.87457025488702,-278.693834415348,-1.39346917207674
88,4,0.4929060460774442,2.1922122891221965,-87.33894233477649,-0.4366947116738824
88,5,0.3229964497438782,1.6384566428748613,-56.148914055458384,-0.2807445702772919
88,6,1.326286496759994,7.308780733115069,-251.42608969206543,-1.2571304484603272
88,7,0.4815697533632227,1.7308563052585355,-62.17547148507679,-0.4229623910549441
89,0,1.691074265423251,6.312272087086626,-246.7453795189729,-1.6340753610528007
89,1,0.8513299627860023,4.641849192687099,-114.77326611662434,-0.7970365702543357
89,2,1.1292837337983217,4.5629239545403255,-142.9896022355132,-1.0670865838471133
89,3,0.9835022685721384,4.862327712862341,-185.2123847942586,-0.9401643898185716
89,4,0.6199303665602762,4.036875295695334,-113.810403920231,-0.569052019601155
89,5,0.612151358587933,2.677105589315781,-112.45419361796726,-0.5622709680898363
89,6,1.648590293067309,10.178516818697297,-318.5746931012887,-1.5928734655064434
89,7,0.4956395460531443,2.253662377298301,-66.08177342265357,-0.4376276385606196
90,0,1.2431208115031565,4.539838471797212,-169.61142019118708,-1.1860938474908187
90,1,0.2931433898064394,1.2760192583063896,-36.04963002454689,-0.2419438256680999
90,2,0.7853850657116046,3.841679938348396,-92.24601250629404,-0.7206719727054222
90,3,1.107052867984534,4.783404074069843,-208.10238044062865,-1.061746838982799
90,4,0.8952166656253783,2.854009497380053,-139.46629964763034,-0.8155923956001774
90,5,0.523027711121617,2.5527223568630246,-75.36594777600929,-0.4595484620488371
90,6,0.977875531433517,3.7816504146496817,-183.58558524972247,-0.9179279262486124
90,7,1.635546748638429,12.66054905779524,-314.65501302716984,-1.5811809699857782
91,0,3.347799667984116,13.31444509916618,-528.8700075573822,-3.284906879238399
91,1,0.3040534811802678,1.2816448459441794,-32.54662036232361,-0.2465653057751788
91,2,1.5303828984338577,5.236909706761611,-250.3743135740753,-1.4727900798475018
91,3,0.642226645156201,3.129436468564661,-104.06708686678223,-0.5946690678101842
91,4,0.5813366264819314,2.886201224066736,-104.22611009403742,-0.5211305504701871
91,5,0.6147721914309313,5.04175266826518,-108.73135227749484,-0.560470888028324
91,6,1.3696045388778626,9.632595017892196,-263.58910524845885,-1.3179455262422943
91,7,0.7474614563601906,2.7058306147274758,-101.16035223275033,-0.6881656614472811
92,0,4.923868424591197,16.00093788761073,-636.6520107879898,-4.859939013648777
92,1,1.701686154909697,10.551289519506694,-247.98589279261168,-1.642290680745773
92,2,0.8117233211505741,3.3464488727011976,-99.80242442818594,-0.750394168632977
92,3,0.588414343045513,2.075475109341764,-97.09408782714132,-0.5424250716600074
92,4,1.1139203928731969,4.762780326622275,-208.82053452592172,-1.0441026726296088
92,5,1.121796316314945,10.038275390551432,-213.9814858467512,-1.069907429233756
92,6,1.024196083582659,9.82768452724728,-193.1982367628404,-0.965991183814202
92,7,0.366529891727562,2.3615967718410933,-44.57524263179996,-0.3074154664262066
93,0,2.470500217373431,8.038787533238285,-339.35388021086976,-2.406765107878509
93,1,1.7979581012310664,6.844770219064803,-349.0500106983895,-1.7452500534919475
93,2,0.3404924444607708,1.7377407181627358,-36.94232787133229,-0.2798661202373658
93,3,0.9336010702080688,4.038221637728415,-159.51389687973958,-0.8861883159985532
93,4,0.9881825849335238,3.320188842566969,-148.5705702639604,-0.9059181113656122
93,5,0.8495875592320281,4.885747365656727,-159.52352123664272,-0.7976176061832136
93,6,0.6828137144021538,4.1532463340346935,-123.95643319593412,-0.6197821659796705
93,7,0.6555476154699695,5.57891773365886,-107.29690207021342,-0.606197186837364
94,0,5.266686120298379,18.94106008579473,-1041.410121918717,-5.207050609593585
94,1,1.196873482641382,8.628252071114048,-150.02571434176525,-1.13655844198307
94,2,1.0274958643454926,3.9281287596120897,-161.96966100546433,-0.975720849430508
94,3,3.4403723826981985,14.79144045400784,-677.6670550006515,-3.3883352750032576
94,4,0.4649661795298492,1.687133527398068,-73.79737662402117,-0.3925392373618147
94,5,0.3333893944276876,2.4636838770055114,-57.92623204575186,-0.2896311602287593
94,6,0.8280958024113384,3.989725906776312,-153.69469979254097,-0.7684734989627049
94,7,0.6123387592565411,2.596302782145321,-97.06688095060748,-0.5610802367087137
95,0,3.3611510920279386,10.13874210458767,-660.9058211462176,-3.304529105731088
95,1,0.4368410529150562,1.521613588741287,-46.09638555252106,-0.3747673622156184
95,2,1.0650580560242788,4.679801645345398,-146.89155492534215,-1.0061065405845353
95,3,2.2833460659013336,9.794951126979075,-447.230602367805,-2.236153011839025
95,4,0.9314255460066798,8.954701180962797,-171.5722566822383,-0.8621721441318507
95,5,0.4091055762965366,1.565038108788825,-65.2587872561809,-0.3527502013847616
95,6,0.932584412262762,5.251208368800084,-174.51237460751258,-0.8725618730375629
95,7,0.6109554690731651,2.8676334965076955,-79.83051517745926,-0.5505552770859259
96,0,3.119982938038847,10.341980036100066,-612.5840137675046,-3.0629200688375238
96,1,1.2228867903576703,5.951735088559883,-197.2448238865257,-1.1740763326578911
96,2,0.8684690848013222,3.995426192777343,-112.51246330346105,-0.809442182039288
96,3,1.8865512075665576,5.928960193407099,-332.04904918298763,-1.8345251336076664
96,4,0.7206219771930129,6.4777934558064585,-111.71988972073729,-0.6420683317283752
96,5,0.8544723185169708,5.090701483382044,-135.44970353377192,-0.7921035294372627
96,6,0.9250433009002096,7.678903905942699,-171.28572796047482,-0.856428639802374
96,7,0.5943896776325193,2.2554561773146733,-79.33848507829384,-0.536070845123607
97,0,3.026006365890129,13.496566191781604,-593.6137737319523,-2.9680688686597616
97,1,0.8250600040023507,3.6488363249498654,-98.72903369014516,-0.7653413464352338
97,2,0.514600586510953,3.677690981064969,-55.64210218786315,-0.4487266305472835
97,3,5.594249448998966,26.48573540827944,-1108.328490474648,-5.541642452373241
97,4,0.4012978942533629,1.8987582611123732,-47.11032402861879,-0.31198890085178
97,5,1.8252002748151963,18.714193373207383,-353.27848163078454,-1.7663924081539226
97,6,0.7101778272699338,2.616076121784803,-130.20138648591222,-0.6510069324295611
97,7,0.6507381088180645,5.384432917371542,-92.11828738685752,-0.5943115315281131
98,0,1.50229262400271,5.586998920806828,-205.1923826735171,-1.4450167793909654
98,1,0.5517275696942427,2.190094862928353,-48.58885407594502,-0.4763613144700492
98,2,0.5310850828527631,2.9644875953537,-70.44000700546746,-0.4759459932801855
98,3,1.6642229914200632,7.5326886468596115,-305.2568331129394,-1.6151155191160813
98,4,0.676760931344837,3.155606542421622,-97.44900079179796,-0.5942012243402315
98,5,0.7351460643894874,4.873341022464095,-118.86018853772067,-0.6753419803279583
98,6,0.6264469129629497,4.268805084836555,-113.29376747047256,-0.5664688373523628
98,7,1.2583193880586283,6.447521426285828,-233.94099913656768,-1.205881438848287
99,0,1.0602483785526216,4.227327748842153,-144.83146481415494,-1.0057740612094093
99,1,0.4503294774749376,1.9088209198849235,-46.461655188867454,-0.3871804599072287
99,2,0.526848255745602,4.440119945990854,-67.72828148363368,-0.4703352880807894
99,3,8.655208936412903,29.21060525704255,-1720.163882436413,-8.600819412182064
99,4,0.6187626994260456,4.069010825237363,-93.42968144780318,-0.5400559621260299
99,5,1.0186100813824377,7.340240003764391,-192.6894438109392,-0.963447219054696
99,6,0.8510379813144242,3.175310522599859,-149.6657099248856,-0.7795089058587791
99,7,0.4413713465826185,2.0215299267971814,-54.83653226450416,-0.3808092518368344
100,0,0.9996809429801204,4.78666020510091,-131.914032737411,-0.942243090981507
100,1,0.2315946588054897,0.8731225316186471,-27.86606366365212,-0.1821311350565498
100,2,0.6385927786672407,2.4861191415144117,-73.64497217535614,-0.5753513451199699
100,3,0.7379006175279861,4.126009663124628,-139.21655674369583,-0.6960827837184792
100,4,1.0898715684373734,10.51378719933685,-203.4954952585942,-1.017477476292971
100,5,0.2620975845971816,1.5911883247696683,-42.51336784164363,-0.2125668392082181
100,6,0.7028608924530636,2.7474044563012106,-129.25453504591664,-0.6462726752295832
100,7,0.2042656134606929,0.8100208616325801,-24.8421501135662,-0.1514765250827207
101,0,1.0532294611557982,4.170583326898441,-143.65340020036444,-0.9975930569469752
101,1,0.2070760514683814,0.7099416516957505,-24.488405085153904,-0.1579897102267994
101,2,1.159088298097273,6.38777041081399,-151.45459659876633,-1.0974970768026546
101,3,2.95857544241928,14.5943182468445,-582.2587246286625,-2.9112936231433126
101,4,0.7371255453947579,4.245242736754582,-133.83755399562546,-0.6691877699781272
101,5,0.2340304514020037,1.013187488229584,-37.61420237296869,-0.1880710118648434
101,6,0.5553555960082824,3.629087711120194,-99.5007090959184,-0.4975035454795919
101,7,0.2962977914636283,1.92087924723582,-36.1593240352605,-0.2394657220878179
102,0,1.1806253020171555,5.122174656365782,-158.37605118659044,-1.1232344055786556
102,1,0.2187322676994281,1.290656562833023,-25.217750735695173,-0.1681183382379678
102,2,0.7404378396050677,4.539539773159759,-96.14576841521556,-0.6818848823774153
102,3,1.0784130258472855,5.966921765381928,-188.50070134913855,-1.030058477317697
102,4,4.126257275788402,26.663213833740468,-812.0514502108281,-4.06025725105414
102,5,0.1285521960666632,0.4904599750879629,-18.763347623895715,-0.0938167381194785
102,6,1.0813084968508198,9.019048052194032,-202.47853468673216,-1.0123926734336608
102,7,0.4967681259163557,3.930890661251925,-75.72863798251,-0.4454625763677058
103,0,1.569594236331696,6.773973704481864,-212.7982327622917,-1.5092073245552602
103,1,0.3489604995859948,1.4725970687136662,-38.47373295259883,-0.2914676738833244
103,2,0.4482379314150861,1.851838900034345,-61.062860552526345,-0.3965120815099113
103,3,0.8949312794991499,4.571413974786413,-159.66794380102706,-0.8492975734097185
103,4,1.1386144413230483,4.186370737091956,-206.07716997572928,-1.0677573573871983
103,5,0.1413387251838619,0.4838988743587037,-18.63917451535435,-0.0931958725767717
103,6,1.2186209325620525,8.024480448055698,-232.2087304998103,-1.1610436524990515
103,7,0.3728173517295535,1.7307145901227512,-49.54100410763303,-0.3175705391514937
104,0,1.3558100012156244,6.54091261448119,-186.9643184779558,-1.298363322763582
104,1,0.2328382503652435,0.8381077022340696,-28.50057973632392,-0.1838747079762833
104,2,0.3131918694302872,1.8973912508344408,-39.554632818186114,-0.2602278474880665
104,3,1.4370471714965205,5.591020366488349,-251.22702769251532,-1.3879946281354438
104,4,0.8013039237084477,2.900446944467669,-124.932216966617,-0.7221515431596359
104,5,0.3027349488028928,1.6581122149973808,-46.81565200959388,-0.2477018624846237
104,6,0.4408864979474007,1.7549476448571737,-77.53696042391748,-0.3876848021195874
104,7,0.4285611701283818,2.478940620621381,-58.6228558694457,-0.3733939864295904
105,0,1.244443811299666,5.149944288274551,-166.1883669041115,-1.1870597636007965
105,1,0.3239682623528296,1.6044064857359948,-38.40280561104386,-0.2704422930355201
105,2,0.5344034812545951,2.319822722942837,-69.3957537277519,-0.4785914050189785
105,3,0.8460744092222277,4.336403906732285,-150.51572324132752,-0.8006155491559974
105,4,2.360320695435648,18.658047131323816,-456.56774221262185,-2.282838711063109
105,5,0.7681119922063988,4.2763968618928985,-142.14253578114253,-0.7107126789057127
105,6,0.4746670953321912,2.5839055897474923,-83.44923300549776,-0.4172461650274888
105,7,0.5041668743956047,3.4264716259531927,-71.9596261689099,-0.4497476635556869
106,0,1.1549938723857691,5.11456577536863,-157.22453368237305,-1.0994722635130982
106,1,0.2045299460048303,0.7723093056425443,-23.549578504182392,-0.1549314375275157
106,2,0.3188287843341112,2.007557500754072,-55.821243709165394,-0.2791062185458269
106,3,1.6177671808818477,9.384697262306512,-293.47399384477063,-1.56937964622872
106,4,1.5206952336989732,7.217342645514172,-290.58285335496146,-1.4529142667748074
106,5,0.3792099928856756,2.1026696443322144,-63.01655409769169,-0.3248275984417097
106,6,1.1203923113259362,11.17832257176326,-212.61967076901664,-1.063098353845083
106,7,0.7466056251176072,3.220333714592187,-111.35273095456697,-0.6916318692830247
107,0,3.14152966351337,17.935817214731053,-508.8811489466066,-3.0841281754339795
107,1,0.1748580525633233,0.5094827589879778,-21.55563648231989,-0.1290756675588017
107,2,0.4391894932475277,2.937583546644704,-53.8754194042444,-0.3820951730797475
107,3,1.1639780781879103,4.408104359529104,-200.7139479142379,-1.1150774884124328
107,4,2.459461488933574,7.990181981885696,-479.36707623057055,-2.3968353811528527
107,5,0.4993667062532766,2.586303966377728,-74.48308769561258,-0.4381358099741916
107,6,0.4427826351727287,2.4627893728620567,-76.69029713604175,-0.3834514856802087
107,7,0.3403662537868643,1.6502769468736005,-38.312787126893696,-0.2776288922238674
108,0,1.12759699653658,3.918815212566592,-132.0704560540124,-1.065084323016229
108,1,0.2578355370311441,1.55180505065493,-29.563580789833747,-0.2053026443738454
108,2,0.4906505981436633,3.8906762230899097,-67.89350714691082,-0.4380226267542633
108,3,1.1268259341800126,4.367091682068058,-201.94604622017832,-1.0799253808565683
108,4,1.1704482572918788,3.478498353522427,-193.35685625142355,-1.0924116172396812
108,5,3.1139371596444976,18.293302466715897,-609.761742576418,-3.04880871288209
108,6,0.4734922518167448,2.5356540702900667,-83.99227585645555,-0.4199613792822777
108,7,1.1103556916908957,6.88277832923501,-165.09765318910644,-1.0515774088478118
109,0,2.1743792347538986,8.07562304717783,-287.04389601081493,-2.110616882432463
109,1,0.2492158894376659,1.3286071466216691,-29.78149790994493,-0.1985433193996329
109,2,0.5227049902548019,2.5752372482806165,-69.21406228211956,-0.4676625829872943
109,3,0.8261577794992405,5.481487664302655,-151.67288034585928,-0.7818189708549448
109,4,1.6314785020587057,7.870789241511257,-287.0328497120799,-1.551528917362594
109,5,0.6440871255461128,4.641397036913962,-105.35509139871014,-0.5853060633261674
109,6,0.6254922275995484,4.700975541423594,-113.42971373168336,-0.5671485686584168
109,7,0.5081801609984178,2.732825695967154,-63.495823134927846,-0.4471536840487876
110,0,1.514315426086129,7.628968498331022,-209.68643803426647,-1.456155819682406
110,1,0.1807429301285527,0.5738068610484064,-18.261868564403425,-0.1277053745762477
110,2,1.6805628830482773,10.312708483163874,-285.4929721015092,-1.622119159667666
110,3,0.4650736628817685,3.646452401817252,-85.1740316603354,-0.425870158301677
110,4,0.5791400757307419,3.139896200642996,-99.29398380286648,-0.5091999169377769
110,5,0.2188935857664651,1.521729458467635,-34.10689887135514,-0.1705344943567757
110,6,0.617778094790094,3.883726699042459,-111.59941121722572,-0.5579970560861286
110,7,0.4189316394833755,3.814450102657991,-65.02848841664685,-0.3694800478218571
111,0,2.015933652193089,9.78044222855465,-313.5867636001676,-1.959917272501048
111,1,0.2558856945574549,1.4441346870264786,-29.31484287139538,-0.2035752977180235
111,2,0.7920217735704705,5.793256661273041,-104.97068514011262,-0.7340607352455428
111,3,0.6224861802093654,2.4492849251133344,-103.0776550241781,-0.5758528213641234
111,4,0.6240108869607667,4.004621786505464,-111.19981736942394,-0.5559990868471197
111,5,0.2241174040310192,1.2378635702495735,-34.68087139603424,-0.1734043569801712
111,6,0.4478756278441066,2.6633636123851,-78.04260074640437,-0.3902130037320219
111,7,0.4663629773997021,2.5665611639372288,-58.50197834811042,-0.4062637385285446
112,0,1.6393480090907109,5.205375121083518,-209.86832252276253,-1.5779573122012225
112,1,0.1555172307263438,0.4318099201259177,-16.54791807093767,-0.1067607617479849
112,2,0.6565604010374467,5.63331167050196,-93.43822337472008,-0.6028272475788391
112,3,1.6364478086914875,9.940154114265887,-261.10459915768155,-1.592101214376107
112,4,0.5413357653698354,2.210763058261686,-80.72465003782739,-0.4639347703323413
112,5,0.3527182602792179,2.3793562759102653,-55.14630294019232,-0.2964854996784533
112,6,0.4541955599024137,2.7004044520484976,-79.66382040566134,-0.3983191020283067
112,7,0.3395462069597285,2.4648830263471937,-44.34634904425986,-0.284271468232435
113,0,1.4963364986301704,6.477635637941225,-208.5224640878336,-1.4380859592264386
113,1,0.1702626789355502,0.5578568736173173,-20.68909514561023,-0.1246331032868086
113,2,1.3001484749653678,10.70825467872958,-197.70934939915767,-1.2434550276676584
113,3,1.6826238029233336,9.952402813329597,-220.37514370987728,-1.632408471925017
113,4,0.4940664992463582,3.776986371652988,-68.03687128315845,-0.4123446744433845
113,5,0.3257386224325021,2.309400557324829,-51.72523395589318,-0.2708127432245716
113,6,0.6229523003915808,4.894417948438112,-112.23091240664854,-0.5611545620332428
113,7,0.4098134390036479,2.099467376445244,-52.71959222180626,-0.351463948145375
114,0,1.5905540360325554,5.68303028271763,-227.00324398468055,-1.5338057025991931
114,1,0.2858068695667825,1.9601328579671655,-38.403568988798575,-0.2385314844024756
114,2,0.7635876539510054,5.606342699106918,-104.73508996701597,-0.7076695268041618
114,3,1.861205530063664,10.251982700021964,-363.3091884146081,-1.8165459420730403
114,4,0.7516705141352162,4.010343620097719,-117.17280394730405,-0.6734069192373795
114,5,0.2534031610002608,2.0683360453993367,-40.73672459098185,-0.2036836229549092
114,6,0.8287639390566217,5.6151535732117495,-152.5356135621711,-0.7626780678108556
114,7,0.306988712932867,1.3620728089455527,-32.74496381330366,-0.242555287505953
115,0,1.6446346403340324,6.228644159500279,-225.1100280607386,-1.5852818877516803
115,1,0.3967400349145301,3.017100652608516,-54.19427614766703,-0.3473992060747887
115,2,0.5472696399877253,2.0290427977045566,-65.40252125756562,-0.4880785168475046
115,3,2.0375509419700486,11.31674980915797,-398.7933274687684,-1.9939666373438416
115,4,0.6362316413445177,2.955103404819508,-92.01507911534588,-0.5543077055141318
115,5,0.166720672273346,0.5416629056918636,-25.381122230010536,-0.1269056111500527
115,6,0.7076112155336457,4.650076142854496,-128.91877016200866,-0.6445938508100433
115,7,0.2055817917209799,1.0284279448817326,-23.83818843646688,-0.1508746103573853
116,0,1.3756291782763177,5.969555458930426,-174.88203048806847,-1.3149024848726951
116,1,0.4200814776684853,3.127107812946138,-51.96394487368252,-0.3659432737583276
116,2,0.8417087118293768,4.624503658352065,-110.33205757780289,-0.7824968622539211
116,3,3.742854456572352,17.541405133447636,-739.244142961387,-3.696220714806935
116,4,1.4588624305043456,13.663252866829453,-230.9224782088347,-1.3745385607668732
116,5,0.1406530532031734,0.9912585536477588,-20.25387918659496,-0.1012693959329748
116,6,0.7966705179124319,7.0586005476912215,-146.70154673714072,-0.7335077336857035
116,7,0.5280513460611169,3.5278675618977573,-69.36321971606256,-0.4686704034869092
117,0,1.7333189095141293,8.017186133400436,-248.13331070563171,-1.676576423686701
117,1,0.138427504759913,0.5961672522747211,-13.178142154094257,-0.087854281027295
117,2,0.7255244017814843,3.574964677318804,-85.4506897919896,-0.6624084479999194
117,3,3.212683022698848,13.04960858197374,-633.5636623980921,-3.1678183119904606
117,4,2.66712344841021,14.568864947828937,-517.4388530201843,-2.587194265100921
117,5,0.1177478567401582,0.361553115685029,-15.024998070933115,-0.0751249903546655
117,6,0.8568236045835347,5.089892669585187,-158.87404177740214,-0.7943702088870107
117,7,0.2482593574176443,0.7536626288496135,-27.60474962667383,-0.1890736275799577
118,0,1.530778180067066,6.193035866007,-222.6518176365518,-1.4745153485864355
118,1,0.4800767531593004,2.533952315735817,-54.285165545902856,-0.4208152367899446
118,2,0.5674772669743452,4.000600089425741,-59.88624761025528,-0.4990520634187939
118,3,3.217881640179561,8.334778286317583,-634.9158501974372,-3.1745792509871857
118,4,0.5916192872022948,2.7385501611015863,-88.80923670625981,-0.5133481890535249
118,5,0.1050844101050379,0.336295764053691,-13.931198823004898,-0.0696559941150244
118,6,0.7218448861146318,5.0919004018916505,-133.04169148149296,-0.6652084574074648
118,7,0.1750421546818362,0.5756422916529097,-16.524464029453135,-0.1147532224267578
119,0,1.4832384360456328,8.08855765265639,-193.46456236422915,-1.422533546795803
119,1,0.1797732053389371,0.8052979154424489,-19.010176481303787,-0.1284471383871877
119,2,0.7021046243208021,4.495566120255493,-76.02229633980144,-0.633519136165012
119,3,3.635470885371989,13.708772644030583,-718.1971771470783,-3.590985885735391
119,4,0.6349493231185442,2.6744991680500263,-100.07726852815256,-0.5590908856321372
119,5,0.1465527323776596,0.7974340798941489,-22.82977802187605,-0.1141488901093802
119,6,0.5003658222187916,2.9664028547530776,-82.84259276803397,-0.4292362319587252
119,7,0.2589644534269655,0.9701716270589256,-27.806681783678737,-0.1972105091041045
120,0,1.1104517520466326,6.362162143886659,-135.24391614934302,-1.0484024507701009
120,1,0.4716071189742531,4.037973342000984,-61.15696073439771,-0.4188832927013541
120,2,0.5924423431450807,2.1889524706241645,-73.07404555326764,-0.5333871938194719
120,3,1.0402505908873312,5.3298124179602056,-190.874217939816,-0.9941365517698753
120,4,0.6599015539565556,2.9365096616559385,-115.6963739210692,-0.5902876220462715
120,5,0.7793841346907553,5.917967810016247,-138.12939680423204,-0.723190559184461
120,6,0.6724651345263974,4.919315790409342,-122.31877902855275,-0.6115938951427639
120,7,0.5277544992305849,3.2876943207023546,-67.88377157276882,-0.4681639418811643
121,0,1.1646263105596475,5.534284916437467,-145.6681863870117,-1.1035468665682704
121,1,0.4410943437904928,3.2787019226305074,-58.09291655560795,-0.3898853460107916
121,2,0.7325270820948588,3.955058893114472,-93.5182065269522,-0.6727928527118864
121,3,1.153414235008302,5.169464279970565,-182.64585389613129,-1.1002762282899474
121,4,0.7943380474421132,4.557149694294802,-126.146193565509,-0.7167397361676648
121,5,0.3504056066153947,1.7489958319499264,-41.79082839971742,-0.2804753583873652
121,6,0.6487672678029537,3.4063412815453864,-117.6723617131738,-0.5883618085658691
121,7,0.4402927380362952,3.4419277152265657,-56.14773153168717,-0.3819573573584161
122,0,1.2556287680707847,6.966541008288655,-165.15415865356462,-1.1967692656055406
122,1,0.2358418754757651,1.4302006489420012,-24.77657590542864,-0.1808509190177272
122,2,2.019359266038693,14.981616981318654,-316.05576002876865,-1.9630792548370724
122,3,1.5927490361932015,9.081510764074675,-288.5429600484684,-1.5430104815426111
122,4,0.4208190272528786,2.284490333374356,-58.05849734989551,-0.3415205726464442
122,5,0.3456678937074278,1.9306334660580933,-45.87291328926544,-0.2814289158850641
122,6,0.8923066866470862,3.651997301514651,-162.75188158109833,-0.821979199904537
122,7,0.7258181890017783,3.641130860091877,-87.15097536152817,-0.6602346618297589
123,0,1.5028108610860564,7.102076729391095,-201.92922340910303,-1.4423515957793076
123,1,0.4760031827444331,2.391918259711948,-61.338070587582365,-0.4230211764660853
123,2,0.7099518785033961,3.027912678117421,-75.70150563142776,-0.6415381833171845
123,3,1.3418938977584138,7.712349932247209,-230.9885951974332,-1.2904390793152691
123,4,0.4726128844073788,3.3267915325865918,-81.64892888675783,-0.4082446444337891
123,5,0.4136826132356027,3.116771473530898,-65.23528781477411,-0.356476982594394
123,6,0.7590800836461611,5.675590956326621,-139.6248016297626,-0.698124008148813
123,7,0.6038534594265947,5.681632810906987,-88.42604432074913,-0.5492300889487524
124,0,2.114787573015672,13.353485474343357,-325.2248977900922,-2.058385429051216
124,1,0.2399574681996928,1.1367106955285076,-30.826786632711613,-0.1926674164544475
124,2,0.4700707552701359,2.5656528229628246,-57.17820714818818,-0.4113540082603466
124,3,1.013643965885259,4.579900272553016,-170.6447575979063,-0.964094675694386
124,4,0.6307889213181865,2.8016471620455303,-98.77506779178076,-0.5549161111897796
124,5,0.4606872564365091,4.069262982703791,-67.74971564299302,-0.3985277390764296
124,6,0.6036463344738094,5.25982233914163,-108.74769507795908,-0.5437384753897954
124,7,0.4312598845989329,2.350622384298547,-55.968439591669664,-0.3731229306111311
125,0,1.65635811622095,8.90825226732594,-212.18211162166097,-1.5953542227192554
125,1,0.2849510778411022,3.05225864545768,-31.238930739005685,-0.2296980201397477
125,2,0.445719281235769,2.9247040093269083,-52.51208647258064,-0.3861182828866223
125,3,1.573035307583871,7.702267660743439,-284.7531021260859,-1.522743861636823
125,4,0.4558175255078656,2.758628015203469,-66.33538251130375,-0.3790593286360214
125,5,0.927415482286249,4.2063701553659945,-174.76773811848744,-0.8738386905924372
125,6,0.4183086863914865,4.246548063938835,-72.33573543464101,-0.361678677173205
125,7,0.3122089322560998,1.267181224438281,-38.43874178374936,-0.2545612038658898
126,0,1.571465297483562,10.011660185059313,-213.3841529374621,-1.5133627867905115
126,1,0.4841286080334266,2.16558931272778,-59.661559418612406,-0.4292198519324633
126,2,0.3698942067358735,1.776863695246608,-50.059775812282446,-0.3188520752374678
126,3,1.3934636322796188,7.17716025402915,-261.11492826024573,-1.345953238454875
126,4,0.5431302633931739,2.7108183972657875,-77.22261596144364,-0.4624108740206206
126,5,0.7988683991020109,4.334600389672424,-130.71679732203253,-0.7385129792205228
126,6,0.5148052352127381,3.9637085152057776,-93.04003343882988,-0.4652001671941493
126,7,0.367546407638817,1.3692627341037769,-49.40077231207211,-0.3126631158991905
127,0,1.0749598330252916,4.888546180281495,-130.75996030286967,-1.0136431031230206
127,1,0.4915009553534454,1.9663012762559124,-58.66533254060234,-0.4345580188192766
127,2,0.4555273823790122,3.0530930541858705,-59.37815721733409,-0.4012037649819871
127,3,1.34588607571644,7.759996026864947,-230.73515019322764,-1.296264888725998
127,4,0.4616112861686878,3.2253504462886378,-66.27914255823946,-0.3831164309724824
127,5,2.138103056596779,12.600546762836796,-414.9627515147289,-2.0748137575736445
127,6,0.5199284177285073,2.8516260952553742,-92.33356762340486,-0.4616678381170243
127,7,1.282314579834233,12.398258426807176,-227.1560027070052,-1.2278702849027308
128,0,1.322420488123811,5.636709350348903,-154.72488213897694,-1.257925871048593
128,1,0.4837485601499204,2.108683632279302,-55.28697958492766,-0.4252844583455973
128,2,0.6239269640886727,2.754079149194064,-82.39889944962717,-0.5682682720663943
128,3,1.7944406428053543,10.627675192721998,-317.3783605106941,-1.7438371456631545
128,4,0.47409537850959,1.6840253413106523,-62.02739732064278,-0.3901094171109608
128,5,0.9221756412625712,4.400475646936381,-142.49752270151333,-0.8584188114548996
128,6,0.4396222007311952,2.1036559001342545,-75.87087764234529,-0.3793543882117264
128,7,0.4668337282847716,1.976458366382408,-67.00195824111395,-0.413592334821691
129,0,2.348710658424627,10.503272606416086,-322.33761021363995,-2.286082341940709
129,1,0.5237039212849929,3.4891324961364707,-61.40460164613139,-0.465186376107056
129,2,1.7464172435038614,10.11778194894898,-297.6321960118591,-1.691092022794654
129,3,1.213830607907481,7.36061050432607,-210.9414787852042,-1.165422534724885
129,4,0.5303718452501873,6.447411028969685,-84.62173447478725,-0.4574147809447959
129,5,1.6060823083533189,6.52325130575857,-308.4892468413877,-1.5424462342069385
129,6,0.4535273972442613,3.058582588030545,-79.02985826083005,-0.3951492913041503
129,7,0.71273930121798,2.6571172642785603,-74.71479917663666,-0.6385880271507407
130,0,0.6977955778141339,3.88686014707876,-92.73401530571525,-0.6439862174008003
130,1,0.1441467184631751,1.3777399235043744,-14.18271180806178,-0.0939252437619985
130,2,1.0324832366793604,5.963927733702743,-134.1606384848053,-0.972178539744966
130,3,0.5174099228647785,2.969259631656444,-85.98994082298957,-0.4724722023241185
130,4,0.4091087433495681,2.5231806020747403,-68.34799157529469,-0.3417399578764734
130,5,0.1307163357458457,0.5039465180959902,-19.04872161621827,-0.0952436080810913
130,6,0.3862798153555325,2.98338976309821,-66.19428042548154,-0.3309714021274076
130,7,0.1737692058613853,1.4707369337544616,-18.64032416474953,-0.118728179393309
131,0,1.902076999460788,9.139779541931714,-250.15948646361755,-1.83940798870307
131,1,0.2080431043936411,0.9618692082641656,-23.051945611083948,-0.156815956537986
131,2,0.5272988698308374,1.9527382598643948,-70.04258784555851,-0.4732607286862061
131,3,0.7557711218470933,4.047831700291463,-134.3073745809121,-0.7106210295286355
131,4,0.3539168539256409,2.44121152299789,-53.12712627510796,-0.282591097208021
131,5,0.2839696855756773,1.4889080140013944,-46.943882585124896,-0.2347194129256244
131,6,0.7303657705901214,5.996983290741731,-134.21223007883313,-0.6710611503941657
131,7,0.3765375464798373,1.7141725902984233,-44.41569904347704,-0.3150049577551562
132,0,1.584590129281714,8.459780194603143,-224.5090175380159,-1.5272722281497682
132,1,0.3440993617650338,3.2109384271152077,-48.82314351039939,-0.297702094575606
132,2,0.4674659208322188,2.411333216010418,-54.6080551718168,-0.4075227997896776
132,3,1.0107248733187777,5.386930714209909,-169.27302552054607,-0.9617785540940118
132,4,0.4791101813719446,2.483703743044499,-68.42109955311797,-0.4001233891995203
132,5,0.2267507334587217,1.6939859777251132,-35.93533718532117,-0.1796766859266058
132,6,0.9212440701298736,7.399900738539696,-171.66393025190968,-0.8583196512595483
132,7,0.1882359037907482,0.9516312106696112,-21.696674316240927,-0.1347619522747883
133,0,1.375216452534758,6.910076930110332,-177.58185168128827,-1.3154211235650983
133,1,0.3017844147791768,3.065427545287171,-34.62008171555864,-0.247286297968276
133,2,0.5308839844343813,2.176705519085555,-63.14228362968964,-0.4712110718633555
133,3,0.787747623658316,5.296542571472189,-141.86514832419329,-0.7427494676659334
133,4,0.6515168850413734,2.3668164761260555,-103.87557373060292,-0.5770865207255718
133,5,0.1122773993754411,0.5498582504986901,-15.89229632624523,-0.0794614816312261
133,6,0.7026904042356926,4.025692044259867,-128.89994667388095,-0.6444997333694047
133,7,0.1523849790522469,0.983895256179574,-17.276204256350066,-0.1016247309197062
134,0,1.4991987338735089,6.740178435887596,-243.21014562127664,-1.4476794382218847
134,1,0.2305641628468862,1.2583949687704914,-23.56508121900618,-0.1745561571778235
134,2,0.6053004665053106,3.200324306648315,-72.99488461027215,-0.5447379448527773
134,3,1.383159482617723,9.786908564868584,-203.0453108558546,-1.3358244135253592
134,4,0.557203363743961,3.531860798634141,-87.23835288501895,-0.4819798501934749
134,5,0.1058348355004714,0.5811707380421183,-14.011350684465835,-0.0700567534223291
134,6,0.4608712114925001,3.885262901798188,-80.50313369180333,-0.4025156684590166
134,7,0.1695857194786463,0.5307297252196913,-14.443972925151096,-0.1062056832731698
135,0,2.2832021248184837,13.120921876757333,-311.0436699331647,-2.221740499522605
135,1,0.574185708110138,3.0152826093139247,-67.59895652013957,-0.5160225688560273
135,2,0.4988990608081121,2.7483719364828043,-60.17156049162373,-0.439208470741779
135,3,0.5841406081751338,2.1167473695214385,-95.07854278600422,-0.5371669083955041
135,4,0.4525747411368166,1.7087884329552727,-58.04565318464254,-0.3673775518015351
135,5,0.0796287155051762,0.3113868211429538,-10.185675678769153,-0.0509283783938457
135,6,0.5904137147130989,3.942993729473808,-104.92071992394384,-0.5246035996197191
135,7,0.1797282131633174,0.6265515686059075,-18.78086320582769,-0.1227507399073705
136,0,1.0401641594486086,4.179149899514013,-141.872641941582,-0.985226680149875
136,1,0.1826779816119132,1.6282826858024575,-18.57831986469336,-0.1299183207321213
136,2,0.3749946529826122,2.304691275591723,-41.8959350365105,-0.315007030349703
136,3,0.8537082596186488,5.435450947091765,-156.27156339321985,-0.8096972196539889
136,4,0.5096495921874341,1.5441844773292812,-62.00061417695271,-0.4189230687631939
136,5,0.0952946639550645,0.4526816290035458,-13.59693164824482,-0.0679846582412241
136,6,0.8466673645862308,6.88805428806049,-157.34668878227956,-0.7867334439113978
136,7,0.1076467379329443,0.4048833396437715,-10.48052377643546,-0.0588793470586261
137,0,1.5042651932189135,6.959347648648496,-205.4198804543448,-1.446618876439048
137,1,1.7214394623386282,8.15598143004527,-328.9286742398031,-1.669688701724889
137,2,0.634525621981955,3.22025141225542,-82.6560737853217,-0.5780145019952566
137,3,0.6162467681235414,4.2180439575635225,-106.35142710749872,-0.571781866169348
137,4,0.5489623407577013,2.589453240320726,-82.03789761704805,-0.4714821702129198
137,5,0.1016230944277752,0.4993417959946447,-14.160394939508969,-0.0708019746975448
137,6,0.4621994640623679,2.497797501346204,-80.30704223262427,-0.4015352111631213
137,7,0.9606717624174044,5.778752306592646,-146.72130920937664,-0.900130731345869
138,0,1.0627866906778525,5.786902113878197,-145.07113418431493,-1.0074384318355205
138,1,0.2547119943798022,1.479141149056837,-27.388219571121294,-0.1999140114680386
138,2,0.4569634183515033,3.2745931014739758,-48.95390615259261,-0.3916312492207409
138,3,1.4143978169293108,9.077811150938896,-245.03194539243773,-1.3688935496784231
138,4,0.5372951863166703,1.8496344451797464,-70.52201684576116,-0.452064210549751
138,5,0.3217996745777106,3.717078096968157,-55.51094988309204,-0.2775547494154602
138,6,0.4255702977138131,2.859307462478407,-72.75572953903561,-0.3637786476951781
138,7,0.1586204698965759,0.5679304802927475,-17.41378459743342,-0.1061816133989842
139,0,0.9504242483399206,5.827737931036919,-122.28460656914876,-0.8925883691178741
139,1,0.9984348740196004,6.4642474805726176,-130.4114223458066,-0.9382116715525654
139,2,0.3136084856436534,1.2053467538195026,-35.833934477119186,-0.2559566748365656
139,3,0.4797161484696669,3.954057214504297,-82.48879195475169,-0.4364486346812258
139,4,0.3634870101909401,1.8516101161347385,-40.06472186372032,-0.272549128324628
139,5,0.2402785578784426,1.8981121449429064,-37.74200707919693,-0.1887100353959846
139,6,0.5541759218774319,2.924714264515279,-98.64116104716186,-0.4932058052358093
139,7,0.2763795859519766,1.4125315668135705,-36.65422994475804,-0.2235014021021831
140,0,1.880509929907206,8.924264509661155,-236.0353459735688,-1.8156565074889908
140,1,0.1340180590005898,0.4003003237865795,-11.44846075160437,-0.0806229630394674
140,2,0.5752642816814525,3.4614052053141,-66.59900372482039,-0.5123000286524646
140,3,0.3723581161694443,2.639824207034673,-62.22507823602636,-0.3292332181800336
140,4,0.5395537859274957,2.1388473514814565,-75.06979852733016,-0.4577426739471351
140,5,0.2424168350816579,1.4150053202568575,-36.19042187157988,-0.1884917805811452
140,6,0.6210857238670393,3.268589529850033,-111.02703158599483,-0.5551351579299743
140,7,0.1838392816868071,0.8522036425905571,-21.00803072118338,-0.130484662864493
141,0,1.668957275553635,7.160822378047689,-230.0574606046104,-1.608793430801471
141,1,0.1264307377509467,0.4995193460172411,-12.408445633651292,-0.0785344660357676
141,2,0.8495954499312321,3.8748973651717993,-124.23908263709792,-0.7964043758788327
141,3,0.727259285367475,4.199491972295951,-126.07658749516824,-0.68149506754145
141,4,0.5926685397771597,3.733143676110765,-95.54475203260408,-0.5192649566989351
141,5,0.2742797521387484,1.1912523296999424,-32.97786193972366,-0.2087206451881244
141,6,0.6109473712993764,4.159721348364187,-109.1779199932356,-0.545889599966178
141,7,0.3815509133777562,2.579959956575057,-48.20819642628874,-0.3235449424583136
142,0,1.2149613186491766,6.679506958917317,-158.37258060391036,-1.1560042379847473
142,1,0.1536955605572653,0.6318418769468519,-13.982575258878366,-0.0998755375634169
142,2,0.5183299222842489,2.247944230334623,-63.029113831724175,-0.4600665243191545
142,3,0.8209068280875128,4.085368158681311,-145.6759963920103,-0.7748723212340973
142,4,0.3658826729945154,1.6808517820905493,-48.54943432110088,-0.2872747592964549
142,5,0.1840388281897731,0.7589245869699727,-19.77762697875209,-0.1205952864558054
142,6,0.8317150546441632,5.735439785428556,-154.56196828902182,-0.7728098414451091
142,7,0.2312886022434853,1.6071618913588015,-29.53086742904864,-0.1789749541154463
143,0,1.1719713525353783,5.779912788657823,-146.811394625535,-1.1122075350419318
143,1,0.214096075238098,1.2290824753824634,-24.980616500362103,-0.1643461611865928
143,2,0.6172293377224967,4.475133706892626,-78.99488797798239,-0.5602474324679602
143,3,0.8737944347653778,6.941891676009928,-164.4672982565607,-0.8306429204876803
143,4,0.3149161569336592,1.6817662100219304,-43.23393999737923,-0.2401885555409957
143,5,0.3258680134848623,2.330159073670947,-42.7402620987902,-0.2622101969250932
143,6,0.3983838715486692,1.886938780588651,-67.6195993404607,-0.3380979967023034
143,7,0.1564165597915452,0.9296766221973548,-13.594932708285446,-0.0957389627344045
144,0,1.0790116950305606,5.438826486827477,-143.11608479095463,-1.0222577485068187
144,1,0.142586362173559,0.5461236483739366,-15.287572116657676,-0.0955473257291104
144,2,0.6999730141813033,2.55102499761302,-84.9658844385299,-0.6388412363799241
144,3,0.5686925974994604,3.3856696190021958,-99.26721313125852,-0.5252233499008387
144,4,0.3695564486359143,2.094236406468212,-51.56933368441397,-0.2930075777523521
144,5,0.3233156432503246,2.3126073109756486,-49.49343594031479,-0.2675320861638637
144,6,0.5044862438003636,3.312268236280256,-88.23464954459727,-0.4411732477229864
144,7,0.1654809032239864,0.5202049855611239,-18.816714922328188,-0.1133537043513746
145,0,0.7578335520773263,4.523290774001175,-108.14551415939206,-0.7068334258783795
145,1,0.2756123474564645,1.844022220560541,-39.79611035021078,-0.2313727345942487
145,2,0.6272545933483307,2.494022862226365,-75.98324145969113,-0.5670391153708293
145,3,0.6378780904989697,3.863909955959556,-112.12931389314171,-0.5932767930854059
145,4,0.3109474395124936,1.6248928318202351,-41.26658939628041,-0.2344692579334114
145,5,0.2483072800872964,2.0043938014952625,-33.15608862862834,-0.1894633635921619
145,6,0.4081888364195633,1.5890002253666728,-68.83101667120542,-0.344155083356027
145,7,0.2396341958563314,1.2078423221021186,-24.61619712242686,-0.1770949433268119
146,0,0.9031882608564572,5.506583305517671,-125.74629806634664,-0.8496371490969368
146,1,0.2038206346767862,1.1640516754039776,-26.060413105621368,-0.1579418976098264
146,2,1.299241379115801,6.140362691679149,-219.1363538113804,-1.245092919382843
146,3,0.7074213575992752,4.227132934268551,-123.918957726697,-0.662668223137417
146,4,0.6336962728801608,3.4575109631066563,-97.3925700985148,-0.5565289719915131
146,5,0.1881797480381074,1.8286232241847955,-27.639849855059584,-0.1381992492752979
146,6,0.7958351782608869,6.864312147378987,-145.68762611506614,-0.7284381305753307
146,7,0.1968324282679411,1.009033887763897,-19.720692414233888,-0.1369492528766242
147,0,1.0432375323532057,5.374126663090024,-141.27995375969277,-0.987971704613236
147,1,0.1685714910408869,0.5715267289936043,-19.265366032259145,-0.1211658241022587
147,2,0.7163760090214166,3.192367011058733,-86.46930434029258,-0.6550704874264589
147,3,0.4423953921708766,3.221818271842268,-76.81498448725782,-0.4000780442044678
147,4,0.5152103767976218,2.7590915214633283,-81.839454180059,-0.4423754280003188
147,5,0.2770290194159674,1.3892069150967734,-43.37153214073005,-0.223564598663557
147,6,0.4296047624692807,3.0474426749138663,-73.23871877323778,-0.3661935938661889
147,7,0.363339018286245,2.8003832454953264,-49.14468415753988,-0.3090860638838986
148,0,0.6658871782077477,3.0878159172778354,-78.38696780996473,-0.6076509132555405
148,1,0.1312026097893622,0.6038720236493351,-15.417155639183829,-0.0880980322239075
148,2,0.5727237869231377,2.604013755703434,-73.23962192281287,-0.5157719853719216
148,3,0.8110846231818414,5.513990313075593,-139.16386102418792,-0.7646365990339996
148,4,0.4151228202765789,2.3558428064152714,-65.56432784637093,-0.3450754097177417
148,5,0.6928517989696746,3.495217016966978,-124.47604836697978,-0.6383387095742553
148,6,0.6377891183229916,4.226631747289247,-115.5978599482067,-0.5779892997410335
148,7,0.2721545595932809,2.361004821708012,-36.86149806373759,-0.2207275333157939
149,0,1.0070619215449994,5.281709872788539,-129.15540102473756,-0.9496720663583644
149,1,0.2097943133883914,1.2006414786797777,-24.736738961258997,-0.1606281750731103
149,2,0.4531972712149207,1.91612921941793,-53.63642652186272,-0.3943854891313435
149,3,1.3616794071177978,6.63876509511301,-256.6510103744558,-1.3161590275613118
149,4,0.3782393877466922,2.17075431052528,-58.51646899540117,-0.3079814157652693
149,5,0.5725183201472682,3.6321037233477855,-89.23477607275858,-0.5128435406480378
149,6,0.4494282165562921,2.109784182615044,-76.99058852273942,-0.384952942613697
149,7,0.2316380717127511,1.656131470345386,-23.99888428977489,-0.1702048531189708
150,0,0.9529092827282352,4.100828590208333,-113.23757917043426,-0.8916344816569627
150,1,0.1047723489534099,0.4061619455004638,-10.242087058653077,-0.0602475709332533
150,2,0.7887587034541289,5.390520616648768,-103.79415989831992,-0.7309447880163376
150,3,0.6376459725745303,3.895581885024992,-112.2549936966806,-0.5939417655909027
150,4,0.4585361908146857,2.4434078512853388,-69.54663687328907,-0.3842355628358512
150,5,0.1539489566608501,0.6383954602063849,-18.574600350930066,-0.0988010656964365
150,6,0.3914598267311296,3.29146941767588,-67.23320382084974,-0.3361660191042487
150,7,0.3425800678074111,3.22529173543611,-45.32617656616935,-0.2868745352289199
151,0,1.1755199808292611,6.911368833500109,-144.9409307098059,-1.1149302362292763
151,1,0.2202203389103587,1.1845339439212172,-25.686627496515925,-0.1701101158709664
151,2,0.5550554082523381,2.3476981168384405,-72.98468145792967,-0.4998950784789703
151,3,0.3187478394418584,1.4938057569867649,-52.19971833490617,-0.2761889858989744
151,4,0.4002665974251095,2.157587020673561,-52.70208413732409,-0.3194065705292369
151,5,0.2120266198133063,0.9158848181053634,-31.44717563011832,-0.1596303331478087
151,6,0.4765653214535193,5.434757185274759,-84.20982607706087,-0.4210491303853043
151,7,0.1878740287569879,1.1417958429832298,-19.4247108353992,-0.1303671868147597
152,0,1.1768862599326533,5.214925400696314,-141.50097848091406,-1.1141809329205832
152,1,0.187146261967948,1.0360380952354364,-18.179412738318177,-0.1317348749153491
152,2,0.6874134479173866,2.39701416965577,-71.66099483677698,-0.617767196868767
152,3,0.6089803735593239,2.876635336479642,-103.74845591909283,-0.5638503039081132
152,4,0.4759487507316788,4.7065370418807655,-75.88501380100332,-0.4036436904308687
152,5,0.2319429124614953,2.299172386537183,-32.39852833933336,-0.1760789583659421
152,6,0.4684474098300522,3.0626293046004647,-82.13474148514112,-0.4106737074257056
152,7,0.0924313470194775,0.3919125433192539,-11.802203880744376,-0.0590110194037218
153,0,1.125648317091671,6.626587477049148,-145.03603989737124,-1.066441469833612
153,1,0.168357295495838,1.038215447207228,-17.123560914802194,-0.1164868089442326
153,2,0.8121638475312335,4.704087777836426,-101.4477384129286,-0.7514647289846563
153,3,0.4236249686949878,3.1375791441462897,-74.48507327897848,-0.3819747347639922
153,4,0.3102760623954398,1.1088398827165171,-40.939551836448274,-0.2339402962082758
153,5,0.175412490712835,1.91680713167812,-24.847172021140818,-0.124235860105704
153,6,0.5151012498806031,2.396748432029369,-90.70231018903154,-0.4535115509451576
153,7,0.1275876018319991,0.802063394121658,-18.132604603333448,-0.0906630230166672
154,0,1.1410756161915128,7.361743190359847,-147.2245664344818,-1.0825335767241309
154,1,0.1831184139952188,1.4133513190561855,-22.257211322014044,-0.1365473087240125
154,2,0.6318090258819842,3.429216747715041,-73.54149904759846,-0.570089139903864
154,3,0.5951482691296708,3.234156125111085,-101.81382049923428,-0.5503449756715366
154,4,0.3292907005039245,2.5478176166641737,-46.49635740068465,-0.255474491212553
154,5,0.2365013747671692,1.53918256950329,-32.24422215656057,-0.1791345675364476
154,6,0.4581558753131247,3.1362370620064164,-78.10368499085816,-0.3905184249542908
154,7,0.1313527408247652,0.6746310478389056,-12.665773740237809,-0.0781837885199864
155,0,0.812240332075734,3.2099607067846487,-101.08613219734669,-0.7543741208757215
155,1,0.2519444300423129,1.6531217782082173,-31.43400739660038,-0.2028000477200024
155,2,0.5331220115653132,2.578219683553001,-57.56711512328662,-0.4680253262055823
155,3,0.3966018241697321,3.530110435748223,-68.40388482983352,-0.3544242737297073
155,4,0.3953664924283105,3.035546174633525,-56.50169791525252,-0.3192186322895622
155,5,0.1659210305766915,0.6789700055468253,-23.00564849480489,-0.1150282424740244
155,6,0.6236300896904713,4.329827278003146,-113.06615498726428,-0.5653307749363213
155,7,0.1227407206348422,0.6952050253986415,-15.20032224540832,-0.0783521765227232
156,0,5.171182789643979,26.45843250475852,-832.0569170840989,-5.104643663092632
156,1,0.2246969819844098,1.4878752502251331,-26.399058308427158,-0.1748282007180606
156,2,1.7642947571927514,8.858537053742277,-272.2959983298401,-1.7018499895615005
156,3,0.4821806596031885,5.096414661179363,-84.78953031866028,-0.4393239912883953
156,4,0.5103170351954557,3.1133082191596726,-74.87041100150738,-0.432776942205245
156,5,0.2122518113051007,1.276225387807875,-25.725845479863683,-0.1513285028227275
156,6,0.6414833701748548,5.127877662947544,-116.49138715488134,-0.5824569357744067
156,7,0.1435059933477686,0.5477785634089893,-14.183491177703242,-0.0892043470295801
157,0,1.8080363991696968,6.532411534156871,-228.3473319049213,-1.743109403854361
157,1,0.3428130237414928,1.409593497087722,-37.37346697259476,-0.2852936410121737
157,2,0.6905312760233963,3.087848457779975,-86.48898044959047,-0.6313064266393466
157,3,0.642672577582204,4.411131966667378,-106.77228267715086,-0.5964931993136919
157,4,0.4810137186743646,2.3453282895575027,-71.27094729065078,-0.4049485641514249
157,5,0.3995225539238722,3.574579659459229,-61.96240485365038,-0.3423337284732065
157,6,0.5875839171235664,3.485540434933019,-106.11334192254532,-0.5305667096127266
157,7,0.3371736518861603,4.252971237446355,-49.32607812971886,-0.2867795240099933
158,0,1.0079763023904378,5.450809984780136,-118.06402722115844,-0.9445122177692676
158,1,0.295149781923304,2.463962664607438,-36.96557436819406,-0.2448051282661858
158,2,2.409606772201866,13.123405293392358,-418.7082230672407,-2.352293388018206
158,3,1.1316720479365403,10.275125925901197,-146.3622772005226,-1.0841650163001677
158,4,0.4423427955561626,1.7153011035914856,-65.45176336169571,-0.3677065357398635
158,5,0.3183926646732904,3.440875939189526,-45.685921073359054,-0.2595790970077219
158,6,0.3565508668217971,2.0076627366371524,-59.88161736034747,-0.2994080868017373
158,7,0.2438576263096351,1.9706717911028984,-30.39622388174331,-0.1899763992608956
159,0,1.5785492563243595,6.28220719236815,-201.5810444328568,-1.5156469506229835
159,1,0.887760229456614,6.708399621584509,-152.43396539831232,-0.8375492604302875
159,2,0.3084396494326574,1.135008575554951,-30.18578800535492,-0.2434337742367332
159,3,0.5386047064523565,3.0104867724732745,-101.43557139785187,-0.5071778569892594
159,4,0.5990288856590568,5.209325386686914,-86.04875634210383,-0.5183660020608665
159,5,0.2528626448516175,1.532866799834113,-36.76808761439874,-0.1976778903999932
159,6,0.3932064605724903,2.310498633700943,-65.6276416901894,-0.328138208450947
159,7,0.1751103154661903,0.6737111935884702,-20.09744144786773,-0.1225453746821203
160,0,0.804298709380548,4.185525304803948,-100.7903812632102,-0.74659541676452
160,1,0.1608129343637035,0.9627216725008292,-17.129807656354135,-0.1112325172490528
160,2,0.3750375681267012,2.3189797869645843,-43.05438428908965,-0.3165763550668356
160,3,0.3911406885673614,1.7523517675943194,-65.44225176174417,-0.3480970838390647
160,4,0.4487280442832326,2.65735078118816,-70.95596676041812,-0.377425355108607
160,5,0.3050426580846555,2.63643689898397,-51.15148387846124,-0.2557574193923062
160,6,0.3224984028973146,2.244266211097957,-52.928079936940165,-0.2646403996847008
160,7,0.217843430887785,3.1480510506307398,-29.096419965029053,-0.1681873986417864
161,0,1.215391433134848,7.765398625100813,-160.8562923919421,-1.1572395136110942
161,1,0.1542507121623476,0.5491956849483945,-14.59395827051849,-0.1013469324341561
161,2,0.5179304023586807,4.509153855362816,-73.19448837094804,-0.4662069322990321
161,3,0.4130318498337833,3.922470724927367,-61.34668931758861,-0.3651588649856465
161,4,0.450472715536109,2.225545879273899,-55.30811212283536,-0.3638691587028642
161,5,0.1928023594105056,1.2535150890509723,-28.197426675706524,-0.1409871333785326
161,6,0.374708208991637,3.083179217498642,-62.880468986078846,-0.3144023449303942
161,7,0.429551334171028,2.2715274024333567,-55.85600661018943,-0.3723733774012628
162,0,0.9019981746758018,4.178223175559588,-118.47298686488227,-0.8462356204634448
162,1,0.1127988206500966,0.4137189791646853,-9.790882502128907,-0.0635771591047331
162,2,0.5246120155194423,2.187939876059857,-56.45015778326844,-0.4589443722216946
162,3,0.4652701215494354,3.7739823325350192,-72.76466685893735,-0.4181877405686054
162,4,0.3820364250280142,2.040514070688941,-46.69210954670233,-0.2974019716350467
162,5,0.2222393163235608,1.2395969650877745,-29.34016532816764,-0.1639115381461879
162,6,0.2906715330279084,1.6286646517947014,-46.895983077383285,-0.2344799153869164
162,7,0.5873552933800997,6.272861282941064,-81.69143079256101,-0.5304638363153312
163,0,0.9073681297028569,4.728002813387125,-109.27492326790828,-0.8470924284333975
163,1,0.2867278276575296,1.50746760419644,-32.0079263321324,-0.2319414951603797
163,2,0.6274531157611776,2.83733197999751,-77.86041997260274,-0.5683242333766624
163,3,1.0815066309657388,9.524410030519167,-156.77525769562985,-1.038246739706158
163,4,0.3695383739848087,1.4371160487874053,-48.14352397468449,-0.2900212287631596
163,5,0.3401896393857056,2.933324408548909,-48.83081929975491,-0.280636892527327
163,6,0.2950625354479788,1.6914940231050393,-47.70920451988768,-0.2385460225994383
163,7,0.3772496818969683,3.267234049198924,-47.55849211154923,-0.3191845108157666
164,0,1.672324140215777,9.356645966773623,-230.73006341327869,-1.6134969469460048
164,1,0.2285239856285732,2.1569005418033265,-23.028947872296158,-0.1718578199425086
164,2,0.7875113243609306,4.869543748406252,-95.79259839541348,-0.7257015029955567
164,3,0.7569132565046018,4.566872536219892,-135.5168583249114,-0.7132466227626916
164,4,0.3539991042739951,2.170721918537121,-49.597466691435976,-0.278637453322674
164,5,0.2931321992356314,1.6028051458346044,-36.05334037892949,-0.2281856986008195
164,6,0.9546131888798332,8.676046933228516,-178.7247306002514,-0.893623653001257
164,7,0.2751483814374142,1.07884926222447,-28.771233626524225,-0.2115531884303252
165,0,0.7002527750747491,3.5127951617263937,-87.55743912114059,-0.6438046994201514
165,1,0.1367869088525261,0.5932040307503293,-11.660175502504796,-0.0826962801596084
165,2,0.8032976044299891,2.737440177063992,-89.94307219572666,-0.737238296686284
165,3,0.361709103146252,3.032022119783613,-58.12654143470449,-0.3176313739601338
165,4,0.3107146688002657,1.9141913258553451,-45.71318188540391,-0.2405956941337048
165,5,0.2182488932722457,1.047208532755595,-29.888061725133976,-0.1624351180713803
165,6,1.477502627768895,14.659015085037495,-285.2370996742883,-1.4261854983714417
165,7,0.5452417779610474,4.630955580597282,-73.04789894484246,-0.4869859929656164
166,0,0.9258533233008068,4.990288595810709,-121.74581083522769,-0.8696129345373406
166,1,0.2579916827274811,2.485145156254374,-26.500326390819826,-0.2007600484153017
166,2,0.7168637442770113,3.36240497707862,-83.6229935755801,-0.6533046373092195
166,3,0.5716585044634179,4.837252219993801,-88.4212789925461,-0.5232028342754208
166,4,0.2218388375271133,1.0641628330224289,-21.41546583161221,-0.1364042409656828
166,5,0.7201139023398159,6.446556695579386,-119.05927331947272,-0.661440407330404
166,6,0.4092453506913605,2.1851363225429457,-70.44902253606982,-0.3522451126803491
166,7,0.2833851432946402,1.4640801233537473,-28.789075397525917,-0.2180990560418629
167,0,1.2316217886840295,6.240838883979463,-164.30939448947802,-1.1736385320677
167,1,0.289258924595887,2.039972276120507,-29.22043873760473,-0.2300821947842892
167,2,0.5200648131054423,2.064645427420793,-60.60887156459821,-0.4591581179136228
167,3,0.5876313454399674,4.028817837716865,-91.08896817184922,-0.5389879773482202
167,4,0.3714465092770067,1.8343482494082648,-49.65550092453022,-0.2920911819090013
167,5,0.434894581816073,2.260581567305566,-62.66827177561074,-0.3730254272357782
167,6,0.2433173586361914,1.1370044552592404,-36.99459438533021,-0.184972971926651
167,7,0.2342276770418227,1.1628062922052322,-22.99152116886651,-0.1703075642138259
168,0,0.9781496668899256,5.763529904583342,-122.17409592696312,-0.9186022250147604
168,1,0.170222338530415,1.1813609921145256,-18.97055387911444,-0.1216061146097079
168,2,0.5455397083276798,1.6400107624879867,-55.33529089757423,-0.4770283698066743
168,3,0.5133706392961841,2.807051478561062,-86.2499027361376,-0.4687494713920522
168,4,0.3751289484430725,1.3308453288550344,-43.287416911023534,-0.2866716351723413
168,5,0.3215157266296232,3.426018315170041,-41.08396693339406,-0.2567747933337129
168,6,0.3714987033390614,1.639077618148446,-61.02734161447519,-0.305136708072376
168,7,0.1776728158881256,0.5813533273487481,-14.279537397114447,-0.1106940883497244
169,0,1.3592376884030593,9.123216772172386,-179.27524799797493,-1.2990959999853255
169,1,0.2386845477471279,1.3272925585859208,-24.435167862921936,-0.1823519989770294
169,2,0.4181652409285063,1.7230637710359105,-42.531898556405146,-0.351503293854588
169,3,0.7067359928353197,5.306195444091536,-119.54611222501424,-0.66047575814925
169,4,0.4978272352659366,2.1741780016369483,-71.81833129772211,-0.4199902415071468
169,5,0.2727479126832902,1.6768711544112214,-37.67797820904632,-0.2140794216423086
169,6,0.4197297637180069,2.5043197625956712,-71.80883927001226,-0.3590441963500613
169,7,0.1860293380128865,1.0631138901225434,-19.858490738219352,-0.1297940571125448
170,0,0.9920592222593756,4.050191303428212,-110.29730970873916,-0.926868148812934
170,1,0.248273348874316,1.5891792578582105,-23.23730102006581,-0.1873975888714985
170,2,0.4385586435706822,2.207099500925316,-51.26040513934937,-0.3797067047359213
170,3,0.4872563727423135,2.34467943231283,-75.58946213801609,-0.4394736170814889
170,4,0.4026928079180347,1.9248377487368649,-54.35665196878847,-0.3235514998142171
170,5,0.3172020204824275,1.5906277511125773,-41.14630805366811,-0.2539895558868402
170,6,0.5247983250032462,2.9983610843232555,-91.70365678810802,-0.4585182839405401
170,7,0.1719116078916424,1.570892142593688,-17.17821438806679,-0.1145214292537786
171,0,1.8902385185637691,8.887931151166146,-248.51246260742437,-1.8272975191722376
171,1,0.1565565285590779,0.8757809885720498,-12.700604483087776,-0.0976969575622136
171,2,0.4054380187218708,1.7012655546737918,-45.04002742811621,-0.3438170032680626
171,3,0.4760393999925935,2.4481211561695337,-74.60079271769838,-0.4287401880327493
171,4,0.3665163929499544,2.023241995458392,-49.41301114601523,-0.2889649774620774
171,5,0.2155056935462972,1.137700453168096,-27.159542541858844,-0.1560893249532117
171,6,0.4293381371750915,2.534606244840197,-73.88806725752266,-0.3694403362876133
171,7,0.1390690177764335,0.4843181960839833,-16.797150738023188,-0.0917877089509463
172,0,0.8984250493556601,4.560195471007972,-107.2680825738084,-0.8380318951078781
172,1,0.120510656080859,0.5557791287717748,-9.811716840332643,-0.0676670126919492
172,2,0.3798600481490131,1.9190881443852776,-36.47934051915186,-0.3117892352064261
172,3,0.7697959145368437,5.5975352046865146,-119.30822748843008,-0.7187242619784945
172,4,0.4147576389324681,2.4286603824224917,-61.33707441077004,-0.340761524504278
172,5,0.2415546609859371,0.9682285163334606,-34.86976262422634,-0.1864693188461301
172,6,0.483411789919824,2.3969285572618624,-84.37636874851252,-0.4218818437425626
172,7,0.2158407601663527,1.0381189312823775,-23.05685489188804,-0.156849353006041
173,0,1.217705965647326,6.046463371559876,-144.1166673415388,-1.1529333387323104
173,1,0.138192753205604,0.8847069681141696,-11.66032224186356,-0.0838872103731191
173,2,0.6263505885423974,3.832076882529441,-62.60463250625788,-0.5540232965155565
173,3,0.4226823148261271,2.8745237962296857,-63.31031270130079,-0.3746172349189395
173,4,0.5975209141712974,6.04488705652286,-95.8213249181069,-0.5236137973667043
173,5,0.2717853617269449,3.1221209363282405,-42.28599051046929,-0.2179690232498417
173,6,0.5437312878326055,3.583504188977468,-97.13495208144572,-0.4856747604072285
173,7,0.2759396301840947,1.459860340001601,-34.4774877876476,-0.2210095371003051
174,0,0.9813017047023892,5.623060446611224,-112.87918803673055,-0.9177169759083784
174,1,0.1818681588777773,0.9921364799541792,-15.903058058090302,-0.1232795198301573
174,2,0.3775672776156809,1.75984013365992,-46.77309368497232,-0.3225730598963608
174,3,0.4871059513662773,3.438699340143625,-77.43565354299609,-0.4399753042215687
174,4,0.7372849868744308,6.861944621631755,-117.59516244575988,-0.6606469800323589
174,5,0.2333387990516457,1.1492774372765824,-29.76809906082009,-0.173070343376861
174,6,0.2654652205222111,1.079572418646081,-42.49036288056965,-0.2124518144028482
174,7,0.1805968325355087,0.7035135451880948,-16.43339605410606,-0.1182258708928493
175,0,2.0037490804349845,11.614632842226976,-283.79063535032816,-1.943771475002248
175,1,0.1075268160552385,0.4284827683633427,-6.888570144048936,-0.0510264455114736
175,2,0.5342344070651079,3.192296750990528,-60.92502493801746,-0.4722870150233911
175,3,0.7220448621259536,3.7120124506655703,-115.83548402400356,-0.6734621164186254
175,4,0.3740509557288397,1.6659864721265376,-44.55974610210601,-0.2874822329168129
175,5,0.2971868258199308,1.2209160244552335,-42.8482982133592,-0.2393759676723977
175,6,0.5179556876746667,3.4566860268282973,-93.0589833891601,-0.4652949169458005
175,7,0.3608776700597642,1.522023379298529,-36.49759668817713,-0.291980773505417
176,0,1.1207488375401164,5.130641512111249,-141.02180749383157,-1.060314342058884
176,1,0.1647676060447315,0.6776625918870753,-15.022376439912904,-0.1096523827730868
176,2,0.5357901340230431,2.401429997913408,-54.17318588919968,-0.4670102231827558
176,3,0.7689746924160274,3.706840625746557,-117.7192173403316,-0.7178001057337292
176,4,0.3588585956011194,1.487778488919829,-48.29969941515546,-0.2808122059020666
176,5,0.1947590884515564,0.7760150310153912,-26.47694331114036,-0.1400896471488908
176,6,0.3666571653893709,2.7518802587888147,-61.37423165910203,-0.3068711582955101
176,7,0.3699197748277213,3.668031315780188,-45.28617710458599,-0.3101792952368903
177,0,1.345688371623355,8.559895163074241,-181.62602359084443,-1.2881278268854215
177,1,0.2895350519625653,1.445513087410459,-29.29045624025087,-0.2306335137027627
177,2,0.6737983228458204,2.954619147036414,-71.52122751891235,-0.6061120976179013
177,3,0.5369951229102533,3.192201575396292,-91.61537004280382,-0.4925557529183001
177,4,0.3461293699606081,1.931891459353912,-55.871184401398594,-0.279355922006993
177,5,0.2225943372278755,1.4235778147868068,-30.763085813294925,-0.1662869503421347
177,6,0.2285055572822956,1.9992159646979255,-35.11134034427982,-0.1755567017213991
177,7,0.3759694822395305,1.915054195929808,-47.05133001207626,-0.3179143919734882
178,0,0.8663280062828417,4.798977034610778,-100.49796030112157,-0.8039836824089724
178,1,0.1858592040868748,0.9933071426424356,-20.174591755566933,-0.1353999446682344
178,2,0.4481365610098577,2.173525927315748,-45.78586134187534,-0.3815488445156278
178,3,0.4609169000561885,2.729117519012348,-83.59533211693565,-0.420077045813747
178,4,0.3805570633741224,1.5637184210808437,-47.53690156318692,-0.2971056347699182
178,5,0.2988124716696911,1.1933138187458143,-37.72077962286242,-0.2342905566637417
178,6,0.3233430403989193,1.449501995208906,-52.991281021341074,-0.2649564051067054
178,7,0.2254296715833045,1.440624646812567,-25.24947050961962,-0.1683298033974641
179,0,1.6847128878159854,9.47494720634757,-210.61445994103315,-1.6201112303156395
179,1,0.1498704740722238,0.5934711177267686,-13.727991716404604,-0.0966759980028493
179,2,0.4486961126531656,2.348091027509402,-40.410421802472456,-0.3741705722451153
179,3,0.7898367585720834,5.081107369912491,-125.84084765504812,-0.7402402803238124
179,4,0.4119645722311178,1.7782252603359434,-56.25367184717774,-0.3328619635927677
179,5,0.2479326528897011,1.676656829127617,-35.261372636320075,-0.1916378947626091
179,6,0.5096364786065236,2.4588263487590662,-88.98971179334808,-0.4449485589667404
179,7,0.1844876573448013,1.1372107720385387,-22.559764670699064,-0.1334897317792844
180,0,1.0780685356472106,5.658920687818106,-130.08197163628213,-1.0162654034084542
180,1,0.1886902243080071,0.8567919025938417,-17.89035211886558,-0.1325211268064117
180,2,0.2681926782267418,1.572936755758236,-26.11034604639149,-0.2055932759558385
180,3,0.5453121656689012,3.2022514673515827,-90.46027637374884,-0.499780532451651
180,4,0.3938760213438638,2.4686584863972807,-53.1908229781828,-0.3147385975040402
180,5,0.2021133840255626,1.6613263521351307,-29.408453050620555,-0.1492814875666018
180,6,0.4963291311354397,3.854536439155397,-86.10211646144106,-0.4305105823072053
180,7,0.1043539068477958,0.4708525141310925,-9.09032750662599,-0.0534725147448587
181,0,0.8052933981571458,3.671884560470004,-100.15818782255278,-0.7474491628548715
181,1,0.1420904706275739,0.5802828671981136,-17.893576348824716,-0.099964113680585
181,2,0.5189765911315587,2.4109872113798234,-61.446399267204505,-0.4585552184119739
181,3,0.4754706259319171,2.6360059979405617,-79.7560519022711,-0.4311137940663302
181,4,0.4203056784911763,1.7692674034894704,-51.92697633720761,-0.3350127505626297
181,5,0.093961193447141,0.3506694712051437,-11.941625529272567,-0.0597081276463628
181,6,0.7710550772656951,6.212643795069809,-142.58799339794865,-0.7129399669897433
181,7,0.2065132402122118,1.0954489776061742,-27.54333296012215,-0.1573904740578408
182,0,1.033138360904731,4.751020716981779,-135.64010797403472,-0.9758281149211132
182,1,0.2376114719263005,1.4744542876870834,-29.00943743105765,-0.1883729703315431
182,2,0.3781247929966201,1.3857261278850888,-41.908252708045936,-0.3174867629397419
182,3,0.5950152886685185,4.595153004470841,-95.2485182553148,-0.5474052773293955
182,4,0.6011877761749835,4.714869085592677,-88.63897209421621,-0.5214057182012718
182,5,0.1629146437970889,1.0073456038624904,-22.904611511667685,-0.1145230575583384
182,6,0.5425138521932756,4.079834528513814,-96.08245831492924,-0.4804122915746462
182,7,0.1194944504327112,0.5507898033887282,-11.719365402722383,-0.0689374435454257
183,0,2.9459403340364148,19.183751600490325,-424.10244387163846,-2.8850506385825745
183,1,0.2140544475343523,1.747271662645002,-23.436415471199595,-0.1616304515255144
183,2,0.5223189321466457,2.591709562316219,-58.35889933244615,-0.4595188923814657
183,3,0.4079099285203829,2.9681140179286225,-73.0655679824857,-0.3671636582034457
183,4,0.4455007435486295,1.8633707181025447,-55.28335825679199,-0.3589828458233245
183,5,0.1327139146205773,0.5326800253290948,-18.98297757151481,-0.094914887857574
183,6,0.5444401828399724,3.443209591352949,-96.58006672854174,-0.4829003336427087
183,7,0.258643616901301,2.0448677297034923,-29.493319408076125,-0.2006348259052797
184,0,1.6983969643213634,10.989543196665831,-249.6956930356125,-1.6427348226027136
184,1,0.2200224365882599,1.1582440011346304,-23.25769927343375,-0.1661264233816696
184,2,0.4615876591530764,2.5179484022860787,-51.53089329351874,-0.3994642890970445
184,3,0.7481595994555247,5.161950602600073,-127.75489532238656,-0.7019499742988272
184,4,0.4509823345856196,3.534166372539432,-69.93386668434795,-0.3780209009964754
184,5,0.1485003919085511,0.7794329879532821,-20.697047248880448,-0.1034852362444022
184,6,0.6061448930532908,3.33326244730156,-108.06339610568814,-0.5403169805284407
184,7,0.225246425985216,1.2116050884378318,-25.59543610982386,-0.1683910270383148
185,0,0.8708864319619742,3.900076290668695,-120.25264912966531,-0.8180452321745941
185,1,0.238547640387213,1.353288800021039,-26.557312011183328,-0.1857154686096736
185,2,0.5332207124984061,3.4834897485249763,-59.02053487777835,-0.4684169434744313
185,3,0.6900046208532132,4.157826190576668,-120.7794331281114,-0.6458793215407027
185,4,0.3342947967113337,1.4943485084828387,-45.77216944408457,-0.2585998273677094
185,5,0.1224926172731847,0.5736154772386495,-15.14846803265725,-0.0757423401632862
185,6,0.5067220932518337,3.044839584690196,-85.01818960001148,-0.4359907158974948
185,7,0.1595094554637492,0.7812895809135173,-14.02637804158922,-0.0987773101520367
186,0,2.062321684356238,13.665666491520422,-332.8928589179886,-2.0053786681806542
186,1,0.1241385069921066,0.5769497651932216,-10.523849682882828,-0.0720811622115262
186,2,0.779160101937243,2.8025201607415773,-94.7107197042102,-0.7175054523046227
186,3,3.191337516101089,20.30424286785912,-629.5880426136284,-3.147940213068142
186,4,0.3267886162314953,1.395190392005618,-38.57424233411091,-0.2426052976988107
186,5,0.2172504660658138,1.52201549922027,-33.25491637177718,-0.1662745818588858
186,6,0.7615381161996417,4.457640959358302,-139.81074897643407,-0.6990537448821703
186,7,0.2136135534397773,1.4359969418646308,-25.00680707241814,-0.159279025938969
187,0,1.635311754256691,7.7102658111511,-233.70129200060384,-1.579062783787864
187,1,0.2061508486064761,2.088196563278799,-23.794842769597302,-0.1565450182210349
187,2,0.6459228801626549,2.363619443449151,-73.27345589088172,-0.581535364213347
187,3,0.4020180163146674,3.022538987823909,-63.48759940501842,-0.3566719067697664
187,4,0.3782750392846042,2.2489716043640557,-57.07350522598804,-0.3068468022902582
187,5,0.1394231228091868,0.6963265055353512,-16.77212347319022,-0.0860108896061036
187,6,0.8382619981058929,6.239369177801209,-154.9955494220825,-0.7749777471104125
187,7,0.1847251094697803,1.1369019051174023,-19.62603406969317,-0.1282747324816547
188,0,1.1891462630918448,5.831692218486081,-149.04756149299706,-1.1291481931287657
188,1,0.1174500626527065,0.4220918636467546,-8.586508608899464,-0.062221076876083
188,2,1.2804300433658915,6.2216459086533895,-149.1523379546468,-1.2126206337776164
188,3,0.7086682302674712,3.888994742105447,-112.78678452617991,-0.6595718393343855
188,4,0.3450838685475769,2.754704739438685,-46.34795036314111,-0.2679072275326076
188,5,0.1315003171117109,0.5199048383791851,-16.03150706243553,-0.0801575353121776
188,6,0.8432692006014326,5.747238709186952,-155.04999344309417,-0.7752499672154708
188,7,0.200306688929838,0.7661799063715552,-21.46896011457115,-0.1431264007638076
189,0,0.87453238925554,4.341755576794161,-108.52686264935733,-0.8159914484914084
189,1,0.2361681384351601,2.467006997201644,-24.96790831534991,-0.1809268718503616
189,2,0.7411793263505327,3.4908123691185886,-82.30300854829648,-0.6746148241663645
189,3,0.6558572660839398,5.063928744257984,-122.10097853355644,-0.6135727564500324
189,4,0.4614633170962848,4.562197411824715,-73.21837732018706,-0.3894594538307822
189,5,0.2616730250984249,1.5000912708913925,-39.41267672354631,-0.2074351406502437
189,6,0.7014492082649162,5.370816347207755,-126.6100680297701,-0.6330503401488505
189,7,0.186124325919602,1.1936749450921462,-19.869883460508976,-0.1298685193497318
190,0,0.9552134946229396,4.190044756702291,-108.7066674086164,-0.8910382574476754
190,1,0.1482263490654964,0.942049370689254,-12.128279987452707,-0.0911900750936293
190,2,0.4430863912640911,4.085999255622226,-51.039423379137,-0.3837550630010301
190,3,0.3723506045684094,2.1325500201934338,-56.28703509473573,-0.3253585843626342
190,4,0.3778988098981427,3.075549619645781,-56.16810173627884,-0.3052614224797763
190,5,0.1709553247198849,0.8726791397989577,-18.52423259637323,-0.109610843765522
190,6,0.3960323482244981,2.0054791244921413,-66.77319248569226,-0.3338659624284613
190,7,0.1200070273631989,0.3601152701484779,-9.418562597889638,-0.0623745867409909
191,0,1.5360118704734491,9.004534696501938,-214.2925989533568,-1.4778799927817712
191,1,0.2368631955755372,1.6760318650629906,-27.537124630868973,-0.1860616529112768
191,2,0.3702574421302391,1.932955256469837,-40.95113885492854,-0.3102359004161252
191,3,0.5058584150438196,4.070843604794672,-82.74903412803134,-0.4597168562668408
191,4,0.3458585363734335,1.5214107350197823,-47.52636382845621,-0.2700361581162285
191,5,0.2435288536503888,1.317511902136475,-36.4557390391704,-0.1898736408290125
191,6,0.371035604965498,2.9070551785104404,-61.866143711531336,-0.3093307185576567
191,7,0.2443198791324496,1.0023734802117297,-25.438729452805724,-0.183012442106516
192,0,1.2489358330963962,5.170194390082734,-170.44204477689166,-1.1919024110272145
192,1,0.1765796591126085,1.1671432573155718,-17.52457838719947,-0.1234125238535173
192,2,0.3994055534046133,1.409385546055949,-43.99309933016478,-0.3384084563858829
192,3,0.8657428175859208,5.567212072157645,-146.5149294179486,-0.8185191587594893
192,4,0.4834264122858578,2.3088046932312363,-71.33660735266933,-0.4076377563009676
192,5,0.1677069207177117,1.7036270630443389,-22.469875893424504,-0.1146422239460433
192,6,0.4597126380161955,4.395618039783212,-81.06983307188645,-0.4053491653594323
192,7,0.1632597923775613,0.8565829146930269,-14.470272326543029,-0.1026260448690994
193,0,0.9896824039333232,4.808591159515582,-118.81526926049555,-0.9282442910976216
193,1,0.4474253181766321,2.169313273686704,-59.04056344086159,-0.3962453922205475
193,2,0.5500800425525296,2.627596724672656,-56.89958348128762,-0.482199860010912
193,3,0.9397697995503064,6.812950952709749,-179.19871060011332,-0.8959935530005666
193,4,0.5063003525389496,2.071946363245821,-72.80649692754882,-0.4282735113385225
193,5,0.1752629813643431,0.9957375202533438,-18.803806281076884,-0.1132759414522703
193,6,0.3923772450601778,3.021821693235329,-66.44987589265331,-0.3322493794632665
193,7,0.3872053260617666,4.9832523763014684,-53.386905691946296,-0.3336681605746643
194,0,1.129994323938764,7.383458933361718,-150.1779722245165,-1.0726998016036893
194,1,0.2022008015147912,1.3187822123938733,-27.17662252219608,-0.1580036193150934
194,2,0.5675797780006665,2.296605955710688,-64.01094290065578,-0.5040231724461085
194,3,0.5475430075603899,2.795896114475858,-89.27629525691985,-0.5015522205444936
194,4,0.4424690144488552,1.6354102570164342,-62.4704730418544,-0.3653244037535345
194,5,0.116944956584173,0.5357036726511082,-13.113466946360145,-0.0655673347318007
194,6,0.5054981876160249,4.389519241241244,-89.59766034887429,-0.4479883017443714
194,7,0.4265715777762103,3.98695597682948,-72.89935643375921,-0.381672023213399
195,0,0.8177468966723026,5.977347424553348,-101.00729036005288,-0.7594533109778412
195,1,0.3647727087965503,3.599670618296156,-48.93026075022373,-0.3156791016143466
195,2,0.6461438057005615,4.001808298240734,-81.53991560652396,-0.5866180978886616
195,3,0.6388521089048164,5.628089906586447,-113.77276245382164,-0.595668913370794
195,4,0.3120240882864398,1.1331081896594213,-35.985348790032184,-0.2277553720888113
195,5,0.1114105264735722,0.4100952355704655,-11.541645103243038,-0.0585870309809291
195,6,0.4247124844628696,3.40058945380428,-72.80471056569651,-0.3640235528284825
195,7,0.1564510688349372,0.6473789996290086,-15.68322507874333,-0.101182097282215
196,0,0.5646704276380013,3.489584226438658,-77.14888002515988,-0.5143258668343992
196,1,0.3240902131784002,2.3886975641443837,-42.96301733033848,-0.2754039572457594
196,2,0.6927627056351298,4.706719421434319,-76.943424268456,-0.6255562948654959
196,3,0.8772068505892506,6.331073191964888,-143.25997435810763,-0.8280923373301019
196,4,0.307892664626695,1.5056879996149986,-40.82745799856888,-0.2319741931736867
196,5,0.1140354913586728,0.5107805867258317,-15.550862298027749,-0.0777543114901387
196,6,0.6275815728626764,4.894849466475302,-113.3462920019542,-0.566731460009771
196,7,0.2816387545618337,2.29512359431826,-33.15112811907731,-0.2239941089126845
197,0,1.562888519344058,9.753610441510704,-210.70201433394303,-1.505014388099593
197,1,0.1718943085062091,0.6900463263509491,-17.02710860380173,-0.119070689537075
197,2,0.5051992643320468,2.6528078905825274,-52.05614655387969,-0.437446609696468
197,3,0.4817880551076492,3.932917317419488,-75.22190822541502,-0.4348087180659827
197,4,0.3791525787986005,1.7448487536118586,-49.18605924754081,-0.2980973287729746
197,5,0.1644086308620788,0.7688700019375926,-20.69802616607146,-0.10951336595805
197,6,0.4109525526742628,2.0523140394443637,-70.15751514150334,-0.3507875757075167
197,7,0.3601952375223345,3.739545775741699,-49.32563297085374,-0.3063703911233151
198,0,0.7388117260740923,4.352019977447417,-99.36585939223396,-0.6852817889119585
198,1,0.2850850978738536,1.805602842550727,-31.196106440174308,-0.2293831355895169
198,2,0.5580900371434399,3.737487713118068,-58.817499300399824,-0.4901458275033318
198,3,0.7513568637331132,5.566498112444008,-121.63418038473522,-0.7030877478886429
198,4,0.2980503392710026,1.1644389966064697,-33.46625725200526,-0.213160874216594
198,5,0.3299446104402488,2.4943027874569306,-46.38305118290897,-0.2696689022262149
198,6,0.318360394838075,2.1000024020805608,-51.3940456318375,-0.2569702281591875
198,7,0.2515266731748018,1.3368471267157869,-28.559658725801853,-0.1929706670662287
199,0,0.9552879038127674,6.959904842603208,-132.58075468363987,-0.901909895807074
199,1,0.1646443455558277,0.7627316556693559,-16.173911604541722,-0.1123188305870953
199,2,0.475570462443968,2.5861642509397025,-58.5661431963091,-0.4183295942593507
199,3,0.5294724941013873,2.6381611490626056,-82.81729446734167,-0.4814958980659399
199,4,0.4891973552340694,2.2781079645829867,-70.8344674533182,-0.4118282991471988
199,5,0.2080890414277309,0.9295926917099449,-22.076471502778677,-0.1415158429665299
199,6,0.427351150680627,3.1697296260257173,-67.20344705023979,-0.3555737939166126
199,7,0.1378614348817854,0.7911282479157234,-12.08499066700487,-0.0805666044466991
200,0,0.8216424214065204,3.623951481437264,-100.79771756625016,-0.7636190724715922
200,1,0.2949208700530976,2.040013257750901,-29.008618456538507,-0.2339404714236976
200,2,0.4202253968015303,2.354575955048584,-49.096697134500914,-0.3610051259889773
200,3,0.4619860260361626,2.912502891297856,-77.21021184544904,-0.4173524964618867
200,4,0.4291067321485007,1.9716762249309403,-63.05334529041217,-0.3542322769124279
200,5,0.2156124612080895,1.7741254313849584,-27.00950012710266,-0.1561242781913448
200,6,0.689709926714979,6.941682364022956,-124.34387638519914,-0.6217193819259957
200,7,0.1696629633727367,0.8999161543713402,-16.366194248075146,-0.1113346547488105
201,0,1.2468900610039877,6.062873763565937,-158.9127972077372,-1.1859163970726656
201,1,0.1370915730877271,0.8451039003280378,-12.833850644209164,-0.0861332258000615
201,2,0.3509306194412289,1.7344926277352166,-42.9448531629012,-0.2961714011234566
201,3,0.605716702041235,4.054181436357468,-100.73155264534245,-0.5596197369185691
201,4,0.44467664568711,2.1775042319267937,-70.29701409945328,-0.3739202877630493
201,5,0.2347244575672211,2.0134792886341457,-37.016080093004206,-0.185080400465021
201,6,0.3599616080539605,1.897238136074031,-60.73244677605294,-0.3036622338802647
201,7,0.248249805340689,1.133512333049591,-27.002792349582027,-0.1888307157313428
202,0,1.7000953483821348,7.747456688156216,-237.8340339995624,-1.6402347172383611
202,1,0.2220853429106986,1.032594643999479,-21.33137880492467,-0.1640875292686513
202,2,0.5116675571451622,2.592675390891089,-57.8856711632113,-0.4487261330481496
202,3,0.5812556632380917,4.026552609645106,-94.67054385889872,-0.5348618297112923
202,4,0.4123201141519469,2.8768623224749086,-62.51402456175471,-0.3397501334877973
202,5,0.1246373194253966,0.4931284758443648,-16.504579775671033,-0.0825228988783551
202,6,0.4922101118293367,2.902885085038319,-86.35223649507135,-0.4317611824753568
202,7,0.2603772823448942,1.458474308895002,-32.58616812294986,-0.2062415703984168
203,0,0.8442663891993799,4.757573628100912,-107.88100761129968,-0.7874526103014575
203,1,0.2276773637699373,1.3083001006754935,-23.57576960614619,-0.1720859095339137
203,2,0.6414133225042216,2.9757634215887654,-71.3902039460391,-0.5757274511777346
203,3,0.6151594831184324,3.499149085000847,-99.95397518643826,-0.5679203135593083
203,4,0.8424729198867154,8.740077857402968,-136.3153258213312,-0.76581643719849
203,5,0.1895447945676263,1.1807619370559066,-27.950339038577923,-0.1397516951928896
203,6,0.5495165313052839,3.2718531220715588,-96.15547608859094,-0.4807773804429547
203,7,0.206953727034011,1.0318262753599845,-20.4222960809289,-0.1458735434352064
204,0,1.5640591650342854,8.037278440768413,-212.2019368278552,-1.5049782753748595
204,1,0.197295328802926,1.2661166226048242,-18.69386702658525,-0.1405553911773327
204,2,0.410370630190379,1.848077404904928,-42.076537510170674,-0.3448896517227104
204,3,0.6302093285479774,5.154786266202756,-109.4842396025747,-0.5854772171260679
204,4,0.3289579297792546,1.73034900854486,-41.70945499855856,-0.2497572155602308
204,5,0.2560446627954914,1.5354409051201423,-40.04709150464818,-0.2032847284499907
204,6,0.5226458002602211,4.534572878427544,-91.8584002066586,-0.4592920010332929
204,7,0.6162336812652278,6.486893848942227,-83.71872215040602,-0.5581248143360401
205,0,0.6590550029627646,4.586636531251566,-84.5931547106307,-0.6042368193616479
205,1,0.2513334712193794,1.713840257577379,-24.60179461708405,-0.1922015204459691
205,2,0.7244935257880023,5.479261258384601,-88.86539551001327,-0.663174593358308
205,3,1.0604961849019003,6.624072479667457,-187.4771547411437,-1.013390025627804
205,4,0.2543030861072671,1.0457778913760185,-29.728849804196752,-0.1759103538709867
205,5,0.3230272004541756,2.1062494281788915,-54.12904590676138,-0.2706452295338069
205,6,0.5749342612049193,3.941743487650718,-101.52463312079315,-0.5076231656039658
205,7,0.2405136969823173,1.7226586912408857,-33.276097574463094,-0.1912419400831212
206,0,0.5487169988172141,3.517456452098828,-70.2756647632122,-0.494899047628255
206,1,0.2378033864896845,1.7796094662831448,-25.054449247698603,-0.1828791915890409
206,2,0.7253407397626382,4.105144520053558,-75.31858626423958,-0.654944228384692
206,3,0.6891716987945137,3.663586374047324,-113.58591904476587,-0.6417283561851179
206,4,0.3054277750662559,1.5860177663869124,-40.35931639054643,-0.2293142976735592
206,5,0.3339553643250409,3.101522128430199,-54.35324504503503,-0.2801713662115208
206,6,0.5224584167412024,3.192098192472979,-87.23390233545089,-0.4519891312717662
206,7,0.391321090606342,1.72839393931964,-43.74722199084281,-0.326471805901812
207,0,4.215052151271584,24.471680580474224,-681.5082816830359,-4.155538302945341
207,1,0.2909386129761823,1.499627036397977,-29.96491813550884,-0.2322861870969677
207,2,2.129764451998598,11.824014188248409,-307.58241283700494,-2.0643114955503687
207,3,0.589899628696839,4.02307173308413,-96.11769832000456,-0.543037843615845
207,4,0.3026646934508044,2.182827330079987,-38.79820386670398,-0.2255709527133952
207,5,0.2863498824008573,1.8743106459618843,-43.94981511629143,-0.2313148164015338
207,6,0.7095633389311479,4.536344331456769,-128.6336354675699,-0.6431681773378495
207,7,0.3492295961591385,1.5102064561411794,-39.62695212405205,-0.2871518269858844
208,0,0.5648485709907233,2.7538807857499488,-68.64514483692031,-0.5084825543475578
208,1,0.3070772941915121,1.871422798262568,-33.57996174335491,-0.2505967294280217
208,2,0.4998333674219865,3.1442723798291183,-53.31389313784332,-0.4334462856735229
208,3,0.6063832421684846,3.209510184162732,-99.55909442495091,-0.5593207551963535
208,4,0.3787478060470454,1.9688899061643288,-52.17147329900904,-0.3015692098208615
208,5,0.192537996185412,1.601814001635067,-29.50207348729582,-0.1475103674364791
208,6,0.5061094726635572,3.4464983087921515,-87.80279187783637,-0.4390139593891818
208,7,0.2505220993236921,1.2072948243695572,-23.550526134308186,-0.1839884854242826
209,0,0.8690151819451708,3.852109417956087,-112.02402546349498,-0.8117683004601085
209,1,0.1586631137252595,1.0108018737492677,-17.568053777676184,-0.1104909042621143
209,2,0.7743452905505684,4.462707355423215,-89.35402759030222,-0.7091589491293827
209,3,0.7348962844844221,5.806280402770903,-132.7452946709847,-0.6913817430780452
209,4,0.3814538479641886,2.361894618103701,-61.05995922936562,-0.3131279960480288
209,5,0.126169662543318,0.5935619152828902,-15.835525225706936,-0.0791776261285346
209,6,0.527959300704144,3.3565041468929007,-92.65424912855224,-0.4632712456427612
209,7,0.2777765556869917,1.6235502226209284,-28.82128687420268,-0.2134910138829828
210,0,1.700917124780737,11.288371292876716,-218.0409366213397,-1.6394055385063135
210,1,0.2214714412516002,1.9366130494135132,-22.33231016450109,-0.1654245197370451
210,2,0.4346197528778948,2.318899527276902,-48.13667825873584,-0.373152544641363
210,3,0.2581918874977492,1.7382102284481704,-42.89262975182944,-0.2177290850346672
210,4,0.4115652519226597,2.082911826419536,-68.93843212746576,-0.3446921606373287
210,5,0.231979119981159,2.477792266519103,-36.06877649473365,-0.1803438824736682
210,6,0.4504010632637487,3.815533945885583,-78.69496847683516,-0.3934748423841758
210,7,0.174306921569644,1.3187706904551295,-19.405888241230528,-0.1205334673368355
211,0,1.607690245090831,7.223009817261511,-210.2786371527205,-1.5461664496523568
211,1,0.3297181959985376,3.029883423320574,-40.82442165967686,-0.2777171541474616
211,2,0.478706736998922,3.2858135832182382,-59.47490185111853,-0.4218078145469399
211,3,0.4772159787204126,3.980551232110807,-79.5938136707644,-0.4325750742976326
211,4,0.4275717105059852,3.1833907820164,-72.08117335434675,-0.3604058667717337
211,5,0.1260000461748803,0.7921958227723056,-15.805485709595084,-0.0790274285479754
211,6,0.4390112685557054,2.3831829353531,-76.50392983967977,-0.3825196491983988
211,7,0.1616379964793114,1.8035650831044645,-15.93345544694652,-0.1048253647825429
212,0,1.3571530295033514,7.489616618874036,-181.8158089697255,-1.2986843497837537
212,1,0.2261151946441139,1.779222276589768,-22.253492820750065,-0.1685870668238641
212,2,0.589237060482826,2.7728894414458902,-66.88264730524494,-0.526635018151535
212,3,0.6913983755258819,5.459119899640532,-130.58791036289466,-0.6529395518144733
212,4,0.5065185617393299,3.6661160851781367,-77.21634427156256,-0.4313762249807964
212,5,0.1754203433828838,1.0597785540232394,-25.3454555290196,-0.1267272776450979
212,6,0.4366044268418369,3.386683858861714,-74.88724778234909,-0.3744362389117455
212,7,0.2356284113984662,1.921158409176157,-22.09666875747896,-0.1699743750575305
213,0,1.6267700621423136,8.22113312431177,-199.9920900734704,-1.5624382036989874
213,1,0.159373384843329,1.093525052459851,-17.523984386445235,-0.111617734945511
213,2,0.3552320605741735,1.5525994055059489,-34.236857218660894,-0.2877046825097554
213,3,0.4258690380778875,3.611249069129714,-76.59030402017021,-0.3848758995988453
213,4,0.3825203245419452,2.4411811591590973,-58.5536767431429,-0.3114557273571431
213,5,0.2104570147995205,1.5890396706161678,-27.27909590669562,-0.1523971838362884
213,6,0.4602766375601921,4.354275617791996,-80.87490272493227,-0.4043745136246613
213,7,0.2976666860290496,2.2284647131063258,-34.03018971778048,-0.2379733546697935
214,0,1.4019462521930928,6.455496530417193,-171.19594987773397,-1.3374683584197966
214,1,0.1131143044152148,0.7324898514594019,-13.109206831186867,-0.0716350100064856
214,2,0.429425086787141,1.773243760509189,-45.69679184136359,-0.3655743347309087
214,3,0.6445377593325136,5.068552438084124,-112.16444585134629,-0.5998098708628143
214,4,0.5514249028428427,3.958673310387376,-90.88143686270352,-0.4808541632947276
214,5,0.2209525738852449,1.566965276940811,-31.188907855027285,-0.1658984460373792
214,6,0.9604196389957228,9.52375779768111,-171.35770363899496,-0.8878637494248444
214,7,0.3020202735463554,1.4953173660589705,-29.77489466625062,-0.2344479894980363
215,0,1.0019949497273235,5.2589996053220105,-127.37262253074864,-0.943500907635175
215,1,0.1708329589800682,0.926639375517304,-19.954086662759664,-0.1239384264767681
215,2,0.5684966492389749,2.762933713467307,-69.40871453986725,-0.5103581951460827
215,3,0.433305508379243,3.332789883389425,-69.52258300723926,-0.388394318476197
215,4,0.3894835812327613,1.65864557725734,-48.2946324368746,-0.3056622306131303
215,5,0.1778863701589536,0.7262428613811711,-19.21264647735134,-0.1157388342009116
215,6,0.4859027107880757,3.7991397799371343,-85.93874265428764,-0.4296937132714382
215,7,0.2345316300088005,1.2119445743058,-29.471522175416087,-0.1819229763914573
216,0,2.2096982425824985,13.411600646342324,-302.63384252278536,-2.1463393086722364
216,1,0.2042414836683415,1.3159122424696257,-21.62941748577138,-0.151254667732667
216,2,0.544065865716339,3.210579644819972,-62.15880955181681,-0.4818512368357892
216,3,0.4449479220908189,3.200635684897488,-79.99209525155979,-0.4040004810684838
216,4,0.3932228885141287,1.3412565714833111,-53.1336587430578,-0.314400347592058
216,5,0.1749347586917969,0.9437825230521506,-19.705324868722016,-0.1145658422600117
216,6,0.3652237183324304,3.313983031479353,-61.81267224540643,-0.3090633612270321
216,7,0.2324105648876105,1.6249044046207402,-22.264556185705874,-0.1674026780880141
217,0,1.4872573400496942,6.607052493700252,-205.82040969085648,-1.4293084006309478
217,1,0.1840851926817279,1.1370319524145742,-19.128445736309544,-0.1319203154228244
217,2,0.7460125988248038,5.166743457710782,-84.21599687060822,-0.6791612650855502
217,3,0.5467485917512109,3.9486758546340255,-98.899971185375,-0.504591689721301
217,4,0.3438833160445932,1.6086570028830436,-42.52353382835798,-0.2624909495577653
217,5,0.144589030155617,0.5449621990954299,-17.00925961256007,-0.089522419013474
217,6,0.2543695855896448,2.1728221683473814,-40.329518196920894,-0.2016475909846044
217,7,0.2347921981886739,1.0061811583266531,-35.593301630045595,-0.1893260725002425
218,0,1.014093394622703,7.873981940237507,-136.09008901127223,-0.9583809085300864
218,1,0.1524923549637617,0.6200453691166371,-16.07083687433645,-0.1036828185441061
218,2,0.3996912211669873,2.6898023396500403,-41.5799829035813,-0.3353224427708169
218,3,0.7624327951387161,4.58544434077201,-144.25744197022,-0.7212872098511001
218,4,0.4332955949865527,2.786248179087845,-63.0801969087027,-0.3584102097085381
218,5,0.1383358834991807,0.6142603072641863,-17.824367735807893,-0.0891218386790394
218,6,0.1562389135347275,0.6126175525266747,-21.27736165953796,-0.1063868082976897
218,7,0.3084260662399853,2.1432712534056515,-33.693559208319314,-0.2459383883818928
219,0,1.0366643514993168,4.606183435252794,-139.22234241383356,-0.980439031083335
219,1,0.1634958440889967,0.929443404430642,-14.982992953656158,-0.1085724127076533
219,2,0.5444317894311899,2.95843945269144,-63.282280705473006,-0.4830708450799466
219,3,0.3668843383902305,1.846075207150544,-63.124176151734,-0.3253823512975979
219,4,0.2863181565248162,1.0803271693494445,-32.74694179150947,-0.2033971539845308
219,5,0.1159759762359829,0.6851632194697831,-13.710919116136065,-0.0685545955806803
219,6,0.3738117138953408,2.57792069659174,-63.37172563704358,-0.3168586281852179
219,7,0.2560012193108945,1.4001918143422882,-27.3019849482126,-0.1950141782015185
220,0,0.7077343816746812,4.555555798619808,-89.97383460328894,-0.651984308719485
220,1,0.1419951567915938,0.6273323724834742,-14.759609768448511,-0.0940102533022198
220,2,0.3592814097617571,1.9080100850169688,-43.46725136660148,-0.3039667927734369
220,3,0.2441931404570951,2.135445157406116,-41.980864739534525,-0.2099043236976726
220,4,0.3869298719490641,2.6197645432138428,-62.1424107687447,-0.3186790295833062
220,5,0.0854182426398742,0.4217832709363108,-9.728861845846351,-0.0486443092292317
220,6,0.3257831372115609,2.842067287971384,-54.80628720351975,-0.2740314360175988
220,7,0.1336809114933471,1.4086585464642265,-17.908448920077547,-0.0904467117175633
221,0,1.631957325034165,7.229057460102754,-218.4238064946012,-1.571394291328066
221,1,0.177316739185371,0.7070917488120074,-15.515481306673204,-0.1193498562051784
221,2,0.3222494164426457,2.8587613209278606,-37.998446242015206,-0.2657234002938126
221,3,0.3156709688814509,2.0517156317203296,-52.900879250530025,-0.2740978199509328
221,4,0.357166301050582,2.0087001540615645,-51.65582045176652,-0.2838231892954204
221,5,0.1431269611840514,1.0925580233331686,-19.11873101602687,-0.0955936550801343
221,6,0.3469127408963532,2.240458184010989,-58.38041919854228,-0.2919020959927114
221,7,0.1658430849186892,0.9947733337373011,-15.537412854078864,-0.1064206359868415
222,0,1.7508439134786535,6.708406201583508,-229.76014315867596,-1.6894128173432057
222,1,0.1912525105733721,1.2351043865674265,-19.01824144144392,-0.1368218808736972
222,2,0.2426837910028899,1.7383367227893036,-29.245013448279515,-0.1911438787469249
222,3,0.3953071824789889,3.352612376916667,-63.86122693327507,-0.3508858622707421
222,4,0.2911604034246816,1.3434624927310743,-41.40927456906618,-0.2202620987716286
222,5,0.1829546430158287,1.2211348849909434,-26.27299566148535,-0.1313649783074267
222,6,0.1504039838807887,1.3236927084599723,-20.465515979892807,-0.102327579899464
222,7,0.2825681733779477,1.22174166577399,-32.09133892237475,-0.2228565202942691
223,0,1.5126915348659271,7.382383885113253,-208.04276920201235,-1.4548445398742125
223,1,0.142496711516837,0.6204293645053532,-12.757589409921602,-0.0892139119574937
223,2,0.3705129050784219,2.0361683009915565,-43.2008885334028,-0.3130499169087159
223,3,0.5839554350277681,3.073831367639555,-99.1425827660133,-0.5388183845978984
223,4,0.3054339987183883,1.332208689413884,-36.15451995349893,-0.2231760490956724
223,5,0.1331273876281515,0.6496510954863483,-18.43650564895412,-0.0921825282447706
223,6,0.3384076752018002,2.139130722383145,-55.93418546961666,-0.2796709273480833
223,7,0.2414898460641272,1.3838210628022931,-28.997656095604007,-0.1858824108692564
224,0,1.4924721552427245,7.617829089614289,-190.29388347197187,-1.4307810787366306
224,1,0.3551967650625247,2.972339648369868,-39.38683213753723,-0.2983850919510396
224,2,0.3263026292640838,2.24469753857982,-33.4307042748812,-0.2632338919281984
224,3,0.6059651800979096,3.671244978015903,-103.75060271242498,-0.5608140687158107
224,4,0.391323699795382,1.4207236611097456,-50.51325733005531,-0.3098972842334682
224,5,0.3576962592132565,2.6284947581387708,-54.03469573604578,-0.3001927540891432
224,6,0.4182700371318383,2.9417218688097453,-71.88040989349804,-0.3594020494674902
224,7,0.1648488663786428,0.5390852987580013,-18.250645320735316,-0.1119671492069651
225,0,1.350462297781255,6.062869233101057,-172.76147494769452,-1.2892647384156308
225,1,0.2016852055720901,1.0447116320643342,-19.127965374413623,-0.1449088285940426
225,2,0.3189785957521231,1.9580856503371904,-35.07299176673637,-0.259799939012862
225,3,0.466938676290799,5.044189079751048,-80.99547871961894,-0.4240600980084761
225,4,0.3463297653182598,3.919230295054259,-56.40590765266201,-0.28202953826331
225,5,0.316379197136755,3.526302344925212,-45.03557103214201,-0.2573461201836686
225,6,0.252073211710187,2.297756545467521,-40.71602508911367,-0.2035801254455683
225,7,0.1946468932496901,1.1772620881244376,-25.606294685065357,-0.1454903107105986
226,0,1.8521858119296104,9.534488953484558,-269.28179282555925,-1.795211952170395
226,1,0.1884754182208018,0.5519439967851689,-19.246369091575385,-0.135537810504052
226,2,0.7167068335358194,4.088253314698205,-82.90086030891587,-0.6527626795977627
226,3,0.3746444765726429,2.201172978903428,-61.9681230755636,-0.3313803373024792
226,4,0.4124127377552445,1.78447294313123,-62.50672621879237,-0.3397104685803933
226,5,0.2525765337925469,2.216707869859304,-37.68060883506564,-0.1983189938687665
226,6,0.1824599505115123,0.8694237052846886,-25.041912443446808,-0.125209562217234
226,7,0.2539079468708153,1.930526114780002,-30.78622009057991,-0.1986207747779349
227,0,1.2340281328861602,8.153789292441628,-169.59630445771018,-1.177752114289654
227,1,0.2884941166876922,1.4541143658450162,-31.126903064258723,-0.2322903213750651
227,2,0.7259048795464015,3.5546133551794665,-86.20946330757188,-0.663149717750553
227,3,0.5309344899663241,3.372244361562398,-95.3873205509267,-0.4891657464150087
227,4,0.3348591941647711,1.9701691008715136,-46.9519232069166,-0.2608440178162033
227,5,0.3091387732072673,1.812290318188956,-43.19700314962736,-0.2496936598244356
227,6,0.1892158587137393,1.5642657746927358,-27.39498956010034,-0.1369749478005016
227,7,0.2718037719972339,2.4319954457307094,-30.880437317734348,-0.2129685332257541
228,0,0.9147023517906172,5.706938139041531,-117.44630219786656,-0.8572722788165442
228,1,0.1587472933383802,0.6602505081745956,-11.320560226752148,-0.0951307582080012
228,2,0.3352991018291251,1.656956914761906,-31.6543609482224,-0.2682572961713762
228,3,0.6004811522968624,4.932587799402823,-100.9779007000969,-0.5548236302203127
228,4,0.3448729931114856,1.8907175934212197,-49.079425859204086,-0.2711570489458789
228,5,0.207050979187061,0.8544207583872092,-29.792180319940545,-0.1535679397935079
228,6,0.2262981678279242,1.3821282570910176,-34.99059204474288,-0.1749529602237143
228,7,0.2106667410727553,0.8945362489039742,-24.524836902525124,-0.1562091522453829
229,0,1.1367301016910392,5.750453606442122,-146.72180040633145,-1.0788367676936137
229,1,0.1679577612115588,0.8904025803916561,-14.709950091688958,-0.1114390158461284
229,2,0.4880657260845878,2.6410666585325595,-54.52569881773284,-0.4259820220135378
229,3,0.370792813789099,4.1282437064645165,-59.7283790251528,-0.3263845848369005
229,4,0.625235295805099,3.034212716059665,-75.47362677590061,-0.5315044139147931
229,5,0.2514408030397684,1.8730256634825364,-35.77259454943574,-0.195478658740086
229,6,0.2295171066423745,1.769826376182029,-35.89880587378971,-0.1794940293689485
229,7,0.1290911220989075,0.4969494448556651,-11.890631628779136,-0.0747838467218813
230,0,0.6213860517695089,4.0873881073879055,-76.33175606941866,-0.5654204153290271
230,1,0.0984539053500003,0.4282967387271542,-9.778654171559234,-0.0555605350656774
230,2,0.4114998389670439,2.724953052568304,-53.272898732170056,-0.3575362331018124
230,3,0.2342037246024121,1.5068023655771667,-39.61771375555866,-0.1980885687777933
230,4,0.3857060079154047,2.285746751383466,-55.01686633658432,-0.3108297533140357
230,5,0.1610529509626409,2.0566726397712314,-22.98082241348781,-0.114904112067439
230,6,0.2626475607166554,1.6606048700574163,-40.93103206647182,-0.2046551603323591
230,7,0.1085916801849103,0.6388879439945268,-11.249927077517668,-0.0614750113525555
231,0,0.6867332466219582,3.6667452679466086,-79.57613490111079,-0.6265837393788252
231,1,0.1597962846974742,1.4593706004862197,-15.643724960374492,-0.1078877583474103
231,2,0.4738248413449052,3.840548075868015,-64.91481265912195,-0.4215247575267659
231,3,0.463321584936662,2.654884561110716,-84.50746257404174,-0.4225373128702087
231,4,0.3466494560032614,1.389783887842248,-47.06017236656559,-0.2704607607273884
231,5,0.1078628839145605,0.4142053109403896,-11.728674470993852,-0.0586433723549692
231,6,0.6756374254500706,5.872728398779225,-122.4285596409789,-0.6121427982048945
231,7,0.2714975636704954,2.122074731185698,-35.09638727971845,-0.2179899831038413
232,0,1.23129974241277,6.534497169996067,-155.81359507291867,-1.171530790021945
232,1,0.1431016503346816,0.7695638078319197,-14.786064760760786,-0.0947824664151332
232,2,0.3663478468387894,1.826349746498436,-38.53067080807281,-0.3033911087249827
232,3,0.3905368230517498,2.858448729166312,-63.74018560296367,-0.3464140521900199
232,4,0.3016019712103411,2.097332911378233,-42.77911702751842,-0.2299952528361205
232,5,0.1766029640014115,0.6671528952541058,-20.656957533979924,-0.1173690768976132
232,6,0.5043422688920557,5.4418171421127655,-90.37488305220045,-0.4518744152610021
232,7,0.2540229711286488,2.129930558777137,-30.74098231645293,-0.198328918170664
233,0,1.1007309341003126,5.40300142976029,-135.17169112563175,-1.0397822394279366
233,1,0.1030586806572388,0.4599699365907576,-8.087100557917852,-0.05320460893367
233,2,0.337043621113541,1.2707878763991918,-36.85580811226711,-0.2771113391899782
233,3,0.8118500292233146,5.162717338600228,-133.68003349332955,-0.7638859056761689
233,4,0.3319107435538001,1.7440518957693143,-45.01297333387885,-0.2557555303061298
233,5,0.2837006455749636,1.90717065410933,-40.12194066690254,-0.2254041610500142
233,6,0.6824929764432437,6.252518828558062,-124.66801072542022,-0.6233400536271011
233,7,0.2387967166363229,1.7147928918900206,-25.82676737469153,-0.1793525512131356
234,0,0.7056079151937386,3.324524747053773,-101.00727445899152,-0.655891392590854
234,1,0.2510004318080362,1.918345732857737,-26.10512374838279,-0.1948143563312148
234,2,0.3465634219113219,2.7128332156248782,-44.04836340970777,-0.2936557560647184
234,3,0.6728322515374356,4.838118473832972,-114.8092150486977,-0.6273727598289491
234,4,0.3913893641167045,2.9498763465593463,-63.32369011651173,-0.3230800516148557
234,5,0.1364887579200109,0.6338586496559507,-18.147839432522296,-0.0907391971626114
234,6,0.3966220388574702,3.2451239643026373,-67.85092032672244,-0.3392546016336122
234,7,0.2291481254266509,1.3645889719123556,-29.233704801351717,-0.1771739684930406
235,0,0.6568313629679478,4.417036066481862,-95.36565957355744,-0.6074245832710665
235,1,0.146208365580121,0.7516372681935558,-14.265056007911728,-0.095738630925582
235,2,0.3858892021526557,2.1467972526438555,-42.99972221794233,-0.3257554713480479
235,3,0.4449281753502583,3.535188905520244,-76.83468645813963,-0.402275845330574
235,4,0.3349855880891561,2.0452827915010303,-52.29747408155064,-0.2668238473548502
235,5,0.3103964804920774,2.2693837428325048,-52.08017486527033,-0.2604008743263517
235,6,0.4557207902534431,3.5095987156851707,-80.03168416151104,-0.4001584208075552
235,7,0.3452385550299328,1.607298172881619,-38.832449834506114,-0.2834485389380008
236,0,0.976075850697155,8.311084595741814,-133.55418029163104,-0.9210633123560762
236,1,0.1616121617854446,0.8044288321934797,-16.265822425846594,-0.1106518532370516
236,2,0.289110141878049,1.5450150754291043,-31.609618409524877,-0.230727141675364
236,3,0.408702758637014,3.1261197623599357,-72.36518164671891,-0.3673359474452736
236,4,1.1333452371575805,8.917542783317437,-190.44935304928725,-1.052206370438051
236,5,0.1853206245543672,0.8554134848051302,-24.314357206351875,-0.1300233005687266
236,6,0.7465659642919397,5.657155319543293,-137.36763305449236,-0.6868381652724618
236,7,0.2166420306437718,1.268592875225923,-24.573378379796488,-0.1606103162078201
237,0,0.7737032090223015,4.878551076893893,-102.93202299400195,-0.7198043566014123
237,1,0.1921307142152533,1.143323309296004,-21.87205474722858,-0.1429546061910364
237,2,0.3434801381942274,1.948456935615887,-34.40865803698433,-0.2797451872925555
237,3,0.4898043515132271,3.861965791239376,-90.22518597437868,-0.4511259298718934
237,4,0.2738483475004381,1.2795964103224324,-36.46859666277797,-0.2003769047405383
237,5,0.2259642665100052,1.9513031922471649,-30.31397797228271,-0.1684109887349039
237,6,0.4015753630787191,3.188698452787031,-68.02823960764267,-0.3401411980382133
237,7,0.1353946748339791,0.4225545194078117,-15.886300323564935,-0.08776961504732
238,0,1.0657892086027407,4.804946290550256,-136.9914668251649,-1.0072901972438597
238,1,0.370981581832753,2.8399252604172425,-46.48448180184758,-0.3183868616564902
238,2,0.404595740423647,1.780134368086564,-46.62331528528883,-0.3453578910021395
238,3,0.4442077416939864,3.2681688483505247,-74.54756361406044,-0.4007933527637657
238,4,0.3832584614286126,2.478499508723552,-51.46907661204022,-0.3045507491836699
238,5,0.2039961093779782,1.100871538347861,-30.46882073160123,-0.1523441036580061
238,6,0.3098690852826369,2.473229363693103,-49.75133760009935,-0.2487566880004967
238,7,0.1246145156644439,0.9331705145972596,-12.981171868190035,-0.0750356755386707
239,0,0.934298241285197,7.226205260547023,-122.01854542392996,-0.8778312620426615
239,1,0.312404507902673,1.995149261577736,-38.629161882596925,-0.2610078505580873
239,2,0.5104893223634255,3.3452887602056647,-63.86235359610311,-0.4529244935893837
239,3,0.2872302776757626,2.598194161161365,-49.92682878735794,-0.2496341439367897
239,4,0.3570630766934208,1.9180858995634589,-48.095119498341184,-0.2796227877810534
239,5,0.3629137082019959,2.4025600913870657,-51.00667997441578,-0.3018146744048271
239,6,0.4575643508897455,4.06037171363505,-78.04115898664931,-0.3902057949332465
239,7,0.1790078794098083,0.621963148022152,-18.977519497911903,-0.123230646090337
240,0,0.8743675739908855,6.817195499394747,-120.03123538290336,-0.8221317491979683
240,1,0.1514112224478179,0.6453146009031863,-14.55230615411628,-0.0996733298227142
240,2,0.30847765076676,2.341430951439905,-36.22213925944845,-0.2533016731429961
240,3,0.2666676924521288,3.3181254875217063,-46.12943835145073,-0.2306471917572536
240,4,0.3555249911652605,1.5189952220574738,-48.239903259871966,-0.2788433714443466
240,5,0.1391758628481804,0.7535806684691096,-18.25269221852068,-0.0912634610926033
240,6,0.3561172076517364,2.4589038028234875,-59.81485674805703,-0.2990742837402851
240,7,0.1901266270310395,1.2232170829514264,-23.771940163410704,-0.13983494213771
241,0,0.7443389701492945,4.7770944912176425,-108.41681982329956,-0.6949796142519202
241,1,0.1704709542322635,0.6109975583000693,-17.0975847176181,-0.1179143773628834
241,2,0.3732672135630407,2.222048108033932,-39.23029009206161,-0.3113515086671556
241,3,0.5301366302388524,5.723239075213441,-99.54588674236912,-0.4977294337118457
241,4,0.2998926288004975,1.4776043807876482,-36.74091252091083,-0.2200054641970708
241,5,0.1354163968630025,0.4909877448377948,-16.802270744647714,-0.0840113537232385
241,6,0.3132086552809575,2.124583995211527,-51.86368703315589,-0.2593184351657794
241,7,0.1651990619568075,0.98541924468699,-16.329105112620855,-0.108139768957754
242,0,0.7151290626316283,3.335023751614121,-92.44673128111054,-0.6603337948650753
242,1,0.3674163083394329,3.594175568188831,-42.78940320877192,-0.3123314102830067
242,2,0.2370218450384061,1.1792682011467497,-22.883708688952414,-0.176028528376557
242,3,0.2352435361246826,1.0796358393823533,-40.86246354357547,-0.2043123177178773
242,4,0.375381884104689,1.7820271728790726,-52.74528932893056,-0.2996891439143782
242,5,0.1037247972667614,0.4740234531565794,-10.900804267226723,-0.0545040213361336
242,6,0.4119008543701431,2.0462736267165536,-70.80063170085614,-0.3540031585042807
242,7,0.2865232609476326,1.768775662757519,-36.70158447654614,-0.2322885093452287
243,0,0.8704549899357037,5.7706945607938485,-122.76212127889042,-0.8184141418592694
243,1,0.3705535801359534,2.584064077176953,-48.34890037500887,-0.3201913932119792
243,2,0.2363008284630282,1.3721077005177786,-23.3296798047391,-0.1767399985207507
243,3,0.7562257207589489,7.247289719180648,-143.76592276274238,-0.7188296138137119
243,4,0.4308063336830656,2.4920168306487547,-62.63943413785933,-0.3559058757832916
243,5,0.1535091853878596,0.6131178744222158,-20.40547182367125,-0.1020273591183562
243,6,0.3180646186628553,3.1854635841035,-52.52460199565763,-0.2626230099782882
243,7,0.1630136988741795,0.770414887914536,-16.48447033969625,-0.1070420151928328
244,0,0.7521383437233066,5.636259867217877,-106.61693302495875,-0.701427190953676
244,1,0.2536297031724166,1.7790847517404371,-28.764951505429927,-0.2011535070309785
244,2,0.2866953854783167,1.969093174486122,-29.02553649129839,-0.2250041588472743
244,3,0.2149330308244418,1.1356930113823238,-38.12166951400516,-0.1906083475700258
244,4,0.3200320987379564,1.7923168036272854,-42.73357979718141,-0.2441918845553223
244,5,0.1768839933169163,0.8421686304514322,-23.470044634694208,-0.1228798148413309
244,6,0.554087628385725,4.83059006744487,-98.15651581991672,-0.4907825790995836
244,7,0.3640194458172379,3.500422161431808,-53.5163053379423,-0.3129608499294871
245,0,0.6379914817203932,3.466290586584533,-88.69062016779527,-0.5873551004489753
245,1,0.2477175731647702,0.9950694006742284,-29.133915939061986,-0.1968507833720404
245,2,0.3627794129126452,1.7297522898940343,-41.81053457873234,-0.3051863837863675
245,3,0.1888253272616739,1.137663805568046,-32.55947850373104,-0.1627973925186552
245,4,0.2539820011569496,1.280329104415196,-32.970404686225784,-0.1811560697045372
245,5,0.2730533787050464,1.3976417303322135,-41.29158213242582,-0.2184739795366445
245,6,0.4191029884114038,2.8156697272167595,-72.16441672112676,-0.3608220836056338
245,7,0.1883509763598534,1.0020102326775633,-17.974056323100285,-0.1274755767595765
246,0,0.7206591710141323,5.573959512930626,-103.26888316770338,-0.6705771634266453
246,1,0.2784794234807514,1.907550103214416,-40.58833156711589,-0.23461463333593
246,2,1.3079936687115044,7.705821363385352,-193.5462328419628,-1.2486853731739531
246,3,0.3185551420803425,2.437777537259995,-57.36732124406198,-0.2868366062203099
246,4,0.3395496329648628,2.31275750804213,-46.38768862777658,-0.2635664126578215
246,5,0.1889940900189892,1.3915180834649443,-27.60245718195326,-0.1380122859097663
246,6,0.2818811016744521,1.7228158046516682,-43.75100039622187,-0.2187550019811093
246,7,0.1797766714889234,0.8370302943228822,-18.26214982962346,-0.121747665530823
247,0,0.7105999944802603,5.838086891866676,-103.9255748585591,-0.6619463366787204
247,1,0.1771832687525971,0.8759815245424502,-15.32922333257546,-0.1188311886246159
247,2,0.2350289314448763,1.6090043773507636,-24.535440420891646,-0.1777930465282003
247,3,0.175931337859676,1.0490149328013991,-29.08643929184864,-0.1454321964592431
247,4,0.2480158148403146,1.1487421887311788,-32.29855981807528,-0.1755356511851917
247,5,0.12202135321808,0.563796550055772,-16.43301002878537,-0.0821650501439268
247,6,0.7381405042374631,3.946147585928196,-138.3450148459544,-0.691725074229772
247,7,0.1723684312945743,0.966266632904905,-17.974145689058993,-0.1167152317471363
248,0,0.7978887929155726,5.295163316328967,-102.49117775951908,-0.7426896939095585
248,1,0.2736285681302479,1.2865597148834236,-30.28047781400857,-0.2194237522754244
248,2,0.324961769921619,1.4504335431101727,-36.93841050427351,-0.2676696413353152
248,3,0.1708146449346825,0.5970406346677944,-28.4455889112804,-0.142227944556402
248,4,0.391644827779646,2.661423215726577,-50.14127992760602,-0.3095140736271977
248,5,0.2623816751344724,1.3830632461597598,-37.71875788338462,-0.2061134310567465
248,6,0.1844308683835284,1.106666367717018,-25.979536996827942,-0.1298976849841397
248,7,0.2118724462546344,1.6686225767569307,-21.882793804705774,-0.1519638458660123
249,0,1.322025218020734,9.279241336093836,-187.40832111925093,-1.2662724399949388
249,1,0.1763522859041726,1.0363626302958433,-19.22656569534383,-0.1264905637851567
249,2,0.3963430953140869,1.9469053998361343,-42.061136143387,-0.3338185408205317
249,3,0.3657995884332207,2.038754845971241,-66.7016035920875,-0.3335080179604375
249,4,0.3609261991475977,1.9210635997370804,-48.82750249656089,-0.2838808284683772
249,5,0.2061112811069972,1.5338059750876312,-32.502877231879424,-0.1625143861593971
249,6,0.4875836120633193,3.5719549699793656,-84.81012617892088,-0.4240506308946044
249,7,0.3126619189590717,1.1505446194398292,-30.246880324314866,-0.2439264542283456
250,0,0.8762853382620301,6.597191545656901,-107.95581793093062,-0.8178471055373532
250,1,0.2505600289178949,1.8620581050881464,-29.01935409376677,-0.1987626992723751
250,2,0.2631293333142864,1.4537006225390652,-27.865982505549557,-0.2048969301878643
250,3,0.3619183276915443,3.0069326139950108,-64.38764945858465,-0.3219382472929232
250,4,0.4213183942557496,3.900585340956261,-63.28569391286671,-0.347723592927839
250,5,0.2098193578817612,1.6668787787435704,-28.015434059688157,-0.1530898036048533
250,6,0.3825706148940835,3.641924317206312,-63.59352247560973,-0.3179676123780486
250,7,0.1975861940167134,1.0315614118906546,-22.341563496992627,-0.1432151506217476
251,0,1.218022145589846,5.197962112177289,-151.53784208940942,-1.156777420529843
251,1,0.1483107702284728,0.5610159174229528,-14.274236898251678,-0.097103652369059
251,2,0.3539279753751984,1.653813425492323,-40.513724991856925,-0.2957206203785177
251,3,0.5845320534621289,3.4415662839206647,-91.64056175943762,-0.535909717891448
251,4,0.3852741878499696,2.0403586963719023,-56.38542246576202,-0.3115216710815581
251,5,0.256402292075627,1.5009855367601632,-28.65272903394013,-0.1885047962759218
251,6,0.4195280622192523,3.326561209664432,-72.57413742792228,-0.3628706871396114
251,7,0.3169042953042226,1.5804709108945632,-40.86695028136825,-0.2619676300087708
252,0,0.9561419497870464,4.295016272171733,-121.21106833988873,-0.8978597654806573
252,1,0.2533770885889265,2.257869420081669,-27.65158331584709,-0.1989322540708424
252,2,0.2674850861610526,1.2562082700111217,-27.95217315305288,-0.2085983071123349
252,3,0.713171748675831,5.760247002000513,-111.46955561218836,-0.6635092595963593
252,4,0.3751789957509214,2.4778772803392464,-61.55285043461648,-0.3077642521730824
252,5,0.2998267135730077,1.8527637761755675,-43.04086195004152,-0.2418025952249523
252,6,0.5899199010152089,4.280939674668838,-104.79124614736848,-0.5239562307368424
252,7,0.3125842945482701,1.3065441309912904,-33.015370519898454,-0.248235868570665
253,0,1.1732476423381013,6.985220978360847,-160.82983948620677,-1.1168738853208804
253,1,0.216168546461406,2.291479542190728,-22.494336011185453,-0.1618297554761543
253,2,0.5191095375078291,2.8657185021703127,-64.66734205225666,-0.4619095860875475
253,3,0.6857899678236155,4.06449181880828,-112.99583639632642,-0.6383945559114488
253,4,0.4378185278548305,1.962933539952708,-55.35172040705887,-0.3525587287073813
253,5,0.2215395405378567,2.290540143820403,-30.60580299424293,-0.1654367729418537
253,6,0.6713766810389236,4.483636909458057,-121.03012266987491,-0.6051506133493746
253,7,0.1245034788572414,0.4822781298362013,-10.912472485782336,-0.0695061941769575
254,0,0.8906312151043838,6.256010040129001,-118.6297379620204,-0.835420689873383
254,1,0.2050764342925898,1.1281070890193223,-24.240709794476917,-0.1563916760933994
254,2,0.5020315700416833,3.043933806285121,-65.84373386402453,-0.447916556898126
254,3,0.621333692727079,4.4933709432982045,-104.75245801844198,-0.5755629561452856
254,4,0.3164165047260791,0.9586366412949996,-37.87602851947592,-0.2338026451819501
254,5,0.2070943653679086,1.1015886707423628,-24.30887378291838,-0.145562118460589
254,6,0.5580708346295354,5.515090429713924,-98.69217228100764,-0.4934608614050381
254,7,0.1713254959961785,1.706431106079761,-22.45491151956996,-0.124060284638508
255,0,0.8395528578946108,4.096809105682959,-103.89240240841768,-0.7811458827700577
255,1,0.2237136822745463,1.2508956347942417,-22.850816673702216,-0.1680207108360457
255,2,0.5828808196901283,3.253590315638432,-75.77816657818026,-0.5262372679040296
255,3,0.5221435479529013,3.645891423808592,-93.53169736740722,-0.4796497300892678
255,4,0.3360606768093835,1.4323497257471465,-38.08100909730349,-0.2488954842961012
255,5,0.2046915430621766,0.7929645125532886,-26.136548205925298,-0.1468345404827264
255,6,0.4110568904997719,2.767257278289683,-69.67484334584582,-0.3483742167292291
255,7,0.2413006677689625,1.738293679338407,-26.21820675249256,-0.1820708802256427
256,0,0.9833712167938252,4.811963946042796,-125.8321524501918,-0.9252364150749396
256,1,0.2197415965974982,0.9253723313909268,-22.07693339602609,-0.1635328399705636
256,2,0.3299190843519471,1.6141010489462726,-37.50896046854612,-0.2718040613662762
256,3,0.5654053249139169,5.367041640279034,-101.39389319799888,-0.5226489340103035
256,4,0.3582073956990516,1.780704565902032,-46.11937503112573,-0.2778275604284682
256,5,0.3546126800891724,2.167415895938468,-43.23891625306851,-0.2863504387620431
256,6,0.5695922621770368,3.711372215554773,-100.60635519300932,-0.5030317759650466
256,7,0.1711513666448,1.4327121407685242,-16.30887112316069,-0.1117045967339773
257,0,1.3270816045042078,9.777424112197355,-181.5328469597061,-1.2694604682496928
257,1,0.2958297652232228,2.0100903663326424,-33.03246411879972,-0.2411128767795599
257,2,0.2964386086960342,2.117605422840409,-30.565045819253157,-0.2351157370711781
257,3,0.348397241396319,3.0837355851961754,-61.64591121791777,-0.3082295560895888
257,4,0.3416321216751347,1.3093735680090732,-41.94669531305184,-0.2589302179818015
257,5,0.2367575077798417,1.2867897488383766,-28.828566784344492,-0.1747185865717848
257,6,0.5118388597970419,3.4813191862317243,-90.27152256650604,-0.4513576128325302
257,7,0.3155444837258558,1.810120560660347,-39.11883460440806,-0.2590651298305169
258,0,1.4564126624112566,6.621412228289436,-210.40568608178765,-1.4027045738785844
258,1,0.1891850697222118,1.2089021167157936,-21.415169582649444,-0.1399684286447676
258,2,0.7359475871137509,4.388907283418202,-94.75695270319066,-0.6768353764513618
258,3,1.14307495246778,6.145218616156704,-207.18115660469252,-1.096196595792024
258,4,0.3545525888912776,1.476373392673509,-45.508551929576925,-0.2741479031902224
258,5,0.2434383873303116,1.5023826944918537,-28.85749812586433,-0.1792391187941883
258,6,0.4311568679785755,2.719008431370135,-73.45679775683305,-0.3672839887841653
258,7,0.3521104218656855,3.2101642511984854,-43.77868459075975,-0.2938166751057701
259,0,0.5875266342734455,3.086918546441262,-75.21564619819792,-0.5334442992779994
259,1,0.2021100801389631,0.9463092521677346,-19.344721305255987,-0.1454490323703457
259,2,0.5354730381743791,3.259424073002509,-62.77320114805774,-0.4755545541519526
259,3,1.4340288388459077,9.817099226480062,-207.0440833425882,-1.3895576063260953
259,4,0.3702758976744027,2.2649515755723875,-46.50608977387424,-0.2870746282337916
259,5,0.2409313197253557,1.7391179941142896,-29.864181134341703,-0.1788274319421659
259,6,0.3122117901698437,1.7252636760343434,-48.63677510341055,-0.244405905042264
259,7,0.1634140297269393,1.1267892189266675,-14.480791745101527,-0.1027006506744789
260,0,0.6328670816165036,4.789984864392392,-76.58171906730547,-0.5758023990022968
260,1,0.1619806168921357,0.9149752907542644,-14.858747496518864,-0.1076720833081077
260,2,0.6568798838619324,4.833796012049031,-78.60967593090139,-0.5955278479613741
260,3,0.3571727171751846,2.579067176807927,-58.04699451771426,-0.3137675379335906
260,4,0.3368025834588876,2.1141990213214377,-44.94056360669163,-0.2597720439693158
260,5,0.1871107896828581,0.8276042676433021,-23.80351079595475,-0.1307885208568942
260,6,0.4036478356876891,2.308455180820108,-68.80917223363285,-0.3440458611681642
260,7,0.2535295225805742,2.337968604398699,-28.947308635944484,-0.1955899232158411
261,0,0.7790121325405038,4.014154959059309,-105.26055223190804,-0.7259348429786762
261,1,0.20755610977742,1.578314104758684,-21.729926192672743,-0.1541129517210833
261,2,0.4733745154458855,4.359500474407708,-64.49192047289954,-0.4215158200843107
261,3,0.3863041208576883,3.9216559763872527,-63.64785875577149,-0.3421927890095241
261,4,0.4826611781494833,3.8405688165545406,-76.38464618251676,-0.4106701407662191
261,5,0.1331113350311204,0.5580672279277158,-17.33210478428417,-0.0866605239214208
261,6,0.3382859227239151,2.8901329218575182,-56.958666235148165,-0.2847933311757408
261,7,0.1461176452038292,0.6060292127769871,-14.800581498107093,-0.0925036343631693
262,0,0.8649346396583266,5.718981739675277,-115.86639559855894,-0.8102545146752373
262,1,0.1649388311862079,1.0967744941590902,-14.267526310387568,-0.1080873205332391
262,2,0.5197117014843696,1.980204194818372,-57.435545785313565,-0.4558376649628061
262,3,0.5394534994574407,3.3333559106138475,-89.91969967419074,-0.4940642839241249
262,4,0.276515807793676,1.0098123381502764,-30.47911975829046,-0.1929058212550029
262,5,0.106883502886587,0.516052307680923,-11.647138166077294,-0.0582356908303864
262,6,0.2182797192936003,1.2032786351877636,-32.789804278823944,-0.1639490213941197
262,7,0.2124334101383651,1.691760238665611,-29.652942056634505,-0.1647385669813028
263,0,0.4424236741320634,3.8473505967616712,-54.42909281300958,-0.3887792343786398
263,1,0.1414945220452775,0.5137249803996343,-11.859774051014636,-0.0865676938030265
263,2,0.3563656473805244,1.4031351658398328,-38.69627955398782,-0.2953914469770062
263,3,0.8290832270540797,5.47393655755122,-134.11581833347415,-0.77974312984578
263,4,0.32712507264244,1.6398031025269333,-39.42690480474376,-0.2448876074828804
263,5,0.1784090085821194,1.786626691355168,-25.66808938443864,-0.1283404469221932
263,6,0.180452539664375,0.8565419078021058,-25.46038487350564,-0.1273019243675282
263,7,0.1792362373629255,1.048135618132356,-20.06197296961523,-0.1253873310600952
264,0,0.718172213441014,5.817038906862799,-92.08619668216808,-0.66249062361272
264,1,0.1888285061855786,0.98095427797128,-15.438666258532049,-0.1265464447420659
264,2,0.3677340448021524,1.5494854092921475,-37.31290355291176,-0.3033569394545671
264,3,0.4162363012428374,2.511998994517161,-63.517586555496464,-0.369288293927305
264,4,0.3805978565975472,2.064636613870953,-52.5920150441784,-0.3040000869605687
264,5,0.2219717064579378,2.1056564425386166,-34.46543613003328,-0.1723271806501664
264,6,0.4979168410078663,4.230108172387174,-89.04708960403175,-0.4452354480201588
264,7,0.107671783229043,0.4383625822866617,-14.139691758397133,-0.0706984587919856
265,0,0.8528427026259298,5.063155739565377,-117.45240455849743,-0.7989959493775336
265,1,0.1819910006635202,1.236681610464302,-15.897347039960673,-0.1232352483717881
265,2,0.2196098316421103,0.929575786336758,-24.278802713008965,-0.165161923217748
265,3,0.3368342772355802,2.104466454980918,-52.30999101544162,-0.2922345866784448
265,4,0.2840191678104599,1.3490907199135551,-39.8561268698488,-0.2131343682879615
265,5,0.1788543413940429,0.8396788580779997,-20.56836292910413,-0.1188922712664978
265,6,0.2475196363001901,1.2142887507937736,-38.264235760017776,-0.1913211788000889
265,7,0.0834130108581971,0.3087154365274354,-8.119415328335167,-0.0405970766416758
266,0,0.7316427441415525,3.908346606498737,-96.91114726287512,-0.6777003305096163
266,1,0.2715863066707681,2.813779763484068,-29.910321209684056,-0.2167414580411888
266,2,1.394780814285782,8.690814574644946,-216.6562391953981,-1.3373841925641856
266,3,0.639969137003839,7.032064816445276,-115.10601995903964,-0.5964042484924333
266,4,0.253586145862513,1.3883717965037612,-33.102566432146034,-0.1808883411592679
266,5,0.2549961609357056,1.5008034663136798,-36.428443973721485,-0.1990625353755272
266,6,0.3258633626817404,3.0086013874106445,-53.4474963981188,-0.267237481990594
266,7,0.0930987265714056,0.4812427310635246,-9.626097937075514,-0.0491127445769158
267,0,1.478015594005286,7.772633076285477,-204.5452816991495,-1.4204533451329828
267,1,0.2249825067941929,1.4485272820096589,-23.990709739167816,-0.1713622124226272
267,2,0.3420156439520434,2.448413202639134,-37.61496599923346,-0.2828192932273192
267,3,0.5140471748301332,4.242993708233026,-84.29048031242999,-0.4682804461801666
267,4,0.3171001176420237,1.9399636281051185,-40.08560630034479,-0.2386047994068142
267,5,0.1804195705163812,1.4231933944692987,-26.112473114894478,-0.1305623655744723
267,6,0.2899543350210841,1.3343180941140529,-45.16919900475075,-0.2258459950237537
267,7,0.1469210251458668,1.2357582047323097,-15.79451570407318,-0.0951476849642962
268,0,0.7145911949695037,3.7894987177735575,-88.05718923960106,-0.6571432032806049
268,1,0.26672161442715,1.6364241291349682,-29.09365121743547,-0.2123624176455143
268,2,0.3030225279516337,1.1263598775234371,-30.20524211695224,-0.2397241437853352
268,3,0.6009152023477213,4.133824504484403,-95.11066573416952,-0.552968986826567
268,4,0.2440215342520408,1.0296632812155453,-33.75871262336882,-0.1749156094475068
268,5,0.3123794039744182,1.5484361785696807,-50.624528509625016,-0.2596129667160257
268,6,0.3106300551524439,2.3964979181761343,-49.96393563798657,-0.2498196781899328
268,7,0.1201380469349372,0.537950444120726,-9.395155145609568,-0.0626343676373971
269,0,10.269304698968924,45.006840203265085,-1980.6204244197625,-10.209383631029704
269,1,0.2927573651607345,3.164882860172379,-34.46046424590884,-0.239308779485478
269,2,0.6490934021581952,3.124968534169077,-67.26658238884932,-0.5798843309383561
269,3,0.401409106977746,3.3276779868539244,-63.73947020909132,-0.3560864257491135
269,4,0.2866497474361453,1.0956724122393005,-36.06268021870945,-0.2096667454576131
269,5,0.2787779932992307,2.852130840638682,-41.52735459683209,-0.2232653472947962
269,6,0.4033359269315131,3.854030313267886,-68.50915312278393,-0.3425457656139196
269,7,0.1757264619384844,0.7761387480697682,-17.431222624945384,-0.1177785312496309
270,0,0.5917740033003172,2.995321602160595,-70.54776394162394,-0.5344527571335147
270,1,0.1214845381324865,0.711349231624046,-10.308131086216733,-0.0701233407225628
270,2,0.309812930843337,1.959091447388392,-32.70060857316522,-0.2496229662073681
270,3,0.3624948697577679,3.638277335780754,-62.95840167841481,-0.3212163350939531
270,4,0.4065839768690881,2.231332808533339,-63.09268776427351,-0.3355994030014548
270,5,0.182342012596885,1.4789083054063843,-23.585552258188827,-0.1268040443988646
270,6,0.3101485335685637,2.957016838174664,-50.4911695124793,-0.2524558475623965
270,7,0.1374617085130444,0.8383119895792381,-13.691968246551417,-0.0845183225095766
271,0,0.7623349153873951,5.086834743917699,-99.89108058671374,-0.7084473800476152
271,1,0.1162672356408525,0.5523641098844257,-10.724030630167103,-0.0683059275806821
271,2,0.3731471417306,3.2227157559197157,-45.6595774235902,-0.3170803987749319
271,3,0.4014013870975355,3.580334139226542,-69.6356496606632,-0.3589466477353773
271,4,0.3567492957087064,1.5530316864461031,-52.04921346437713,-0.2844219314993286
271,5,0.3024245343465782,3.651738368237897,-44.0983547968936,-0.2449908599827422
271,6,0.3864703345328478,2.659885919564825,-64.34922281599043,-0.3217461140799521
271,7,0.1738041289982452,0.8245176549658492,-21.296305173508014,-0.1238157277529535
272,0,0.8388412977079317,3.792425398899207,-109.6120516224569,-0.7829432258746921
272,1,0.1325159187437094,0.6045175738530985,-12.289508726121232,-0.0819300581741415
272,2,0.2719992599583843,1.2899515928269238,-31.345248426115976,-0.217675336292472
272,3,0.3998144299280277,3.470801835591105,-62.21988935243007,-0.3535220985933527
272,4,0.3036691851535083,1.3178020917563171,-35.8441562838955,-0.2212602239746635
272,5,0.2247501006797317,1.3459335703795396,-28.565846541498008,-0.1651205002398728
272,6,0.7342853379003959,6.057991755807247,-134.29480410282662,-0.6714740205141331
272,7,0.2448623022228211,1.5749218983564257,-28.458654588838385,-0.1884679111843601
273,0,0.7144134433919984,3.413450883048191,-89.51659488462955,-0.658210256504629
273,1,0.1039190069614397,0.5162733770772562,-8.923396177648796,-0.0561219885386716
273,2,0.6256623249546138,4.348359199762477,-74.53752909325661,-0.5646782507064895
273,3,0.812842302032706,4.187619395940735,-128.19742443154576,-0.7630799073306295
273,4,0.2897220622621952,1.1563654255609592,-33.80026660519096,-0.2073635988048525
273,5,0.3135118453636895,1.2040237816396433,-43.60855339288824,-0.2535381011214432
273,6,0.4215922857763536,2.9539433154553296,-71.63654024452471,-0.3581827012226235
273,7,0.2765784271313374,1.3205928825974969,-31.8443673258794,-0.2181121049717767
274,0,0.854505007131848,6.962011471594505,-118.69235557869445,-0.8019753755317193
274,1,0.1266831932294798,0.6579237255813103,-11.047334935872527,-0.0751519383392689
274,2,1.638754154625027,11.674814016184364,-239.6602905995153,-1.576712438154706
274,3,0.6216071338761913,4.465150816465883,-96.11400438680052,-0.5721071689690507
274,4,0.3247255230940874,1.7780010630461396,-39.32258123765333,-0.2427319829484773
274,5,0.277232765049311,1.521168687675562,-40.19923645213528,-0.2208749255611828
274,6,0.5464764693995159,3.741229568722539,-95.90238758865684,-0.4795119379432841
274,7,0.2884415131220769,1.1078318940534972,-32.1041653526005,-0.2276891159758901
275,0,0.7905313054621808,4.679016511180463,-102.05404074274388,-0.7342017319621862
275,1,0.1808642804820747,1.502581995531684,-18.503545067855583,-0.1284968407489971
275,2,0.3993825306911522,2.4281834870102594,-46.30584715065461,-0.3404841702254015
275,3,0.562078350054161,3.322176659750044,-91.80114109848144,-0.5157367477442778
275,4,0.3728380500316834,1.956002607959676,-47.35658665821621,-0.290531206492124
275,5,0.2635661701613657,1.1946891367159522,-31.389454835689985,-0.1986674356689239
275,6,0.6858503888266285,3.273829704592551,-125.19301820536376,-0.6259650910268189
275,7,0.2164832535890449,1.1433947248806775,-22.275095768451976,-0.1568668716088167
276,0,0.5863584276243179,4.647762522666871,-82.6895563200269,-0.5369451709092655
276,1,0.1927301211874053,1.0959762416367105,-23.89173546374044,-0.1465750641947266
276,2,0.2897557301991592,1.094451770500361,-31.803439172655136,-0.2321418917712053
276,3,0.3731348592928015,2.989841841423887,-60.91225296051689,-0.3292554214081994
276,4,0.3550854984803649,1.65649978185782,-47.68390690074842,-0.2772320168648164
276,5,0.4827031597350248,4.552540961140609,-76.07452908547272,-0.424997369192585
276,6,1.3633211783959165,7.693122689322776,-261.08976073263653,-1.3054488036631826
276,7,0.2468234861482571,1.997824383845444,-30.41608625852539,-0.1925068750539581
277,0,0.8583473699639085,4.389242346440835,-120.07440570137037,-0.8058684946400695
277,1,0.1668715489720904,0.9896392595353384,-16.361976071391254,-0.1144194130866521
277,2,0.3684808665813127,1.7456662283998765,-42.16973321904284,-0.3100715677870797
277,3,0.8622645135415934,6.982722285471317,-144.9470237321064,-0.8143091220904854
277,4,0.2790891513982811,1.2910849640212083,-31.81971165167641,-0.1964179731584963
277,5,0.3092003282826821,2.187776697571034,-37.37192744834525,-0.2426748535606834
277,6,1.1067598694104732,8.388312399093117,-210.52736343401529,-1.0526368171700762
277,7,0.3914118672721169,3.3584195151083938,-44.183906147585134,-0.3272881936858158
278,0,3.031154829285576,18.83300747779294,-288.0031620578517,-2.9691047634830072
278,1,0.1294078180297104,0.4716487431275409,-10.310795096065132,-0.0747159064932256
278,2,0.2203486433979128,1.1844051444817556,-24.414287078793777,-0.1660835855700257
278,3,0.7332530465824598,4.192596864652391,-124.97024787005802,-0.6866497135717473
278,4,0.2602103532351132,0.9430832745044658,-29.268472101006047,-0.1784662932988173
278,5,0.2398572720531994,1.164714424008383,-30.353591050611808,-0.1796070476367562
278,6,0.6427455456867471,5.371550249688789,-115.9777788254692,-0.579888894127346
278,7,0.3769840706682809,2.5933559410937725,-47.1933667878629,-0.3188740999179925
279,0,0.5659533480961327,6.021695709788479,-90.83440189194644,-0.5220367924824507
279,1,0.2341855821222061,1.5202256769941644,-20.809486465746065,-0.1719792269896369
279,2,0.3582316463555446,2.283615527110503,-40.66712180057135,-0.2990229544159658
279,3,0.354394188310059,1.7368414730856492,-50.4605336655697,-0.3058214161549679
279,4,0.3163710983229446,1.664295437009456,-42.26818955542869,-0.240160167928572
279,5,0.2296104613196045,1.1476925573028984,-30.58828061216638,-0.1718442731020583
279,6,1.172927592770236,5.976122591639518,-222.82614462058748,-1.1141307231029374
279,7,0.3222827542922572,1.8638357621457464,-40.08290924700624,-0.2654497301126241
280,0,0.7136590924840468,3.5906115600710504,-82.28893729470335,-0.653086803926217
280,1,0.1433018593619646,0.7830865434110809,-13.560671264657024,-0.0922494643854219
280,2,0.3296591686715128,3.016868176577084,-37.00904388427794,-0.2721253226785143
280,3,0.2459800582371549,2.346305184902883,-41.25739849407768,-0.2062869924703884
280,4,0.3783367711907053,1.7336624734163144,-49.118902571307466,-0.2976903186139846
280,5,0.1824308780118524,1.052368020422326,-22.9018644922847,-0.1258344202872786
280,6,0.3446669429128584,2.483146233914272,-57.03446339932111,-0.2851723169966055
280,7,0.0959926514924303,0.3036844244906672,-7.267561140142097,-0.0440458250917702
281,0,0.5499234837084782,3.7752175230375737,-72.11417416776456,-0.4973391321914797
281,1,0.1423403739548429,0.4905938887400781,-12.714831618783409,-0.0895410677379113
281,2,0.5240729814384915,2.7238113715579915,-67.4064841217792,-0.4681005841790222
281,3,0.2969120280402252,2.3690821539344338,-49.26238358111811,-0.2552455107829954
281,4,0.3421656100757193,1.9894285494555224,-45.46699396861554,-0.2643429881896252
281,5,0.1640058613564239,0.724267189302155,-23.226488454744548,-0.1161324422737227
281,6,0.7778064950842568,4.272566776372635,-143.13967045094154,-0.7156983522547077
281,7,0.1812714817034204,1.0591281193862785,-20.68623057401467,-0.1284859041864265
282,0,1.1479837546784142,5.936067917932276,-166.4434785629601,-1.0950228852826325
282,1,0.182791318136715,1.2108981117951396,-19.71682814238055,-0.1323277056535607
282,2,0.3099261009853558,1.2791218796327657,-35.79133133779599,-0.2538392293460708
282,3,0.3325729760898933,2.5437657116873997,-54.45408792212844,-0.2896494038411087
282,4,0.5307784362037363,3.25468712286646,-74.15312900179525,-0.4494129030411833
282,5,0.243837779708408,1.990336076332812,-33.23937389588203,-0.1856948262339778
282,6,0.9958510801391828,7.253455243863207,-188.3481255498484,-0.9417406277492418
282,7,0.1206824407482348,0.4543448172450097,-13.605680475559092,-0.0739439156280385
283,0,1.1975880415482885,8.33682032151813,-153.5224515737457,-1.137203344990709
283,1,0.1376726074248289,0.6154425894384208,-12.66038357721285,-0.0861250583483867
283,2,0.2296415165572704,1.1544528783937158,-20.28293876363665,-0.1649019411677776
283,3,0.5350990317933073,4.21737456206034,-93.46344518633458,-0.4919128694017609
283,4,0.3179756996993848,2.4473460598983445,-38.15632855175709,-0.2355328922947968
283,5,0.1369026119229887,0.8277307752160677,-14.43733479608746,-0.0797642806413671
283,6,0.8628173906488189,5.158861983061924,-149.16143175981463,-0.7892139246551039
283,7,0.152587807542379,0.8273066408792688,-16.045263629306987,-0.0996600225422794
284,0,2.153301638164887,12.66536291826608,-282.1010565463359,-2.089637455898784
284,1,0.2293546397875826,1.7493485120439936,-26.59075297710302,-0.1784614293765303
284,2,0.3438643744718997,3.2931893002926165,-40.61120285597017,-0.2880227152905685
284,3,0.3225782993776629,1.9015930957009064,-54.92500791372825,-0.2816667072498884
284,4,0.4070010913421594,1.7279448730051292,-56.090180046072014,-0.3280127488074387
284,5,0.3027777707674232,3.47631569919092,-47.69139057108956,-0.2483926592244247
284,6,1.1325092038775173,10.7621765965624,-214.45027571514632,-1.0722513785757315
284,7,0.130028147470662,0.5278180164308989,-13.054045497419883,-0.0786388282977101
285,0,1.5600843607693926,7.199128109962119,-191.32125769129289,-1.4946973257132254
285,1,0.1699767791796614,1.418717960700464,-21.46695354358153,-0.1255377400209446
285,2,0.5298309626787194,2.960298421695664,-58.14352276133168,-0.4651481820906534
285,3,0.4588632564865241,2.600436647935122,-78.12798954818241,-0.415574412490332
285,4,0.2539940425265083,1.092243326660547,-30.07287237959828,-0.1758647507578846
285,5,0.3022570435206634,1.6475313759079078,-47.68753596185172,-0.2483725831346443
285,6,0.4960419218388163,2.3732971469981248,-79.68373057120444,-0.4238496306978959
285,7,0.2258884970657653,1.751041831900637,-25.306583749093377,-0.1687105583272891
286,0,1.9900878381108087,10.762899053288256,-271.9376227752389,-1.9286356225194248
286,1,0.3552552310480505,3.646975435704896,-40.74800942504715,-0.2996177163606408
286,2,0.4434043162734263,2.6993199419605545,-48.74775034950539,-0.3808417996055108
286,3,0.4709566419551945,3.2076011698522047,-78.4804169659957,-0.4265240052499766
286,4,0.3019087639405339,1.5391662247279034,-35.5325927266562,-0.219336992139853
286,5,0.2591091126232567,1.840914104122356,-35.81946417467854,-0.2012329448015648
286,6,0.3786020802343344,1.719333460557665,-62.69065635959239,-0.3134532817979619
286,7,0.2389918728759904,1.9229820642092168,-28.63564082483821,-0.1835618001592192
287,0,0.9785581462501396,4.876368787514179,-125.0368510886998,-0.919388610946322
287,1,0.2521625884164239,2.186760940478968,-30.311946469358343,-0.2020796431290556
287,2,0.4158536824222941,4.110204424184351,-49.74240304154457,-0.357859014687371
287,3,0.3420360669552545,2.512916067324856,-53.13333799580002,-0.2968342904793297
287,4,0.2430138488964391,0.9044991156359076,-29.86052856163778,-0.1677557784361673
287,5,0.2607090087033665,1.2115959343025982,-32.54089533817552,-0.1984200935254604
287,6,0.5052674911321177,3.563182204462728,-88.55907257382921,-0.442795362869146
287,7,0.1825622926553234,0.7511117330783506,-17.725314050139858,-0.1230924586815268
288,0,1.87314250932377,13.7312598277,-249.90822604140115,-1.810929174213052
288,1,0.1331914018668677,0.423724346957669,-13.492252719017928,-0.0853940045507463
288,2,0.324742936224831,1.7691176932378272,-34.542362133035134,-0.2636821536872911
288,3,0.4773429532900211,3.940873987438549,-78.25383650103942,-0.4323416381272896
288,4,0.203209353343737,1.0595020995053552,-20.77476886363804,-0.1236593384740359
288,5,0.6346190374941603,3.323773275657156,-105.66819552136076,-0.5774218334500588
288,6,0.4385403427815882,3.3653912615320585,-70.09342521342697,-0.3669812838399318
288,7,0.3337974039387197,1.803523841047792,-38.612687469935445,-0.2738488473045067
289,0,0.7035251116938018,4.079417238424344,-88.09837911517673,-0.6477821993762994
289,1,0.307827510590778,1.787618391814487,-30.393600302996838,-0.2471024414877791
289,2,0.2619932748643711,1.5368570914141133,-24.22212644676878,-0.1969278572908031
289,3,0.4665199134537617,2.2946584219235904,-76.6684174860664,-0.421255041132233
289,4,0.275368805139685,1.054673972132929,-30.981105923346263,-0.1924292293375544
289,5,0.2273248191203555,1.0234756190418193,-27.60311687782604,-0.1652881250169223
289,6,0.5432645145120767,4.965382264189896,-96.7991542876253,-0.4839957714381265
289,7,0.3133819415802972,1.906967925570329,-34.94325098141634,-0.2513902948303333
290,0,0.9942457851350934,4.910381763897998,-119.46438531602716,-0.9333155102814622
290,1,0.1334835280478939,0.7695346121163118,-8.707217723190068,-0.0713706370753284
290,2,0.4874261330154259,3.133277359059745,-55.30027456963391,-0.4253867274587224
290,3,0.6526728285224999,3.4589214077153536,-101.99975530871843,-0.6035488479805825
290,4,0.3285653411149824,1.45039038149003,-45.239305673592646,-0.2541534026606328
290,5,0.2151936928885898,1.7990455654509927,-25.608449796559324,-0.1533440107578402
290,6,0.3670857289178125,2.3536557073469084,-60.465872493237725,-0.3023293624661886
290,7,0.1769215863699453,0.8398494824335389,-15.052799774211802,-0.1123343266732224
291,0,0.8609389980149792,4.093025828589708,-112.73051917457244,-0.8052179941040889
291,1,0.2344318333701898,1.8380048148034247,-25.77610685274826,-0.181521879244706
291,2,0.5129067065258164,2.2413455783259884,-58.21151334192464,-0.4512520414102685
291,3,0.5231748986863182,4.542703604058784,-79.67132301635408,-0.4742340655735362
291,4,0.2726998883701838,1.339260744310969,-33.96524326039182,-0.1963308858982186
291,5,0.1538720729878589,0.808788036594826,-15.16573592032435,-0.0913598549417129
291,6,0.585269253972564,4.443905106065102,-104.271450486519,-0.521357252432595
291,7,0.300164704525023,1.3942626324112368,-29.528302645223505,-0.2325063200411299
292,0,1.346374838881141,5.429819363019338,-184.211155345568,-1.2881898975214547
292,1,0.2497639699171973,1.439377973366772,-27.72204189095247,-0.1966102261769678
292,2,0.6220545870713032,3.557763487289101,-72.11380330075757,-0.5590217310136245
292,3,0.7484414753429776,4.406266470834198,-120.3298698335462,-0.6995922664741058
292,4,0.3382956306656609,2.841893811384212,-48.924953817653225,-0.2658964881394197
292,5,0.2252091214108119,1.767789728698373,-23.82910144452074,-0.156770404240268
292,6,0.3343719803245265,1.7205632094934022,-53.83184819374775,-0.2691592409687387
292,7,0.1805368491438137,1.0261958088063534,-16.4096220317665,-0.11805483476091
293,0,2.1536024349097063,8.366484081253107,-303.6696752938018,-2.0942736227158743
293,1,0.1144375477984397,0.5644340056663203,-10.334369575736496,-0.0662459588188237
293,2,0.3515615046723835,1.4232292914256457,-36.99080053303087,-0.2889906291643037
293,3,0.6176302263231492,3.656624314859393,-94.82041904275223,-0.5677869403757619
293,4,0.411966196878642,2.4598374456199146,-60.84814329494995,-0.3380452405274997
293,5,0.2743731702186732,1.5563767216992368,-32.18945079102572,-0.2076738760711337
293,6,0.309310252815848,1.78106227349337,-49.97236970007188,-0.2498618485003594
293,7,0.3402913411756586,2.4646458269593463,-38.74057480438314,-0.2787091712545549
294,0,1.0901190451614065,5.522370243031071,-146.82514522185616,-1.0339798959285644
294,1,0.1248397043639575,0.5149139419342925,-11.444438781111874,-0.0752923604020518
294,2,0.6004294348999549,4.858323611985436,-83.08063950743018,-0.5465831546541459
294,3,1.0816514434521196,7.792524147159355,-182.81069908999496,-1.0328288084180506
294,4,0.3194532444052591,3.1614358687446917,-48.637933449931296,-0.2507109971645943
294,5,1.1581049429601382,8.312763060214689,-199.0958205284113,-1.093933079826436
294,6,0.3709669549003301,2.185946667313058,-62.25901151743756,-0.3112950575871878
294,7,0.3931503243386611,1.880721764524942,-40.194519416843306,-0.3241493501358331
295,0,1.154724312283526,7.295791817341698,-150.2750196603543,-1.096897953725214
295,1,0.250562510263639,2.8195864345545067,-29.04810485716596,-0.1989596223093558
295,2,0.3532904529582755,1.7231528001449394,-38.676858644287,-0.2930065048809621
295,3,0.6830605190823787,3.587593395738727,-105.76110702288295,-0.6333000420531913
295,4,0.3665751332699501,2.3515040447098707,-50.12080878133984,-0.289715657695606
295,5,0.2328478766389377,1.18077051008813,-28.129148970957992,-0.1704796907330787
295,6,0.3501404278674291,2.877804633232749,-56.65843365598568,-0.2832921682799284
295,7,0.2008114401030699,0.9664434932673636,-22.10794735402939,-0.1444963879348326
296,0,1.187513718048879,5.48396422341717,-162.9504090512636,-1.1316000628559972
296,1,0.1078799061104519,0.5785605526791886,-7.820330135002691,-0.0546876233216971
296,2,0.5251939884206289,2.3002292712512173,-61.835659676844095,-0.4649297720063465
296,3,0.8471345747405173,6.06991983181611,-127.16162230187828,-0.7947601393867392
296,4,0.6018163393936881,3.7775224220417543,-88.26677027597215,-0.5222885815146281
296,5,0.2256675917127585,0.9123821760342052,-24.512306888487963,-0.1591708239512205
296,6,0.3657960086343025,2.1957792763048234,-60.51692593987291,-0.3025846296993645
296,7,0.3079111867243382,1.299564453058157,-35.205868723582064,-0.2479286529829723
297,0,1.3383264105607726,7.518073537143426,-181.7737690058817,-1.2800969648301526
297,1,0.2131658935102747,1.613196750876793,-26.32315841387298,-0.1655544554331634
297,2,0.4849873786080311,3.489035358025519,-56.89334189447227,-0.4245771783169572
297,3,0.6367294610307302,2.6628831884241064,-98.74272785818866,-0.5877543324892182
297,4,0.3707796230314982,1.7926923346474508,-52.65662387194736,-0.2958237296176818
297,5,0.335147516140446,2.481825972442192,-43.30680303575168,-0.270667518973448
297,6,0.8318027511484221,8.689868777731602,-154.2283240593029,-0.7711416202965147
297,7,0.2108832062687552,0.9541015170050352,-18.96300751528566,-0.1447557825594325
298,0,1.4477685083476608,9.971017045209932,-183.17156644402124,-1.387663382151676
298,1,0.1806769622813234,0.9426261533777852,-19.360540552284444,-0.1299365137737211
298,2,0.5836578121542225,2.826894490411461,-71.36462658155418,-0.5247399013349572
298,3,0.6053072309166614,4.326660834260933,-93.44814484029474,-0.5562389573827068
298,4,2.612644256948492,18.8724865524876,-506.4517929128592,-2.532258964564296
298,5,0.2028247394467552,1.3743130474226075,-24.195997663518614,-0.1423293980206977
298,6,1.5866627601288104,12.238926252854592,-289.7910164989514,-1.5172304528740912
298,7,0.1924699230932544,0.8775890351336627,-17.362129785488392,-0.1286083687813955
299,0,1.349863018376702,5.566094825257479,-168.79746090068986,-1.2885302358831288
299,1,0.1587093970896254,0.801224331605362,-16.145679640223975,-0.1083602660417716
299,2,0.662644876223598,4.300908959021761,-70.64524651616908,-0.59365753374932
299,3,1.2696859605351023,6.528654495408869,-222.31506799184925,-1.2215113625925782
299,4,0.4286791064710141,2.8121086990386632,-62.46189976057127,-0.3528920890427755
299,5,0.2510352656205366,1.2319400569149777,-31.346136963000017,-0.1888321503795181
299,6,0.5280956774357323,4.8740087764798,-90.39034589307292,-0.4588342431120453
299,7,0.2021539720929211,1.7837347397787942,-24.37445877298023,-0.1495365568894492
300,0,1.1594032036672528,5.863903388620013,-139.2757875368167,-1.0966597443843833
300,1,0.1607255248365557,0.7288642997670887,-14.015908828472444,-0.1045963345408391
300,2,0.318986883721274,1.349769455022654,-31.294084324887518,-0.2544234497958334
300,3,0.4172207881922201,2.25585898922244,-67.7705545055058,-0.3723656840961857
300,4,0.3664930276947536,1.7956900694732596,-49.75842172220423,-0.289293149547699
300,5,0.1624018379635399,1.6391466725179062,-17.390798872228356,-0.1017005782001658
300,6,0.4087784096909888,2.2957618946613074,-68.59563748454258,-0.3429781874227129
300,7,0.1914881953745234,0.8390618680147951,-17.47641698714697,-0.128503066081963
301,0,0.8923117583408298,4.473086020996592,-114.37968531616342,-0.8348882139865943
301,1,0.1576722101552954,0.6279350381164658,-12.011687241403203,-0.0968684454951871
301,2,0.2356757180299678,1.033381683811406,-27.399863993917748,-0.1826657599594516
301,3,0.413817516071121,3.2393192993672417,-69.16477592115376,-0.3698651118778276
301,4,0.3698888109856802,2.0830288328658257,-51.06587461963841,-0.2934820380438989
301,5,0.1634045400430671,0.7966507428724239,-18.829430871997697,-0.105783319505605
301,6,0.5192730911059185,2.974745595496638,-91.6294681137322,-0.458147340568661
301,7,0.2372946103886871,1.1001876378232636,-24.491627370937017,-0.176198758064295
302,0,0.6897205001791247,3.151078874037155,-80.65132641051842,-0.6300884875821752
302,1,0.1995059849824404,0.7709696190020886,-18.794061805071564,-0.142379256099027
302,2,0.2080478671157018,1.0444591548581463,-21.001330163741272,-0.151088706213966
302,3,0.4835740654720069,2.498299242246973,-80.82361784943589,-0.4392587926599777
302,4,0.3966825283728779,1.7193645760586524,-48.49373682041588,-0.3108572873103582
302,5,0.184191646140331,0.738818747696345,-19.12902798635912,-0.1195564249147444
302,6,0.4541787556899233,2.4613125205542885,-74.67900593713783,-0.3849433295728754
302,7,0.2724418223939853,2.044745921613754,-31.193524764528057,-0.2136542792090962
303,0,0.8989121598951292,3.874473375291917,-113.49165462929136,-0.8406789231799359
303,1,0.1695384275851114,0.7444513690814494,-18.444391674110214,-0.1205515795693478
303,2,0.3463747622991169,2.069942733425398,-40.90126311309593,-0.2900798802347229
303,3,0.7362215808290543,5.876118565025066,-124.12109962722764,-0.6895616645957092
303,4,0.2997042489231732,2.6124253871044,-40.90425727307971,-0.2259903716744735
303,5,0.2177034764170279,1.4277958763851877,-27.3286947981686,-0.1579693340934601
303,6,0.3881950268116559,3.532157811911543,-64.83669835346025,-0.3241834917673012
303,7,0.3990329031053347,2.8957927595901607,-47.16569207605294,-0.3368978005432353
304,0,1.1407602639261865,7.529579567268927,-146.03944027014788,-1.081773631630725
304,1,0.2797477053039383,2.343067205351416,-29.69216443063011,-0.223249356621279
304,2,0.5303404196668887,2.41536884167615,-61.39020564790354,-0.468627524029798
304,3,0.597888763991068,3.280696089905066,-100.47526517223191,-0.5520618965507249
304,4,0.2551781040731931,0.8155704279535982,-28.396943636889965,-0.17315209534689
304,5,0.2280364342399508,1.4042972563891805,-26.17462759098292,-0.1635914224436432
304,6,0.3262229432554994,2.750870553713189,-51.95044930092217,-0.2597522465046109
304,7,0.254920799004728,1.102938857890408,-22.434619353107696,-0.1838903225664565
305,0,0.898526768063278,5.098604982782994,-110.8272974168091,-0.8396007380061296
305,1,0.1565529211951625,1.0960972956036452,-12.411653051054218,-0.096966039461361
305,2,0.6171669597875913,4.484839391759722,-77.0407327601605,-0.5582661794214528
305,3,0.6180912968152799,3.930659850492343,-98.021117069125,-0.5698902155181685
305,4,0.3118829748881092,1.888412635645218,-38.027788739689306,-0.2304714469072079
305,5,0.2121395973639531,1.09107571913054,-26.39898026869896,-0.1525952616687801
305,6,0.4479357803572444,4.5345823397032845,-75.381541396354,-0.3788017155595678
305,7,0.6334160087220446,7.460044363163977,-88.0886597193411,-0.5757428739826216
306,0,2.620849935537481,13.988384804097898,-373.66659719726607,-2.559360254775795
306,1,3.118334461259673,14.387447687555465,-541.7440954992599,-3.0607011045155925
306,2,0.4182748372013466,1.618009224175324,-46.78753174616144,-0.3571567308867285
306,3,0.4573955008594073,2.921517865855308,-72.75884652825012,-0.4110669295381363
306,4,0.3871082902539068,1.5913237979558914,-54.41623020329504,-0.3109498868759717
306,5,0.2226537487742798,1.5210772385765894,-30.87669099800496,-0.1669010324216484
306,6,0.5965366661499147,5.753796699568456,-105.9887216925762,-0.529943608462881
306,7,0.2085924068602044,0.5894322495931057,-23.455511176427557,-0.1523085141326464
307,0,1.2406092805162057,8.163532190305032,-168.16160342818654,-1.1842366438604686
307,1,0.1730561211717013,0.8180226036943695,-16.377275110281406,-0.118675906596242
307,2,0.2510446524134777,1.7426866144601083,-26.1794942903994,-0.1924962815470544
307,3,0.8318160959456705,5.521378590935743,-133.76465497663114,-0.7822494443077844
307,4,0.2920071454077106,1.3082834267048198,-36.122684755659726,-0.2137436967790516
307,5,0.218993801398036,1.0118769391432298,-26.451394302098382,-0.1574487756077285
307,6,0.395629106881293,2.591203859838312,-63.19253929108256,-0.3257347386138276
307,7,0.2604590406684542,1.9791756147138893,-27.306205374382504,-0.1978710534375543
308,0,1.0780427871025564,5.802723583415281,-148.25704695676853,-1.0224623928053005
308,1,0.1684425859047073,1.1973480414334092,-17.12817383260964,-0.1165181893374805
308,2,0.5043658164536179,1.6994778959820178,-54.50020084884255,-0.4395177487809882
308,3,0.5678551450787185,3.428707140087497,-91.15605560522964,-0.520891746315598
308,4,0.2743301589916216,1.2406021631153137,-29.993987585006536,-0.1898353644620667
308,5,0.2887605804382088,1.9940844355237763,-41.34556133419172,-0.23098078957649
308,6,0.4783912745350406,4.023166114333689,-79.56261602848411,-0.4080134155306877
308,7,0.2550996975902537,1.9152954933100568,-28.9316765984536,-0.1968141265200924
309,0,0.8817285761510311,4.102097205301354,-112.97543900035366,-0.8246382408784939
309,1,0.1618929873812825,0.7164114184911311,-15.416361383943665,-0.1085659252390398
309,2,0.3622000889641207,2.7157863621182923,-39.7636252492454,-0.3012395852215561
309,3,0.5799225606923923,4.248338048762791,-96.60804698164408,-0.5337461159206855
309,4,0.2639700957463346,1.2243515311726267,-31.000802085459732,-0.1845285838420222
309,5,0.1758392683503338,1.0192691187963865,-21.47888728034571,-0.1186678855267718
309,6,0.4034131511639478,3.2050407515285646,-68.41795138182091,-0.3420897569091046
309,7,0.4323710024545693,2.6132231654840896,-56.26247270619896,-0.3750831513746597
310,0,0.5438156562847922,2.7593433465807258,-64.78350695419849,-0.4870940372496127
310,1,0.1426275185554924,1.2028553252459837,-12.363341729588088,-0.088309583782772
310,2,0.332552998317871,1.844003985268737,-37.04744600283916,-0.2744255259469567
310,3,0.5380945879192146,3.396553796563958,-91.82993597326389,-0.4937093331895907
310,4,0.33570389466516,1.6778463397204766,-52.80590114899044,-0.2680502596395454
310,5,0.1140054844855596,0.5159404249807805,-12.593232552254412,-0.062966162761272
310,6,0.313012997925172,2.170548924986244,-51.97223036704358,-0.2598611518352179
310,7,0.1174050191204002,0.5413809843643425,-12.00585854269468,-0.0682151053562197
311,0,1.0510083021964856,6.204109867904406,-138.221001938676,-0.9943956974005468
311,1,0.1846726623821063,0.9157774654450176,-17.753320673736727,-0.1295862822900491
311,2,0.4953371505027171,2.023900111257237,-56.473397966019554,-0.4344107535847658
311,3,0.406099593486562,2.3188423522848622,-64.98710327184023,-0.3610394626213346
311,4,0.3415158924629101,3.65691260604138,-53.17163533068545,-0.2726750529778741
311,5,0.2183410145018845,1.0927538757955564,-28.145781741394146,-0.1599192144397394
311,6,0.3958124966915244,2.577351399326358,-64.81226545742528,-0.3273346740274004
311,7,0.1821778966282653,1.1971363505987702,-17.764360417394233,-0.1225128304647878
312,0,0.9749207724388068,7.374754639299519,-133.39697702352322,-0.919979151886367
312,1,0.162228499188194,0.6522136828726344,-14.092740064228868,-0.1051697019718572
312,2,0.2648530561930484,1.4046767031061256,-31.073912608685696,-0.211387160603304
312,3,0.3061338260798164,3.005097496790733,-52.60387230844351,-0.2656761227699167
312,4,0.3320270616500734,2.156988875496874,-41.1759461283793,-0.2510728422462152
312,5,0.1834831459464005,1.1517948692656232,-19.70793357127536,-0.120170326654118
312,6,0.5412310019884132,4.252108368009792,-95.49649880577653,-0.4774824940288825
312,7,0.1927425301893563,1.1340574205666205,-20.74864204360669,-0.1365042239710966
313,0,0.6018311876262222,3.882562099268729,-74.83405803689315,-0.5462340002692931
313,1,0.1568605300884207,0.7611211807053766,-11.173849629783463,-0.0931154135815288
313,2,0.447570853869924,2.9770379545921712,-53.79089719313309,-0.3897891100951672
313,3,0.3871700093091433,2.0102471779676057,-65.49653209514193,-0.3447185899744312
313,4,0.3701839036930203,1.7020592803047905,-46.69593705527191,-0.2882465250325426
313,5,0.2004092888033488,0.9605906148866542,-22.54166295542118,-0.1374491643623242
313,6,0.5419446091436934,3.951306007863399,-94.77095092784324,-0.4738547546392161
313,7,0.1604412879706847,0.6882190345337893,-15.201564527878668,-0.102713273837018
314,0,0.8521511318850413,4.952856090188422,-100.54983199337408,-0.7917309605777487
314,1,0.2496106737669641,1.9264671365119896,-22.53609423509156,-0.1862487126867071
314,2,0.4041576818017824,2.1511103378601697,-51.03771465556446,-0.3495733880518114
314,3,0.5979599727315612,2.830502666278345,-95.22979293388956,-0.5504612308317315
314,4,0.4696310965871616,1.9360959890570788,-58.14767132871254,-0.3825504692678456
314,5,0.2523467905314567,2.1278411000572284,-32.83737727948959,-0.1920314460788864
314,6,0.3947652470610855,2.087538453716073,-64.29637993480983,-0.3263775631208621
314,7,0.1588821891350473,1.1212486275164268,-16.80709083176737,-0.105044317698546
315,0,2.1603849973476024,15.290241425496257,-283.1486641661429,-2.097397512341799
315,1,0.224116742341883,2.1892242955703,-22.66106877253036,-0.16785976868541
315,2,0.3746576241852542,1.7308816834426357,-42.23548233115796,-0.3151901666504325
315,3,0.5000716098022867,3.5697083143023987,-80.86689388828661,-0.4543083926308237
315,4,0.3615741616400487,2.7357373288947278,-47.46977566980898,-0.2825581885107677
315,5,0.1208104939149527,0.4551563339143782,-13.564983233115012,-0.0685100163288637
315,6,0.4388898751707747,4.6619994500744735,-73.22518285032336,-0.3698241558097139
315,7,0.1162896950930631,0.5917945028437295,-11.93729293911746,-0.0674423329893641
316,0,0.8360026950163274,4.803338556970413,-104.1652511537159,-0.7773526205501187
316,1,0.3542810662328468,2.2291396830839645,-35.675365553194645,-0.2924210291245462
316,2,0.4845646366938184,2.7262269986930057,-64.14286633014062,-0.4304890357727558
316,3,0.5567695491911631,3.665698674385268,-93.10116774174162,-0.5115448777018771
316,4,0.3180536934734259,2.2857708827665166,-45.774222378585534,-0.2460979697773415
316,5,0.1949548327126509,1.7100228956990169,-21.967294231060684,-0.132333097777474
316,6,0.4117353383388205,3.3796938723970698,-71.1295642709863,-0.3556478213549314
316,7,0.1506463597965973,1.280219855140762,-16.994529356286357,-0.0999678197428609
317,0,0.3308501592368382,2.9072907534260395,-44.168164266799785,-0.2831292581205114
317,1,0.2019805120628219,1.291840884561141,-15.472104673420686,-0.1357202164335147
317,2,0.4307496719640357,2.2794135681282968,-45.01453256293511,-0.365971809454757
317,3,0.750530261918798,5.23458151355038,-124.36010614106613,-0.7025994697235375
317,4,0.2397964892512557,0.9258298572007018,-25.91279786811181,-0.1580048650494622
317,5,0.1975850711214222,0.8530099586291914,-26.836481168255983,-0.1427472402566807
317,6,0.5209008779343686,3.207532192369809,-91.68870209903304,-0.4584435104951652
317,7,0.152591642132531,0.674166776379129,-15.6277630234913,-0.0982878177578069
318,0,0.5838725313259423,3.782394851871282,-71.77539261532694,-0.5277602398185804
318,1,0.149172819197179,0.6787897130603332,-12.234172917512575,-0.0919862625376885
318,2,1.0046657709288969,7.443397379197125,-137.39208781959397,-0.9475316401351308
318,3,0.3891142033539889,3.0246781419383764,-68.48723454966233,-0.3476509368003164
318,4,0.3692175094337843,1.420003485847262,-48.002690109457895,-0.2891728319846861
318,5,0.1508235708595205,0.6585635402858112,-13.099486889808391,-0.083971069806464
318,6,0.5046892489010929,3.536194370657081,-87.64962586503533,-0.4382481293251766
318,7,0.1402981141598274,0.5327497912988567,-13.24962031051938,-0.0849334635289704
319,0,0.4785901102536467,2.695407746012972,-58.9966426505532,-0.4244362780615338
319,1,0.1962453716882735,0.8505041826515763,-18.263687982312803,-0.1383612725932788
319,2,0.4212636883629279,1.4918955790893451,-41.35384704339652,-0.3534516841315941
319,3,0.5917314264924507,3.042574868558248,-95.32237559889968,-0.5446992891365695
319,4,0.3968362090780916,1.967624497837716,-51.02607752451338,-0.3149757871883542
319,5,0.1775231430522713,0.6557812738451069,-18.76759304848099,-0.1144365429785426
319,6,0.7857752408980051,5.706002466739447,-145.32700923480644,-0.7266350461740322
319,7,0.1689300578988897,1.1782213377779562,-16.23312055339375,-0.1104293915196853
320,0,1.051360779476196,8.115100733335224,-143.60327838549526,-0.9972449887881616
320,1,0.1255756621843742,0.6109623877243017,-10.406817995477782,-0.0727749510173271
320,2,0.2446427484395263,1.4414767355941156,-26.808215231124738,-0.1887902481065122
320,3,0.3708394449041485,1.862851758796017,-63.03567650745292,-0.3283108151429839
320,4,0.3733744944211252,3.7650412737022423,-52.376125690728784,-0.2975916232427771
320,5,0.1417896942158114,0.4649031169596265,-17.18360684467165,-0.0885752930137714
320,6,0.5255420733253442,3.6348688433883662,-92.45515464351811,-0.4622757732175905
320,7,0.1497096901488727,1.27359831257793,-15.20363315043413,-0.0956203342794599
321,0,0.7553346742173602,3.3389199201235176,-98.71733226388012,-0.7001229238573058
321,1,0.1468014344335996,0.6198266454146756,-12.994819729473006,-0.0928201409248071
321,2,0.5203740069532797,3.505008375944867,-66.3086256976984,-0.4636966832006881
321,3,0.3481287709003621,2.3873471721308883,-55.30093574257374,-0.3038512952888667
321,4,5.3352989377729045,36.53114482341709,-1051.0421326404644,-5.255210663202322
321,5,0.1140484088490543,0.967886622322479,-12.911480851216057,-0.0645574042560802
321,6,0.5340846326678477,4.665100535618639,-94.2156409551073,-0.4710782047755365
321,7,0.1848101030309566,1.3735797773035157,-19.58021324891207,-0.1279752499928893
322,0,1.2663777866629615,6.186424240602167,-171.7970170438282,-1.2098381481959732
322,1,0.2023295411885419,1.0820580030305935,-16.11009755740935,-0.1376931415163192
322,2,0.1651176109811674,0.7509753425169692,-16.90738413458199,-0.1127158942305465
322,3,0.4639473811135516,4.216844941626911,-78.49851077734326,-0.4197781324991618
322,4,0.6530565061623211,3.212232864732649,-98.14915009677792,-0.5739716379928533
322,5,0.1658818373619336,1.190770606027612,-22.50996298977616,-0.1136866817665462
322,6,0.4042905680213299,2.447689051833432,-67.8433274035173,-0.3392166370175865
322,7,0.1276227278419104,0.5644709420813406,-10.228256567116755,-0.0691098416697078
323,0,0.9462907323885026,6.936663020499129,-122.73160538921871,-0.8893594593421646
323,1,0.2147280430513581,1.2050126206912752,-21.284307379437223,-0.1588381147719196
323,2,0.2485624451725072,1.442185538848955,-30.858607394234024,-0.1978115858604745
323,3,0.951560226823953,4.5998849214485,-159.83425475572912,-0.903018388450447
323,4,0.9091234146951844,4.924071078649636,-145.4064605891519,-0.8308940605094394
323,5,0.225066749625551,1.213549136479219,-24.159692829649103,-0.1579064890826738
323,6,0.3548989067489005,2.902963344285119,-57.71053018765102,-0.2885526509382551
323,7,0.1159644714252498,0.5719751097545884,-11.417799386454003,-0.0659988403841271
324,0,0.545984535120616,3.606074130180712,-65.06644845991684,-0.4892214169918559
324,1,0.1635282721386808,0.864590780466316,-13.813908483057766,-0.1054496830767768
324,2,0.4260019035465266,2.234754359812536,-47.44828763749386,-0.364986827980722
324,3,0.4997757967581513,4.64882375074828,-89.11426146799397,-0.4569962126563793
324,4,0.6815053868358553,3.578158058675159,-92.77963989144112,-0.5947412813553918
324,5,0.1906016626567525,0.8607058820989708,-19.9242416185362,-0.1253096957140641
324,6,0.5131716017758586,3.983597418088044,-91.05971848453352,-0.4552985924226677
324,7,0.1658098215481024,1.353060834555593,-14.457822656306329,-0.1040131126352973
325,0,3.4805994868790946,18.85528839183891,-588.7548691894654,-3.4229934255201475
325,1,0.1537213217975849,1.2948524187481572,-12.274561930130105,-0.0951516428692256
325,2,0.6988515723000335,3.366618952127006,-84.79441952367425,-0.6375520264937914
325,3,0.815278146895737,4.679038159867821,-139.17877890155137,-0.7689435298428252
325,4,0.5177977680991285,2.5009550775911538,-69.97551727014951,-0.4346305420506181
325,5,0.221209391067492,1.1899967722227145,-24.424486911010945,-0.1555699803249104
325,6,0.5508139115475943,3.9198747499151327,-97.65957532557172,-0.4882978766278585
325,7,0.2094920747960116,1.1987107888866733,-23.30433884417602,-0.1533180187116843
326,0,0.963234147961442,5.835146254072922,-122.12136357888596,-0.904602693176933
326,1,0.1560040630322503,0.5663749616565945,-10.942420220940988,-0.0919531111003444
326,2,0.3698736479396155,2.9484893723669323,-39.29905589983191,-0.3070238742174368
326,3,0.9097495687410648,5.179898048033031,-161.50114400779475,-0.8636424813251056
326,4,0.9230773938737774,7.173697285285037,-152.19847037145604,-0.8455470576192002
326,5,0.2429738038872435,1.8426004316348104,-24.2054555218059,-0.1704609543789148
326,6,0.3575155729705816,2.566345858412059,-59.42378799413276,-0.2971189399706638
326,7,0.2046145667420554,0.7393845548355452,-18.30137401185924,-0.1386467728171154
327,0,1.0278257754133475,7.370819300952748,-139.99093665981792,-0.9721592823598466
327,1,0.1747546752149895,1.0250067370276286,-15.106930434255784,-0.1162071571865829
327,2,0.4214762551505899,3.473110254894117,-53.91253415593417,-0.3667519330335658
327,3,0.6149161203874123,5.2311214013415706,-106.09342846105211,-0.5703947766723232
327,4,0.5627227193106591,3.364370149809885,-79.34899056517034,-0.4809029731222445
327,5,0.2911117338884073,2.43834400019551,-34.78862182616315,-0.2244427214591171
327,6,0.3802474818297633,3.1386728995466515,-64.37062008037918,-0.3218531004018959
327,7,0.1549307216037424,0.5403912198833197,-14.132540129010168,-0.0961397287687766
328,0,1.1489017842840732,5.201557639042921,-155.21141372649973,-1.0930381248345051
328,1,0.2704067059623377,1.0914622299816434,-24.933041627561348,-0.2077753468963445
328,2,0.4065786832643382,3.580080826047811,-51.42193071905309,-0.3522050049250212
328,3,0.5144204619835152,3.006286750757241,-85.42426387377103,-0.4693640872185221
328,4,0.467749634063057,3.74143640990541,-62.8677473859402,-0.3856917017542343
328,5,0.2014114091283477,0.8307432718700041,-19.53054357674907,-0.1319631322753315
328,6,0.3921721946702521,2.583421016641102,-65.95987830874104,-0.3297993915437052
328,7,0.1948247924636207,1.3002172112368318,-17.725378293787678,-0.1312990984725013
329,0,1.220615685952175,7.350561827733326,-167.6116469874465,-1.1639697707461565
329,1,0.2565936986033444,1.4739735147944864,-25.795300644648567,-0.1984253895742197
329,2,0.3520587855355109,1.874111645904296,-34.625397614947985,-0.2861603108673387
329,3,0.959622626163435,7.246371391493771,-165.18225714066048,-0.9126091554732624
329,4,0.4376637561436017,2.2094784596750405,-54.06036951015916,-0.351041360455579
329,5,0.3552341922488289,2.829426642837351,-40.85398773755126,-0.2837082481774393
329,6,0.264060760446999,1.2907955344798043,-39.32498285951219,-0.1966249142975609
329,7,0.3366785001343078,2.0624499638435494,-37.88944504847005,-0.2745611960034061
330,0,0.914663136287339,5.546551031461188,-112.90330249477206,-0.8553280492028187
330,1,0.1732625651253275,0.6345908398488482,-14.827125639138773,-0.1149389584429362
330,2,0.333907309258467,1.580791049879591,-34.466559263729216,-0.2713902304230647
330,3,0.544640441624975,3.9208333335492314,-90.24174855856548,-0.4985731964561628
330,4,0.4016148866906562,2.0935590765723697,-51.0335495472902,-0.3189596846705637
330,5,0.1724559673411557,0.7674197092999643,-18.81945005202872,-0.1113576926155545
330,6,0.3724280088364889,3.698913625342631,-61.60240167556948,-0.3080120083778473
330,7,0.1694954951216786,0.7735010540206058,-17.19925954532435,-0.1131530233245022
331,0,1.4330530024778978,9.487300096360752,-212.40403515989485,-1.3792469815577588
331,1,0.2365032445095363,0.9572099754655076,-26.970402188631,-0.1847287821139109
331,2,0.2764577868261799,1.659603803767243,-31.83952361716645,-0.2211078028969892
331,3,0.5585730477992767,3.0620046500647646,-90.03581422967576,-0.5115671263049759
331,4,0.413899793621692,1.8445579402936063,-54.22395321416896,-0.3326622896574783
331,5,0.209186577855102,1.4609540730482395,-25.62512144745321,-0.1489832642293791
331,6,0.4234445236591617,1.847387320927816,-72.17447566197774,-0.3608723783098886
331,7,0.2309272972292243,1.2527762798478408,-28.661735871796783,-0.1780232041726508
332,0,0.8556438146005054,4.708061597635918,-100.04584358441464,-0.7940146316223383
332,1,0.1501715325435461,0.6771640379827525,-11.879715539951626,-0.0920908181391598
332,2,0.2293362255382957,1.0369914412101704,-21.67929816942992,-0.168056574956821
332,3,0.7253324689669232,4.190877545099103,-115.65318450845388,-0.6763344123301397
332,4,0.266777119207319,1.275181409266411,-28.039709416266504,-0.1809013510726871
332,5,0.2324754311146783,1.0488367019194165,-24.504966368762005,-0.1633664424584133
332,6,0.5184240580623676,3.4716962053538256,-90.48011221463828,-0.4524005610731913
332,7,0.3369244636155444,2.172424721254303,-36.58221106254792,-0.2730015750936412
333,0,0.9938197323174032,4.981791900492127,-126.27600229419946,-0.9353777947718478
333,1,0.1634251219453126,0.6724514763847217,-13.357159146629794,-0.1043528058330452
333,2,0.3772620203285644,1.3275375829583136,-40.34835772631772,-0.3152215447368572
333,3,0.8384849643842168,6.181582414506319,-138.36673518097868,-0.790667058177021
333,4,0.2944508760396636,2.298875141949785,-36.46405806757603,-0.2157636572045919
333,5,0.2056322065415127,1.5536299158259836,-23.457832013736887,-0.1430355610593712
333,6,0.4098566374572734,3.234076803591116,-70.40080163572354,-0.3520040081786177
333,7,0.2564727680609689,2.025131139031616,-27.679731167147327,-0.1963101501216122
334,0,1.283880495698164,7.193835182434576,-165.25089311426248,-1.2240806897352776
334,1,0.163117872845961,0.6819563784484639,-14.336561433304135,-0.1069892644276428
334,2,0.3594516891181252,1.8021968731726283,-38.67334970097794,-0.297487305392138
334,3,0.7173783995936486,4.544267220109292,-115.75253114458177,-0.6690897754022067
334,4,0.3294663865396692,1.5818781986482098,-41.7325092099458,-0.2498952647302144
334,5,0.1494306564209989,0.741304007667563,-15.02688342333416,-0.0883934319019656
334,6,0.411226937486723,4.504919666456791,-68.84864931635141,-0.3442432465817571
334,7,0.2483022888732835,1.0991774127264533,-25.245212565684557,-0.1856265629829746
335,0,1.7550874704045645,10.92781161016914,-254.83531732255028,-1.6989021154836683
335,1,0.3649368826969768,1.863591832160603,-44.17286111897682,-0.3110764867533578
335,2,0.3410558838263971,1.86060250885698,-35.713156794631644,-0.2790090374580597
335,3,0.6940167293080404,3.8294566031944592,-117.20963357695165,-0.6475670363367494
335,4,0.3030657326985158,2.6128765084176258,-39.04222159113094,-0.2256775814516239
335,5,0.2282088649626583,1.319981066889302,-22.50085895540644,-0.1562559649681002
335,6,0.5350216908918197,4.634149687971318,-93.70553552361356,-0.4685276776180677
335,7,0.2771138098216241,0.9438389569303958,-26.27870299975036,-0.2085611349186536
336,0,1.21230967802205,5.72473244236498,-161.57289788961427,-1.154092127782959
336,1,0.2493213102051979,1.4255609923663897,-24.867814003754848,-0.1912908769519603
336,2,0.4251166143918267,2.110976198954651,-40.48384660375059,-0.3551214614364087
336,3,0.9345324105321324,6.417860539569388,-154.096721258653,-0.8856133405669712
336,4,0.3029188279153949,1.337955151865824,-37.47951660987615,-0.2230923607730723
336,5,0.1866925379335257,0.8459346975537843,-21.851225369050866,-0.1263076610927795
336,6,0.3828700962861795,1.8847417728111813,-64.48087641719029,-0.3224043820859514
336,7,0.2810411477014674,1.4123906293961304,-30.373928431144044,-0.2185174707276549
337,0,0.9361935851693826,5.167400327071537,-114.83914671701092,-0.8766347077634422
337,1,0.1964655021549322,0.7161369526676435,-17.192300479355897,-0.1364468292012372
337,2,0.3080512849700171,1.5902268075924364,-31.739884963300284,-0.2460456198705448
337,3,0.5540628092352555,3.8534369248008,-90.35767091828122,-0.507627364709445
337,4,0.3394543983762769,1.5379280624712637,-43.38839523331264,-0.2598107499000757
337,5,0.1975608425345531,0.8875180277257343,-18.610429570923287,-0.1266015617069611
337,6,0.40000806828367,2.8659657405267938,-68.18614170210707,-0.3409307085105353
337,7,0.2033963376304788,1.19244529428224,-18.822583758898645,-0.1394265463622122
338,0,0.98285581227388,4.797278440904498,-116.91101836815632,-0.9205591997492624
338,1,0.1166519028655176,0.4896006567660595,-7.461452496332967,-0.0578407170258369
338,2,0.3380660549707655,1.5403447137827722,-33.610920474505804,-0.2732595160528927
338,3,0.7196019986876683,3.776957780852809,-113.22865871276096,-0.669992063389118
338,4,0.2266796361025583,1.3793655382020469,-23.31527863709771,-0.1439214730685043
338,5,0.2089442311926832,0.9483209663376658,-22.023934669682557,-0.1420899010947261
338,6,0.3410775231408985,2.8163459645968647,-57.153607582121786,-0.2857680379106089
338,7,0.1592174335417342,0.9073361716888224,-13.480553825256854,-0.0969824016205529
339,0,1.5439187805268026,7.324491912245612,-217.0042752557407,-1.4863306524365802
339,1,0.2082631567449121,1.028682994464037,-18.11682833828219,-0.1472912873031072
339,2,0.442806109373991,2.702757386835299,-46.36117723211357,-0.3769201400984843
339,3,1.369019748065645,8.28425221680972,-241.68196051591957,-1.320666450906664
339,4,0.3319399355013182,2.51680924955042,-45.74554513158687,-0.2569974445594767
339,5,0.1914705543315971,0.9845191426490296,-22.816092760739817,-0.1318849292528313
339,6,0.4170955876734266,2.757231611255162,-71.45755119544485,-0.3572877559772242
339,7,4.286128157206516,16.70008953307689,-844.4890513229734,-4.222445256614867
340,0,0.678524193571436,4.771550676824102,-85.25617633040285,-0.6223078564262982
340,1,0.1032349978895622,0.5119326144204437,-7.959946092741112,-0.0527148747863649
340,2,0.3100929431367306,2.451008816763419,-37.951114256277386,-0.2564264476775499
340,3,0.2623939369998371,2.2000278623702307,-44.807388766259805,-0.224036943831299
340,4,0.2867084336851409,1.3752761739914698,-35.17175940508201,-0.2081169195566982
340,5,0.1705189566577477,1.2297616087231422,-22.41931348540338,-0.1167672577364759
340,6,0.3437650793976323,3.092908725193249,-57.494747919173534,-0.2874737395958677
340,7,0.0981855655625925,0.6541279519637568,-9.182283791339596,-0.0504521087436241
341,0,1.291983674591611,8.00086683014795,-174.07729566193223,-1.2345907493754058
341,1,0.1628679615495544,0.7984927661739573,-14.789626043512396,-0.1079534747701634
341,2,0.329011209090419,1.5979947756403026,-36.80621513433702,-0.2706339348113016
341,3,0.5093720448950543,5.183116735253732,-87.5004643725761,-0.4654280019817878
341,4,0.2840227211921502,1.6660185834381585,-39.24045567647725,-0.2121105712242013
341,5,0.2591249579293634,1.8794587419041533,-30.078095118568164,-0.1928083020421036
341,6,0.5834843896205719,6.475736942181905,-105.05986761648732,-0.5252993380824366
341,7,0.1953044605641438,0.9053029487888478,-21.890468216238418,-0.1403235142066565
342,0,0.6381264765255509,5.04503221614326,-84.8781337526315,-0.5853664396733207
342,1,0.220717740397799,1.492278058706671,-25.085905122726565,-0.1694993589373416
342,2,0.4542643520334432,3.695803166869212,-47.76933875172533,-0.3883686077376043
342,3,0.5715072341663131,3.9164761887480655,-97.43365068770817,-0.5266683820957198
342,4,0.6328663300282475,7.371329725017364,-111.68262431383108,-0.564053658150662
342,5,0.1850137778478137,1.0443163673624452,-19.82931627086267,-0.1216522470605071
342,6,0.4126270983864631,2.7589340750495897,-70.35734532814344,-0.3517867266407172
342,7,0.1179480396043479,0.4741815032602609,-13.136732423387754,-0.071395284909716
343,0,1.186512314962309,7.133735969632904,-158.18394311222724,-1.1298853079444804
343,1,0.2080301257056228,0.8304136021815935,-16.382860388551176,-0.1424596555526189
343,2,0.3811142435398544,2.054678749793061,-41.53478173264014,-0.3194983210203088
343,3,0.6809205003028429,3.215592262629793,-123.09292023734643,-0.6377871514888417
343,4,0.3404897840835891,1.4959321114912398,-41.61168979915785,-0.2584577006158873
343,5,0.3010035110406691,3.6378764501291383,-39.66390678482536,-0.2389391974989479
343,6,0.5064373206104,5.024273969654511,-88.26419955593141,-0.441320997779657
343,7,0.1437949991434038,0.9447837873137852,-16.24359979785088,-0.093893640450005
344,0,0.8563355247228663,4.576897268484271,-108.68217207400258,-0.7991336181911954
344,1,0.1549692293343214,0.6326267255443097,-12.150769145788209,-0.0956753476046315
344,2,0.5410615424893835,4.096864680828605,-68.23656750751437,-0.4839472872873359
344,3,0.4907582095662312,2.619676795714853,-79.59497536818753,-0.4446646668613829
344,4,0.3574035608769055,3.060902177734035,-44.59076444708498,-0.2752516323894134
344,5,0.2175742076322397,1.3308086705670517,-26.699115704084605,-0.1570536217887329
344,6,0.3156934569099321,1.883323906908815,-49.88527192734249,-0.2494263596367124
344,7,1.9658103284354564,15.537121201715465,-382.5971783178512,-1.912985891589256
345,0,0.6962748298475492,5.072982812936207,-91.20869692169286,-0.6423147670541751
345,1,0.1766424999321741,0.9562837046360833,-17.170088047608452,-0.1226434860543461
345,2,0.3617834274791862,1.7055592581863928,-42.609648893613866,-0.3043546349543847
345,3,0.5882594873223886,4.301476749188191,-98.2483128959032,-0.5428083585409017
345,4,0.2607147018080849,1.1085441764051027,-27.620357163083277,-0.1759258418030782
345,5,0.2421607323637504,1.317092255666335,-26.947529827053685,-0.174983959915933
345,6,0.3588049736896957,2.145047376057307,-58.25127149497428,-0.2912563574748714
345,7,0.2298389417817863,1.047436001169558,-25.41015070640293,-0.1716902074756955
346,0,0.8557403835830358,5.021293483573463,-105.12321376614122,-0.7963879830768275
346,1,0.1889399390509675,0.7051738536180404,-17.85764679740526,-0.1332660208761586
346,2,0.5224261296214998,3.020906102060923,-52.932172824980114,-0.4524117335468385
346,3,0.7775834400415713,4.685351932070321,-125.34919966427913,-0.7287744166527856
346,4,0.332015703300465,2.143031823305129,-39.876525080846974,-0.2492282817552936
346,5,0.2615728485379985,2.207653525602208,-37.24297265729827,-0.2046317178972432
346,6,0.7774424419023158,7.478109135769774,-143.88860220605437,-0.7194430110302719
346,7,0.1644266647540614,0.9235133217704012,-14.74692702217839,-0.1038515987477351
347,0,0.8008525640688097,4.611383791436371,-105.91646913075958,-0.7458906276814055
347,1,0.1627668366208772,0.7906989510410954,-12.640735969214902,-0.1019414191065717
347,2,0.3732213566828597,1.818027803229872,-39.72613014786683,-0.3103603917802096
347,3,0.8869792143430729,4.326744105125824,-157.3791423141162,-0.8415996915193379
347,4,0.2819811311078772,1.3629390497972191,-32.12698621373571,-0.1995464982219609
347,5,0.1912016820217262,0.9290068686934774,-21.074046550455428,-0.1285002838442404
347,6,0.2740150108723475,1.82638282463652,-42.323865813026,-0.2116193290651299
347,7,0.3863469088827948,3.531478657357536,-58.156272618846,-0.3361634255424624
348,0,0.9129475289643384,4.967393198708865,-122.6966307480169,-0.858018396839279
348,1,0.1924416207155846,1.0293381135429749,-18.046838412162305,-0.1356905143771602
348,2,0.5722649284307364,3.1453618789658644,-64.61919119920618,-0.5088125291276078
348,3,0.4262757015309955,2.3100905606328395,-65.60831498580659,-0.3792388149468589
348,4,0.3236742057620033,1.371528950166606,-42.65214323055926,-0.2465441805234639
348,5,0.1539098530410081,0.8970856318266954,-14.71194436079585,-0.0902573273668457
348,6,0.2651037719524348,2.0866519676934527,-41.21126547844695,-0.2060563273922347
348,7,0.1625109341939839,0.4913421841581672,-15.428639152344656,-0.1042475618401665
349,0,0.6846495190226491,3.982066571226792,-90.22785046825923,-0.6309639892885262
349,1,0.1223522304287648,0.3935654767977955,-8.494321045737735,-0.0648421453873109
349,2,0.2787483882033985,1.3728418494364505,-27.748654957942563,-0.2167863668589262
349,3,0.7521505148390195,5.344857958952189,-123.2596379913383,-0.7043407885219332
349,4,0.2836301922325411,1.4451837489389363,-33.249542441574235,-0.2027411124486234
349,5,0.168313245062049,0.9282351554385664,-13.34472978364241,-0.0946434736428539
349,6,0.3715813745224746,3.104858552949267,-62.65495060467339,-0.3132747530233669
349,7,0.2107815072414074,0.7756603049254417,-21.98553558786601,-0.1516243833645932
350,0,0.7002909132313286,4.691512610409825,-85.45585948709557,-0.6425252593014704
350,1,0.2651842375730175,1.5812518978775385,-31.405508856241152,-0.2136429173893956
350,2,0.3479108634685573,2.3326779148852888,-34.77743970564868,-0.2827434122410462
350,3,0.3519467605386079,3.234829367676928,-61.88784965583344,-0.3109942193760474
350,4,0.2746273196706625,1.488281612063178,-29.242071085662364,-0.1886585231333055
350,5,0.2321380340160216,1.7047652464645895,-31.23680075930564,-0.1745072668117633
350,6,0.6523610178600795,5.717297615614981,-118.36937551087613,-0.5918468775543806
350,7,0.1876624978097233,0.9895400570598474,-21.20451116737093,-0.1333617054551631
351,0,0.9502915768686302,6.834381364950929,-126.15385347528208,-0.8947081806757595
351,1,0.1559996885883988,0.98543232014491,-15.613849280441952,-0.1047909347680667
351,2,0.378403796262551,2.2059993165170657,-42.80448726171908,-0.3194364721023812
351,3,0.4874606755060845,3.3929848927617563,-89.70142337755892,-0.4485071168877946
351,4,0.3359450485711944,1.928826837646621,-42.8541531686828,-0.256611695620855
351,5,0.2080951734707246,1.4210416692440095,-21.68973459867589,-0.1408424324589343
351,6,0.5680723691222075,3.986625159117595,-100.5255579195736,-0.502627789597868
351,7,0.2187718075472537,1.4103233497391348,-24.654586423218444,-0.1622012264685424
352,0,0.9959744699075562,4.897852925764422,-135.47189665849243,-0.9407770601284196
352,1,0.1380010541587889,1.143038368092921,-10.909644960289045,-0.0814152608976794
352,2,0.5787368093510578,2.8869655981226168,-68.4039235332073,-0.5182115419182372
352,3,0.2349877970235211,1.3913170560555406,-39.290905603963004,-0.196454528019815
352,4,0.2593902751753856,1.516938302002452,-26.811510933680985,-0.172977489894716
352,5,0.2674644868664111,1.0962710992071525,-27.69450949567388,-0.1950317570117878
352,6,0.3886469368051232,3.46276262206362,-66.24904515308937,-0.3312452257654468
352,7,0.1374376282098572,0.5892838216030676,-11.767352183482949,-0.0795091363748847
353,0,1.0786475803691906,6.2874145462649205,-138.70291946310255,-1.0198744078169304
353,1,0.2591860327723588,1.4112937112654196,-24.863838424455054,-0.1989107073956404
353,2,0.5697999143959042,2.9985968930437306,-67.66790430694306,-0.5087812353905493
353,3,0.3754271597188871,2.91147445599737,-58.38535069655815,-0.3298607383986336
353,4,0.4459399967567694,2.420261444054205,-64.21857219237542,-0.3690722539791691
353,5,0.1672196165795436,0.6116817591558188,-16.016633023201386,-0.101371095083553
353,6,0.4898311037213842,2.808687547871628,-85.01312839228339,-0.4250656419614169
353,7,0.1451549505556824,0.5734726539211541,-13.194962486212644,-0.0879664165747509
354,0,1.1611895517576718,6.264300515318435,-147.7420340306625,-1.102552492766138
354,1,0.1629970458672017,0.853180299075918,-10.737629646190722,-0.09587169326956
354,2,0.3550996615046052,2.09952305987588,-40.62506950177831,-0.2965333540275789
354,3,0.5065661529862062,2.960082590030109,-80.00678352705783,-0.4598091007302174
354,4,0.3858039191781762,1.6529143066188416,-48.35535340563514,-0.3022209587852196
354,5,0.1998719289410454,1.1165097810775786,-24.04501534518236,-0.1397966008440834
354,6,0.4519361948364427,2.8461400721090437,-75.52663853269094,-0.3833839519425936
354,7,0.1167884495133929,0.6172817318203276,-7.650104453240457,-0.0546436032374318
355,0,1.1506187177798155,4.677929321574616,-151.8328943181926,-1.0923229807064216
355,1,0.1542283398339181,0.6780199648072412,-13.211695110553464,-0.0978644082263219
355,2,0.4101523848405333,2.755406021325981,-53.87753616932079,-0.3568048752935152
355,3,0.4852583515511356,4.25228609405016,-75.81612872380495,-0.4382435186347107
355,4,0.3992064535519949,2.5396010888225997,-56.4378386745384,-0.3225019352830766
355,5,0.1600960501550822,0.6846897790836807,-14.697702475836698,-0.0936159393365394
355,6,0.3632183683279962,2.397352599052605,-59.93852506296199,-0.2996926253148099
355,7,0.1608620284580327,0.5773216563867339,-12.606035249415427,-0.0955002670410259
356,0,0.5350980242174402,3.7365890866791474,-68.3547816818407,-0.4813717019847937
356,1,0.1571200084162393,0.6031398885279701,-11.926189424662,-0.0961789469730806
356,2,0.3702164398793189,1.929127362982281,-39.862609505971314,-0.3090124767904753
356,3,0.7404485486806721,4.563784069242335,-130.70170244550764,-0.6952218215186576
356,4,0.3457811976105311,1.4931955478549124,-45.49908708089305,-0.2676416887111356
356,5,0.2303312430926681,1.474979256083842,-25.62515403002898,-0.1642638078848011
356,6,0.4155529465940776,2.4112644939846515,-67.92956317581086,-0.3465794039582186
356,7,0.1620850818521702,0.9392885682507056,-17.656850772650472,-0.1089929060040152
357,0,0.6856240719873335,5.053980500561045,-88.30677618025298,-0.630762687001807
357,1,0.1798885634647851,1.4267317020330812,-16.4970373136421,-0.1231122187585231
357,2,0.3713599429009626,1.773128840966638,-42.91725642398324,-0.3132646454305346
357,3,0.9753658849730248,4.309089546735684,-168.86887230274945,-0.9278509467184036
357,4,0.3566745593296883,1.7903041304095977,-49.74908128324103,-0.2810682558375199
357,5,0.2451660266571888,1.2997966158716572,-25.6984177894808,-0.1748191686359238
357,6,0.3633920397067244,2.4600828454011228,-59.42639029011521,-0.297131951450576
357,7,0.1953082679628356,1.5028146576901904,-21.906556113705854,-0.1404266417545247
358,0,0.614107768363216,4.251744630834926,-74.80866895880892,-0.5582736489463352
358,1,0.2486425663887382,2.206278693483208,-24.307743552816945,-0.1899042465063823
358,2,0.2684507311866531,1.255239845745036,-25.86204868356922,-0.2052543546315017
358,3,1.111650451035696,10.151243990696484,-185.8724263701267,-1.0682323354604983
358,4,0.2961905737896729,1.4244677257372615,-33.1706308240039,-0.2112779033376044
358,5,0.2704147033831847,1.5789238472998948,-27.89254312539973,-0.197819454790069
358,6,0.40525161224003,2.635740801680269,-65.05121542074126,-0.3353155434058827
358,7,0.1466773029882291,0.7400485961488228,-13.002713150886049,-0.0884538309584084
359,0,0.6786195355220825,4.648468262720706,-83.32435469703978,-0.6218235425152222
359,1,0.222327445491409,1.4356402196493578,-23.182576776365185,-0.1679896867852549
359,2,0.3674190778535708,1.9862222803154248,-41.96835121678447,-0.308590817770474
359,3,0.4015364155229446,4.212810225571272,-68.90671029616335,-0.3588891161258508
359,4,0.2329414489790129,1.309074283033092,-24.579474845161915,-0.1507943242034473
359,5,0.2793870746027213,1.8394461845268275,-33.899888804528345,-0.2145562582565085
359,6,0.382490869759329,2.64154427639718,-64.71718401301773,-0.3235859200650886
359,7,0.146634002897634,1.0606988194310072,-12.059271457852825,-0.0855267479280342
360,0,0.7575044064807547,5.737536441827727,-98.32620504024663,-0.7023300360017617
360,1,0.1802306951505739,1.578912646148792,-19.51204702655133,-0.1300803135103422
360,2,0.2594449643323026,1.9151736569778888,-25.28507044305844,-0.197539612836394
360,3,0.5497922150716654,3.24224121446488,-90.14043301464464,-0.5035778380706404
360,4,0.3935386487739178,1.9208521863981567,-51.70653599480572,-0.313372945423065
360,5,0.2083900033919501,0.9991772760600388,-27.442502627310223,-0.1516160366149736
360,6,0.374242644518686,2.228193145678045,-57.96610875300453,-0.3034874803822227
360,7,0.3420901994047571,2.8742504215790747,-36.934061024837376,-0.2776997069536644
361,0,0.8243855896736849,3.916774101420119,-107.6033378923564,-0.7685952706596886
361,1,0.2030395433925337,0.8171314611939942,-18.80198878535971,-0.1446306829643054
361,2,0.539626692514141,4.685148954275832,-65.88426531736869,-0.4809070461121802
361,3,0.3979513735042724,3.0444778703002155,-62.29776814685147,-0.3519647917901213
361,4,0.3600085891733513,1.9606525799077483,-47.13161325786645,-0.2805453170111098
361,5,0.285147567843898,2.3378604903073112,-35.81308363028716,-0.2210684174709083
361,6,0.4085313527911634,2.548324522763234,-68.95171715979839,-0.3447585857989919
361,7,0.1722438907949542,1.2522725074217935,-19.218268631782667,-0.1193681281477184
362,0,1.061631078925565,5.73493020347202,-137.474479159026,-1.0034633515257372
362,1,0.1930261321098927,1.0193142440775596,-18.344600775116238,-0.1369000057844495
362,2,0.2534003140911566,1.5213258889224752,-24.932316481121973,-0.1917870498547844
362,3,0.5841958722139191,3.085596578731511,-90.4230016638595,-0.5350473471234289
362,4,0.2582051731396636,1.1996741703784202,-27.522005924003828,-0.1741899109114166
362,5,0.4023325400555599,2.695369437902717,-56.156732406032255,-0.3403438327638318
362,6,0.4022372766957797,2.804706968411807,-67.60901391661545,-0.3380450695830773
362,7,0.1436690149166222,0.5563063388177975,-13.6072631727796,-0.0877887946630942
363,0,0.8328796505197036,4.446585711990794,-102.12547737823004,-0.7736778589259851
363,1,0.1769951339070397,0.976730993228962,-14.943942648602675,-0.1176688397527769
363,2,0.404699650109438,1.3078543492907244,-41.937080912879445,-0.3409518773404832
363,3,0.5785670892151595,4.368895271377868,-96.44881028419076,-0.5328663551612749
363,4,0.3302805992499446,1.8029927051346029,-47.13112625065927,-0.2575471379817446
363,5,1.1302821810905828,10.781900445803087,-210.88634996316955,-1.0704890861074596
363,6,0.5249741677972485,5.914470432179341,-91.18583754285376,-0.4559291877142688
363,7,0.1913748276504401,1.1431294527905422,-20.290719291127893,-0.1343756244445555
364,0,1.411748048129542,6.326737018433719,-174.0793762513707,-1.349452529080393
364,1,0.2354780490161717,1.496499740289987,-21.701550214022067,-0.1750125017259844
364,2,0.21248753267174,1.704907148898185,-23.22457213168914,-0.1590724118608845
364,3,0.601625377088868,3.0871569199340687,-96.433353771113,-0.5542146768454771
364,4,1.0812505138718485,11.903199107662438,-201.73798452485136,-1.008689922624257
364,5,0.3309736802766418,1.526980469507262,-44.30136766954278,-0.2684931373911683
364,6,1.574627458659272,13.266691350334176,-301.4137455238418,-1.507068727619209
364,7,0.1653614266520137,0.7807822629707458,-13.195154010512766,-0.09996328795843
365,0,0.9926267024631956,4.597891342591368,-130.08355748580468,-0.9358529315525516
365,1,0.1634082347876296,0.7164339339563504,-12.022471000463057,-0.1001872583371921
365,2,0.3136100450759044,2.0574956231347463,-35.787779750641256,-0.2574660413715198
365,3,0.6790576840576091,4.032898200903724,-110.472476548684,-0.6312712945639086
365,4,0.4034009892792061,3.939174604583692,-61.64027272514488,-0.3313993157265854
365,5,0.3246774948288449,1.5641757504289346,-43.92136570508166,-0.2630021898507884
365,6,0.4356484264968122,3.424366094648564,-65.65024516023459,-0.3607156327485417
365,7,0.1936093892924256,0.8294403045458265,-17.263091923632345,-0.1288290442062115
366,0,2.354305010599602,13.755202788084963,-318.5801845622585,-2.291943773829198
366,1,0.1829127057721044,0.9108909558405122,-14.528060105098993,-0.1200666124388346
366,2,0.4933590464635784,2.4962604960188988,-54.589443254747735,-0.4298381358641553
366,3,0.6238682511733487,4.004192804856365,-100.27015640705132,-0.5762652667071915
366,4,0.4753416064284441,3.26260389001841,-74.47692908147377,-0.4025779950349933
366,5,0.2605935837704785,1.29956544226077,-32.97779919115695,-0.198661440910584
366,6,0.5465596069790052,3.078491994921529,-85.82176948990623,-0.4715481840104737
366,7,0.4293187437829451,2.1228411448419737,-51.48433539147661,-0.3677452527962615
367,0,1.3083620857015208,8.752142829834506,-162.0536798808501,-1.2465667683142314
367,1,0.1443731636666872,0.5787830103839033,-11.087664975782904,-0.0859508912851387
367,2,0.3563531427498468,2.2188833930066507,-35.47987243730373,-0.2908186265352765
367,3,0.4646190861519829,3.4756943533664675,-75.8802836110732,-0.4192280862490232
367,4,0.2732676741710327,1.403065228513445,-29.906272201488918,-0.1892802038068918
367,5,0.2559064567513622,1.9472541853912555,-35.28619531464664,-0.1982370523294755
367,6,0.5979005909032113,4.56238562332904,-106.09333194281407,-0.5304666597140705
367,7,0.2057823748670596,1.3411614782287655,-20.84684312253767,-0.1457821197380256
368,0,0.922016403791813,5.769862664030826,-113.02416484354144,-0.862779884301843
368,1,0.1632284615680405,0.6672629511514532,-12.9198735526132,-0.1025386789889936
368,2,0.3164537185842091,1.50797967315396,-35.81474019418546,-0.2595271028564164
368,3,0.8581145830733411,9.496861393002286,-151.9980062690848,-0.8171935820918538
368,4,0.4627545095659613,1.9305477254631347,-62.68255932984832,-0.3822107276210263
368,5,0.2532520716337401,1.55905369714068,-31.554991281445343,-0.191242371402699
368,6,0.4301679913164948,2.1089810391003208,-73.12622312566752,-0.3656311156283376
368,7,0.1458226521708742,0.4609451541989266,-11.796241533335236,-0.0842588680952516
369,0,0.6274945166691402,2.7560644226457502,-71.54290299001883,-0.5678008173811019
369,1,0.1667020855397662,0.7648705527270913,-14.347896677110166,-0.109525928832902
369,2,0.9712652016867952,8.691546537696063,-125.0044235182558,-0.9124410475785096
369,3,0.5751757887241822,4.248564791250501,-99.36566409189506,-0.5313671876571928
369,4,0.2834905871494209,2.127306647831705,-32.83588286444723,-0.201447134137713
369,5,0.2453813136069744,2.27450772224703,-31.0787019044402,-0.1838976444049715
369,6,0.4016111398642034,2.8697663126241317,-69.20714370222602,-0.3460357185111301
369,7,0.1937426190352194,1.128387529728864,-14.994623310626991,-0.1229067484477622
370,0,0.6600962799132974,3.3295376568180464,-75.63557233297918,-0.6002823201030094
370,1,0.1583698349943748,0.6927546324097408,-12.782608843059284,-0.0998641315864006
370,2,0.3471214669921703,2.66882591726657,-35.150978065822486,-0.2834756295630846
370,3,0.455509832223529,2.321750490260892,-69.18050095948502,-0.4069441232910883
370,4,0.4095794159363219,4.217807725582308,-54.8598767727789,-0.3285022561244246
370,5,0.3337143488675651,3.8447159826823767,-49.70718723009932,-0.2761510401672184
370,6,0.4300976064602466,2.325341589314025,-72.67308329156437,-0.3633654164578218
370,7,0.1520551491937384,0.7339220256066535,-15.466955470387653,-0.0978921232303016
371,0,1.1137230414412267,5.179013861344899,-149.0509233624235,-1.0570987472512303
371,1,0.1228680548861509,0.5102079869693896,-10.618999755700209,-0.0717499983493257
371,2,0.3446017928645162,4.07881526333913,-42.20005611581834,-0.2890414802453311
371,3,0.4170449239532476,3.19326911084548,-66.9562644719788,-0.3719792470665489
371,4,0.310379207090263,2.047311095387553,-37.5364283666523,-0.2288806607722701
371,5,0.1911573287565684,0.6779376747156398,-21.530853015689445,-0.1289272635670026
371,6,0.5036948970978897,3.4932644595557045,-81.10812477200716,-0.4314261955957827
371,7,0.1597672464860114,1.34360485156235,-16.911502878996597,-0.1056968929937287
372,0,1.082540248026292,6.43326867416666,-135.08342985450952,-1.0233593170796176
372,1,0.1572452876327036,0.797516721830792,-14.937726434005612,-0.1044596254126266
372,2,0.3042688893036261,1.216974738690475,-29.105727399785824,-0.2385715360638182
372,3,0.6859267133749423,5.310028783402239,-115.83716590873652,-0.6399843420372183
372,4,0.3113021323395946,2.030692137211464,-35.452620724712766,-0.2258128708580431
372,5,0.2816307801935525,1.4694554159139046,-31.694296608795423,-0.2127134000590297
372,6,0.4655962659139623,3.1004068407277496,-80.01312114281343,-0.4000656057140672
372,7,0.1402455776395243,0.5122048031857247,-10.048557204824668,-0.075553061690411
373,0,0.7923253963188417,4.7447714474396765,-103.1984288825795,-0.7371316348755679
373,1,0.1179145745812892,0.4858456853365015,-10.455884933283226,-0.0683391172110014
373,2,0.5063844872366189,2.196502542690797,-54.32993313608251,-0.4417067734640854
373,3,0.3694677383603174,1.8226664352978668,-52.54539167273424,-0.3203987297117942
373,4,0.4251591837228679,2.385795343835348,-57.19266314947176,-0.3445341153582635
373,5,0.2094929896893498,2.014342534670374,-26.837160392527384,-0.1516223750990247
373,6,0.4348635039774395,3.8130306249542394,-74.29368833691547,-0.3714684416845773
373,7,0.1660025759213269,0.914687261767775,-18.314220104592373,-0.1130507413863726
374,0,0.5933867046162601,3.669794627487061,-74.27881779321699,-0.5382523028493985
374,1,0.1444107417093596,0.5953418348654537,-12.43139124468826,-0.0900825452513642
374,2,0.3519338725171338,1.1941946847426033,-33.248152940032206,-0.2841722473507026
374,3,0.5837515909834604,3.97734033182604,-89.85981807412473,-0.5348798694888377
374,4,0.2483005728118836,1.809156752540756,-30.471072802194023,-0.1721529536847119
374,5,0.2026486164245351,1.68521319889658,-25.329796098806288,-0.1439192960159448
374,6,0.3642276156022387,2.2269804393225545,-59.04283667826755,-0.2966976717500881
374,7,0.1384960123456508,0.7105626075368159,-14.04149936542117,-0.0861441678860194
375,0,1.3163533382747588,7.497280232574106,-182.784865503284,-1.260585279332993
375,1,0.2285094752223992,1.8766306998110875,-22.65811352618252,-0.1716523751983524
375,2,0.2939181846625112,0.9265359800718288,-27.69446362786161,-0.2288798646930711
375,3,0.8616904077288715,3.180194164804235,-139.77393969216698,-0.8126391842567847
375,4,0.3302886804816058,1.7732877941037022,-39.18457883973393,-0.2464438920737983
375,5,0.3155047558344132,1.3885504597577356,-35.46332682317594,-0.2445746677460409
375,6,0.4573614904196522,2.0367156089419054,-78.19058954277631,-0.3909529477138815
375,7,0.1233531379624758,0.560923572354091,-12.48103164712627,-0.0729884891644811
376,0,2.3793973219437548,17.56087781070355,-385.7186297445028,-2.323606203280137
376,1,0.1944673710384298,2.064634739729605,-16.791278482435803,-0.1343302278594864
376,2,0.3378948196393636,1.5489587058442085,-33.248437905604085,-0.2725281795541318
376,3,0.5286160059940263,3.5507232607229717,-88.52111939411742,-0.483721963902281
376,4,0.2112867065611835,1.2523075684731657,-22.86051172339523,-0.1329099518802048
376,5,0.2744282465945944,1.3197266587809635,-34.389625414660514,-0.2109792970224571
376,6,0.8279765865634582,7.330327376057612,-153.1787119972914,-0.765893559986457
376,7,0.1125418587516592,0.5674390055558368,-10.061008108713636,-0.0609758067194765
377,0,0.7264719616196026,5.7595039298666055,-94.6547455032752,-0.671310251796278
377,1,0.2257755914203977,1.2333956597250026,-20.51777803285619,-0.1654659518778725
377,2,0.413969947492727,2.179695281231668,-45.77962653451805,-0.3521509733424465
377,3,0.5837982386907465,3.709772232152404,-92.73241096792364,-0.5360254969244141
377,4,0.2241633045553191,1.37112906964009,-23.8689768542608,-0.1437890171943421
377,5,0.2882101459443237,1.3666371012595222,-35.210018722557166,-0.22284821976302
377,6,0.4023052806233501,2.32379206602995,-67.95613599621,-0.33978067998105
377,7,0.1733306574532574,1.035167190304371,-19.49532845827244,-0.1203415336930397
378,0,0.7394433075654768,4.600129521857215,-92.14591290011236,-0.68256231777861
378,1,0.2213005092971014,2.0468216773469394,-23.920867700861283,-0.1684568147947977
378,2,0.3415311896388336,1.3404608673487497,-34.78392130673033,-0.2782713704538426
378,3,0.5174086720989355,3.3932295130786563,-80.27693309826634,-0.4694557491126687
378,4,0.3349829997756827,3.70645335536352,-46.93549392931735,-0.2607527440517631
378,5,0.3513745180901727,2.881740363416992,-48.70636504213064,-0.2899188395364919
378,6,0.4708208148654902,1.9929291984139477,-80.77949722097206,-0.4038974861048603
378,7,0.1363860098936775,0.6251665832692072,-14.444721301793356,-0.0854717236792506
379,0,0.6865767382277548,3.5499071609065305,-89.11129861065943,-0.6319950256075137
379,1,0.1114227849685662,0.5414899307858312,-8.293716860781442,-0.0579980200054646
379,2,0.3658241704658187,1.7006889223796129,-39.59356634194358,-0.3045658949380275
379,3,0.6355707503269504,3.4470318508138558,-98.4781101144716,-0.5861792268718548
379,4,0.2246320352756557,1.0272339053963768,-22.95029476415255,-0.1416684861984725
379,5,0.264058645820639,1.694697467559118,-34.38222714139618,-0.2034451310141785
379,6,0.5452895633013228,2.708930809240085,-95.56859605110068,-0.4778429802555033
379,7,0.1269013611278331,0.7499695955868434,-10.389240123718707,-0.0692616008247914
380,0,0.5603435617131407,2.910625170137667,-64.77738486425976,-0.5021502702655796
380,1,0.1138423320403603,0.5885000565962664,-12.706235645914756,-0.0713833463253637
380,2,0.2725111118814498,1.4236808703083017,-32.34951526856501,-0.2185778058686824
380,3,0.3892113910743616,2.574281148328324,-62.71006269478381,-0.3445607840372737
380,4,0.347579780112379,2.3766213016331177,-46.434604391649806,-0.2699686301840105
380,5,0.0971571762079122,0.4807968669679565,-10.342479509357476,-0.0517123975467873
380,6,0.3288321161866075,2.3093702428665512,-52.916811519299976,-0.2645840575964999
380,7,0.1275311216200058,0.6029299284900708,-13.977968073734752,-0.0789715710380494
381,0,0.9416954216109262,5.044219795740845,-129.5391885235273,-0.8872547159145705
381,1,0.2056960891584563,0.8812577909641047,-18.783320251023405,-0.1467446894611203
381,2,0.4999529575365927,1.9105052999180645,-52.48818370733967,-0.4337866422094187
381,3,0.4258811067932456,4.177697432056824,-71.05054149044024,-0.3819921585507539
381,4,0.4580274675236983,3.7513046835474393,-74.29972077497156,-0.3869777123696435
381,5,0.1614127217057098,0.7037342014661595,-20.85457164275208,-0.108054775351047
381,6,0.4240359314405932,2.9336617331631736,-72.1578874921053,-0.3607894374605265
381,7,0.1529313313743339,1.001711939778376,-13.89749260024836,-0.094540765988084
382,0,0.775552550519153,3.647624446004678,-91.63620223131906,-0.7159078299321802
382,1,0.1935538287152709,0.9558597248845598,-20.69005192565396,-0.1417126844222873
382,2,0.5610122018816385,2.5003661059552806,-58.22090502070246,-0.4933975001754446
382,3,0.3978682648712391,1.987363318357502,-61.56004622618864,-0.3517716927210779
382,4,0.3152681238880158,3.6031861641389815,-45.527268625978536,-0.2434613295506873
382,5,0.2573981084121845,2.0874288940654027,-35.24880248391932,-0.1991457767453069
382,6,0.4561358534036981,3.0275287188540183,-77.6835620182394,-0.388417810091197
382,7,0.1376248347345237,0.7514044839519215,-18.148219681385648,-0.0935475241308538
383,0,0.8121584681551527,4.467244839901737,-105.15445484306116,-0.7565068693745408
383,1,0.2127675076379612,1.1214089460343148,-17.71298760080973,-0.1488486353009221
383,2,0.5140520347935366,2.447898017117944,-54.6502386081236,-0.447952775476423
383,3,0.3923256356476179,3.120807871027868,-56.24578939790113,-0.3429621304750069
383,4,0.2817578642469867,1.917158952033266,-39.3896291018567,-0.2106397278174155
383,5,0.1431571237409212,0.525309081736337,-14.709815054997556,-0.0840560860285574
383,6,0.4424317556510735,3.9266685042127447,-73.06369536699532,-0.3727739559540577
383,7,0.1448020134774542,0.577686430700918,-12.632226006395992,-0.0865220959342191
384,0,0.7080765417827333,5.44430677857452,-94.26129642479596,-0.6545923362833054
384,1,0.1236267345843339,0.6003816098835199,-9.06628217636443,-0.0671576457508476
384,2,0.2578040458186516,1.4129144734937755,-30.195817379258177,-0.2040257931030958
384,3,0.4711899645819467,3.5549126109120404,-77.19411367721003,-0.426486815896188
384,4,0.242437112959635,1.0196741283559696,-23.69793654715837,-0.1548884741644338
384,5,0.1638304674165738,0.8571533397874016,-19.97156987834796,-0.1079544317748538
384,6,0.4178584510561408,3.492096579605455,-70.05261271412012,-0.3502630635706005
384,7,0.2481669150338224,2.7275145023988645,-28.54634038066134,-0.1903089358710756
385,0,0.8351596809593058,4.594346320949724,-102.55019061931934,-0.776895383479692
385,1,0.1460779273154939,1.2575453848708942,-14.438311820519791,-0.09561795907629
385,2,8.519492587546363,35.37381338469243,-1691.2282504190994,-8.456141252095497
385,3,0.4739192178451762,2.782351294543139,-74.29886323618511,-0.4270049611275006
385,4,0.2786126313718698,1.98101906643143,-35.09262863723667,-0.2016817737772222
385,5,0.2043463524279496,1.2370020766386889,-28.362268840172675,-0.1500649144982681
385,6,0.5029148065104391,3.149745570730253,-80.7733863557474,-0.4296456721050394
385,7,0.1712785446454067,0.7545171739869379,-17.00418038319202,-0.1141220159945773
386,0,0.8150556866494642,4.192331010375735,-105.4961205330111,-0.7589648959209431
386,1,0.1464944766081261,0.6484381429125385,-11.564237524668222,-0.0882766223257116
386,2,0.3706647509692677,1.616729586408218,-37.69974038083576,-0.3065019543157379
386,3,0.6384701076256297,4.304730596401404,-110.37020401970275,-0.5933881936543159
386,4,0.2073821552962484,0.971274324560486,-23.39626493898248,-0.1321822877908614
386,5,0.168493369667832,1.664132570997533,-20.98776812224253,-0.1128374630228093
386,6,0.3749919175469681,2.2404839838974637,-60.524296014117645,-0.3072299290056733
386,7,0.247565502041421,1.2768807407787144,-25.3058729816354,-0.1847144013258058
387,0,0.9298262177989044,4.780730042522449,-115.87077827927612,-0.8712088592426777
387,1,0.1065636941473039,0.4688621775138284,-6.763359820743933,-0.0500989616351402
387,2,0.5306803478130961,2.519538262548525,-56.74096006283634,-0.4650898365806257
387,3,0.7106076454744688,5.007891825128485,-113.9494006736803,-0.6624965155446529
387,4,0.3047895088102254,1.7482003864105151,-40.53717093225498,-0.2290235645890111
387,5,0.1917757121794084,0.840020875516415,-21.04753468520425,-0.1283386261292942
387,6,0.3287201340860201,1.9598473598687836,-49.858961734836136,-0.2583365892996691
387,7,0.249203817184683,1.948706294841424,-27.577231712790056,-0.1901878049157934
388,0,0.8961833360530882,6.555554372908727,-119.40260066891668,-0.840863384992371
388,1,0.1403936433105191,0.5096617173147466,-10.952458439227971,-0.0829731699941513
388,2,0.3936634978549127,2.065741431044083,-44.34639689226154,-0.3334315555809138
388,3,0.7113091946276798,5.455389942704994,-112.57181584020476,-0.6621871520012044
388,4,0.3430177813251913,2.068360948146181,-46.41811512905621,-0.2667707766037713
388,5,0.1900387609722663,0.9283897183302084,-26.336636769486887,-0.136459257872989
388,6,0.4602238095600353,3.469136886939416,-79.81964976925686,-0.3990982488462842
388,7,0.1952007114062703,1.728035469530702,-19.720553702054843,-0.136003818634861
389,0,0.658615879015038,4.1720689936344,-83.89093519333818,-0.6035319078657423
389,1,0.1148277200771506,0.5782394474946415,-8.435512074539599,-0.0602536576752828
389,2,0.8316374022760828,3.5992681636568733,-91.64352221978504,-0.7636960184982087
389,3,0.5804689120097931,2.8984229804584496,-90.42323357040712,-0.5319013739435713
389,4,0.3229693015054796,1.3861026881778329,-39.4868897478228,-0.2407737179745292
389,5,0.1954478021038541,1.119350893154642,-26.119266261041137,-0.1404261626937695
389,6,0.4712088503395201,3.7701607573407694,-75.60829584780026,-0.4000438933746045
389,7,0.1251857862607593,0.4364101616840753,-9.977758441269843,-0.0669648217534888
390,0,0.5769881395852796,3.332523304972856,-73.79122842865343,-0.5233420455932867
390,1,0.2243531414461983,1.404755144933558,-23.62508697022062,-0.1699646544620188
390,2,0.2474906452659381,0.9277360013207504,-22.761534140537893,-0.1835607591978862
390,3,0.5781891022898656,3.5880689445335907,-91.78555006088295,-0.5305523124906529
390,4,0.3999771343376585,1.927700809062743,-51.51842522674202,-0.3180149705354445
390,5,0.2112949278958697,2.0295128748618407,-28.471797816270225,-0.1547380316101642
390,6,0.3049926811549063,1.9820145464080416,-47.25796292415195,-0.2374772006238791
390,7,0.1946363672169503,1.1078258055595265,-21.406114285268977,-0.1390007421121362
391,0,0.8244950396242356,5.70422094602834,-97.8400489570284,-0.7643753824767844
391,1,0.1828905975908263,1.0729739165598464,-16.967928386574176,-0.1266263312430908
391,2,0.5738304534376732,2.497094823452296,-61.46336799995701,-0.5079617190079092
391,3,0.4008389081662719,3.725087650544027,-67.67030147128818,-0.3580439231285089
391,4,0.2386676937086448,0.96376045337507,-27.12964659568713,-0.1605304532289179
391,5,0.1499614178814051,0.93102732945704,-17.71065695212394,-0.0947093954659034
391,6,0.5921190627138005,3.165317478411344,-106.35156809302032,-0.5317578404651016
391,7,0.1940457069251476,1.3918594855582738,-19.72208947080944,-0.1350828045945852
392,0,0.8485058603652136,3.326178514491176,-101.62235410238424,-0.787770186840188
392,1,0.2156002506726669,1.5497403644177203,-20.582555320640424,-0.1583273486203109
392,2,0.6682805454399209,3.560297447569216,-81.47439857292686,-0.6080178997979616
392,3,0.4049411468391372,3.866004205192203,-70.86662784041717,-0.3634186043098316
392,4,0.249706101593716,1.5434173682415635,-27.23028543736009,-0.1680881817120993
392,5,0.2076584100104277,0.984546445962344,-25.49181738079301,-0.1482082405860058
392,6,0.4345181304880771,3.1414573661681437,-69.79935644462772,-0.3635383148157693
392,7,0.1405887343132006,0.8811740816959812,-13.490534195712764,-0.0859269693994443
393,0,0.7549809616848749,4.016656054738671,-91.89913724071788,-0.6962055851569537
393,1,0.110690594741053,0.5819833103387468,-8.920337066006988,-0.0598680340000469
393,2,1.7703829006711966,11.756827581087482,-247.0345780753917,-1.7036867453475288
393,3,0.3781279478623254,2.689972717150217,-61.52402258870143,-0.3343696879820729
393,4,0.3367311373408929,1.940693633406956,-45.58497747293168,-0.2604855855596096
393,5,0.3642824602559106,2.7766805054753085,-49.44454468641791,-0.3014911261366946
393,6,0.5935957068011942,2.439023595089144,-100.33835852770667,-0.5225956173318056
393,7,0.1798370898659603,1.388298355527182,-18.89635678133301,-0.1235055998779935
394,0,1.5465063177223353,9.377322725446692,-198.8425930320701,-1.4838999480005233
394,1,0.2380729987076006,1.5957935188560712,-24.560428239618656,-0.1819290980712493
394,2,0.394167045547096,2.0750997252406367,-40.10171090316112,-0.3287025483865665
394,3,0.3744848750253406,3.5936735024311126,-63.75846861236111,-0.3320753573560474
394,4,0.3331279677255349,1.5990069782101528,-47.64757576822554,-0.2603692664930357
394,5,0.1791769302396051,1.4354224921259084,-22.783320142385,-0.1231530818507297
394,6,0.4650882807043478,2.591892217282608,-73.86066395505375,-0.3928758721013497
394,7,0.1517424087997668,0.9004465497917202,-14.10998550654286,-0.094066570043619
395,0,1.4926901976254412,11.508583135139068,-217.2243222064556,-1.4385716702414275
395,1,0.1800441063144271,0.8629360664243544,-16.726311306337514,-0.1238986022691667
395,2,0.4772029221308849,2.206691359264486,-48.23723369485994,-0.4087901160581351
395,3,0.4974699418895583,3.992763589329251,-81.80668695457521,-0.4519706461578741
395,4,0.2127069287336231,0.9773853234957864,-21.221647439068995,-0.1301941560679079
395,5,0.309753833739317,2.7065581256682942,-44.803943115870034,-0.2517075455947755
395,6,0.4416135138533043,2.8902248842152525,-75.39141062084768,-0.3769570531042384
395,7,0.3076702170245307,1.451919992576471,-37.78454493276944,-0.2502287743892016
396,0,1.241757085816435,8.459850032541624,-164.46420097685638,-1.183195690480981
396,1,0.1178261098300764,0.4725271782247857,-10.561318748406675,-0.0685799918727706
396,2,0.793342935646196,4.755726424251107,-84.70967460470172,-0.7240143128606984
396,3,0.6875933940734179,4.950171893409111,-110.6568684390646,-0.6396350776824544
396,4,0.2631470508564605,1.918561523183272,-30.035271948605526,-0.1820319512036698
396,5,0.2925244957243336,2.5017616788105723,-36.97655494574992,-0.2282503391712957
396,6,0.547013537856047,2.9866331473809336,-97.18842872441346,-0.4859421436220673
396,7,0.2074123448414399,2.4736621937162586,-26.818019639021145,-0.156830524204802
397,0,1.2685959658131698,5.827198187926169,-173.30247495540183,-1.2119054192685443
397,1,0.1822327130196205,1.0878493223703702,-15.905849450161586,-0.1233011585283843
397,2,0.712741237231515,3.825825304729252,-89.40484679811912,-0.6525901226140082
397,3,0.716785406754308,3.2161954678904268,-119.20377588897584,-0.6696841342077295
397,4,0.3793694981778286,1.9312896360056675,-43.987665598530384,-0.2913090436988767
397,5,0.2480310112781913,2.135003081275847,-33.58220853389208,-0.1897299917169044
397,6,0.436720411664994,3.7105862781120456,-74.480882836465,-0.372404414182325
397,7,0.2005154060880342,1.0464635900460877,-21.92920014565995,-0.1442710535898681
398,0,0.6576228674522833,5.262847740942995,-87.0216494027127,-0.6043170097410604
398,1,0.1852122829238468,1.1975544107302802,-16.211782282809374,-0.1266545490844482
398,2,0.740876959145067,5.085947307126997,-81.48664737209205,-0.6734433667115045
398,3,0.5753728756784663,6.436206104430109,-106.88555106584458,-0.5344277553292229
398,4,0.3548586954275176,1.8240620585106009,-44.16851007342695,-0.2726451239100429
398,5,0.1908923660149543,1.029218393695825,-19.47098455463118,-0.124814003555328
398,6,0.4350173106053108,4.433998311754831,-74.85182655023891,-0.3742591327511945
398,7,0.1942133832761543,0.8578333119849623,-16.628357988451086,-0.1279104460650083
399,0,0.7542441019258384,4.630092488218113,-103.09036857531412,-0.7012950243218649
399,1,0.172202357150684,1.0681678288726972,-15.687479484331954,-0.1162035517357922
399,2,0.4463627634208622,3.1508391772820064,-47.86493895778799,-0.3829195116623039
399,3,0.5243485574759125,3.303154406547623,-89.85713904148776,-0.4805194601149077
399,4,0.4007615835062066,2.058460426809721,-51.64289609403804,-0.318783309222457
399,5,0.16301110745878,0.7898215401615294,-16.25105915890549,-0.0996997494411379
399,6,0.4541769238047298,2.225808331129244,-76.03798371852193,-0.3859796127843752
399,7,0.1769295026117073,0.6165094981678854,-15.586374106418374,-0.1137691540614479
400,0,0.487974844206008,3.1901360445781592,-59.34625024668938,-0.4331843083699955
400,1,0.1373682110222804,0.5145081596890774,-12.51428619037983,-0.0857142889752043
400,2,0.206642849111296,1.2149824873823034,-19.32529462703913,-0.1464037471745389
400,3,0.4746379928608333,3.265087856661399,-77.69562800005956,-0.4292576132599975
400,4,0.325940716349985,1.4792099588651622,-41.04679774163944,-0.245789208033769
400,5,0.1837786362690743,2.073109288731468,-23.525495429086025,-0.1271648401572217
400,6,0.392955622685778,1.954788296825443,-65.12232468306453,-0.3256116234153227
400,7,0.1575499845977,1.2337705317578322,-16.953163823671353,-0.1046491594053787
401,0,0.7888900763385076,4.259648315119294,-98.01335734127404,-0.7314429652333884
401,1,0.1539585878848813,0.7481288962415497,-13.14166144635507,-0.0980721003459333
401,2,0.2899006461162848,1.3937093108409004,-30.336670717723297,-0.2298232630130552
401,3,0.5569280097207356,2.989612394604334,-95.8712681927025,-0.5126805785706016
401,4,0.3051474921112904,1.7804909027640952,-37.03928598494219,-0.2244805211208617
401,5,0.1789247677210895,0.7344393109985609,-14.01319889452023,-0.1030382271655899
401,6,0.505295806603356,3.999634001990693,-87.81583894372474,-0.4390791947186237
401,7,0.1650035589513719,0.6847380250550293,-16.614871398227315,-0.108593930707368
402,0,1.363905679084682,8.314736047830438,-192.25012225885547,-1.307823960944595
402,1,0.3252051045936449,2.5866533978897137,-39.34466105101795,-0.2732268128542913
402,2,0.3826520539421034,1.8982405002014384,-40.3048129570591,-0.3198794679131674
402,3,0.7072015588643055,4.777421046397781,-116.055832792205,-0.6594081408648012
402,4,0.4362380053984762,2.027671222900072,-57.31026658898232,-0.3537670777097674
402,5,0.2097458675360642,1.5031851622137182,-28.0923743428007,-0.1535102423103863
402,6,0.5854448231634543,3.804304504866727,-104.07757501491518,-0.520387875074576
402,7,0.1730706615909035,0.7054400159692287,-14.417426291814744,-0.1084017014422161
403,0,1.984526665043338,13.43267389061925,-290.9964624103535,-1.9271288901347916
403,1,0.1190615835597085,0.7258622508390805,-11.349104664092623,-0.0713780167552995
403,2,0.294033877418428,1.5056780460392345,-28.01436229064084,-0.2296259204150888
403,3,0.6472105920262449,3.8069925028188583,-104.93398655339436,-0.5996227803051106
403,4,0.5338049553847471,3.45332496382577,-76.94204482149644,-0.455278371724831
403,5,0.1540119901226282,0.7039549281712474,-20.541199913501003,-0.102705999567505
403,6,0.3973750178960026,2.257780611905124,-67.86655543486306,-0.3393327771743153
403,7,0.14267779195366,0.5996480545086128,-9.520230103381742,-0.0749624417589113
404,0,1.0377777696139696,5.511374918648998,-136.33827206634172,-0.9808508781751204
404,1,0.2293480135837274,2.3587272925667886,-24.29203653381513,-0.1747628527612599
404,2,0.4209660701204833,1.6550703957267985,-41.7681736348168,-0.3539675731764136
404,3,0.95901833784479,3.2321464957529646,-157.42238765336242,-0.9099559979963144
404,4,0.3533233795601219,1.4318461783910377,-40.79442892015806,-0.266630254380118
404,5,0.2417500123165033,1.454676903815552,-32.30374554819678,-0.1835440087965726
404,6,0.5153709889615669,2.128136077560853,-85.867168872252,-0.444907610737057
404,7,0.2374628469304558,1.304170268991174,-22.582132958093844,-0.1723826943365942
405,0,0.6585348039235702,3.48775980271697,-86.5647482665671,-0.6053478899759936
405,1,0.1730075867152989,0.7545169880793022,-14.08484743581697,-0.1126787794865357
405,2,0.3753520806426378,1.719833964538178,-38.6267742145608,-0.3115062436658128
405,3,0.6370660663895493,3.787788911496664,-105.07742653837016,-0.5903226210020794
405,4,0.3252551439234555,1.7156574753093197,-39.38099753813083,-0.2430925773958693
405,5,0.2786630149889006,1.8150989663919883,-35.64742659215006,-0.2160450096493943
405,6,0.3742070420345564,2.010328273745351,-61.47970433278466,-0.3073985216639233
405,7,0.3105123794887305,2.073548960483008,-35.54342088707722,-0.25030578089491
406,0,0.9182020362099024,7.7730213319910995,-130.71470640995295,-0.8656603073506818
406,1,0.1008804186391331,0.397959454302481,-8.137767133832154,-0.0521651739348215
406,2,0.3612734055407024,2.0053173971132137,-40.09048054653225,-0.3014321845603928
406,3,0.4735601108641695,3.5531340432433827,-81.26526209902552,-0.4299749317408757
406,4,0.3366179298371798,1.4495896032352704,-38.751649433515816,-0.2500106415065536
406,5,0.1477908814386351,1.011922655961958,-16.712690199550913,-0.0913261759538301
406,6,0.3850191420211252,2.51402248711452,-64.62792240188158,-0.3231396120094079
406,7,0.1990006217677123,1.3252989392962309,-17.217178239139482,-0.1324398326087652
407,0,0.6253154645929259,4.476132253043579,-78.11691527965303,-0.5701964618952776
407,1,0.0996887630789226,0.4269250853213707,-7.976219467423003,-0.0511296119706602
407,2,0.3921368011409741,1.9499295479423744,-43.10878996022995,-0.3316060766171534
407,3,0.4245752002921657,2.624504922434514,-72.97568699264929,-0.3820716596473785
407,4,0.1926096530905129,0.8955480917894165,-18.762880617375032,-0.1123525785471558
407,5,0.199029111616182,1.2714373602274298,-24.38535293103587,-0.1401457065002061
407,6,0.4808980441153871,2.896422494781843,-78.32066470715412,-0.4100558361631106
407,7,0.1598904044742455,0.7647733778513776,-14.752444734963596,-0.1010441420202986
408,0,1.0704967370548286,5.685455895555693,-141.87367128204437,-1.013383366300317
408,1,0.1172223347614927,0.6569071258153604,-15.123273408687377,-0.0779550175705534
408,2,0.3435021297796333,1.219406610084957,-33.285866109187864,-0.2773822175765655
408,3,1.068275352288119,6.050858994530675,-182.7082142694485,-1.020716280834908
408,4,0.2075718524856423,1.029506672040147,-20.17995520821385,-0.1245676247420608
408,5,0.2981090289237761,1.942430785406048,-37.38993949542397,-0.2336871218463997
408,6,0.4542856709193348,1.988861241125889,-77.89934075985073,-0.3894967037992536
408,7,0.1872242091987039,0.972351588292862,-17.246575820245006,-0.1249751871032246
409,0,0.5067207790214283,3.129593642049095,-61.8237500565522,-0.4512682485879722
409,1,0.1143568115119386,0.4223347522605736,-8.94541307042047,-0.0616925039339342
409,2,0.4206075233508107,1.755207499492105,-42.60045208256794,-0.3550037673547328
409,3,0.748379965442958,3.369163138359082,-127.03702823520116,-0.7018620344486252
409,4,0.2324188293728291,1.1032539590304131,-25.704654978445983,-0.1530038986812261
409,5,0.2413518698509413,1.1467646774526596,-27.632536864396,-0.1760034195184458
409,6,0.3780916620328727,2.143649460871357,-62.71384687962929,-0.3135692343981464
409,7,0.2191709110549956,1.181910068284539,-20.172022477645296,-0.153984904409506
410,0,0.7215629406137766,3.505164058695529,-91.18878630608076,-0.665611578876502
410,1,0.0953213110789369,0.6113030634985777,-7.809324051127795,-0.0482057040193073
410,2,0.3297161228292527,2.568928413033684,-35.59358858025363,-0.2696483983352548
410,3,0.4264590038149213,2.886758232155987,-73.23536344964961,-0.3834312222494744
410,4,0.4205123063896433,2.6869751716306616,-57.75518347060834,-0.3417466477550789
410,5,0.1702046192894947,1.4142976936105842,-20.817246797581888,-0.1137554469813217
410,6,0.4181284548858657,3.6659236369752506,-71.21240666786358,-0.3560620333393178
410,7,0.1150519803057495,0.6698643348748712,-9.927019339559624,-0.061658505214656
411,0,1.0519156292377816,5.1820309061733,-136.231885226119,-0.9943933228183868
411,1,0.0913226870490239,0.4276002682335615,-8.35512425464095,-0.0477435671693768
411,2,0.2064435070072803,0.7653188346940284,-23.01166413273933,-0.1534110942182622
411,3,0.6258958534487418,3.976813551887175,-117.52189526852256,-0.5876094763426127
411,4,0.3487567287927971,1.2075310916011337,-42.80179232961692,-0.2658496417988629
411,5,0.1250068144349269,0.6610493965935477,-14.747588741065677,-0.0737379437053283
411,6,0.4115552735153859,4.110000694734394,-69.69448524050286,-0.3484724262025143
411,7,0.1439439526410573,0.7389162544572996,-18.01229317029562,-0.0973637468664628
412,0,1.168483526709675,5.498119750524952,-154.27165520783484,-1.1098680230779483
412,1,0.1548065444849342,0.5474270746286749,-13.45527244042221,-0.0989358267678103
412,2,0.2369200128426954,1.1446766423623798,-23.37948678125974,-0.1771173241004525
412,3,0.7612543236567156,6.0509031791508034,-138.7340433292172,-0.7188292400477575
412,4,0.3186535624526144,2.014393312425618,-44.30596784542696,-0.2447843527371655
412,5,0.1804061755664115,0.7677231248468859,-22.711913126500917,-0.1241088148989121
412,6,0.2794464170984368,2.833331029789223,-44.59722148391971,-0.2229861074195985
412,7,0.3343879710402753,2.5630572144657022,-41.20008320786396,-0.276510625556134
413,0,0.9165708713575896,4.749263691570189,-110.33510446009294,-0.8553108872875421
413,1,0.2156717090138915,1.4648430747533894,-20.6936140331672,-0.1579665193371542
413,2,0.3448134918903473,1.9958824464963232,-35.45783062757389,-0.2814113541870944
413,3,0.5455685344468814,3.880519056133424,-92.63416989911688,-0.5007252426979291
413,4,0.3258356059689545,1.9840013876217584,-40.404922130384605,-0.2448783159417248
413,5,0.2186863885247619,1.836211099139842,-31.672611594846195,-0.1649615187231572
413,6,0.5038896150024391,3.754422264315732,-90.02440471075538,-0.4501220235537769
413,7,0.1838785474631383,1.343571298804232,-21.15130779176955,-0.1305636283442564
414,0,7.465423130359736,38.84117327487043,-1406.2513449658045,-7.401322868241075
414,1,0.1292438660445385,0.7161648525686726,-9.54464722809808,-0.0723079335461975
414,2,0.379856047289298,2.459398016351578,-41.44569578175605,-0.3188130444750465
414,3,0.1867591814037925,1.8442665060565069,-31.66603644661079,-0.1583301822330539
414,4,0.2409731442645932,0.7843152621815545,-24.928674079137352,-0.1567841137052663
414,5,0.1846026481917909,1.9083777659637773,-28.024478573957303,-0.1401223928697865
414,6,0.4836686956962482,5.226531798074184,-86.02743432608145,-0.4301371716304072
414,7,0.1990232824913663,1.1215041086890112,-21.871172382562182,-0.1429488391017136
415,0,1.164266684063249,6.196766902394842,-151.37611326877558,-1.104935133348727
415,1,0.1293836020274584,0.5603075959576475,-10.295313058860756,-0.0746037178178315
415,2,0.3487518002250944,1.6462765784053002,-39.03890056636788,-0.2891770412323546
415,3,0.6495881214400504,5.084960905311319,-115.02478758859247,-0.6053936188873288
415,4,0.2918065365193539,2.422313143307312,-37.06700118117752,-0.2142601224345521
415,5,0.1111217279192409,0.3731225940418213,-10.616678369701416,-0.0561729014269916
415,6,0.39371558852313,2.219635438607286,-67.29928112437247,-0.3364964056218623
415,7,0.1077649638820652,0.3946855947836022,-8.13471493172585,-0.0521456085367041
416,0,1.4863122470751322,9.212314375305008,-201.2711728583205,-1.4274551266547555
416,1,0.2491455201165799,2.3381629360638243,-25.834389450033257,-0.1927939511196511
416,2,0.2903842507681317,1.4034315960569843,-29.40277529431677,-0.2279284906536183
416,3,0.3349147047366612,2.619621932187322,-55.940531149860426,-0.2928823620411541
416,4,0.2958765196154092,1.5092946858681973,-36.34248752665129,-0.2163243305157814
416,5,0.1549464906281429,0.855224155245849,-19.46630832019065,-0.1013870225009929
416,6,0.5658692693725326,3.639613579439636,-100.2565180773583,-0.5012825903867915
416,7,0.1778811230962393,0.8645207765415672,-17.38080999122095,-0.1190466437754859
417,0,3.4670963612387564,15.243094467522193,-521.0576159393796,-3.405605332937122
417,1,0.123133284515819,0.5095778201001533,-8.507407180879904,-0.0649420395487015
417,2,0.3427382028136093,1.2842848539110363,-33.901127453866444,-0.2778780938841512
417,3,0.5952546971672281,3.825529642787149,-95.88345762582982,-0.547905472147599
417,4,0.2003661869974197,0.8841425191769704,-22.252376035253352,-0.1250133485126592
417,5,0.1672959613689379,0.8068990466414404,-17.09267804155767,-0.1042236465948638
417,6,0.4095009542487174,2.8408734026482287,-69.62701432223695,-0.3481350716111847
417,7,0.1672744771956371,0.7990018571475067,-18.283125181039782,-0.1135597837331663
418,0,1.0367484817574153,4.165073887770668,-120.71712359907735,-0.97352519031514
418,1,0.1436150364048651,0.8809929091996317,-13.116901929561102,-0.0910895967330632
418,2,0.4340915495181929,1.4035218752792284,-45.41768525212226,-0.3692494735944899
418,3,0.2748412044582413,2.798047153294668,-48.03854382358201,-0.24019271911791
418,4,0.3199079344371302,1.6047951144269017,-39.49009989336624,-0.2393339387476741
418,5,0.163811677851257,1.3737515213529674,-19.588581767226277,-0.1070414304220015
418,6,0.3984413525705271,2.2680186633400714,-67.18686321171873,-0.3359343160585936
418,7,0.2195708808759132,1.8241777889997024,-25.475969756397227,-0.1643610952025627
419,0,1.922142274686972,10.24926521264043,-256.56760856446897,-1.859185569307746
419,1,0.1100669992563089,0.3661431296917365,-7.509615835968434,-0.0548147141311564
419,2,0.954600990579236,6.340797788336432,-132.05458486172878,-0.8983305092634611
419,3,0.2484200462071795,2.341446505879883,-43.00668482417797,-0.2150334241208898
419,4,0.2821224551462552,1.927133707494076,-42.19624526531368,-0.2141941384026075
419,5,0.1341022218304608,1.0746728404053878,-17.384252785597628,-0.0869212639279881
419,6,0.3689655847454715,3.310998482738244,-60.910330934201305,-0.3045516546710065
419,7,0.3012697081176375,2.19666333348104,-33.31726615787006,-0.2396925622868349
420,0,0.4346939102754626,3.210604928861426,-53.793549788247525,-0.3815145375053016
420,1,0.0981140495913108,0.3654892494863198,-12.55847185885424,-0.0627923592942712
420,2,0.1274380536083717,0.4788732248610785,-13.170750514865183,-0.0798227303931223
420,3,0.4754344495111831,3.0651147575441,-84.09286207016338,-0.4334683611864092
420,4,0.3512377686350001,1.4750625357396634,-46.74558797920991,-0.2733660115743269
420,5,0.1467678784823148,0.9751617535621132,-19.854619325404677,-0.0992730966270233
420,6,0.3214051912592411,2.428022782965071,-53.85093513144642,-0.2692546756572321
420,7,0.0888039900075888,0.3200818061521365,-9.93193238864658,-0.0496596619432329
421,0,0.7959967680741972,5.060855157288463,-112.41986903984792,-0.7445024439725028
421,1,0.1965858679688516,1.4647225568344124,-20.59260952101689,-0.1440042623847335
421,2,0.2484124323474424,1.855049266480647,-23.717541808913484,-0.1852932953821366
421,3,0.3436310990345624,2.5723266436083407,-54.73535266800939,-0.29910028780333
421,4,0.1999375895362245,1.073224015411122,-25.210891756475878,-0.1306263821579061
421,5,0.305892041895661,2.3936899498679653,-38.35160118365614,-0.2412050388909191
421,6,0.2433047147475626,1.8849488156686365,-37.49790514463115,-0.1874895257231557
421,7,0.1759527494206257,0.638296376640922,-16.715301911771192,-0.116078485498411
422,0,0.7206978489130664,4.879263090391468,-83.10633978360606,-0.6595741252667148
422,1,0.1949390207211477,0.9196783560262536,-20.54857748289816,-0.1426984547423483
422,2,4.316723197133091,21.621897641927987,-851.7794654391591,-4.258897327195796
422,3,0.510236247477006,3.026175883879868,-84.67436718278499,-0.4652437757295878
422,4,0.2837370107142822,3.884689428167175,-43.34460842046246,-0.2167230421023122
422,5,0.1742119862082226,0.9862747718037228,-20.93759323725163,-0.1163199624291757
422,6,0.3961020224836167,2.9717684806798306,-66.88243059392599,-0.3344121529696299
422,7,0.1704765376136907,0.7645449369652217,-17.085736142130504,-0.1131505704776854
423,0,1.9388546315865145,9.259063150129888,-290.3204448503611,-1.8851976938335135
423,1,0.174732862669291,1.0978234638852329,-15.693449622742284,-0.1179958618251299
423,2,0.4965988441288828,1.7320622714674174,-52.05227741437308,-0.4301841108625874
423,3,0.4294966685835323,2.722190160742025,-66.6533432861727,-0.3830651912998431
423,4,0.5134961329978959,3.0389580395530778,-65.70397498277943,-0.4266491881998664
423,5,0.1648800975718104,2.162734625391799,-19.59219397981021,-0.1076494174714847
423,6,0.5351731787844908,4.733612072951563,-93.9518439481085,-0.4697592197405425
423,7,0.1953448983043039,0.8171957295252225,-19.49522451983209,-0.135383503609945
424,0,1.1002489762770231,8.12329115797016,-152.702340887148,-1.0459064444325206
424,1,0.2453365879694147,1.5869816522793585,-25.84224867553892,-0.1900165343789626
424,2,0.8200252870806196,6.782358416354661,-103.09529024292178,-0.758053604727366
424,3,1.352072388030388,7.892846575318477,-262.48815395349715,-1.3124407697674858
424,4,0.3204579727486097,1.2151995932896706,-36.12722669301384,-0.2345923811234664
424,5,0.1962074203355211,0.7639506209455421,-18.66867573600236,-0.1261397009189348
424,6,0.5494499788686733,5.410884294619481,-97.1082076131276,-0.485541038065638
424,7,0.2066902672770232,1.7268289957728244,-19.685032897254175,-0.1436863715128042
425,0,0.9252547178492728,5.250326498336019,-125.2743480964346,-0.8699607506696848
425,1,0.3057632331385675,1.983959900536452,-30.41720842485764,-0.2453000679424003
425,2,0.39632816303071,1.9073312417826669,-46.27327941106201,-0.3377611635843942
425,3,0.818674842903512,4.7196926271971344,-149.60742641663484,-0.775168012521424
425,4,0.2990561146327975,1.259589596559212,-33.5949152651822,-0.2139803520075299
425,5,0.1984189812029215,0.9814821890952165,-24.259140967476167,-0.1386236626712924
425,6,0.5535679339539942,4.695702894223139,-98.29068394195755,-0.4914534197097878
425,7,0.1594267501543544,1.0323136532339885,-15.7709145082758,-0.1030778726031098
426,0,1.133537688259293,5.557133930372146,-150.45856658226526,-1.0747040470161804
426,1,0.2340294674410894,1.0367973726350634,-23.372546114856465,-0.1770647432943671
426,2,0.4799446903531225,2.6585561258471144,-56.22742922725131,-0.4196076808003829
426,3,0.7775886001230792,4.400783476635273,-132.43587392729157,-0.7316899112005059
426,4,0.2364438871617132,0.8153558787733115,-26.150624736363703,-0.1565905672836149
426,5,0.1856194054309558,1.019090421571375,-22.179403190195018,-0.1267394468011143
426,6,0.3234802139567954,3.146848975027368,-52.88796265838107,-0.2644398132919053
426,7,0.1366578302621903,0.6939905618651089,-13.108136905645264,-0.0824411126141211
427,0,0.8125715485936554,6.42270865816048,-112.43647962573392,-0.759705943417121
427,1,0.2475743534230925,1.1525323946317168,-20.24756690042516,-0.1807818473252246
427,2,0.5790998928068497,2.073897216373171,-66.68831644206224,-0.5169636933493197
427,3,0.69311228647606,4.032657978336206,-120.58269862877584,-0.6482940786493325
427,4,0.2547589919994198,1.1752960498143692,-28.089623051248505,-0.1723289757745307
427,5,0.1932829120863373,1.2386279226445098,-21.07576152364408,-0.1292991504518041
427,6,0.4986967828283846,4.607169410592301,-88.20322004872024,-0.4410161002436012
427,7,0.1481237443782047,0.7311233207272841,-13.707315269368506,-0.0907769223136987
428,0,1.8047443216958008,11.89904793530728,-260.42863156734734,-1.7478431648815258
428,1,0.2150510826816023,1.088295099362034,-21.95753570666256,-0.1602739832603106
428,2,0.6523745823872619,2.9767113390439515,-73.45174134867389,-0.5876139307893912
428,3,3.419603316959263,24.84532547011025,-674.0534681671767,-3.370267340835883
428,4,0.2559142159510031,1.657240305964882,-30.95634586462685,-0.1789384154024673
428,5,0.2436186110700854,1.2302254907837464,-28.378273736595624,-0.1784797090351926
428,6,0.5672341496216575,4.152375286992977,-100.42184440467312,-0.5021092220233655
428,7,0.1305345491668148,0.5420772137804566,-11.444370464284352,-0.0743140939239243
429,0,1.3863912182342912,6.256170715423652,-174.87160078696658,-1.3247848544467165
429,1,0.1381095582832601,0.5229621485402268,-9.398585677289535,-0.0764112656690206
429,2,0.7603557172163667,4.219687537249024,-86.86233033946493,-0.6948986427157194
429,3,0.5897091572029081,3.816812760325547,-102.5451788192966,-0.5454530788260458
429,4,0.3419939058291137,1.2887651844835115,-42.38993195173603,-0.2600609322192395
429,5,0.2998028704164998,1.365427003185523,-36.060419187378,-0.2326478657250193
429,6,0.4079496465055778,3.863788442419227,-69.27209416208602,-0.3463604708104301
429,7,0.1457952868120506,0.9250310437516756,-12.772295275174567,-0.0868863624161535
430,0,0.8150692048673245,5.682926521498523,-112.01136364572832,-0.7619820656171995
430,1,0.0973317569153506,0.7981736375263843,-8.265689446220657,-0.0507097512038077
430,2,0.3163014578297682,1.877957531131866,-35.38855602030399,-0.2583106278854306
430,3,0.440964944894151,2.9764493747922662,-79.12731151966126,-0.3996328864629356
430,4,0.4282655426320746,2.5970652107561523,-61.502423858835535,-0.3514424220504887
430,5,0.1400456264491455,0.8573643607924204,-14.681599675941756,-0.0820201099214623
430,6,0.2860252990396353,2.108107563961686,-44.73623447687025,-0.2236811723843512
430,7,0.1232777963650547,0.5029663890581507,-10.76685672826224,-0.0685787052755556
431,0,1.1773000103492723,6.817557253530756,-169.7582777126807,-1.1242270047197398
431,1,0.1518305355011799,0.6048832770447865,-13.822261023741037,-0.0980302200265321
431,2,0.2924748587836513,1.1450985580549418,-27.982232318365654,-0.22749782372655
431,3,0.4534837995260316,3.137888861202584,-77.97491087133957,-0.4103942677438925
431,4,0.3017084222776378,1.682652868337359,-39.55592471783574,-0.2260338555304899
431,5,0.3020726089964116,2.2548060743111824,-42.54041746791439,-0.2430880998166536
431,6,0.4775011578883388,3.4107927944293785,-79.4327875805984,-0.4073476286184533
431,7,0.1306491890074307,1.286943415681024,-13.33080852021094,-0.0793500507155413
432,0,0.610504773998144,5.155168528672598,-82.21524314688372,-0.5592873683461478
432,1,0.1362801798811815,0.5419567679835978,-11.661933383819232,-0.0827087474029732
432,2,0.1938964310649621,0.9280202837127646,-17.986270386020696,-0.1342258984031395
432,3,0.5887993694372067,4.7684584184809,-101.76533067418951,-0.5441996292737407
432,4,0.3758742018241518,1.37459811306045,-46.9407743323276,-0.2933798395770475
432,5,0.2316946022333637,2.044622540805272,-34.08585672446052,-0.1775305037732318
432,6,0.3805907154839048,2.6023816671107585,-63.97184535638815,-0.3198592267819407
432,7,0.1606699865255329,0.8457581137118654,-16.214963807046146,-0.1052919727730269
433,0,0.8997931492558975,3.940848462643185,-113.68735912324038,-0.842128586098077
433,1,0.1495904324418727,0.5446726883564131,-11.988689780547883,-0.0915167158820449
433,2,0.4200767656087484,1.8331164003061051,-40.75019072913266,-0.3512947476649367
433,3,0.4094995745795713,2.697998208165176,-63.58228124283884,-0.3633273213876505
433,4,0.4276879431904977,1.984617309578237,-54.23763115154019,-0.3432761465287354
433,5,0.2083857765373142,1.0064485251946464,-22.180513348117035,-0.1421827778725451
433,6,0.6628221844736111,6.334503855358217,-121.73706092081676,-0.6086853046040839
433,7,0.1715415479268582,0.6297212165232762,-13.968915015335464,-0.1058251137525414
434,0,1.2359953479377632,5.150005503952473,-156.41311974147516,-1.1760384942968056
434,1,0.1089805560718233,0.4588922923083445,-6.366407440278086,-0.0497375581271725
434,2,0.4979385708401784,3.3169065215323923,-55.1119149470788,-0.4339520861974708
434,3,0.5887439737503652,5.348156121540328,-97.72739619542158,-0.5429299788634532
434,4,0.6374825891649323,2.937902865042888,-85.45897234903195,-0.5513482087034319
434,5,0.2210168485226641,1.583902199651465,-25.45223858096169,-0.1571125838330968
434,6,0.3616166314691428,1.964864542533908,-59.90282018775969,-0.2995141009387984
434,7,0.2216803744122066,0.9465168709799392,-24.87998560552255,-0.1647681165928645
435,0,0.5967344031384059,2.687600112499752,-75.40496060419184,-0.542481730965409
435,1,0.2193146839460479,0.9088814349554012,-20.343344842478803,-0.1601838176573134
435,2,0.5974015430513061,2.2187189485347028,-65.32642096048275,-0.5311091134998598
435,3,0.6242554987249819,4.5427488305887405,-107.82527102885577,-0.5797057582196545
435,4,0.3107314307245538,1.4140043270096625,-38.30045574669788,-0.2307256370283004
435,5,0.1547968688957021,1.3312243743522476,-17.68443936384506,-0.0977040848831218
435,6,0.4992472077403754,3.863302852973944,-86.90077133291055,-0.4345038566645527
435,7,0.3034053273020544,3.215614497390073,-39.65980172278727,-0.2494327152376557
436,0,0.5706178577671293,4.925878056268737,-79.80399163542873,-0.5215947165714296
436,1,0.1852776515369833,0.9966394454201756,-16.275507346713596,-0.1261667236179348
436,2,0.2016644042753943,0.9756895493187222,-21.77916859797389,-0.1481576095100264
436,3,0.43450347814082,3.4076369914838134,-78.05977315690764,-0.3942412785702406
436,4,0.3396215423785512,2.224787306731502,-43.09286908351391,-0.259595596888638
436,5,0.2614858411057937,1.590717297510185,-31.2405512343958,-0.1964814543043761
436,6,0.599362249772854,4.87965335627358,-106.98853846577248,-0.5349426923288624
436,7,0.244630846430048,1.1104754006170536,-28.854281927100917,-0.1885900779549079
437,0,0.5634409741277006,2.813385909307491,-74.6176545070268,-0.5110798253905945
437,1,0.1516456496999553,0.9316433877374646,-9.521302908215942,-0.0842593177718225
437,2,0.2758458821636968,1.1441048057491294,-24.312185785549783,-0.2077964597055537
437,3,0.5836122508353142,3.477036858764502,-102.66309324813972,-0.5403320697270512
437,4,0.3008001127944977,1.4971731064190834,-34.546906070258046,-0.2172761388066544
437,5,0.1797178681458813,1.0312323335573446,-16.868726882784856,-0.1109784663341108
437,6,0.3866918791545908,2.856812716551768,-64.4817936516654,-0.322408968258327
437,7,0.1562343157563051,0.8568839231246309,-14.140565063883118,-0.0975211383716077
438,0,0.725864911803558,4.310982966395223,-105.46862043834324,-0.67608090024579
438,1,0.1981771443628291,1.2325754486530245,-18.05528633930594,-0.1399634599946197
438,2,0.488520247058883,2.491504034303741,-55.0519789644048,-0.4267595268558511
438,3,0.3512124216232809,2.188714356686556,-61.079054691698765,-0.3100459629020242
438,4,0.2513453863512245,0.9775429073072852,-25.83621832226433,-0.165616784117079
438,5,0.2150009582597601,1.7118234522266988,-26.395791359930826,-0.1543613529820516
438,6,0.4642705369676957,3.4488020626445226,-80.21309848476679,-0.4010654924238339
438,7,0.2091994842008243,1.476909945493297,-24.1228216636698,-0.1546334722030115
439,0,0.7977505745330452,4.593687302273504,-111.06120753292636,-0.7453772317646064
439,1,0.2330584725008238,1.358362571734084,-22.94917820763743,-0.1751845664705147
439,2,0.4007433067813651,1.7312446056198822,-40.44482474010768,-0.3342547499182453
439,3,0.5387580579091917,3.547458802224652,-95.82511884542356,-0.4965032064529718
439,4,0.2347632712535828,0.9967101756005976,-31.616369836341367,-0.1655307321274417
439,5,0.157620294121198,0.8169578058920997,-18.65066102869141,-0.1013622881994098
439,6,0.4516506474535831,2.458450414404667,-76.97030596619936,-0.3848515298309968
439,7,0.1881991174464481,0.9241680127937434,-20.201299521384176,-0.1320346373946678
440,0,0.4679111179446635,2.4649335077271384,-55.62711088746565,-0.4120526732404863
440,1,0.1012710512743698,0.3568594208128908,-6.634845862649748,-0.0473917561617839
440,2,0.3317822275499075,1.6202130021262475,-32.76119290034699,-0.266351161791439
440,3,0.3230678215216672,1.93822389645014,-50.39566043216436,-0.278429063161129
440,4,0.3748237728605846,1.901575856331445,-45.50220418334772,-0.2898229565818326
440,5,0.2208992064923345,1.1937883427649274,-27.508427614173662,-0.1608679977437056
440,6,0.4708565471538237,3.3400769639802217,-81.90643053391652,-0.4095321526695826
440,7,0.1627382274220428,0.6489096667433898,-13.913932034592449,-0.1008255944535684
441,0,1.0733817576203557,5.737366052366234,-138.08096743202154,-1.0153012311178051
441,1,0.1238127160167985,0.6519504514620008,-8.312841166064965,-0.0649440716098825
441,2,0.3616103372856429,1.5251130717153465,-34.76715448298724,-0.2946369023981969
441,3,0.5536584954696097,3.321476765355189,-96.96539913720056,-0.5103442059852661
441,4,0.3477497618133521,1.457412235672881,-47.20535548580431,-0.2712951464701397
441,5,0.2119066093641463,1.08710153383597,-23.441310802071417,-0.1474296276859837
441,6,0.338576164716478,2.21718672608215,-55.02307789432582,-0.2751153894716291
441,7,0.0920464793119241,0.3961990885837937,-9.308056571418376,-0.0477336234431711
442,0,0.6840416466132045,4.7074904022406985,-87.38587524263689,-0.6286753614578193
442,1,0.1683446777284024,1.049760519855541,-16.576149370603847,-0.1159171284657611
442,2,0.3850960024129397,2.0862804036385354,-37.75622295737059,-0.3172791845157192
442,3,0.4903590150278586,3.00531164710496,-80.5567548940811,-0.4450649441661939
442,4,0.3776607939016087,1.5419210695473835,-43.60138200529032,-0.2887508742072207
442,5,0.2510615392239005,2.200521243870119,-32.07318749417655,-0.1897821745217547
442,6,0.3478761777211528,2.486347649545596,-58.68754920481019,-0.2934377460240509
442,7,0.0941095776754343,0.4642424648196256,-7.233782582013586,-0.0428034472308496
443,0,1.2121945940138252,6.077441774136995,-155.58500861014622,-1.1524815452603423
443,1,0.1794286554564536,1.0158449195808574,-21.16766589839468,-0.1322979118649667
443,2,0.28778026141639,0.9643780147031052,-25.46001731517157,-0.21948290788941
443,3,0.6231622736912658,4.167730872464313,-106.38348049296992,-0.5781710896357061
443,4,0.2079318199992454,0.8258596772955965,-19.13557038375856,-0.1218826139092901
443,5,0.2402407006726122,1.0783341861537814,-24.700334286577625,-0.1691803718258741
443,6,0.3070189901689967,2.0778101130652784,-50.03160659019319,-0.2501580329509659
443,7,0.1762932770448426,1.1623778357564705,-18.840419130267545,-0.120771917501715
444,0,0.6028936528085745,3.954013821183621,-74.39803491692138,-0.5470443743891278
444,1,0.171669213718853,0.7050970558299297,-15.859380239267344,-0.1166130899946128
444,2,0.4249255166115724,1.7205685564824114,-48.90311732555036,-0.3649486367578384
444,3,0.4232889298037214,4.2083191925780765,-75.3158153672239,-0.382313783589969
444,4,0.387314759976954,2.401402511225792,-50.18918831949284,-0.3060316360944685
444,5,0.3115839553370826,1.71904407452411,-39.90271215380668,-0.2478429326323395
444,6,0.3847358998130009,2.9113281363971035,-64.41446481334752,-0.3220723240667376
444,7,0.2234661827845793,1.605657232353073,-24.426063233834608,-0.1650409677961797
445,0,0.8895873500177713,6.030670273283067,-112.24286164214952,-0.8314286047566631
445,1,0.1815016515377029,0.909462576199922,-17.702645507359126,-0.1273571619234469
445,2,0.5186540868635342,2.7785415517349548,-55.82358911212863,-0.4538503179847856
445,3,0.7680254995894459,5.845868169676927,-131.75332608445484,-0.7239193740904112
445,4,0.2943210504253672,1.6480225895514051,-34.330451164685,-0.2119163652141049
445,5,0.2013220621330528,1.0476774392771149,-21.6021694063,-0.1358627006685534
445,6,0.3558491836467217,2.295082316430219,-58.04782979569115,-0.2902391489784557
445,7,0.2152190509371232,1.08157817994104,-20.687857745016835,-0.1521166010663002
446,0,0.6994455227513237,5.300065185076051,-85.39039013627422,-0.6420330085434152
446,1,0.1937820717930689,1.4942077810658123,-18.75094876999093,-0.1378746233087568
446,2,0.4282086935899996,2.206150499506,-46.45648813795402,-0.3657991191964883
446,3,0.483146257325811,2.9900782443736262,-79.70622716096301,-0.4379463030822143
446,4,0.2265563177615893,1.131449405482707,-24.17696730786859,-0.1456443813727023
446,5,0.2560861818469455,1.6578561983801938,-29.25899058095919,-0.1887676811674786
446,6,0.2860397966609314,2.143231462597807,-44.36172810270711,-0.2218086405135355
446,7,0.5636199357891969,5.5665732936608485,-77.48556014588577,-0.5064415695809528
447,0,0.5307646673487901,3.410938487128598,-64.10267220010718,-0.4748346088896828
447,1,0.1573320323309233,0.8304964231118414,-13.554596562686443,-0.1011537056916898
447,2,0.5342889003812641,3.528047578434398,-58.69115931021553,-0.4695292744817242
447,3,0.6004353285976665,4.360706763537904,-96.171421864856,-0.5527093210623909
447,4,0.2471132017661055,0.975996129073505,-23.65508099189588,-0.1577005399459725
447,5,0.3046604161464709,1.4992909050124896,-41.771680887229074,-0.2442788355978308
447,6,0.3090597859195326,3.2715986034637674,-51.63282984333487,-0.2581641492166743
447,7,0.3701662550737833,3.416956947415377,-35.5095091979876,-0.2983992369578789
448,0,1.0726541889367989,6.732702979031791,-148.44620519965784,-1.0167548301346427
448,1,0.1814847020917629,0.7591301982537908,-17.16982227409465,-0.1262486931918724
448,2,0.4376162867128443,2.3933447147278253,-43.24191067841837,-0.369588980157422
448,3,0.5421170774258653,3.64677568629255,-92.06739246276024,-0.497661580879785
448,4,0.2325085187118692,1.4164660614899225,-22.99172904119782,-0.1473828784692168
448,5,0.2386193913181525,1.9650200490716447,-29.67811607676184,-0.1766554528378681
448,6,0.4875424928253474,3.5134290888457578,-85.85763808710566,-0.4292881904355283
448,7,0.2062449834819222,1.277086432374397,-16.80221122511213,-0.1366033432935945
449,0,0.534196256016403,2.9599064861455955,-66.63979965944237,-0.4794230191326789
449,1,0.1356556355216124,0.5205168849373479,-9.647413870582447,-0.0759638887447436
449,2,0.4210761555610168,1.3854382659045157,-39.18838032167631,-0.3498962528721098
449,3,0.3697590207555638,3.1010261407926936,-59.24200683916059,-0.3255055320832999
449,4,0.2426171938996814,1.363597784040947,-24.487775318227765,-0.1569729187065882
449,5,0.2856333907438244,1.6738252825993711,-39.16998360434707,-0.2264160901985379
449,6,0.7253639529011764,7.582845628632907,-131.85253528199436,-0.6592626764099718
449,7,0.1669995039153341,0.767334847371687,-14.292306500380096,-0.1043234051122634
450,0,0.7901654951207941,4.783621834454981,-100.5478138780646,-0.7339256487449971
450,1,0.1698588998593198,1.1909308460267076,-17.087669521394655,-0.1178459966992734
450,2,0.268369182807789,1.47121021508918,-28.17398725038181,-0.20869620185468
450,3,0.2781855006482527,1.8383666488916115,-44.03238543294216,-0.2354673017804393
450,4,0.2321738930470933,1.0415106997526142,-24.78969581410615,-0.1502405806915524
450,5,0.1383518477957145,0.6030843009153668,-13.004796595250204,-0.0769514591434923
450,6,0.3675949485790476,1.6415702578499591,-61.74866839664943,-0.3087433419832471
450,7,0.138340276539263,0.894170539324799,-12.685117528832071,-0.0823708930443641
451,0,0.6655423034455266,3.488337053591585,-73.59386967562695,-0.6032284399641553
451,1,0.1829928114454718,0.9307595654611736,-14.399675066125486,-0.1199972922177123
451,2,0.3678577804782914,1.6296463485723738,-37.72206409998076,-0.3042101943546835
451,3,0.512236148418703,3.5250448265905794,-89.14809803722808,-0.4692005159854109
451,4,0.325843215076845,1.4126327372722975,-38.57701165986703,-0.242622714841931
451,5,0.1820326026243583,1.1334389161908327,-22.080393692233176,-0.1240471555743436
451,6,0.3581511476692961,1.376880919083538,-59.232257617362414,-0.2961612880868121
451,7,0.1422885167558229,0.8718609097445497,-11.018888174629696,-0.0798470157581862
452,0,1.1334293008644103,5.799626755733825,-141.71983635843236,-1.073635123927518
452,1,0.325249172761537,3.698324531755832,-35.01768489172885,-0.2673105716925866
452,2,0.4183803408603682,2.025846854227858,-43.51332008125362,-0.3537668299288912
452,3,0.2968729654118869,2.0579541657285274,-51.89389354829858,-0.2594694677414929
452,4,0.4141846337020327,2.1421354866450257,-53.03932257082416,-0.3314957660676509
452,5,0.1373369811966151,1.0498349716197288,-15.604878362931276,-0.0825654939837633
452,6,0.678619705438788,5.612986851926454,-124.3902914636211,-0.6219514573181055
452,7,0.2533579304513347,1.6353850640412584,-28.372148953947228,-0.1943297873558029
453,0,1.025283058710047,6.154342334268616,-125.3819478099324,-0.9644765216148646
453,1,0.1863702227703143,1.1365481293454047,-16.814028354912,-0.1283513614878778
453,2,0.8347939737038933,4.916061802473771,-91.88584504666515,-0.7657153753888764
453,3,0.7466518725310105,3.7635503575888936,-137.96192352945118,-0.7038873649461795
453,4,0.2838950171117499,1.5051411190258908,-31.47653737936955,-0.199218591008668
453,5,0.1713428040240803,0.8714155717376338,-18.251758705177725,-0.1092919682944773
453,6,0.454925817727198,2.64569855883978,-78.27660380183225,-0.3913830190091613
453,7,0.1815038718906865,0.962852205158443,-16.61463146312338,-0.1195297227562833
454,0,1.8212566784015956,8.87336455855542,-224.6370075294805,-1.7549766213240667
454,1,0.202163535373549,0.8512832242932885,-17.246826542336315,-0.1402181019702139
454,2,0.3565390821985476,1.900802066873293,-38.498198138662936,-0.2961399856820226
454,3,0.4594356440373403,2.6442719204013287,-82.89003530500776,-0.4186365419444836
454,4,0.4949484989021155,3.5876563673591044,-68.40775557653399,-0.4145924580395999
454,5,0.1217210012745151,0.5114229135568801,-11.540707428249954,-0.0641150412680553
454,6,0.513161384342221,3.20328313336078,-90.11330808268616,-0.4505665404134308
454,7,0.1898461746864302,1.1303024889333395,-18.803556732247465,-0.1305802550850518
455,0,1.067255303978853,4.816683517015414,-124.37650427762745,-1.0030363248195762
455,1,0.1991117419122765,0.7281641147033102,-15.927052817045348,-0.1349750238732656
455,2,0.2527234797261221,1.6384478116370678,-27.50001894118565,-0.1964287067227546
455,3,0.7026596576016901,4.556035648324231,-126.61242022288152,-0.6594396886608412
455,4,0.3491260119745182,1.6756399055076874,-38.97284403668361,-0.2598189602445574
455,5,0.2088397684338461,1.5313435690748132,-28.211906133882792,-0.1524967899128799
455,6,0.4609040484118693,3.922093752460452,-80.01333351308422,-0.4000666675654211
455,7,0.1984941163036009,1.8095871789191544,-22.66796425574457,-0.1443819379346788
456,0,0.8601948039647428,4.075084324829663,-99.80604485532216,-0.7984483588425773
456,1,0.1877465927803566,0.8249044187021899,-18.278195238814074,-0.1324506901363338
456,2,0.5755748472014514,3.418053657687378,-72.4970154483453,-0.5178358246310378
456,3,0.6991562221956158,3.913147522090101,-114.69577673474868,-0.6516805496292539
456,4,0.3180660673982698,2.043686968685356,-39.92569588668032,-0.2390760232735348
456,5,0.1805142419550254,0.8299008137021804,-19.868810259030656,-0.1189749117307225
456,6,0.490605991090725,3.490494795280491,-85.16660275349943,-0.4258330137674971
456,7,0.1723278978885425,0.7833265567388971,-14.745283429377617,-0.1092243216990934
457,0,2.7703671475825886,16.08085741531159,-390.140658627043,-2.709310129354465
457,1,0.1328415899730652,0.4698675969817055,-10.857085441926095,-0.0781085283591805
457,2,0.3186516873407105,1.8579882346180776,-30.58813050991296,-0.252794467024074
457,3,0.5499269363720269,3.4081723844593257,-97.96837584799344,-0.50760816501551
457,4,0.3185439213985617,1.6638751816068753,-35.1645952903055,-0.2313460216467467
457,5,0.2115679288301917,1.5345009182915788,-22.871357519006533,-0.1456774364267932
457,6,0.5078115585158751,2.9596910973819783,-89.15720535728633,-0.4457860267864316
457,7,0.1744824360036586,0.7692768044878932,-17.687300941238075,-0.1179153396082538
458,0,2.061874965424292,10.289229762399389,-296.3767434592053,-2.002545563913549
458,1,0.1777555571920349,0.6154894512755669,-15.741937401175733,-0.1201674610776773
458,2,0.4055312396955293,2.0529283442136896,-43.91177154212229,-0.3430607151728304
458,3,0.4658883211771147,2.51272974241299,-84.58723391819113,-0.4250614769758348
458,4,0.3197974202758625,1.2862712671002436,-38.52032251967815,-0.2377797686399886
458,5,0.1330588310586689,0.5005312517643477,-16.67069142057512,-0.0833534571028756
458,6,0.3398192490970501,1.516082384588007,-52.79720010699317,-0.2707548723435547
458,7,0.1493855079619902,0.9096628944127289,-14.42329592366866,-0.0936577657381081
459,0,1.2494548015149294,6.862616152158712,-149.42699720194403,-1.185928549221778
459,1,0.2240627275787604,0.9197864114830344,-22.549420826803917,-0.1682792599015217
459,2,0.2484134721942931,1.632979434940946,-26.74019194699926,-0.1910013710499947
459,3,0.8125375307262771,6.432256160287581,-139.4729928301036,-0.7663351254401297
459,4,0.3105217618773589,1.4325610921250067,-34.53246818314867,-0.2242368063840823
459,5,0.2779117496343855,1.9282638559088667,-39.3591824106388,-0.2198837006180938
459,6,0.375595518267124,2.8708449128902807,-62.53844841855976,-0.3126922420927988
459,7,0.1770196988141651,0.7338317626028221,-15.615462366649854,-0.1148195762253665
460,0,0.939228518952657,6.867006528792087,-119.99691306561904,-0.8823302431295519
460,1,0.1421511171915437,0.8993326293243045,-12.875707472242697,-0.0894146352239076
460,2,0.3452176247374693,1.7760930438774738,-36.22659798747994,-0.283020296777187
460,3,0.3065407509474809,2.412223643217517,-47.717632173384935,-0.2621847921614557
460,4,0.3665934943889872,1.4381564188642693,-44.35581472317154,-0.2825211128864429
460,5,0.2198443457750671,1.5327170199764275,-26.708973324029905,-0.1580412622723662
460,6,0.364311717425894,2.231883207868836,-58.29272987027616,-0.2959021820826201
460,7,0.1882788239715653,1.0372929702197102,-21.563644189245476,-0.1347727761827842
461,0,0.4665383802168482,2.021450943199389,-50.47268434233631,-0.4070377769543251
461,1,0.2443345850999781,1.2288434418875738,-24.057389833842084,-0.1864913940607913
461,2,0.6797555049418091,3.431367412470137,-76.87374807719773,-0.6149899846175818
461,3,0.6395177701568086,4.876733789928978,-107.39072167918305,-0.5933189043048787
461,4,0.3596431367652169,2.063470332479222,-48.57544317145052,-0.2824153672758751
461,5,0.3232666258459439,1.611731001537202,-36.60159855999031,-0.2524248176551055
461,6,0.5383802804123566,4.490196061623377,-95.20570745483118,-0.4760285372741559
461,7,0.1401809068898123,0.7807203867433736,-10.24073526607346,-0.0758572982672108
462,0,0.9408780346630664,4.977566401651913,-115.3953282453794,-0.8808803682853389
462,1,0.1334674165760984,0.6604599357631734,-8.518647702701815,-0.070402047129767
462,2,0.3399347788067963,2.04394980477975,-34.86401609527966,-0.2766985404387274
462,3,0.6535539498585122,5.042501242730114,-105.3753348153494,-0.605605372502008
462,4,0.3979784724834443,1.9906705272087175,-50.411478436984126,-0.3150717402311508
462,5,0.2974768721373881,1.9305197545262864,-34.86334915447733,-0.229364139174193
462,6,0.3580808322946252,2.7054722776095,-59.78015257647723,-0.2989007628823861
462,7,0.1576283125499869,0.8347673279516714,-11.67895514225921,-0.0905345359865055
463,0,1.1622193707217872,5.816885814572504,-138.56958067663717,-1.0997585767987077
463,1,0.1255901178231457,0.5891342498865433,-8.093274345556567,-0.0647461947644525
463,2,0.4822981055256883,2.12453692159842,-50.43614660820784,-0.416827657919073
463,3,0.4871435980589096,2.553893842555988,-74.09733516849161,-0.438445770227761
463,4,0.4611255368734581,3.122232391316287,-63.60559915953628,-0.3808718512547082
463,5,0.4669319500226264,2.4757305479324767,-55.015431436375394,-0.3929673674026814
463,6,0.3953840993482111,2.6281524330098134,-62.71080725211608,-0.3249264624461973
463,7,0.216415201553442,1.0980485815865606,-21.912020826293126,-0.1554044030233555
464,0,1.4973762080168855,7.202317691540004,-182.02264827847625,-1.4332491990431202
464,1,0.2172176835954362,1.351228966155704,-19.021736183623403,-0.1559158703575688
464,2,0.5461575719797246,2.5697691555019024,-51.98832324563792,-0.4726211204148902
464,3,1.1196362192882754,8.281435554024236,-193.9761640140261,-1.071691513889647
464,4,0.3198088659321954,1.2592913826054033,-35.33270132547303,-0.2324519824044278
464,5,0.2023124553778112,1.068962857930842,-21.08651764592648,-0.1351699849097851
464,6,0.4494154717141243,2.290387858598699,-74.10345509943855,-0.3800177184586592
464,7,0.1219721085662681,0.4860382948254048,-8.48543802614128,-0.0606102716152948
465,0,2.618282709961538,15.38767068677586,-407.54591444070303,-2.563181851828321
465,1,0.2979043411755375,1.8413428061950583,-32.05794935327265,-0.2410372131825011
465,2,0.7420437244342664,4.793224193148524,-85.33512145188683,-0.6772628686657686
465,3,0.60661450919781,3.784801546524293,-96.6684048645105,-0.5587769067312746
465,4,0.2692707466973147,1.6072395142496965,-28.72375992661317,-0.1841266661962382
465,5,0.3111200266598182,1.922480449583211,-35.9066479710366,-0.2409842145707154
465,6,0.639171279334812,6.323963598692719,-114.63230814302815,-0.5731615407151408
465,7,0.2241674948117672,1.5532327595966726,-22.079834377556185,-0.1611666742887312
466,0,1.832019858810794,12.42065035824275,-264.4527273916517,-1.7748505194070583
466,1,0.1581175682591543,0.8992464566582784,-9.804203540945494,-0.0891291230995044
466,2,0.5602204549393246,2.257324250812702,-63.19364603102952,-0.4975877640238545
466,3,1.1089219628835307,9.677690126959543,-142.11398141230293,-1.060552100091813
466,4,0.3561170362796675,1.1049485755298127,-41.91833839408887,-0.2704408928650895
466,5,0.2207913056706871,0.9474431546143036,-19.87786776936172,-0.1450939253238082
466,6,0.5210338383158148,3.1511552071350315,-91.58574875990642,-0.4579287437995321
466,7,0.3362129083982382,2.613695607172468,-34.251334958702934,-0.2696955508559286
467,0,0.8557217932119053,4.956928606960472,-112.11855349062016,-0.8008468106472869
467,1,0.1973585615450084,0.9052495064984368,-15.31382876769116,-0.1320157652387169
467,2,0.4618351372949397,2.104635241904797,-45.579644996303,-0.3929279741060603
467,3,0.617447153362223,3.594500344972487,-103.94670136251013,-0.5711357217720335
467,4,0.3405905629918256,1.7592279951432863,-40.99044760816865,-0.2578015572840795
467,5,0.2317980373978926,1.1302422611570302,-23.313119807326206,-0.1607801366022496
467,6,0.5438193717269325,3.420820775357207,-95.60045453871771,-0.4780022726935886
467,7,0.3904280837126414,3.398176946949467,-47.23157408869928,-0.3302907278930019
468,0,0.841674370176524,5.649059167190144,-108.37308179193931,-0.785312186898111
468,1,0.1666580090710803,0.541641162039469,-11.165567579434612,-0.0996925676735233
468,2,0.7350971505017228,5.478264581892661,-80.00854771498344,-0.666737897624862
468,3,0.6612156804603868,4.303365914469784,-113.24498650745691,-0.6154618831927007
468,4,0.2568276042770004,1.1552332315929117,-27.870643211335768,-0.1741915200708485
468,5,0.1797170799999876,2.01688194873152,-20.640527360901697,-0.1193094067104144
468,6,0.5136592238753362,3.6212258817352616,-89.33385388983976,-0.4466692694491987
468,7,0.3803944808879065,2.8646774960137398,-50.64170742823053,-0.3246263296681444
469,0,1.2581419475494144,9.091394891597028,-160.4521383581719,-1.1974040175982978
469,1,0.1961177944846507,2.2286467108722947,-17.43367327519307,-0.137273017914906
469,2,3.560674460737583,20.50207061819146,-602.0606822377102,-3.5003528037076177
469,3,0.5800646460687411,6.013942626086632,-96.67181480655988,-0.5340984243456347
469,4,0.25164574200166,0.7991064864650635,-26.70395780462712,-0.1679494201548875
469,5,0.3998489312218934,1.509063832221871,-43.99480948693536,-0.3234912462274659
469,6,0.479022130890411,3.5249303932261764,-82.8134264837481,-0.4140671324187405
469,7,0.2937776414129281,1.671747865104577,-31.7439049489316,-0.2317073353936613
470,0,1.1337011239110444,5.987395641755741,-138.35139695199177,-1.0724914492402462
470,1,0.2746804911899169,2.3522472149285765,-25.90883078052205,-0.2123674654141151
470,2,0.4548745928605029,3.0926458510897845,-46.59307637879163,-0.3882756364899302
470,3,0.7608389455168885,4.786688154867187,-123.9336350076262,-0.7122622701587713
470,4,0.3841374187408805,2.0454235001491785,-47.80292643423862,-0.3006473360643938
470,5,0.2217218986596397,1.9944494211586032,-25.325913770374257,-0.1573038122383494
470,6,0.545187041566816,3.114805862331949,-96.3374789926286,-0.4816873949631429
470,7,0.2624294115350197,2.0392562341673,-25.92890996047085,-0.1979306103852736
471,0,1.0746525068677129,7.610582140999458,-140.347164476234,-1.0170084382335798
471,1,0.2221520602536127,1.0349323032620947,-18.712062186522434,-0.1585767981908681
471,2,0.3067721195588663,1.5737378354801004,-29.46084633047496,-0.2414823469711062
471,3,0.4567919605732616,3.3750564738194124,-76.73605117548293,-0.4125594149219512
471,4,0.474676401432145,2.868402532386715,-64.5378480871418,-0.3935234639459866
471,5,0.2200777650637396,1.554133982603862,-27.172940836107085,-0.1598408284476887
471,6,0.6351211904198858,5.293139554855791,-113.92681445212487,-0.5696340722606245
471,7,0.1982579867143275,1.4734179729769157,-21.583534320528457,-0.1419969363192661
472,0,1.079901818786427,6.383920754031515,-132.4999832856401,-1.01923064065877
472,1,0.1783145816418964,0.6426348397609166,-15.82084383044008,-0.120769800232367
472,2,0.4847176791364041,2.349362344015519,-55.1095662873212,-0.4239197406717015
472,3,0.4609832592474385,2.713469903436712,-70.7142724647872,-0.4135337571040187
472,4,0.3903955167067901,2.527108208037901,-49.11332419747374,-0.3069582762342108
472,5,0.2257133222309265,2.149989210104639,-27.615435072390728,-0.1643775897166114
472,6,0.4730097487014179,4.758445858077928,-82.50911361836296,-0.4125455680918148
472,7,0.1500687451568145,0.6443333590682789,-15.002128171367085,-0.0955549565055228
473,0,0.9861971965526364,5.199312162611069,-112.51175712385748,-0.9222275174086678
473,1,0.187947092657932,0.7256647742022292,-17.651056794983905,-0.1317243044401784
473,2,0.5482027222276397,3.930091482119952,-59.44341012340112,-0.4832797571008221
473,3,1.2422093643273542,5.5188392492575815,-207.49881855392772,-1.1925219457122285
473,4,0.3369865064904446,1.9255457972720744,-38.10433760006979,-0.2490479581703908
473,5,0.1886930893988709,1.0858184454618365,-23.626635572685903,-0.1312590865149217
473,6,0.6984756966537756,7.4831999709242,-125.83409854804688,-0.6291704927402344
473,7,0.1831621926269752,1.0576529157910646,-20.59404745096055,-0.1295223110123305
474,0,1.3642697302465254,6.86250385932786,-159.0599241600525,-1.3037698701643647
474,1,0.1400547586320475,0.8174816419126727,-10.516231980428277,-0.0815211781428548
474,2,0.4959210714590148,2.0286602232943727,-56.08446063031995,-0.4347632607001547
474,3,0.6011539547161913,4.5448306855886855,-93.31119262912448,-0.5521372344918608
474,4,0.322520357069082,1.6251571791841406,-39.55916598534406,-0.2412144267399028
474,5,0.2406081141569905,1.2899041157653406,-29.44884328960106,-0.1784778381187943
474,6,0.3997952940379028,2.1568769778058723,-61.23327612016333,-0.3274506744393761
474,7,0.2716813792094501,1.7566828341476377,-30.58542920676033,-0.2123988139358356
475,0,1.8219236333152908,8.275653200703793,-244.85420061294204,-1.7615410116038996
475,1,0.2263773473269767,0.9755514830454785,-21.00870411537082,-0.1667357469473874
475,2,0.2677924068628224,1.3506619072048485,-27.8586358731761,-0.2079002677102694
475,3,0.7656144580720823,3.869215018910779,-118.06883157579396,-0.7155686762169331
475,4,0.2672756763745562,1.1269460488486185,-30.748457473281857,-0.1863542877168597
475,5,0.139859481238728,0.8380229730410572,-12.78144573713458,-0.0769966610670757
475,6,0.4783368301904154,2.4244883770634784,-77.92363898021989,-0.4079771674357062
475,7,0.3295168363861995,2.191061532596989,-37.32156636876011,-0.2685004774730943
476,0,1.0371436316011151,6.449949074619607,-129.0625260967958,-0.9777464098242108
476,1,0.1764770094981763,1.0087576211929707,-18.53440490017147,-0.1252324655416991
476,2,5.0292922563722025,21.299813347766246,-993.6102231922232,-4.968051115961116
476,3,1.1575596614324242,5.231479985293622,-197.40972879870387,-1.1090434202174375
476,4,0.3854021064274904,1.770533262711523,-49.01546553694294,-0.3025646020798947
476,5,0.2994588880394645,2.103005645210525,-35.00659360676707,-0.2318317457401792
476,6,0.760724656520481,6.568177090976257,-138.93915556594192,-0.6946957778297096
476,7,0.261367572552942,1.0201726144517784,-23.435920991320916,-0.192097713043614
477,0,1.04207864917492,5.796155816852359,-133.8837233257919,-0.9844391421014108
477,1,0.2273638366684832,0.9853352699303144,-18.83884010708848,-0.1624037940266248
477,2,0.6163305320650044,4.064234523342934,-78.72792759737492,-0.5583540964352831
477,3,0.6674721524395247,4.340215553245383,-106.60689848840504,-0.6198075493511921
477,4,0.328018733076047,1.5950006427538148,-42.40664749495632,-0.2494508676173901
477,5,0.1945597433029098,1.1158566764863225,-21.345357229585847,-0.1309531118379499
477,6,0.593927991024161,4.088167938557452,-100.23623275843424,-0.5220637122835117
477,7,0.2938092495016001,1.5731353203241405,-32.89191165077505,-0.233275969154433
478,0,1.777072352699645,12.488483062588108,-245.85208324495093,-1.7192453373772794
478,1,0.142156523761779,0.5136429277489504,-11.396519726844224,-0.0850486546779419
478,2,0.829825194210895,4.288176981606228,-112.9165395009892,-0.7734009554862273
478,3,0.4834411199376326,2.7471260891894413,-76.89132844919713,-0.4368825480068019
478,4,0.2791889504291507,1.0504172855699825,-32.43421923714644,-0.1977696294947953
478,5,0.1981210302041784,1.7027378226835277,-20.42445543716712,-0.1317706802397878
478,6,0.4487823843786579,2.499786760936669,-73.06614882540906,-0.3785810819969381
478,7,0.4492540449857197,2.698146543397038,-56.01582588325413,-0.3889987908559314
479,0,1.7734705137090252,8.072815051689027,-231.02802389798492,-1.7113186955406292
479,1,0.1893554180015285,0.8253310014740547,-20.65380541504659,-0.1386161437251449
479,2,0.6679970052979503,4.045157385838725,-80.73670101745427,-0.6070428647928893
479,3,0.5370710817503115,2.658660552107081,-85.76456596170807,-0.4900832340669033
479,4,0.3160777235139522,1.13461594732044,-35.39746745180632,-0.229853684751989
479,5,0.1358966359563406,0.9180166222302566,-11.787035122222004,-0.0718721653794024
479,6,0.4867493095394002,3.1705483712657347,-81.8419345114906,-0.4175608903647479
479,7,0.2865365099124612,2.200546545118125,-32.73353499328037,-0.2273162152311137
480,0,0.7341614054626673,4.252446089556463,-87.77376772563228,-0.6751828286587098
480,1,0.1527564381902121,0.5397580768595791,-11.961110147591558,-0.093446173028059
480,2,0.3452587292262588,1.6463886079240655,-34.78302274903127,-0.2805082479760586
480,3,0.4573463022198463,2.777538450089992,-73.15745632104152,-0.4109969456238287
480,4,0.2144929322649138,0.8026114007702674,-21.618519948846554,-0.1326289567413899
480,5,0.2240203406784534,1.324747075263113,-24.04920081912471,-0.1571843190792464
480,6,0.3892994982963413,2.5095162414023315,-64.40740881227332,-0.3220370440613666
480,7,0.2781160334481952,1.826325483651749,-29.79210800081833,-0.2158848405856401
481,0,0.5740405925673026,4.418256072784259,-84.89337078264799,-0.5272880172835279
481,1,0.1516608891996773,0.6328945302959782,-10.94416669417032,-0.0897062843784452
481,2,0.4579105394422972,1.556284936304034,-46.1454765736168,-0.3910633607933627
481,3,0.3956190800931667,2.9357786611184364,-66.17790909076388,-0.3520101547381057
481,4,0.3094141447583455,3.1154596070977925,-38.923384435248295,-0.2303158842322384
481,5,0.2242102349296468,0.8329058385614375,-24.01365913318478,-0.1569520204783319
481,6,0.3568653544310108,2.48316783473738,-58.036551791552974,-0.2901827589577648
481,7,0.1522264061643975,1.0794095837078306,-12.91947917262343,-0.0909822476945312
482,0,0.7321349958467589,3.52734223268187,-89.01682118204364,-0.6743698574397246
482,1,0.1491755952118848,0.8783778597884234,-12.037473537175044,-0.0918891109708018
482,2,0.3475597773286589,1.2285887025400155,-35.89961553410524,-0.2849175836040098
482,3,0.8263433505620711,4.012434218615431,-141.80619131129893,-0.7791548973148293
482,4,0.3439136655720154,2.0820854409823677,-47.95127756653967,-0.2693891998120206
482,5,0.2165059204831934,1.1360529462587583,-24.08162240713556,-0.1514567446989658
482,6,0.4032847302576982,2.7016661112248253,-67.18827780233092,-0.3359413890116546
482,7,0.2133273886056406,0.9801929251640664,-22.19822159851414,-0.1541543166563482
483,0,1.5349695564663772,10.9016234762767,-202.0574052957465,-1.4748715715017993
483,1,0.1479257395968848,0.6875930805612405,-11.241626677046863,-0.0885167454885579
483,2,0.5290413355931914,2.837297088236341,-53.84113693899364,-0.4601806575982362
483,3,0.5583356297504828,3.530495075241835,-83.9274186425338,-0.5086510220759624
483,4,0.208616877345418,0.9949652818145064,-20.579954912093008,-0.1262573920987301
483,5,0.3626479550649803,2.56999786259489,-51.080664252550434,-0.3022524511985233
483,6,0.4920689175727191,4.556771956909087,-82.23561668089764,-0.4217211111840904
483,7,0.2635794960436569,1.445162581890245,-25.789438209390703,-0.19838029391839
484,0,1.050123103230845,6.628913580011773,-117.14223036937992,-0.9843884904989908
484,1,0.1654386238976108,1.0846203572767046,-13.4206496013139,-0.1056744063095582
484,2,0.7474405527008985,5.575597026244611,-87.58514319689114,-0.684258931225712
484,3,0.6057878111320847,2.987388287167527,-95.37339649376048,-0.557739160782225
484,4,0.2442678968372672,0.915280820620781,-25.74269377362614,-0.1608918360851634
484,5,0.2301444708950429,1.0275970583205876,-26.24522248455684,-0.1650642923557033
484,6,0.4271073250696408,2.712413652629325,-69.69691757444768,-0.3574200901253727
484,7,0.1409605343489065,0.7654426978771425,-10.391228004307129,-0.0769720592911639
485,0,1.0682356062525238,5.432693865065422,-134.16067251573142,-1.008726861020537
485,1,0.2203440088161928,1.979584873857413,-21.969921807356297,-0.1639546403534052
485,2,0.4391557714851892,1.9664873755698895,-43.42513026924544,-0.3711549595662003
485,3,0.7569627339190317,5.353899608212986,-126.45544150910436,-0.7104238287028334
485,4,0.312365779611005,1.648012410364565,-39.198641085462754,-0.2333252445563259
485,5,0.289708026258838,2.2944906082356624,-38.28353156119985,-0.227878164054761
485,6,0.5448994595895111,4.466140959655464,-95.91755615994025,-0.4795877807997011
485,7,0.1624398324721296,0.6620147800501358,-13.3671105540985,-0.0990156337340629
486,0,1.2183685364660402,6.715079706999415,-163.71231383748164,-1.1610802399821394
486,1,0.2398952529463319,1.2191070699064976,-22.65556552724643,-0.1798060756130669
486,2,0.58583291930242,2.1689128839886247,-58.12295909982283,-0.5143624699099365
486,3,0.4195862717304341,2.5451190283864,-62.78443198507142,-0.3715055147045646
486,4,0.3908278484234554,2.2533463765810797,-55.46677631778957,-0.3151521381692589
486,5,0.2922962310077788,1.8605819869358624,-34.64989146180963,-0.224999295206556
486,6,0.4018635736942405,3.0517556700367225,-67.74265018575538,-0.3387132509287769
486,7,0.1430776575816882,0.5828383431599699,-10.813292585805575,-0.0795095043073939
487,0,1.199265985455214,7.4503083701342465,-152.71326459853438,-1.1396512283472715
487,1,0.1156568004060867,0.9355877410439416,-9.85143923950134,-0.0652413194668962
487,2,0.3753395287609593,1.8838288625858104,-35.96416104588382,-0.3073859918451608
487,3,0.6760762165456482,3.754359355781486,-118.00479303374668,-0.631041673977255
487,4,0.3210138718393464,2.053127455652412,-38.11779479499372,-0.2382362174687107
487,5,0.3214241016045858,2.276931912368949,-40.14512342619423,-0.2557014230967785
487,6,0.3826308288377428,3.1321675853999507,-63.747493420663,-0.3187374671033149
487,7,0.1504250699434474,0.5996716453419333,-14.348983509674772,-0.0937842059455867
488,0,0.8961762490555364,5.317862951553234,-114.10302496847358,-0.838992830650541
488,1,0.239698808836561,2.0400244957360947,-26.747001582024176,-0.1870419691050641
488,2,0.3219460632094341,1.8487366763888928,-37.6018274185856,-0.2648016015393352
488,3,0.6382146127093373,3.634536959680984,-95.73355017984515,-0.5873223937413813
488,4,0.2678520559488018,1.0094375066024828,-26.63515721392845,-0.1787594443887815
488,5,0.2014137323683187,0.7627136698615357,-21.0442845157038,-0.13489925971605
488,6,0.4711810253220925,5.233707713400028,-81.95347801222938,-0.4097673900611469
488,7,0.2117999861500572,1.1476471998237352,-22.34117925711506,-0.1530217757336648
489,0,0.6974917937533568,4.273136530284614,-83.73702282633545,-0.6392139147048508
489,1,0.2800938183692305,2.642920559763877,-32.54177948411139,-0.2275648914972824
489,2,0.3286730708521787,1.1236868242431115,-34.816915572069064,-0.2678224274774543
489,3,0.4735344969833262,3.919497764836979,-72.32620620867492,-0.4254482718157348
489,4,0.2490428780907071,0.9515941894491056,-29.25256917131372,-0.1710676559725948
489,5,0.1697997907496409,0.9506242684033932,-14.41352879841614,-0.0987227999891516
489,6,0.4296321628299653,4.006014162017516,-69.76887714033468,-0.3596333873213128
489,7,0.2350280103345878,1.2247085212953563,-26.47456779916141,-0.1776816630816202
490,0,0.7798600128570732,3.554354347759526,-99.93222692577984,-0.7241465719259408
490,1,0.1976227225092455,1.0283252193421526,-19.17700706267796,-0.1420519041679848
490,2,0.4615009736846596,2.245412613680172,-52.05691899275589,-0.4004378384058145
490,3,0.5004273382650215,3.122627244266118,-80.85016400081754,-0.4542144044989749
490,4,0.284967734923284,2.457543418439626,-35.62169935884656,-0.2071029032491078
490,5,0.2387877610088087,1.3259549873000067,-30.845225227364967,-0.1793327048102614
490,6,0.2806865802966733,1.6749492643674448,-43.80404931644009,-0.2190202465822004
490,7,0.1754097140871703,0.7761791429004931,-17.94117679739966,-0.1188157403801302
491,0,1.0234766314919748,6.133149772403162,-133.45941388108582,-0.9670972020368538
491,1,0.1355717776047187,0.9069945489495826,-9.994819378202427,-0.0774792199860653
491,2,0.4631540319118727,1.828938786572169,-50.37225166427334,-0.3997797751132805
491,3,0.708884176197022,3.843621601322327,-119.21231759728052,-0.6622906533182251
491,4,0.463100427926514,3.675077317543113,-61.99565078017809,-0.3803414158293134
491,5,0.2224742883889133,1.2169215114035254,-25.328721988524983,-0.1583045124282811
491,6,0.4909831029220655,3.5192729452671543,-85.80440553246565,-0.4290220276623283
491,7,0.3375491263553573,2.067169946779681,-37.29086547796069,-0.2741975402791227
492,0,1.266074677457375,6.009753352656749,-170.4407600864397,-1.208799716925104
492,1,0.1762851280104166,0.8538809233950356,-14.336642013939512,-0.1156180807575767
492,2,0.437461156710408,1.5520714640090625,-47.29990424838163,-0.3753960654633462
492,3,0.4823912863905704,3.080030269737371,-78.64087546492671,-0.4368937525829262
492,4,0.3257666146437984,2.0477034120859594,-40.72706473083672,-0.2453437634387754
492,5,0.2496936911370201,1.517605610207351,-25.624657857061003,-0.1779490128962569
492,6,0.4441838778372066,2.3736688949014804,-77.60339727391126,-0.3880169863695563
492,7,0.209392446866248,1.400542993460606,-20.14395626601862,-0.1470361771242235
493,0,0.59809213282013,3.2504430246169624,-70.23592290516089,-0.5402763300396991
493,1,0.2003445629621248,1.008630186537146,-17.77630922485824,-0.1410818192449066
493,2,0.4035226070524731,2.038106538393762,-40.045286849789576,-0.3365150155444502
493,3,1.051413272565376,5.122455861498653,-177.3243960790643,-1.0018327462094028
493,4,0.2487623146256778,1.2448414948814712,-27.36359283611529,-0.1668511758299713
493,5,0.147077789026817,0.4810026622664458,-11.817415585434135,-0.0782610303671134
493,6,0.2943304471486418,1.5247494979380665,-48.4127899740733,-0.2420639498703665
493,7,0.1717638051316875,1.0307997742575108,-14.179273077561424,-0.1066110757711385
494,0,1.1685959136221364,6.066456579822977,-160.18402571717465,-1.1123890674803796
494,1,0.1532823206116008,0.6927451811214982,-11.710649685297218,-0.0936851974823777
494,2,0.299917374019649,1.4787445398690409,-29.85764395015042,-0.2369654281757969
494,3,0.6028679233792619,3.352142080420153,-97.84156719433324,-0.555917995422348
494,4,0.2445069883265059,0.9735160912200091,-26.949413122650103,-0.1633297765009097
494,5,0.2169300947788046,1.7579311358878142,-26.98993579813929,-0.1569182313845307
494,6,0.4086688447212402,2.9263303403327017,-70.46761282369742,-0.3523380641184871
494,7,0.2652541768706076,2.039481766979445,-24.040526234497204,-0.1954514328007902
495,0,0.9316891268251116,5.959772738585592,-119.83876685890688,-0.8747355245175684
495,1,0.309231123570277,2.351387960968624,-32.652889089636695,-0.2511760699202822
495,2,0.5305476565303027,2.5896670549146585,-59.36461070619559,-0.4674378795763432
495,3,0.4619558154929783,3.1568985800092064,-71.69826270187693,-0.4144408248663406
495,4,0.4147883588752067,3.504500307501049,-51.796592493309504,-0.3299146018682134
495,5,0.2388559520289844,1.647509937867798,-23.114245876875472,-0.1651017562633962
495,6,0.3067189774493218,1.6529987200218803,-50.51510235405311,-0.2525755117702655
495,7,0.2162732843133734,1.0846305485267165,-24.049958908712743,-0.1592712510510777
496,0,0.9787889334224446,6.034690135677595,-128.2101154621805,-0.9223749313825936
496,1,0.167555258655516,0.7300912958858307,-14.641346451335858,-0.1100853116641793
496,2,0.4522409413424279,2.884771594227621,-51.26210692092693,-0.3913137932895185
496,3,0.5808080785209808,4.222408254045107,-92.19778630552764,-0.5329351809568071
496,4,0.255054754536894,0.978783934115676,-27.105567460370438,-0.1704752670463549
496,5,0.2702576488568872,1.187614749441805,-27.918654898582552,-0.1966102457646658
496,6,0.1618260045329873,0.7779095341961111,-22.20626015815004,-0.1110313007907502
496,7,0.2113680435431816,1.220935535563284,-19.697867094029156,-0.1469990081643966
497,0,1.1400199481598643,5.373866123577668,-145.9263707831093,-1.0809360798748835
497,1,0.1635683485657734,0.8138156336987178,-14.014204941444357,-0.1061682192533663
497,2,0.5020243345040731,2.4735955850773266,-48.71888413109448,-0.4311405675318095
497,3,0.6187177758086239,4.0354234076798186,-103.01443370870447,-0.5723024094928026
497,4,0.2388873269579243,0.9027075204655424,-24.04662132326842,-0.153163193141837
497,5,0.1745153365178479,0.9143723940434698,-17.501061095157745,-0.1093816318447359
497,6,0.349226381112665,3.950791789968332,-57.81254790887964,-0.2890627395443982
497,7,0.2961025337168455,1.663445868609894,-34.9809731946655,-0.2379658040453435
498,0,1.0477750241891193,4.496005561332391,-130.42599438332437,-0.9880757150251844
498,1,0.1885131307208303,1.4879678490618624,-19.024973451718225,-0.134928889728498
498,2,0.4298599290856305,3.1695716963821607,-44.38747489035041,-0.3638317613963148
498,3,0.422828608648755,3.140619991792543,-64.52633003636484,-0.3751530816067723
498,4,0.2414000505917286,1.610289656049242,-26.317166780833112,-0.1594979804898976
498,5,0.1906833971565627,0.926263187173387,-22.06477761908969,-0.129792809524057
498,6,0.3905170757978753,4.303778175363719,-68.29406572812373,-0.3414703286406186
498,7,0.3025287773276968,2.5550954760496527,-33.119929737944446,-0.2399994908546699
499,0,0.6424947260937959,2.943414563816451,-75.32400155104298,-0.583906988767775
499,1,0.1801107677808407,1.0690565322131205,-14.665706446337992,-0.1192333857425853
499,2,0.6890831950703884,4.081753218383915,-81.42788327181664,-0.626368332860128
499,3,4.30122320231593,23.75984525779076,-740.0006348545893,-4.252877211807984
499,4,0.2185904078325129,0.7899046149263561,-22.48326877657051,-0.1370931022961616
499,5,0.2141476589160202,1.3349245313437663,-23.849393046644384,-0.1490587065415274
499,6,0.4096946769112262,3.8959693179141457,-70.57140518150496,-0.3528570259075247
499,7,0.1547064075282086,0.6370652844717992,-13.32455959791049,-0.0938349267458485
500,0,0.8770946612242663,4.388581757272129,-108.03244729293064,-0.8184276310070502
500,1,0.1369827300273794,0.6405344330399891,-10.131836600443217,-0.0785413689956838
500,2,0.4174159355852775,2.6258319111529285,-43.37804992206064,-0.3526670725370783
500,3,0.3833897971177575,2.4477370926679645,-64.33014036609424,-0.3403711130481177
500,4,0.4400974747777005,2.960829342463652,-58.01346631180754,-0.3581078167395527
500,5,0.1952280919237697,1.3678779120908575,-21.456398530482176,-0.131634346812774
500,6,0.4457404189773251,3.631197057406816,-76.20477834203196,-0.3810238917101597
500,7,0.2773578029003265,2.350821237352048,-32.46915479119502,-0.2193861810215879
501,0,1.4855828756986331,7.9660479038263965,-196.81753810383935,-1.42621404423072
501,1,0.1705160139147981,0.8110551632177146,-14.312367792822872,-0.1118153733814286
501,2,0.4357728285769349,1.73012669414258,-47.33864988031712,-0.3727452746481662
501,3,0.5150233644497425,3.913790728044641,-91.14213795148328,-0.4722390567434367
501,4,0.3231455129532139,1.5421883578886282,-38.519984156712944,-0.2407499009794559
501,5,0.2470923515683882,1.7117049656455157,-30.714500226684063,-0.1850271097993016
501,6,0.7061736996859079,5.8971359055600425,-126.75098322777342,-0.6369396142099166
501,7,0.2954549630404889,1.4236445807675235,-29.75659102354437,-0.2288968540272644
502,0,0.7911486554488149,3.720820351433772,-97.55593512862384,-0.7335032716437881
502,1,0.2027097020193701,1.0980923612012994,-16.80526908234853,-0.1400439090195711
502,2,0.3472015895171642,1.556915081510748,-42.4473076092298,-0.2927400524774469
502,3,0.7221589114167365,4.618725008668335,-123.10898646808876,-0.6764230025719162
502,4,0.3408077646297944,1.8813049676863336,-41.80034859321332,-0.2580268431679834
502,5,0.20592748177358,0.8734155471902305,-20.42520542212,-0.1370819155846979
502,6,0.4485716334070108,2.772966284935778,-75.67334145683496,-0.3802680475217837
502,7,0.3557325960576007,1.653985849728444,-34.549991296406965,-0.2855371181521237
503,0,1.2968794752410342,5.371850274165154,-177.27043638026305,-1.2396534012605809
503,1,0.1770736728297194,1.260914332135742,-14.926101285485815,-0.1175283565786284
503,2,0.3383384017219867,1.8942034338493363,-35.04588296793319,-0.2759518343931747
503,3,0.4668990485503344,2.070448142023224,-73.08736061356495,-0.42004230237681
503,4,0.3695475982142961,1.6294959411423224,-51.80780723302724,-0.2943625410967457
503,5,0.1257857206926098,0.6707908664689353,-14.127801893142845,-0.0724502661186812
503,6,0.5354066009875427,6.304317412853756,-94.18956919696144,-0.4709478459848071
503,7,0.1438227337141816,0.4771447603077406,-9.212013537439343,-0.074290431753543
504,0,1.0006026020482826,4.4682598889109295,-121.1118879655248,-0.9388518446939906
504,1,0.1992741766604105,1.1070292032807727,-15.908065268903478,-0.1359663698196878
504,2,0.4176673475221933,1.9792318016841413,-42.51101702034703,-0.3513307191764218
504,3,0.4704667813011199,2.6980241491214416,-74.13657357769588,-0.4236375633011193
504,4,0.2402697496398775,1.2263850250802046,-23.859749304568844,-0.1539338664810893
504,5,0.3738424914144558,4.099481670498073,-49.08719071336013,-0.3087244698953467
504,6,0.5147716384845741,3.44054577083169,-89.53877628734631,-0.4476938814367315
504,7,0.1640231218152141,0.7063864751909169,-12.352192995570414,-0.0965015077778938
505,0,2.4145280756286387,14.417799706124455,-360.7119958473002,-2.3575947441000014
505,1,0.1724057333945355,1.0037191649569848,-13.595574662499736,-0.1105331273373962
505,2,0.3159236078614461,1.610571589710687,-36.51732733501048,-0.2589881371277339
505,3,0.5720261830913835,2.970416280081684,-106.6950827850158,-0.533475413925079
505,4,0.2361697072065499,0.9404632042556468,-24.422949936200933,-0.1526434371012558
505,5,0.2577487571415253,1.195517979016891,-27.013953120979767,-0.1863031249722742
505,6,0.6224588996336125,3.6353891068255058,-111.86090561995154,-0.5593045280997577
505,7,0.2199003625274682,1.182421898708846,-17.96654164992758,-0.1484838152886577
506,0,0.9762994543594432,6.0158101536026845,-121.93907227170496,-0.9168351298624434
506,1,0.1877590143158023,1.1145138916034298,-15.160975157085716,-0.1252973153478158
506,2,1.2343040941127996,6.564975419448843,-133.66792806521235,-1.162329809262716
506,3,0.4780177944985637,2.672917919860489,-75.04940204788964,-0.4313184025740784
506,4,0.2867260518259786,1.2424068036174871,-34.72520344832672,-0.2066976395733733
506,5,0.1873069764122726,1.2106032573865244,-16.528382516228834,-0.114780434140478
506,6,0.3056573799078181,2.08374690100718,-46.91647449301535,-0.2369518913788654
506,7,0.2618902289716128,1.3406596504810422,-23.622257915475547,-0.1920508773615898
507,0,1.1164429103249218,7.669554307875101,-155.03590557558607,-1.061889764216343
507,1,0.2201250551526173,1.923453710136137,-20.191735167381285,-0.160251866407788
507,2,0.556106254273622,1.7094641346598063,-55.42282594899726,-0.4861651399034847
507,3,0.9063336726218272,7.902266018476897,-151.88978262379533,-0.8581343651061882
507,4,0.220919867706826,1.64010805981871,-23.062847425329583,-0.1397748328807853
507,5,0.2406433008033761,1.4047103221984307,-29.66283166476635,-0.1786917570166647
507,6,0.3848810529026822,2.9602415009872667,-63.90307970236374,-0.3195153985118187
507,7,0.2752393022157126,1.1485050767900526,-26.157041116566933,-0.2075955644171979
508,0,1.2828014294325212,6.870412340933897,-163.78566399558204,-1.222281074593896
508,1,0.1332565041836925,1.0406344875396167,-12.333195363115252,-0.0827731232423842
508,2,0.5965130242808805,3.2410533453715256,-62.79176837786967,-0.5276619191417619
508,3,0.6553571633332295,6.309329758494812,-120.73330317199589,-0.6128594069644461
508,4,0.2390933336985985,1.4352136471728931,-24.35614229472463,-0.1541527993337001
508,5,0.2094082088252137,0.8823964221467265,-19.668369519543678,-0.1375410455912145
508,6,0.3811345696740864,3.2140853655690518,-63.526533863866746,-0.3176326693193337
508,7,0.3296970733090519,3.244080360701164,-38.5849897686213,-0.269825103277072
509,0,0.8242064908227252,3.887310972291831,-95.34848693125474,-0.7627878954500379
509,1,0.1917933409092107,1.2279552491828367,-19.08647705557718,-0.1373127845724977
509,2,0.5701195398633269,2.8085326661555365,-63.20893054327693,-0.5056714443462155
509,3,0.3812689351502464,2.684409392255652,-57.9118116442481,-0.3347503563251335
509,4,0.3037252809621525,1.587747141935625,-34.3367732604789,-0.2187055621686554
509,5,0.2428852245368912,1.1247403814151302,-28.109124863464096,-0.1779058535662284
509,6,0.4892659204494489,3.836968360478188,-84.40057074897443,-0.4220028537448722
509,7,0.3279474637216076,1.945083347842509,-35.72689639071524,-0.264643676968261
510,0,0.7327275032489415,4.079508477035612,-83.97741350836039,-0.6718193080668831
510,1,0.2011213250947076,1.2139752382152391,-18.158218859357422,-0.1418610848387299
510,2,0.2778311284703618,1.7903494932187434,-27.066250933508293,-0.2148115153453039
510,3,0.5216084021886607,2.607071769541882,-84.00987954330984,-0.4746320878153098
510,4,0.2939067046154863,1.7426357478986014,-35.49613082483101,-0.2138321134025964
510,5,0.1916220377965833,0.814737571600185,-20.51676888198958,-0.1282298055124348
510,6,0.3967142609273705,1.861837318078043,-63.1348725044553,-0.327123691732929
510,7,0.1666741345319447,0.7923200607194107,-15.962900796556337,-0.1085911618813356
511,0,0.7495817000670648,3.9246402074987303,-96.55287896158006,-0.694625028500576
511,1,0.1453413972760636,0.8329658666125682,-9.524349078987242,-0.0807148227032817
511,2,0.2379276015342445,1.0671407414183782,-24.20874323594113,-0.1793240239699343
511,3,0.2878067903426288,1.6574508910549404,-42.83454958575015,-0.2420031050042381
511,4,0.3004462616343535,0.9862676965984664,-33.56632756326968,-0.2151687664312159
511,5,0.2582907939406589,1.6698164331499894,-34.17792815948082,-0.1987088846481443
511,6,0.5890645479946164,2.6820095321894324,-94.903722628164,-0.5157811012400216
511,7,0.3003609098432987,1.7603443293354706,-30.480501376281484,-0.2344653952021652
512,0,1.0297491320565677,6.684708445321526,-129.00636894863158,-0.9699726988618916
512,1,0.2936595719430608,2.0107952851186264,-27.76823766517092,-0.231401980543091
512,2,0.2945743787823464,1.3427191200426951,-28.233332975099177,-0.2295392924804811
512,3,0.6124136122053145,4.674379150990451,-100.7294283372302,-0.5658956648158999
512,4,0.2432924401307492,1.062207757230306,-28.6093683860255,-0.1663335371280552
512,5,0.1960149603252904,0.9462810885711288,-24.05735152244507,-0.1374705801282575
512,6,0.4369385973691567,2.7654832680051253,-73.78840446839146,-0.3689420223419573
512,7,0.323782343190454,2.0877786919907053,-34.52374328281047,-0.2595770171639885
513,0,0.7893542659451984,3.6263637089656857,-89.45557265200807,-0.7272810784716104
513,1,0.190944328374515,1.0775319021549192,-14.61574453367979,-0.1259977977041361
513,2,0.334449689398779,1.6661352756202397,-33.92432951868385,-0.2713946361494708
513,3,0.721808068260058,4.719670948938873,-130.8444820759859,-0.6779506843315329
513,4,0.226736213138802,1.1239979955457218,-23.427873711121386,-0.1446165043896381
513,5,0.2019053232456307,1.4168787483862706,-27.46246745071033,-0.1468581147096809
513,6,0.5373170751115008,3.54581372405961,-93.97012592917837,-0.4698506296458917
513,7,0.1938842198581916,0.952696507703371,-17.41631537437249,-0.1299725027938245
514,0,0.9228496892639816,5.268850668711019,-123.07963854989303,-0.8667580179569931
514,1,0.1539224367007435,0.6750173997716652,-12.654974547254554,-0.0966028591393477
514,2,0.4581261642643352,2.1604119754713738,-47.97401047734397,-0.3932295940765899
514,3,0.5817139741140774,3.1299107742804853,-94.1907275141188,-0.5351745881484024
514,4,0.2165317562982438,0.7434097378647487,-23.184151128148645,-0.137184326202063
514,5,0.180837208598536,1.122230174133232,-20.56797931466649,-0.1202805807875233
514,6,0.5475394785180753,3.863544363820286,-96.24893286655548,-0.4812446643327774
514,7,0.3321083616700664,2.94296379127569,-36.94314635320235,-0.2696580025781193
515,0,0.7024304303058061,3.784861868620451,-94.84538336244776,-0.649625913441423
515,1,0.1955415425247702,0.6608685025612963,-14.562678837852182,-0.1288732640517892
515,2,0.3810564538999326,1.644714100431333,-39.064292088064335,-0.3175958706346694
515,3,0.5030529645126068,2.770455300005604,-76.82819510654159,-0.4546047047724354
515,4,0.3126842676710617,1.7820492933350376,-40.068707218035776,-0.2343199252516712
515,5,0.2757507716080691,3.1111906461623957,-37.33302784234409,-0.2157978487996768
515,6,0.3764166343873109,3.595880946808559,-64.45613248270679,-0.322280662413534
515,7,0.3748416483589182,3.9734257630638825,-45.34613264834378,-0.3149036989468318
516,0,0.8845277432502616,4.646109845371267,-114.1953840216049,-0.8275027827652529
516,1,0.1583915989989105,0.9367255400218244,-9.399403984599257,-0.0878448970523295
516,2,0.4665461689425983,2.078844863245226,-49.88982423428347,-0.4023372922119635
516,3,0.6375939034604581,3.943553044653583,-107.66154398921488,-0.5915469449956862
516,4,0.1841894432747323,0.8673321754259009,-19.190912186818,-0.108423232693887
516,5,0.1647404482121206,1.0688070424711429,-16.02221598619386,-0.1001388499137116
516,6,0.6240054099370709,6.133133175466936,-112.19570400753568,-0.5609785200376783
516,7,0.3955778717254458,1.9055970822453,-43.238460352847845,-0.3300645828461667
517,0,0.7841634086538678,3.786401299166287,-95.15753220028228,-0.726393375574674
517,1,0.1879330046493933,0.8634115118087231,-16.652112079634755,-0.1290861401522074
517,2,0.3814451569015083,1.7375999545105034,-37.88556914813967,-0.3157130762344973
517,3,0.5332027812433806,4.270396607003701,-90.8559229788784,-0.4884727041875182
517,4,0.303393730988566,1.3011927686971347,-37.022076199785616,-0.2230245554203953
517,5,0.2229123711478798,1.937955360354049,-31.8823718387791,-0.1678019570462058
517,6,0.5621761388173606,3.980544137519672,-99.28759614872372,-0.4964379807436185
517,7,0.3288317896112152,1.3773782526420073,-33.50324310613455,-0.2617440867666761
518,0,0.7761313434418158,4.432978111046538,-97.80280453760696,-0.7191382686588748
518,1,0.1719708867861372,1.1924093639325892,-13.540432316908802,-0.1100848155846244
518,2,0.5090283267716847,3.138313115997683,-56.14756634728374,-0.4456156059308233
518,3,0.5941006683619431,4.30912073176623,-102.20976892087408,-0.5495148866713659
518,4,0.3085703818135886,2.8174384733145525,-42.52786879962002,-0.234960601102873
518,5,0.1689870328509562,1.0166957884577357,-18.7370446865342,-0.1089363063170592
518,6,0.6058464836306713,6.212077899302524,-108.60216252222618,-0.5430108126111309
518,7,0.2455479478489035,1.0549029071449294,-24.28621514767368,-0.1812404115498035
519,0,1.0100854322231043,6.1415778074768586,-128.51171196356887,-0.9519386071375472
519,1,0.1046307988112856,0.492519430535133,-5.872988560453838,-0.0455270431042933
519,2,0.2774377961276745,1.274290941706205,-24.536152740329463,-0.2097107071823031
519,3,0.7088786805347173,3.966651551900028,-119.19589079558015,-0.6621993933087787
519,4,0.2149100424370435,1.247035991143186,-22.23115944829292,-0.133922647278873
519,5,0.1603864442161371,0.8318909719615933,-18.09703838694818,-0.1022431547285208
519,6,0.450298232903854,3.0496968409266403,-74.6604660549051,-0.3809207451780872
519,7,0.2775039195675238,2.315865415207253,-30.826023780674465,-0.217084674511792
520,0,0.8483265312307657,3.1533151775110286,-99.15915729377696,-0.7869774388394998
520,1,0.1684688716246399,0.993857724904182,-14.295130836256147,-0.109962544894278
520,2,0.3257154841893813,1.2268585713496392,-28.887694974375886,-0.2556433183573087
520,3,0.3699725975851111,2.547580679871164,-57.34963315636064,-0.324009226872094
520,4,0.332820799724995,1.9188085523223053,-41.75162867150991,-0.2515158353705416
520,5,0.1705439506583528,1.28282111603791,-19.385370388308104,-0.1114101746454488
520,6,0.3923568047353316,2.424344437854003,-65.22358010519605,-0.3261179005259802
520,7,0.1431080002292957,0.556383726488165,-10.937175881505611,-0.0798334005949314
521,0,1.5325475116385658,10.42363667338857,-211.0719190574078,-1.476027405995859
521,1,0.1616779289303605,0.6352567655205247,-15.748613312222393,-0.1093653702237666
521,2,0.3464455231757331,1.60579355731426,-33.83709202259114,-0.2796453886164557
521,3,0.5163586884099113,2.7985814116907184,-79.59140424013653,-0.4681847308243325
521,4,0.2832351757897413,1.0366494135896014,-32.201818403946625,-0.2000112944344511
521,5,0.1951759022323315,1.174506296260098,-21.195061647931965,-0.1316463456393289
521,6,0.3472220870208308,2.413921166343102,-57.0836499108295,-0.2854182495541475
521,7,0.2037882309591274,1.2303935746476564,-21.30266300107268,-0.1449160748372291
522,0,1.229227175782455,7.343815025037509,-152.93667224196352,-1.1674555132974314
522,1,0.2220966798200876,0.924824704163177,-19.36018783398452,-0.1600015523469795
522,2,0.3239070250201457,1.98612652172664,-32.194275765368545,-0.2596312561723269
522,3,0.4957651558045839,4.035979957666562,-86.49320115320315,-0.4528439850953044
522,4,0.3347499773211209,2.099264928553569,-41.87233228519531,-0.2537717108193655
522,5,0.2287527374869357,1.7472572053227735,-31.01443527416852,-0.1713504711280028
522,6,0.5869136098576907,4.370654314091267,-103.88025600459996,-0.5194012800229999
522,7,0.2008120487445625,0.7947093507976384,-18.523767945147995,-0.1372130958899851
523,0,1.5039958341040989,10.854356018675212,-193.40867450604853,-1.443348317209317
523,1,0.1467019384125799,0.587858677376059,-10.277105832911232,-0.0842385724009117
523,2,0.5536761796955217,1.9716748454287625,-63.39433608576329,-0.4914289619051418
523,3,0.4819013449295511,2.717876487780043,-72.8083018125924,-0.4333827488844786
523,4,0.3121247611133015,1.3299006711300068,-41.97933652212584,-0.237171392780372
523,5,0.2717187823875415,1.647449190023467,-29.37508295995336,-0.2011991983558449
523,6,0.4750029445965368,3.821904829504853,-82.91706707376595,-0.4145853353688297
523,7,0.2034193666299293,0.929320460096606,-21.21111777338702,-0.1452816285848426
524,0,0.8554175709527875,5.534135498268952,-105.95232309172582,-0.7966340082084648
524,1,0.2748207213901706,2.2190542465960155,-31.446585934594676,-0.2214548305253146
524,2,0.3383249776153504,2.211781805904081,-44.12933207345328,-0.2865541043730732
524,3,0.4855970330566474,3.2190193727780008,-71.01385543055699,-0.4356678247273435
524,4,0.3026921292232883,1.6720941849239608,-35.65847300498705,-0.2201140308949818
524,5,0.2648410276989421,1.5709799312586468,-30.31061752400211,-0.1981086112679876
524,6,0.4232490536856463,3.628769426936669,-72.09652741385334,-0.3604826370692667
524,7,0.2466063518044866,2.020200591609929,-29.604692168721776,-0.1909980139917534
525,0,1.447313264039542,8.165546904681209,-188.69562463747425,-1.3874678282167223
525,1,0.2199674773892105,1.2895139346573687,-19.13099921718737,-0.158107431547003
525,2,0.4008791636691946,2.343796734222256,-41.30249392110206,-0.3357926335048948
525,3,1.0290330425708156,5.7519925942646495,-185.88338955442592,-0.9835099976424652
525,4,0.3519317928558229,1.48907352466144,-40.85078501215345,-0.2652648377412562
525,5,0.2199678637282791,1.0791638924956304,-25.362726575900805,-0.1565600405919802
525,6,0.5481402346684451,3.209939926200285,-96.6406518340803,-0.4832032591704015
525,7,0.2508399701737523,1.690286518520984,-27.01164191686988,-0.1902228304004921
526,0,0.8369224564933636,5.13206858282849,-97.75022240336938,-0.775795415899757
526,1,0.4839555951749705,4.902881387813229,-60.65817842378414,-0.4301998469771925
526,2,0.3191846523766294,2.15407463350657,-29.01489382729705,-0.2501283950629056
526,3,0.6511450797176541,3.481918706076366,-106.95671384182003,-0.604275219445311
526,4,0.2703460565264675,1.5244557373141847,-31.81506444154632,-0.190509367913451
526,5,0.2921338131893594,1.9154279197584063,-33.52372877975974,-0.2234915251983983
526,6,0.481541688855202,3.8065224897184526,-82.79887641211764,-0.4139943820605882
526,7,0.2353023066838407,1.5734037149889666,-24.605019937210503,-0.1745036874979468
527,0,1.1914660398399413,6.122946168794614,-150.34725583982612,-1.130430495036287
527,1,0.2553879776865408,1.257460218741041,-24.641453687281548,-0.1955670927562027
527,2,0.4377151344697894,2.487202373772643,-44.21450701972458,-0.3715504791573494
527,3,0.643416748146194,3.7688946944422295,-99.81972493214428,-0.5941650293580016
527,4,0.3060648633097541,1.6574637671647114,-38.37120212522901,-0.2270485332853787
527,5,0.4116537006937936,4.555737709704585,-57.1158653235538,-0.3482674714850841
527,6,0.8493050552833717,5.4612422411124015,-157.67228284481004,-0.7883614142240503
527,7,0.1961993719274018,1.1929707971885182,-19.85771673765956,-0.1369497706045487
528,0,0.875581186133602,5.38202197279196,-111.20941005884688,-0.8177162504326976
528,1,0.3245671941333005,1.97224743171605,-32.742695289424184,-0.2640539942695498
528,2,0.3881693958679471,1.6624917946221844,-37.13470374275809,-0.320126756403087
528,3,0.5215586334182294,4.389096488874359,-84.11639894593974,-0.475233892349942
528,4,0.2503362040747635,1.3110749560392387,-24.596392278374,-0.1628900150885695
528,5,0.2993023207258423,1.5721032273641888,-38.61262913330249,-0.2368872952963343
528,6,0.3804285499090388,3.082810178683906,-63.61995277998463,-0.3180997638999231
528,7,0.2263548528641724,0.9250656377356308,-21.70977610226406,-0.1620132544945079
529,0,0.7822356825543282,3.852550348300421,-96.3136007980763,-0.7241624120156113
529,1,0.2360529018239743,1.0352140633235758,-20.1362883551642,-0.172105028676617
529,2,0.4366500142106019,3.027380350379401,-54.90676255070761,-0.3812969621576917
529,3,0.4933719393932622,2.332562371669056,-75.68964796960748,-0.4452332233506322
529,4,0.3045456068075962,2.2191033032567846,-38.493067304396085,-0.2264298076729181
529,5,0.3327916280360899,2.107000117686875,-43.68888081232466,-0.2696844494587942
529,6,0.347394363880212,3.239291233248382,-56.75313239894951,-0.2837656619947475
529,7,0.1486536540357942,0.663852535019397,-13.380942069130583,-0.0904117707373688
530,0,0.6804641477628798,4.660875019840579,-86.21768750319285,-0.6247658514724119
530,1,0.203510103865897,1.575793671214188,-20.100082356338813,-0.1477947232083736
530,2,0.4260508345944225,2.3333662037509093,-42.69715056240718,-0.3587995845580435
530,3,0.4656447590301283,2.701289657108329,-74.18554138496268,-0.4191273524574162
530,4,0.3509285799687261,1.703791912820224,-47.81736643402492,-0.2748124507702582
530,5,0.2585492184145637,2.2343423885627334,-32.35687351066869,-0.1961022637010223
530,6,0.5107555680951449,2.7353652202193546,-88.6867934421555,-0.4434339672107775
530,7,0.2364391652789281,1.286417569896568,-25.528402630291307,-0.1772805738214674
531,0,0.5876129007700455,4.403071166771885,-72.91084052044968,-0.5321959162076619
531,1,0.1053178997639302,0.4869015979769245,-9.107112112558848,-0.0576399500794863
531,2,0.6797567793742021,3.435841585341303,-68.08768652110201,-0.6079257725098394
531,3,0.3253513223749149,2.993574843701066,-57.05485287771148,-0.2852742643885573
531,4,0.339682045090363,2.0174358765375424,-41.6584025976258,-0.2571506333186777
531,5,0.2021890377664588,0.9457685448549058,-21.39069346348017,-0.1362464551814023
531,6,0.5020083859023792,2.876380488635632,-88.19105109152473,-0.4409552554576236
531,7,0.1520765923521472,0.6332096173023026,-12.42672186270357,-0.0900487091500258
532,0,0.7718995055450636,4.988549180451231,-101.79847125447203,-0.716890642637127
532,1,0.1935369907600561,1.905942966365376,-18.831642722999373,-0.1384679611985248
532,2,0.5626257924182826,2.3466644139247794,-57.82630074320183,-0.4942418866940327
532,3,0.4418462043269027,2.293773130829901,-81.02399229132169,-0.4051199614566084
532,4,0.2764249987058456,1.8059954548139996,-32.58486193119684,-0.1962943489831135
532,5,0.1524366987342401,1.0279926052735886,-11.18840910059949,-0.0793504191531878
532,6,0.6505777491894398,5.868786690751021,-117.28575159263924,-0.5864287579631962
532,7,0.2724623057578088,1.675266159343428,-29.107478769869605,-0.2109237592019536
533,0,1.1898107409913528,5.83034965103541,-160.909885013636,-1.1331682043213802
533,1,0.1664785638819368,1.3027053408518334,-19.1831483546477,-0.1191499897804204
533,2,0.4954950043538417,2.871012614095588,-54.33142770498321,-0.4312018071824064
533,3,0.920670050871431,3.7013922359537768,-159.1122325719558,-0.8742430361096472
533,4,0.2951454613945574,1.866513536872109,-38.3403478080763,-0.219087701760436
533,5,0.2207936390174873,1.207801261679971,-22.394675396021302,-0.1513153742974412
533,6,0.6153478957018588,3.396334384879061,-110.36549446212295,-0.5518274723106148
533,7,0.2542965613661883,1.3881145417255494,-25.27563519221585,-0.1900423698662846
534,0,1.0367661257941445,5.351837092385996,-137.1813185496964,-0.97986656106926
534,1,0.2501780956338846,1.4819652220930113,-24.72523961250736,-0.191668524127964
534,2,0.5020741041770062,2.036011065914576,-51.25210790886411,-0.4343398975327467
534,3,0.5867074267345059,3.949278642546416,-94.9959447437212,-0.5397496860438704
534,4,0.298373562321014,1.056334847542544,-34.70702231177811,-0.2155715671539013
534,5,0.2330920313824251,1.2864529766546315,-27.521185068388192,-0.1698838584468407
534,6,0.5140404452589614,3.2282704841248853,-89.33189178745198,-0.4466594589372599
534,7,0.1759932813548167,0.8407174028227457,-16.29841963623773,-0.1155916286257995
535,0,2.33050921268952,15.153700170335808,-322.3019186177669,-2.26973182125188
535,1,0.2789853351165062,1.8532365237704111,-28.17055695159265,-0.2200824761843176
535,2,0.2999787606365086,1.3496583866314225,-27.99276399968036,-0.2332730333306696
535,3,0.6052909695654002,3.0241756532179056,-98.33158708767574,-0.558702199361794
535,4,0.3505012463610764,1.5677591906486392,-40.96750554737882,-0.264306487402444
535,5,0.220783563855237,0.959199648499042,-20.76882462200506,-0.1472966285248585
535,6,0.4478743634822065,3.4987412914494835,-76.30773586225085,-0.3815386793112542
535,7,0.1685967131580446,1.332117649483593,-14.5484831213943,-0.1061933074554328
536,0,0.8823438361330932,5.611116672227019,-117.42194831682636,-0.826915128991735
536,1,0.1828474936139714,1.040202385156123,-19.509696429019424,-0.1318222731690501
536,2,0.4742061367880716,3.2706892751233148,-47.94292162540302,-0.4062959459779917
536,3,0.6166331040715134,2.7405660664646514,-105.10511068244746,-0.5712234276219971
536,4,0.2657582256304949,1.2645138705183712,-27.5180195607193,-0.1786884387059694
536,5,0.1588328379637167,0.8625836936193632,-19.435902014580535,-0.1033824575243645
536,6,0.5366857291021093,3.228682532703442,-90.640689117282,-0.4672200469962989
536,7,0.1640131268042274,1.0278480280950666,-12.095166854375934,-0.0959933877331423
537,0,1.0084542399303755,4.897253301054477,-130.19274173901175,-0.950311983496436
537,1,0.1708166626420026,0.6781602592029934,-14.813070011224935,-0.1130768703146941
537,2,0.4595128264545838,1.96246804409344,-50.33943406202849,-0.3963734965514054
537,3,1.1087290417086346,5.621904866821962,-184.1544026248453,-1.058358635774973
537,4,0.2824197967300098,1.103496539992364,-29.91422551167666,-0.1955178138018082
537,5,0.1417281941788908,0.7256733255389691,-13.821689036023288,-0.0808285908539373
537,6,0.6975179531677749,4.724756319498784,-126.5391596071662,-0.632695798035831
537,7,0.1865164872788134,0.7753692283868615,-18.45937632278829,-0.1273060436054365
538,0,1.2750206948087897,8.022206571321867,-165.3321500472838,-1.2156775738770866
538,1,0.1938830702220813,1.012128874315663,-17.38100051648004,-0.1347364381122483
538,2,0.4460953791961146,2.0550927002901336,-44.16062990199958,-0.3774412812136716
538,3,0.5066866393668351,2.858378650680593,-85.97062400238914,-0.4622076559268233
538,4,0.2928511189320166,1.52796398750286,-30.559850533261653,-0.203732336888411
538,5,0.1980126672986251,1.0366810162142432,-22.94969403591753,-0.1366053216423662
538,6,0.5258278963590255,3.076500829789317,-91.1312183323332,-0.4579458207654935
538,7,0.222690806456302,1.1289649169379603,-18.103363172653072,-0.1508613597721089
539,0,1.523992286935112,11.407569968286545,-206.5875283648512,-1.4651597756372423
539,1,0.1238932239920385,0.8241366548343464,-9.346574604884774,-0.068223172298429
539,2,0.5751943904203193,2.200368964220475,-58.166447353079406,-0.5057951943746035
539,3,0.8883667875406105,5.8707948662101295,-162.17923113942655,-0.8446834955178466
539,4,0.325740728283465,1.6739491010304206,-38.85234246513911,-0.2428271404071194
539,5,0.2431895252665882,1.368974858011684,-26.748149393463187,-0.1759746670622578
539,6,0.4820847490213415,3.6711249803524817,-83.72820655859798,-0.4186410327929898
539,7,0.2217737015166216,1.0788588684200244,-20.631290135083,-0.1562976525385075
540,0,1.6909062488619149,8.44574029910452,-211.523726513604,-1.6271055885661847
540,1,0.1447408031384804,0.7756761761108647,-10.943421505303744,-0.0854954805101854
540,2,0.3380062785352911,1.8848838526000804,-32.555798579530254,-0.2712983214960854
540,3,0.4706167004892914,2.736164974724743,-72.34093313912312,-0.423046392626451
540,4,0.3253651914787349,1.2402168390260275,-37.644269443485136,-0.2397724168374849
540,5,0.2007507218398206,1.581064430719254,-22.660661216273837,-0.1381747635138648
540,6,0.567261302847772,2.9854523206996597,-90.79896326044916,-0.4934726264154846
540,7,0.1904123335295009,0.7886932248955558,-16.509054316931685,-0.1250685933100885
541,0,1.10883563330751,5.052562137529742,-131.7761608650605,-1.0458425465480992
541,1,0.5195751313024107,4.43320451670997,-54.22930211130806,-0.4557084211034291
541,2,0.7900722482448983,4.923797379298892,-97.69763895286086,-0.7290868578571705
541,3,0.4214432162308926,2.44799138697594,-69.41281671870844,-0.3772435691234154
541,4,0.3575005332438731,1.7336007488840546,-48.55954544311234,-0.2806910141220367
541,5,0.3100310677262501,2.13494842369406,-36.003492756210065,-0.2416341795718796
541,6,0.4566258466246216,1.8387036867205648,-78.39566948704403,-0.3919783474352201
541,7,0.1622927401682422,0.6915014179846358,-14.561201672180289,-0.1018265851201418
542,0,1.2378713603068132,5.349273777378198,-136.82535411868244,-1.16944747109985
542,1,0.1317612496934949,0.4886132300815992,-7.560442613611125,-0.0657429792487923
542,2,0.3525429003542819,1.2561305143321204,-32.22661960612121,-0.2826896456677299
542,3,0.9655344343754616,5.997540323340242,-167.1491434645373,-0.9184018871677874
542,4,0.237772377132123,1.0177591882670831,-24.61626788261315,-0.1538516742663322
542,5,0.2225996290008331,1.0784184971782484,-16.862246429255357,-0.1382151346660275
542,6,0.6034720730550917,5.777078844319089,-105.81680312202089,-0.534428298596065
542,7,0.3768403527855525,2.326277659773808,-39.67687198609289,-0.3099755623913507
543,0,1.476184294488018,7.557874290054972,-176.4112211736207,-1.4112897693889657
543,1,0.2076256314470578,1.4630032964751385,-23.80224051854897,-0.1576307319109203
543,2,0.6030525866075772,3.81290627925049,-59.45875371180716,-0.5308817295697067
543,3,0.7345528925403961,6.120454332358309,-125.3208490437446,-0.6885760936469484
543,4,0.2803502973723717,0.9676342808619818,-33.81081232755287,-0.2012548352830527
543,5,0.378046156700387,3.400954617185626,-49.05278642537304,-0.3124381300979174
543,6,0.8363130686475625,6.30028523173882,-153.919629851226,-0.76959814925613
543,7,0.3267613457007662,2.2406797904457765,-32.19378206543824,-0.2575502565235059
544,0,1.3058421456610665,7.414376567954683,-177.34597520115474,-1.248915318317991
544,1,0.2541115288974052,2.132149766483097,-24.49748418704055,-0.194424477674925
544,2,0.3696084309737725,1.7264041515870927,-36.84289608905035,-0.3044867445376062
544,3,0.785269002376558,6.635673312681704,-136.8047948088558,-0.7394853773451665
544,4,0.273161018471191,1.615570267972858,-34.10330058456886,-0.1959959803710854
544,5,0.2358117714014186,1.0476108800910129,-23.386157623638237,-0.1635395638016659
544,6,0.6252929264602353,5.020789823303207,-110.68193270115128,-0.5561906165886998
544,7,0.1982303218288554,1.272946637260446,-17.52929233684113,-0.1327976692184934
545,0,0.9703013201480556,6.188887394649235,-118.2902821185278,-0.9099252470655984
545,1,0.1701180921918716,0.6786196820329334,-12.04591468244601,-0.1047470841951827
545,2,0.4071602631627015,2.0635602710832748,-38.87047894199648,-0.3380041647130128
545,3,0.6278554165536345,4.884190987534987,-96.60460897115172,-0.5784707124021062
545,4,0.3497004730426547,1.8264970028722551,-40.90378597159376,-0.263895393365121
545,5,0.2451419767321024,1.2212133053427916,-26.302208185136063,-0.1765248871485641
545,6,0.614630093023455,5.413856315530315,-109.21805497272886,-0.5460902748636444
545,7,0.2064108479158564,0.679744048032185,-18.18710237448129,-0.1399007874960099
546,0,1.523511730486022,7.384868157117586,-192.7760470603096,-1.4604245989417397
546,1,0.1375263548252838,0.4688149511181966,-10.585559060308569,-0.0801936292447618
546,2,0.7030033098306218,4.740221243211947,-73.42058977609798,-0.6329361187594654
546,3,0.5501332806514683,3.419018793521687,-85.82385628788269,-0.5018938964203666
546,4,0.2661463502008406,2.0793722672810078,-29.178744349824772,-0.1823671521864048
546,5,0.2307481407948897,0.9660838830624991,-20.621983719722387,-0.1538954008934506
546,6,0.2936974176369258,2.852840067863255,-45.89982156635463,-0.2294991078317731
546,7,0.3922958019021937,4.336241418671003,-47.7201508865696,-0.3313899367122889
547,0,0.9343175374032844,5.662791976815935,-107.08931869777422,-0.870644867461579
547,1,0.2638874024349833,2.544600652600549,-25.677895318722125,-0.2037928199898581
547,2,0.4013413689923139,2.272117808905425,-36.13493785566794,-0.3284994350515267
547,3,0.5444446691016795,3.254845711379676,-87.53943884558738,-0.4973831752590192
547,4,0.2421216574374755,1.1544149379398343,-26.246191016443515,-0.1600377501002653
547,5,0.4124160829546532,2.995669435198572,-50.33851076427262,-0.3424388487365484
547,6,0.4935268959525949,3.4788578332918654,-80.51076704555369,-0.4215223405526371
547,7,0.2127329744464055,1.229456376623295,-19.930158139967443,-0.1487325234325928
548,0,1.1530252064282596,4.576748178298828,-139.59757983264362,-1.0906060924425285
548,1,0.1715142431426072,0.7483853311244263,-13.212101217103475,-0.1091909191496155
548,2,0.766003834114286,4.197907577869528,-99.71743183833712,-0.7072158286406888
548,3,0.7901348323971071,4.577855349294581,-132.22147501019694,-0.7428172753381851
548,4,0.1932828804788724,1.227024158452355,-18.246856130389148,-0.1112613178682265
548,5,0.2852339870276258,2.126916557457965,-38.43457138186059,-0.2247635753325181
548,6,1.3065049026940556,11.302591974044736,-240.7025712773108,-1.2343721603964657
548,7,0.1933673029133097,0.8714511811070871,-14.916518281352024,-0.1222665432897706
549,0,0.8976079945816668,4.302370005713839,-108.90796973842782,-0.8377536133725217
549,1,0.1517857854128635,0.6048149354475276,-10.659549331231378,-0.0888295777602614
549,2,0.5066631390501312,2.69134810710641,-50.66983258533463,-0.4368089015977123
549,3,0.7631703653457261,4.65373143342952,-124.3963627780364,-0.7149216251611288
549,4,0.2001593540485156,0.9277225694676088,-20.368585695122448,-0.1205241757107837
549,5,0.2478662018974339,1.7123772248922455,-28.32640252637532,-0.1815795033742007
549,6,0.533717477322659,2.43810700558231,-88.35646832871733,-0.4625993106215567
549,7,0.2189150155658604,1.6763539950550923,-21.6969971330152,-0.1572246169059072
550,0,0.9421054645769728,3.421457791958668,-108.15798931814209,-0.87933324648896
550,1,0.1769887771169287,0.815287040136945,-17.951319046503606,-0.1246619378229417
550,2,0.5094082910336517,2.620831391274177,-53.5848790650835,-0.4428502402073016
550,3,0.6262863722243197,3.553963511100571,-103.81534836895892,-0.5799740132344073
550,4,0.4150883675429666,2.8742685867413447,-53.40748135700993,-0.3317234866895026
550,5,0.2054100400599412,0.8448447616779117,-20.31244684956267,-0.1363251466413602
550,6,0.5624986347771692,4.718597032703509,-100.57097181385583,-0.5028548590692792
550,7,0.1515149981187255,0.7276145369782425,-10.9207918873529,-0.084657301452348
551,0,1.177080616556868,5.020607119861053,-154.3630027660286,-1.1185724838118016
551,1,0.2252013989007765,0.9226422702997332,-22.39383655907398,-0.168374710970481
551,2,0.3487316809994636,1.352216222141554,-35.29770430546021,-0.2846589056891952
551,3,0.6858200128664614,5.382812749122853,-113.07057136102271,-0.6388167873504108
551,4,0.3246979303300064,2.578656513109359,-37.94256895920592,-0.2401428415139615
551,5,0.2750039556162757,1.2451842648742069,-27.52063878329317,-0.1994249187195157
551,6,0.3466785084263351,2.061000517322552,-56.79075084358296,-0.2839537542179148
551,7,0.4300024909199779,3.277790050867523,-54.42501336722874,-0.3702381861716241
552,0,1.2190689607129692,5.105199610701366,-152.9288093641913,-1.1585515860923583
552,1,0.1870999672728155,1.3759232270561406,-16.194261720370925,-0.1275138718139443
552,2,0.6644571182748948,3.765180198812706,-73.52771231354886,-0.5977862789719419
552,3,0.689496853783697,5.176185784888372,-109.5361817145499,-0.6405624661669584
552,4,0.2944158635597738,1.5316431188169544,-31.400695505752918,-0.2065835230641639
552,5,0.280158331544471,1.6860164814765033,-31.76524007960993,-0.2117682671973995
552,6,0.5353526548342579,3.55853383603734,-94.3615159099444,-0.4718075795497219
552,7,0.2636368612672313,1.7335210100595615,-28.30948181635592,-0.2022105844025422
553,0,0.9607280803583708,6.8301545014744205,-125.75514292073292,-0.904713258422539
553,1,0.1429955690177419,0.5247523664549174,-10.370635925349177,-0.082306634328168
553,2,0.904159410853101,6.677593557860176,-108.24167400633472,-0.8390827442351529
553,3,0.6606147424962954,4.476993556683557,-100.78312067352093,-0.6108067919607328
553,4,0.2214737557493667,0.7534154435051243,-21.371392877461982,-0.1361235215124967
553,5,0.378612014837574,3.971801137346537,-49.21446614518337,-0.3134679372304673
553,6,0.411019760699173,2.624144274820024,-68.55302119160649,-0.3427651059580324
553,7,0.2370437326929688,1.2568797664376767,-23.10576878961972,-0.1724311103702964
554,0,2.3528092506200453,14.968666515752282,-337.243581175534,-2.2941740216022724
554,1,0.1601987157594316,0.7695671174405758,-11.889755023849736,-0.0974570083922109
554,2,0.3599858369277788,1.9457578466410983,-39.906623821613856,-0.300049803170029
554,3,0.699899854809226,4.401411734855928,-117.00199749907306,-0.6536424441288997
554,4,0.2400905140686732,1.1091112125091906,-25.557184392956994,-0.1577603974873888
554,5,0.2542152845082398,1.965339372072108,-25.08034228419507,-0.1804341171524825
554,6,0.440890112313074,2.27855129598854,-71.88202518463929,-0.3705259030136046
554,7,0.169345113944369,0.6208648993116328,-12.67338874465396,-0.1005824503543965
555,0,3.971786828825401,22.57213823891049,-610.0912092970007,-3.910841085237184
555,1,0.1873729228352327,0.9757785456814394,-16.292499178595364,-0.1282873951070501
555,2,0.4693847067911132,2.882465198505438,-51.53175139950489,-0.4057618220433456
555,3,0.6213066616787629,4.725220519954462,-104.17541415875282,-0.5755547743577504
555,4,0.2286638476178934,0.9243774762850014,-23.66934164763071,-0.1461070472075969
555,5,0.2299059241629522,1.9332675229138785,-28.783812335160984,-0.1693165431480058
555,6,3.167143921461073,21.475931862833008,-620.7879251426072,-3.103939625713036
555,7,0.317925379934748,1.25752798166508,-33.07630211084717,-0.2524908558079937
556,0,0.9726349263073976,5.19997481707867,-129.19086715477638,-0.916247284785648
556,1,0.2433838468751114,1.8124888070570824,-20.914572978081573,-0.1787570340006972
556,2,0.3013901049392742,1.9909381496740373,-27.79997409568549,-0.233613227694836
556,3,0.8759127314351368,6.619850426351822,-153.556571173182,-0.8300355198550378
556,4,0.2225482288357081,1.3844846975164509,-24.634910844580624,-0.1440638061086586
556,5,0.2806723127631041,1.204617880492615,-32.751197768145865,-0.2140601161316723
556,6,0.5457041519701759,3.45700547218548,-93.80486995690008,-0.4761668525730969
556,7,0.1967126025769399,1.190381449869894,-22.268086760273132,-0.1418349475176633
557,0,1.212249849976933,6.483964359386191,-170.24376141608832,-1.1581208259597844
557,1,0.1452542207575801,0.977871075127614,-9.366199172610456,-0.0800529843812859
557,2,0.4408711423170698,2.785658196321417,-46.55971651753745,-0.3754815848188504
557,3,0.5911316107592282,3.6265822975979134,-91.00672226494454,-0.5417066801484794
557,4,0.2325140010137422,0.9565597591999516,-24.060641875467606,-0.1494449805929665
557,5,0.2077927839371249,0.8427247274137554,-18.630560490819253,-0.1340328092864694
557,6,0.543423088417132,4.554681909704341,-95.37826115622472,-0.4768913057811236
557,7,0.3286789113071474,1.7364564088060956,-40.00130774329114,-0.2702791063735888
558,0,0.5171255150426552,2.8648921438113533,-68.45713454706512,-0.4656947928371777
558,1,0.1505515233704621,0.6480517511441989,-10.371192015856192,-0.0871528740828251
558,2,0.3700779602647392,1.6778729416639924,-38.34122578393031,-0.3067298062714424
558,3,0.659418263621477,3.781692331535396,-112.9828597701255,-0.6140372813593777
558,4,0.3870896498748161,2.2586811329441203,-45.572804214049285,-0.2998210803555874
558,5,0.2106875951828913,1.5140090525856038,-21.928106556985497,-0.1433209578887941
558,6,0.5265388740995824,3.554323715563135,-92.58358421417044,-0.4629179210708521
558,7,0.2309766806387786,1.0310038689060947,-24.91742467416234,-0.1718443080976713
559,0,0.6007217447675924,2.704112893519813,-76.46991154011448,-0.5462136538579606
559,1,0.167208843204848,0.6785027402927796,-13.20481039897892,-0.1064904064433783
559,2,0.6205544480142019,3.656660630719454,-66.33098229083599,-0.5527581857569666
559,3,0.6783177139755485,4.33833748878164,-109.0650116437776,-0.6304335933166336
559,4,0.2456887678672937,1.2948536918923463,-25.765191990656863,-0.1620452326456406
559,5,0.2701707539214856,2.989317171149687,-35.01612134759192,-0.2084292937356661
559,6,0.3587090395257495,1.6416593512330298,-57.52315795488052,-0.2905209997721238
559,7,0.2863460990903382,2.1710620582951874,-31.45854474177873,-0.2247038910127052
560,0,1.374474028284613,5.289196980371262,-147.51316965377043,-1.3054262801218623
560,1,0.2218713565940472,1.3915538052066412,-19.93255505321557,-0.1607464117194804
560,2,0.5458943056822012,2.353710016450085,-49.827544670108864,-0.4700711761331025
560,3,0.529386195292814,3.293530930043284,-89.1558067435582,-0.4845424279541206
560,4,0.39418889127378,2.4807001315622617,-45.00276207898976,-0.3040727167499307
560,5,0.2169283150407207,1.215056388442769,-22.68334766101576,-0.1492325504014195
560,6,0.7817631749569228,5.904283604984292,-129.32571214234207,-0.7066978805592463
560,7,0.2852195578734182,1.4177874801048689,-25.04847595419756,-0.2122752199508267
561,0,1.3197857174043344,6.995419624260848,-150.57577997576087,-1.254798166464674
561,1,0.1886311442930552,1.3803009509935142,-17.70989530412307,-0.1321633977919632
561,2,0.4794219114032335,2.115589019885856,-49.06875428552115,-0.4123424729875727
561,3,0.8559283222759207,7.958688195640633,-145.5846767385318,-0.80880375965851
561,4,0.4079704454617894,2.394415151726779,-49.40759179781898,-0.3208285181676557
561,5,0.3301348578471176,2.9234430831085523,-41.55217070145308,-0.2646635076525674
561,6,0.7549542894177557,4.418917972964283,-138.06613957692258,-0.6903306978846129
561,7,0.1586587730131492,0.8306549644399448,-11.461041378375596,-0.09024442030217
562,0,1.4979578780140634,6.518421722249041,-179.274716829008,-1.434197734632064
562,1,0.6028131311141174,5.60543423312319,-69.36728404884833,-0.5419319066316276
562,2,0.2903880512361691,1.7808194133899882,-29.55559041961185,-0.2291131040279988
562,3,0.6673378429906699,4.984714265881967,-118.48967092567123,-0.623629846977217
562,4,0.3191770337289617,1.8641505789080155,-37.05143010980751,-0.2345027222139716
562,5,0.2297967825839722,1.7824843434392128,-26.6372940860565,-0.165449031590413
562,6,0.8481459487253674,6.827627509082144,-156.79221680259568,-0.7839610840129784
562,7,0.2171400264295488,0.8445418362172528,-15.744125333299928,-0.1405725476187493
563,0,1.6596742042424415,7.818177751270622,-209.0721229404614,-1.5959704041256595
563,1,0.2484700204206958,1.5981846513178783,-23.83817313772327,-0.189191850299391
563,2,0.5141163164700102,3.5380164750584515,-54.2297465844134,-0.4481797238381272
563,3,0.8253890114194674,6.054447284897229,-150.70689420379077,-0.780864736807206
563,4,0.2051316551333521,1.0388005678437022,-17.931781141747383,-0.1172011839329894
563,5,0.3229745344385075,2.151026609756657,-37.16978782894064,-0.252855699516603
563,6,0.7217405998353451,5.414235754355229,-120.51242898999512,-0.6479162848924469
563,7,0.2628521788649797,1.793491867991411,-24.86939845750991,-0.1958220350985032
564,0,1.587923830790577,6.295877737163888,-207.4699785020387,-1.525514547809108
564,1,0.1992882105100915,1.229281351441457,-19.635647585499505,-0.1433258947846679
564,2,0.5620120608715582,3.3159537316989502,-63.36878705062108,-0.4989668271702447
564,3,0.7857471965184616,4.417370317467873,-131.35814684850993,-0.7379671171264603
564,4,0.3402592018924028,1.9131511408360744,-37.34541419039901,-0.2506403636939531
564,5,0.2007768835314601,0.9686849941324246,-20.33188728662296,-0.13288815220015
564,6,0.5080525005869104,4.016463384050598,-78.89591396192515,-0.4334940327578305
564,7,0.2083440333276147,0.6981747045747138,-15.157420455871724,-0.1329598285602782
565,0,1.490021223904079,7.441235720272102,-172.0741606681474,-1.4221005013896475
565,1,0.21399310560311,1.3191608394034178,-20.865535549811923,-0.1568837259384355
565,2,0.6235708289600134,3.6110217566122302,-68.5516378212853,-0.5573303887909373
565,3,0.8184136409131442,4.640259323512768,-133.1128886331066,-0.7694386626191132
565,4,0.3185899416344525,1.6814613728393866,-37.3446641309905,-0.2348721014527704
565,5,0.2056722878243445,1.098844992129076,-19.482561403142093,-0.1343624924354627
565,6,0.667535044349459,4.400932960501796,-121.91563790937204,-0.6095781895468602
565,7,0.357038934987681,2.853637694340404,-35.73216820531204,-0.2881626468170326
566,0,0.900176960387313,4.370247838970395,-101.18056208559813,-0.8362029924429597
566,1,0.2267650107831763,1.2298645830342885,-18.40652957361584,-0.1600567789010072
566,2,0.5682025318887663,3.6050113408162927,-64.72778221183032,-0.5056857985299243
566,3,0.7587658163110599,4.631156240419546,-123.56286687777272,-0.7101314188377742
566,4,0.3463030744573232,1.4205765636628045,-40.01941737108599,-0.2598663465654934
566,5,0.3456112898151999,2.0416183234708343,-45.24345069422527,-0.2810152217032625
566,6,0.4821781619204057,3.067274457733089,-83.13968270235537,-0.4156984135117769
566,7,0.294281650154365,2.5789886811510816,-28.167128439208337,-0.2253370275136667
567,0,1.397470992210589,8.897194092651006,-166.76051400377608,-1.3340841120302087
567,1,0.2878235838905233,2.6204332796490672,-26.64429844541688,-0.2239016676085451
567,2,0.3652289796683002,1.7787178915836537,-43.51798385042865,-0.3086381833363734
567,3,0.737747319440455,4.4962171357441205,-121.33011621762468,-0.689375660327413
567,4,0.2630204909939933,1.0211903952225905,-25.77290101665925,-0.1729724900446929
567,5,0.2164685209600679,1.1989735566843878,-20.301838367739297,-0.1429706927305584
567,6,0.7900895901356428,5.7347407163505535,-137.06483948155025,-0.7176169606363888
567,7,0.2501515599879142,1.2349001984767718,-20.895788666842005,-0.1770829548037458
568,0,1.7130364801521816,9.1299831180091,-222.9941004418636,-1.6518081514212115
568,1,0.1842764823254231,1.1559819524844293,-12.88480814982024,-0.1160793527010832
568,2,0.4991181889959735,2.480549409441958,-51.48761016236406,-0.4326689929610425
568,3,0.550906846280486,4.038528812298416,-88.70210523613687,-0.5039892342962322
568,4,0.2309259866982562,0.937536733921365,-22.89805009509133,-0.1458474528349766
568,5,0.2566990991502351,1.576945049941543,-28.663263979713165,-0.1885741051296918
568,6,0.5445216006839779,3.620889400998154,-93.61717711739722,-0.4752140970426254
568,7,0.1657886336553029,0.7295287682565931,-12.8857024396015,-0.0991207879969346
569,0,0.996772679661795,5.183008948746685,-121.78578392573772,-0.9368137225056749
569,1,0.1244137088284779,0.4312256480706241,-8.294069256339318,-0.0647974160651509
569,2,0.6045473239678381,4.498199670615006,-69.88323118776364,-0.5417304743237492
569,3,1.133230675994826,6.375350025092046,-182.7842909642937,-1.081563851859726
569,4,0.2326045827359052,1.076252129197004,-21.48996786906275,-0.1432664524604183
569,5,0.2582404534190275,1.148401825015278,-27.85998243651105,-0.1882431245710206
569,6,0.5034407810068355,4.763091296541011,-87.13471122220079,-0.4356735561110039
569,7,0.2572610480227381,0.7616367780905531,-21.86115027717335,-0.1852639853997741
570,0,1.277307053772803,5.113066612747168,-150.44271391703654,-1.213247692879327
570,1,0.1582027915990504,0.946963094010898,-11.411465195859998,-0.0950955432988333
570,2,0.6099065602459113,2.1892731172765463,-59.69610583973954,-0.5378027553129688
570,3,0.8340674036252553,3.977084067678652,-130.91665102850635,-0.7839320420868644
570,4,0.3255139727777977,1.4403272677228731,-34.73881135770705,-0.2347216983628854
570,5,0.194536269894241,0.9229712719410392,-23.15670293303064,-0.1346319937966897
570,6,0.7265526710647678,3.819061759078037,-123.57203052671828,-0.6538202673371337
570,7,0.2293157502013686,1.3717344887875378,-27.58697454111738,-0.1746011046906163
571,0,0.8971032665002561,5.391730683685932,-111.49506531910993,-0.838308761797819
571,1,0.1856038773714148,1.2111689617444068,-13.965241521652176,-0.1203900131176911
571,2,0.5317510626451207,3.3246343337537496,-58.37505962437308,-0.4670004769949846
571,3,0.6769063584708204,4.357603273675493,-113.44902645575304,-0.6302723691986281
571,4,0.303028224950395,1.9201650687475895,-32.748931930852834,-0.2154534995450844
571,5,0.229943116209274,0.9850406287814036,-23.905741713812123,-0.160441219555786
571,6,0.4535149642752205,3.584825974708669,-71.14551993140924,-0.380457325836413
571,7,0.2942626731641189,3.479172696260596,-34.96336776431163,-0.2362389713804839
572,0,1.3384889539846585,6.72916860925491,-177.9401258798262,-1.2801447905023469
572,1,0.1627196963522345,0.9397263844664708,-13.47763923503868,-0.1044778235274316
572,2,0.3866751503132247,1.8082192588319117,-38.3837403029216,-0.3198645025243466
572,3,0.947881061437767,5.267046468045255,-156.4343931667134,-0.8990482365903069
572,4,0.2910233260610234,1.0156566973630226,-31.12350033404851,-0.2034215708107745
572,5,0.3415339992336297,2.228267027287581,-36.85208703692402,-0.2670441089632175
572,6,0.6919667076043302,5.075198778008197,-118.31598568421649,-0.6194554224304528
572,7,0.1867091478379145,0.69156984538548,-17.91024387537247,-0.1261284779955807
573,0,0.99795718426411,3.878658046699356,-129.8908273767325,-0.9412378795415398
573,1,0.1701693224150303,0.7551185729810176,-13.142129387489598,-0.1077223720286032
573,2,0.3921393582855798,2.0471979074910767,-42.636786296054986,-0.3305177232252324
573,3,0.7093993412862719,3.759234521413259,-112.2786530219882,-0.6604626648352248
573,4,0.220316913831685,0.9562300302851718,-23.60218556699915,-0.1404891998035663
573,5,0.3035970130942755,2.2062832866937696,-39.70597750136636,-0.2406422878870688
573,6,0.9496864547795604,7.441867040448656,-176.43913313359465,-0.8821956656679733
573,7,0.1616257084080388,0.7000489754563041,-14.857879485320389,-0.1017662978446601
574,0,0.9988167928189238,5.599221754256548,-113.969434081694,-0.934175689194213
574,1,0.1587861794599702,0.7140698533236159,-12.068307735722607,-0.0973250623848597
574,2,0.5536788624398393,3.566715241230627,-61.63280398855316,-0.4891492380043901
574,3,0.9837020527450924,7.99980017925783,-160.63845156562965,-0.933944485846684
574,4,0.2113738430201301,0.9259409849226504,-22.205871337032978,-0.1321778055775772
574,5,0.2393670735752716,1.5334588896466466,-24.09589413553331,-0.1673325981634257
574,6,0.5332327003765025,2.81201397646211,-93.11107852384312,-0.4655553926192157
574,7,0.1523073175380532,0.7548921773939122,-15.361045642457064,-0.0972218078636523
575,0,1.0926604747772453,7.343450096398454,-130.9786614703228,-1.031328043073408
575,1,0.1459754157526852,0.7425710673302618,-10.484428167682784,-0.0845518400619579
575,2,0.3241027877440139,1.644995791643466,-29.6775031484612,-0.2558405443832862
575,3,0.5405952923331159,3.434637161050412,-84.20640443779725,-0.4924351136713289
575,4,0.3449591017477638,1.7397120029370472,-38.42979378664516,-0.256198625244301
575,5,0.2314931353082941,1.4327795152063794,-22.814209810898458,-0.1595399287475416
575,6,0.6122744707632964,4.555898429288459,-102.7346784773532,-0.5407088340913325
575,7,0.1797361447440524,0.6834959154654295,-17.9917481190065,-0.1215658656689628
576,0,0.6620861095084446,3.181034034783321,-86.31138164078958,-0.607826631273166
576,1,0.1426801722280874,0.6878645266272291,-8.725954433934298,-0.076543459946792
576,2,0.4192087140641596,1.9296312069116524,-45.700773343612646,-0.3570372917469738
576,3,1.0054169698491973,5.249687828072733,-175.31774511680914,-0.9580204651191756
576,4,0.2560063904629163,1.3302234866553062,-29.674188511302383,-0.176632074472038
576,5,0.2561266445848042,1.2192856867004562,-30.143944493043147,-0.1907844588167287
576,6,0.6202261471090385,4.461846972594208,-105.96190719963674,-0.5490254259048536
576,7,0.2099832009418015,1.5621382108051085,-24.77932771909625,-0.155844828421989
577,0,0.7983534744552782,4.597800545933075,-105.55245503165348,-0.7433271481102357
577,1,9.224897652507604,43.39124220103761,-1832.465963334351,-9.162329816671756
577,2,0.4563315310608209,2.505411588483339,-46.77163790012363,-0.3897636491676969
577,3,0.577828559708094,2.595254019534321,-86.56100379467215,-0.5278109987480009
577,4,0.3309625070775124,1.31017249922693,-34.65321048191435,-0.238987658495961
577,5,0.2389591748007061,1.7151088570047468,-27.350869110715703,-0.1731067665235171
577,6,0.359901910022064,2.319601857640552,-53.733146985421634,-0.2873430320076023
577,7,0.177325735496591,0.6482200649299467,-14.349015967446444,-0.1103770459034341
578,0,0.8335180449779213,3.757831475330802,-104.68240714026476,-0.7754252380760353
578,1,0.2994916834746293,1.8566957490304965,-31.10654034250046,-0.2411359716472904
578,2,0.6976346059499855,3.6286537771001695,-77.71459096755065,-0.631825942825615
578,3,0.7262709563499596,4.95918867151242,-109.24389573953714,-0.6743450354292416
578,4,0.2174305402719292,1.2863393866504431,-23.78686909522145,-0.139104497632874
578,5,0.1861742839658054,0.9218945624432352,-15.670556407396257,-0.1119325457671161
578,6,0.4545485087664096,2.452550039047391,-71.47670896617313,-0.3822283901934392
578,7,0.2604442364982986,1.3902655312324483,-23.655439913570483,-0.1907696767223426
579,0,1.1154244299187508,6.198893981047704,-151.44256155989257,-1.059038892027221
579,1,0.3626432924629023,2.2228305963012494,-34.490592060886144,-0.297332690180053
579,2,0.7152265467199684,4.932944103290004,-74.7140519504698,-0.6440866547454293
579,3,1.0207460874726,6.630332811180335,-165.88846161276007,-0.9701079626477196
579,4,0.4291196224115876,2.2842351984933438,-56.17787846164296,-0.3467770275410058
579,5,0.1612150157577964,0.4908477327857611,-12.962642565837005,-0.0893975349368069
579,6,0.4339087761556894,2.372379028872269,-71.46279305278301,-0.3646060870039949
579,7,0.1995368835818018,1.5716973389626965,-18.617484599894635,-0.1368932691168723
580,0,0.9026617265391982,4.68976079416218,-113.18574967190254,-0.8446697736709144
580,1,0.2133257521271296,1.689179458343559,-18.68174061275622,-0.1518840700224082
580,2,0.5199641165529133,1.4714841370698333,-50.78373877737701,-0.4494136174989116
580,3,0.740876831303061,3.1076269188192533,-118.32829617689968,-0.6919783402157875
580,4,0.443023025825526,2.502132025229528,-56.53987067866061,-0.357847282776333
580,5,0.1893322271721579,0.922368242062548,-18.28842405125762,-0.1211153910679312
580,6,0.9833663634585594,5.561349409234383,-170.9354546352765,-0.9092311416770028
580,7,0.1979259808241128,0.7182599974376342,-18.05319867032244,-0.133727397557944
581,0,1.7343514342339867,8.452006081953927,-215.42454171205637,-1.6699576876903592
581,1,0.1880351805757521,1.71541274292903,-17.61914307235398,-0.1314861423309998
581,2,0.5054105181711063,2.632753443997069,-51.54872782299707,-0.4368536256186192
581,3,0.5890193728603209,3.4877949204126697,-103.00039441633324,-0.544975631832451
581,4,0.2531108318296386,1.162372774467156,-26.35387058815609,-0.1678590483322044
581,5,0.2826380161101791,2.156325523509938,-31.30275219031212,-0.2129438924511028
581,6,0.7128498506455183,4.187009341124774,-125.22095453025808,-0.6421587411808106
581,7,0.2163733875572561,1.4994065690188787,-18.87219239198771,-0.1485999400943914
582,0,1.56964002253149,7.762879091717547,-200.46974625779345,-1.5072913252465672
582,1,0.0893927591733393,0.4110090156434363,-7.027604347085539,-0.0428512460188142
582,2,0.5904172123278354,3.1179109032051366,-59.81344084475768,-0.5201168769109363
582,3,0.7426590518862136,4.216871388691288,-112.02709717980748,-0.6915252912333795
582,4,0.2743344535008428,0.8570678154321881,-30.746764339576316,-0.1909736915501634
582,5,0.2210073547712033,1.4608063604830666,-26.351526898275456,-0.1587441379414184
582,6,0.4479706751993682,2.5796385361947816,-72.02720926162672,-0.3771058076524959
582,7,0.1975153684551844,1.1928189533516194,-19.03055938388156,-0.1359325670277254
583,0,1.7776896353076912,8.864267877700193,-229.773712700092,-1.714729199254418
583,1,0.2186097690448763,2.183290953551672,-21.81040385401559,-0.1615585470667821
583,2,0.7429815036781634,3.360934624480146,-81.11362971419476,-0.6759469142849563
583,3,0.6288708972715958,4.769580067863237,-95.53757863038432,-0.5790156280629353
583,4,0.2259356716626244,1.143087586262114,-25.65232344197312,-0.1482793262541799
583,5,0.35019544195011,2.879136485599813,-40.82618739579034,-0.2796314205191119
583,6,0.6818802663417007,4.582458633885516,-115.07585620228032,-0.6088669640332293
583,7,0.440272077931216,4.468617570652495,-46.00968100108142,-0.3710458145248501
584,0,1.3793762357625592,6.173166623416783,-168.47151241148936,-1.3161836907147606
584,1,0.1373838959393021,0.9325714045350996,-10.685220371246857,-0.0803400027913297
584,2,0.556683912098107,2.800995017234672,-58.14431756250878,-0.4886077106093175
584,3,1.1161100260443595,6.2345030438904345,-180.04587419950684,-1.065360202363946
584,4,0.2395600906509337,0.8674339087502134,-26.68844433244385,-0.1598110439068494
584,5,0.2397648956705347,1.228984149339318,-25.39124879804431,-0.1704110657586866
584,6,0.7043893378302474,4.026702017808682,-117.972440683651,-0.630868666757492
584,7,0.1892138930600688,1.0500033609294022,-15.785093140790895,-0.1223650631069061
585,0,1.8579083391074156,9.718785402688136,-242.2047635881085,-1.794109359911915
585,1,0.1899499518950982,0.7980930446994283,-13.522844099749348,-0.1218274243220662
585,2,0.4049372678473336,2.353312978625624,-43.00446963708426,-0.3413053145800338
585,3,0.655255299755038,5.0593407158248365,-101.84755190803509,-0.6062354280240184
585,4,0.3265587966086383,1.3118541117559448,-35.04442066743956,-0.2367866261313483
585,5,0.28676939000911,2.1812753138919385,-33.49986958752053,-0.2189533959968662
585,6,0.5816660110982534,4.24184718581356,-102.98869846208528,-0.5149434923104264
585,7,0.25412858427973,1.47461494821636,-27.054017475706065,-0.193242981969329
586,0,5.7886770092028925,28.537816860987764,-904.3072751736815,-5.723463766922036
586,1,0.151822728289739,0.7018847575005743,-13.765105127319115,-0.0976248590590008
586,2,0.6091786682475727,2.765184267061512,-59.48313356364328,-0.5358840861589484
586,3,0.7589125442686752,3.822599965505064,-125.9075420189462,-0.7113420453047807
586,4,0.3535511683512293,1.9307210680445164,-42.162989686281,-0.2685540744349108
586,5,0.2523174452725257,1.2401306549296685,-26.23949461612703,-0.1809620318353588
586,6,0.4371376242681436,2.0778355243102,-66.4700375795181,-0.3632242490684049
586,7,0.1829725812087828,0.9248365059987508,-14.424873265938196,-0.1144831211582396
587,0,1.7826579465900556,8.395074387665332,-210.956142208489,-1.7150905870608864
587,1,0.2550203981752926,1.405987698843926,-21.071788957710293,-0.188140972836699
587,2,0.5882447607770361,3.237671485475602,-64.91542822705703,-0.5235115179601374
587,3,0.7662283490168362,4.074058483677637,-134.97790532484,-0.7218069803467381
587,4,0.3871140938483555,2.1311821086946017,-52.5827073929194,-0.3093100434877612
587,5,0.245458556013341,1.5697709024054474,-26.473161029179064,-0.1764877401945271
587,6,0.4046990463721807,2.347009293694935,-61.2252924029906,-0.3309475265026518
587,7,0.1931872041987877,1.257752565537487,-16.147733456047913,-0.1261541676253743
588,0,1.860925948672838,8.094605476180321,-231.49507246519332,-1.7945354454666151
588,1,5.7344499099513255,25.12116500313409,-1135.1504992204743,-5.675752496102372
588,2,0.5212507814417388,2.4970659570282367,-51.39109583355731,-0.4507990862592746
588,3,0.5221914386532857,3.2573874765096664,-86.31577602878565,-0.4768827404905284
588,4,0.3558633285824892,1.7144418851498116,-40.09750773333731,-0.2673167182222487
588,5,0.2737880168226054,1.520825288243654,-31.20106419641661,-0.2052701591869513
588,6,0.6924288789767443,5.599776686662807,-121.81402234178944,-0.6215001139887217
588,7,0.2636271296312815,1.5565362635798043,-25.156822645823556,-0.1965376769204965
589,0,1.693603925769121,8.015762524875452,-206.7140381524057,-1.627669591751226
589,1,0.2480856224390397,1.244324573254642,-18.275479597981118,-0.175725765365203
589,2,0.5132867638508198,2.7047289381377344,-47.44249297521947,-0.4392823423631433
589,3,0.8632596501655051,5.474821499649364,-141.0130056556312,-0.8151040789342844
589,4,0.3725309048940684,1.433887055056194,-42.18164034122361,-0.2830982573236484
589,5,0.1974705557697305,0.7800333083818054,-19.43583415225918,-0.12871413345867
589,6,0.4835591861270644,2.835192846832528,-80.83038935196842,-0.4145148171895816
589,7,0.2577821710819434,1.1459580961605254,-25.00398654694344,-0.192338358053411
590,0,0.9886697717308668,7.732629907409602,-130.4955072997668,-0.9321107664269056
590,1,0.1233195765826956,0.4676022007915557,-10.88069491337178,-0.0725379660891452
590,2,0.3796649240782614,2.2533470558829016,-36.37106210297888,-0.3108637786579391
590,3,0.7875965847443739,5.732858256969375,-148.23321717507037,-0.7448905385681928
590,4,0.4812075925899539,2.083691577066222,-62.28348480209033,-0.3967100942808301
590,5,0.1427184770634103,0.6431013591791017,-15.229714536145234,-0.0846095252008068
590,6,0.3451044495666186,2.112090637168732,-57.15762763989802,-0.28578813819949
590,7,0.1262750711358845,0.608343840795209,-10.665338525573883,-0.0697080949383913
591,0,1.1897954729730282,8.448743093444442,-155.15222865242507,-1.132498019360767
591,1,0.1097866834465347,0.5771503554680651,-7.211247140985202,-0.0534166454887792
591,2,0.3171432930270936,2.228016199210429,-34.47172203011689,-0.2572516569411708
591,3,0.6540104419065852,4.170486287971824,-107.34356822815394,-0.6064608374471974
591,4,0.5702381137580924,3.1360642150807982,-74.54224789391144,-0.4840405707396846
591,5,0.2083978886318468,0.7744913611429007,-20.447977986367807,-0.1381620134214041
591,6,0.4852201059176921,4.330319403962107,-84.98262138062381,-0.424913106903119
591,7,0.140639543259222,0.9359643579292856,-12.23590913536402,-0.0826750617254325
592,0,1.3493170817408688,6.457980602875572,-168.61196802258465,-1.2871142597143863
592,1,0.1849028751977416,0.9223682869977856,-16.539653867264704,-0.1272281066712669
592,2,0.296511801302971,1.4656918045949423,-27.876344903006064,-0.2303830157273228
592,3,0.6079911866869837,3.5797675958337565,-93.89573446607554,-0.5589031813456877
592,4,0.3598267174187176,1.6896567072208395,-44.95879855792114,-0.2775234478884021
592,5,0.2391356509141096,1.3525087572312873,-24.665686638736208,-0.1689430591694261
592,6,0.534893091127249,2.836596952630931,-93.9603696642851,-0.4698018483214254
592,7,0.172108384680608,1.1437697953742,-13.919466315165089,-0.1062554680546953
593,0,1.547214765659647,10.33591926154292,-191.3819552767017,-1.4835810486566026
593,1,0.1842046682662276,1.107316685775921,-19.70793789575132,-0.1331617425388602
593,2,0.4054725349680343,2.3709777231072358,-48.10808526229975,-0.3486093134949257
593,3,1.0639816141316931,6.065970754471601,-166.98412289110837,-1.0120249872188387
593,4,0.213313930659938,0.90935508592142,-22.061040266758344,-0.1328978329322792
593,5,0.1992039195663125,1.2354243950568329,-22.05479213626002,-0.135305473228589
593,6,0.6095254936561114,6.090820152154953,-108.40160128579194,-0.5420080064289597
593,7,0.1932113127071729,1.0355643109209876,-17.64782112135163,-0.1297633905981737
594,0,1.2292325196576728,4.619917067986438,-153.11221453131208,-1.1687955307733746
594,1,0.2143502263463147,1.1707741086680887,-21.06220052158079,-0.1571806009073193
594,2,0.5153277606147092,2.7210550569197616,-53.31903645074712,-0.4480591298382111
594,3,0.6628830092088338,4.397047118307236,-103.72774287296969,-0.6137736264672762
594,4,0.2474280647737012,1.1977708428303238,-29.67133462420834,-0.1705249116333812
594,5,0.2161345271453661,1.063036770723835,-18.171434920907515,-0.1376623857644508
594,6,0.4538270300136717,3.1755128690474184,-74.8657435289111,-0.3839268898918517
594,7,0.1727484590716353,0.8978783279901654,-14.56961725920819,-0.1087284870090163
595,0,1.849012527295249,10.347750741206784,-244.9497190456475,-1.787954153617865
595,1,0.1465170033424078,0.9503433518445128,-14.980470846484623,-0.0972757847174326
595,2,0.3573840727111759,1.708463073135617,-33.84694358062434,-0.2892901160737123
595,3,1.1345397775550277,4.6598013627195,-189.82411943395212,-1.084709253908298
595,4,0.2470474768195456,1.018114069317026,-28.8299953059875,-0.1685964637777046
595,5,0.3775993655042584,2.4632665854260307,-43.27948461188033,-0.3047851029005657
595,6,0.3668116790088238,3.5542891709570785,-59.89611617073651,-0.2994805808536825
595,7,0.2355055291875202,0.8888610593905769,-19.909710218345754,-0.16454305965575
596,0,1.349673652790986,6.2822477218049215,-168.76261643310642,-1.288264247580965
596,1,0.1602565880680529,0.8194914905640245,-13.292312287630878,-0.102248556058699
596,2,0.344932756034536,2.32863122364815,-31.699249555415328,-0.2756456483079594
596,3,1.0633157907072268,5.965506224495406,-165.78353262241933,-1.0108751989171911
596,4,0.2621651032502862,1.2695525900053477,-29.92141065841294,-0.1813418827782602
596,5,0.2860720626860504,3.102117250047861,-35.97622523140423,-0.2220754643913841
596,6,0.6112868606947341,4.316301792520587,-109.2958465829641,-0.5464792329148205
596,7,0.1634964874927984,1.0816974260515455,-15.850833644885851,-0.105672224299239
597,0,1.1563336875412449,5.383917439429764,-146.90142910489567,-1.096279321678326
597,1,0.2346066840776972,1.151174864409925,-21.062478716026057,-0.172643268164148
597,2,0.4027614686534674,3.361750602801421,-42.29738079483188,-0.338379046358655
597,3,0.7838551323782927,4.093425643359451,-124.08202473823415,-0.7342131641315631
597,4,0.3050672614625854,1.372765197544736,-36.654384076236205,-0.2235023419282695
597,5,0.3518018335945155,3.911224814835149,-45.978014972879805,-0.2873625935804987
597,6,0.47238731254364,3.0035784752077155,-81.03417069230584,-0.4051708534615292
597,7,0.1943913421419135,0.7285619388301874,-18.7752459065209,-0.133157772386673
598,0,1.3033529561644737,7.8994750610475375,-166.51199114679733,-1.2426267996029652
598,1,0.2216822035443958,1.0082677102339015,-19.77403776640454,-0.1607645346862157
598,2,0.2939429976206718,1.6196921811184373,-26.38712556448508,-0.2255309877306417
598,3,0.6959571732806936,3.56518370406749,-109.29626768377273,-0.6467234774187736
598,4,0.2450928591379278,1.0231928765710177,-26.56068294647017,-0.1629489751317188
598,5,0.2620726461531085,1.8834597699449185,-31.138008767482376,-0.1970760048574834
598,6,0.4326024851782151,2.32884544452426,-73.37113914085595,-0.3668556957042797
598,7,0.3500056386892075,2.175857920739874,-37.73036459545894,-0.2858360954201435
599,0,1.5456361985734737,9.52790313225224,-228.39018547087431,-1.4927463102671523
599,1,0.2173326932325872,2.057054099559605,-20.2040666992558,-0.1578442710879359
599,2,0.5580007415745046,3.642272632375247,-57.30297879164831,-0.4897690495012676
599,3,0.9992105226184226,4.647501740828668,-160.23351238645424,-0.94812729222754
599,4,0.3282193090161922,1.1918976109689543,-38.86694438292093,-0.244446191087553
599,5,0.2686345888448906,1.6262314833225642,-27.64860942131113,-0.196089428519937
599,6,0.4152567389352222,1.811863650232916,-70.08069735586872,-0.3504034867793436
599,7,0.3660033632992199,2.371219554444683,-43.43240825528626,-0.3058620299668046
600,0,1.1370064761002694,5.7572849719376,-163.7309822331903,-1.0843111406171544
600,1,0.1054014250724376,0.5424471556015631,-7.044550205109967,-0.0506802173029494
600,2,0.4153888883221007,1.935062208318264,-42.64874825439411,-0.3495799037245418
600,3,0.7219179482461228,3.234818131877621,-127.36393904989454,-0.6774677609036943
600,4,0.2833839754135938,2.143830193821204,-34.20349716481062,-0.2035922450286346
600,5,0.2045403325843884,1.1933322817077794,-26.509089861422787,-0.1472727214523488
600,6,0.4323546739946771,2.9230347671544887,-74.63135048105563,-0.3731567524052782
600,7,0.158376871364099,0.9191203113925956,-15.110235661331046,-0.1007349044088736
601,0,1.0436566098423654,4.80588782712259,-148.72754853600537,-0.9915169902400358
601,1,0.1774914181786702,0.8656406322846836,-14.42002649383525,-0.1162905362406068
601,2,0.5286541579520376,2.508911296384724,-58.51805592551619,-0.4644290152818745
601,3,0.8465355744973443,5.1807416510976605,-149.77274689169147,-0.8009237801694731
601,4,0.2781071769364713,1.2075904412840797,-31.912023570072964,-0.1957792857059691
601,5,0.1813371744840934,0.8408537737203183,-20.65673588482085,-0.1207996250574318
601,6,0.4023541746153594,2.9701723330316185,-68.40103692318884,-0.3420051846159442
601,7,0.2043882149911876,1.159218214171629,-20.733605697732933,-0.144990249634496
602,0,1.6057453194232036,6.719774170455223,-219.9325761222557,-1.5488209586074349
602,1,0.1942763127756854,0.8628487284478381,-18.741444236283133,-0.1388255128613565
602,2,0.4511742914683632,2.5493916097112,-49.61535833214136,-0.3876199869698544
602,3,0.7897478076303629,6.839729719648129,-145.43887178232526,-0.7458403681144885
602,4,0.2554985753891386,1.5439665998070538,-26.904241268769056,-0.1702800080301839
602,5,0.1164065750741056,0.6024675739586596,-13.206040767830393,-0.0660302038391519
602,6,0.32301306757458,2.502145711602023,-51.80519454114445,-0.2590259727057222
602,7,0.1643705000882136,1.3488989346202842,-16.3665686110676,-0.1076747934938657
603,0,1.300698756442739,5.770980124548776,-170.12589958570132,-1.241794887486871
603,1,0.1973347619597193,0.9281670957020836,-15.893480871929972,-0.1335586627893275
603,2,0.4903713044306377,3.697259281613701,-56.71465587956192,-0.4296564839360751
603,3,0.7768697069935092,4.04639471268694,-120.53722480174616,-0.7261278602514828
603,4,0.1856636220306057,1.174807637586962,-24.229068479992225,-0.1211453423999611
603,5,0.2495046117923792,1.891210975106148,-28.10286595918104,-0.1824861425920846
603,6,0.2965456535660604,2.576744988697123,-47.61605804800594,-0.2380802902400297
603,7,0.1558021272899746,0.9891851570519614,-13.014513866361522,-0.0936295961608742
604,0,1.2384197773615466,7.261750321726822,-151.76237786432452,-1.176452541583911
604,1,0.1651397854750692,0.6492020776022586,-11.370626934734378,-0.0988750168237772
604,2,0.2739152527941336,1.508723649893284,-27.704222144000266,-0.2131094011076943
604,3,0.9506833311680026,7.127099292891398,-156.97033700096094,-0.902128373568741
604,4,0.3649666954236562,2.891663665228029,-46.129794570558936,-0.2830048746660057
604,5,0.2368644577538816,1.0019008719125089,-26.7086488065016,-0.1712092872211641
604,6,0.5076975615111968,4.095268535766784,-88.93102234819541,-0.444655111740977
604,7,0.1410629405300691,0.6702514048841322,-14.091296760959782,-0.0875235823662098
605,0,1.013781262775576,4.524316292723542,-121.92696289253156,-0.9525543975979028
605,1,0.1519432213514329,0.929882397824658,-12.03760502222516,-0.0933147676141485
605,2,0.3751073555734213,2.4616584006798448,-38.4359218797328,-0.309967111933329
605,3,0.7220407769624869,6.15910225867938,-128.88808735655329,-0.6783583545081752
605,4,0.2641512659507455,1.2168535655978543,-27.796326252908496,-0.1781815785442852
605,5,0.2334250062899868,1.0785438892092496,-26.316104473621337,-0.167618499831983
605,6,0.3710138840399391,2.5494779501359157,-56.84530900837348,-0.2991858368861762
605,7,0.1601914285992037,0.64734023431075,-14.528469841413516,-0.1001963437338863
606,0,0.9868407451958048,3.500668998432664,-118.52016074538294,-0.9259387558233042
606,1,0.1501603745644754,0.9280064669692812,-11.61305504707938,-0.0907269925553076
606,2,0.2904789844597393,1.3052103866854703,-30.69565456341603,-0.2307943952136543
606,3,1.4359297207851016,9.80115021543768,-263.9911995580489,-1.389427366094994
606,4,0.3009907267595267,1.418080077054227,-33.87692163311214,-0.2157765709115423
606,5,0.2017562100249706,0.7985641805613976,-20.94119468480367,-0.135104481837443
606,6,0.333521178444168,2.4468861266629305,-55.01486083990413,-0.2750743041995206
606,7,3.605461234222154,18.0108782533605,-709.52107416975,-3.5476053708487503
607,0,1.2956219240355975,6.294148301454804,-169.41558372552458,-1.2366101001863108
607,1,0.1919470853627669,0.8535516359745955,-14.95112117290561,-0.1277873604521847
607,2,0.2229646908991939,1.1334865032226322,-23.482163565112117,-0.1665401671284547
607,3,0.5430060604908179,3.94261902068182,-96.54088883614718,-0.5002118592546486
607,4,0.2860814752277136,1.539100438612369,-38.85774050401697,-0.2123373798033714
607,5,0.2690664718140903,1.688842591721883,-34.90187530941663,-0.2077492577941466
607,6,0.4805517755876105,4.605538711973798,-82.49876124359619,-0.412493806217981
607,7,0.1758885435475409,0.7688519327634171,-14.704089118774643,-0.1105570610434183
608,0,1.173370175028596,6.733818481572484,-149.29210202484467,-1.1141201643645124
608,1,0.2010447400025102,1.1311726787698129,-19.61558160531176,-0.1453006044837908
608,2,0.454910425252829,2.969214023530138,-46.16350980177648,-0.387928653796441
608,3,0.28251153375931,1.8299898374146728,-46.52061569141389,-0.2410394595410045
608,4,0.3213161565577433,1.885507026133463,-37.60197521457501,-0.2364904101545598
608,5,0.2931729336735419,1.957893588416502,-39.03742640967015,-0.2323656333908937
608,6,0.4133419843216799,1.9332128191902351,-67.51422354158603,-0.3444603241917655
608,7,0.1543562768531217,0.5752454001929138,-11.48310853296507,-0.0883316040997313
609,0,0.6710774029447627,3.443124409507461,-88.98886253318558,-0.617978212036011
609,1,0.1050783083546187,0.3833549247265438,-6.436892384396763,-0.0480365103313191
609,2,0.3280216937330129,2.184169990421052,-32.983469195317944,-0.2638677535625435
609,3,0.4671865233112929,4.2020322922952005,-83.3476997643102,-0.4252433661444398
609,4,0.3789555967806101,2.2359629341303005,-53.982488232057634,-0.3032724057980765
609,5,0.4793732871176978,3.2721133345768814,-71.07342520576833,-0.4180789717986372
609,6,0.4640103952772055,2.7985141170853534,-77.40389216440445,-0.3949178171653288
609,7,0.258944833976624,1.5697818354260198,-26.427404260091475,-0.1957585500747516
610,0,1.4669802626159576,11.296596136224252,-192.7985810710963,-1.4072889129277102
610,1,0.1228713304826864,0.609825527766422,-9.3424119229026,-0.0676986371224826
610,2,0.2942926977496935,1.566145406281117,-28.78994315185441,-0.2303195452148352
610,3,0.7368382372733588,3.994249851758816,-121.27745906162454,-0.6890764719410485
610,4,0.3042939033285206,1.9429003651904773,-37.39769335589564,-0.2239382835682373
610,5,0.2442881509916407,1.7094666629382949,-31.29903423327742,-0.1841119660781024
610,6,0.5372397380644061,4.712567891390212,-93.91025391368792,-0.4695512695684396
610,7,0.1743757179642662,1.0144024890112635,-16.710826827225986,-0.1152470815670757
611,0,1.5635041407876291,5.968357253722789,-188.89195649375216,-1.4991425118551758
611,1,0.1940974720335433,0.9816936598804082,-18.280982294060223,-0.1374509946921821
611,2,0.3583608378450695,1.7546276553481728,-31.847548380320188,-0.2869148502731548
611,3,0.621643718704153,3.988912554447886,-102.9123547502023,-0.5749293561463815
611,4,0.2315139472519054,0.8744178978377963,-23.91643318041821,-0.1485492744125354
611,5,0.2146530103239351,1.797937231116563,-24.18775634846421,-0.1502345114811441
611,6,0.4445060974198311,3.507552556715294,-77.08111119243355,-0.3854055559621677
611,7,0.3819590939220863,2.306075364205713,-46.03356439541999,-0.3219130377302097
612,0,1.3466453307752473,5.887771512526905,-175.00760797078527,-1.286820646844009
612,1,0.1628998597575276,0.9044368716331076,-13.525634932257177,-0.1040433456327475
612,2,0.4794243519197551,1.92655504927246,-44.78627194740464,-0.4071479267945876
612,3,0.6879232419691099,3.949801826008576,-109.2251090913811,-0.6387433280197725
612,4,0.2737697540346674,1.3525021283886158,-29.88093140774667,-0.1891198190363713
612,5,0.2367233519718559,0.9586464684354632,-22.762927439819737,-0.1625923388558552
612,6,0.5409815480452208,3.323316522197625,-95.13038866414342,-0.4756519433207171
612,7,0.1785130206585621,1.2881894864262509,-19.664628623715718,-0.1244596748336437
613,0,1.960040866616979,9.320211919683802,-252.22484808644,-1.8964274292213532
613,1,0.2085852368212547,0.9059391022029624,-17.165627414037722,-0.1442489698658632
613,2,0.4511034500959546,2.086655476723695,-46.65456418471539,-0.3855749106174825
613,3,0.5802132752014852,3.951092088982309,-89.19914600505203,-0.5309472976491192
613,4,0.3919331970453338,2.675590183804797,-48.95370201034426,-0.3078849183040519
613,5,0.1665487755883064,0.7994439032283975,-15.526156939887542,-0.0995266470505611
613,6,0.479793301087921,2.998142395858648,-83.54460124404659,-0.4177230062202329
613,7,0.1915010261553399,0.8728402045477547,-19.470283974516438,-0.1324509113912682
614,0,1.5088785332540282,6.813747091554394,-186.3948557400616,-1.4449213623260586
614,1,0.2502646498655648,1.2218598133687075,-23.42596816304123,-0.1889190980890421
614,2,0.5121433915931847,3.7635394160156577,-66.20548828349214,-0.4565895743689113
614,3,0.8612031385653355,5.738060474224787,-138.75230198648083,-0.8114169706811745
614,4,0.2290384597374558,0.9148390443687416,-23.78465773689856,-0.1468188749191269
614,5,0.248077582169807,2.958337309009486,-28.321390026510983,-0.181547371964814
614,6,0.4950844456906596,3.692130416838893,-78.48751604182304,-0.4219758926979733
614,7,0.1899288644802564,0.8624937003086521,-19.343801100990344,-0.1315904836802064
615,0,2.663414221674722,12.300383907281134,-403.7122787697768,-2.6045953469017857
615,1,0.1515107025164386,0.7626513685117624,-11.500355704957473,-0.0912726643250592
615,2,0.4279923832724943,2.4584714576433955,-45.88534342232119,-0.3641693922406443
615,3,0.7871430787217562,4.364035874577579,-115.90120196730068,-0.7335519111854474
615,4,0.2725653174394158,1.6978225078340845,-34.34146347706272,-0.1962369341546441
615,5,0.2376151930302818,1.3412497316203456,-28.861441734338367,-0.1749178286929598
615,6,0.724032475057336,8.153401085694137,-130.8784992864416,-0.6543924964322081
615,7,0.45100740133656,3.4383506945519238,-59.84503331681494,-0.3937173244527299
616,0,1.286274922420722,8.305126080900783,-172.00293980139676,-1.228592427152834
616,1,0.2915835074053498,1.6173505669352215,-26.01155341049593,-0.2261874209608342
616,2,0.4730871145203749,3.275960889707972,-46.83286436759202,-0.4037315893757933
616,3,0.7722641533511497,4.776928398452574,-119.0969235514548,-0.7217995366754837
616,4,0.2725446335393827,2.139271034428317,-33.45383778544705,-0.194499056892134
616,5,0.204078433708137,1.2984740988904693,-22.049336040816,-0.1386750694390943
616,6,1.0189973200892537,6.623444197831327,-189.8594431047644,-0.949297215523822
616,7,0.1512270957834477,0.522596772527273,-11.662408587565706,-0.0870328999072067
617,0,0.6777217692124059,2.929983707625026,-80.50130419745503,-0.6192408015188848
617,1,0.2713616259351155,1.6491334997942644,-23.5995094878332,-0.2052131259811582
617,2,2.24334830695635,12.596380647204835,-342.45408887631135,-2.181236234880964
617,3,0.6297406784503389,3.636310596925117,-97.4712738101635,-0.5801861536319256
617,4,0.2437660777269528,1.0326765278843018,-27.07828072074712,-0.1631221730165488
617,5,0.322771601843898,2.578039277066343,-41.60312745215428,-0.2584045183363619
617,6,0.4858103545958558,2.575215024372867,-68.53705132157025,-0.4055446823761553
617,7,0.1526688854804765,0.8484910988774991,-12.960447345042825,-0.0919180662768994
618,0,0.5762392847251601,3.9476280523989367,-78.27041554516286,-0.5253048023165293
618,1,0.2581991946628451,1.0607483189676117,-20.07611775771952,-0.1876272687637337
618,2,0.4715332110536437,2.1955355890359565,-46.6117852695044,-0.4018257350819345
618,3,0.5987384668709749,3.160927887831264,-90.4823655852792,-0.5483779732441163
618,4,0.2220610628914892,1.193524314089958,-20.18934852919614,-0.1337042948953386
618,5,0.1898888402923795,1.97010815980162,-21.70932534570705,-0.128457546424302
618,6,1.1978621612544866,11.348293794211603,-225.15289642585097,-1.125764482129255
618,7,0.2591692277845947,1.7947974055378089,-27.540374556817262,-0.1981321910562393
619,0,1.0809547100125272,6.121240689825089,-140.07418357509786,-1.0224392961685975
619,1,0.2078979788722739,1.1326408247056814,-17.262106789877485,-0.1450597209233402
619,2,0.4572007269045006,2.6195975376291702,-46.783252262152565,-0.389860435517938
619,3,0.6758903725639869,4.288624345574183,-104.5665701315604,-0.6261471265362899
619,4,0.3014959114041138,1.8622743853188664,-40.122442308144336,-0.2266804650177646
619,5,0.2452146677255789,1.994600883849473,-29.36509091951493,-0.1812659933303391
619,6,0.6631065603703005,5.318293698618732,-107.5682507725504,-0.58780464903033
619,7,0.1963535379094942,0.8919011856083798,-20.32445778665124,-0.1382616175962669
620,0,0.7612151447345294,4.725078307560395,-97.32173246634468,-0.7052299454082948
620,1,0.1927403894773249,0.896300121444432,-17.34089009369666,-0.1344255046022997
620,2,0.3450566271522513,1.63551427177805,-31.33507245717971,-0.2748690566419273
620,3,0.7254979144479375,3.672103673735832,-122.18533340900208,-0.6788074078277893
620,4,0.3510265780409397,2.00162838017907,-47.44697741170547,-0.2742599850387599
620,5,0.2504196716446114,1.4660388531463122,-31.565647405559787,-0.1890158527279029
620,6,0.3907038799539943,3.394482394411855,-64.94551744729701,-0.324727587236485
620,7,0.1532428200314785,0.6441486720014884,-11.71826169646495,-0.0887747098217041
621,0,1.1368299707363945,5.936428015877992,-135.33961461477324,-1.074123925514073
621,1,0.1054662594215939,0.4324998909204043,-7.040848410470059,-0.0506535856868349
621,2,0.4907166180506147,3.3485252967016144,-48.78294678414015,-0.4205426446908634
621,3,0.6878548309638441,4.831793400844914,-106.43935890391757,-0.6373614305623806
621,4,0.3093864405422169,1.447642413005387,-36.97253897584392,-0.2282255492336044
621,5,0.3276445719463169,3.030596902465472,-39.564183424552425,-0.260290680424687
621,6,0.531960738178764,3.5783601203188837,-93.73724353394516,-0.4686862176697258
621,7,0.225622381255622,1.263410863126776,-22.165561318306366,-0.1629820685169585
622,0,1.0361946395274322,5.046481324907619,-119.60900635133576,-0.9724309459458192
622,1,0.1168861112606449,0.4837742306004888,-8.026461325138433,-0.0598989651129733
622,2,1.9435826305253785,11.030131393138634,-248.06549200795,-1.8792840303632572
622,3,0.6933374580804041,4.013838254076598,-121.28597820289644,-0.6485881187320666
622,4,0.2754772061222253,1.1671985339608837,-30.458122876860227,-0.1915605212381146
622,5,0.2663272739832792,2.1290849308534163,-28.553517941731776,-0.195572040696793
622,6,0.5506209514646386,3.486125525280828,-97.63264863393668,-0.4881632431696833
622,7,0.2042078791766575,1.031571571521747,-17.760382522134524,-0.1376773838925157
623,0,0.8859067047955145,4.602196420554351,-102.97291623863188,-0.823783329909055
623,1,0.1916460667024673,1.4560546602742024,-16.766261874846993,-0.1320178100381653
623,2,0.398030830860043,1.847166386862143,-36.60480525982744,-0.3268286183913164
623,3,0.4521510848753475,3.6126238870125538,-79.49044052902188,-0.4097445388093911
623,4,0.2528692874851314,1.1717427058721783,-27.626052150389768,-0.170531186113517
623,5,0.2481862274884008,1.6701535841292137,-28.550390810750045,-0.1818496229984079
623,6,0.3669541148009906,1.9071685900694773,-60.18909300570243,-0.3009454650285121
623,7,0.1428712274669407,0.5024732434086621,-11.6380655657527,-0.081958208209526
624,0,0.796832084991636,3.8473462102103433,-97.3571986668009,-0.7375545353545523
624,1,0.1218713851581912,0.6495061850862281,-8.01215401510197,-0.0625949532429841
624,2,0.3664755943143458,1.3618049837927844,-33.42260112826283,-0.2957752312235649
624,3,1.0169837427863295,4.089477667600626,-172.3335939099479,-0.9681662579210556
624,4,0.2986043530138412,2.6967175753590524,-41.04988401745231,-0.2255488132827049
624,5,0.1662227439836258,0.9213515893050762,-16.269045632497043,-0.1010499728726524
624,6,0.4182884729652057,2.5650576779890613,-70.87926996118914,-0.3543963498059457
624,7,0.185127976026577,1.3396033568463257,-15.46777928664788,-0.118982917589599
625,0,1.2827215473076536,6.271468206967496,-166.26626576890956,-1.2225460718302177
625,1,0.1371924258574309,0.6629858749498246,-10.13588630741354,-0.0785727620729731
625,2,0.677588490163414,3.1746046770142837,-78.09704738728082,-0.6149373810022112
625,3,0.6400249485018413,3.636057933188092,-101.71201411536016,-0.5913489192753498
625,4,0.233076028119456,1.0289093733559316,-22.91705336216117,-0.1469041882189818
625,5,0.337237554496183,1.8154526862684743,-35.82536429384591,-0.2614990094441307
625,6,0.4480618812955383,3.2969215406276264,-75.9690881122198,-0.379845440561099
625,7,0.141700198349388,0.7275056749418242,-11.083550521807886,-0.0797377735381862
626,0,2.372528493201765,11.111494363764178,-365.7101898145744,-2.314621454522623
626,1,0.1130395424527888,0.5074515041126615,-8.566535939549095,-0.0599058457311125
626,2,0.4474689971725031,2.4364123357522653,-44.4233407979244,-0.3796866734865333
626,3,0.6597808632523814,4.05442022887839,-116.95307289420326,-0.6155424889168593
626,4,0.309282823031464,1.4678598092151858,-39.0214202822103,-0.2308959780012444
626,5,0.1914333281887027,1.5048497455839416,-19.66681893181259,-0.1252663626230101
626,6,0.4181364782609773,3.1555307343771544,-71.6247030055892,-0.358123515027946
626,7,0.1533632381808908,0.8621435088561907,-12.716179126633197,-0.0914833030693035
627,0,1.362884517129704,5.741029900449617,-159.45544817875634,-1.2963857575508646
627,1,0.1403068300927044,0.4196318112400607,-13.37497198467793,-0.0897649126488451
627,2,0.6182579021993101,3.0680004580682474,-67.39476485414902,-0.5524161053618772
627,3,0.8987956396719823,5.411039226167335,-141.56595071606193,-0.8477003036889936
627,4,0.315114871679473,1.2903789237584349,-39.09492298446701,-0.2355115842437771
627,5,0.2283940432730987,1.538909854634673,-28.50656997590137,-0.1676857057405963
627,6,0.3735470521538576,2.663281603201021,-62.540428702223714,-0.3127021435111186
627,7,0.1559573388094372,0.6684596999581244,-12.449161783245083,-0.0922160132092228
628,0,0.8423562140971316,3.3993114449762736,-96.68285475090217,-0.7797004415395336
628,1,0.2038947562151045,0.9308449494063412,-17.540444057198883,-0.1426052362373893
628,2,0.529183758687839,2.600550624105889,-54.96953443438549,-0.4619288607931554
628,3,0.4609099262914273,3.6144256482855823,-73.39922679883225,-0.4146848971685437
628,4,0.3495409221373999,2.0789187045448245,-45.372370688574726,-0.27007363505104
628,5,0.2643714480832527,1.086559468147171,-24.74069787640861,-0.1860202847850271
628,6,0.4725019028256924,4.412354073358287,-81.08203925134669,-0.4054101962567334
628,7,0.1669781359484032,0.9609775641119124,-20.74604175455946,-0.1178752372418151
629,0,1.1786957414673205,5.808504335948492,-147.51661776427255,-1.1175501345778225
629,1,0.1753933338072958,0.8054407507671821,-17.120312646706846,-0.1214206570688428
629,2,0.6749523271918644,3.953529897748881,-68.13420986043842,-0.6029576093844108
629,3,0.5965088012757196,3.195992378197746,-92.53491277129466,-0.5475438625520394
629,4,0.2084564689835624,0.8148218757811024,-20.411713592990857,-0.1259982320554991
629,5,0.2432276432202555,1.5707956120868392,-28.71259783431085,-0.1783391169832971
629,6,0.3438453616451628,2.2005160104194785,-55.67479475172296,-0.2783739737586148
629,7,0.2486036215434799,1.5772638356947677,-23.76692916727905,-0.1828225320559927
630,0,0.8550224430642525,4.5538223327705305,-112.74456364274876,-0.7996068343457359
630,1,0.1285399157284306,1.103427454435514,-10.08621609970288,-0.0736220153262983
630,2,0.4270300828197831,2.907388286242103,-46.21108042337513,-0.3638667749872057
630,3,0.594575435187815,4.218943054327915,-107.05954567057542,-0.5518533281988424
630,4,0.249949765008784,1.1834009945338273,-28.76845827599596,-0.1702275637632897
630,5,0.2220391627199205,1.6894207481211,-23.895632368215274,-0.1551664439494498
630,6,0.3936936306028251,2.3865361416214306,-66.28565488278373,-0.3314282744139186
630,7,0.1326339413322371,0.4256935167729275,-11.27026874939454,-0.0751351249959636
631,0,1.174442258999283,6.659336927827957,-143.51840972191,-1.1125458117977518
631,1,0.12395724918602,0.6305294895628452,-10.246833667288772,-0.0711585671339498
631,2,0.578270614375557,5.004209217820296,-71.78275620263241,-0.5201649000190754
631,3,0.4238280709668391,2.778383818161623,-62.69377934440158,-0.3754118523616861
631,4,0.2969171061408467,2.365253778624487,-42.38572797898817,-0.2254559998882349
631,5,0.3091862028245617,3.935064248575026,-39.759772314415216,-0.2454306932988593
631,6,0.6606521897112839,4.762570046800501,-119.2687048576273,-0.5963435242881365
631,7,0.1585749040557996,0.6474327433307095,-15.265478116669613,-0.1010958815673484
632,0,1.6000109255940933,7.298954499095683,-231.59257370961487,-1.5439504913974325
632,1,0.2112753607758155,1.0090399722125702,-21.99832703329525,-0.1571309073806804
632,2,0.3022704478828985,1.285562596882284,-29.466845974693893,-0.2376358546346281
632,3,0.5739227851057268,3.803165381374495,-91.58399146396816,-0.5263447785285525
632,4,0.267783107187054,1.6114067352477943,-33.1168184215531,-0.190326542652604
632,5,0.1931602958882918,0.9611912801430288,-19.92247940508429,-0.1268947732807916
632,6,0.3754164654748007,2.8443603483855493,-59.56126820034371,-0.3054424010274036
632,7,0.1531834935770621,0.672958576599355,-12.230477185009397,-0.0899299793015396
633,0,1.163025376248512,6.260933066990655,-152.53986239392972,-1.105361321695143
633,1,0.1866979357453437,1.0294934846259338,-15.807659826451651,-0.1264612786116132
633,2,0.5182923991443327,2.1782098779600294,-56.13006774912209,-0.4526618366864685
633,3,0.6475432138162808,4.636633624940259,-99.90374361363548,-0.598226009662488
633,4,0.2648549892637172,0.8928686814852047,-32.064020921079376,-0.1864187262853452
633,5,0.2115348922300238,0.6925506857891921,-17.711456963838906,-0.1331688493521722
633,6,0.739900646067443,6.158989511047475,-131.11715186748646,-0.6689650605484003
633,7,0.2795609404329204,3.430858971807875,-36.3628377583919,-0.2258561351452913
634,0,1.1113192123208002,6.39096262794619,-138.7377794620962,-1.0510437838037592
634,1,0.2448352633097975,1.465224697634939,-23.856121148206288,-0.1863759464703616
634,2,0.4041914171905384,2.378529076015865,-38.88727017732328,-0.3352350877355455
634,3,0.4865613894303777,2.8888889839313943,-72.62838117278903,-0.4375203685107773
634,4,0.2616328251216422,1.0224022798188073,-30.051937764160044,-0.1810357696636147
634,5,0.1584303970618481,1.2432577590732483,-15.894406816626407,-0.0957494386543759
634,6,0.7097561493897194,5.625285416313051,-128.64993678565608,-0.6432496839282804
634,7,0.1634221688008542,0.69037868827661,-13.470465478530098,-0.0997812257668896
635,0,1.3378236830404868,6.004973941891434,-177.86689929917338,-1.2796179805695926
635,1,0.13312784418852,0.7214592035367884,-10.786982362829509,-0.0781665388610833
635,2,0.370317173767011,2.257478392883632,-38.94628851422176,-0.3066636890883603
635,3,0.5550874322001436,4.149183668817621,-86.16648015746229,-0.5068616479850723
635,4,0.2930452626308683,1.720367817386753,-38.88378993446074,-0.2184482580587682
635,5,0.119641221730233,0.5554897143086299,-9.87704618441844,-0.0581002716730496
635,6,0.4110269708216089,2.9269016392072618,-69.94469805775205,-0.3497234902887602
635,7,0.1605586442603989,0.989900987156698,-15.428736346702152,-0.1028582423113476
636,0,1.6836445893690597,11.39594606730072,-252.4361221921284,-1.628620143175022
636,1,0.2429194435637746,1.2493187738023033,-21.143570653231752,-0.1791828021460318
636,2,0.3126108145490017,1.2527736666874787,-29.864481773285725,-0.2468138989527745
636,3,0.6037455132314175,3.180303505801537,-97.9474359060194,-0.556519522193292
636,4,0.2044730810406063,0.7473832402073568,-18.478325607661706,-0.1184508051773186
636,5,0.1845734723176925,1.1992503282166784,-17.63726443601298,-0.1160346344474538
636,6,0.3419999266234191,2.371713119523386,-50.32835885769629,-0.269135608864686
636,7,0.2301028431409165,1.6668966033531114,-23.853016768039417,-0.1691703316882228
637,0,0.7812114485857394,3.675238623547732,-89.20279603000677,-0.7193773873387642
637,1,0.2220270784116756,1.764067204535169,-22.80329770349119,-0.1664474284926364
637,2,0.4832731492838122,1.8925699374663043,-42.71173322690972,-0.4067784116848545
637,3,0.6135680997466997,4.904132448851776,-95.38187989994344,-0.5643898218931563
637,4,0.2335172441518165,1.0835181124718434,-27.083743426120204,-0.1565534302087873
637,5,0.2532122639175687,1.0502208899178405,-29.722059050321437,-0.1881142977868445
637,6,0.4402875365138196,3.056711202100024,-72.17031877164457,-0.3701041988289465
637,7,0.2464231071681376,2.230446324915602,-30.58550986518283,-0.1923616972653008
638,0,7.770809838081852,27.310473578306738,-1241.797431035807,-7.713027521961534
638,1,0.2456837327191604,1.5305644287223086,-24.931727326182152,-0.1888767221680466
638,2,0.5051565563707727,3.993076919685644,-53.46811843650994,-0.4382632658730322
638,3,0.6680069930877007,5.136125850053654,-105.98411094625452,-0.6197901224927166
638,4,0.2568884415672897,1.4767899407314422,-30.574373090907976,-0.1787975034556022
638,5,0.2056356252500132,1.0833527263666145,-20.321357254923456,-0.1363849480196205
638,6,0.4755538036003658,2.825177058265297,-82.06834150456174,-0.4103417075228087
638,7,0.1981255892817821,0.9135569693999348,-19.57774000468979,-0.1378714084837309
639,0,1.1999903311997189,6.923522421631926,-150.35806251811155,-1.1390762311978149
639,1,0.2106952846854587,1.840790122447704,-19.57095873072744,-0.1528981150838081
639,2,0.5162247612072054,3.527627190061088,-51.789381325784326,-0.4464601838429683
639,3,0.928405562857464,6.523780075243868,-146.48308437836064,-0.8771442178344949
639,4,0.2335657820454662,1.0339208550528598,-25.23814249407946,-0.1529584393580573
639,5,0.2589562823953708,0.999189594284902,-25.87783215104048,-0.1848416582217177
639,6,0.6701774149511345,4.075106625183625,-119.65426976061325,-0.6012777374905187
639,7,0.1681937320241442,1.0767286744052742,-14.22585151068986,-0.1046018493433077
640,0,1.0052285921095474,6.248038181737343,-136.76892727461666,-0.949784217184838
640,1,0.1228887848216553,0.4176913469949508,-9.225798497192308,-0.0673415948700168
640,2,0.2898475249809903,1.610897510303227,-28.857790899444435,-0.2272266999956254
640,3,0.6676451418563971,5.244257443867169,-115.16864408045411,-0.6225332112456979
640,4,0.4011703722525985,2.4687388110160704,-52.37144525934395,-0.3193380808496582
640,5,0.2042941699733824,2.341301996898869,-28.81956993973072,-0.1501019267694308
640,6,0.6245400046273657,4.401771034108503,-111.95979754452944,-0.5597989877226471
640,7,0.1902654228794691,1.418730418390659,-21.08926860756818,-0.1351876192792832
641,0,1.5425897172388798,5.96397936156997,-201.63971081413203,-1.4826449324568531
641,1,0.1547985893726531,0.7435084078037107,-12.738966190177894,-0.0972440167189152
641,2,0.3625900494872748,1.6898327732381724,-38.02083832904757,-0.2993766797562801
641,3,0.790548209714025,4.232671914153861,-132.22420014147042,-0.7428325850644406
641,4,0.2647850170840552,1.4071420463991076,-27.456849223970096,-0.1782912287270785
641,5,0.1732340297821559,1.0917478397465998,-18.255624987318484,-0.1106401514382938
641,6,0.5681770566144156,3.0378045288790405,-93.77205208300394,-0.4961484237195975
641,7,0.2655477470814371,1.425806463873585,-26.253888113951657,-0.2004113596484859
642,0,2.398335903328761,16.708956082848292,-344.0650256224304,-2.3405784055947647
642,1,0.2549763996508464,2.5711733106737635,-25.935962730584038,-0.1979844483250689
642,2,0.9669451727800666,4.869928193190701,-114.5216590842072,-0.9017453471197416
642,3,0.7460722425521366,4.575029641850743,-122.11292941468116,-0.6977881680838923
642,4,0.2309908486921336,0.919415117385582,-23.22243158844844,-0.1460530288581662
642,5,0.1254268368406395,0.6480955372141556,-14.248453450975717,-0.0723271748780493
642,6,0.3864911453722116,3.2084208204354825,-64.8430456135525,-0.3242152280677625
642,7,0.1244295951861262,0.4820613074502539,-9.02507370244733,-0.0635568570594882
643,0,1.5246411390019985,7.076959652590222,-191.62849391441853,-1.4628129306444162
643,1,0.1052933343422394,0.6342728127176938,-9.510164284522308,-0.0583445661627135
643,2,0.4977357938866467,3.260576129302761,-50.714780243085066,-0.4297862732464836
643,3,0.7946067795957229,2.897662328145924,-129.10703928656528,-0.7462834640841923
643,4,0.348958040588272,2.3808434199617365,-40.09705902960986,-0.2620722812392801
643,5,0.1242647091832946,0.6490480702187561,-13.455398329289514,-0.0700801996317162
643,6,0.5173347652568822,3.9968327985089327,-91.84176976230758,-0.4592088488115379
643,7,0.3893337513965551,1.9396831952784424,-40.13722701135841,-0.3210978160908673
644,0,4.225514506856197,23.29623914542904,-678.9411035074612,-4.165282843604056
644,1,0.1944756600942301,1.12720698776287,-17.042654931907688,-0.1341941333221077
644,2,0.4176594346598181,2.547736546052122,-47.83909317155553,-0.357008157996683
644,3,2.085800690351641,14.17990742958733,-397.3580283291597,-2.037733478611075
644,4,0.2030598467811984,0.9575070216385124,-19.27142728624302,-0.119698306125733
644,5,0.180784148637244,1.1776247519940175,-17.975295025605092,-0.114492325003854
644,6,0.517666159084613,3.142601406793992,-90.52449714977372,-0.4526224857488686
644,7,0.2036678595925776,0.7961124641724758,-17.044443912716055,-0.1352733643866353
645,0,1.3138594362353302,5.8942626153044,-160.21623347326744,-1.2516893240099018
645,1,0.1279913565440504,0.5379440020548524,-8.441193983908052,-0.0675295518712644
645,2,0.2677247983913307,1.3927472008584585,-26.84931993043346,-0.2065332302341035
645,3,0.8921455886378286,4.578614993245687,-144.1412722694484,-0.8429314167804
645,4,0.2373418736298617,1.062229206479715,-24.703276035391507,-0.1534364971142329
645,5,0.2568815001347355,1.5411832524455644,-32.59168867628613,-0.1951598124328511
645,6,0.5476433925711066,3.0696069210924746,-85.50549100270703,-0.4724060276392653
645,7,0.2150313187689977,0.6980067681815942,-18.60373106261192,-0.1464860713591489
646,0,1.6324423982864698,8.623823595083813,-234.9303889326621,-1.576714019682296
646,1,0.1902825389616696,1.7612387357007284,-18.131217317068696,-0.1343053134597681
646,2,0.506861223387782,2.7221546406300776,-54.80729256552449,-0.441994294883262
646,3,0.9380643095170768,5.173368640889867,-163.03126611599646,-0.890881235606538
646,4,0.2883155789367057,1.5585263097344366,-33.86244363100814,-0.2064783148232203
646,5,0.266642472604204,1.0998319335288662,-27.573977821283105,-0.1941829424034021
646,6,0.5852121003408886,3.864791535767747,-101.0908030199374,-0.515769403162946
646,7,0.1573046404399484,0.7196543245890223,-13.401284372001491,-0.0957234598000106
647,0,1.3777788577684185,8.561777281466508,-186.1155669284884,-1.3199685597765132
647,1,0.1120039604405088,0.719871925231728,-13.050242285419188,-0.0709252298120608
647,2,0.2973089146968858,1.6293428020773983,-28.59542623601637,-0.2324831401302144
647,3,0.6651136982521586,3.8605575645603287,-105.98479473966756,-0.6161906670910904
647,4,0.3341806686722643,1.5753748639039742,-39.20725024471636,-0.2497277085650723
647,5,0.1483455745410688,1.080817968148858,-15.27472369583926,-0.0882932005539841
647,6,0.5504737824066177,3.55656765696334,-88.70265664879749,-0.4768960034881585
647,7,0.1919428441360079,0.7179402259625092,-15.900216009625687,-0.1242204375752007
648,0,4.80733391416734,27.97469128730229,-788.0380316333532,-4.747217058032248
648,1,0.2253306459499193,1.307506103882674,-24.24976998665936,-0.1719841843025486
648,2,0.4605994486136486,2.606890835021822,-54.69369763757909,-0.4021595414527874
648,3,0.5471605802979167,2.512300484747325,-83.64112743449598,-0.4978638537767618
648,4,0.2641922125262977,1.3481780216844037,-27.77124824168262,-0.178020822062068
648,5,0.1852611304393948,1.1453497620096709,-19.41658957323322,-0.1205999352374734
648,6,0.6015665317256655,5.390520381226322,-107.36216206087592,-0.5368108103043796
648,7,0.2103900102757709,1.239080252395954,-20.504957387402747,-0.1485866477348025
649,0,1.981566632233899,14.233529841842389,-274.9414509971501,-1.9226674894905604
649,1,0.27063758028225,2.314128026245217,-32.81272444068467,-0.220219627118689
649,2,0.3710258775163553,2.188264801767357,-35.00028815077317,-0.3017266219894239
649,3,3.39005239032236,27.766953688451487,-667.6658737842423,-3.338329368921212
649,4,0.2969991523188883,1.4751242235205582,-32.712065477987885,-0.2110455837289541
649,5,0.1862638147620483,1.0799131278576688,-18.35187001375055,-0.1191679871022762
649,6,0.4254238706291282,2.6006365266269955,-71.81340775850579,-0.3590670387925289
649,7,0.3301737248673533,2.0218110049870206,-33.04921460643008,-0.2622953540192863
650,0,0.7836064465412694,4.205197885433745,-96.51061451583334,-0.7256437181641604
650,1,0.1476015959013572,1.301371418545527,-11.676671670632295,-0.0898205513125561
650,2,0.2823702548899153,1.6736766662975724,-26.50425105037884,-0.2172479594293347
650,3,0.4197947021779994,2.506112315012877,-70.31791747840393,-0.3760316442695397
650,4,0.4206039543069153,2.3036729094983204,-53.10750117229485,-0.3361234251411066
650,5,0.2605613183379885,1.4415001779090542,-31.38578922692221,-0.1961611826682638
650,6,0.436452137455498,2.817964674679553,-75.5214977973022,-0.377607488986511
650,7,0.2422044409688969,1.6702573470524165,-25.17592046247855,-0.1811217299458888
651,0,1.2079304913145794,6.100045565330022,-154.98037950611078,-1.148002811156376
651,1,0.1659978788606649,1.090306601402564,-13.300120177252614,-0.1055565093432747
651,2,0.3666156074836829,1.506714260666849,-32.282502000698656,-0.2934772909154423
651,3,0.6022745052611927,4.063335936105802,-112.08187572760392,-0.5604093786380197
651,4,0.3752926775759257,2.0474897482191534,-50.74157282569736,-0.2967343440099261
651,5,0.2918034214921938,4.018152375094567,-43.83447964266527,-0.2356692453906735
651,6,0.6712010977501681,4.466045650241776,-120.98395129163082,-0.6049197564581541
651,7,0.1439582669339775,0.656542733586146,-11.714811542475267,-0.0830837698047891
652,0,1.3588567572658774,6.297849708050324,-180.7822636204244,-1.3005918246073698
652,1,0.1624131812499181,0.9149511028823002,-12.143004789708806,-0.0995328261451541
652,2,0.5912996039547851,3.144868115625776,-59.27653186457208,-0.5199695777594042
652,3,0.556229326813037,3.263598023428145,-94.04965354088355,-0.5111394214178454
652,4,0.2599073846256892,1.0556600371032847,-24.520876704652142,-0.1679512103058366
652,5,0.271803490307723,1.8612712500411492,-32.951736979024616,-0.2072436287988969
652,6,0.6779127049298463,3.962145493909659,-122.15906773601452,-0.6107953386800726
652,7,0.2116194486053699,1.233470683479821,-22.344712170964502,-0.1530459737737295
653,0,1.7773633304261578,10.19131806527215,-243.84830356766165,-1.7172415744201524
653,1,0.1860366434780218,1.1322905132104846,-13.74726667407594,-0.1195414493397908
653,2,1.159371045747857,8.36227012936866,-136.72115146516177,-1.093769211721294
653,3,0.5005732460523932,3.227996201937372,-77.26490429886846,-0.4518415456074179
653,4,0.2130976057089842,0.7111584914998573,-18.384126457314164,-0.1233833990423769
653,5,0.2157406548556451,1.2587542827483826,-22.46685970386432,-0.1478082875254231
653,6,0.6370602313075193,5.298780559278809,-114.26536498020108,-0.5713268249010054
653,7,0.2737862604450786,1.6112657018576897,-28.17507446580573,-0.2102617497448188
654,0,0.7965940872005052,3.979225828343624,-98.2483733453322,-0.7387095740250542
654,1,0.2519253510190482,1.2878559420015112,-21.68721260816607,-0.1869587293807419
654,2,0.5057928045453329,2.860097152560588,-49.06270161244935,-0.4341832001101712
654,3,0.568719788134617,4.1016227948072,-93.00381293809512,-0.5224933311128939
654,4,0.190794776764114,0.8459091744537108,-17.490061874620007,-0.1079633449050617
654,5,0.2868226274212492,2.1294894308328347,-38.654160630090416,-0.2260477229829849
654,6,0.9028101739200682,7.507574658297735,-161.18493840465436,-0.8308501979621359
654,7,3.9619478855984713,23.930296827619927,-780.912168437681,-3.904560842188405
655,0,1.2976254923883717,6.976513135504201,-164.52442877874898,-1.2370257802913458
655,1,0.3692803662309122,3.2225767502580367,-36.48036280967558,-0.3065576706695427
655,2,0.3466886701902033,1.5228133438596891,-32.632619189635705,-0.2789112751250915
655,3,0.5215824942225549,2.5089789367648487,-81.49829690988435,-0.4738273076156066
655,4,0.3941595872246575,1.9737684340620416,-48.54443981809332,-0.3092002536184288
655,5,0.1960214332579818,1.0833378625537222,-19.374768750895733,-0.1274655838874719
655,6,0.5311915426104129,4.040019762694913,-90.98945865281536,-0.4618754246335805
655,7,0.1967590234166636,1.030179228887443,-21.79206297450177,-0.1415069024318296
656,0,1.542666752651228,8.642030358336184,-212.1506304370129,-1.4835708422168734
656,1,0.2567506407325068,1.2797916228078725,-19.70714887508936,-0.1859164988215977
656,2,0.3665313459976032,2.0485373454939664,-34.926738837654426,-0.2985191353645677
656,3,0.6897312341557456,3.7472585176294384,-111.01150370950548,-0.6416849925404942
656,4,0.3001048260245275,1.670321215622433,-32.26551350150712,-0.2122731151414942
656,5,0.2708633891397519,2.310939246325511,-33.72515865430879,-0.2069028138301153
656,6,1.573180770973139,11.178812903910837,-301.998504859336,-1.5099925242966798
656,7,0.3147205431697767,2.5655784418950938,-35.98843461436785,-0.2534396803828722
657,0,14.003332741468608,52.89399232627194,-2619.9797177426303,-13.936062328418249
657,1,0.2054057355489731,0.995503805696464,-16.45878206104712,-0.1406733509491207
657,2,0.621638436114658,3.159466466840858,-70.74033076904188,-0.5570104784963927
657,3,0.9208726529877016,5.725875150153045,-140.72073530787682,-0.8686465142461532
657,4,0.2665348041780977,1.070081338662484,-27.57111515039512,-0.1802033669960465
657,5,0.2678230965498114,1.5099113146614027,-29.595583653999533,-0.1986280782147619
657,6,0.7099009806689798,5.459228503853844,-126.07691488433758,-0.6399843395144039
657,7,0.268683099546952,1.4456374804278982,-28.246425939188494,-0.2061782915269233
658,0,1.756870409107298,7.484637539134353,-218.19364396821413,-1.6914235966528228
658,1,0.2173210540763361,0.8666986496683302,-20.049509503741746,-0.1578701535727696
658,2,0.3846456169486213,2.119018993085957,-36.18705609165537,-0.3146700529709162
658,3,0.7745894275112195,3.6927364719653606,-117.05501941609296,-0.7225618482474875
658,4,0.2683200227326644,1.0420344189857402,-26.054240695491828,-0.1772397326223934
658,5,0.3595279570607249,3.054364265225115,-46.44312502969077,-0.2939438293018403
658,6,0.5182628368688195,3.40417870256016,-90.63272766985683,-0.4531636383492842
658,7,0.2109570784569791,1.161115834045106,-17.60412776674622,-0.1419687723124695
659,0,1.533658517625112,7.143683890614458,-200.30121202639452,-1.4728030296058423
659,1,0.1621507759906855,0.5998892275613107,-12.868172104078416,-0.1021283500323683
659,2,0.4959511471624376,1.9189586951134396,-50.18992436392015,-0.428973712512138
659,3,0.7638482594321808,3.7745303281124944,-122.89105903732548,-0.7144829013797994
659,4,0.3260609363441005,1.4672731153174725,-36.02673162343639,-0.2385876266452741
659,5,0.257523698926859,1.007236627359588,-26.253585888352,-0.1848844076644506
659,6,0.6629782618226369,5.868827438822198,-119.82110662162007,-0.5991055331081003
659,7,3.0255572104302657,14.768311990962117,-551.6737653810081,-2.9659879859193987
660,0,0.6522327572772829,3.350818725662533,-84.28130923406918,-0.5977397818019091
660,1,0.1795637053913257,1.491966003210307,-15.702758960926682,-0.1207904535455898
660,2,0.3469179081267292,1.7058900307780778,-31.53940277079097,-0.2766614278139559
660,3,0.468264389821669,3.5810320462344443,-74.64613547055123,-0.4217295789296679
660,4,0.256267970530686,0.8791117665904162,-26.883183555654632,-0.1712304685073543
660,5,0.2269062715873877,1.183648419260851,-25.0614576179006,-0.1606503693455166
660,6,1.4323329206744504,7.23168057018608,-256.8316843162459,-1.3588978006150578
660,7,0.2199943429747118,2.27024872366188,-23.5716852919945,-0.1614498992602362
661,0,0.655908578959102,3.428692672366409,-71.72843910863702,-0.5927970174267522
661,1,0.1852019560203947,0.8825237725528801,-15.183252031440688,-0.123441073426347
661,2,0.4755373352272456,2.398829893386756,-51.98190123006199,-0.4125547716671586
661,3,0.6827213269071826,4.025668269886248,-109.16947479621592,-0.6347062488152088
661,4,0.3816097173171791,2.4815182789621573,-45.410628492098645,-0.2948742109876535
661,5,0.3260362703594082,2.300232288744616,-44.058666528818506,-0.2638243504719671
661,6,0.417850337103214,2.419411351834192,-70.31945768205077,-0.3515972884102538
661,7,0.1848909590890828,0.9319185184259984,-14.99261464165761,-0.11712980188795
662,0,0.8396587898431781,5.184449372622377,-108.85418206480902,-0.7831236119770434
662,1,0.1623508988703525,0.8960376255330647,-15.27961813058164,-0.1083660860324939
662,2,0.5543051039422577,2.698020521802814,-63.397827140511296,-0.4914560243450488
662,3,0.8325761996352166,5.394021945073445,-136.30127735737614,-0.783340674467679
662,4,0.2243038295518936,0.942642990479981,-24.270913396128567,-0.1444697225960033
662,5,0.262464279247765,2.00347986444315,-29.840378161242743,-0.1950351513806715
662,6,0.6191654127507369,4.178632936212806,-102.060398733614,-0.5457775333348343
662,7,0.1330096317149283,0.7000081842219734,-9.306542593411468,-0.0689373525437886
663,0,1.6441057987216707,7.1908278042715725,-218.4639805428856,-1.5830723227745331
663,1,0.1531032204641562,0.6861951608860617,-10.940505663756904,-0.0904174021798091
663,2,0.3345687189113565,1.9843288775589365,-33.4674121229943,-0.2698984848628572
663,3,0.5190161786360571,4.690693172128361,-86.71026340699235,-0.4738265759944937
663,4,0.3889376567313673,2.704489276228013,-51.66289974707564,-0.3093586811202134
663,5,0.1753229903571701,0.8442844510389098,-17.269193953767026,-0.1092986959099178
663,6,0.5727489033915267,3.537655190684239,-101.22405143649512,-0.5061202571824756
663,7,0.1943819439840903,1.811113833391644,-17.39777298399901,-0.1298341267462612
664,0,0.9458923274593164,5.121912469038809,-111.2827048739736,-0.8831960704283619
664,1,0.1868072871416506,0.7543058536249634,-15.232147643377465,-0.1248536692080119
664,2,0.3825647106251343,1.8962664250114456,-38.2703921895978,-0.3162842329718826
664,3,0.5098075392518642,3.480698491313569,-79.4440697007813,-0.4618841261673331
664,4,0.3455956288818946,1.5840360304177843,-39.89953996220021,-0.2590879218324688
664,5,0.321778823370234,2.2892808482698848,-42.84709197279959,-0.2596793452896945
664,6,0.4373426328718486,3.5671304872984657,-70.74565271008532,-0.3665577860626182
664,7,0.1967399223372957,1.004999790060743,-19.938973641918853,-0.1375101630477162
665,0,5.393494579616055,34.376208042134955,-1065.419441833152,-5.32709720916576
665,1,0.1568229583811102,1.0488370708858126,-12.448888744272194,-0.0980227460178913
665,2,1.0831241764987118,7.443791329910794,-121.72804631311746,-1.0144003859426456
665,3,0.6436797448922125,3.910362487056259,-96.5811475190008,-0.5925223774171828
665,4,0.2508902531992729,1.3935550611211645,-27.82386184866185,-0.1696576941991576
665,5,0.3118470944916728,1.4438812552945977,-33.40401706208176,-0.2386001218720125
665,6,0.4441973748461348,2.251450956871446,-65.85890572407257,-0.3679268476205171
665,7,0.1662782972806381,0.6794161704606084,-13.32966785497618,-0.100982332234668
666,0,1.7912346955454952,9.715646955623418,-256.44979750028523,-1.7327689020289545
666,1,0.1090058695294483,0.4477418054177882,-8.371072563441158,-0.0569460718601439
666,2,0.7852515933066524,5.842133712216504,-95.52452358333524,-0.7236706332070852
666,3,1.3712806146437413,10.7894029976272,-229.61068500584128,-1.319601637964605
666,4,0.4603496751076887,3.547520956513506,-60.65623168150821,-0.3767467806304858
666,5,0.2495574544111189,2.473608522910588,-32.50642757828736,-0.1889908580132986
666,6,0.5259337333853972,4.053787839662943,-85.18435922248516,-0.4531082937366231
666,7,0.1920608754468123,0.8150119665343212,-18.08789848140427,-0.1301287660532681
667,0,2.1399416033121104,9.970699816838763,-282.29231744938187,-2.0756788047748667
667,1,0.2010664458703708,1.2697149221854522,-17.207516711767205,-0.1398985098517658
667,2,0.7526584496147437,3.406871033981693,-86.7462442442887,-0.6884622559070532
667,3,1.0085210175034929,5.7563878622282125,-163.8085407886307,-0.9579446829744483
667,4,0.3251393205970034,2.1034296408295057,-38.265054686206696,-0.2406607212968974
667,5,0.2220354733662752,1.577882504591101,-27.011054280858215,-0.1607800850051084
667,6,0.4735680392825259,3.464119257798586,-81.46222263710028,-0.4073111131855014
667,7,0.1616536542025491,0.9400748483539582,-11.355307849205788,-0.0915750633000466
668,0,1.6554775953143137,8.647258595322427,-205.1544792898553,-1.5903448006965524
668,1,0.1780908807579503,0.8463917652066996,-15.60827203680022,-0.1200636310523093
668,2,0.5320917900218795,2.4246818419075824,-57.99252367478761,-0.4676816425386098
668,3,2.6003971058166373,18.24627435238585,-481.6509231706672,-2.548417582913584
668,4,0.3050385091385081,2.255922758093359,-46.09699747216403,-0.2363948588316104
668,5,0.2418900112461963,2.3999022561439864,-35.051287826604096,-0.1864430203542771
668,6,0.5451164076070808,3.501547317744268,-89.94934246845486,-0.4734175919392361
668,7,0.3464425498560194,2.204398653585759,-42.31253851716637,-0.2878403980759617
669,0,1.5236927022058586,7.141331917217046,-183.81060300602408,-1.4588143095716195
669,1,0.1631154278246377,0.7244325585304914,-13.113785780684186,-0.1032581557534187
669,2,0.5529942507442152,2.2442351176930746,-57.29838345995488,-0.4855795208470752
669,3,1.0332583861484,4.140020615955439,-168.95482380808917,-0.9822954872563322
669,4,0.3353081621655526,2.045382412907601,-43.601753996530746,-0.2564809058619455
669,5,0.1960357427001386,1.5574119169323335,-21.58418560263472,-0.1324183165805811
669,6,0.5693982725748349,4.858033395442194,-92.25178960642944,-0.4959773634754272
669,7,0.1659666173680497,0.7070412709774543,-11.402167673815084,-0.0942327906926866
670,0,1.676916281802014,7.282310590485356,-214.7537322587073,-1.6146897162308818
670,1,0.150173749159018,0.6673845455387905,-12.373835469928808,-0.0930363569167579
670,2,0.427614715303536,2.250512807699677,-42.08314185274334,-0.3596849731003704
670,3,0.6533462313219589,3.532174193623315,-114.39668390332092,-0.6084929994857495
670,4,0.2686179825548929,1.1414245056846732,-27.752817161428,-0.1813909618393986
670,5,0.1955252104502337,1.093550810020248,-20.77004117399064,-0.130629189773526
670,6,0.5899613523362063,5.217897098875497,-105.3454134913034,-0.526727067456517
670,7,0.1346982590849634,0.7759035667042211,-11.173340646606796,-0.0760091200449441
671,0,0.7623446442085935,4.917408206493309,-92.1718506694246,-0.7036019135070581
671,1,0.1412868216336169,0.6260207021179353,-8.767471422520973,-0.0755816501941463
671,2,0.4353475817897165,2.237655803245608,-48.60964834975613,-0.373920371921201
671,3,0.7035837172080097,5.612144731221266,-118.9832436409412,-0.657365986966526
671,4,0.2218303218741957,0.806684200869156,-22.56102942769669,-0.1392656137512141
671,5,0.1665198726737654,1.863220830078204,-17.881091188976885,-0.1051828893469228
671,6,0.6595122198665296,7.493166459363965,-119.47557461696046,-0.5973778730848023
671,7,0.2021262906262688,0.9409925214323088,-18.058859804689348,-0.1368095439749193
672,0,1.5824273170966987,6.399862980475281,-195.8075513506362,-1.517887994966172
672,1,0.1534410474024485,0.6094205810741147,-12.641776302727552,-0.0957710325964208
672,2,0.466567719790214,2.0310832952841493,-43.31722260268669,-0.3937929327516972
672,3,0.5592945819160968,3.234095604922047,-84.02852237031752,-0.5092637719413183
672,4,0.4441111384517026,2.501886940444219,-64.75340734075851,-0.3679170871634006
672,5,0.2052939208913983,0.8841860254702002,-19.43205030900345,-0.1340141400620927
672,6,0.3595932981984984,3.4312826138879022,-59.05959457096876,-0.2952979728548438
672,7,0.1829496174595315,1.0196231583405564,-17.581616975401186,-0.1229483704573509
673,0,1.2926784028857503,7.608903983429311,-162.52863662010907,-1.2312775501523414
673,1,0.1378974861396399,0.9531711032616887,-12.260484045947225,-0.0851422503190779
673,2,0.4716085115563758,2.7841124336513,-46.24430202525127,-0.4021243654369676
673,3,0.580818445348326,3.1450480997450554,-98.62014378758956,-0.5359790423238564
673,4,0.3700751053777319,2.889815483402749,-45.24788230635452,-0.2863790019389526
673,5,0.2007377788159286,1.3131298930246198,-23.296275839170324,-0.1394986577195827
673,6,0.4201777519351893,3.572985359960928,-71.38695233418997,-0.3569347616709498
673,7,0.1915220660452506,1.5434557593001077,-16.665629444084882,-0.1262547685157945
674,0,0.8741744607038326,4.492628365888653,-107.52618106894964,-0.814592280825376
674,1,0.1500946532140637,0.5686506444340279,-9.376175896997214,-0.0829750079380284
674,2,5.061346037709846,18.948669673172432,-964.4765846402586,-4.997288003317402
674,3,0.7206903502342819,3.9043492562394135,-118.35887615326838,-0.6724936145072067
674,4,0.1861932154553566,1.089817683655236,-17.83808109818873,-0.1061790541558853
674,5,0.1443706632164658,0.4612173930474189,-13.4998643923447,-0.0818173599536042
674,6,0.4425277569784563,3.3775937206780293,-74.91959547729095,-0.3745979773864548
674,7,0.2049308017064527,1.1097093804897904,-17.37400109991248,-0.1368031582670274
675,0,1.2259263343776785,5.5922595452543336,-157.36311407136327,-1.165652696824913
675,1,0.1951016203789337,0.9115858014803778,-15.044908942997523,-0.1296974908879097
675,2,0.3705446929828791,1.8198030054175809,-38.05589459445911,-0.306902375761767
675,3,0.5486505179562198,4.100781327381452,-86.57796446641831,-0.5004506616555972
675,4,0.3454727322363967,2.063075789290536,-51.36126308983117,-0.2746591609081881
675,5,0.2176733119746482,2.2647999528636844,-29.33253540568772,-0.1611677769543281
675,6,0.8469253940312567,4.082024263066874,-153.91267397260137,-0.7773367372353605
675,7,0.1762565926583449,0.7051185362888234,-13.395033059696154,-0.1071602644775692
676,0,1.319279229607199,8.735594904346305,-164.80344734031056,-1.2580415827504623
676,1,0.1515250963692348,0.6302846315005836,-10.565865272801435,-0.0880488772733452
676,2,0.7805266787954769,5.155943133291548,-90.09942455239272,-0.7150747980348628
676,3,0.682628490399348,4.3809718215762965,-113.02909670331417,-0.6349949252995178
676,4,0.4418675848405685,3.001775083995206,-60.39989426562112,-0.3616760135665935
676,5,0.1485440397158468,1.220053293390847,-12.513438929131654,-0.0812560969424133
676,6,0.4049929590570917,2.6407295764266183,-68.20735746472435,-0.3410367873236217
676,7,0.2295353668975842,1.3882866332525694,-19.9249885419307,-0.160685391467183
677,0,1.327741128291692,5.323816467494592,-165.9184739424779,-1.2665532362021217
677,1,0.1775031355840873,1.17941105822251,-13.373103330199273,-0.1133313841542311
677,2,0.69145460986334,3.994651883579458,-82.37270406791055,-0.6287992676939737
677,3,0.8311246381870266,5.363586500171073,-123.7783439063868,-0.778480150354634
677,4,0.2872181075053115,1.2850564607908268,-31.496825939499853,-0.2019027303814093
677,5,0.2265824215802292,2.0185958892329774,-30.002883670634198,-0.1685555262395179
677,6,0.4848562004744607,1.9269277555198367,-78.62530040515198,-0.4138173705534314
677,7,0.2185880801669241,1.5763644989687264,-21.63131629044656,-0.1567486687713518
678,0,4.340084978541216,15.835350211637612,-855.7558969782502,-4.278779484891251
678,1,0.1619804530941997,0.7706672873786303,-12.298288517376385,-0.099986085507125
678,2,0.3603105588814371,1.7427124054797725,-32.67912272542792,-0.2891957763312205
678,3,1.1343369952079787,7.609112784842268,-188.57795694380923,-1.08378136174603
678,4,0.4041146392895064,3.7770537097159447,-53.70931793899011,-0.3235501080662055
678,5,0.1502719611860935,0.6913276365920056,-14.678831650630077,-0.0878971955127549
678,6,0.4653115324468024,3.366402841752744,-79.86287717389156,-0.3993143858694578
678,7,0.2142099984883839,1.27895447208778,-19.493549582223288,-0.1488057220017045
679,0,0.9557524118387896,5.4963259098224935,-114.42845305929713,-0.8939722895257588
679,1,0.2497495745401187,2.0880600758118524,-24.16359974010289,-0.1902645648826999
679,2,0.3440783575143505,1.8170251613297297,-31.92996311271926,-0.2752583026958557
679,3,0.4382448904420474,3.523846343676513,-68.92259416146938,-0.3916056486447123
679,4,0.2318691101007229,1.6240741096466775,-24.21252028936552,-0.1494600017862069
679,5,0.17955285378336,1.0832821138875235,-17.841402387110094,-0.1136395056503827
679,6,0.3672558609310798,2.863839968844245,-61.2316712114481,-0.3061583560572405
679,7,0.1488148557183761,0.7912156258550608,-10.153192912116724,-0.0805808961279105
680,0,1.034417609072336,4.666049462999283,-126.58410435475992,-0.9737238796519996
680,1,0.1870072994818516,0.9793373908850128,-13.187675591814816,-0.1188078882145479
680,2,0.3277448694168758,1.6902420714512805,-32.9193124625153,-0.2633544997001224
680,3,0.5320396646394978,3.0884437461484118,-86.8871155980987,-0.4854028804363056
680,4,0.2753402810676538,1.2931712877773855,-30.8711300898056,-0.1917461496261217
680,5,0.1869162017420566,0.8690992671930845,-17.692272426576828,-0.1179484828438455
680,6,0.6821568207163456,3.591499632534568,-117.93474079556954,-0.611060833137666
680,7,0.2107117505989454,1.015697159021615,-18.89392188939497,-0.1453378606876536
681,0,0.9035674969950604,4.706753003866017,-105.97838888511804,-0.8410983244850638
681,1,0.3200941452205328,1.7642750758540784,-31.77847450513881,-0.2583615813425919
681,2,0.5359206772613221,2.848984965979357,-59.45262095336261,-0.4718461980425603
681,3,0.6490018825543741,3.870829568951853,-109.09965006846532,-0.6027604976158305
681,4,0.2248715790990585,0.8696395561691402,-21.608989691369963,-0.138519164688269
681,5,0.2261099166452623,1.6380150683183905,-23.502234883838018,-0.1566815658922534
681,6,0.5552074727947084,3.2977961768315973,-86.83556002116671,-0.4797544752550647
681,7,0.273877201030853,1.5257394554067,-29.031446148936304,-0.2119083660506299
682,0,1.0664918950440112,4.859775245490734,-127.588706597364,-1.004635485018614
682,1,0.1395505320069055,0.7228945731484052,-9.775988958520088,-0.0788386206332265
682,2,0.5596445991954156,4.554270214911715,-70.29473435459894,-0.5021052453899925
682,3,0.5918579064763538,3.025473463759594,-86.37925437839908,-0.5398703398649942
682,4,0.276335414537167,0.9101775397282938,-28.03723084241643,-0.1869148722827762
682,5,0.2693541215726696,2.8534981202037435,-39.225223528148426,-0.2131805626529805
682,6,0.5334502029777184,4.259382579005369,-85.49384691996003,-0.459644338279355
682,7,0.1920436827951896,0.6015466101122162,-15.667831117371968,-0.1243478660108886
683,0,1.6053472388328736,7.833869520370276,-197.2892729314221,-1.541322444776735
683,1,0.1634686252784243,0.9223411466873046,-11.186722822916613,-0.0972758506340575
683,2,0.5778635987441876,3.2504231495346643,-64.17223899786438,-0.513377911982915
683,3,0.6956211932825348,3.707421511393856,-105.06380490332124,-0.6445632202657745
683,4,0.3170979256667663,1.7844130498020836,-34.46103321376593,-0.2282187630050723
683,5,0.2485448270254313,1.5346718268048722,-26.88524075266188,-0.1792349383510792
683,6,0.7213295732594521,7.245338708508312,-123.9491758979903,-0.648948564910944
683,7,0.1542485981631059,0.5418856648656618,-12.404522111908223,-0.0905439570212279
684,0,1.4694926037247416,7.073284001354998,-187.3037395283308,-1.4082987934460962
684,1,0.1969300165078121,0.9980240848235714,-16.30218077456638,-0.1347287667319535
684,2,0.5808324877719928,1.7716124786501517,-61.65891438890423,-0.5138242865742019
684,3,0.9240519886981384,4.450023706568505,-162.36888250167513,-0.8776696351441899
684,4,0.2607060050433458,0.8720490423562844,-27.29021664340772,-0.1749372861756905
684,5,0.184620325778343,0.7995040466542609,-19.764236106589763,-0.120513634796279
684,6,0.4859403654267556,2.9882396533598925,-82.17038697365595,-0.4171085633180505
684,7,0.1961472920883504,0.9512222254853492,-16.95339011893921,-0.1304106932226093
685,0,2.0637818605769738,8.212704385472453,-276.13827164891273,-2.001001968470382
685,1,0.2037039548828115,1.024059420702876,-18.08037835459221,-0.1434950663062874
685,2,0.5776557762698833,3.789185424476122,-61.09764509254641,-0.5091470424378868
685,3,1.151246465520246,6.974961583646785,-188.12567926267195,-1.1001501711267363
685,4,0.3332861775074107,1.2421517022421211,-34.33955985207097,-0.2401367821823144
685,5,0.2471659813600982,1.4041998555377906,-28.483715889307696,-0.1814249419701127
685,6,0.7912111585286165,7.216417841524765,-126.23064482271928,-0.7131674848741202
685,7,0.1122729653126961,0.6165436266199695,-6.255372279393301,-0.0470328742811526
686,0,1.0600874971887002,5.323051317585046,-126.69050957374384,-0.997563067509794
686,1,0.286381382033798,1.4019683060213817,-26.905164444643493,-0.2242097037053624
686,2,0.7059433959422741,4.7938709999606886,-79.4237401638412,-0.6405140335793645
686,3,0.6379915335384809,4.064212234972207,-100.73277931539424,-0.5890805807917792
686,4,0.2848827970730292,1.1491588291889323,-29.316895455543037,-0.1954459697036202
686,5,0.1720218330375744,1.045173398676992,-17.595416472749683,-0.1079473403236176
686,6,0.5683493554698774,3.4820107469245585,-89.2560960360259,-0.4931276024089828
686,7,0.2195742489640542,1.2950167741794083,-18.88346738368959,-0.1510677390695167
687,0,0.951187672175554,5.169308026643469,-119.53568440212244,-0.8920573462844957
687,1,0.2604166621485451,1.227389851187466,-23.53554467853484,-0.1977776863742423
687,2,0.6311765362282694,2.9570033920654595,-61.26950983233596,-0.5569955439303269
687,3,1.0521696681134405,8.108799641674688,-168.7106821749789,-1.004230251041541
687,4,0.2463937715268937,0.8730024376705309,-24.00400989389205,-0.157921117722974
687,5,0.1710238547095693,0.5522636309521759,-13.20329582213314,-0.0956760566821242
687,6,0.4579825874115137,2.6225666226510755,-78.11137197198238,-0.3905568598599119
687,7,0.1963518382049958,1.2587320660361898,-23.587674383986545,-0.1438272828291862
688,0,1.335164110998317,5.141649266886196,-158.83500250883404,-1.2706800200706725
688,1,0.3124536199144188,3.037549144806989,-28.800972140208646,-0.2482842425880055
688,2,0.8126254464857223,4.171564811122074,-83.50368059400942,-0.7389706247257471
688,3,0.7228479045855749,4.867526977187935,-115.9450185376534,-0.6740989449863569
688,4,0.2429644777647538,0.8780394450952367,-23.24142408249128,-0.1539167157780879
688,5,0.2011803640063515,0.8624116425387147,-16.14915028341973,-0.1223420476016646
688,6,0.4424762723733534,2.724974638364841,-73.22934356395261,-0.3736190998160847
688,7,0.2407620354714682,2.046209837980195,-23.317310290174863,-0.1753181224825178
689,0,0.9382664752557344,4.724814077757077,-110.35198600664398,-0.8758094127511428
689,1,0.2722469435092941,1.600996181386802,-26.494738066390475,-0.2119579045311238
689,2,0.6118497126077933,3.312968540538047,-61.01562250330907,-0.5399612610912307
689,3,1.2595439515287254,6.547821788709067,-212.89816885361464,-1.209648686668265
689,4,0.2660659146767916,1.7213504836410976,-28.31543697666962,-0.1803531017622268
689,5,0.2455212306083421,1.71835332131696,-27.993664070483696,-0.1794465645543826
689,6,0.5808577649321442,3.733542508641307,-97.18375536503189,-0.5088154731153501
689,7,0.1658885818419412,0.7666584081786686,-11.460873936065862,-0.0947179664137674
690,0,1.185417198019627,5.198395027000772,-139.02798287231667,-1.1211934102606185
690,1,0.2112743164354208,1.8383334002603724,-22.998858953505263,-0.1586128203690018
690,2,0.4721563300134119,1.7004266019008163,-52.401978862903725,-0.4093904598664353
690,3,0.5973686567487175,3.879895447148976,-101.53787614027742,-0.5518362833710729
690,4,0.3216524250875627,1.5640515717189016,-40.424997492768114,-0.2420658532501084
690,5,0.2519488106097542,1.9722980675989965,-34.53616860438426,-0.1940234191257542
690,6,0.3884489709026613,2.9593289595648398,-64.3008603256542,-0.321504301628271
690,7,0.1246551312991996,0.5671020599069255,-8.898142064082673,-0.063107390525409
691,0,0.8599051936541755,4.129050593742138,-102.17385594592145,-0.7982332495775113
691,1,0.2419410856101622,0.9813035580367632,-19.028701998136228,-0.1729881999830566
691,2,0.343685872289922,1.4754910698521433,-32.25663192336562,-0.2756977087467147
691,3,0.5641687245181558,2.964844408106637,-92.13380853081745,-0.5176056659034688
691,4,0.2158923351688403,0.861237271544414,-22.56110566883825,-0.1350964411307679
691,5,0.3321987655987825,1.949269559085812,-41.56135997289834,-0.2664189741852457
691,6,0.9045042688436228,5.109239741225818,-161.5981317074629,-0.8329800603477469
691,7,0.138602850105141,0.6077695350062724,-10.031567838037953,-0.0743079099113922
692,0,0.7578716311358304,4.892443918713488,-89.30746654003882,-0.6977145823440533
692,1,0.1747302385852767,0.7228500515178962,-12.653085634680869,-0.109078324436904
692,2,0.3430432834618087,1.2396219180838184,-32.54620950351603,-0.2758153347755596
692,3,0.586712964226349,2.9923454730821035,-92.07867531650685,-0.5384717854766482
692,4,0.3403586203587552,1.6791242111611215,-40.64597371409653,-0.2556350548056385
692,5,0.1875922964718819,1.2449482033910249,-17.76240960040972,-0.1184160640027314
692,6,0.580686317534461,2.8462332530991428,-99.58057914489449,-0.5106696366404845
692,7,0.1335416794034393,0.4895847067394661,-8.865210029894564,-0.0676733590068287
693,0,1.2045200148488933,5.651943672002251,-142.49669419676016,-1.1399735535740814
693,1,0.1196725672943989,0.5523705684642556,-7.572998196151267,-0.0596299070563091
693,2,0.4175489320495295,2.710409481987518,-40.7249982685166,-0.3480769082779196
693,3,0.9208578804229104,4.8254592246397925,-149.9524843320781,-0.871816769372547
693,4,0.3288208554574536,1.649223417610386,-36.67027643138518,-0.2412518186275341
693,5,0.1824565064372957,1.0639241741432737,-16.944430954934987,-0.1129628730328999
693,6,0.3913136506682431,3.812851283641796,-60.99561372842316,-0.3193487629760375
693,7,0.1837247560421823,0.7483952772912478,-14.975670398467091,-0.1169974249880241
694,0,1.945942789772126,8.408252119742405,-246.44317620523165,-1.8812456198872645
694,1,0.1371391657529727,0.433308143793033,-9.14114090304949,-0.0749273844512253
694,2,0.388641415792361,1.57155063932655,-42.13891554409668,-0.3266582600317572
694,3,1.0398035266531338,4.934150249493453,-170.09828508087557,-0.9889435179120672
694,4,0.2458751196465297,2.0698478621314966,-26.115624533849587,-0.1622088480363328
694,5,0.2135350797750294,1.0996156460837707,-20.53837592253268,-0.1416439718795357
694,6,0.5279040306798547,2.800201455464643,-92.38299691530048,-0.4619149845765023
694,7,0.2346897891748154,1.335597465382019,-20.92181566598049,-0.1660461560792102
695,0,2.820021570116281,13.052241876268887,-379.8865034650163,-2.752800749746495
695,1,0.1631819456350072,0.8676278514429355,-11.500884655505144,-0.0982981594487619
695,2,0.4586431201185618,2.525148597974553,-44.633920914804285,-0.3881210514330807
695,3,1.4420189628307498,7.728782346026842,-262.1295529871122,-1.3943061329101714
695,4,0.208362562327756,0.9802198086116728,-19.706415612876512,-0.1239397208357013
695,5,0.2071532668011936,0.758286308361266,-17.42877731051745,-0.1300655023172944
695,6,0.4304912144894865,2.6954070959651286,-73.48757576313682,-0.367437878815684
695,7,0.177389982145778,0.7876656391840323,-13.234001628306718,-0.1075935091732253
696,0,1.6798849313091386,7.371665746486434,-205.03312575932185,-1.6144340610970225
696,1,0.1859970323026544,0.6241358136213039,-13.04426788432043,-0.1175159268857696
696,2,0.5666218294628818,3.479094173326814,-58.86438069657109,-0.4988506838692465
696,3,0.8721685631608822,5.524738068764741,-135.370330752827,-0.8204262469868302
696,4,0.2505654493292906,1.682804609161734,-28.952595163480417,-0.1713171311448545
696,5,0.2477245112113124,0.9883088304599378,-26.58529529826988,-0.1784248006595293
696,6,0.3788941456756029,1.7714858984111743,-63.929191531349225,-0.3196459576567461
696,7,0.3424522829452726,2.535741779913064,-35.22749182215409,-0.2752147798605788
697,0,1.9020779085620376,7.073544561878387,-236.89037001691827,-1.8363594574954905
697,1,0.1590365507373823,0.8875361796346447,-13.049027592698526,-0.1003771353284501
697,2,0.4632385646797294,2.7399475441821632,-46.26345557464402,-0.3954141502106326
697,3,1.8519321496851653,9.783777890812962,-233.80730014333307,-1.7985176934102542
697,4,0.3091953689969052,2.222518470430413,-35.09636262499844,-0.2235437109872512
697,5,0.2330907913722562,1.9213358456506893,-23.7702287719372,-0.1628097861091589
697,6,0.5634558199769635,2.71240501956252,-99.11805733511385,-0.4955902866755692
697,7,0.1670155378411202,0.858029435351593,-12.558713125549778,-0.0988875049255888
698,0,13.630520301452158,40.784689648549616,-2711.4847436325845,-13.557423718162925
698,1,0.1070190916572937,0.4931894307071867,-6.703669926599483,-0.0500273875119364
698,2,0.4803194476265734,2.0719817263250486,-49.66732763409119,-0.4138943969507599
698,3,1.044428434580148,8.147958368638871,-166.89738217218104,-0.9934367986439347
698,4,0.3283710899962834,1.281669334642429,-36.81696704165575,-0.2406337715140898
698,5,0.2967875458888657,2.151214591071151,-31.864770138698503,-0.2243997897091444
698,6,0.5367419097042834,3.518874855300169,-94.16630577573316,-0.4708315288786657
698,7,0.1585058751757005,0.6570053570405997,-11.37024727772878,-0.0902400577597522
699,0,1.4347874960679647,9.17346264302528,-173.93418057960807,-1.369560477004788
699,1,0.1999331031069292,0.9704768474141824,-18.229502725401904,-0.1413139746155186
699,2,0.3673117487325568,1.9053142058903976,-35.85347290965667,-0.3012896883164426
699,3,0.9593030680541292,7.658557693582689,-150.64070167310652,-0.9074741064644972
699,4,0.2729662966756538,0.9983133934421384,-28.95269766525948,-0.1867915978403837
699,5,0.2191870542846134,0.8486369862181565,-20.05648274810289,-0.1442912427921071
699,6,0.4613624522047373,1.8711743493816628,-73.3078126060474,-0.3899351734364223
699,7,0.1825801958618216,0.8053415402543777,-17.434098060541945,-0.1219167696541394
700,0,0.7930220141943647,3.888190953217438,-93.78528218840891,-0.7326975170969448
700,1,0.1256303221976812,0.4415265388692967,-7.967634669270965,-0.0642551183005723
700,2,0.5302785335094431,3.8351494752438247,-54.35527774173673,-0.4606379469638705
700,3,0.6539636866987039,2.9585238350656,-111.88629244915867,-0.6080776763541232
700,4,0.3922923018199504,1.3960599661540876,-43.50899576387584,-0.3000620397508678
700,5,0.1965022373317212,0.9539469125567182,-18.509007703308136,-0.125911617029307
700,6,0.4239578285369705,2.3961821091152284,-72.33605784879032,-0.3616802892439515
700,7,0.1367531096770677,0.5651568342719191,-10.125655693942557,-0.073909895576223
701,0,1.3764901727801595,5.949101920682456,-166.71073132998015,-1.3126829238581117
701,1,0.1767302575721221,1.3205234463533873,-15.511411853539226,-0.1184077240728185
701,2,0.5104019805021619,2.442800883033829,-53.11333523869691,-0.4426111269891409
701,3,0.7240959967698198,4.537160003969648,-111.84045596160016,-0.6737376865156637
701,4,0.2656441118187129,1.0365306964111125,-28.949012006743114,-0.1820692579040447
701,5,0.2036468462339997,0.9236743390674286,-19.49814053043774,-0.1326404117716853
701,6,0.5987289260304635,3.5435648117317378,-106.35045298437797,-0.5317522649218899
701,7,0.1656049280166512,0.7562864924878503,-11.437396656938864,-0.0945239393135443
702,0,0.868853687882529,4.047333233717554,-100.8932236186822,-0.8071457889494575
702,1,0.1621803983891388,0.6228180396833246,-11.159768826945598,-0.0962049036805655
702,2,0.6498846609823159,2.923775564626702,-70.48700540868539,-0.582537234782524
702,3,0.9100966819921396,4.385597525745879,-147.06254663956753,-0.8600148926290498
702,4,0.2658720264170167,1.2393875999268191,-28.816187668853804,-0.1812338847097723
702,5,0.2174127376465429,1.1621349298068824,-20.12488143862932,-0.1437491531330665
702,6,0.5913992399773322,4.306488291908101,-104.86880654490842,-0.5243440327245421
702,7,0.1879214491670575,1.0845572246753488,-14.295991869391838,-0.1171802612245232
703,0,1.7027029302559618,8.04334027804345,-202.83275311939192,-1.6357480090273542
703,1,0.1438881395418908,0.8623569826521623,-12.383805975539817,-0.0890921293204303
703,2,0.6035202429005976,3.2195397632058804,-66.67782748252387,-0.537724415181644
703,3,0.6255354780210689,3.9018826335650574,-89.89489856870615,-0.5725789717751985
703,4,0.3829543441029378,2.5663577487413947,-51.69404777060822,-0.3040826339447542
703,5,0.3725080814481408,1.7934490220002548,-41.13044236746208,-0.298046683822189
703,6,0.5116751319032413,2.662346203190369,-76.86784296257137,-0.4342815986585953
703,7,0.153444283273563,0.8319848616023279,-15.242941031854826,-0.0977111604606078
704,0,1.640855449688673,8.575486253886817,-195.1682648178812,-1.573937619499042
704,1,0.3391072491756682,2.5648859107823463,-34.235776921127474,-0.278339649765264
704,2,0.482856117140953,2.614752241554786,-46.96415590768604,-0.4119662798919827
704,3,0.6804171699309315,4.085730928274519,-99.93678335983994,-0.6285332286782386
704,4,0.2375775058760446,1.6621601280307192,-22.01331028498679,-0.1477403374831328
704,5,0.22562913656391,1.3722664931528858,-25.47344344784432,-0.1602103361499642
704,6,0.4857826581379648,2.694745472299941,-75.30593303748427,-0.4115078308059249
704,7,0.1676312312018731,1.0620435151345244,-16.293953299644723,-0.1093553912727833
705,0,1.3149787533058253,7.102913937911928,-161.59442909878126,-1.2526699930138083
705,1,6.940456969335522,22.042686752667024,-1376.0739356273218,-6.880369678136609
705,2,0.4412795692913962,2.4379897623651243,-43.53800947573746,-0.3721197391088672
705,3,0.7660567079156511,4.500174135893658,-116.5645921669309,-0.7151201973431344
705,4,0.3909672728064888,2.59516056021826,-46.05445164821114,-0.3029898134750733
705,5,0.4193475217719375,3.7345227604726654,-55.58069559518501,-0.3540171693960829
705,6,0.5552509487585829,4.125803914402098,-91.26054682591686,-0.4828600361159622
705,7,0.1540611885352332,0.5387703613554791,-14.586488842192026,-0.0965992638555763
706,0,1.228913229222242,7.04122888653356,-154.0686998213253,-1.167187119858525
706,1,0.2380619997142499,1.7511954335152256,-22.32686085135803,-0.1771973083441113
706,2,0.9847646559930616,4.748859806975973,-125.6462707073734,-0.923869637554216
706,3,0.6552420989908914,4.066015525524636,-98.44215780536614,-0.6039396184378291
706,4,0.2772443125017331,1.517177399061586,-30.66041449498504,-0.1928327955659436
706,5,0.2832327381695427,1.736576441830655,-29.895804573559538,-0.2105338350250671
706,6,0.4896262990784439,4.244463302022557,-79.27746138536388,-0.417249796765073
706,7,0.2268756472891998,1.483907700759998,-22.22580573112648,-0.1634250421406358
707,0,1.2694461558031875,6.117701864375556,-150.66020068459855,-1.2052816054767883
707,1,0.2107720599419469,1.817460628734285,-16.87271351336104,-0.1454544268393193
707,2,0.6578355941280142,4.429334837647547,-64.31402925131592,-0.5846729931937811
707,3,0.7940672113997835,4.598085492904255,-128.0761024960577,-0.7446285028840564
707,4,0.1947323677081803,0.6629470766393079,-18.74448645806812,-0.1136029482307158
707,5,0.3330080276826048,2.779827658170537,-41.77058810344424,-0.2677601801502836
707,6,0.5096667511890389,5.206226270387876,-88.43776753427416,-0.4421888376713708
707,7,0.212703626281681,1.1929859257997462,-21.18535755265817,-0.1513239825189869
708,0,1.1987934131915707,6.260989937301007,-148.94415200649252,-1.136978259591546
708,1,7.309989822185602,24.365931570906625,-1450.0876971241232,-7.250438485620616
708,2,0.2705337260439512,1.562833541952795,-25.32613083651652,-0.2059035027359066
708,3,0.6967311821185218,5.071423363076123,-110.75077683025351,-0.64766536158043
708,4,0.3356651144954807,1.88228325995278,-37.10055491057629,-0.2473370327371752
708,5,0.2361771647941915,1.258532185196664,-24.874905040660703,-0.1669456714138302
708,6,0.4365074024082757,3.697552750611275,-71.87680298830782,-0.3667183825934072
708,7,0.1156412131430926,0.4733988922956287,-6.798927340617811,-0.0511197544407354
709,0,1.6822429468505526,8.364760030701273,-212.01718700077416,-1.618451809166215
709,1,0.2753386902042554,1.1748951440779452,-22.71879164787845,-0.2065344695261677
709,2,0.6627199461261458,2.606364557938488,-68.8962183048759,-0.5939329164213439
709,3,0.9431207096800986,5.040228219334464,-147.08856859585842,-0.8914458702779298
709,4,0.2817709549513087,1.252300622662181,-31.96180535973755,-0.1985205301847052
709,5,0.3785722205480419,2.944296083712413,-45.28702411038749,-0.3080749939482142
709,6,0.405758240437446,1.7585590849753143,-68.1252269574187,-0.3406261347870935
709,7,0.1432624243373963,0.6701188447359201,-10.770447303763255,-0.079781091138987
710,0,1.2624671032082306,7.643732208274125,-158.60702718577423,-1.2015683877710168
710,1,0.1511096654248504,0.6405972138104046,-10.850379784227243,-0.0889375392149774
710,2,0.499518207649445,2.2816867635818814,-54.415861133076106,-0.4353268890646088
710,3,0.4723283104224829,3.255656192141532,-73.02817702178106,-0.4245824245452387
710,4,0.7278538701793699,6.908884001517703,-103.6614885640054,-0.6438601774161826
710,5,0.3371188828973504,2.985891052235764,-38.75004268440569,-0.2654112512630527
710,6,0.4530654522446624,3.1331494718154764,-74.25602610728477,-0.3827630211715709
710,7,0.1379485532622444,0.6599508813825602,-9.442551728712203,-0.0720805475474214
711,0,0.9449349599067826,5.773216122335924,-118.770668946807,-0.8863482757224402
711,1,0.3094231431579747,1.9365016267950868,-31.83068485525543,-0.2506353138209089
711,2,0.5714941927034353,2.594302526458194,-57.567675367359946,-0.5005884814553039
711,3,0.6590143575168118,2.832618272772627,-112.84309474534808,-0.6132776888334134
711,4,0.3209096747601603,1.838831343581496,-37.28110331465216,-0.2359563500927351
711,5,0.3259812599872528,1.869147523911017,-36.47525848702712,-0.2550717376715183
711,6,0.5051959683398436,3.5268496023156635,-86.78241246449738,-0.436092524947223
711,7,0.3127717980841115,2.2507546382867347,-35.88651314009703,-0.25272192352181
712,0,1.1528472118721682,5.569811801390361,-140.7270869129474,-1.0909076504879645
712,1,0.2502786991620619,1.7570537838143858,-21.226458040241145,-0.1845778960020969
712,2,0.4395128376784113,2.4296775403621904,-45.50119820803462,-0.3729606410494641
712,3,0.6288134557475902,4.676369865970917,-97.29260490011296,-0.5791226482149581
712,4,0.3683457793873863,2.2021628844951904,-46.68086481257248,-0.2863856736967636
712,5,0.2754209359670032,1.6624698924919952,-33.83176104463929,-0.2114485065289955
712,6,0.709460941564709,5.6047276882553145,-128.91623408555637,-0.6445811704277818
712,7,0.3089069317015822,2.358027557644604,-31.48123289285108,-0.2440405650608611
713,0,1.4615964539151902,8.591886313065805,-194.978276389572,-1.4027214128746184
713,1,0.1935725134690374,0.88692525932187,-16.51294350267859,-0.1331688992151499
713,2,0.6233471020592579,3.465940374161281,-69.71954706165933,-0.5577563764932746
713,3,0.7230441322959498,4.297709020370866,-108.70415095224764,-0.6710132774830101
713,4,0.2810962162384374,1.575135572250634,-29.355487582079803,-0.1931282077768408
713,5,0.1867445767099063,1.4172515443181832,-21.721206199960086,-0.1262860825579075
713,6,0.4771020803314659,1.971499235900116,-74.65651274558313,-0.4035487175436926
713,7,0.3977936229453432,2.617624351377477,-47.58941679660186,-0.3375135943021408
714,0,0.7894748630110923,3.665506941655927,-101.17617674112992,-0.7331607010226806
714,1,0.3430423646403579,2.519127411345137,-34.72094413052353,-0.2822840986221425
714,2,0.42969058503464,2.452639029547577,-43.084324723098334,-0.3620531489335994
714,3,0.9539966426246956,4.605466276466777,-145.0490973854675,-0.9009260707171892
714,4,0.2741784284695618,1.5106473749016904,-28.61603290776196,-0.1870328948219736
714,5,0.2339403133486139,1.0611605734808134,-30.937171945654537,-0.1747862821788391
714,6,0.4501625985471699,2.4670429527776205,-69.70295439953279,-0.376772726483961
714,7,0.1868443983937825,0.6309785334023837,-20.53131428193099,-0.1316109889867371
715,0,1.323978150906706,7.573954247720674,-182.37097978349172,-1.2664651373853593
715,1,0.2271911773852498,1.2236836510358258,-19.093338067704885,-0.1631909236555973
715,2,0.4188708137176166,2.150347829085157,-44.77719463433487,-0.3553745605899592
715,3,0.923995926017594,5.838511595985811,-144.71555729094152,-0.8717804656080814
715,4,0.3461355229939142,3.5156674629891222,-42.68862617833604,-0.2635100381378767
715,5,0.1711932671620564,0.6540595302716176,-17.365160989721385,-0.1071923517884036
715,6,0.5737927908136713,5.514346566368885,-92.36750306630384,-0.4992838003583992
715,7,0.1666686774574664,0.6246665531874037,-14.3425561813541,-0.1039315665315514
716,0,1.5585887460749868,8.489706419855954,-206.79921067062403,-1.4985450048595943
716,1,0.1089997356865779,0.4195928492045737,-4.743326659061944,-0.0419763421155924
716,2,0.5908515356431724,4.439896039374419,-64.6048728273552,-0.5252428685150828
716,3,1.1258989850234873,6.794785773909995,-173.83368530313317,-1.0730474401427974
716,4,0.2531118738834781,1.1211288807120234,-24.05133995746457,-0.1625090537666525
716,5,0.2601224654794091,1.8071299917152173,-29.479468596054467,-0.1926762653336893
716,6,0.8133530896767638,7.778658639777976,-141.59384772533792,-0.7413290456823975
716,7,0.2086625219457976,1.4186081245095672,-16.893001027749346,-0.138467221538929
717,0,1.4398917567394305,6.520698141887813,-184.6706078217868,-1.3781388643416923
717,1,0.1994247051299135,0.7967726267585978,-14.238568186984187,-0.1306290659356347
717,2,0.5153793073815681,2.76427809202891,-63.57069187875423,-0.4573431070413973
717,3,0.7768732184224835,4.403544322083904,-122.78978490634194,-0.7265667745937393
717,4,0.3331474973443794,1.862803721973444,-37.28049435899851,-0.2452664102565691
717,5,0.3454412591645804,2.99261083980651,-44.87674819861584,-0.2804796762413489
717,6,0.610667953476245,4.23229333551433,-108.53825363653496,-0.5426912681826748
717,7,0.1747977253347268,0.6849886881382029,-13.438353687862929,-0.1066536006973248
718,0,1.313589815190795,6.013586028644959,-161.37466573065015,-1.250966401012792
718,1,0.3173849513475673,1.634957634801466,-28.409613087606942,-0.2514125052000615
718,2,0.5916611376886731,3.526176739251065,-62.32397377400747,-0.523730872050483
718,3,0.6569762441108026,4.001290260783358,-94.16269191601953,-0.6036069994616636
718,4,0.3261225105701303,1.361022677579949,-36.94040517029477,-0.2398727608460699
718,5,0.2890472785343768,1.7555698053084314,-33.42023158897192,-0.221326037013059
718,6,0.561467058940991,3.8999260488534704,-96.38726268122952,-0.49177174837362
718,7,0.2024746346850565,1.362341949046325,-17.481668255050845,-0.1355168081786887
719,0,1.7191730114378785,7.493083760126333,-203.03575617637125,-1.6506972046859452
719,1,0.2044327316806503,1.048650954550353,-14.747719916652516,-0.1353001827215827
719,2,0.4003399937345253,1.5112537536998112,-38.037151004775176,-0.3307578348241319
719,3,1.035284939968868,5.850739697069859,-154.99910006008167,-0.9810069624055802
719,4,0.2213258325984105,0.8265608768364551,-21.13178395050424,-0.1354601535288733
719,5,0.2409497465377872,1.1681437103921333,-21.67251343758068,-0.16295122885399
719,6,0.4080053143426448,2.71336939782749,-68.17433488202667,-0.3408716744101333
719,7,0.1868175871216018,1.0366540361151733,-15.82687972754232,-0.1208158757827658
720,0,0.8639738630181056,5.150587403532429,-106.26147720557113,-0.8050111909512964
720,1,0.1697793023740312,1.009696821276301,-14.12921724567896,-0.1103845097318668
720,2,0.5043105797049798,3.299581499923508,-55.92626458359186,-0.4403642880597784
720,3,1.0120422172996577,5.874998652311316,-170.5320580250164,-0.9634579549435954
720,4,0.3506709626591115,1.62667124267631,-41.31364196279385,-0.2648310382230375
720,5,0.1571212194809359,0.6516446969954508,-15.179352020535866,-0.0931248590216924
720,6,0.4665761633074974,3.018848767050505,-75.49738124305182,-0.395274247345821
720,7,0.1929265320483638,0.8117237311421766,-16.322660959707324,-0.1265322555016071
721,0,1.5861304799901668,9.07212008428179,-205.8392083185216,-1.5247348764334934
721,1,0.2180933480040636,0.8775679347059285,-17.405240914533717,-0.1526775518818747
721,2,0.7080211958588667,3.361768372833122,-70.42860221051437,-0.6344919118064357
721,3,0.7989555425958693,4.379567276963578,-133.74738713560686,-0.7513898153685779
721,4,0.2174481943741375,0.9481070784677882,-22.011579994500263,-0.1350403680644188
721,5,0.1931995654217555,1.0600910200654692,-24.62920307165839,-0.1360729451472839
721,6,0.6399468576903066,3.470169639274903,-100.1668936280748,-0.5627353574610943
721,7,0.1928333858499409,1.262160739948165,-18.900089559771416,-0.1321684584599399
722,0,1.1528767980537993,5.12892697787409,-136.16145244506987,-1.0892916195605589
722,1,0.2038922646288821,0.918533699287844,-14.396818167551665,-0.1333038719217746
722,2,0.4524849581264843,2.6737464191367826,-52.2579376230574,-0.3929168242335143
722,3,0.4341991217656064,2.635407588687267,-71.71372597301465,-0.3897485107229056
722,4,0.3669978851598627,1.9349022828974975,-40.47462850362952,-0.275337608868228
722,5,0.2490017378598954,1.7957003179157194,-27.50711229466824,-0.18096784404387
722,6,1.1710683204418055,9.357164231428897,-220.08394764311512,-1.1004197382155756
722,7,0.1735699565366204,1.174079134008358,-15.597311256035969,-0.1114093661145426
723,0,1.471716039897032,6.74542876727367,-181.6672317122668,-1.40827311404858
723,1,0.1432015682385147,0.4953832393228259,-8.65810462584436,-0.0759482861916171
723,2,0.3692556678217033,1.8487330837737177,-39.73283132929159,-0.3080064444131131
723,3,0.7238903383863187,3.8278996406436914,-118.32780960421704,-0.6761589120240974
723,4,0.2493688716449602,1.3279293759699555,-25.72611828797305,-0.1638606260380449
723,5,0.3141363166261403,2.24315153927339,-34.40477183817495,-0.2422871256209503
723,6,0.6161998137611518,3.809506301962677,-107.06962842401406,-0.546273614408235
723,7,0.197618233090807,0.9006471328395488,-17.109125514587863,-0.131608657804522
724,0,2.8340243413146906,15.184396522942407,-401.92049299841824,-2.7718654689546085
724,1,0.2817219724249591,1.6546025873644068,-24.604371529215324,-0.2158278204317133
724,2,0.3437368731223493,2.567843538823635,-40.5971988411709,-0.287923396036673
724,3,0.6628331974630762,4.904765121690202,-97.78750637874764,-0.6111719148671728
724,4,0.3100195852851197,1.17642851620222,-34.028646595017065,-0.2224094548693926
724,5,0.3211485906954232,2.767796139753035,-46.15838172344782,-0.2622635325195899
724,6,0.5202790724805519,3.2087172507673154,-81.52025705585233,-0.4454658855511056
724,7,0.1338363388210044,0.4618010736092943,-8.990334708778644,-0.068108596278626
725,0,1.4351084905136413,5.652094964176769,-185.444738421366,-1.3736647290471555
725,1,0.1747832494586335,0.5670866918109468,-11.35871541203417,-0.1051732908521682
725,2,0.4961212387338546,2.4462168938166347,-53.48148573120725,-0.4313023042839294
725,3,0.9916514714413356,4.673100952936623,-153.22375330756978,-0.9400230264268084
725,4,0.3249708750336408,1.271564221816077,-35.7527168697659,-0.2367729594024231
725,5,0.3515107259682261,2.2653406842007766,-46.28839895782097,-0.2875055835889501
725,6,0.73906121317281,4.375571832919442,-124.41861393136254,-0.6653401814511366
725,7,0.1633114280782666,0.6727097664154722,-12.296679203829775,-0.0960678062799201
726,0,1.2812999391895852,6.442712278741897,-156.04842534595008,-1.219128323015235
726,1,0.2349852143429459,1.26058921119232,-21.196544114920805,-0.1737421648764
726,2,0.6649926212384337,2.9134598259884514,-65.74606780747564,-0.5923069171844653
726,3,1.5446876654580934,8.69747628650217,-267.2651202915898,-1.4931012306792728
726,4,0.2750885769018073,1.0793342574759852,-29.01003887465225,-0.1883768758094301
726,5,0.1639186004717708,0.7019061700329475,-18.28199239014191,-0.104468527943668
726,6,0.8040696318816785,5.829590483810675,-138.06640427575422,-0.7305100755330911
726,7,0.1909375277102685,0.7829805905645605,-14.833328195614564,-0.1205961641919883
727,0,3.2444684077824726,18.46988290868802,-480.7042751187038,-3.1834720206536677
727,1,0.2430790891708889,1.2558644913463612,-19.73280861521045,-0.1761857912072361
727,2,0.5326005499607194,3.763104165071536,-51.59101825347807,-0.4606340915489113
727,3,0.6713284013265399,3.5275227373918985,-109.80169295232275,-0.6238732554109248
727,4,0.2512654344618774,0.9716516172914484,-24.19025873818417,-0.1623507297864709
727,5,0.2395058542104339,1.8644025712209968,-28.88770390815493,-0.1761445360253349
727,6,0.4649389118639173,2.952139757740138,-78.41829243656956,-0.3960519820028765
727,7,0.1652150530967484,0.7667242185121744,-14.043149375556755,-0.1025047399675675
728,0,1.2009579244649558,6.186713519262313,-157.6240313871719,-1.142203125993999
728,1,0.2650899569603004,2.1964753260204057,-22.46442074491715,-0.1988001835833376
728,2,5.486245489959173,24.620142516801724,-1084.9238656486418,-5.424619328243209
728,3,0.6669915708462889,4.57320022240472,-100.98634534708386,-0.6157703984578284
728,4,0.3939999817364384,2.6726598984880776,-46.31551175606885,-0.3067252434176745
728,5,0.2068069411093606,0.7472688069627409,-17.097013359915227,-0.1285489726309415
728,6,0.607764439798918,3.837776969202756,-102.3079882222336,-0.5356439173938932
728,7,0.1721040887703919,0.698610985935206,-15.478530689344936,-0.1105609334953209
729,0,2.0115100507841555,13.495273693572386,-273.0872943719499,-1.9506235312282136
729,1,0.1620245101254885,0.7546384847735745,-10.772111631356289,-0.0953284215164273
729,2,0.4183442762824755,2.3890336573320994,-44.29668357277202,-0.3543734685821761
729,3,1.018324830129688,5.725682273981076,-170.598240559247,-0.9693081849957216
729,4,0.2814276953918184,1.7112972633132677,-28.099516247220127,-0.1911531717497968
729,5,0.3200376117083838,2.070768985460736,-42.77614341058887,-0.2576876109071618
729,6,0.5069880143329415,3.5512167404230133,-82.15192860179135,-0.4346662888983669
729,7,0.1526426651940338,0.6573800788863424,-10.924864976666536,-0.0853505076302073
730,0,0.7461533617422784,3.890540250059468,-91.5915932989476,-0.6886585962326887
730,1,0.111428182506134,0.51498053500962,-7.996433262314297,-0.0571173804451021
730,2,0.3296496639096614,1.395676796879776,-33.47130907344623,-0.2656453101067161
730,3,0.6193030591811545,3.0536609353227937,-108.05361239032602,-0.5747532573953512
730,4,0.3154940736587613,1.6293437253035987,-35.88602224541053,-0.230038604137247
730,5,0.143387585985262,0.9825657221323142,-12.103289636435791,-0.0770910167925846
730,6,0.5096961449587952,4.021200060326992,-90.85943492154612,-0.4542971746077305
730,7,0.1417742097585375,0.7456007401317986,-11.223286544173638,-0.0801663324583831
731,0,7.640393008420332,32.70889309998117,-787.4248621262492,-7.571392905060088
731,1,0.1935870511926122,1.1457293640624815,-14.874777547806998,-0.1282308409293706
731,2,0.8067615100357013,3.814214803205311,-87.76374662038019,-0.7375104758015142
731,3,0.5007764614631962,3.2931888719092126,-77.90674017248674,-0.4529461637935275
731,4,0.1768394608055858,0.6972540864380845,-16.381665963776058,-0.0975099164510479
731,5,0.2419157932761152,1.5313087135004877,-32.516673460702684,-0.1837100195519925
731,6,0.3926977480216159,2.1373376903426164,-61.73306028623853,-0.3215263556574924
731,7,0.2020676456909527,1.1656486740144891,-19.96628180503835,-0.1416048354967259
732,0,1.5738226090066976,6.723852091656,-194.8299774040336,-1.5103099023568496
732,1,0.1982265688866002,1.21891686471652,-15.72051373613234,-0.1343633652660883
732,2,0.7695319427147445,3.9184859551114,-94.10862855646042,-0.7075836733568452
732,3,0.6013910389167356,3.258560322925803,-97.585934462229,-0.5544655367172102
732,4,0.3070225467149969,1.626252874435529,-34.85024875995595,-0.2219761067513118
732,5,0.3865352271702878,2.323873373398957,-47.636909510608895,-0.3175793967373926
732,6,0.6022543964878619,3.989196245917405,-104.948609934447,-0.5327340605809493
732,7,0.2067777896491796,1.3496903618611626,-17.835994446075865,-0.1393437066099677
733,0,0.9951159932981584,4.951005042255834,-119.59015474730208,-0.9342980839632974
733,1,0.2759656129969244,1.4853789093981882,-22.509496274617327,-0.2065091401341039
733,2,0.5552067753923529,3.065255402927716,-54.58020261894456,-0.483010642645527
733,3,0.9403908934398704,3.890287607425408,-168.16257788783804,-0.8944817972757343
733,4,0.2527066092255248,0.9556281693137624,-24.75484319835061,-0.1639393589294742
733,5,0.2430087553915381,1.5574999813445898,-25.88172283231479,-0.1737028378007704
733,6,0.3545576895146765,2.3346486100893924,-57.21921598272704,-0.2860960799136351
733,7,0.2282832388766451,1.7236289128931557,-21.767929942416,-0.1636686461835789
734,0,1.619753110906699,7.310098793387274,-207.1137208925438,-1.5572460217484496
734,1,0.1340909369649715,0.5075486999314105,-7.650288962911979,-0.0671077979202805
734,2,0.4871305176411583,3.449265674280797,-49.347837501702,-0.4182020127262881
734,3,0.9667797286064532,4.6989791048333,-154.00144199451896,-0.9166752499673748
734,4,0.4091301824180249,2.052690915756781,-56.30893657580818,-0.3312290386812246
734,5,0.4347955277477606,4.0853716612009485,-60.51432253477358,-0.3712535124832735
734,6,0.5457980734513584,3.278598975666051,-96.311078037553,-0.4815553901877649
734,7,0.2247237963192757,1.755324662209636,-20.659032494134745,-0.1589156345702672
735,0,1.0191725308532729,5.30242579065256,-128.70262123641467,-0.9604673226598108
735,1,0.1758176228103833,0.7775132153609903,-13.463136757555002,-0.1121928063129583
735,2,0.4820532196584265,2.795711551874564,-50.81997749738443,-0.4165571926015117
735,3,0.5329803627328907,4.045113445442559,-87.77027123454927,-0.4876126179697181
735,4,0.2367649774286412,1.174359334764093,-24.37865885065463,-0.1533248984317901
735,5,0.4548940294969265,3.250101979940877,-71.46665659426102,-0.3970369810792279
735,6,0.4760540499562638,3.7873654204829896,-77.78866489779736,-0.4051492963426946
735,7,0.1380053864016896,0.6271028989748095,-11.645654032604364,-0.0792221362762201
736,0,0.9651436143998428,4.674004820068628,-120.50424963559638,-0.906046989741326
736,1,0.1247877346514467,0.4973827913424395,-8.33625680553536,-0.065127006293245
736,2,0.4884957177697707,2.290515804070936,-56.92107740025913,-0.4279780255658581
736,3,0.6347505120498225,5.293863676955118,-110.3504191550638,-0.5901091933425872
736,4,0.3293463290660536,2.59906350137014,-39.71365248688206,-0.2466686489868451
736,5,0.3854171040218671,3.513348271192504,-49.79044204061248,-0.3191695002603364
736,6,0.3520554422693371,2.365136501158413,-55.45048651748092,-0.2829106454973516
736,7,0.1409462649201195,0.5164234906372673,-9.934185172106409,-0.0752589785765636
737,0,0.8020657865750143,4.179591251248151,-98.1691418776018,-0.743705620284862
737,1,0.2311328886008313,1.304361826172396,-20.41243102955538,-0.1686977771037634
737,2,0.5737022130372142,2.325197684017461,-60.809902098267465,-0.5067491841522289
737,3,0.6961500808254653,3.985282570915919,-115.55560803714104,-0.6491888091974215
737,4,0.2952936546755379,1.365129949517984,-33.89242465341192,-0.2118276540838245
737,5,0.2204636028012093,1.2279284622343092,-21.66383948957334,-0.1494057895832644
737,6,0.5425316895554688,3.093203629663179,-85.10304225175354,-0.4675991332513931
737,7,0.1398531634769768,0.7471357888172695,-9.43405147713433,-0.0731321819932893
738,0,0.9758685546212948,5.016145025409254,-120.0272114964514,-0.9162382556981022
738,1,0.2166447778218441,1.1862620247592934,-19.30941286186642,-0.1557210714666646
738,2,0.4483102325895214,1.6963527212877687,-44.03237033841111,-0.3795893994690612
738,3,0.824749261876512,5.87380921330867,-147.42398327410828,-0.7800210755243825
738,4,0.2718504928880825,1.3476043464771692,-29.07176545598559,-0.1863574708717025
738,5,0.2958167685048656,2.2353763775729694,-39.16473377200374,-0.234519363904214
738,6,0.4259667808181809,2.636265868874573,-67.74404010745182,-0.35468083825891
738,7,0.1362964302840136,0.5002234199576744,-8.712587076898817,-0.0686030478495969
739,0,7.415900699604161,37.939723337599375,-1205.79846368347,-7.352429656606525
739,1,0.1401053014525881,0.71961371544203,-8.877211102959317,-0.0758735991705924
739,2,0.5727555925058043,2.764983827373172,-57.1746130963486,-0.5015316938276193
739,3,0.7625701711510859,4.928729440729064,-125.8531054843742,-0.7150744629793989
739,4,0.2743059252428983,1.791211231472308,-26.49057709137577,-0.1826936351129363
739,5,0.3216259423135146,2.632673316900416,-37.96572845596087,-0.2531048563730724
739,6,0.3678221554366315,2.9252277359774057,-57.81206559185346,-0.2980003381023374
739,7,0.1880686231322444,0.8979326331988619,-15.46138987001904,-0.1207921083595237
740,0,0.6765100938177013,4.126891999410367,-82.31905754309571,-0.6189402822789151
740,1,0.1369994637971218,0.5594360020447876,-9.293928491146396,-0.0755603942369625
740,2,0.2798269802928031,1.335661957724238,-24.23893256011893,-0.2107733266097297
740,3,0.554884465979237,3.1502231582187505,-94.903468129285,-0.5102336996198118
740,4,0.2848766520274179,2.06965701725572,-31.81223690539577,-0.2000769616691557
740,5,0.2093210112350676,1.9768237278539589,-30.651446894948112,-0.1563849331374903
740,6,0.4996832627281429,3.5099349089324425,-86.90195889603052,-0.4345097944801526
740,7,0.1484746032748348,0.5433569550754189,-11.001748580830316,-0.0833465801578054
741,0,1.073872548128228,6.512602651456909,-144.55401238423445,-1.0179860027058762
741,1,0.1271956901601273,0.693987559028363,-12.380558727733282,-0.0788570619600846
741,2,0.3333247442018218,2.3945869301920464,-31.358179709409697,-0.2657472856729635
741,3,0.4157096229437574,3.972872147897016,-63.307502474044206,-0.3680668748490942
741,4,0.2432427961072433,0.958542663142652,-24.46473736027513,-0.1568252394889431
741,5,0.2505133090458916,1.807006347278288,-32.66355714581003,-0.1910149540690645
741,6,0.6488950490149087,3.8665913972353625,-116.91607998629011,-0.5845803999314506
741,7,0.1619445818965458,1.33037835679496,-13.109315207246542,-0.0978307105018398
742,0,1.0273986651735858,5.328467479798511,-121.52650289183116,-0.9644960546970728
742,1,0.1417288485651662,0.6656269794889895,-9.134272118388449,-0.0774090857490546
742,2,0.4178471719427922,2.5233088341764924,-48.46583224117478,-0.3590061647494428
742,3,0.6368153048667755,3.720715008146114,-101.83167834848092,-0.5886224181993117
742,4,0.2529322841462871,1.064887469376159,-25.29565062171433,-0.1653310498151263
742,5,0.1880341274782555,1.249252083589274,-23.15977952287056,-0.1301111209150031
742,6,0.5261027513456854,3.339589520937741,-93.04083431587206,-0.4652041715793603
742,7,0.1465022002953366,0.5470695073444344,-11.460209048887243,-0.0836511609407828
743,0,1.7849194519566822,9.267113503191688,-236.01773637431108,-1.7227571998124898
743,1,0.1649968619890169,0.7644133240082491,-12.057635662026003,-0.1013246694287899
743,2,0.3426953320888045,1.7813744192099996,-32.041382726612646,-0.2738579720223303
743,3,0.8421616103372408,4.921155114218868,-133.91924674075645,-0.7924215783476714
743,4,0.1975362450795105,0.9950707636989484,-19.16189104765169,-0.1161326730160708
743,5,0.2269982552389462,1.5062934584426446,-28.096741272727627,-0.1662529069392167
743,6,0.6159420588491165,4.045623177631177,-109.97571545440634,-0.5498785772720317
743,7,0.178246830390554,0.7815358009131723,-15.536623860498391,-0.1150861026703584
744,0,0.7204742231480646,3.088095328957514,-86.7779250376275,-0.6624269086841794
744,1,0.1646920340924404,0.5974158813324708,-11.579939219266466,-0.0998270622350557
744,2,0.48167874473132,2.763389799076608,-47.79176746257364,-0.4119979953670141
744,3,0.4900022916118714,3.67920981056378,-76.51920811596707,-0.4423075613639715
744,4,0.2685169832334989,2.2049901064424327,-31.422597233791755,-0.1881592648730045
744,5,0.1780525091064084,0.8628360579370691,-18.446182199913835,-0.1138653222216903
744,6,0.6664706512806466,4.0166099038172645,-120.55378837225284,-0.6027689418612642
744,7,0.2026776918847034,1.2021082673645318,-20.785002827756973,-0.1433448470879791
745,0,1.5204422398673627,6.213919692801762,-180.2750781332236,-1.453831275267932
745,1,0.1409685756273764,0.6626937208662054,-8.987767565837014,-0.0768185262037351
745,2,0.4903533352345601,3.1761837816137275,-58.70442235496448,-0.4316501643747388
745,3,0.7810708737944735,5.568978092665557,-126.68668342497732,-0.7322929677744354
745,4,0.4661683871712231,3.046841505455829,-65.33248083755,-0.3865827268494082
745,5,0.2551332570731648,1.3191813647455486,-25.93860842198496,-0.1826662564928518
745,6,0.8847280244652154,5.754022087436379,-162.4666714526638,-0.8164154344354965
745,7,0.1533681598892816,0.570624621905435,-10.36791542953387,-0.0836122212059183
746,0,1.1465916133842258,6.7661931771069055,-130.83037286733344,-1.0812427509696978
746,1,5.707487977064559,24.966821861814672,-1130.0990676965548,-5.650495338482774
746,2,0.867921366744609,5.899010259271446,-96.75964718102968,-0.7996665056283445
746,3,0.6153383156575936,4.382911355697619,-96.33704886492862,-0.5666885227348742
746,4,0.2772047416851823,2.5419622368703094,-30.625886552387765,-0.1926156386942626
746,5,0.3074397819429869,3.5384039266801834,-44.725701357866456,-0.249864253395902
746,6,0.5408670471302944,3.42924718054435,-91.98259816838052,-0.4717056316327206
746,7,0.3176259612209229,2.4219195383858065,-34.99285993986731,-0.2554223353274986
747,0,1.3678047602197103,6.558848559668735,-160.22255355993985,-1.3026223866661777
747,1,0.3144843944413009,1.3988375543391005,-28.062206304938435,-0.2483381088932605
747,2,0.5970945248697023,3.062846658699093,-62.38079518864143,-0.5286508066834019
747,3,0.7009251021259285,4.8458257608290864,-107.93396730081244,-0.650204622294051
747,4,0.2027682582328916,0.8707880228413569,-18.64314780516276,-0.1179946063617896
747,5,0.1517681067400845,1.5256526488167197,-19.23351706175196,-0.0986334208294972
747,6,0.5437414044063686,3.156301388859565,-96.55167429966188,-0.4827583714983094
747,7,0.2320766055309646,1.168189565210273,-19.938936413240366,-0.162105174091385
748,0,1.3289052602942666,6.639110735623441,-159.44525098958974,-1.265438499917379
748,1,0.152189399705571,0.7620165575643314,-9.97476198913428,-0.0867370607750807
748,2,0.6204019772919,4.377778897308616,-68.23270282566358,-0.5547374213468583
748,3,0.3989006314552035,2.1357404218628777,-59.684470536500456,-0.3510851208029438
748,4,0.1999463689434363,0.7447227185256668,-17.574461599455987,-0.1133836232222966
748,5,0.2711010458905606,1.3259417099191335,-31.165199607041664,-0.2036941150787037
748,6,0.4458608595393201,2.385530333972567,-67.208859314418,-0.3713196647205414
748,7,0.2560122791792417,1.7277477063899322,-22.977867160175467,-0.1868119281315078
749,0,1.2809139510556533,7.718897732503994,-172.55616977147568,-1.2238026224927354
749,1,0.2995915456864434,2.23614452116744,-29.613775579315543,-0.2388207708009318
749,2,0.7044959412797475,3.388974853009967,-78.00743337847553,-0.6394051916268486
749,3,1.1350706093057097,7.768820383234182,-192.1565107963396,-1.085630004499094
749,4,0.2272488713912949,1.0413352336095834,-21.7317978719456,-0.1411155705970493
749,5,0.2513247234313254,2.4476551217575757,-33.076666318403504,-0.191194602996552
749,6,0.5614636195455953,3.442720380602135,-99.33763654816342,-0.4966881827408171
749,7,0.2577631346959895,1.200569434603108,-22.951807087615688,-0.1881295662919318
750,0,1.1238363830488989,7.120790252927416,-138.1930490464396,-1.0630234542033816
750,1,0.1570449521176298,0.9496529689029448,-12.371877747940315,-0.0974163602200025
750,2,0.4496345190688098,2.5525229394182563,-45.49651655085477,-0.3823236684945778
750,3,0.9790427101606896,5.718283911066939,-155.9310739814901,-0.9281611546517268
750,4,0.3746105430151503,2.2139734333730035,-48.124867535317655,-0.2934443142397418
750,5,0.2252247588440726,1.4738176599654769,-23.26007495474797,-0.1561078856023354
750,6,0.7039365840745071,6.641806340243957,-127.1446741718526,-0.6357233708592629
750,7,0.2416543442863327,1.4185898954587113,-25.998376976397463,-0.1818068320027794
751,0,1.570707687267884,7.827237591139883,-208.39771137563315,-1.5101283433016894
751,1,0.1722881301573336,0.8664506630493385,-13.85867250264799,-0.1117634879245805
751,2,0.3383531494182253,1.5731371946990549,-31.339700177695548,-0.2701698291180651
751,3,0.7505407946780155,3.222253802242536,-105.66050816127864,-0.6951349221136752
751,4,0.2566458298370421,1.1797124396004572,-24.78289245716393,-0.1663281372964022
751,5,0.1624539354523637,1.159149117227214,-16.446883901261387,-0.099678084250069
751,6,0.5576944335497755,5.035323616075545,-92.17027177624152,-0.4851066935591659
751,7,0.1556715678327789,0.5476333800816088,-11.38415775341939,-0.0889387324485889
752,0,1.2922122747603764,4.3008621420657525,-143.25653235941263,-1.2244148064907063
752,1,0.1483083207832279,0.7206542532346616,-11.139861402833686,-0.0884115984351879
752,2,0.3440380704544306,2.1608699494377093,-33.077919239445215,-0.2779657078944976
752,3,0.7034996625777565,3.313306825799245,-101.3936985711159,-0.649959606225102
752,4,0.2161961969193059,1.0116585982238997,-19.578862809679983,-0.1279664235926796
752,5,0.2803598946773971,1.76084544723563,-34.87501557732892,-0.2166150035858939
752,6,0.3636064385885301,2.258517814620007,-59.69446710762944,-0.2984723355381471
752,7,0.1837681717681831,0.7132237984950884,-14.285147462293503,-0.114281179698348
753,0,1.7308786670046776,9.622035593513132,-235.66587499037436,-1.671389184328896
753,1,0.1913231491968642,1.12710299059199,-17.110407055684156,-0.1326388143851485
753,2,0.8128328537154625,4.423861232128173,-90.95544634610502,-0.7455364454598772
753,3,0.7114245089714286,4.332595175925418,-111.10050858789228,-0.6613125511184065
753,4,0.3035903204393709,1.1693247218422524,-33.11844604122935,-0.2164604316420219
753,5,0.2408765396811311,2.622577283167345,-29.967354829206787,-0.1794452384982442
753,6,0.3929230662928974,3.3491432764884106,-65.85044393348073,-0.3292522196674036
753,7,0.224211115159659,0.8570325294942035,-18.483246503332232,-0.1527541033333242
754,0,1.2469202779381412,7.471120408603517,-140.66463422134478,-1.1820557497592
754,1,0.1405813750797555,0.7913149254411296,-10.49672975680778,-0.0813699981147889
754,2,0.4144197161078639,2.0195679775850555,-39.26021081706725,-0.3443878141848004
754,3,1.5295795516670616,8.628720162415531,-240.48719039960025,-1.4753815361938665
754,4,0.2791633583713223,1.2656967652347555,-29.159585617409,-0.1918393790619013
754,5,0.1560789130228303,0.7158965812285285,-13.407509856784502,-0.0882073016893717
754,6,0.2812258470602922,1.5256148359098618,-41.60309351819657,-0.2122606812152886
754,7,0.4071640817377819,3.2236625113878845,-45.48366381353788,-0.3419824346882547
755,0,2.6630215858044832,12.887643151035425,-355.774360929585,-2.5968931454714235
755,1,0.2177805409368479,1.5154561646741287,-19.70011398298531,-0.1576009118638824
755,2,0.3919133205751309,2.047008728582517,-38.31921124957548,-0.3247390783862329
755,3,0.9248923805407888,4.705307935807383,-140.3372126291815,-0.8716597057713136
755,4,0.2607719677377775,1.806580886953484,-27.34184017207516,-0.175268206231251
755,5,0.2442062694114225,1.372678624751478,-25.30901004387705,-0.1733493838621715
755,6,0.6211021442970616,4.386585055828583,-110.92145653930436,-0.5546072826965218
755,7,0.2597822185359317,1.462247915617558,-22.374335706988404,-0.1880196277898185
756,0,3.405581165031616,15.57706968121072,-487.6118616582801,-3.3398072716320555
756,1,0.1629758332017504,0.5847504941634561,-12.6485702476246,-0.1020045987711661
756,2,0.3765022785275697,2.4839391654174694,-39.3948085900449,-0.3126572110321024
756,3,0.7676034056162696,4.099862110780732,-109.80190419602854,-0.7129993778962892
756,4,0.3507541519479203,1.532383567041606,-41.85325635204978,-0.2665812506499986
756,5,0.192414529433895,1.0865416767085636,-19.97716470690564,-0.1264377513095293
756,6,0.4073656605438344,3.891016347694384,-68.51759327053772,-0.3425879663526885
756,7,0.2060427312247081,1.3075325002407931,-20.281863072565425,-0.1448704505183244
757,0,2.4792158919889005,13.437331184679856,-328.49071715293456,-2.415372920242166
757,1,0.2489106327151335,1.674802250839352,-26.019173882647465,-0.1927346213529442
757,2,0.3288448437513518,1.83229318470698,-32.51084000350287,-0.2643157723862022
757,3,0.7510982164434944,4.675148206292632,-106.58630844058123,-0.6966425388273283
757,4,0.251180166264096,1.1967752120788002,-23.91074215597932,-0.1615590686214818
757,5,0.208001518538645,0.9768745872247264,-22.386839304447133,-0.1425913331493448
757,6,0.3578028018492354,3.525656961610629,-58.23752371404522,-0.291187618570226
757,7,0.1519654720435079,0.5398303064168432,-10.96586083746981,-0.0850066731586807
758,0,2.64101771229314,9.85987489140943,-358.145791389246,-2.5765884272607624
758,1,0.2734481135433758,1.5851275003688792,-29.07598267454271,-0.2169849453324082
758,2,0.7661009777556858,3.297546487563437,-80.8470120465857,-0.6969570004016009
758,3,0.7703991117452437,5.662275579380176,-113.31461526775156,-0.7171811092895668
758,4,0.2689417011643505,1.0804086107095972,-27.8363149926584,-0.1819366992984209
758,5,0.2524233345656218,1.4468621959484165,-30.14497142540876,-0.1884060714088047
758,6,0.3865635392564474,4.1843465041531385,-63.615265495315306,-0.3180763274765765
758,7,0.165131200728191,0.6213165510256414,-13.206039381725684,-0.1000457528918612
759,0,1.5776004659264855,8.817587824277368,-209.5609687546532,-1.518557744598936
759,1,0.1242022420652495,0.6654357799319881,-9.39165884910049,-0.0685522543729962
759,2,0.4032070042540655,2.192014605741269,-40.36847859690352,-0.3364039883075293
759,3,1.2786263844266517,7.650457741295445,-216.1546449435933,-1.228151391724962
759,4,0.3208263394391414,1.740163266799695,-37.69114191748144,-0.2370512070281851
759,5,0.2056307569379324,1.0718433439051325,-19.41310491614232,-0.1338834821802918
759,6,0.5148363923758164,4.1683274916737645,-89.72083807516904,-0.4486041903758452
759,7,0.1572267643809551,0.8815181089508521,-12.107854242474811,-0.091726168503597
760,0,0.6315733956619687,3.335976630178394,-73.24281103188252,-0.5722094611865822
760,1,0.1611565609684155,0.988637411799559,-12.77347059965177,-0.101376750790887
760,2,0.2097786721316115,0.8578195733751823,-18.267553687451556,-0.1461404294996124
760,3,0.3940652445977609,2.103457846141332,-57.7017331524258,-0.3455193601941664
760,4,0.2571500024746317,0.9867099639775488,-27.24166270172171,-0.1724155867197576
760,5,0.4248497364620367,2.826864138808301,-57.16843616048916,-0.3595499129590513
760,6,0.5424573264142163,3.5132370789605063,-85.51229618664824,-0.4672803070308647
760,7,0.2546528796697919,1.7236606228576268,-28.61159089730156,-0.195969800666449
761,0,1.353003469973383,5.854819246394353,-165.19311555648952,-1.2905712152850743
761,1,0.1472121185275771,0.5371023011471994,-12.408753795012576,-0.0912408367280336
761,2,0.2948714672406018,2.023118017319341,-27.035943366149095,-0.2271928013962109
761,3,0.4707074904869432,2.528757596350238,-74.60930833532079,-0.4239165246325045
761,4,0.3483893536599641,2.35499049643384,-48.6658582755483,-0.2734036981772376
761,5,0.224555499039931,1.204599282940462,-22.83521467976941,-0.1553415964610164
761,6,0.8731142727479915,5.689144939232644,-157.22932864584038,-0.8021904522746959
761,7,0.1610219666114775,0.7019635522892466,-12.65708978645758,-0.0958870438367998
762,0,1.1324706958472244,6.018728712870117,-133.6897292956549,-1.0695178343652392
762,1,0.2241012789954584,1.0192129498970497,-22.34707987165507,-0.1680231569297373
762,2,0.4309155106997313,1.4762814662502193,-44.58929521595243,-0.3654860263602658
762,3,1.0184002931323,7.144644240642477,-167.83389169895395,-0.9701381023060922
762,4,0.3585909298394347,2.938911788058061,-43.34349783565855,-0.274325935668725
762,5,0.223136914479895,1.3994609040405803,-26.314158522493063,-0.1604521861127625
762,6,0.4683149122508924,2.5470807198812047,-72.98468854390453,-0.3945118299670515
762,7,0.2195912362349034,1.2703528365229078,-19.872508594878283,-0.1540504542238626
763,0,1.21264024518523,5.149306464417427,-141.18082642050956,-1.1478115969147118
763,1,0.1094610546549148,0.6771637580189056,-6.121342445704056,-0.0485820829024131
763,2,0.9011928407953408,4.531838483355186,-108.96037014859284,-0.8381566934507141
763,3,0.6112396311553723,3.105118663924354,-93.20616590410658,-0.5614829271331722
763,4,0.2530752880006962,1.802458169865107,-28.885467694788822,-0.1729668724238851
763,5,0.1707642311373162,0.6019036435007982,-14.835700764561302,-0.1009231344527979
763,6,0.4859226650537295,3.026160879655934,-75.28497336126608,-0.4113932970560988
763,7,0.2333687791484762,2.0477759255001704,-28.7289713719266,-0.1795560710745412
764,0,1.538259843628492,8.52762159377463,-219.3288837033108,-1.4819519169142623
764,1,0.1205602347036449,0.4768445457291427,-9.53414960937923,-0.0671418986576002
764,2,0.3791643560479585,2.039207355708329,-35.9589954150885,-0.3099913397852457
764,3,0.7066870287464693,3.4025268007621667,-111.07025997167683,-0.6572204732051884
764,4,0.2499860665810987,1.0501116089975977,-26.618116106263056,-0.1663632256641441
764,5,0.253229609528607,0.8453535112156055,-24.815330238475937,-0.1785275556724887
764,6,0.4305768494595772,2.845639725626921,-72.7285548277731,-0.3636427741388655
764,7,0.334519909974286,2.20496930494551,-40.56970574547116,-0.2759843928263344
765,0,0.9398656688059296,6.240445262958612,-127.4485347656612,-0.8850592692059807
765,1,0.5178079023714609,2.11152234749404,-53.92153047037948,-0.4531221047931049
765,2,0.5029168888498163,3.428620797367172,-49.746615915899696,-0.4325792688339104
765,3,0.4449183407613424,2.140426267790396,-68.34385964205707,-0.3973480211747504
765,4,0.3424037618999607,1.5255984232717332,-41.20803852052614,-0.2591700535882147
765,5,0.2245560080111729,0.6884066727016512,-19.789897084673385,-0.1476857991393536
765,6,0.4581960527700071,2.6380395698466432,-74.03239376061929,-0.3876041558147606
765,7,0.1810095526371216,0.9780844792937468,-17.073540183210923,-0.1202361984733163
766,0,1.0050773587129225,7.153619622162361,-122.7899725394773,-0.9445382503036716
766,1,0.3009708531884781,2.873921944019897,-36.00233306040804,-0.2482919521407451
766,2,0.7648726885536602,4.483427699378568,-86.70188709820891,-0.6992087669210396
766,3,0.6905664363879124,3.776742677872961,-111.93493018540052,-0.6433041964678191
766,4,0.4221877104793904,2.637952684290458,-52.17686897183833,-0.3366249611086344
766,5,0.1931347681125528,1.0880197299837593,-19.521358702853185,-0.125944249695827
766,6,0.5300964899108132,3.288993643307401,-89.7147270243258,-0.4600755232016708
766,7,0.1746041117187801,0.7400678127513467,-16.190266253859047,-0.1140159595342186
767,0,0.8802069115710276,5.652207150393478,-111.02894687892582,-0.8224366435475987
767,1,0.2876040163677684,1.5861682689361671,-28.129414611662263,-0.226850117835986
767,2,0.4104685406229052,2.950215577810821,-42.02659771973214,-0.3444803091781322
767,3,0.7030691009383335,5.0815034918866,-111.6412437433253,-0.6567131984901489
767,4,0.3570064695230343,2.8248380737669803,-42.04423004453058,-0.2712530970614876
767,5,5.573658309453174,32.229343146862675,-1101.6091875473076,-5.508045937736537
767,6,0.5138944933337344,3.411585990027469,-80.4399254620051,-0.4395624342186071
767,7,0.4353291723103925,3.5338036430985627,-54.01028508259032,-0.375071424184655
768,0,1.9413510831026248,10.042090219978716,-278.6527835759898,-1.8827890782161476
768,1,0.187733611853675,0.9749937180908214,-16.687653120123183,-0.1293616520939781
768,2,0.3272614744008094,1.620662231143833,-30.554039927925515,-0.2589325417620806
768,3,0.9507888585621248,5.021469535692485,-159.7026303969082,-0.9022747480051312
768,4,0.2655738587962327,1.6744305904250345,-28.78805364168293,-0.1810569411426599
768,5,0.2802203531340299,1.942782316072209,-32.88701833302009,-0.213552067097533
768,6,0.6136628528945366,3.4480707746447528,-99.31274893637936,-0.5397432007411922
768,7,0.2876778514958705,1.508601978497231,-27.40621006806725,-0.2192496805445379
769,0,0.8040284570188657,5.005476899019858,-104.04838181333857,-0.7485495094484788
769,1,0.2579014935902276,2.3323802132804285,-24.98632768340175,-0.1983041879635059
769,2,0.4487384078009506,3.091977599506548,-47.44662953249053,-0.3826341091329882
769,3,0.5416758116528498,2.928338692424848,-83.77573760065847,-0.4927984564744616
769,4,0.2764318270763268,1.596641803486873,-29.76584051594814,-0.1908066699740265
769,5,0.2041149242270583,1.2240502608501955,-24.95613986261885,-0.1442551437145598
769,6,0.7958887317936163,6.338942868689411,-145.6505251821784,-0.728252625910892
769,7,0.314642281375682,2.9359343897971804,-38.61590869749365,-0.2574393913166243
770,0,0.8433791357905711,5.376185960476777,-103.54543063128872,-0.784435080540066
770,1,0.1598803173235527,1.0251856325741648,-11.761457961357156,-0.0972021319120426
770,2,0.3859215654390743,2.4423861932689124,-39.03370685030399,-0.3199484168057703
770,3,0.6787686522986499,4.630891436941434,-107.03730739971266,-0.6296312199983097
770,4,0.2956701860087626,1.4820369458224882,-33.544943748918634,-0.2123097705627761
770,5,0.1683599414309309,0.9782924645042456,-12.889139068040851,-0.0933995584640641
770,6,0.5362944301379503,3.915411693444974,-94.77317784868566,-0.4738658892434283
770,7,0.1366060240344279,0.7307337198761432,-8.95418511422399,-0.0694122877071627
771,0,0.7590946888192633,2.9541249817114235,-86.53282421123392,-0.697845356542209
771,1,0.18692585476524,1.2006919488963843,-16.939605337721748,-0.1293099644100896
771,2,0.27977395240894,1.574411504939668,-26.39883596372921,-0.2146246826319447
771,3,0.754049870146115,5.291092669681292,-116.75956859264004,-0.7033708951363858
771,4,0.3996649959578415,2.8095100868963825,-54.57358722068173,-0.3210211012981278
771,5,0.3036273329442587,2.168367566402752,-37.74077035299716,-0.2388656351455516
771,6,0.5429725709336765,2.651723024075892,-89.62769414674231,-0.4717247060354859
771,7,0.2168075706657366,1.451049699226533,-25.15541782298619,-0.1612526783524756
772,0,0.790981109307894,3.6358669007504494,-93.63861039649774,-0.7315516437226386
772,1,0.1423992409078252,0.6902673677031774,-12.473441163195346,-0.0884641217247897
772,2,0.3115568372156124,1.6121965798357798,-31.544763874679138,-0.2483839675171585
772,3,0.7882150464888322,4.777330834286653,-121.68002007579256,-0.7374546671260155
772,4,0.3100200359007609,1.834854786586869,-36.686320071298816,-0.2278653420577566
772,5,0.3100874713051435,1.7959417996347014,-35.05415519327765,-0.240096953378614
772,6,0.4205256198852422,2.844747075983174,-66.69759632520939,-0.3492020750010963
772,7,0.1457334386880223,0.7742624590112219,-12.19098367305281,-0.0852516340772923
773,0,1.0197715820791866,5.385245475282756,-128.7434159361137,-0.9607717607172668
773,1,0.2537581900793876,1.7183930032008266,-25.981164388274387,-0.1968270029414726
773,2,0.3672666923658213,1.6355961433626425,-40.1303940724579,-0.3063388860492969
773,3,0.9914621443823082,5.5589435167027705,-155.01791381341417,-0.9395025079600858
773,4,0.3512334204816768,2.046168727024602,-47.05694586040155,-0.2735868945372183
773,5,0.2715753467781855,1.21805248072092,-27.546742794982524,-0.1981780057192987
773,6,0.509525070718291,3.103758808021348,-81.16677605843975,-0.4363805164432244
773,7,0.2068462823802455,1.6749798422832485,-19.980107231192143,-0.1447833857332764
774,0,0.9255729909384413,6.090552914254455,-109.57347381747608,-0.8627832584053235
774,1,0.2670633602586783,1.2384462021432443,-25.1299786373196,-0.2059834314534393
774,2,0.4202983850120504,1.7050777052460513,-39.43393589418513,-0.3489728840193374
774,3,1.0526634582275425,6.71645836258759,-168.3088660014487,-1.0018384881038616
774,4,0.4442272582450645,2.8973606664340106,-67.88637113767875,-0.370963776708627
774,5,0.29341497421702,2.495184996060738,-29.583372398172543,-0.2175247970453863
774,6,0.6219547003240783,5.116652954826233,-107.3859164969479,-0.5506970076766559
774,7,0.1628353247516107,0.5251662888038283,-12.897472085955926,-0.0977081218633024
775,0,1.097629811227297,6.0175341534068325,-138.03493523609632,-1.0378566559104987
775,1,0.2297202359715722,1.3601961231852326,-17.323049236450817,-0.1603986040412112
775,2,0.7923117514530333,5.3470186565128,-89.24011191070909,-0.7255293651277162
775,3,0.8016703082843196,6.191927910113276,-123.01466600894852,-0.7500894268838324
775,4,0.4169718169395069,2.8900389771100023,-56.81811293883733,-0.338203053207365
775,5,0.5095683624579431,3.5739708390122047,-71.79535462810809,-0.44593387967769
775,6,0.5631638773308084,3.694733015012637,-99.2543489137886,-0.4962717445689429
775,7,0.2215741004849787,0.931144995961408,-20.866004624002613,-0.1568872528120497
776,0,1.3959755733134565,6.59291252910862,-181.65032281644272,-1.3356641383561965
776,1,0.2176316120806507,0.9383762483129215,-19.046371694622167,-0.1561178007755915
776,2,0.5895830260980505,2.7752974592443644,-56.82920007157061,-0.5166290915597328
776,3,0.8417169502993926,4.950851787232383,-132.20611750643113,-0.7916533982421026
776,4,0.3131750338450436,1.3592676157802102,-38.64805635347768,-0.2328196165872149
776,5,0.2745193755075702,1.512137465066063,-27.502470709470582,-0.1992932660106564
776,6,0.94829705081491,6.939013502889656,-166.4588571768676,-0.8760992482993032
776,7,0.2233258293333935,1.2938595420787755,-22.70233200279188,-0.1621595143056562
777,0,6.10861022812606,34.79042412387987,-979.0263412618932,-6.043372476925266
777,1,0.1588322616771213,0.6447731692768016,-10.708921730269411,-0.0931210585240818
777,2,0.4971929933305553,1.9674236876097984,-51.70439905752225,-0.4308699921460188
777,3,1.247247569339177,7.685836353831764,-210.69923695228692,-1.1971547554107214
777,4,0.2829857957629254,2.1380074182378204,-33.51837568977049,-0.2019179258419909
777,5,0.2808058275936624,1.6604059857705658,-29.30460382322287,-0.2078340696682473
777,6,0.4514696157324731,2.396129739629212,-66.75817098664866,-0.3750459044193745
777,7,0.3287772161439175,3.3597445940275663,-37.4556794808107,-0.2675405677200764
778,0,1.9184309568682851,8.74086144376132,-254.1080565085323,-1.854803332179068
778,1,0.1818445941888551,1.0123503214016656,-15.578251851722698,-0.1226634004072653
778,2,0.575047135737266,3.640095114183345,-60.92937158929513,-0.5077447632441261
778,3,1.086056375452484,7.322408730319896,-173.75197504092446,-1.0342379466721694
778,4,0.3513492643960341,1.7981845949158028,-46.06315681877469,-0.2725630580992585
778,5,0.2087783896748074,0.6585692534877434,-17.995858700140868,-0.1323224904422122
778,6,0.4665444727684921,4.13825477453284,-75.38493842040398,-0.3946855414680837
778,7,0.1697764378383782,0.6631452116348212,-12.465240623014871,-0.1005261340565715
779,0,1.5807738277287735,8.395036802238417,-205.1299126012425,-1.5194808340832775
779,1,0.3112868377502163,1.9257548407028693,-30.246597375933987,-0.2499718791399503
779,2,0.4273744846886809,1.9734201150815012,-41.08454242620362,-0.3572568906626401
779,3,0.5458745881645369,2.8104306588676846,-79.12313714685665,-0.494519607167854
779,4,0.3894570011922682,2.417223475919791,-53.27939860789197,-0.3115754304555086
779,5,0.2873662347054169,2.33010780786436,-28.195601232088265,-0.2104149345678228
779,6,0.4576429231543892,3.676044143882221,-73.83473233566825,-0.3865692792443364
779,7,0.1877238357151753,0.9657250962000548,-15.756826612115782,-0.1212063585547367
780,0,0.844819494080532,3.9001437017087257,-101.29983995854144,-0.7852700771979958
780,1,0.1720335988511941,0.9268060987644128,-11.925816926467206,-0.1055382028890903
780,2,0.3009526026098931,1.4357221228481865,-26.60127129262927,-0.2313154025446023
780,3,0.7311227578067594,6.524690755062808,-120.17718803141864,-0.6828249319966968
780,4,0.2980978115520222,1.0249944162092557,-31.472590161916465,-0.2098172677461097
780,5,0.211722410140532,1.7577441589860554,-19.32350497669885,-0.1380250355478489
780,6,0.3733062223269803,2.871852618154243,-61.25294807782544,-0.3062647403891272
780,7,0.2994312181603992,2.7286824075193725,-32.19771131312001,-0.236747877302353
781,0,1.0922609431289607,5.624627591089814,-134.1473112992917,-1.0319023946099362
781,1,0.2562556336655736,2.190659861568195,-25.085451561116265,-0.1975232406387107
781,2,0.3833032804166471,2.466290422597221,-36.77138715694962,-0.3142853603158087
781,3,0.7379218356149827,4.790083647885539,-116.41724319983098,-0.6888594272179348
781,4,0.2800447398966267,1.5943840877134503,-29.60591748685533,-0.193502728672257
781,5,0.1770971794958427,0.7178964432899999,-16.03298738817684,-0.1076039422025291
781,6,0.4946585216781263,3.6964707676934414,-86.4354530483741,-0.4321772652418705
781,7,0.2636128921335472,1.553241840169534,-24.12670202713304,-0.1945701776381697
782,0,1.4303110356134268,6.718756395039517,-173.4468250338879,-1.3657230317628968
782,1,0.1755309439988934,0.6659961703244172,-13.375600457232556,-0.1124000038422903
782,2,0.4648224875841564,2.310415155844575,-42.188507710095,-0.3906343306490278
782,3,0.4447054808488251,2.4986087664841627,-65.27699279397183,-0.3956181381452838
782,4,0.3619547708299735,1.6668672099152275,-40.856732809425246,-0.2742062604659412
782,5,0.210744805189822,0.9982850641616988,-17.98480208150616,-0.1342149409067624
782,6,0.2987161925101905,2.428004437211142,-46.60127321496629,-0.2330063660748314
782,7,0.2996684870246681,1.8666653491349785,-31.03411897903657,-0.2351069619623982
783,0,0.8948789693435737,4.760120281691052,-103.13828662114987,-0.8317603759770151
783,1,0.2916777584298031,1.4327177664541155,-25.5177594481138,-0.2258208800718035
783,2,0.4829668498875197,2.4577234390057656,-52.409701236889866,-0.4192776098951189
783,3,0.610003129859454,2.9754755024904287,-96.06422096770554,-0.5617790699865821
783,4,0.3159858951480749,1.4125981512899348,-36.63694100072183,-0.23187937342229
783,5,0.5162962610275804,5.199701705075571,-71.77994175873206,-0.4514461745832205
783,6,0.3732196234900354,1.878331164493321,-59.69193845964168,-0.3045507064267432
783,7,0.3417520079911183,1.563878924533875,-32.412014438924395,-0.27010012032437
784,0,1.3249282873157195,6.883137350468517,-174.73642023844167,-1.2662059437568236
784,1,0.2673726834570963,1.2228093164418492,-25.096852182867465,-0.2057119031382579
784,2,0.4556860305546527,2.3495837163583064,-45.37982474801792,-0.3878617499830591
784,3,1.1310122405359777,9.692855437323962,-144.8887354469663,-1.0812592197534798
784,4,0.3007585096374625,1.6503798389095272,-33.986715431851685,-0.2164758944703929
784,5,0.2555787151573892,1.038499208172374,-25.57574238143153,-0.1813882438399399
784,6,0.4613695452595189,3.347247183278166,-79.47191929727936,-0.3973595964863968
784,7,0.2560482379988402,0.970783671738445,-21.8103854387134,-0.1832805499051546
785,0,1.5607634074877823,9.093427089337547,-202.50009797036896,-1.500000725706437
785,1,0.236683683006381,0.8539944729314017,-20.1304576478746,-0.1720551935715777
785,2,0.4382280440324193,2.034833489553226,-39.7999250014737,-0.3651369266190248
785,3,1.1940602984748694,9.63828970966415,-178.74099778287834,-1.1457756268133228
785,4,0.24147298388205,1.428969346403318,-23.97382456643584,-0.1546698359124892
785,5,0.3747276265444302,2.1815487960762403,-47.0927026654846,-0.3077954422580693
785,6,0.4967714794772881,3.836761623088869,-85.99610026897568,-0.4299805013448784
785,7,0.2622121801379603,0.8674767139939736,-21.24260465385509,-0.1863386373145183
786,0,0.9510842401461452,5.7159500828511725,-115.79344654492536,-0.8907188195763488
786,1,0.3456686214398889,1.8433947202534615,-31.57263103220629,-0.2794038144443034
786,2,0.5404531153819052,2.4017220178167142,-61.1261583584984,-0.4775481121757687
786,3,0.5687585919033501,2.8506380266600075,-84.45916435150068,-0.518154382524544
786,4,0.2992453835111033,1.579403294329511,-31.675981990452847,-0.2111732132696856
786,5,0.176896780410295,1.0379444926851331,-15.708825057003756,-0.1068627554898214
786,6,0.6108818849101452,5.878307463014349,-108.39307187181257,-0.5419653593590628
786,7,0.3164902732051309,1.2106291661432496,-26.24610521885297,-0.238600956535027
787,0,1.4953820200702808,9.900466114291447,-190.60202764378897,-1.4330979522089395
787,1,0.2481983097663926,1.5033717860235374,-23.81562634182033,-0.1890129074747645
787,2,0.6226972363622816,2.2751720468862824,-62.95995107112712,-0.5522802725537467
787,3,0.9309922245907648,6.262679510626051,-150.69250901744925,-0.8812427427921009
787,4,0.2073316723513887,1.0215526268084147,-17.738039861392185,-0.1182535990759479
787,5,0.2030729823586067,1.0544959453518168,-20.392674768794784,-0.1350508262834091
787,6,0.4572162547805881,3.2181186696414694,-78.58460236599956,-0.3929230118299978
787,7,0.2285356930736994,0.8897656080976653,-18.33964048376133,-0.155420682065774
788,0,2.023980444775186,10.917857556114283,-264.51790982164687,-1.9593919246047915
788,1,0.2967213339374924,2.4869900605570465,-32.560160778580666,-0.2411863761376345
788,2,0.2921672427481341,1.361614093340914,-25.006047246731583,-0.2212924535108989
788,3,0.8465300330675993,4.724308070177733,-140.45251888349958,-0.7980256754744294
788,4,0.3284881222770567,2.017688200379516,-37.2290005417666,-0.2417467567647181
788,5,0.2882287216083103,2.0335673959940874,-35.47501921714902,-0.2231133284097422
788,6,0.428972516105536,3.172825616169704,-73.53448681879185,-0.3676724340939592
788,7,0.2793886750337503,1.3472201851432533,-30.380880714313506,-0.2185674871533345
789,0,1.5522488946876525,7.67924159603152,-187.33603924018524,-1.4867939622236923
789,1,0.2905609677643497,1.7243882195503306,-25.35558837720355,-0.2243857378513588
789,2,0.5220688255790451,2.676461050070567,-55.09782573985702,-0.4553539317343555
789,3,0.72774532124148,4.023739646057832,-115.34980091045516,-0.6785282406497363
789,4,0.2328206984594733,1.6712165711049336,-23.17834316347585,-0.1476327590030309
789,5,0.2374036941131253,1.3526284701198332,-24.67275500301848,-0.1678418707688331
789,6,0.4314957258740943,3.199300733397622,-73.07092823724446,-0.3653546411862223
789,7,0.5903294918036669,2.7096660403881807,-72.85143615685516,-0.5279089576583708
790,0,7.165805618775304,29.907208988236693,-1420.6928328217864,-7.103464164108932
790,1,0.2506705096012634,2.0037543172565635,-22.593527526369623,-0.1882793960530802
790,2,0.4072590771279409,2.110478125893881,-38.84395992757928,-0.3377735645876459
790,3,0.4709658452352234,2.468305002678154,-69.95383406544312,-0.4214086389484525
790,4,0.3099593686665676,1.7939069468427231,-33.0972759709179,-0.220648506472786
790,5,0.1819624628495116,1.0347659236764415,-15.757913400736728,-0.1101951986065505
790,6,0.426289279186281,2.618639257384486,-72.31679878434755,-0.3615839939217378
790,7,0.1402979137953228,0.4636911369260474,-8.734744370606942,-0.0704414868597334
791,0,1.2876394701766125,5.097549688161641,-178.47458033157417,-1.230859174700511
791,1,0.2331524563788196,1.1313057475237267,-19.13508041501804,-0.1678515825878775
791,2,0.2906587194382644,1.445999053792558,-25.37710190898873,-0.2206704513825107
791,3,0.6870621567146721,4.690163283743651,-109.88820206414776,-0.6388848957217892
791,4,0.7956211579454843,6.687574460349462,-110.496307477227,-0.7083096633155578
791,5,0.2598850201078626,2.546390261663196,-29.492631802619545,-0.1927622993635264
791,6,0.375516613758256,1.916891283070869,-61.809865449025736,-0.3090493272451287
791,7,0.2335418409073975,1.096715472450876,-23.108202928352828,-0.1711718735433542
792,0,5.5403885984458565,28.074192582869717,-1002.5025301639074,-5.478155902535013
792,1,0.278232531931687,2.256682747431309,-26.41093984906431,-0.2164831135169205
792,2,0.3274233792366509,1.7049687594215248,-30.367340077832157,-0.2595499151951466
792,3,0.715725669532314,4.368808773843303,-113.90535824779928,-0.6661132061274811
792,4,0.2953594327604614,1.556560298996159,-31.202711617173847,-0.2066404742859195
792,5,0.2570989101228428,1.15355602493073,-24.69141236168992,-0.1815545026594847
792,6,2.2655631790533883,19.076567305726407,-438.8791010626866,-2.194395505313433
792,7,0.2034889266662644,0.9022968272806487,-19.10250115569218,-0.140459567321266
793,0,1.2366461968944236,5.899217567691543,-158.89769551813166,-1.177019966800975
793,1,0.1389362313791032,0.7279696001287242,-8.344378740273175,-0.0725598151328102
793,2,0.3258647390226006,1.270508453687804,-29.85915532088614,-0.2574065113869495
793,3,0.4818104422299615,2.860598901393268,-71.75141857439372,-0.4322374612915284
793,4,0.3134089078408061,1.3513535728268775,-32.69527765897568,-0.2224168548229637
793,5,0.2306209324429642,1.3619061627738178,-29.88021807082825,-0.1717253912116566
793,6,0.502243291006819,3.5692982039595265,-79.26987248808956,-0.4284857972329165
793,7,0.1545221401449373,0.9236419156979284,-12.91080202888936,-0.0928834678337364
794,0,0.968744716738666,4.56762838956528,-112.30488954676642,-0.905684593119084
794,1,0.2144640436241362,1.2985988949225462,-16.92327257718615,-0.1484497594490013
794,2,0.4590154931107694,3.287376397757217,-46.49454963453291,-0.3907105011305286
794,3,0.9261972043956656,6.2978318171549095,-158.08994683263734,-0.8782774824035408
794,4,0.4452523092370357,3.478890092065334,-62.76031306644224,-0.3670193746575569
794,5,0.2635419894951709,1.5784383136378672,-33.99817651909476,-0.202370098327945
794,6,0.4273222537726011,2.8779210086282268,-68.08279716339482,-0.3564544354104441
794,7,0.2796714475592385,2.31881780208792,-30.31070087890096,-0.218062596251086
795,0,1.777086933399315,8.633494695707634,-226.23283029691973,-1.7138850780069677
795,1,0.2614482299671613,1.4706032156038311,-23.04173499488241,-0.1969379059391659
795,2,0.3583723798523593,2.10938267355715,-35.76583109004966,-0.2931625499184398
795,3,0.6010252638830627,4.303289752468666,-92.01853999393649,-0.5510092215205776
795,4,0.3025448105548957,1.89218217313522,-34.46805637590426,-0.2181522555436978
795,5,0.2952068373578614,2.122321976652484,-39.29799639157792,-0.2339166451879638
795,6,0.444060352727102,3.551428814829624,-70.82257362797581,-0.3727503875156622
795,7,0.3547670944143711,2.139645301993108,-38.30248099906689,-0.2901703105989915
796,0,1.3165623048749515,5.148934557649977,-155.11327278976603,-1.2509134902400487
796,1,0.1806582591022617,0.8154690752699867,-13.930606575499706,-0.1170639208025185
796,2,0.4345240353330959,2.869312707023397,-42.43386948690031,-0.3658092197146578
796,3,0.720233596120018,3.5117495967862125,-114.79773668794476,-0.671331793496753
796,4,0.3028509591416512,1.3886051115823723,-31.831350536086635,-0.2136332250744069
796,5,0.3803844366394416,4.1424141549764295,-51.65448433095367,-0.3168986768770164
796,6,0.5064161947103337,3.036995082846533,-85.64880585198829,-0.4369837033264708
796,7,0.2115029856302194,1.2530980501331304,-19.55493766531717,-0.1470296065061441
797,0,1.275287017137987,6.289842044213319,-161.5666877000074,-1.2147871255639655
797,1,0.2173267870073483,1.897810128480512,-18.97951717690987,-0.1555698129254907
797,2,0.5248517763701268,2.8505190856755305,-58.60456980900839,-0.4614533055827432
797,3,1.1525739616158053,7.00602987482591,-183.8076378418166,-1.10064453797495
797,4,0.3018618740670786,1.4764721766967432,-31.700380397785075,-0.2127542308576179
797,5,0.3409590597854162,2.2907733212903136,-40.20608055785913,-0.2716627064720212
797,6,0.8005757485678698,5.332421440771131,-146.69932204632914,-0.7334966102316457
797,7,0.2056459825886889,1.216312806514302,-19.14953330928305,-0.1418483948835781
798,0,1.103107200525366,4.576032935598073,-131.15468110107025,-1.0409101674688117
798,1,0.2280355162695024,1.4171842582372165,-21.0015585448974,-0.1680124683591791
798,2,0.6040370356301817,4.194601227171777,-60.86765592447637,-0.5339268063550558
798,3,0.6047653008419264,2.9283014917470744,-92.17206950721264,-0.5552534307663413
798,4,0.2768972128504132,1.4944170123294744,-30.432127760932502,-0.1926084035502057
798,5,0.433241999583475,2.8714669480046724,-48.568599473018445,-0.357122054948665
798,6,0.6115727203907008,6.413834266545812,-102.48072128437336,-0.5393722172861757
798,7,0.311377803920507,2.1438027917460425,-35.04119741659832,-0.2502942672614165
799,0,1.6071676400765853,7.064403104960349,-219.7806000330592,-1.5477507044581635
799,1,0.1948485487877057,0.8620707880707807,-16.23914234120656,-0.1331077241082504
799,2,0.5831567083233932,3.110495098223552,-64.86428795968662,-0.5189143036774929
799,3,0.6986030743567951,5.560699459222638,-109.66864700118536,-0.6489269053324577
799,4,0.2888565249850566,1.544639991376502,-31.23795414399073,-0.2028438580778619
799,5,0.3686003218765408,3.6558714682018913,-49.74590999524946,-0.3051896318726961
799,6,0.4761088797296556,2.468212148968564,-82.26633428551699,-0.411331671427585
799,7,0.2663922369437023,1.5226690050391392,-28.48437279744455,-0.2049235453053564
800,0,1.1115419693847688,4.73854379036727,-138.86598373591406,-1.0520150283023793
800,1,0.1767798038747985,1.0768369815140024,-13.010325147120744,-0.1121579754062133
800,2,0.3111086605376024,1.4131723120202602,-30.671712951848377,-0.2473525238052288
800,3,0.4662997805601754,2.919740650537395,-70.15995447609816,-0.4176187766434414
800,4,0.3771406198801875,1.824499137782826,-50.09918346912209,-0.298209425411441
800,5,0.2496582618102291,2.1097051014926254,-26.22183437060693,-0.1796016052781296
800,6,0.5011399955452049,3.6044896125260415,-81.10270695835604,-0.4291148516315134
800,7,0.2661064944845557,1.5848656635271805,-28.48481354854597,-0.2049267161765897
801,0,0.6319208857124126,3.34221519266512,-79.5926386841085,-0.5767582513341195
801,1,0.1391698811003311,0.8706650842656952,-9.43790485530029,-0.0773598758631171
801,2,0.407770423979817,1.9568668534080944,-43.00675046520742,-0.3440540037216593
801,3,0.4697044465837997,2.5972637922410176,-76.7892528278999,-0.4242500156237563
801,4,0.2882198783867812,1.3660098754968306,-30.213620635207143,-0.2000902028821665
801,5,0.3575498788699489,1.8761159771267144,-45.15996711692827,-0.2913546265608275
801,6,0.5409642168875974,3.49489951024291,-93.52449245453415,-0.4723459214875463
801,7,0.3528546462515016,3.7362561391014335,-42.077699309428496,-0.2922062452043645
802,0,0.7685648524538707,4.545116005342357,-105.96202718179674,-0.7159596431202483
802,1,0.1702483012808512,0.4943182510027596,-13.440479332907524,-0.1083909623621574
802,2,0.4110477582531439,2.343446289985394,-43.86966745005413,-0.3481719638893185
802,3,0.3081304998257003,2.3063442942520376,-49.27128886290495,-0.2648994024887363
802,4,0.3718201873201482,1.7828279274556158,-42.14003188667705,-0.2828190059508527
802,5,0.2606735403152676,2.184404511807194,-29.19825761223762,-0.1920938000805106
802,6,0.4147193356465695,3.20362977393189,-59.91632025702286,-0.3385102839379822
802,7,0.3376531133037098,2.1888672158981954,-37.6697720872029,-0.2749618400525759
803,0,1.3424089190579345,6.844465828711409,-177.18384408109068,-1.2839408991383383
803,1,0.2971955086906165,2.0083476165696608,-32.57672339198592,-0.2413090621628587
803,2,0.5630175459820802,3.909641695583113,-63.28076687099848,-0.4982737548897518
803,3,0.7215525399394638,4.482545420960806,-115.00453748123628,-0.6725411548610309
803,4,0.2776910064064635,1.4971917974126103,-30.418105207908443,-0.1925196532146104
803,5,0.352973702671618,1.756039833680693,-43.75481670909146,-0.2859791941770683
803,6,0.437535478277076,2.37679841608257,-72.69053328440465,-0.3689874786010388
803,7,0.2387110822108039,0.860759844444743,-20.027987820450385,-0.1668998985037532
804,0,1.5038101385674876,10.993815787267057,-194.73122834606917,-1.4424535433042158
804,1,0.3267442319872065,2.112805006944654,-37.90946044474428,-0.2727299312571531
804,2,0.4377736920068341,1.9674502358159416,-44.57637850976574,-0.3714698209147145
804,3,1.03179715467602,5.645700137349452,-168.9112166224113,-0.9820419571070425
804,4,0.2881950161554144,1.1231131089029869,-31.222505953700814,-0.2014355222819407
804,5,0.3149268872019599,1.8842633586439972,-36.04310242182582,-0.2451911729375906
804,6,0.5692161348159086,3.238111171996757,-96.358660458167,-0.4992676707677046
804,7,0.3079964059028459,1.9204816837568264,-36.70579657497967,-0.2496992964284331
805,0,1.0438925532260068,5.1076347577811765,-128.79108406986435,-0.9831380463348424
805,1,0.1682696397845494,0.7868356991848963,-10.058028108829117,-0.0957907438936106
805,2,0.5785194925664618,2.6021387416069914,-59.68430243047682,-0.5101222429955283
805,3,0.7499077305314035,4.787863480349192,-118.4418444638722,-0.7008393163542733
805,4,0.3264026804103904,2.2771283071264588,-35.9433161441965,-0.2380352062529569
805,5,0.24436631809447,1.4608315566965815,-25.09828834818513,-0.1730916437805871
805,6,0.5861794500544978,5.239968912497764,-95.32305115467749,-0.5124895223369758
805,7,0.1951539563521869,0.9170166136788682,-15.584515337469274,-0.1256815753021715
806,0,0.7992512816044763,3.402002573677496,-92.22900742560616,-0.7378320594048493
806,1,0.3604550661056528,3.123986112746411,-35.63793969263459,-0.2969828307719549
806,2,0.3607239293021609,1.406999174259706,-33.85403566945261,-0.291845135081488
806,3,0.5386839110587116,2.736028537544809,-79.08086822205719,-0.4881535075435629
806,4,0.298550919221443,1.0488238880228928,-34.029111339762885,-0.2140195681746093
806,5,0.1841514623341872,0.9671605101974564,-15.772159554183776,-0.1110715461562237
806,6,0.6307744729310371,4.041006151715647,-113.12070062085814,-0.5656035031042908
806,7,0.219154419784713,1.2581712859266598,-19.22079573300219,-0.1513448482913558
807,0,0.8606040664724645,5.430774318939928,-114.44392520055092,-0.8059431352151473
807,1,0.343236888264265,1.2940834831090149,-29.896618558559474,-0.2742809042069676
807,2,0.4979998446396572,2.077265205905805,-52.34788033986194,-0.4326271102467929
807,3,0.6321520493617154,3.346341842175427,-94.76630972410248,-0.5813884032153526
807,4,0.2595337951403086,1.7016914324329389,-28.380475341116355,-0.1762762443547599
807,5,0.2420405512277538,1.150136722216467,-24.5397686780319,-0.1704150602641104
807,6,0.7206817806732876,5.423710002107332,-123.42609594561944,-0.6496110312927339
807,7,0.2262746007049436,1.4804510155260364,-17.695730318891297,-0.152549399300787
808,0,0.6905811070498259,3.925925866628107,-90.366048992989,-0.6363806267111902
808,1,0.245474164025923,1.0404466566185349,-20.41965088635176,-0.1791197446171206
808,2,0.3859502352562926,2.4872512202169976,-36.870018471515706,-0.3178449868234113
808,3,0.6295959011750976,3.745313241941378,-93.0730207469884,-0.5780932965651454
808,4,0.2404393356992749,1.1746341421424251,-25.569816960996363,-0.1578383763024466
808,5,4.132464294522923,24.21653421858946,-813.4429053139679,-4.067214526569839
808,6,0.8032999356829618,7.684247980178891,-147.03125230018327,-0.7351562615009164
808,7,0.1386235159375012,0.658996450538413,-9.888393358446171,-0.0737939802869117
809,0,0.7983739543391147,4.446032478615373,-101.66732569283894,-0.7420972678309412
809,1,0.1935499033800872,1.2285743810710823,-14.101395560543937,-0.1259053175048565
809,2,0.6452827939685223,3.4631216607649504,-64.23933962215484,-0.5735655323406682
809,3,0.5025345474439636,2.717332173036165,-75.18004956161803,-0.4528918648290243
809,4,0.1890032814003935,0.9996650044360822,-15.477735961743264,-0.1011616729525703
809,5,0.3607050330252208,3.736107594673215,-44.51696025457172,-0.2928747385169192
809,6,0.6763296902856826,6.919212277893037,-121.533160150655,-0.607665800753275
809,7,0.1910624663110257,1.0909490005294005,-16.532421946442547,-0.1252456208063829
810,0,0.709004751390813,4.114797298066507,-89.49084031326251,-0.6532178125055658
810,1,0.1897220197686493,1.0964206520483584,-14.42978121062005,-0.1243946656087935
810,2,0.3382156555211663,1.3351906603733477,-36.39314228394731,-0.2778102464423459
810,3,0.5610839434918998,3.755892605935764,-83.1894760306158,-0.5103648836234098
810,4,0.3473558314108088,2.212287283014221,-43.60942207704646,-0.265911110225893
810,5,0.1973612689221475,0.9600736248905608,-16.236512302799024,-0.120270461502215
810,6,0.4019109445795545,2.620270255299461,-65.95819153154393,-0.3331221794522421
810,7,0.2619913208262312,1.4671299442355823,-25.859019684056506,-0.1973970968248588
811,0,1.28953109795521,7.518907736753673,-180.08902560119833,-1.2334864767205365
811,1,0.2054731056061371,1.327325141365214,-18.57780374858364,-0.1462819192801861
811,2,0.3122624774832114,1.6969389159888717,-30.784511938418,-0.248262193051758
811,3,0.8135712543979122,5.015723731438993,-129.88643139690382,-0.7640378317464931
811,4,0.3792587952591664,3.302013362291297,-44.77967415503294,-0.2926776088564244
811,5,0.3231467565197792,1.7911809803860568,-38.44579351729124,-0.2546079040880215
811,6,0.4312328758669966,2.1853426431794447,-73.12011996122497,-0.3656005998061248
811,7,0.1442347751712999,0.5873898306248597,-11.430158957680945,-0.0822313594077765
812,0,1.78408252437518,10.541114328467186,-236.02051739993743,-1.7227774992696163
812,1,0.1642160679467765,1.0764099471908013,-13.606080552455564,-0.1054734926546942
812,2,0.5757065478236912,4.37484925158113,-63.72013371694115,-0.5097610697355291
812,3,1.0093601289606822,6.611109270698459,-181.0925936764825,-0.9632584770025664
812,4,0.2472423044949028,0.9021266478814948,-24.41830720983502,-0.1595967791492485
812,5,0.2940300653287243,2.003989778462788,-36.12575209814099,-0.2286440006211455
812,6,0.4789354788329115,3.701919663984429,-83.89900618542383,-0.4194950309271191
812,7,0.1972100112564156,1.2555515122633842,-18.0923471427248,-0.1340173862424059
813,0,0.9535846783043588,4.286544735021114,-120.8145946927254,-0.8949229236498177
813,1,0.1439816606419692,0.7018061681169836,-9.550411734770249,-0.0802555607963886
813,2,0.3947301601573427,2.8685321856011723,-40.51309847798696,-0.3293747843738777
813,3,1.1132892304489386,7.142352474225387,-195.04326650986337,-1.06581019950745
813,4,0.3845573240453931,1.8949630426942876,-50.17699980525511,-0.3041030291227582
813,5,0.1687779079313887,0.8302295476879539,-13.510329675171862,-0.0951431667265624
813,6,0.4056203019467517,1.8647995159680155,-64.7780474633947,-0.3356375516238067
813,7,0.2788803302015361,1.654654145304039,-30.78062538019197,-0.218302307660936
814,0,1.1368642815388077,5.550980205277389,-142.13700484417353,-1.076795491243739
814,1,0.1870913602579249,1.0776595238741,-13.371468799557544,-0.1193881142817637
814,2,0.4357604097646607,2.5097108061329503,-45.22357898832252,-0.3706850736747747
814,3,1.113439993181544,6.197407256989117,-188.29859646063505,-1.0638338783086727
814,4,0.3512964306969555,1.607671698586812,-39.05011615012744,-0.2620813164438083
814,5,0.2260031416952229,1.7463306419446525,-23.08460762910344,-0.1559770785750232
814,6,0.5813429361903724,4.363079704076188,-100.22948264418014,-0.5113749114498987
814,7,0.2261063571326612,0.9638916916443266,-19.68117976322645,-0.1574494381058116
815,0,1.2365939678188245,7.3755527029281,-161.35030427264013,-1.1777394472455485
815,1,0.1753823438788375,1.058003200701479,-15.411994052218072,-0.1176488095589165
815,2,0.3709144841367653,2.266208686317052,-37.59127156113939,-0.3056200939930032
815,3,0.5273744449852124,3.4056967962666644,-81.41200584537053,-0.4788941520315913
815,4,0.4166394616790891,2.897225543937753,-57.86800262649428,-0.3384093720847618
815,5,0.1797999323091663,0.8818709698755177,-16.060675175518533,-0.1092562937110104
815,6,0.4373888029692109,3.606748468263927,-74.04205339671228,-0.3702102669835614
815,7,0.279206986380844,1.8951006196388325,-28.00953117136357,-0.2138132150485768
816,0,1.1931061617834302,6.625086084735439,-150.63710244225763,-1.1326097927989296
816,1,0.1720484487559294,0.5622083508236112,-10.616109187988489,-0.1001519734715895
816,2,0.3340173139178326,1.459864727129348,-34.05766841944883,-0.2702989557099113
816,3,0.5763549560400554,3.533873759923727,-87.42678055359983,-0.5266673527325291
816,4,0.2824796470149998,1.6259230638402296,-31.60179616114788,-0.1987534349757728
816,5,0.2009641442798877,0.8251719503914722,-17.59428796193013,-0.1265776112369074
816,6,0.4542883597664209,2.2117991503115166,-77.3867559028459,-0.3869337795142295
816,7,0.2442223631479525,1.804953564260168,-24.94269849186692,-0.1820634926413643
817,0,0.8575209377160183,5.282465942201364,-100.3097379388755,-0.7961090312609167
817,1,0.3298511441008934,1.9935151987247597,-28.379728296013955,-0.2603644797799445
817,2,0.3703810149692542,1.7031425633956383,-35.69211100515749,-0.3024755169928601
817,3,0.6977033304607326,3.7658672840664673,-108.91453407655524,-0.6483007980747335
817,4,0.267942777933711,1.3726025238814268,-28.664492964554427,-0.1825763883092638
817,5,0.3148821605121201,1.1600838789965129,-34.53077423126436,-0.2431744664173546
817,6,0.4643308376355606,3.509236259133368,-80.38342132673361,-0.401917106633668
817,7,0.2344188806293916,1.7903390689089018,-22.617724198219488,-0.170058076678342
818,0,1.4212870227842491,7.8462735304667905,-180.7854313434215,-1.3592889574693343
818,1,0.2491971127438885,1.3043149821823632,-19.6323709768886,-0.1801134952008128
818,2,0.5210345517864995,2.431900463336344,-57.6682978774755,-0.4576849037894881
818,3,0.7572200647190565,4.747143420753849,-118.2065848479218,-0.7078238613648012
818,4,0.2927018987715067,2.1537730460780287,-33.78103877094065,-0.2098201165896934
818,5,0.3433022176471945,1.6470831234258207,-40.951863348302254,-0.2748447204584044
818,6,0.4495582284281013,3.2965904409499083,-77.30804635105625,-0.3865402317552812
818,7,0.215521994428557,1.6844344878097233,-19.48965759577911,-0.1499204430444547
819,0,0.8805254264531959,3.8531543092829343,-101.43954902292906,-0.8180608792171699
819,1,0.2426041262060495,1.6541459926990718,-20.928313706072604,-0.1788744761202786
819,2,0.4762611712763546,1.9707578010075464,-52.14556729291749,-0.4138537086739483
819,3,0.5541078585269595,5.416006050837397,-88.1941248895164,-0.5068627867213586
819,4,0.2238573980786855,0.7864924127013226,-20.500232127524285,-0.1357631266723462
819,5,0.5354740709805554,3.467443202560383,-74.31437962974637,-0.4703441748718124
819,6,0.4413036244401785,3.280948382953252,-71.5800463238511,-0.3708810690354979
819,7,0.2892103015256776,2.868987105890811,-31.93963609420107,-0.2281402578157219
820,0,1.0199855280983454,5.6686981513711405,-120.69998382759962,-0.957936379584124
820,1,0.1412164887002515,0.8134383219255776,-9.0976080170651,-0.0770983730259754
820,2,0.4224468450804786,1.938187225937869,-45.79178249445828,-0.3605652164917975
820,3,0.5495714257917502,4.787701029182739,-84.05613512191032,-0.5003341376304186
820,4,0.3179116857930987,1.856988046301649,-38.80601649360856,-0.2366220517902961
820,5,0.2006799220452978,0.9870026892677172,-17.87134636834258,-0.1267471373641317
820,6,0.3840485874788843,2.0805006777951944,-63.76086750138363,-0.3188043375069181
820,7,0.2435356876400638,0.9925924109701116,-20.879122118455427,-0.1725547282516977
821,0,0.6703780834022565,3.6055472260897736,-82.86113686275054,-0.6137861989833373
821,1,0.2052221739306212,1.0565492649454975,-19.015782153962583,-0.1462752473381737
821,2,0.5691101003297447,2.777376079015246,-69.31863631777445,-0.5096958552777533
821,3,0.5358762678863453,3.222404205422813,-78.49501502919503,-0.4845371298098458
821,4,0.2272941176206181,1.7885648883347491,-29.059310757429365,-0.1553973837295688
821,5,0.1948219880934258,1.33885460672622,-19.681834173595085,-0.1278041180103577
821,6,0.3956740361830358,3.116634733089266,-63.94286814454018,-0.3262391231864295
821,7,0.2226827658298216,2.39171855441606,-24.68552686222675,-0.1656746769276963
822,0,0.8116105873424162,4.702119933700359,-104.96738250047773,-0.7551610251832929
822,1,0.1803865300686289,0.8106305868845224,-13.662091690585816,-0.115780438055812
822,2,0.4704639277346761,3.4082131974694576,-55.45288945404856,-0.4107621441040634
822,3,1.004974791159551,5.914921829596157,-156.3170840385708,-0.9531529514547
822,4,0.2640977372800888,1.1909893426601503,-29.020911582148727,-0.1813806973884295
822,5,0.2174364822094388,1.1182775843931294,-21.2032863048066,-0.1462295607228041
822,6,0.567603548518832,5.418553873295,-99.9645053951456,-0.499822526975728
822,7,0.2109139748456844,1.3036217611077747,-22.66613874533673,-0.15314958611714
823,0,0.7407102962551382,4.701918611073525,-90.7702997584852,-0.6824834568307159
823,1,0.1873389052130665,1.4445904539403491,-16.02882268871987,-0.1272128784819037
823,2,0.5835617852759313,3.2474615576512447,-63.08042289242968,-0.5170526466592597
823,3,0.9133841445467512,5.725659738457145,-149.48341349155535,-0.8640659739396264
823,4,0.2619552285816374,0.9183115769358752,-26.965160834276617,-0.1750984469758222
823,5,0.2280993570601144,1.7429722666663738,-23.949681486000493,-0.1596645432400033
823,6,0.3380960649289353,3.267468900456528,-55.42169792878281,-0.277108489643914
823,7,0.2280774043641425,1.4451614898252538,-20.865427416579337,-0.1617474993533282
824,0,0.7100679971294493,4.137810451837623,-84.66958600518166,-0.6513045077321666
824,1,0.1783928570524382,0.676896197506434,-12.05884465785156,-0.1096258605259232
824,2,0.5183338713145933,2.7659039987825342,-50.98753953454932,-0.4472591187241168
824,3,0.9148133542524768,5.147530045798333,-147.84227099607335,-0.8645746841875634
824,4,0.2644754572476355,1.0136475694189175,-28.742588127573782,-0.1807709945130426
824,5,0.156000018194396,0.8464148711069428,-15.659337565352695,-0.0937684884152856
824,6,0.4204951557303573,2.7811895691416084,-66.37747501409466,-0.3493551316531297
824,7,0.1317840183081945,0.5277521591668911,-8.685726083252916,-0.0658009551761584
825,0,0.695677410009769,4.447001538205777,-87.67486879238722,-0.6399625459298337
825,1,0.1615338103055574,0.5568429624953805,-10.520442994898689,-0.0939325267401668
825,2,0.5792092811350945,3.175965380570682,-58.50193861483449,-0.508712509694213
825,3,1.0892289174095844,8.057969524354888,-171.03295828897168,-1.0365633835695254
825,4,0.3369138444985439,1.5304978864666108,-41.68626346853995,-0.2557439476597543
825,5,0.2208414942424456,1.6930118725262229,-24.278227788852544,-0.1546383935595703
825,6,0.4993762133400606,4.755662483617762,-88.07827497195764,-0.4403913748597882
825,7,0.2110513088937045,0.8776650133286309,-18.643493364891263,-0.144523204379002
826,0,1.035530005385377,7.730509660109689,-136.14779607641276,-0.979480547312322
826,1,0.3082372207810381,1.5334800215618305,-28.599100096359077,-0.2444367529603339
826,2,0.5242232089268513,3.7152014036413306,-57.38563191569547,-0.4590850553255637
826,3,0.6500118539219648,4.592497472740567,-98.23835687580308,-0.5990143711939212
826,4,0.2475862806157956,0.9971796151720148,-27.25164041615981,-0.1661685391229256
826,5,0.2806730753699057,2.1188658195427874,-33.76546780308806,-0.2150666739050194
826,6,0.4547438737145373,3.712260068341154,-72.30290185616315,-0.3825550362759954
826,7,0.1229498718509862,0.5482607804139062,-7.946719110528444,-0.0588645860039144
827,0,0.8416413412375969,5.706020445702941,-110.09897558532484,-0.7864212541808918
827,1,0.2146920240032644,1.0213507558919197,-15.7780538225938,-0.1447527873632458
827,2,0.4576397705811944,2.743918481608596,-44.90810879529075,-0.3871388689249203
827,3,1.0087608319658905,5.235296347480433,-159.94050860616525,-0.9577275964441032
827,4,0.2162873430552767,0.7873933505461622,-20.60107944486107,-0.1312170665277775
827,5,0.1825073851786621,0.8501158417682505,-19.953536068352044,-0.1202020245081448
827,6,0.3725649861944078,3.344091355025867,-61.46913213939262,-0.3073456606969631
827,7,0.1777476037178861,0.829238642125634,-14.85293940132714,-0.1125222681918722
828,0,0.7112247803705133,4.160126287654137,-89.03969737037716,-0.6547036571351261
828,1,0.1384094021722094,0.5574549966804726,-8.574115690660923,-0.073283040091119
828,2,0.4723035662276494,3.419712609065204,-49.49191375917975,-0.4056714242555717
828,3,1.3743675637702837,9.679018029358048,-199.7638729899554,-1.32293955622487
828,4,0.3046854626571741,1.0340574351990597,-33.620223549945464,-0.2183131399347108
828,5,0.2354315440173129,1.919268195889098,-27.696263082715465,-0.1720264787746302
828,6,0.4199216847003816,4.665176906559442,-70.56548879260966,-0.3528274439630482
828,7,0.163781848464885,0.7390510681042499,-13.25731764529982,-0.0989352063082076
829,0,0.7166309301210898,4.486748968111597,-85.48823947886385,-0.6576018421451065
829,1,0.1994400555148403,0.9926069601252072,-15.532390852073966,-0.1338999211385687
829,2,0.5670989793685565,3.5525274056795726,-59.48066375876381,-0.4998375105778471
829,3,0.5240769415377637,3.0202041493476903,-76.20190785328984,-0.4733037754862723
829,4,0.2802689664231941,2.127086724428253,-31.59033958885225,-0.1974396224303265
829,5,0.1689532562912802,0.7028447154555465,-15.461228143840094,-0.1010537787179091
829,6,0.4450660410297694,4.289412572543654,-76.75571274970733,-0.3837785637485366
829,7,0.2182054680989597,1.5303138911513543,-21.52580116365348,-0.155984066403286
830,0,0.8569958628045392,4.74315433223946,-119.90501227455286,-0.8047316260037105
830,1,0.1217769959532373,0.4990283523053245,-5.953347031461694,-0.0531548842094794
830,2,0.3590149443424928,1.525071524603644,-37.2321985248759,-0.2954936390863166
830,3,0.5575634093524202,3.387089074545521,-88.74440632468556,-0.5100253237050894
830,4,0.3021982134611172,1.1330922361630342,-34.04695919365824,-0.2168596126984601
830,5,0.2078457604058157,1.1205042971317274,-20.953709557465576,-0.1396913970497705
830,6,0.5188779495863883,2.7523392974192205,-90.58755709564836,-0.4529377854782417
830,7,0.1440955875885028,0.6274817035260081,-9.530406815618289,-0.0756381493303038
831,0,0.8502603697205743,5.67081501526406,-111.96382296534016,-0.7940696664208523
831,1,0.21263479491396,1.080646155476991,-16.840346565267776,-0.1464377962197197
831,2,0.3659728848834691,1.959618249593437,-39.84240937339508,-0.3041405295679014
831,3,0.4731908361830903,2.5413999742111915,-73.63894060434983,-0.4256586162101146
831,4,0.3012154600061074,1.1320672010549455,-39.08278748018465,-0.2246137211504865
831,5,0.1714398623648153,0.9361265119141,-16.065796743569845,-0.1043233554777262
831,6,0.4249647900785158,2.1139886253398283,-65.12621663819101,-0.3520336034496811
831,7,0.1799290462192995,0.7037704528939441,-17.09450296747811,-0.1195419787935532
832,0,1.1087823022823475,6.097238396524188,-140.58476008069024,-1.049140000602166
832,1,0.1912322464670903,1.1192851379128297,-19.42241740866205,-0.1377476411961847
832,2,0.275107884847977,1.672202548839406,-25.777247522159943,-0.209571118066341
832,3,0.6300608588733826,4.541941402561472,-96.92710466746716,-0.5804018243560907
832,4,0.3463773708018818,1.5299362856784318,-40.71185133310728,-0.2609734059814569
832,5,0.1743459478419395,0.5935961107689312,-15.185666082996088,-0.1033038509047352
832,6,0.406459514602815,2.0220564936391496,-60.879318138139176,-0.3326738696073179
832,7,0.2332114987716285,2.207221340727471,-24.621850574980066,-0.1733933139083103
833,0,0.9558926319675648,5.366031291286808,-123.9938780633378,-0.89850636277781
833,1,0.1883576258445884,1.30732360663889,-16.126695646897524,-0.1279896479912501
833,2,0.3430114396131926,2.1378903356743195,-33.41372853592805,-0.2761465168258517
833,3,0.5787351267523844,2.643730890146609,-87.78548522569864,-0.5288282242511966
833,4,0.2980355325129888,1.4098174802241,-33.98202647824794,-0.2137234369701128
833,5,0.1587782994080755,0.4998986398725199,-13.685825308450266,-0.0906346046917236
833,6,0.4041429270424965,2.3942546767393003,-67.61705213550044,-0.3380852606775022
833,7,0.196918125948025,0.621150658627744,-15.82470504144434,-0.1276185890439059
834,0,0.7790850052132852,4.0058854659903815,-92.7151872968006,-0.7187223821457411
834,1,0.1287601035132736,0.6825789082237305,-10.199377860952984,-0.073908535224297
834,2,0.3487572148994948,2.1254886905600485,-33.43902866112917,-0.2810002408498249
834,3,0.7090835309678387,3.9682424425544816,-105.73346727784796,-0.656729610421416
834,4,0.1983006787928111,0.7547248392524611,-19.879379801896437,-0.1183296416779549
834,5,0.178775955510307,0.943380206556896,-16.796792326261,-0.1105052126727697
834,6,0.5689356233133376,4.2416010689621935,-100.17001859506269,-0.5008500929753134
834,7,0.2625617271890051,1.6373791107134037,-29.79493569349309,-0.2040749020102266
835,0,1.0559521128664706,5.447606692054495,-132.4518739537096,-0.9958787515316512
835,1,0.2246172257007951,0.9630789699505592,-22.537195165549697,-0.1681880236235052
835,2,0.4792484180369668,2.127974936935646,-52.47957976427304,-0.4165046013037543
835,3,1.3611920452742514,6.037975356439859,-229.2750954971489,-1.3101434028408507
835,4,0.240005487105706,1.0272319530467189,-23.039552217587485,-0.1515760014314966
835,5,0.2499991014391001,3.4585354530306582,-37.15496208942812,-0.1955524320496216
835,6,0.5570971768068489,3.126870421903094,-97.91588231420788,-0.4895794115710394
835,7,0.1672072770419624,0.5997376666776817,-15.024942839032809,-0.1065598782910128
836,0,1.3594369790577674,6.067388205708561,-167.40000063702064,-1.2976744235427955
836,1,0.305725371988696,1.383461417607604,-30.731299706782085,-0.2458503976542566
836,2,0.3756492179433698,2.0495302744874326,-34.76090200747426,-0.3049201930480198
836,3,0.8568299933940833,5.443259472248702,-149.86102892082295,-0.8100596157882323
836,4,0.3399281348741038,2.07971797417625,-46.48712126777309,-0.2641313708396198
836,5,0.1827576726099263,1.2589004111043052,-20.740449363974303,-0.1220026433174959
836,6,0.419064178310889,2.7582398321153647,-62.345151638205714,-0.3444483515922967
836,7,0.1802416094154214,1.2333606970602289,-13.749798986733428,-0.1108854756994631
837,0,1.0468592184936578,5.128717153646581,-127.11828113115185,-0.9854130320244328
837,1,0.3401844802125577,1.7286198943422455,-35.73641870130992,-0.2813891236323615
837,2,0.5274145069402925,3.70727859495385,-53.65153725404036,-0.4585601474704304
837,3,0.6805575447021918,5.793561804531465,-111.40538595386792,-0.6329851474651587
837,4,0.5021548951836342,4.59034094029944,-71.43212556849761,-0.4226752992218793
837,5,0.2200915557119568,1.5594735686510446,-26.630512307306663,-0.1594641455527345
837,6,0.7089447209265934,4.65230296215588,-126.8036070007817,-0.6404222575797055
837,7,0.1633497255481888,0.8483393613950505,-12.530470764607948,-0.0971354322837825
838,0,1.6716623377974358,7.27348525276802,-222.2499650777384,-1.6105069933169447
838,1,0.3815524345240692,1.798955677680735,-40.96872013492354,-0.3225883475190829
838,2,0.5030872873367216,3.069916358352684,-50.25426272840539,-0.433226402831081
838,3,0.603384327320484,4.171240039869082,-89.49050825458148,-0.5524105447813672
838,4,0.2988114983269291,1.2804366673806022,-33.1863024707929,-0.2127327081461083
838,5,0.2205370191722894,1.1107201219786182,-24.75609028435617,-0.1556986810336866
838,6,1.05514020050295,9.764395815231486,-197.07687205679383,-0.9853843602839693
838,7,0.3036708385969635,3.3172936994414464,-36.36384266514729,-0.2457016396293735
839,0,1.3273058387317205,6.410195804127658,-180.17057256100435,-1.2688068490211577
839,1,0.3225102376059919,2.2299640570158634,-33.4774777635925,-0.2636021871149016
839,2,0.8496228013540073,4.917284833049904,-94.63741473547351,-0.7821273945080457
839,3,0.5706805809844108,4.066360797775911,-86.47601938858712,-0.5209398758348621
839,4,0.3117524637563872,2.9160218216338984,-39.913435371273046,-0.2334119027559827
839,5,0.1952166954190433,0.950293857737844,-18.977827180080048,-0.1265188478672003
839,6,1.1690271837630408,9.179478474026212,-209.12528973363817,-1.094896804888158
839,7,0.1760426792206997,0.8540646720679104,-13.600666544568789,-0.1079417979727681
840,0,0.9176166044903732,5.29435438961822,-116.99977588595588,-0.8602924697496755
840,1,0.146870498589338,0.6712722024017679,-9.5851120940282,-0.081924034991694
840,2,0.3138859820527352,1.9360273515999595,-30.285031264037823,-0.2482379611806379
840,3,0.4812053682770995,3.387041554955022,-74.06825888219787,-0.433147712761391
840,4,0.3141960743561541,1.7075405627745015,-39.10088570430585,-0.234137040145544
840,5,0.2161133785985781,1.4131524480322153,-23.110251309432435,-0.1490983955447254
840,6,0.4552082794161929,2.5244605886120497,-77.63127999742873,-0.3881563999871437
840,7,0.2718118334779932,2.581610334451358,-28.383606916701225,-0.2087029920345678
841,0,0.9405672857599692,4.634418909364327,-113.45386234211446,-0.8794873049776315
841,1,0.1671214030926245,0.6591941951799889,-10.940423616158537,-0.0985623749203471
841,2,0.3569899789020461,2.380009769213661,-38.34209942511804,-0.2949392263470618
841,3,0.5194030501643763,3.2729583113200165,-81.04734646965507,-0.4712055027305527
841,4,0.2598205291833803,1.0031931760969124,-28.23830766254013,-0.1764894228908758
841,5,0.2832338949348863,1.3307988337011514,-29.771179908126424,-0.2111431199157902
841,6,0.48895280841922,2.5861824326280782,-84.37715553396917,-0.4218857776698458
841,7,0.1833759512620608,0.7240792200393916,-15.548149395842028,-0.1177890105745608
842,0,1.3242228641375042,6.145501602976304,-175.85042752497571,-1.2651109893883146
842,1,0.1977204234098471,1.1295279061418282,-14.481672694105198,-0.1304655197667135
842,2,0.4917932976014865,1.6876304257423578,-54.10120420994256,-0.4293746365868457
842,3,1.8068841358102812,15.280944808380893,-351.8487215967219,-1.7592436079836091
842,4,0.3204397457210126,1.715395859451227,-36.89471031410782,-0.2349981548669288
842,5,0.2732643071157389,1.1858287333007873,-29.401382518493964,-0.2027681552999583
842,6,0.2947650708438484,1.3504108601057483,-46.36870619808118,-0.2318435309904059
842,7,0.1467482609950429,0.5769577648283348,-11.585754869212517,-0.0839547454290762
843,0,1.4361738523650232,8.24695585697118,-197.0654685535815,-1.378080199675395
843,1,0.2370938399808472,1.061730285574293,-21.17681995402071,-0.1750150409423199
843,2,0.4453901976965408,2.5103156816551024,-45.49289028318367,-0.3791074190265305
843,3,2.3644529427123238,13.408156818437991,-449.17941037054754,-2.315357785415193
843,4,0.2593703922082152,1.2976239331738484,-28.41894124798416,-0.1765151630309575
843,5,0.2072286193465028,0.8702965887219425,-18.1544872243735,-0.1315542552490833
843,6,0.4219074482218122,2.9603731168860623,-70.29225853764744,-0.3532274298374243
843,7,0.1347642028032765,0.6132817408259376,-9.913807066559576,-0.0723635552303618
844,0,3.677251920025316,21.05524811277505,-542.134335025927,-3.614228900172847
844,1,0.2709414184771748,2.2444263015596566,-22.302308496325438,-0.2027482590575039
844,2,0.3564777994800002,1.880844061521089,-35.194359728822256,-0.2908624770977046
844,3,0.5814545228016984,3.472230970505211,-94.05356659961276,-0.5343952647705271
844,4,0.2375584606766264,1.1360972050861295,-26.9703189512002,-0.1586489350070599
844,5,0.3311799881645224,1.786866624501934,-39.44959156196918,-0.2629972770797945
844,6,0.3947872528751764,2.221886893389232,-65.72442036805808,-0.3286221018402904
844,7,0.1435231642295974,0.8378865321721202,-10.010206466564682,-0.0770015882043437
845,0,1.3221367426139827,5.801238171155825,-167.53656628534324,-1.2596734307168664
845,1,0.2628223544725099,1.295120476689709,-25.2902078637188,-0.2023216629097504
845,2,0.349203392586861,1.767279903964726,-35.32834906472907,-0.2849060408445892
845,3,0.4799833688911019,2.8160688012380977,-74.39406864848755,-0.4325236549330671
845,4,0.2847722664230982,1.3471825496455423,-33.36870212170018,-0.2034676958640255
845,5,0.1768210576119896,0.9406357528746494,-15.70486002749869,-0.1061139191047208
845,6,0.3704945073689185,2.2045086613512783,-56.468505198929385,-0.2987751597826951
845,7,0.1199059750901524,0.3887462466482443,-7.362872016068149,-0.0553599399704372
846,0,0.8819663479778761,4.418549333812187,-108.47774663208467,-0.8218011108491264
846,1,0.2181046925676077,1.2594802328181,-19.40014696873889,-0.1577247721035682
846,2,0.6018927161421247,3.003290803633337,-64.22165254560028,-0.5351804378800024
846,3,0.9874719816804236,5.951430308034728,-162.4772492700384,-0.9391748512718984
846,4,0.3539140193482009,2.1328339242384957,-43.63358988442113,-0.2710160862386405
846,5,0.1900782571626818,0.8339618337947483,-15.453435936201007,-0.1136282054132427
846,6,0.4069480253905471,3.553765752946012,-64.87525728868242,-0.3361412294750384
846,7,0.1846887029193898,0.8078249505857753,-15.455464094975245,-0.1188881853459634
847,0,0.5828305057933248,3.189723918733035,-69.34498890066136,-0.5253408250050103
847,1,0.1636008598640242,0.8543853391642353,-15.027231904593398,-0.1088929848158941
847,2,0.3759887904614819,2.240678867015152,-38.54649622769343,-0.3108588405459148
847,3,1.0165238931428402,6.815196927947999,-171.18824236476817,-0.9671652111003852
847,4,0.3266274652008715,1.596293728031933,-40.978434500179866,-0.24685803915771
847,5,0.2514059579646276,1.1714463692039423,-26.849264866160212,-0.1814139517983798
847,6,0.4125110443656271,2.730041989000136,-63.88891187226009,-0.3398346376184047
847,7,0.229291391140317,1.772817771918566,-21.743040277130543,-0.1647200020994738
848,0,1.1787015894839366,7.21021571626266,-154.54930166404,-1.1199224758263768
848,1,0.1634386823468296,1.0846690362952471,-13.248296790778433,-0.1043172975651845
848,2,0.7408500799460224,4.772851258108988,-93.40966116235528,-0.6818223442507686
848,3,0.7306927191391994,4.521827309774926,-118.7920373644536,-0.6827128584164
848,4,0.2833546899678384,1.4699472836021743,-32.51830126822667,-0.2007302547421399
848,5,0.1828246730005677,0.6595245857268667,-14.883492396188874,-0.1078513941752817
848,6,0.3245837818637103,2.0333529248818163,-49.79176343900856,-0.2553423766103003
848,7,0.2827342850859395,2.0448081358455394,-36.05885451218693,-0.2282205981783983
849,0,1.2268141915215776,6.993513211478564,-150.1811727765581,-1.164195137802776
849,1,0.2322239746538847,1.28476335910071,-19.64110224544024,-0.1678726687644464
849,2,0.4816877189325296,2.69043914580595,-48.245424064926056,-0.4123540518369748
849,3,0.7960670907168739,6.2567687235563145,-124.52841023243764,-0.7456791031882494
849,4,0.2788955142317337,1.1160658322569952,-30.787991262396968,-0.1948607041923858
849,5,0.1990479237290025,1.2152860814420257,-17.737228997622648,-0.1257959503377492
849,6,0.3878232971099995,1.997536770075212,-60.556682937926446,-0.3170506960100861
849,7,0.1599583854930964,0.7682159162183816,-14.818724713503412,-0.1014981144760507
850,0,1.1326481724429265,7.055275738053456,-138.21140827342225,-1.0714062656854435
850,1,0.1493421908152926,0.5892138685771989,-10.834256340869665,-0.0880833848851192
850,2,0.307916458716777,1.1289794482598972,-30.932731609590437,-0.2454978699173844
850,3,0.440645709435447,2.5166500222000803,-69.71947770650952,-0.3938953542740651
850,4,0.3749853233411014,4.028546438394117,-49.03043382105097,-0.2935954121021016
850,5,0.1954250012647077,0.9087765599780648,-18.18874197943931,-0.1245804245167076
850,6,0.4909153372325885,2.913857345202453,-85.34644141287674,-0.4267322070643837
850,7,0.1263128754949379,0.6173417156808814,-7.702474672148138,-0.0597091059856444
851,0,1.3021738688818794,7.542040599382693,-162.4928050780534,-1.240403092198881
851,1,0.2195625951023474,1.4466436906711015,-20.528427489093545,-0.1603783397585433
851,2,0.4177581636480034,2.2758384923094166,-45.85672299026533,-0.3554784727927545
851,3,0.6459794387489325,3.814035243371288,-103.35838080315132,-0.5974472878794874
851,4,0.4914640351131958,2.254039228929068,-63.89079518829242,-0.406947740052818
851,5,0.223541667699974,1.1259175994856538,-21.54777251042377,-0.1506837238491172
851,6,0.4380529698656292,2.4301718487300854,-71.35645141486428,-0.3678167598704344
851,7,0.2206454690437717,1.302610958606294,-20.409654236502597,-0.1557988873015465
852,0,1.345077661522723,6.2144354072422,-177.3061883137361,-1.2848274515488125
852,1,0.2324267255163238,1.847155299368495,-21.275065369183256,-0.171573107815994
852,2,0.4859615111860305,1.987427419730228,-54.267710418468674,-0.4239664876442865
852,3,0.9725361405478888,5.50155843610731,-156.75051303930235,-0.9220618414076608
852,4,0.318955152269835,3.3615263578352,-38.00133346025622,-0.2360331270823367
852,5,0.1908577774717258,1.2055808032049689,-18.609729320705604,-0.1224324297414842
852,6,0.6749746456587746,6.118384370032565,-115.83072717591864,-0.6032850373745763
852,7,0.2810550218389502,1.7096975689931724,-29.955524152558784,-0.2186534609675823
853,0,1.577604170045682,7.295080487055221,-190.5918283480665,-1.5126335583179884
853,1,0.1922449351279083,0.8853336951438707,-15.634636351552729,-0.1292118706739894
853,2,0.4199324957511736,2.630458873960835,-46.401684754769406,-0.3569360365751493
853,3,0.3993314773827529,2.479425273071541,-59.36075654357149,-0.3512470801394762
853,4,0.2385299664580282,0.8849764756050734,-23.81904724468586,-0.1526862002864478
853,5,0.2239307010927045,1.7333529274956263,-26.11202634506089,-0.1601964806445453
853,6,0.3604157190131557,2.710957464740664,-59.25122796851896,-0.2962561398425948
853,7,0.1632777480057404,0.4966140790922676,-11.75975993413833,-0.0940780794731066
854,0,1.9369809543256131,11.55172092239631,-266.4988018603764,-1.8767521257772983
854,1,0.1695026064763268,0.9748413615946306,-11.873408197997769,-0.1032470278086762
854,2,0.5577028192245163,2.565891357314182,-61.078700927475765,-0.4925701687699658
854,3,0.7302376282427514,5.811764317364618,-119.39703236900532,-0.6822687563943161
854,4,0.3294430528253517,2.6408303736884564,-39.94726181774482,-0.246588035912005
854,5,0.2386825519513171,1.050271864598415,-26.532479324870906,-0.172288826784876
854,6,0.6145483264538328,6.198805979311865,-109.95890725316386,-0.5497945362658193
854,7,0.2635907675301503,1.5712834077926356,-25.901589501662716,-0.1977220572646008
855,0,1.2288100411117853,7.513445827890576,-159.01992462233602,-1.1692641516348237
855,1,0.3153448338830875,2.027313181517003,-31.859653054208128,-0.254877224433665
855,2,6.156383420653498,25.2966886050642,-1218.7779995133935,-6.093889997566968
855,3,0.959423163432762,3.8769066655700137,-148.79969401590645,-0.9073152074140638
855,4,0.2811880138946727,1.2053231583467412,-31.049475521709144,-0.1965156678589186
855,5,0.1982288555603065,0.9410630439724068,-21.611446289583192,-0.134232585649585
855,6,0.6175800698498343,5.657865949460274,-108.5239446574582,-0.5481007305932233
855,7,0.1898397389294601,0.8826046780512539,-17.064505360261926,-0.1264037434093476
856,0,1.5605726719619732,9.74112302800152,-202.26954375692424,-1.4982929167179573
856,1,0.1935399107604037,1.3092418825063503,-15.847520971543018,-0.1309712476987026
856,2,6.278306565827155,27.852841698228364,-844.0817182827991,-6.20648322266764
856,3,2.3123009019090506,18.32105775352141,-311.37203708813905,-2.256319109334341
856,4,0.2162697429059868,0.8541677597279285,-20.70399566728857,-0.13103794726132
856,5,0.3721791249604745,3.857430970279277,-44.82903012418274,-0.3028988521904239
856,6,0.4863670922245078,3.1972894252159123,-84.61996848789923,-0.4230998424394961
856,7,0.2095144619017269,1.015686680859939,-19.519340857203662,-0.1456667228149527
857,0,1.0333236593120343,5.160195115837069,-119.25533076141896,-0.9695555346456826
857,1,0.1582100334232187,0.949863077045007,-10.306223814840882,-0.0912055204853175
857,2,0.7395966263570968,4.301846839401264,-78.26957769108301,-0.668970749496436
857,3,0.9318949785445187,4.660113307231244,-147.95965378512224,-0.880712224911442
857,4,0.2975628469715554,1.932962789895156,-37.50754670162166,-0.2193423783720565
857,5,0.2711610671477152,1.4112420666376884,-29.657272146230508,-0.2017501506546293
857,6,0.3856938370778909,2.3171877720667404,-63.73302431307936,-0.3186651215653968
857,7,0.1264597910224708,0.42562646440589,-7.726936551076229,-0.0594379734698171
858,0,1.3226918728712722,6.734844855946087,-162.53266463326415,-1.2599431366919702
858,1,0.2618915531566688,1.9604086521063804,-22.34410299881454,-0.1960009034983731
858,2,0.8235159199761948,4.526346999303366,-89.74892782531266,-0.7541926708009468
858,3,0.819095679672036,4.36357753667773,-135.63623166620272,-0.7706604071943336
858,4,0.2588838799161476,1.2571965110013348,-27.49141594187313,-0.1739963034295767
858,5,0.2621486405990827,2.3871740618936426,-32.34539705828305,-0.1984380187624727
858,6,0.4223695046169892,2.5231465940060245,-71.26632213709493,-0.3563316106854746
858,7,0.2145766767553271,0.9144913436760124,-17.811857514680305,-0.144811849712848
859,0,1.0757748914282277,4.815273959729717,-134.00838358039593,-1.0152150271242115
859,1,0.2772722384980179,1.4905089869156871,-25.46539962526522,-0.2139949548341615
859,2,0.6746484628042676,2.7687646084404,-76.26085431499796,-0.6100868345199837
859,3,0.820628712543471,6.326751954056324,-128.52729741079028,-0.7696245353939538
859,4,0.2711208044073919,1.0461189571434897,-29.77384092883873,-0.187256861187665
859,5,0.2861508387793964,2.135444599281903,-31.42639978200561,-0.2152493135753809
859,6,0.4828448088541883,3.124765600705989,-83.48402095634253,-0.4174201047817126
859,7,0.233859065550181,0.9081499791564476,-20.462219023504986,-0.1650178953508466
860,0,0.7640653419974924,5.131059438485265,-99.31543191051875,-0.7093959422179912
860,1,0.1955969736520212,1.360095465098599,-15.842892882650318,-0.1331335536357169
860,2,0.2391161188555345,0.972070666572308,-22.423324292922377,-0.176561608605688
860,3,0.8318410932441396,3.81833190222913,-133.7293986388744,-0.7820432668940024
860,4,0.2320699775765179,1.0501122820202102,-24.44073414772788,-0.1499431542805391
860,5,0.3512908767804513,2.388418692258155,-46.27174392638449,-0.2874021361887235
860,6,0.4207417565214325,2.9668942843645705,-72.04475637084289,-0.3602237818542144
860,7,0.1623862094685086,0.900751129782591,-13.482026138336256,-0.0991325451348254
861,0,1.6805079494192785,6.979207174558044,-215.05429527760245,-1.616949588553402
861,1,0.1951538430785158,0.92636495643458,-17.311109097040383,-0.1363079456459872
861,2,0.317353811110229,1.6698370958402826,-32.31581489899676,-0.2544552354251713
861,3,0.6939824931388704,4.1919884599183925,-103.27866502646653,-0.6414823914687361
861,4,0.3504049315440342,1.4610385615091837,-44.0706335008346,-0.268723375005089
861,5,0.1788236844245642,0.7956102801315066,-14.843805795640495,-0.1052752184087978
861,6,0.4880784512523756,2.7628007527659424,-84.7176368358818,-0.423588184179409
861,7,0.3689660862672901,3.713207793049454,-45.51860781334906,-0.3096503932880888
862,0,1.3109108116794594,5.101670711356219,-153.16243939561136,-1.2452230845171657
862,1,0.1563624264297679,1.0982398516923595,-14.791137763175763,-0.1034345298124179
862,2,0.4438930954294233,2.513067938947278,-41.67357936472269,-0.3720855300421668
862,3,0.954381009636483,6.680667860786691,-138.4928008066878,-0.8993039013421286
862,4,0.3675133208856625,1.817608733808714,-44.01044647303198,-0.2821182466219999
862,5,0.2248223577984592,1.990980899450294,-23.352665807109283,-0.1556844387140618
862,6,0.7680559147030742,6.300431121741499,-140.1829965236455,-0.7009149826182275
862,7,0.1922466095245654,1.0735610248111052,-17.569420822258845,-0.1291869178107268
863,0,1.7686697227535009,10.150257859903316,-228.5579683027478,-1.7056564798712524
863,1,0.2388949189977418,1.5846616859265523,-21.885898875020413,-0.1779341371952879
863,2,0.7268206303707395,4.21131733086922,-79.94455150729507,-0.6606987727875626
863,3,0.7175697896930846,3.240920131313729,-105.7649235536005,-0.6651881984503176
863,4,0.2797941672583267,1.073109644851183,-30.814396474348943,-0.1950278257870186
863,5,0.2333029433118853,1.4647463282432631,-20.505297888961824,-0.1553431658254683
863,6,0.4669905481858417,3.9579415093351233,-80.4285947361686,-0.402142973680843
863,7,0.1794443419385643,0.8461176557138437,-13.04174047750518,-0.1077829791529353
864,0,1.2117330346507516,5.850655017960245,-139.78778222428224,-1.1458014936416576
864,1,0.1244129539167448,0.6845663596515762,-7.306164856122161,-0.0608847071343513
864,2,0.4135553206924183,1.795113499009723,-40.97526116437917,-0.347247975969315
864,3,0.8338859670262078,4.430772363781492,-124.22553677741392,-0.7812926841346788
864,4,0.3111738705585936,2.285427172825304,-37.30694717861998,-0.2288769765559508
864,5,0.2301204164966875,1.0972395447343966,-22.81159358644438,-0.1584138443503082
864,6,0.5805674138982471,3.6683096399486375,-102.82680685995152,-0.5141340342997577
864,7,0.1876699028781084,0.85990763626894,-15.714383896952064,-0.1208798761304005
865,0,1.209043095797084,6.514691717440033,-147.97100575638436,-1.1470620601270105
865,1,0.1833778199338616,1.2700869364065728,-14.039033207284676,-0.1189748576888531
865,2,0.4245563886990069,2.7221305115376992,-40.77704636410207,-0.3545830118617571
865,3,0.928195265814134,7.166551259534658,-138.69491210468723,-0.8778158993967546
865,4,0.3828951978145483,1.42834050480477,-45.67453199473508,-0.2965878700956823
865,5,0.3465349301904776,2.330729132244516,-42.17201485048072,-0.279284866559475
865,6,0.3813884448072763,2.4816176863041357,-63.255963271327175,-0.3162798163566359
865,7,0.1783347092471665,0.6578769700875227,-13.982593141295435,-0.1100991585928774
866,0,1.765125928673464,6.82641240159827,-208.64889878081976,-1.6963325104131688
866,1,0.3117396969115436,2.397490604356605,-28.05123205676324,-0.2460634390944144
866,2,0.3783572108862262,2.0506382803604324,-37.46056529393662,-0.3121713774494718
866,3,0.5907986797667957,4.559355630239084,-102.1963724334028,-0.5465046654192662
866,4,0.3628043203772018,1.77082241266241,-42.94020445360635,-0.2770335771200409
866,5,0.2166746777026137,1.0520865363899086,-19.73967067019852,-0.1420120192100613
866,6,0.3413791289644,1.814481333554125,-53.873077137161225,-0.2734673966353361
866,7,0.3628140772216471,3.231116306891089,-42.62141877962485,-0.3022795658129422
867,0,2.061640486918653,8.806058732378549,-278.088870616526,-2.000639356953424
867,1,0.2049433847438146,1.2740251349206877,-16.423821297630635,-0.14037454100539
867,2,0.4935639571769828,2.56976225943708,-46.75064405037361,-0.4211769734267893
867,3,0.6527303700953528,3.82480364311051,-110.45088655975128,-0.6068730030755565
867,4,0.3539244583179685,1.3177903383314402,-44.06371817542455,-0.2719982603421268
867,5,0.2481857820822578,1.5466559229533454,-24.44540293222341,-0.1746100209444529
867,6,0.5094030360115287,4.005296124270498,-83.59419492844901,-0.4376659420337644
867,7,0.1402478759308261,0.6671750792630723,-9.297686090442824,-0.0726381725815845
868,0,1.3244666396627744,5.780293459368076,-161.50521089487646,-1.2617594601162223
868,1,0.2470168299235273,1.365308053816335,-24.86312330910929,-0.1897948344206816
868,2,0.4794364839939717,2.6533058653624395,-49.40121191353196,-0.4116767659460996
868,3,0.7006898968632714,4.058133029993031,-106.55660766223478,-0.6497354125746023
868,4,0.3051145152743528,1.5875665634212806,-35.72211630703095,-0.2218764988014344
868,5,0.2594995608309858,1.7798127801156969,-29.059903108554437,-0.1911835730825949
868,6,0.5604360637920927,3.382158592551929,-98.92940866093224,-0.4946470433046612
868,7,0.2563768729507668,1.5598541398617438,-23.369816908593844,-0.1869585352687507
869,0,1.2785173338212203,5.504205737107096,-160.707471370384,-1.2174808437150304
869,1,0.1624826295346083,1.1434606333776165,-15.52006542333902,-0.1092962353756269
869,2,0.5681761093159671,3.5953703558728805,-57.25524665713781,-0.4978717100620679
869,3,0.6308254714416983,2.856986502867156,-95.80609868140748,-0.5806430223115605
869,4,0.325821823981577,1.5732079652649893,-36.54549116698582,-0.2388594193920641
869,5,0.1702253606587874,0.7649183080210127,-13.604954835114002,-0.0964890413837872
869,6,0.8175449918192613,5.856706319328817,-151.3596127979215,-0.7567980639896075
869,7,0.2441841164665563,0.9963991747537212,-20.738064469022927,-0.1728172039085244
870,0,0.6872699072685375,2.959471633845309,-79.66100630804829,-0.6272520181736085
870,1,0.1944300256256339,1.0331252614425588,-15.997237042274746,-0.1322085705973119
870,2,0.3396664559901136,1.421085206598269,-33.07629677473705,-0.2733578245846037
870,3,0.5505551341887317,3.86290477670936,-82.11582124762683,-0.5007062271196757
870,4,0.2602134731008484,1.1646404118221734,-28.47205185098099,-0.1768450425526769
870,5,0.181759556191188,1.3402902661866334,-16.285688187664014,-0.1107869944739048
870,6,0.5085221971799793,3.015667227753847,-88.30427705446284,-0.4415213852723142
870,7,8.053920554854015,33.81242123788276,-1598.383056171794,-7.99191528085897
871,0,2.0797190568003034,11.532949554429155,-286.6267814190989,-2.0184984606978795
871,1,0.1324447516455646,0.5144697219127817,-7.596544626879042,-0.0660569097989481
871,2,0.4039788335593932,2.265449137372872,-37.56999058071562,-0.3324777927496957
871,3,0.4569309080176154,3.2493464628505144,-68.614083472999,-0.4084171635297559
871,4,0.2926415865851319,1.6020297879354897,-31.71233852122347,-0.2059242761118407
871,5,0.2006805898838906,1.3016806020342104,-19.56038797354494,-0.1312777716345298
871,6,0.5609321847819403,3.2935480900688554,-96.38555526206363,-0.4917630370513451
871,7,0.3035664646356426,1.8724519660075627,-35.41345483060953,-0.2442307229697209
872,0,1.7938530119527023,9.427380640099264,-231.9807187132295,-1.7311993933823095
872,1,0.2052652922081941,1.2861607332192462,-17.95741477482172,-0.1448178610872719
872,2,0.3018067577683115,1.205284015964856,-29.3663719746913,-0.2368255804410589
872,3,0.7972654054228734,5.933297013250859,-123.90072970395973,-0.7463899379756609
872,4,0.3670973120025029,1.9362903053108744,-44.64001321244503,-0.28253172919269
872,5,0.2615066043986877,1.733778372311744,-32.28606910780466,-0.1980740436061635
872,6,0.6315708303561921,3.391476204685871,-112.73487726283606,-0.5636743863141803
872,7,0.3100980651891351,1.96697627492994,-31.73447190942405,-0.244111322380185
873,0,1.2841712346192198,5.883263588428424,-164.0169800365972,-1.2240073137059493
873,1,0.1816370966002831,1.0911909413490537,-14.194889196667198,-0.1182907433055599
873,2,0.4993514795947703,1.8562224649717212,-49.40970106030164,-0.4296495744374056
873,3,0.584330701225755,3.110452450909833,-87.61821921573971,-0.5342574342423153
873,4,0.2344595825357359,0.8254924111010418,-22.996355803577924,-0.148363585829535
873,5,0.2703623824208811,1.0737041223531898,-27.982373822937788,-0.1970589705840689
873,6,0.7057302139125257,3.527014194106449,-122.63534724381164,-0.6354163069627546
873,7,0.3939858665563122,3.2591987841396888,-47.33868048049752,-0.3333709892992783
874,0,0.9956294183666898,4.331079458794855,-123.56498243987996,-0.9360983518172724
874,1,0.1525889493588736,0.7903073249368986,-11.43934477868664,-0.0915147582294931
874,2,0.4108749610568343,1.853443508114731,-39.98446384436056,-0.3417475542253039
874,3,0.5965840464613992,3.75772339324466,-90.8027327976516,-0.5470044144436843
874,4,0.2505011911027382,1.686342169335489,-25.37860045481454,-0.1637329061600938
874,5,0.2366254424958167,1.4613277183801343,-26.080065859743904,-0.169351077011324
874,6,0.888549601367157,5.400851100309767,-147.06868198842102,-0.8125341546321603
874,7,0.2197375387270856,0.8294995777247366,-19.91822044182143,-0.1532170803217033
875,0,2.167531973211125,9.62898727714864,-290.2857220490988,-2.1035197249934696
875,1,0.2690352047318266,2.004711164192117,-24.695581747415968,-0.2057965145617997
875,2,0.5228270433038174,3.401967132895104,-58.81015480552785,-0.4594543344181863
875,3,0.6178543550172492,3.5778592314581203,-97.92049138166566,-0.5693051824515445
875,4,0.2649288804778529,0.927236728645458,-26.63649713351719,-0.1764006432683257
875,5,0.2567244103451802,1.7687516617636647,-27.14729051759328,-0.1859403460109128
875,6,0.5333843396143635,3.10445242172029,-81.45142704651627,-0.4575922867781813
875,7,0.2998644077446921,2.275999306111866,-33.9423343674549,-0.2390305237144711
876,0,1.2478027013545914,6.872018251992925,-167.8371677668289,-1.1903345231689997
876,1,0.1721541295512835,0.9658297474072952,-12.98369524782134,-0.1091066827548011
876,2,0.4082833044551497,1.7388302407725025,-42.26759619477187,-0.3436389934534298
876,3,1.127327635397836,8.435659358834334,-197.7008470213277,-1.0803324973843045
876,4,0.3540125131837713,2.088103168812465,-42.99002351804057,-0.2703775064027709
876,5,0.2029018973515718,0.916889601717868,-19.053286214066706,-0.1314019738901152
876,6,0.580885151501622,3.4464338886203905,-98.96344497939587,-0.5101208504092571
876,7,0.3515936909829836,1.8737136872750375,-33.98840203512432,-0.2808958845878043
877,0,1.6009930829954315,6.571079678139269,-204.6956655717259,-1.5390651546746308
877,1,0.1655862559029499,0.7110633919549043,-10.771846078525671,-0.0970436583650961
877,2,0.5184161288800512,3.751213034380021,-54.51424121450045,-0.4505309191281029
877,3,0.788748305902227,3.5591351260232567,-125.66416084883645,-0.7392009461696262
877,4,0.2047964609182369,0.7903151045191777,-21.992945904113697,-0.1271268549370734
877,5,0.2440615054897948,1.0877994012696477,-26.81844974820948,-0.176437169396115
877,6,0.7111222311136063,5.436546563298773,-117.8828361081952,-0.6372045195037579
877,7,0.3614530333082909,1.5474424652965308,-39.97043698520257,-0.2982868431731535
878,0,8.333408617432081,38.8386775634318,-1463.888085265189,-8.270554154040616
878,1,0.2703888872379976,1.2754418813612831,-25.963638544754065,-0.2093841818125328
878,2,0.3934468536727466,2.1833076030449248,-36.81970540491985,-0.3229798719729811
878,3,0.4931990099777358,3.2552705753283084,-74.21933495457483,-0.4444271554166157
878,4,0.2849286921007062,1.6941371540683696,-31.080622641285967,-0.1992347605210639
878,5,0.2707560079679962,1.309134008430192,-30.87469159252345,-0.2031229710034437
878,6,1.2766723438248495,10.251059724165762,-241.286549096931,-1.206432745484655
878,7,0.3978115185418746,2.953334526383559,-51.03405768230609,-0.3402270512153739
879,0,0.8614206815773615,4.622100437666143,-108.52016166242063,-0.803853049351264
879,1,0.208830673916968,1.1479784058608689,-18.923897355572525,-0.1490070657919096
879,2,0.3977146812493189,2.452664656259925,-38.01133890417876,-0.3276839560705065
879,3,0.5129084282579759,2.9438877530733123,-78.9861092440102,-0.4646241720235893
879,4,0.2104056221376561,1.726902584976295,-22.115563076757137,-0.1308613199808114
879,5,0.2411013608456259,0.9406569791249384,-23.359305563240955,-0.1668521825945782
879,6,0.6005297209089334,4.202480519399846,-96.9640579308778,-0.5269785757112925
879,7,0.3607905580883532,4.043671236697466,-42.24168442322642,-0.2995864143491236
880,0,0.954308767435228,6.082316985938552,-122.90155035044243,-0.8970916083973901
880,1,0.1504351214491087,0.7796667897385716,-10.357529535224073,-0.0870380633212107
880,2,0.3229387317782216,1.901232047141997,-34.90919162622401,-0.262475125009203
880,3,0.3705793568740974,2.918609566935756,-61.07118772997919,-0.3265838916041668
880,4,0.3491328734673554,2.5416161496064285,-40.29763774074888,-0.2616729723425252
880,5,0.2051733719259575,0.961016673097591,-21.014576973034423,-0.1373501762943426
880,6,0.4530649991620795,2.9343300949672098,-76.14554410918684,-0.3845734550969032
880,7,0.1255111167246644,0.57081963106774,-9.241940578626894,-0.0646289550952929
881,0,1.7729730849047785,7.201280573738307,-230.7780932026876,-1.7094673570569452
881,1,0.2133417840497504,1.068293355595293,-19.61022714905142,-0.1544112373941056
881,2,0.232408758812927,1.3858617337969283,-21.712300176661067,-0.1696273451301646
881,3,0.5964995588635894,3.5295169920799854,-93.10987201866656,-0.547705129521568
881,4,0.2999944163298699,1.0677041392419029,-31.641883490118147,-0.2109458899341209
881,5,0.2270780540082426,1.0525247447485404,-20.954850577694355,-0.1518467433166257
881,6,0.6174186429146039,4.429249221584624,-100.61925265903002,-0.5438878522109731
881,7,0.1695073738607141,0.8373965758018023,-14.58397282551088,-0.1064523563905903
882,0,1.125811039815247,4.965146537139746,-134.94218440134935,-1.062536885049995
882,1,0.2694198533389126,2.495788174858238,-26.6033273438634,-0.2094750184556173
882,2,0.6639693829467117,4.883339432014382,-73.39881427521004,-0.5967383274407321
882,3,0.5324528913200908,2.50765469469304,-85.42983330092581,-0.4853967801188966
882,4,0.2738136164597944,1.218458691533409,-27.39699032428685,-0.1838724182838043
882,5,0.3193493757021897,3.017137405809479,-35.6086903869667,-0.2472825721317132
882,6,0.7539633967228699,7.809004586829932,-136.9958966329116,-0.684979483164558
882,7,0.243900953329956,1.1443465981929846,-23.265006484473123,-0.177595469347123
883,0,0.9891964187746308,5.239977051827895,-115.94421507698796,-0.9275537206159038
883,1,0.2994735975502918,3.1198046233785024,-29.27431107449818,-0.2380025290609608
883,2,0.5236549953866019,2.9526222805509432,-50.64942914498306,-0.4522270459373487
883,3,0.826227585823554,5.991771547439288,-126.18140859161122,-0.7741190711141792
883,4,0.466882767317438,2.8034922027143554,-57.61672489305028,-0.3790574006121728
883,5,0.2696503832533976,1.653789347925402,-28.78243704226315,-0.1984995658087114
883,6,0.5445189727154064,3.602761170742617,-87.557243797867,-0.4707378698810054
883,7,0.1705354694368474,0.6073765205237365,-12.31660124982782,-0.1001349695107953
884,0,1.0424992139168614,6.212096610313219,-123.52221135314126,-0.9803350107392164
884,1,0.1969752298132366,0.9593464819250408,-16.67564778024334,-0.1355743721971003
884,2,0.4663925599474384,2.395840985279991,-45.12361106478855,-0.3958211496911276
884,3,0.8074980393679487,3.635999182638466,-127.20299448978302,-0.7571606814868037
884,4,0.2477379913317243,0.8985659603071736,-24.26603237220955,-0.1596449498171681
884,5,0.2657031114494576,1.6150775982323462,-26.63915198922329,-0.191648575462038
884,6,0.5013625677691484,2.6576100980607555,-76.5374892747505,-0.4252082737486138
884,7,0.1548021574925425,0.4980608572685612,-11.028225765711554,-0.0868364233520594
885,0,1.0893773947225942,4.907098753568885,-127.2530111849572,-1.0262339611690097
885,1,0.1980027061699811,0.9661776023898072,-17.720017754197798,-0.1384376387046703
885,2,0.4412815829058256,2.8254383591561205,-47.59692230560927,-0.3777533516318196
885,3,0.6660302167414434,3.949626763634183,-98.26958512709687,-0.6141849070443556
885,4,0.2934374603382151,1.3991649567078217,-31.530073992254884,-0.206078914982058
885,5,0.1859622613879062,0.801841398560155,-14.128709931442817,-0.1070356812988092
885,6,0.5418689783302725,2.9169985102419003,-93.67226323458772,-0.4730922385585239
885,7,0.2292788769316143,1.3559507788932268,-23.7703627066934,-0.1685841326715843
886,0,1.2079713574551874,5.412784786001394,-152.59849622653272,-1.1473571144852084
886,1,0.2547207910141013,2.380222818665867,-26.311993265344856,-0.1978345358296605
886,2,0.4850700737238648,2.0567730789090377,-55.52811685738752,-0.423878754636546
886,3,0.8800964133572379,4.387611416142459,-134.97017510553547,-0.8280378840830397
886,4,0.2344378700604311,0.8555322468389409,-21.55636341266212,-0.1446735799507524
886,5,0.1543905331225769,0.7853630825035866,-12.78996967421598,-0.0852664644947732
886,6,0.6291912744709367,3.7369916247467927,-110.92509478614365,-0.5602277514451699
886,7,0.2787511073721345,2.610799466433709,-32.46646546647829,-0.2208603092957707
887,0,7.69208249636677,38.71794917131591,-1526.0271593502266,-7.630135796751133
887,1,0.2016255397026157,1.22127371884796,-15.018543456755502,-0.1340941380067455
887,2,0.425873586748077,2.4016662593160927,-40.98082243605193,-0.3563549777047994
887,3,1.0585891722638985,5.795988468915061,-165.9702905348521,-1.0058805486960734
887,4,0.4602145356269674,4.30175796667321,-60.19038857524654,-0.3761899285952909
887,5,0.2564238468800745,1.1318801682056772,-26.35170242396664,-0.184277639328438
887,6,0.4184981183311332,3.2451405192212297,-68.35090993296319,-0.3487291323110367
887,7,0.2871429903042757,1.83739681266782,-27.84905043473644,-0.2192838616908381
888,0,0.9751429245697948,3.7566206755350415,-111.9630481863161,-0.9102686844415944
888,1,0.2116435762549545,0.867289361558461,-18.49736865856735,-0.150385111045263
888,2,0.5716292458820655,3.4461029574093844,-61.72623365701436,-0.5059527348935603
888,3,0.6489228851090343,3.884093000726709,-101.36059849867377,-0.5997668550217382
888,4,0.2873782517085406,0.9086336492973274,-28.37069918481534,-0.1956599943780368
888,5,0.2156014216182276,0.9656845499645078,-19.37623564750845,-0.1404075046920902
888,6,0.5747483738281104,4.4949436125583695,-94.30447541561853,-0.5016195500830772
888,7,0.2875119929038439,1.4464895936527695,-28.62187094463291,-0.2218749685630458
889,0,1.1186180829513142,5.575623300345994,-138.58775412723122,-1.057921787230773
889,1,0.2069596442793671,0.7132759047621969,-17.63381646559194,-0.1445394792261634
889,2,0.4691726779706834,3.168978321247033,-46.79229630992514,-0.3999341564950867
889,3,1.3137751982433397,9.384477642708491,-206.09296748818937,-1.2643740336698734
889,4,0.2557794566506591,1.6725624333758031,-25.17821910065299,-0.1667431728520065
889,5,0.2472002344823255,1.69250370847886,-28.674938851206612,-0.1814869547544722
889,6,0.6242712758615281,6.223897546254687,-111.60001365176576,-0.5580000682588288
889,7,0.2665795078885032,1.0616247729156132,-27.928934580432667,-0.2038608363535231
890,0,0.8853602026142388,4.295888961573915,-100.25859993596322,-0.8217918027537968
890,1,0.1908934316185816,0.7941587941009207,-13.12370355961405,-0.1215157737001301
890,2,0.730036483299958,5.5312768508596335,-80.78301666423982,-0.6621558742970477
890,3,0.5609295288217591,3.0644333359536,-84.29018337419396,-0.5108495962072361
890,4,0.3587693615762485,1.7712266776242132,-44.41313827136257,-0.2758580016854818
890,5,0.1963851897653339,0.6291812033428776,-18.44899211200501,-0.1255033477007143
890,6,0.4716055526502696,2.2919819125283287,-76.47081082858708,-0.4003707373224454
890,7,0.3269528887882701,3.2757915604356245,-34.27148494357946,-0.2616143888822859
891,0,0.8962987339585534,4.165539265806655,-106.90620091099476,-0.8352046946171466
891,1,0.197908955707445,1.3619816992573872,-18.23793164888675,-0.1402917819145134
891,2,0.4537776650717217,2.221063555636136,-43.39387553427716,-0.3840165976484704
891,3,0.7465889791020519,3.681046948707551,-122.25180757976948,-0.6985817575986827
891,4,0.4289319074767791,2.5615537197614224,-49.29860637712407,-0.3376616875145484
891,5,0.2470267487608996,1.4745920649872843,-23.79779754701658,-0.1724478083117143
891,6,0.7790676918406059,5.249831061684482,-127.38908469554346,-0.7038070977654335
891,7,0.2080772258478357,0.8128021289938528,-16.713846871488663,-0.1369987448482677
892,0,0.6979628786322394,4.4667017134346905,-83.04999960281476,-0.6388461507908828
892,1,0.1611166438595377,0.836685563165121,-11.096339038519291,-0.095658095159649
892,2,0.3757600364190023,2.466087467762743,-39.61468997819669,-0.3119266927417062
892,3,0.826230294648748,5.057415858000573,-126.99423520732158,-0.7743550927275706
892,4,0.3494682332791683,1.845610729082926,-39.09691427526774,-0.2606460951684516
892,5,0.1658858607846879,0.7063683424785273,-14.87755050841679,-0.0978786217658999
892,6,3.2848956586510303,23.177422614027567,-644.2008957030408,-3.221004478515204
892,7,0.1432611201419191,0.7096364953918645,-8.983425995081204,-0.0730359836998471
893,0,1.5978076613965506,6.615879972751494,-207.43929844637515,-1.5365873958990752
893,1,0.1636060373607567,0.9354070886579086,-11.407876087742473,-0.0983437593770902
893,2,0.5677076357256639,2.098209090617624,-57.212550582563146,-0.4975004398483751
893,3,0.5569802874345138,3.5900591742142005,-81.94856157177583,-0.5058553183442952
893,4,0.3649885808248021,2.744291635592963,-41.7080772399882,-0.2762124320529019
893,5,0.2048537523145605,0.8296733896783024,-17.94181715741025,-0.1300131678073206
893,6,0.7836020993103505,5.8815268808376855,-138.24140641342498,-0.7125845691413659
893,7,0.1754917040453051,0.5200046440791343,-12.458259235937977,-0.1038188269661497
894,0,1.2669849250772311,6.274176386205122,-149.12118539492056,-1.2025902047977464
894,1,0.1821616731543486,0.910579239776446,-14.361813855558545,-0.1196817821296545
894,2,0.4439030720241494,2.836204354458872,-45.9910212138942,-0.3769755837204442
894,3,0.5856184185602704,4.13821200448547,-87.7997855235132,-0.5353645458750804
894,4,0.3621236182816646,3.679075749281187,-44.03321635683288,-0.2769384676530369
894,5,0.3512370973597556,4.129608701220072,-49.65488860880091,-0.2903794655485433
894,6,0.5796055866683736,4.080414473963651,-96.51827934153808,-0.5079909439028321
894,7,0.2520954890898109,1.9175554984530088,-23.03075854398402,-0.1842460683518721
895,0,1.4674528621465623,7.50500264201573,-182.57479413331424,-1.4044214933331864
895,1,0.3294760678805231,3.232449578032768,-34.954471500198565,-0.2709648953503765
895,2,0.7379538090512362,4.72377701505092,-72.18957839669524,-0.6622897100614242
895,3,0.5797320496519668,4.396344019509026,-87.39288742176576,-0.5296538631622167
895,4,0.3851434447040754,2.653498430324193,-45.14162555295327,-0.2969843786378505
895,5,0.2863349099429969,1.812925197722684,-30.35666062522165,-0.2137793001776172
895,6,0.636108793684586,4.455336718137316,-113.9035083076674,-0.569517541538337
895,7,0.1744661715106228,0.794677695030434,-14.669768249002743,-0.1094758824552443
896,0,1.3298116679748535,5.482788134849814,-160.85298973252222,-1.2665589742718284
896,1,0.1943879692014645,0.7859892580559056,-18.321277809312672,-0.1377539684910727
896,2,0.5090358689479334,2.6404961956368256,-50.907506329836096,-0.4388578131882422
896,3,0.6895483936684305,4.216280505663738,-109.471872053945,-0.64018638628038
896,4,0.3879535249543586,1.2493679767746757,-44.499524509073645,-0.2986545269065345
896,5,0.1989857200071228,1.816826356194352,-20.23266628264513,-0.131380949887306
896,6,0.4492419100441807,2.8872544541108818,-69.617491602993,-0.3763107654215837
896,7,0.1874893769496858,0.8862796770037775,-14.224626125526076,-0.1165952961108694
897,0,1.0836797567424945,5.766439311897963,-138.37308200057737,-1.0249857925968695
897,1,0.1968818318063903,1.1002659627775042,-17.236175094229377,-0.1367950404303919
897,2,0.4446743767028542,2.755657872818177,-42.167451387739646,-0.373163286617165
897,3,0.7091657698232658,4.162539080117052,-105.94614783478822,-0.6580506076694921
897,4,0.2477699166294323,0.9417996792669816,-25.441384083759186,-0.1620470323806317
897,5,0.2763876208982235,1.556462045394407,-31.46245815631757,-0.2083606500418382
897,6,0.4696750499415514,2.4485591379990064,-74.77466259933927,-0.397737567017762
897,7,0.1953295010088886,1.0270605470476872,-16.20974120533852,-0.1276357575223505
898,0,1.316225935934062,5.880444951235644,-155.27834404871538,-1.2522447100702854
898,1,0.1695314829183313,0.737527672026025,-13.843726633147345,-0.1098708462948201
898,2,0.4904609216296154,3.221859805450161,-52.3593571308359,-0.4256858303319992
898,3,0.4854527196405975,2.3203440027706304,-77.24381760633267,-0.4388853273087083
898,4,0.2261856039252718,0.893335050107689,-21.65898588184533,-0.1397353927860989
898,5,0.2780660732944186,1.1483305911302557,-26.911078163183277,-0.200828941516293
898,6,0.4183840260290146,2.0446142627175865,-63.91438791224555,-0.34548317790403
898,7,0.1613426037479597,0.9252769900668816,-13.719124535175425,-0.0986987376631325
899,0,3.89457647446,17.561800871970597,-609.2129087334672,-3.8315277278834414
899,1,0.1342706510667288,0.4910104252727021,-8.911826096133872,-0.0724538707002753
899,2,0.5458936173122094,2.8660222530934965,-53.57143777446838,-0.4740835201280387
899,3,0.5759148812618945,3.2258247821460926,-87.39635035162603,-0.5264840382628074
899,4,0.28139087703572,1.2414369941015788,-28.814631432408056,-0.1920975428827203
899,5,0.2318380106284478,0.9760201285282766,-21.950584987279708,-0.1579178776063288
899,6,0.7538726162369915,7.375946812939039,-135.51148503305046,-0.684401439560861
899,7,0.2351453158417195,0.7940113692256393,-18.85792810053409,-0.1611788726541375
900,0,0.7814087387465571,5.700781493861301,-98.5121429702688,-0.724353992428447
900,1,0.1312827239641386,0.5988325146977328,-8.92137035127154,-0.0708045265973931
900,2,0.231948151587031,1.5120119127437108,-22.578850001164355,-0.1710518939482148
900,3,0.7301545924980974,5.08801192670138,-123.75304462869047,-0.6837184786115496
900,4,0.2762102544043792,1.4204266804759582,-28.341823390102466,-0.1876941946364401
900,5,0.2766827270465497,1.7803509361982643,-29.47701007036896,-0.2047014588220067
900,6,0.4325239336247861,2.7921114476827253,-73.56941920930977,-0.3678470960465488
900,7,0.156337485802937,0.6100403730334808,-12.019643544134087,-0.0910579056373794
901,0,0.6816012164418038,2.9716594549241324,-78.98093996552697,-0.6218971650828895
901,1,0.1195381215948439,0.444596552843474,-5.976541297183231,-0.0524258008524844
901,2,0.2731638202344159,1.324899335266261,-24.888733428327203,-0.2074061119027267
901,3,1.7148607172309442,13.28308625342902,-333.9480537717033,-1.6697402688585166
901,4,0.318522998899671,2.285721136392055,-36.25369721324559,-0.2323954949567024
901,5,0.1724063609450415,0.7287607943617042,-16.329919506793622,-0.1053543193986685
901,6,0.7741772423271259,5.96191209485885,-133.2906838852764,-0.7015299151856652
901,7,0.1629628215431695,0.6272125117815363,-11.618535420730227,-0.0936978662962115
902,0,0.9601346975732769,4.607336512236569,-109.30351330781744,-0.8959304369493232
902,1,0.1411627174665982,0.7863261650913498,-9.551890058017824,-0.0782941808034248
902,2,0.3874824324218273,2.242270823592089,-37.28681881627689,-0.3186907591134777
902,3,0.7596673680044993,3.649997525739125,-119.25974139786396,-0.7098794130825234
902,4,0.2978061639742314,1.243549075172737,-29.782004045938635,-0.2053931313513009
902,5,0.2230738042934235,1.092104151883475,-27.375768752280692,-0.1619867973507733
902,6,0.635067100930594,3.784653712312657,-106.44163315134054,-0.563183244186987
902,7,0.2768866951630129,1.4685103738093537,-31.378176787637976,-0.2179040054697081
903,0,0.9112386450777586,3.9555180243764183,-105.18013478203112,-0.8482268934034769
903,1,0.149100571493303,0.5458938162749204,-10.278371347031584,-0.0856530945585965
903,2,0.3626823815730788,2.9157800368313387,-35.800840095552374,-0.2958747115334907
903,3,0.5638660042928078,3.83914339132826,-89.81996153889044,-0.5162066755108646
903,4,0.315561108057189,2.3745833096353097,-37.0292455310355,-0.2314327845689718
903,5,0.1900749391581664,0.6625172599004888,-18.090931542029463,-0.1206062102801964
903,6,0.4749604924628057,4.585067308219456,-73.6331949106236,-0.4001804071229543
903,7,0.2522678602784622,2.005634731888684,-30.826195780767076,-0.1976038191074812
904,0,1.406595099169431,7.4679650877174035,-180.27194047617547,-1.3453129886281752
904,1,0.2177780500772263,1.7124305901421577,-17.896368258939376,-0.1529604124695673
904,2,0.5363416891137812,3.461097577592947,-60.03244991292424,-0.4726964560072774
904,3,0.5423651296612536,3.484610406460422,-88.80652893079947,-0.4961258599486004
904,4,0.2681294870549377,1.507256468034782,-27.79295818051858,-0.1804737544189518
904,5,0.3171256658958298,1.9394985713542643,-40.21781129241619,-0.2513613205776012
904,6,0.4398467936453548,3.1788360973707936,-69.92983129221,-0.3680517436432105
904,7,0.1710977463684493,0.6496924313891611,-12.902445403881362,-0.1024003603482647
905,0,1.5954766761779435,6.832140209492389,-197.3916772846293,-1.530168040966119
905,1,0.1557214937824231,0.7769221933918904,-11.80273386314376,-0.095183337605998
905,2,0.3954662026735326,1.958029006340834,-41.35298596328065,-0.3308238877062452
905,3,0.4931065711704824,3.57322686701754,-78.10251498223862,-0.4463000856127921
905,4,0.3939114774130509,3.985429880394273,-49.202304956775485,-0.3094484588476445
905,5,0.2308071109551833,1.3117751397124613,-22.195531051009603,-0.1574151138369475
905,6,0.5009332088057638,3.434621123667974,-87.15962564916984,-0.4357981282458492
905,7,0.1687577080470875,0.8162523818379137,-13.510303663831731,-0.1031320890368834
906,0,1.5152967531755714,7.2321232412648575,-203.7305448237299,-1.4552181773123565
906,1,0.1698456244508622,1.101358859317097,-12.278062950061416,-0.1049407089748838
906,2,0.6548478708846802,4.756319844255921,-73.06048238502947,-0.5891974385889474
906,3,0.6348500088891423,5.70485938530626,-103.40296312680638,-0.5875168359477635
906,4,0.2209058579857004,0.8560763228031407,-19.882470319886373,-0.1316719888734197
906,5,0.2272123278890933,1.6428203760493445,-25.747493723243547,-0.1619339227876952
906,6,0.5064244885826813,3.397379873631527,-83.02875588280293,-0.4347055281822142
906,7,0.277179609664061,1.1942408372422837,-29.205491882026102,-0.2147462638384272
907,0,1.2083979969170635,6.153073954460749,-140.4772954267589,-1.1420918327378773
907,1,0.1507642647782113,0.7976260072269863,-11.899138026516225,-0.0922413800505133
907,2,0.6525987358716129,3.017892286976208,-68.24660684000227,-0.5833043319658314
907,3,0.5351169058669959,2.7882276682742564,-85.41911793660535,-0.4881092453520305
907,4,0.2561384953271818,1.0895761516936215,-27.568509764694607,-0.1723031860293413
907,5,0.2711047377676928,1.2893326552656412,-29.807956303046,-0.2014051101557162
907,6,0.8033662541330697,6.039692124705109,-147.11467514799196,-0.7355733757399598
907,7,0.1931620735157918,0.8819994854130503,-21.17337887023515,-0.1374894731833451
908,0,1.394558937354944,7.196136547764632,-174.5128684575332,-1.3321593012025434
908,1,0.1448853820767379,0.6849685240142885,-10.214049607672871,-0.0830410537209176
908,2,1.2232857812594302,6.923370551189808,-134.8633862055501,-1.1526785145773517
908,3,0.7109543567637074,3.8348837465408576,-122.48406160744868,-0.6656742478665688
908,4,0.2165248294731722,0.7137620927744741,-22.252227075104983,-0.1348619822733635
908,5,0.233712690287185,0.8727172171331514,-23.282030347574512,-0.1616807663026007
908,6,0.5156547050988429,3.3001003105783213,-89.4254898631187,-0.4471274493155935
908,7,0.1649311228190082,0.5276150861012374,-12.620139526249204,-0.0978305389631721
909,0,1.143741512148063,4.942103242783269,-147.39684059987056,-1.08380029852846
909,1,0.2451745141600599,1.6643887433473386,-21.95078413629441,-0.1829232011357867
909,2,0.636934545748668,3.7397987795908207,-63.80512134594957,-0.5646470915570758
909,3,0.5121114701666303,3.525262821196664,-78.90143798534686,-0.464126105796158
909,4,0.2733066423713626,1.1345903169859894,-27.560492003952184,-0.1837366133596812
909,5,0.2875636111111533,3.0680119748218604,-35.33805737074848,-0.2222519331493615
909,6,0.6646767913813549,3.736000844693312,-119.96390834346764,-0.5998195417173382
909,7,0.2228263092604631,1.0105861717018094,-18.358932463631582,-0.1517267145754676
910,0,0.9726287074414434,4.341154059720073,-123.42376800116018,-0.9142501333419272
910,1,0.1166930635748032,0.5731732994497036,-5.455153126971192,-0.048706724347957
910,2,0.2882861973885235,1.6872067991792865,-28.60157242345081,-0.225209231680715
910,3,0.6492237896497188,4.977584420181577,-107.1510159296707,-0.6019719996048916
910,4,0.3212954236236156,1.295744618608566,-37.133506893366864,-0.23651915218705
910,5,0.3080252826964786,1.6973616614900071,-35.54706289985351,-0.2385708919453255
910,6,0.4440862963349689,2.9206748078597538,-69.85375442318227,-0.3715625235275652
910,7,0.4835557754561397,5.58677051786058,-66.80737500200107,-0.4282524038589811
911,0,1.327595828584623,6.876169110717534,-156.64754012875738,-1.263286613941592
911,1,0.167492553974032,0.9159080810471414,-12.427680726839323,-0.1044342918221792
911,2,0.438611293384865,2.1633025430725987,-45.544272612221086,-0.3733137099362384
911,3,0.7596178424720107,4.583270367012938,-129.78101498120282,-0.7130824998967188
911,4,0.3811879307813821,2.493474642824577,-46.072576045968574,-0.295337025935696
911,5,0.1529214944873543,0.811093875840266,-10.311510082566649,-0.0763815561671603
911,6,0.5675310363750986,4.124307457830353,-93.00831383009286,-0.4947250735643237
911,7,0.18820855473187,0.9940934890501588,-14.524488634482976,-0.1180852734510811
912,0,1.3001630097276842,6.244831838371289,-172.48060185286838,-1.2408676392292688
912,1,0.1893542003004933,0.6684789533453716,-13.076101584192967,-0.1199642347173666
912,2,0.4218835050843104,2.5349229692903643,-40.54451103110086,-0.3525609654878335
912,3,0.6693230718149389,3.5218153622717328,-100.18027679942394,-0.6183967703668144
912,4,0.26002342005911,0.9071409243986138,-27.66371402932368,-0.1750867976539473
912,5,0.2210530884330223,1.0718954220020882,-21.09444324633048,-0.1485524172276794
912,6,0.5239136576249028,2.789697498622412,-79.08443990707583,-0.4468047452377165
912,7,0.2334422684069215,1.0344205773524522,-18.87386906627449,-0.1599480429345296
913,0,1.170547129489469,4.255561294618982,-138.29499279408282,-1.1063599423526624
913,1,0.2068531812657712,0.8241303954892373,-17.85773585296136,-0.1451848443330191
913,2,0.5398376185692921,2.3570118268649893,-56.29759351777437,-0.4730890211577678
913,3,0.821955795877215,4.574006037011932,-135.4006456669019,-0.7737179752394395
913,4,0.3318141133578076,1.927351108518352,-41.153875133360266,-0.2509382630082943
913,5,0.1653130272417761,0.76012923187632,-15.044571441848417,-0.097692022349665
913,6,0.4625118081327569,3.070803964237287,-72.29241308110991,-0.388668887532849
913,7,0.2296536322447,1.1278276305211432,-21.448786168379524,-0.1637311921250345
914,0,2.007728461470847,12.564077442769335,-264.48178512590306,-1.944719008278699
914,1,0.1700452196253798,0.6859934747518885,-11.72016653838097,-0.103718287950274
914,2,0.624598510766084,4.538117094607887,-71.23197575187024,-0.5608816988336239
914,3,0.8725575429327661,4.558062983433359,-145.8744472019425,-0.8241494192200142
914,4,0.235913009491552,1.421772110142825,-22.449349027805827,-0.1486711856146081
914,5,0.2335432759107337,1.4415741033925271,-25.528684230096093,-0.1657706768188058
914,6,0.7762737916660394,4.512609783784675,-136.18980013829685,-0.7056466328409163
914,7,0.3414774536364389,2.1489537940024386,-35.39454304011773,-0.2743763026365716
915,0,1.7291160851169822,9.352064522102314,-231.90851178094132,-1.6684065595751176
915,1,0.1655202695395326,0.5740539546700223,-11.526229995487972,-0.1002280869172867
915,2,0.6573433515007544,3.606667522798032,-65.60332016069844,-0.5857439300062361
915,3,0.6335241104647951,3.393731742652329,-99.34948132905023,-0.5844087137002956
915,4,0.3474690952600796,1.4896935687248836,-37.5394494390788,-0.2571195167060191
915,5,0.2375452583703628,1.9899716613299612,-28.975038247306035,-0.1756062924079153
915,6,0.459239893386484,3.215909511400945,-66.11259559156807,-0.3799574459285521
915,7,0.2939823752254206,1.457296431506175,-28.37147762924566,-0.2251704573749655
916,0,2.234392339751648,9.658295434758353,-281.70931920248825,-2.1669947630960635
916,1,0.2678650897638349,1.5864495331023332,-25.796561897933294,-0.208036789499462
916,2,0.9283181229678692,5.76342254999622,-106.74909390230954,-0.8608797895347543
916,3,1.963262835742528,13.671738691810807,-247.55158195208887,-1.904242938092992
916,4,0.2739131361278081,1.4969630719561386,-29.889281295384173,-0.1891726664264821
916,5,0.1644766580966561,0.6494656784043051,-14.075682149258869,-0.0944676654312675
916,6,0.8964808291347562,6.0257470965598205,-160.0260597380431,-0.8248765965878511
916,7,0.2766521833832897,1.8944625751185624,-25.975489613095096,-0.2078039169047607
917,0,1.063489507241459,5.378591024935019,-126.03416658138605,-1.0002711633443335
917,1,0.3358799674376833,2.917695888708301,-33.53801223934919,-0.2749017396667966
917,2,0.2963307674429618,1.2796239119664368,-27.230291866886414,-0.2288259820746757
917,3,1.1653692636766046,5.845434131435257,-189.5040388896483,-1.114729640527343
917,4,0.3789724997939667,1.6350439639895082,-45.34949135153302,-0.2925773635582775
917,5,0.2115658168206677,0.9356880954563852,-18.447775549005357,-0.1356454084485687
917,6,0.7177660371587413,4.163819183148077,-120.72242065819844,-0.6455744420224516
917,7,0.2504534448426642,1.1032758122941395,-24.13748006682193,-0.184255573029175
918,0,1.5763199860108117,5.932633958904114,-184.27763627711423,-1.5104724285009363
918,1,0.1548402545850438,0.575861014763325,-10.135366275919942,-0.0889067217185959
918,2,0.5771455139498526,2.570486135254923,-66.4095405646883,-0.5148026400363435
918,3,0.8264757971822941,3.508087173938242,-132.05875578025592,-0.7768162104720937
918,4,0.3016897160051632,1.2572525550350253,-33.15417470015408,-0.2152868487022992
918,5,0.1689226705307108,0.82488302908809,-13.120775559275456,-0.0943940687717658
918,6,0.6157844435635856,3.4854740841688465,-101.49635001755432,-0.5427612300403974
918,7,0.1631159647009623,0.5663926655935433,-13.901492607545109,-0.1007354536778631
919,0,6.7856475936983305,23.094316308935475,-1344.1446111909452,-6.720723055954726
919,1,0.1842348863618251,1.053521951709553,-13.632358838211829,-0.1185422507670593
919,2,0.3994327501735179,1.5646174971353812,-38.67612287973111,-0.3305651528182146
919,3,0.9088029470528978,5.050380501126485,-145.8342382793425,-0.8578484604667205
919,4,0.2375924319016725,1.6674950690031196,-22.753632238994847,-0.1496949489407555
919,5,0.2625690618513874,1.8329339239769369,-27.56413453645261,-0.1914176009475875
919,6,0.5422413322257938,4.352071767392408,-88.70524823789351,-0.4693399377666323
919,7,0.187146422057212,0.9859429287342178,-17.35253933375648,-0.1248384124730681
920,0,1.0486795261852642,5.3686825483399705,-131.6851617960863,-0.9901139984668144
920,1,0.2051630268154372,0.9039156724749589,-15.13328700218086,-0.1363359189385663
920,2,0.4863041488441506,2.1520887278448977,-50.38861451970249,-0.4199051209975207
920,3,0.606755450486294,4.2428553073977,-94.9072199961973,-0.5582777646835135
920,4,0.287960196220729,1.4293307759240812,-32.14239346398484,-0.2034328700252205
920,5,0.2243579772548891,1.0247933863214032,-20.135332887093448,-0.1480539182874518
920,6,0.643354220095579,4.388134612350111,-111.76714422401092,-0.573164842174415
920,7,0.1732283873927804,0.9002429958704066,-12.30903474777958,-0.1017275598990048
921,0,1.0910165523602509,6.53725916892553,-141.47954606925362,-1.032697416563895
921,1,0.2356706689099462,0.8760872191519542,-18.59015247130541,-0.1674788510928415
921,2,0.2173930898500854,1.1514221358793693,-18.994490884965405,-0.1531813781045597
921,3,0.7689884485068046,3.976698721482391,-123.86133137259073,-0.7201240196080856
921,4,0.3070831182853592,1.3490094089360267,-32.76822719270775,-0.2184548479513849
921,5,0.2600292944694511,1.3575618569246868,-26.565923491522536,-0.1870839682501587
921,6,0.5118694972944071,3.279351811394048,-85.87641429673475,-0.4426619293646121
921,7,0.2190188143756573,1.5811108948120758,-18.54710869723836,-0.1495734572357932
922,0,0.9869623235660426,4.611941533304532,-121.43990801012684,-0.9270221985505864
922,1,0.1594768737972064,0.7282666428131489,-10.153579849637357,-0.0914736923390752
922,2,0.3300578109686919,1.519603746423501,-32.602025535124184,-0.2650571181717413
922,3,0.8393880985927271,5.215773755019415,-131.73206771631988,-0.7888147767444303
922,4,0.2508478744352693,1.510258146886718,-26.983241118512485,-0.1675977709224378
922,5,0.2660631871579301,1.7527566344243082,-29.587370106278588,-0.1972491340418572
922,6,0.5319131143270408,3.651479214888256,-91.78881610421293,-0.4635798793142067
922,7,0.1553392355163275,0.6215737837109188,-10.472696464968982,-0.0851438736989348
923,0,0.7699128324306098,3.234022142472873,-89.36673307770896,-0.7092597863310235
923,1,0.2611624494375669,1.1463772523762634,-22.32022607877181,-0.1957914568313317
923,2,0.6074744268771413,2.808530321179545,-59.96666168340168,-0.5354166221732293
923,3,0.9430612764203548,5.172968171027258,-143.38020142718835,-0.8905602573117289
923,4,0.4045270919798274,2.279152802168197,-48.42846413671612,-0.3165259093903014
923,5,0.2073492508239198,0.9016769262889984,-20.20002243808086,-0.1374151186264004
923,6,0.7074268104291772,5.084826148009955,-128.41317119335503,-0.6420658559667751
923,7,0.1779129697715393,0.8201622527323397,-14.572951999257524,-0.1120996307635194
924,0,0.9960915484882,6.605549851888119,-126.5246537311052,-0.9372196572674458
924,1,0.2229415187543605,1.451980138631553,-21.937993615403435,-0.1661969213288139
924,2,0.7474261658924073,3.1598130737119607,-84.54913181897795,-0.6818478372498222
924,3,0.5717217031365656,3.877853482942868,-88.87399582748131,-0.52278821074989
924,4,0.2548606950854568,0.8763574721390414,-27.23282796102729,-0.1712756475536307
924,5,0.2475483143900368,1.283069542325743,-24.672629289529286,-0.1749831864505623
924,6,0.5047875505828083,4.129540042948822,-84.18955644783875,-0.4339667858136018
924,7,0.1621068947821139,0.8492765852257528,-12.99870060683499,-0.0970052284092163
925,0,2.2968003045960588,8.67059577691556,-317.113662265023,-2.2331948046832606
925,1,4.855531117345146,26.46319180534063,-959.9725018413172,-4.799862509206585
925,2,0.43580152843406,2.6187186620609,-45.5265637772165,-0.3701346648554187
925,3,0.8084691493757232,4.729616553510531,-127.4243807747432,-0.758478456992519
925,4,0.3288377206005619,1.8641985149802385,-38.9134871789721,-0.2447389130752962
925,5,0.231492813084439,1.3576100042120298,-22.121840589745705,-0.1580131470696121
925,6,0.5794313739885536,4.572002496405338,-96.98678454931805,-0.5077842123000945
925,7,0.186909585177981,0.7657346146952394,-15.48540632504253,-0.1200419094964537
926,0,1.3510088854545674,5.569177102461949,-166.051944609841,-1.287224376820473
926,1,0.227827733189199,0.8851194067088036,-18.50600216182955,-0.1623333522967504
926,2,0.4066561915857407,1.6886651486427302,-37.97264923006629,-0.3360411436289052
926,3,0.6191130364022843,3.94138166487656,-96.98567678119473,-0.5705039810658512
926,4,0.3177212146402263,1.6075631278980318,-37.74392540297284,-0.2344343192731232
926,5,0.3624282604689113,2.659737805747163,-40.10297725058315,-0.288510627702037
926,6,0.4582251553812909,3.256572694512538,-79.34438925925217,-0.3967219462962608
926,7,0.1906908530276387,1.4462248057036846,-18.41267313482923,-0.1296667122171072
927,0,1.0934425065354516,5.513631653093018,-137.45355057279446,-1.0334853426525898
927,1,0.1717208592268191,0.846828989527322,-11.59033390610903,-0.1034851241616877
927,2,0.6957240742026809,4.574939010009163,-72.51407565655366,-0.6251213418668419
927,3,1.4724234320965464,11.540170467663724,-253.16395985998463,-1.4222694374156442
927,4,0.2826498164857411,2.387101344063219,-32.33356473255977,-0.1995899057565418
927,5,0.2637584196327033,2.200922501517478,-26.57103816739385,-0.1897931297670989
927,6,0.4928303713723063,3.769291244822385,-85.41214751139833,-0.4270607375569916
927,7,0.1811634360911989,0.7479689211947855,-14.085410474230702,-0.1126832837938456
928,0,1.0016338287884512,5.2825802965789785,-136.27451146536274,-0.946350774065019
928,1,0.3510068264088705,2.721929733227277,-34.22062011946731,-0.2875682362980446
928,2,0.419936794626858,2.202644644552768,-42.34492267174354,-0.3528743555978628
928,3,0.8955295856509502,5.8102782708189125,-143.7496909318067,-0.8455864172459218
928,4,0.2336847614716746,1.306288927371445,-22.40378410717071,-0.1464299614847758
928,5,0.28594752066055,1.5059317013377889,-32.882184172003065,-0.217762809086113
928,6,0.4301504089362519,2.547784521930743,-64.71183475014581,-0.3555595315942078
928,7,0.3200282043684803,1.8160441993509135,-32.11756534106736,-0.2528942152839949
929,0,1.8845824262260344,8.794188522667904,-238.3256077922249,-1.8192794487956097
929,1,0.2562062538372487,1.6032419995658311,-23.023559175502477,-0.1934752871890964
929,2,0.4066303764762179,2.5544641400587995,-41.99953156694636,-0.3414596062353363
929,3,0.7289224068491408,5.157165469420055,-113.99727215836272,-0.6785551914188257
929,4,0.3882640320151903,1.6529771049739277,-45.79811538346214,-0.3013033906806719
929,5,0.3020140162976545,1.2452188719143285,-32.49248993344148,-0.228820351643954
929,6,0.5866901916112431,3.3563664461587828,-90.73371248903764,-0.5097399578035822
929,7,0.3403596504991636,1.8798693230363157,-35.235165114515915,-0.2731408148412086
930,0,0.7356947582454848,3.5365849833020064,-87.20826109298058,-0.6760330317285316
930,1,0.204872219766404,1.0705749921772545,-16.349580684540094,-0.13974000585077
930,2,0.4101875997586279,2.2980458399128665,-39.925506582125216,-0.3412436460010702
930,3,0.4501631438026753,3.062135131431928,-69.68399936222033,-0.402797684174684
930,4,0.3012868966615921,1.1940826759012229,-32.37970381119814,-0.2130243671789351
930,5,0.2535451999528274,1.851484462059401,-25.383097340864172,-0.1800219669564835
930,6,0.5565302368137983,3.663728274909616,-92.63202645124072,-0.4849844316818886
930,7,0.1833473442895984,0.8723421613149016,-13.7167282232609,-0.1124321985513188
931,0,1.06931924983187,4.574359755926433,-128.9396489263566,-1.007341007237161
931,1,0.2423165266697403,1.1717210087665124,-20.08900467108161,-0.1762193392200141
931,2,0.4713767722626236,3.200864938288112,-46.182968894886045,-0.4015910338685743
931,3,0.4986764467687524,3.3483402355468983,-83.94209367402699,-0.4537410468866324
931,4,0.2799677051782235,1.0439809666695137,-29.492066679447337,-0.1927586057480218
931,5,0.1977769637532872,0.8477171090800968,-18.99955048402264,-0.1283753411082611
931,6,0.6344770658262688,4.439121781169171,-105.45860298651333,-0.5609500158857091
931,7,0.2396397019151049,1.369105074799806,-20.37045322825881,-0.1683508531261059
932,0,1.150134417559577,5.499654677808478,-133.59286450786146,-1.0861208496574102
932,1,0.3326188484510892,3.633782296028882,-38.603184657056914,-0.277720752928467
932,2,0.3560362019791197,1.4898161705360509,-31.26896595822704,-0.284263326892973
932,3,0.6437823822686386,4.282522604864506,-97.24470722524784,-0.5929555318612674
932,4,0.4534546221950518,4.6363779347715495,-57.724439267676125,-0.3676715876922046
932,5,0.1923928573967005,0.7680017489268187,-18.756099521278617,-0.1242125796111166
932,6,0.5814660728325574,3.0427278879228834,-86.45564040164514,-0.502649072102588
932,7,0.3101289083357091,1.7648460464225502,-28.971957139380425,-0.2394376623089291
933,0,1.4649764231616598,7.584970187259382,-183.68371314753932,-1.4021657492178576
933,1,0.1694898721994336,0.904286586422392,-10.71065151733912,-0.0991726992346214
933,2,0.818244526242201,6.121992476234854,-98.05522001003924,-0.754270923154148
933,3,0.7730492718524324,6.678784352816089,-132.2537618841097,-0.7266690213412621
933,4,0.3480427209754886,1.52483399926302,-41.28045253581536,-0.2629328186994609
933,5,0.3692198330187384,4.66999932534522,-52.77290596977437,-0.3086134852033588
933,6,0.5253610057230901,2.9740216273822875,-84.23305253441887,-0.4528658738409616
933,7,0.2067532989800312,0.7136475173828691,-15.39002141413984,-0.1326725983977572
934,0,1.4151392166419414,8.715684089923956,-180.07175416136764,-1.3539229636193055
934,1,0.1778505539800401,0.6777775990628634,-12.675384421925044,-0.1111875826484653
934,2,0.7710954205856896,6.172774955996878,-84.99478173626295,-0.702436212696388
934,3,0.691496314536147,3.7300246650597786,-109.20695763975144,-0.6423938684691262
934,4,0.2550551105744868,0.981913613477898,-27.6068426586374,-0.1714710724138969
934,5,0.2595063649479091,1.4252565497400378,-27.63711712271593,-0.1892953227583283
934,6,0.7823885575945171,5.15725452108119,-143.788142008368,-0.71894071004184
934,7,0.2398280034105899,1.1929366080317418,-19.023091867875436,-0.1654181901554385
935,0,1.1718118330080989,6.479416395880725,-151.32465332952086,-1.112681274481771
935,1,0.2889493708117318,1.6772495818562017,-25.70688076376364,-0.2235380935979447
935,2,0.4237908020376427,2.671236274884656,-44.01631756312544,-0.3578562403506133
935,3,0.5780314413274201,3.76490289126944,-87.72026546544639,-0.5284353341291951
935,4,0.2765924388159748,1.1037152746751573,-29.852831860840645,-0.1913643068002605
935,5,0.1938766204880674,1.0606462249320414,-17.20420139333741,-0.1211563478404043
935,6,0.7323962163258638,4.652570067774144,-134.1883040704644,-0.670941520352322
935,7,0.1863945243700296,0.8244515800577413,-12.986749080678596,-0.1119547334541258
936,0,1.722450814595876,6.952106373508175,-217.16549200360228,-1.6577518473557429
936,1,0.2167561800340912,1.0330746359418146,-17.82364225354858,-0.1523388226799024
936,2,0.6465246568624272,3.4935252928913,-67.61086813150347,-0.5778706677906279
936,3,0.7335477879069996,5.151616379037393,-109.76843043343918,-0.6817914933753986
936,4,0.2874106757875067,0.967403960946608,-30.88101751420707,-0.2005260877545913
936,5,0.2444266528822594,1.4570844134387388,-24.6831972717341,-0.1726097711310077
936,6,0.8188902683484599,6.994147140766895,-140.9153897823201,-0.7455840729223285
936,7,0.3484280220244448,2.690029986555736,-37.71886888620416,-0.2836005179413846
937,0,2.849356722415209,10.635602016986205,-384.1353732280581,-2.7835896610728845
937,1,0.1676630387115874,0.5388677855352966,-10.290148414778756,-0.0961696113530724
937,2,0.6718444651234536,3.930431372368625,-71.81636000849375,-0.6034988236007878
937,3,0.8361840763922466,6.5474960052472,-138.61844299843457,-0.7876047897638326
937,4,0.2310763207380993,1.1262464169887003,-21.276250116295312,-0.1418416674419687
937,5,0.2477139834387574,1.3671629172177506,-30.017208727651838,-0.1852914118990854
937,6,0.5437221905781228,2.840186916319239,-95.58022648178216,-0.4779011324089108
937,7,0.2907478041609002,1.7284094540344332,-27.90658830724864,-0.2232527064579891
938,0,3.0275706761991086,17.059521718196613,-402.8255713687239,-2.9619527306523814
938,1,0.1314191499436426,0.5317133552160426,-7.523828006537223,-0.0654245913611932
938,2,0.7040676006109512,3.0111462706143626,-70.77077102314955,-0.6318818841352638
938,3,0.8258316069079515,5.894670692458535,-140.16471203047837,-0.7786928446137688
938,4,0.2241619890868046,0.7718211533239276,-21.346345332051865,-0.1377183569809797
938,5,0.2090089813152244,0.8940500934969564,-19.662010180784375,-0.1374965746907998
938,6,0.5726942199256928,3.267427834591865,-99.79093442690336,-0.5039946183176938
938,7,0.2792532923716664,1.1975056227738878,-26.604110660351814,-0.2111437353996176
939,0,1.520381446505254,7.5863280318410435,-181.73836618575868,-1.4539069294860694
939,1,0.1839026162285693,0.6082436475999171,-13.006267045825531,-0.1161273843377279
939,2,0.5686063793649299,3.922480336341621,-56.66052121839585,-0.4970221159508408
939,3,0.7716424112056214,5.163961792017946,-126.5617508330542,-0.7232100047603096
939,4,0.2802091903505943,1.3342695271858964,-30.2506524414969,-0.1951654996225606
939,5,0.2219235997733916,0.9467672450185342,-26.90241880835382,-0.1601334452878203
939,6,0.503342470138061,2.1889879030018813,-88.26458339081319,-0.4413229169540659
939,7,0.3807699697388714,4.410650961163798,-45.50175538437537,-0.320434897073066
940,0,0.810633636856197,3.758103196984997,-98.47216301215975,-0.7516959008561814
940,1,0.1631836226710403,1.2251762506771169,-10.334122994617587,-0.0939465726783417
940,2,0.4000893930906944,1.78369791530491,-37.584468330075495,-0.3296883186848727
940,3,0.5123636060294299,2.858322102228056,-75.78058394118898,-0.4620767313487133
940,4,0.4122295067352936,1.9793659740295804,-50.459261693682485,-0.3255436238302095
940,5,0.2489661779174098,1.0630718723837842,-24.770489119824685,-0.175677227800175
940,6,0.5920401999549483,3.334530003899864,-95.38428593541776,-0.5183928583446616
940,7,0.211368556888474,1.116671522553847,-16.990770432476676,-0.1404195903510469
941,0,1.0477275743308307,6.334538232121561,-144.95538609370485,-0.9928451102308552
941,1,0.2842346434702969,2.3321451005089733,-23.086767394149373,-0.2137663647606423
941,2,0.4916412979576426,3.747235250298709,-49.86305388495917,-0.4225682532623658
941,3,0.5945697893146065,3.622302064411127,-96.92859911733562,-0.5476192040527437
941,4,0.3910088411214678,1.818913862933316,-50.81211376410811,-0.309829961976269
941,5,0.2767788549163228,1.9522700751932165,-29.28800576859317,-0.2048112291510011
941,6,0.6469217485622051,4.755371489971407,-115.62460066706323,-0.5781230033353162
941,7,0.3527304978912738,2.623753011389414,-34.680404775051095,-0.281954510366269
942,0,1.469759782111803,6.367689594062172,-169.6390546554267,-1.4019756583093117
942,1,0.2298003910702432,1.313887593561136,-19.817413534435552,-0.1665328868439962
942,2,0.5077754975527887,2.470143409237811,-49.83076202093076,-0.4371119475520241
942,3,0.9887571375416648,4.603043183367193,-163.4144524484617,-0.9391635198187456
942,4,0.2722883200948898,1.1766778687666333,-28.209964540957102,-0.1843788532088699
942,5,0.288826315667598,1.2771767354809136,-30.05170011990774,-0.2146550008564838
942,6,0.5993305137429222,3.744111000463597,-100.85471507306406,-0.5280351574505971
942,7,0.2321492179364854,0.8695761156392294,-18.998624868525084,-0.1596523098195385
943,0,3.2229804974477543,15.22778552824415,-438.77662720650096,-3.1566663827805823
943,1,0.1411589392064692,0.5976803606690128,-9.289561978214287,-0.077413016485119
943,2,0.4342599577709659,2.2181928627903966,-41.47989212811038,-0.3638587028781612
943,3,0.4670396954842957,2.2912682321991027,-69.42853089491233,-0.4182441620175441
943,4,0.2714407773061111,1.2379086315290724,-28.33234995412055,-0.1839762984033801
943,5,0.1884120848063335,1.1205561014098135,-16.093672039413796,-0.1141395180100269
943,6,0.7707729408199039,4.546371428037336,-140.86007437913688,-0.7043003718956844
943,7,0.2446528063822156,1.2530081434709208,-20.301839666230613,-0.1720494886968696
944,0,1.1375975585544618,4.621738425703582,-141.0365490522976,-1.0766148782618137
944,1,0.4277646682453037,2.861674621406664,-42.92066291310841,-0.3637344314670204
944,2,0.421368311996356,2.040464699469893,-40.427038648771656,-0.3515394665110579
944,3,0.6463914463191953,5.045107828410594,-100.22465083170016,-0.5965753025696439
944,4,0.3268226283181938,1.743713612683672,-36.583456618883645,-0.2391075596005467
944,5,0.2344298568439049,1.047977444969611,-24.045669241142512,-0.163575981232262
944,6,0.6033815141070431,5.093588782870213,-96.67677634038463,-0.5282883953026484
944,7,0.2225048319813598,1.3925406440313184,-17.8859948802406,-0.1503024779852151
945,0,1.1622371197752794,5.8374628728768965,-146.46174874328076,-1.101216155964517
945,1,0.2317579146842541,1.770869630664037,-19.041196829981875,-0.165575624608538
945,2,0.5518739573371222,2.6469135067326013,-53.68786325336984,-0.4793559219050878
945,3,0.9188636752226808,5.651834514192842,-150.32551934693117,-0.8689336378435328
945,4,0.254315465260634,1.1070110491359253,-26.05064841476695,-0.1680686994501093
945,5,0.2935311304840537,1.2431130076670964,-30.207341159558315,-0.2188937765185385
945,6,0.6801235657379867,4.611744772123942,-122.63773595707164,-0.6131886797853582
945,7,0.2363138065133518,1.7678455863379534,-23.838950455571403,-0.174006937631908
946,0,1.0935432776212612,5.788637282469548,-133.20520265720208,-1.0325984702108688
946,1,0.1763349966035689,0.9646113100822122,-12.687025615980184,-0.1103219618780885
946,2,0.575471375798271,2.748172173278744,-56.93642504330886,-0.5038621685248571
946,3,0.92957768673228,5.542321597247197,-150.3208563789822,-0.8790693355496035
946,4,0.2434222362697095,1.1243690812885705,-25.995288487160263,-0.1604647437479028
946,5,4.030183707194811,22.5411698686811,-792.8627191273458,-3.964313595636729
946,6,0.5329841676727549,3.811741429408064,-93.30889136747795,-0.4665444568373897
946,7,0.2239688970076896,1.3685388002086007,-24.1868787855138,-0.165663553325437
947,0,0.9160321331191827,6.556754501708036,-107.59990584647116,-0.853967506718025
947,1,0.293899478090235,1.2875095333005873,-24.563984106148613,-0.2253576523499872
947,2,0.4089682334471864,2.865082498121171,-40.63790099046757,-0.3414949663064501
947,3,0.5609317529981801,2.6572247030404768,-82.57130819035008,-0.5096994332737659
947,4,0.2318367850433428,0.9626803500389758,-22.92111127854811,-0.1459943393538096
947,5,0.3947066233194671,1.9596968449240868,-50.39981790694958,-0.3272715448503219
947,6,0.8656991120970349,8.558861427751461,-159.855301766929,-0.799276508834645
947,7,0.2016174919530705,0.9347485618419806,-16.61469649306526,-0.132917571944522
948,0,1.1923438781714109,5.489096127791286,-148.2136717666194,-1.1314020745543465
948,1,0.2653333176255567,2.09860427810069,-23.56146133770561,-0.2013800114333812
948,2,0.3969634977179017,1.7689253337323685,-37.95498645814112,-0.3271981591219061
948,3,0.5914322635781386,3.793983025215922,-95.65911767868764,-0.5435177140834525
948,4,0.406914978414739,3.631937406460181,-53.25731408579275,-0.3247397200353216
948,5,0.1709583289200495,1.0189321766998145,-18.44201805079074,-0.1091243671644422
948,6,0.7804226498509417,5.647053321916502,-143.01796829345898,-0.7150898414672949
948,7,0.3019853179910954,2.9338098233455496,-31.298775417546697,-0.2371119349814143
949,0,1.0624260647526844,4.135533224613883,-123.91574712411987,-0.9993205413235476
949,1,0.2122427200833102,1.0353466130669822,-17.34898519893016,-0.1482819247771808
949,2,0.710457212298721,5.354827701577507,-76.30364304731678,-0.6412070844312334
949,3,0.8201558217973804,5.059268619491161,-126.84645535079557,-0.7687663960654276
949,4,0.2338501770097034,0.7248288692629522,-23.02610173550695,-0.1476032162532496
949,5,0.2476498185967331,1.0944736042983545,-23.30382774259924,-0.1713516745779355
949,6,0.618244364378723,3.8965222908038335,-110.37403673965494,-0.5518701836982747
949,7,0.2260473529131447,0.8405241484255868,-19.474057489347416,-0.1570488507205436
950,0,0.8459911471179277,4.476399125936686,-103.104283212668,-0.7870555970432671
950,1,0.2556345058777181,1.600960341009507,-22.599815618526076,-0.1915238611739497
950,2,0.2413635002128335,1.050126971991887,-20.5121000571285,-0.1738313564163432
950,3,0.6484424298414798,4.606264049211193,-108.25700520463845,-0.6014278066924358
950,4,0.3193133885868147,1.4887505464176298,-36.71740483240537,-0.2338688205885692
950,5,0.1950880988303163,1.1453600157860833,-16.5375352866007,-0.1198372122217442
950,6,0.4714460100104003,2.703764254030396,-74.12314034720778,-0.3985115072430525
950,7,0.2124896082499536,1.2779601779509766,-18.62031166256039,-0.145471184863753
951,0,0.8518095610016639,4.46824341121904,-113.94598371181192,-0.7968250609217616
951,1,0.1395574790007828,0.6173426410662557,-9.318206206263682,-0.0770099686468072
951,2,0.4948098351327663,2.8149953603074653,-52.75966118420626,-0.4289403348309452
951,3,0.7678109667638736,4.50887508764865,-124.4405331318488,-0.7193094400684902
951,4,0.3247188813694857,1.4747164890796856,-37.60411318777884,-0.2395166445081454
951,5,0.1870874671856436,0.8149073489633668,-15.37782391125759,-0.1114335066033158
951,6,0.5093383502462546,3.19784824434495,-89.39802962207845,-0.4469901481103923
951,7,0.2781247383389794,2.1527535568105103,-29.29666559284346,-0.2154166587709078
952,0,0.7953849541894337,3.877454493205345,-100.41207559124976,-0.7383240852297778
952,1,0.1539731880124062,1.2329642214356764,-11.1594549278888,-0.0914709420318754
952,2,0.2985920591429903,1.4378906067087578,-26.91842824902024,-0.2300720363164123
952,3,1.1167689043835132,5.943925079405366,-181.02620711392825,-1.0648600418466363
952,4,0.3126833090492905,2.479682554628598,-33.63257627125992,-0.2242171751417328
952,5,0.2821244987329046,1.5921377378735246,-34.26507198709331,-0.2168675442221095
952,6,0.5370640230106541,3.620875262776113,-94.57587393993454,-0.4728793696996727
952,7,0.3024911229647665,1.648435535745369,-32.60300336813105,-0.23972796594214
953,0,0.640232254920194,3.8597069424049177,-78.77552541406699,-0.5835224104745703
953,1,0.2087415363291369,0.7777691441460863,-14.704787460017812,-0.1374279201870823
953,2,0.6423601311444288,3.622308092252006,-69.63814836868967,-0.5755218873445427
953,3,0.8032969365650803,4.351424112036757,-120.91811336005952,-0.7510441823606181
953,4,0.3264857407980819,2.195534906201556,-38.18952157158967,-0.2417058327315801
953,5,0.1779216210375587,0.8425007361687211,-15.907848826075057,-0.1074854650410476
953,6,0.5183998732353691,3.697575757925081,-90.7070181573522,-0.453535090786761
953,7,0.1833704677333705,0.7556874944281435,-14.146841653930563,-0.1140874326929884
954,0,0.9254268417226492,4.724236428062653,-118.7766429895319,-0.8669827955440285
954,1,0.218512088652586,0.7444915559411884,-17.05906522849662,-0.1509651790132444
954,2,0.4084099958897455,2.86684648465572,-43.09998964195033,-0.3447999171356026
954,3,0.5959927212714026,3.78662921620018,-90.5914827099133,-0.5457318235536945
954,4,0.2792631326936338,1.0588997512346876,-26.639491150902124,-0.1862901479084064
954,5,0.207018078664472,0.9605997831132896,-17.802154005519277,-0.1308981912170535
954,6,0.3893293560571669,2.1199705593042766,-60.58935887233269,-0.3188913624859615
954,7,0.382495199624887,1.7325628807593858,-41.19096285404608,-0.316853560415739
955,0,0.9547509185454324,4.659534215926733,-127.4751692244992,-0.8977124593274592
955,1,0.1352121339099592,0.421192158409602,-7.385646317053408,-0.0665373542076883
955,2,0.4406186259067375,2.9310792509629966,-48.40626382408029,-0.3781739361256273
955,3,0.5888638798286255,3.9948932091232394,-91.79341224799288,-0.5399612485176052
955,4,0.2588460082791279,0.9319289438217572,-27.0216741400424,-0.1732158598720666
955,5,0.2101812360374773,0.912028812865438,-17.368478452104195,-0.1315793822129105
955,6,0.6943842180138611,5.484984305212865,-125.56086101662731,-0.6278043050831367
955,7,0.2027729807689074,0.9210127005376906,-15.476116131416155,-0.1300513960623206
956,0,0.9303452197626042,4.833694652008152,-114.86924671353862,-0.8702215660116561
956,1,0.1936013319027761,0.7230539103058932,-13.500708455063911,-0.1238597105969166
956,2,0.4963038274389457,2.555879652068623,-51.98443066880002,-0.429623393957025
956,3,0.8910345910504619,5.712959882016552,-136.75749358720518,-0.839003028142363
956,4,0.3875241253685457,2.5927527227368268,-52.25845437278925,-0.3092216235076287
956,5,0.3099994737319858,2.16063345388326,-36.06711927152042,-0.2404474618101361
956,6,0.8949672327365491,7.540206941363704,-165.36460364859224,-0.8268230182429612
956,7,0.2083206419127879,0.7515818781444877,-15.963761864944033,-0.1352861174995257
957,0,1.029680487444683,4.725514921241645,-124.91134830624222,-0.9683050256297846
957,1,0.2182224559333336,1.167957212875464,-17.063625074824618,-0.151005531635616
957,2,0.4341764634675525,2.3428116944250426,-43.35554315595785,-0.36741985725388
957,3,0.7426685111695382,4.502670008800923,-116.371518957913,-0.6926876128447204
957,4,0.3035123413478046,2.1331373252965955,-30.9671966698012,-0.2121040867794602
957,5,0.2257650786388024,1.268344209353785,-24.66149524606214,-0.1591064209423364
957,6,0.5906529958891814,5.334794441652079,-105.18467461821126,-0.5259233730910563
957,7,0.2881526719889816,1.3005730066974122,-26.881339968861003,-0.2185474794216341
958,0,0.7973892017032008,4.506133632561614,-103.82172698892984,-0.7415837642066416
958,1,0.2182448302281928,1.0165014619390198,-16.39138836177832,-0.1490126214707119
958,2,0.556573483903486,2.9210938650122364,-54.83745195055567,-0.4852871854031475
958,3,0.9155907997688992,6.191457058501348,-145.3424474810035,-0.8651336159583541
958,4,0.2583107492406066,1.7123045101609793,-25.110599653845075,-0.168527514455336
958,5,0.1923238870100063,1.0433019509826174,-20.16863076867825,-0.1268467343942028
958,6,0.6925326935626566,5.817378051364466,-121.2445513739209,-0.6217669301226713
958,7,0.1641134866786691,0.7089160638822783,-12.701145251989038,-0.0977011173229926
959,0,1.4392653343228234,7.177440472058465,-183.17494488100323,-1.3772552246691971
959,1,0.1926390899022833,1.2486624423732566,-15.991458501012772,-0.131077528696826
959,2,0.7522040766351377,4.818978230696778,-80.45717526320139,-0.6818404683322152
959,3,0.942197095522204,4.489798763004137,-144.97511089438325,-0.88941785824775
959,4,0.2709737767694634,0.9888130540223848,-27.5713697558216,-0.1825918526875602
959,5,0.2682785113563917,1.6778141743204968,-28.837584127487496,-0.197517699503339
959,6,0.5979490572041397,3.3553006706825474,-106.32974273907352,-0.5316487136953676
959,7,0.2051938949505672,0.9107884268607096,-17.291463828367434,-0.137233839907678
960,0,1.2587674005002123,7.171970102819119,-154.51295225597005,-1.1977748236896903
960,1,0.1476618373311681,0.5106521158233408,-9.261681518490883,-0.0812428203376393
960,2,0.7939922820772575,5.612440525045147,-93.43138485965586,-0.7299326942160614
960,3,0.3877325888317575,2.1304942575091443,-64.66244257535166,-0.3439491626348492
960,4,0.4117867814291375,2.214689395673169,-49.97478464403041,-0.3245115885976
960,5,0.3202146389111809,3.654532654950508,-40.8708038464992,-0.25544252404062
960,6,0.5942302587121382,3.352887110459115,-95.6270023908062,-0.5197119695152511
960,7,0.2045160740277169,1.2341278430509843,-16.625049972090242,-0.1351630079031727
961,0,1.5326064762103615,7.727651692935424,-200.1502220067344,-1.471692808873047
961,1,0.2060690833869262,0.9097664637178408,-15.060360650611637,-0.1369123695510148
961,2,0.2576722142446354,1.348963129791099,-22.92852633621488,-0.1910710528017906
961,3,0.6431557026278946,4.395301966979568,-101.65194842531484,-0.5944558387445311
961,4,0.4046623168296558,1.653473350939518,-46.916530844283415,-0.314876045934788
961,5,0.3906513248047926,1.900001770113371,-42.8849449894952,-0.3153304778639353
961,6,0.657479728574347,3.4615669851509967,-109.30207443637951,-0.5845030718522969
961,7,0.1463800213771725,0.689518291317368,-10.318673263551071,-0.0793744097196236
962,0,1.2644507256224404,6.699356398109455,-161.4756346866369,-1.2050420499002754
962,1,0.1922724738376748,1.296887486059963,-14.005028867764654,-0.1250449006050415
962,2,0.6902403650818978,4.121433112421838,-71.86258617102703,-0.6195050531985089
962,3,0.5884880924495571,5.167950821262554,-98.17472709255614,-0.5424018071411941
962,4,0.4174362108854166,3.553314476431034,-52.059262246576864,-0.3315876576215087
962,5,0.2923265248934067,1.9771471066520463,-33.01063308895068,-0.2230448181685856
962,6,0.7260641492936611,5.7463445543356775,-131.85882385768815,-0.6592941192884407
962,7,0.2995749275001674,2.0967211884577748,-31.58898738256913,-0.2357387118102173
963,0,1.453879122257503,7.4060303861192,-189.457793594122,-1.3930720117214852
963,1,0.270111892671489,1.833008090072133,-23.258259532805944,-0.20401982046321
963,2,0.602315002747304,3.0319840601452026,-67.20717965175098,-0.5376574372140078
963,3,0.8278967128769951,4.945822952555958,-132.22332689081503,-0.7777842758283237
963,4,0.3157870797000478,1.811029532081274,-35.556598614693485,-0.2293974104173773
963,5,0.2166706891741175,1.306022450930385,-25.01823258919306,-0.1534860895042519
963,6,2.020974756946953,17.982293792908116,-390.9539922092249,-1.9547699610461244
963,7,0.1985835492940274,0.8617598302183114,-15.242001608553906,-0.1270166800712825
964,0,1.4242297004189166,5.311074394103764,-172.72658575453192,-1.3600518563348971
964,1,0.1903539170894285,0.7747555099789774,-13.371841981284453,-0.1215621998298586
964,2,1.1652252937620484,6.453302895908069,-130.2081187301815,-1.0941858716821975
964,3,0.8052513573642466,4.278978586428712,-124.41289049591862,-0.7540175181570825
964,4,0.2790288463808272,1.4794154167263176,-28.762947951762023,-0.1904830990182915
964,5,0.3008471112322094,1.7388324161716413,-30.689187075899195,-0.2256557873227882
964,6,0.4769878866338037,2.657332706347213,-68.87680455814764,-0.3981318182551887
964,7,0.235688923638605,1.2138673449643198,-20.471285575808714,-0.1664332160634855
965,0,1.4396989135338718,7.3065790747802355,-180.3809382108962,-1.3769537268007344
965,1,0.2012464199479798,1.3830505241299538,-15.12010308806697,-0.1338062220182917
965,2,0.514032049767005,3.698606297379005,-50.95316402569895,-0.443070991527817
965,3,0.7455185883723657,3.950462429986812,-116.11507348173728,-0.6952998412080077
965,4,0.2426382745311052,0.879654541397977,-23.12147315783181,-0.1531223387935881
965,5,0.2367389755151668,1.4177896717101977,-24.205200709421597,-0.1657890459549424
965,6,0.499071601144703,4.166762889894326,-72.70402979271437,-0.4202545074723374
965,7,0.1547394015877987,0.7685230753451348,-9.906906088239149,-0.0825575507353262
966,0,1.1085444254368568,5.762489584390741,-131.59533851069054,-1.044407448497544
966,1,0.2143418618952823,1.3871597889523923,-21.565330427223905,-0.1585686060825287
966,2,0.5309188221558553,2.260243099258315,-53.97181807962069,-0.4612975904241084
966,3,1.4033293913199971,10.023112069837913,-242.42724247898008,-1.3543421367540789
966,4,0.3263731181954356,1.8898188537321368,-37.42182487867606,-0.239883492812026
966,5,0.3339735825716099,2.413600538589742,-35.392446357824184,-0.2583390245096655
966,6,0.6474456198189145,5.565316463883143,-115.9035165526029,-0.5795175827630145
966,7,0.2535912939336108,1.2903223271891593,-22.3387271932007,-0.1831043212557434
967,0,1.7116390758974565,8.684475333088043,-225.9637863127006,-1.6493707030124132
967,1,0.4943538198744773,3.219258293970709,-62.49924573094568,-0.4401355333165188
967,2,0.4212313917347685,2.334093953406601,-39.97303267490166,-0.3506406374991374
967,3,0.933040700514565,5.379783717766959,-149.15355920635722,-0.8825654390908712
967,4,0.2267037536384588,1.1554646280581826,-21.19730391007664,-0.1385444700005009
967,5,0.2043607968233859,0.6994868635646665,-18.13821605208445,-0.1295586860863175
967,6,1.0729724536186356,15.536159520905244,-200.0524265016834,-1.0002621325084171
967,7,0.1632501643908413,0.4443908544370021,-11.31335319470156,-0.0927324032352586
968,0,1.3213484452291808,5.685662770789563,-170.19244869025394,-1.2606848051129922
968,1,0.2066181364350312,0.8302485763033953,-18.380883123744983,-0.1458800247916268
968,2,1.081039767881524,5.234037302937425,-120.31764410825734,-1.0110726395651877
968,3,1.3387548682117896,6.660308390063245,-227.94158019097665,-1.287805537802128
968,4,0.3151454440168533,1.0854787634236314,-34.16577044027822,-0.2262633803991935
968,5,0.182408153529464,0.7360883958999449,-14.766718725305294,-0.1070052081543861
968,6,0.511327216297796,3.098882629768456,-82.47097680664278,-0.4386754085459722
968,7,0.2033263769471124,0.7481574127159933,-15.393763872485303,-0.130455626038011
969,0,2.1525495127705305,9.455256519506632,-284.47618719920496,-2.091736670582389
969,1,0.2812542451214808,1.360817467834585,-25.841847015147906,-0.2171583782785538
969,2,0.7655979544575617,5.277720299249449,-79.86306611009401,-0.6944614444356001
969,3,0.941481784100427,5.594965794086052,-157.98127020841827,-0.8925495492001032
969,4,0.2375522804822615,1.3084923713428165,-24.165922647535726,-0.1529488775160489
969,5,0.3030044983080219,2.23326131224476,-32.36931185808715,-0.2295695876460081
969,6,0.6783050625026222,4.224434056540571,-113.82228763818844,-0.60543770020313
969,7,0.2652479356997329,1.257144205720884,-23.74316641689301,-0.1946161181712542
970,0,0.7801202422751478,3.549550329137001,-95.32521664871282,-0.7221607321872183
970,1,0.2198665103881567,1.6177180176220247,-18.38544027682449,-0.1558088159052922
970,2,0.2850243122102777,1.2543992250156837,-27.03351260490774,-0.2197846553244531
970,3,0.5354285336916863,2.500156484914368,-80.66551543487928,-0.4859368399691523
970,4,0.3935926502723151,2.9538843723354358,-46.344776978602006,-0.3048998485434342
970,5,0.2904155296081965,1.689017168885597,-32.37809023147803,-0.220259117220939
970,6,0.4631267188133126,3.374404457606629,-79.20358386486323,-0.3960179193243162
970,7,0.1857836852378724,0.8624880722590115,-15.133109985516985,-0.1182274217618514
971,0,0.8297007821228296,5.378991385479095,-103.41891765871512,-0.7717829676023517
971,1,0.3252801206247876,1.642570848005033,-28.28243898270293,-0.2571130816609357
971,2,0.4832655943024497,1.726046594210782,-52.98842908610021,-0.4205430879849222
971,3,0.688672768079785,3.5430923057067534,-112.08993353267562,-0.6405139059010035
971,4,0.3304489269238503,1.5580563499829352,-37.10161593774962,-0.242494221815357
971,5,0.2867763851483588,1.303876590480143,-28.959049201349128,-0.2113799211777308
971,6,0.6631140461726378,6.490072377594802,-110.8571327553092,-0.5896655997622829
971,7,0.2075372436979918,1.3960182915249388,-16.927769676656638,-0.1376241437126556
972,0,1.0935135280723365,5.5208835422782885,-140.6560086201187,-1.034235357500873
972,1,0.1805225563902526,1.1940759857583407,-13.18046100072582,-0.1146127043541375
972,2,0.5028538306917993,2.3222369158019016,-50.35517865750724,-0.4340963677371313
972,3,0.6089731862897175,2.9293040890405724,-107.45561509848694,-0.565555868939405
972,4,0.2617840731137482,1.052054228952854,-25.676537468934225,-0.1723257548250619
972,5,0.2527391349879633,1.2282331520383354,-25.188432579032465,-0.1786413658087408
972,6,0.5174436357040478,3.786695022082769,-81.07553950233742,-0.4430357349854504
972,7,0.1648812414477473,0.8770829902084082,-11.47461230118572,-0.0940541991900468
973,0,1.2263098473807987,5.649907520009405,-153.86023838537153,-1.165607866555845
973,1,0.2122920436905608,0.785731780773272,-14.516114368458869,-0.1395780227736429
973,2,0.5423122246564035,2.940125884382177,-53.2075367110501,-0.4708631567349566
973,3,0.7848454393113891,5.327654455215866,-127.33909688213213,-0.7360641438273532
973,4,0.3291135978616293,1.2249222161577975,-36.68342656449956,-0.2413383326611813
973,5,0.232444585084725,0.9788909880650836,-22.479923938831657,-0.1594320846725649
973,6,0.7018826482111318,5.616857420815117,-127.21696161548752,-0.6360848080774376
973,7,0.3262284733143613,1.894927703166,-32.62906325771586,-0.2589608195056814
974,0,1.434558819924307,5.696206973759837,-174.15198784147262,-1.371275494814745
974,1,0.3811972029392264,2.7794327621902046,-38.556469959128734,-0.3186485120589151
974,2,0.4162466962260681,2.030640781574726,-39.463791579177496,-0.3461736103436622
974,3,0.5617775926139584,2.68154768564186,-88.85199481709354,-0.5135953457635465
974,4,0.3630672131437465,1.603760113175784,-40.8070292795564,-0.2738726797285664
974,5,0.2021177020755858,1.0524706588454114,-18.578481398785183,-0.1299194503411551
974,6,0.7344036674355725,5.668666813622743,-124.23567179295794,-0.660828041451904
974,7,0.1507290062039507,0.5656033659999823,-10.590012055221068,-0.0827344691814146
975,0,1.8623955236022656,9.852269276648013,-257.82341053318544,-1.8029609128194783
975,1,0.2343695043730807,1.0530080943770488,-21.75900898784073,-0.1740720719027258
975,2,0.432073201833894,2.130332392127151,-44.69194506851632,-0.366327418594396
975,3,0.996867352351838,6.162653425145697,-155.7700443748888,-0.944060874999326
975,4,0.3396895799452246,1.3628031777031402,-36.90231427828986,-0.2493399613397963
975,5,0.1890300044300344,0.8078818786381428,-17.264701463428175,-0.1182513798864943
975,6,0.6389400172152735,4.3100163275423045,-114.21491173125172,-0.5710745586562586
975,7,0.2454046028407838,1.5881622362504486,-25.341393028105276,-0.183633282812357
976,0,1.2147048645880565,5.723842072614061,-149.80518019207025,-1.152347539939002
976,1,0.2184194824871125,0.8943002036758715,-18.205433115346715,-0.1542833314859891
976,2,0.3964832240048165,1.7873972870781478,-39.86873420105043,-0.3294936710830614
976,3,0.758716391323059,4.111547626093574,-115.24776522866826,-0.7070415044703574
976,4,0.3365239155278376,1.4513685316608993,-35.13502705118336,-0.2439932434109955
976,5,0.4087143429340976,4.052716290790235,-52.434314934866805,-0.3404825645121221
976,6,0.3963277102420278,2.540892490388686,-58.17181283394129,-0.3213912311267474
976,7,0.1396325081004593,0.5870421767145407,-9.118536457549457,-0.0717994996657437
977,0,1.7550755160811518,9.88193227080021,-221.6599140971198,-1.6920604129551131
977,1,0.1808720914546131,0.8364877200398496,-12.155841855104986,-0.11152148490922
977,2,0.6006166363648987,3.318269656288647,-58.54120441559833,-0.5273982379783634
977,3,0.80608797250775,4.062291309427127,-131.04865258096203,-0.7575066623176996
977,4,0.2977122058711524,1.8421451195690643,-32.78248727788789,-0.2114999179218573
977,5,0.2918441758153275,1.4035983475666718,-30.5151246672493,-0.2179651761946378
977,6,0.508198211048005,2.7844376129672668,-85.97535201392277,-0.4386497551730753
977,7,0.1507955029012064,0.6666877051738098,-9.245092360988536,-0.0776898517730129
978,0,1.926081852103624,10.030883725850034,-257.4792333411268,-1.865791545950194
978,1,0.1674787097325933,0.5795651261040671,-11.329919801105902,-0.1002647770009371
978,2,0.4245630463681679,2.21668946512947,-42.96087074002317,-0.3580072561668597
978,3,0.94908913872308,5.642367396819701,-151.9519860850953,-0.8991241780183155
978,4,0.4135197638268467,1.6355466571477948,-47.86200394398901,-0.3233919185404663
978,5,0.2275988483552238,1.2055876931874872,-24.87750096230433,-0.160500006208415
978,6,0.4467712287888244,2.519510321949485,-66.42570248926955,-0.3710933099959193
978,7,0.1741151043154749,1.0790202224082528,-12.936081874501507,-0.1043232409233992
979,0,1.0248886423239687,4.770344226473793,-135.51743507718345,-0.9679816791227388
979,1,0.268385455098298,1.710644733326696,-23.588548474230475,-0.2033495558123317
979,2,0.5708104295207155,3.5093880638394688,-60.91206427087423,-0.5034054898419358
979,3,0.6774670243226966,3.7269098690169096,-99.3900483931194,-0.625094643981883
979,4,0.3908412624797021,1.803782492490501,-45.70484234827379,-0.302681075154131
979,5,0.1957344714751737,1.3661963397299564,-17.8864304029315,-0.1242113222425798
979,6,0.5497040517786487,4.956862899045325,-89.67422421822097,-0.4769905543522392
979,7,0.1954461036435465,0.7570342182638368,-14.461746871662026,-0.1225571768784917
980,0,0.9393380417046796,4.444922309029975,-117.19800515036188,-0.8811880086493373
980,1,0.1989559847293441,1.4019379369430618,-13.923131040271736,-0.128917880002516
980,2,0.5963720167566429,2.239518462612523,-61.11822014810009,-0.5268812081732767
980,3,0.6941831657083237,4.912331358683712,-106.8026259469691,-0.6433893129335488
980,4,0.325072556842803,1.0399551087535162,-35.929006433858085,-0.2363750423280137
980,5,0.2900988569627604,1.436216323506603,-30.30482647751718,-0.2164630462679798
980,6,0.5739540125667769,3.0269771869979376,-101.120643820072,-0.50560321910036
980,7,0.1485059611277308,0.9982896524410956,-9.603224365105882,-0.0780749948382592
981,0,1.2043432013618245,5.563198455325685,-136.6558670578104,-1.13879889214842
981,1,0.2062903104896688,1.3870628068057185,-17.61132748970478,-0.1443551433582359
981,2,0.4527070467828264,2.3983350828991767,-47.15257171239559,-0.3864964894458655
981,3,0.671767604914099,4.59899694022391,-106.47053313868057,-0.6226346967174301
981,4,0.3203013692916187,1.2214065047466456,-36.64134389132351,-0.234880409559766
981,5,0.283552695101997,1.2582353064318066,-27.300764324595125,-0.2052689046962039
981,6,0.5535855340349372,3.1871029277297707,-79.94904670828147,-0.4730712822975235
981,7,0.2516358155281525,0.9854133426937686,-21.63462325083924,-0.1802885270903269
982,0,1.0164281470953478,4.853351277177074,-121.31664207968352,-0.9552491502337286
982,1,0.3087871401126989,2.230172984340152,-27.080176050385926,-0.24178728616416
982,2,0.4489416804629231,1.801046686983623,-41.39303632674771,-0.376300330243161
982,3,0.8631776729962954,5.71726478940518,-139.11655422730016,-0.8135471007444454
982,4,0.270326436760537,1.3061947402324805,-30.11641113802259,-0.1870584542734322
982,5,0.3404089616640807,2.955914783477943,-38.31065648029188,-0.2679066886733698
982,6,0.5871825935795559,3.855999196507335,-93.6404588846903,-0.5116964966376519
982,7,0.2345585096808098,1.3037187761258582,-20.444892040993867,-0.1648781616209182
983,0,1.2258023138040444,6.251957777686882,-150.18826315692718,-1.1642501019916836
983,1,0.1553842440123421,0.7396561821543046,-10.627167068888266,-0.0908304877682757
983,2,0.6259715866591375,4.08024499554182,-68.17279118131518,-0.558793370338649
983,3,0.70123782483227,5.54319499264579,-107.94279734038228,-0.6502578153035077
983,4,0.214911488739627,0.9269184674325226,-21.568091667516786,-0.1323195807823115
983,5,0.25954525050553,1.311847181919356,-28.808369938584224,-0.1907839068780412
983,6,0.6329642121057778,4.1421940791950345,-113.18034532468162,-0.5659017266234081
983,7,0.1739467464004558,1.030451519112933,-14.37805602692402,-0.1089246668706365
984,0,1.2200278883946056,5.056814193691326,-142.0877323053596,-1.1551848154907285
984,1,0.1454285330849202,0.5017483010969099,-8.950499256116524,-0.0785131513694432
984,2,0.6044117270678353,3.2082606960437183,-63.86568294892465,-0.5366864113355012
984,3,0.90944699511788,6.194630077807941,-144.15364160804475,-0.8580573905240759
984,4,0.2890258068099189,2.5063990742239923,-33.45324908878071,-0.2065015375850661
984,5,0.2294073464578047,1.1970254318107008,-23.152851720343097,-0.1585811761667335
984,6,0.5417855375419282,4.55987887334087,-95.0475306231249,-0.4752376531156245
984,7,0.2993209168367123,1.2507883343752442,-27.56784624012944,-0.2278334400010697
985,0,1.501070302729651,5.433683604262191,-178.10775440931295,-1.4363528581396203
985,1,0.2227453726012645,1.215830896960323,-20.66978643875633,-0.1627542239272151
985,2,0.5672255369954441,3.258880631374824,-59.51121177876568,-0.500094216628283
985,3,1.4715177423703467,8.767043649610303,-250.1346301729244,-1.4212194896188886
985,4,0.3034827816628493,1.5067505262163108,-34.522047603734016,-0.2184939721755317
985,5,0.2494200421415398,0.8508130934798187,-23.85411610079877,-0.1741176357722537
985,6,0.6047807079746557,3.582722763179612,-107.59552559964573,-0.5379776279982287
985,7,0.1952816828859299,0.7527069802212226,-14.465299881641023,-0.122587287132551
986,0,1.1381246599202015,4.874613910170111,-145.62939160647,-1.078736234122
986,1,0.2778915015449753,1.8643114282394715,-23.29100561060803,-0.2098288793748471
986,2,0.6043414810577039,3.197787807998767,-57.28495951920378,-0.5304162918444795
986,3,0.4199449944768789,3.229269769801179,-62.82389805677632,-0.3717390417560729
986,4,0.252783228301192,0.8833559792872321,-27.0732285469311,-0.1692076784183193
986,5,0.2538576095982,1.794928582718347,-26.31521167183564,-0.1814842184264527
986,6,0.5941958370683011,4.023480655191578,-101.58257458229284,-0.523621518465427
986,7,0.270966039649737,1.3799518975846274,-25.858902930423948,-0.2036134089009759
987,0,1.6207054890378765,8.686183232566227,-200.63570966160583,-1.5553155787721382
987,1,0.2375968977836301,0.8870429971538853,-18.1734813263798,-0.1682729752442574
987,2,0.5893425297343619,2.490324252540826,-60.887238867948575,-0.5204037510081074
987,3,0.7433894787044815,4.235733632560367,-115.68666284614253,-0.6927345080607336
987,4,0.3770245020297667,2.0201863786973737,-46.582231219231645,-0.2929700076681235
987,5,0.2400721027965165,1.3584834465764424,-25.674055303346933,-0.1711603686889795
987,6,0.7785724990371636,4.816775972220571,-136.47657236878555,-0.7071324993201324
987,7,0.1460987039396246,0.8563519420580381,-10.315115075683972,-0.0793470390437228
988,0,2.068924524949036,8.152121425626644,-264.8852831845598,-2.00670669079212
988,1,0.2584338100920375,1.2230917205176928,-21.92222949040017,-0.1923002586877208
988,2,0.5547507824042738,2.4943904446040257,-51.86562534726816,-0.4802372717339644
988,3,1.4067824424692714,9.673206431585358,-238.72401408698903,-1.356386443676074
988,4,0.3401045785730811,1.9641115652216128,-40.7383370823052,-0.2562159564924855
988,5,0.3142432964680762,3.1661504645765053,-42.44512980153768,-0.2526495821520099
988,6,0.6398070386873317,5.084344797003411,-100.21086843677598,-0.5629824069481797
988,7,0.2355368786568528,1.0769928672370932,-26.010379292267025,-0.1769413557297076
989,0,1.2675096464319218,7.667059212673203,-156.72236082811625,-1.2055566217547404
989,1,0.2321847670148648,1.8674160467677907,-18.179224583238188,-0.1637767980471909
989,2,0.5867191608048606,2.3662052460357272,-57.12470666980698,-0.5146369970252881
989,3,0.4623517948167781,2.5371674911811986,-66.78624502864359,-0.4122607717817506
989,4,0.3399586829950497,3.270940416125448,-38.98836907989612,-0.2531712277915332
989,5,0.1820164058424804,0.924645889523372,-15.622178513859785,-0.109246003593425
989,6,0.5996561248833095,5.417249905093231,-100.17275779238012,-0.527225041012527
989,7,0.2338415994455452,0.9447200040658456,-24.15189999277381,-0.1725135713769557
990,0,0.9119668286501538,5.023494595306175,-108.98039863948038,-0.8514093643709405
990,1,0.2103034958350486,0.9937713055138624,-16.31488454980586,-0.1443795092903173
990,2,0.5329726325407518,2.9143937592065043,-55.80169564504348,-0.4650141303753623
990,3,0.9463867955223062,5.481602287788562,-153.13385041967746,-0.895519593097529
990,4,0.386888088067892,3.255701859816327,-46.93847821079958,-0.3008876808384588
990,5,0.2010972528226119,1.453102114385794,-18.23524573388893,-0.128417223478091
990,6,0.7179475768497272,5.454369983341962,-131.35670967048318,-0.6567835483524159
990,7,0.1924421123976238,1.1174935150906269,-15.018477497451858,-0.1221014430687142
991,0,0.9112362201101012,3.343842958424032,-111.59500246948566,-0.8518702478586692
991,1,0.1711313889738303,0.8106852795538189,-13.361064591186034,-0.109516922878574
991,2,0.4173123798313849,1.7421133591886973,-41.125981955502375,-0.3485252708093421
991,3,0.6937259136962092,4.215688799385241,-112.96278384427124,-0.6455016219672642
991,4,0.259291868127075,0.9857136515979228,-26.305841972167336,-0.1719336076612244
991,5,0.2953126201669768,2.656592446683787,-33.13739901461504,-0.2254244830926193
991,6,0.7962786890336615,6.920864934195702,-146.0483111490247,-0.7302415557451235
991,7,0.1872241789055156,1.2387714054924943,-13.835902816108277,-0.1152991901342356
992,0,0.8853853529781809,3.834266666828902,-103.8065703746339,-0.8238616696399517
992,1,0.1520359718861108,1.0380197793948984,-9.595891404148318,-0.0849193929570647
992,2,0.5316633647324603,1.7650584737581283,-53.56435217935763,-0.4617616567186002
992,3,1.0342152517121044,5.979965217485769,-167.19038107702633,-0.9834728298648608
992,4,0.2323233256887362,0.8930208362989343,-22.198014999808784,-0.1450850653582273
992,5,0.2268542941118769,0.9109920001140964,-20.76286017093977,-0.1515537238754727
992,6,0.480076874022919,3.315322963869951,-79.57744951094617,-0.4101930387162174
992,7,0.170620877856694,0.6806709843802624,-13.194630322161368,-0.1030830493918856
993,0,0.8941467526695676,4.98616918205046,-106.6277009597518,-0.833028913748061
993,1,0.1453289772237417,0.5120679290369397,-10.076420312041853,-0.0825936091150971
993,2,0.6509766238818748,3.4883925691846547,-62.11008933948175,-0.5750934198100162
993,3,0.7010633119728311,3.2874986657948733,-111.48188104334103,-0.6519408248148598
993,4,0.3247304277720539,1.508923130683803,-35.068552084937274,-0.2353594099660219
993,5,0.2200934663295495,1.557953262314171,-19.763555550163275,-0.1442595295632356
993,6,0.5403788726491254,5.418738028539351,-86.32743285735712,-0.4666347722019304
993,7,0.2509387336686722,1.0877382445074573,-23.243449355529897,-0.1830192862640149
994,0,1.7116948921928754,7.521670346842384,-215.74857949884432,-1.6469357213652238
994,1,0.2503542605553095,1.9304804310690904,-19.550475832064084,-0.1810229243709637
994,2,0.7816034373567318,4.676406079138162,-80.81811517496824,-0.7089308348681425
994,3,1.0028026366880245,4.285145099152468,-155.78110288573404,-0.9498847736935002
994,4,0.2975470603924727,1.574172214167882,-31.58243681674872,-0.2091552107069451
994,5,0.2155898155106977,1.8289557918838069,-21.759872064550176,-0.1460394098291958
994,6,0.61432171444826,4.552117206221199,-109.36781468406444,-0.5468390734203221
994,7,0.2471616204305102,1.4223737842362916,-24.153102478346995,-0.1829780490783863
995,0,1.4303809619687216,5.889772487343167,-173.40944217244314,-1.3654286785231744
995,1,0.1868554114223112,1.2342458980606648,-12.96937003397033,-0.1179033639451848
995,2,0.6557235250729865,4.187646381688897,-69.16372417111813,-0.5861332556874418
995,3,1.165871649006223,10.959140434397048,-170.60786780192612,-1.115084103280563
995,4,0.2845449851915185,1.30562963756286,-30.987470927120977,-0.1986376341482114
995,5,0.2020106004059367,1.5199656634511252,-18.92122412044388,-0.1304912008306474
995,6,0.4448024653395921,2.290558029115338,-70.8408843760979,-0.3728467598741995
995,7,0.2415810456485161,1.7757141124939837,-21.866763180536104,-0.1735457395280643
996,0,1.2607741695626902,6.505598838221957,-155.79556132325683,-1.1984273947942834
996,1,0.2396343965467426,1.0582268940375967,-19.99045031128302,-0.1738300027068088
996,2,0.6357362042266725,3.218057356006342,-64.24837826424815,-0.5635822654758609
996,3,0.6483593375480468,3.480815344493569,-103.1580678311958,-0.5997562083209058
996,4,0.4096146658210762,3.410045985930259,-50.21115705399624,-0.3239429487354596
996,5,0.2384018719686897,1.6375245244387957,-24.23001719655109,-0.1671035668727661
996,6,0.553464887032648,3.3197740724233373,-95.94356166924489,-0.484563442773964
996,7,0.1997348062923311,1.0923422200904214,-16.34302996355064,-0.1307442397084051
997,0,0.9017009321080314,4.307392755071588,-103.10007331737586,-0.8382119781900477
997,1,0.1404501083526442,0.9038876625469688,-9.317647247123572,-0.0776470603926964
997,2,0.712955051579299,4.246266419145072,-72.29888913111984,-0.639813178151503
997,3,0.5726778219074233,3.879548896818426,-87.96726674172162,-0.5236146829864382
997,4,0.2654355340425604,1.9007555544387733,-29.130025355879965,-0.1820626584742498
997,5,0.2613198152338418,1.7194246698344935,-27.71275692333768,-0.1898134035845046
997,6,0.4066245877346954,2.801250222789689,-62.4753200820619,-0.3340926207596893
997,7,0.2165700515737337,0.99657734523757,-17.19244337535856,-0.1444743140786433
998,0,1.5663976799445631,9.0021871214298,-190.70650700886304,-1.5016260394398664
998,1,0.2186075797012568,1.2751729801445355,-18.277034620757075,-0.1548901239047209
998,2,0.6506689108785361,2.738661591374186,-65.4505210578516,-0.579208150954439
998,3,0.9835145613556237,5.527456608665092,-170.1987185574111,-0.9351577942714896
998,4,0.2859985828208711,1.3020935921170194,-29.918882625967395,-0.1981382955362079
998,5,0.3332863238492585,1.9858618028713653,-38.6394454862882,-0.2628533706550217
998,6,0.393878229567651,2.381241831984824,-63.15398825872527,-0.3238666064550013
998,7,0.3078923430306149,1.7711065074475516,-29.669281275212057,-0.2392683973807424
999,0,2.175082928152519,9.534935007463442,-280.57561299944325,-2.109591075183784
999,1,0.1818420885126085,1.0499095291121716,-15.207660392260395,-0.1216612831380831
999,2,0.7800798210027605,4.718132899159838,-82.25710944252798,-0.709113012435586
999,3,0.8511029770504535,3.684021066634788,-133.6873561265963,-0.8005230905784211
999,4,0.3325268064990179,1.8468490191931828,-37.57808675064885,-0.2456084101349598
999,5,0.2521947129669278,2.3136088465702245,-34.36313234699007,-0.1941419906609608
999,6,0.4278586074087829,3.235021534541398,-71.07281231109651,-0.3589535975307905
999,7,0.2007799345528434,1.2522709217343253,-17.877275954807672,-0.1354339087485429
