episode,path_id,avg_lateral_error,max_lateral_error,total_reward,avg_reward
0,0,54.940876618369714,138.08582622493634,-10973.559196717184,-54.86779598358592
0,1,76.99524390071207,163.44098899912413,-15387.15982853204,-76.9357991426602
0,2,41.83350942389088,85.67179169224977,-8354.83726254681,-41.774186312734045
0,3,58.1455944900252,114.01153434293089,-11619.210017062982,-58.09605008531491
0,4,28.342069976461083,73.17569517611065,-5654.700147567925,-28.273500737839623
0,5,24.88624046580945,53.56428153666185,-4968.107084199376,-24.84053542099688
0,6,19.036861653475228,60.14478056813617,-3795.571128144828,-18.977855640724137
0,7,51.94589013150322,89.82675266316393,-10377.611199282046,-51.88805599641023
1,0,8.892321171972942,26.741984142258516,-1765.8340777037106,-8.829170388518554
1,1,11.540605720600896,23.74390993577804,-2297.806919997437,-11.489034599987187
1,2,15.90170711344382,47.433831701613606,-3169.847986893093,-15.849239934465468
1,3,7.524812885744758,20.710185368526265,-1494.2224402244046,-7.471112201122023
1,4,60.45078235311491,129.73879131488178,-12075.67822418392,-60.3783911209196
1,5,25.11091701688074,69.61710333240417,-5011.561846739042,-25.05780923369521
1,6,27.36192716416364,54.5880287861332,-5461.423478903056,-27.30711739451528
1,7,16.028940953289304,38.58211496676629,-3194.4416983907017,-15.97220849195351
2,0,60.37014407286706,119.55330875063164,-12061.125124025244,-60.30562562012622
2,1,9.114766395066898,25.989729633644547,-1812.793469163205,-9.063967345816025
2,2,47.03502146984521,99.37635656279927,-9395.96776737438,-46.97983883687189
2,3,33.04079810502744,57.874510779119845,-6596.767945485733,-32.983839727428666
2,4,59.2819912968554,104.45510378889703,-11842.438891757693,-59.21219445878846
2,5,41.28265966354096,113.29783344300886,-8246.49647551954,-41.2324823775977
2,6,55.434467943103066,100.81326894061216,-11074.897408869185,-55.374487044345926
2,7,39.82001862585712,80.42079055043654,-7952.900815318228,-39.764504076591145
3,0,48.38164821575717,98.83298028242368,-9663.232011984928,-48.31616005992464
3,1,20.21276811326036,46.96351648375048,-4032.6726883235674,-20.163363441617832
3,2,51.39107614484754,130.79525784038708,-10265.689784073653,-51.32844892036827
3,3,44.63299865760116,129.10503465941576,-8915.445592471908,-44.57722796235954
3,4,41.72738938700736,84.0453779771016,-8332.383301841242,-41.661916509206215
3,5,29.34481200383722,69.62161052355846,-5858.377957309149,-29.291889786545745
3,6,49.88679993031737,91.36694172087292,-9964.852987398805,-49.82426493699401
3,7,24.65978525669536,50.8665607766753,-4921.143860077825,-24.60571930038912
4,0,42.32691734844245,99.1644738216096,-8451.548258937368,-42.25774129468684
4,1,22.29657929157949,45.2160879845914,-4448.873487084013,-22.244367435420063
4,2,41.0925038681746,70.05842926665552,-8207.265271587577,-41.03632635793789
4,3,45.01868840034415,83.53087500931578,-8993.89611864836,-44.9694805932418
4,4,61.22122173395536,115.4278045485047,-12232.318131032738,-61.16159065516369
4,5,25.07368143037445,51.90472734738771,-5005.040462705802,-25.02520231352901
4,6,23.1736452131282,71.49207666669557,-4622.253436811613,-23.111267184058065
4,7,57.59264121255726,108.68928219617564,-11508.295996550942,-57.54147998275471
5,0,106.44767095103096,193.0164649934008,-21276.034352765146,-106.38017176382571
5,1,17.186928110732723,61.281530217483066,-3426.825808744951,-17.134129043724755
5,2,12.603459926842566,27.526331565268283,-2509.5308269570646,-12.547654134785324
5,3,11.04939923790228,36.43258197946364,-2199.069107305946,-10.995345536529731
5,4,23.7377215915246,55.63196303956319,-4734.646639351573,-23.673233196757863
5,5,56.706814920374136,104.85485316309628,-11329.870448857457,-56.64935224428727
5,6,22.45246179786423,48.62982557495498,-4478.970617068622,-22.39485308534311
5,7,29.11961977873992,62.98860896801895,-5812.321481395701,-29.061607406978503
6,0,53.82304665470358,96.8680105223434,-10752.624849187972,-53.76312424593986
6,1,16.09976530979302,60.05082184831262,-3209.0610502586533,-16.045305251293268
6,2,33.009597782620375,93.23612085325531,-6590.436820952158,-32.95218410476079
6,3,11.231968803584328,34.53689828231933,-2235.756438458509,-11.178782192292545
6,4,24.27700608255904,44.16964334764645,-4841.863771851342,-24.209318859256708
6,5,54.87808316928151,107.43626711285732,-10964.71595708956,-54.8235797854478
6,6,39.57745422142536,66.53323927782708,-7905.403897060538,-39.52701948530269
6,7,14.694373554817378,35.62688583954742,-2928.965201018209,-14.644826005091044
7,0,16.210057491187875,59.90132752890776,-3229.743602342123,-16.148718011710613
7,1,47.20586374638775,121.42922344385092,-9430.489986160634,-47.152449930803165
7,2,35.31180569739615,66.92746617331906,-7051.508043207486,-35.25754021603743
7,3,27.266078352715745,65.98866082355579,-5443.648674196978,-27.218243370984894
7,4,28.69679169774349,65.554160841923,-5727.48179202447,-28.637408960122357
7,5,37.14384486110409,74.34118413341982,-7419.227876453559,-37.0961393822678
7,6,64.79289490437476,129.9043403919855,-12948.85107648966,-64.7442553824483
7,7,27.74864074167861,50.14989199771131,-5539.941408848911,-27.699707044244555
8,0,43.16667500174971,86.19135994943542,-8621.268862374965,-43.10634431187483
8,1,35.90904636484437,90.38081525643078,-7172.5485035569,-35.8627425177845
8,2,27.263868111680846,51.66130241640752,-5442.375867738945,-27.211879338694725
8,3,22.93130188882241,69.82569435430409,-4575.485008706838,-22.87742504353419
8,4,16.539569160748044,49.453470846788406,-3296.1686852314983,-16.48084342615749
8,5,47.47793384284081,90.28575361316682,-9484.828115904153,-47.42414057952076
8,6,13.555343343441672,48.76273867663367,-2701.480890748115,-13.507404453740577
8,7,35.83159055222261,66.04118452783463,-7156.383478734397,-35.78191739367198
9,0,63.1072772871792,155.81808671267436,-12609.070864264851,-63.045354321324254
9,1,6.583896329652978,16.71220246210308,-1307.128485868007,-6.535642429340035
9,2,21.067842064455487,46.378843565138204,-4203.684719270067,-21.01842359635033
9,3,7.858520909792625,29.12712157584755,-1562.7396127886109,-7.813698063943053
9,4,38.89383517954003,60.24343382446946,-7768.256182673912,-38.84128091336956
9,5,51.75520946152236,85.57674014353324,-10341.386929182472,-51.70693464591236
9,6,36.5440495923186,79.95429058620064,-7296.978626126498,-36.48489313063249
9,7,24.378818467800844,56.26501814504999,-4866.07750591782,-24.330387529589096
10,0,8.177410358555692,22.007558749771764,-1625.9569905111568,-8.129784952555784
10,1,14.580784881219277,27.853331178556655,-2909.949708984232,-14.54974854492116
10,2,11.496922393683214,23.11845656231088,-2290.966841201945,-11.454834206009725
10,3,14.734874920343632,27.601247379272223,-2940.386306828916,-14.701931534144578
10,4,23.675761103865437,56.83518638109349,-4723.828530579965,-23.61914265289983
10,5,17.99222442703569,33.50468212926907,-3591.363709206154,-17.95681854603077
10,6,14.137210900031898,28.922804485970595,-2817.891768859019,-14.089458844295097
10,7,13.3652103973309,36.55463966420393,-2666.1617192566023,-13.330808596283012
11,0,33.5961891410919,81.22954415129489,-6707.822052181336,-33.53911026090668
11,1,19.092667220705,53.03347380222508,-3810.051559734864,-19.05025779867432
11,2,17.540505666220152,39.41851689477645,-3498.0363294619287,-17.490181647309644
11,3,35.1677266717426,62.85648825011621,-7025.48283627078,-35.1274141813539
11,4,5.850521090008008,23.77999817514659,-1159.396051172385,-5.796980255861923
11,5,21.97537906714433,73.36581544556067,-4385.2482516414,-21.926241258207
11,6,9.33829234056563,24.081780966582524,-1858.0996630717195,-9.290498315358596
11,7,13.92713717065678,32.4601569064202,-2774.948421929924,-13.874742109649617
12,0,9.247842256939386,25.25586461465121,-1837.5427459523808,-9.187713729761905
12,1,4.266443317817952,13.6852830844554,-844.7978374042599,-4.223989187021299
12,2,12.610270656099068,35.73443288412215,-2514.336185548338,-12.57168092774169
12,3,12.518235235422118,32.23595781987885,-2498.629837764121,-12.493149188820608
12,4,5.507742546750325,18.857029672432592,-1090.7041408821076,-5.453520704410538
12,5,18.06393284994744,69.89560205531687,-3604.769525731701,-18.02384762865851
12,6,6.548742098002493,17.59638986898691,-1299.8150292813175,-6.499075146406588
12,7,10.491629784013972,27.32392557657105,-2090.137129320658,-10.45068564660329
13,0,6.601314971669459,22.1590483849424,-1307.8271939960248,-6.539135969980124
13,1,4.785987015507655,12.203396549516716,-948.747616165275,-4.743738080826375
13,2,4.138694742148853,13.796444356619425,-819.616196483519,-4.098080982417596
13,3,5.61338775835871,14.459363468151684,-1114.6225900122026,-5.573112950061013
13,4,11.446371793368934,35.95869323193375,-2278.946539532984,-11.39473269766492
13,5,89.44763114169795,221.2167958572136,-17875.889739821156,-89.37944869910578
13,6,15.968025261609377,36.75929695415459,-3185.329992028608,-15.92664996014304
13,7,20.14658635775844,55.12318748778626,-4020.022735779302,-20.10011367889651
14,0,7.795079429680571,19.280728422659408,-1546.6758366819863,-7.733379183409932
14,1,16.727825081682454,46.4035773754921,-3337.6723351114047,-16.688361675557022
14,2,10.073463322010957,34.85529423307873,-2006.4204621079464,-10.032102310539733
14,3,6.417797339432951,20.521247204893807,-1273.4838552397623,-6.367419276198813
14,4,27.651015639846975,76.08262805094094,-5516.07589820031,-27.58037949100155
14,5,14.945949472435748,53.43504244621535,-2977.937312975082,-14.88968656487541
14,6,21.93071134585246,50.92902756824718,-4376.260566671056,-21.88130283335528
14,7,47.90239477752901,89.89537408612641,-9570.35425860428,-47.85177129302139
15,0,19.832792490145454,58.3610953811736,-3953.345855568633,-19.76672927784316
15,1,19.891882250327438,63.1261351079067,-3971.040343626987,-19.855201718134936
15,2,5.415515321796923,15.400837615643889,-1073.5199217827694,-5.367599608913847
15,3,11.468674792666802,37.22252056049901,-2284.51640343051,-11.42258201715255
15,4,15.950397649479338,69.01520609631332,-3177.473936580707,-15.887369682903534
15,5,37.38131854385642,78.60342017873539,-7464.111889761187,-37.32055944880594
15,6,9.92546142952458,32.21232282641732,-1975.0097625751505,-9.875048812875752
15,7,12.433641181501589,25.672402051084664,-2480.457297198084,-12.402286485990416
16,0,10.122348678886183,56.58813678700082,-2012.032486701379,-10.060162433506894
16,1,21.078609465519637,46.3808767091926,-4207.283885849973,-21.036419429249865
16,2,29.469159091976667,47.724054035461165,-5885.053220874148,-29.42526610437074
16,3,5.111279706575749,16.765070103704097,-1013.0387121357608,-5.065193560678804
16,4,11.758337071224949,46.61063447224276,-2341.197241684156,-11.70598620842078
16,5,46.24674387656761,110.11451966549812,-9236.853561008757,-46.184267805043774
16,6,6.243481185598216,19.42367627493835,-1240.3613894005166,-6.201806947002583
16,7,7.802067290617173,25.906865511377347,-1552.4719214690926,-7.762359607345463
17,0,34.16977916589101,81.10312659365795,-6822.04260868792,-34.1102130434396
17,1,29.281934095789605,59.71707129277685,-5847.409462263181,-29.237047311315905
17,2,4.781913301353755,14.89886423798479,-946.6453951430616,-4.733226975715308
17,3,18.392994476120144,44.34985299116718,-3667.3825950161513,-18.33691297508076
17,4,134.25258212274122,262.488804398546,-26836.09194428621,-134.18045972143108
17,5,59.11237637388507,131.99274676443127,-11810.901225634325,-59.05450612817162
17,6,83.35139442197307,160.1060197747031,-16658.521646786638,-83.2926082339332
17,7,7.705398638479544,30.110403037876008,-1531.7938154511558,-7.658969077255779
18,0,19.59868121511211,86.70919796745406,-3907.366818807684,-19.53683409403842
18,1,7.598118552095423,35.35440513934431,-1510.987795677412,-7.55493897838706
18,2,15.891087548394085,35.90299458791498,-3168.976702587141,-15.844883512935708
18,3,7.5565674707480435,30.38597927045251,-1502.4349351119215,-7.512174675559609
18,4,37.705253050117214,57.90756064065332,-7530.247995074986,-37.65123997537493
18,5,58.496259786042536,189.19853700574004,-11688.741408923062,-58.44370704461531
18,6,28.712145164164838,54.41373355144887,-5734.483775020487,-28.672418875102437
18,7,5.557804963987057,16.78236803473803,-1101.742785035155,-5.508713925175775
19,0,15.977013031100348,32.23582607208137,-3182.471476934917,-15.912357384674587
19,1,17.994766181506417,39.22002969498544,-3589.1437847698885,-17.94571892384944
19,2,6.226798321978504,18.081449316321475,-1235.5890957155002,-6.177945478577501
19,3,11.652184983848764,36.52904808834531,-2321.213679272306,-11.606068396361527
19,4,28.643218282076617,68.57731653970858,-5717.466697027101,-28.587333485135503
19,5,33.77587197390804,115.11826382704024,-6744.156737891236,-33.72078368945618
19,6,28.52429932088918,79.29207968382684,-5691.5873669231,-28.4579368346155
19,7,20.69518334095488,54.4288782381557,-4128.883420797492,-20.64441710398746
20,0,34.67109269807324,68.739034736029,-6920.138739576658,-34.60069369788329
20,1,15.801459102066614,38.501610315251405,-3151.023502674021,-15.755117513370108
20,2,28.12456930386724,51.27352367691526,-5614.928546833529,-28.074642734167647
20,3,15.01204892923861,43.92793973738597,-2992.816913996148,-14.96408456998074
20,4,8.819362976898107,22.19906759550063,-1752.1237252059725,-8.760618626029862
20,5,28.90507449872411,76.9663700267656,-5768.982860523471,-28.844914302617354
20,6,16.164825545944456,38.53375387096296,-3220.0587260324214,-16.100293630162106
20,7,7.34539910005544,30.577608661131897,-1459.1238637508254,-7.295619318754127
21,0,46.05786999086593,74.89247094732086,-9200.236554131856,-46.00118277065928
21,1,20.432390683586284,45.40017921110397,-4077.474731340097,-20.38737365670049
21,2,11.57072211216444,35.90642842215273,-2303.279507118209,-11.516397535591045
21,3,6.657743059109394,15.290458118610974,-1321.7280370199392,-6.608640185099696
21,4,33.59433776949939,69.4329894218195,-6706.58695679129,-33.53293478395645
21,5,8.876169874233241,35.909936229140854,-1768.4310127442795,-8.842155063721398
21,6,18.032723362639523,54.38080158943675,-3596.033682672558,-17.98016841336279
21,7,13.645951160674306,31.12909471155849,-2717.356981503597,-13.586784907517986
22,0,41.52311951987531,139.1908290351259,-8291.08225567106,-41.45541127835529
22,1,30.01609079817381,54.30706279907712,-5993.627775583176,-29.96813887791588
22,2,6.041347942102775,17.83905052508316,-1197.4640433291925,-5.987320216645962
22,3,5.3783313166765945,19.318478511884532,-1064.5858486394663,-5.322929243197332
22,4,19.978246576928058,59.8672057976706,-3982.7183217617257,-19.91359160880863
22,5,10.471218246816166,36.331877271889205,-2085.2828866324085,-10.426414433162044
22,6,11.51686895332431,35.27863333869033,-2292.9975415331064,-11.464987707665532
22,7,22.408462746085856,58.48574885848565,-4474.876928635571,-22.37438464317785
23,0,76.31081065135854,144.76569892845927,-15248.07126360297,-76.24035631801485
23,1,29.012680550607296,88.1208173577618,-5793.789354181106,-28.96894677090553
23,2,9.913197947311495,27.4571627486026,-1971.7086182284795,-9.858543091142398
23,3,7.270446845806586,25.687103022037217,-1442.9612839550814,-7.214806419775407
23,4,29.68992973451347,65.91986779351295,-5925.897352419218,-29.62948676209609
23,5,3.8426840386240175,9.356830865504577,-760.8411041879242,-3.804205520939621
23,6,9.448234164983788,18.461169117719542,-1880.222138598824,-9.40111069299412
23,7,14.191333597348024,41.82613158222645,-2829.485109119238,-14.14742554559619
24,0,12.42612412767583,34.842721798233335,-2473.2196312434016,-12.366098156217008
24,1,24.271407314493032,41.78433821887638,-4847.107898111405,-24.235539490557027
24,2,54.48555472055201,96.71478518576195,-10885.689252660666,-54.42844626330333
24,3,6.892893185414866,26.14024778953421,-1369.4722995122083,-6.8473614975610415
24,4,15.377767560250804,51.23078483788706,-3062.399336584937,-15.311996682924685
24,5,7.63449131828165,29.450861603219927,-1518.957034512771,-7.594785172563855
24,6,8.64925085020396,30.39310575378704,-1718.8521574245658,-8.59426078712283
24,7,15.519884567112182,35.1542921514179,-3096.505217619084,-15.48252608809542
25,0,6.856686505495215,24.855614655494985,-1358.070644388802,-6.79035322194401
25,1,11.264358418161423,30.580898976915925,-2243.684684378325,-11.218423421891623
25,2,32.110382961627664,60.77473995109371,-6411.087521635568,-32.05543760817784
25,3,16.75800118283533,45.622351482166,-3343.8065046019083,-16.719032523009542
25,4,16.556855793263818,51.56907043082137,-3300.768932125395,-16.503844660626974
25,5,20.06013419379512,49.5337392684906,-4003.3243852273504,-20.01662192613675
25,6,12.97104576140024,35.00430939781991,-2584.9511346006884,-12.924755673003444
25,7,17.507829038188426,37.66611835590744,-3491.9328433906376,-17.459664216953186
26,0,18.93903522490661,65.07232149725849,-3772.3009905505655,-18.861504952752828
26,1,6.987657470429159,17.99107025766776,-1389.8476091647335,-6.949238045823668
26,2,15.184793910039264,49.16329076847048,-3026.5647247621887,-15.132823623810944
26,3,23.54041656097485,55.42101106607453,-4698.346544686982,-23.49173272343491
26,4,21.260920145099607,81.1137432247235,-4240.404624408782,-21.20202312204391
26,5,14.027427104978395,52.44379451596551,-2795.272838184323,-13.976364190921617
26,6,5.796926639370972,20.500285267604227,-1148.038772819679,-5.740193864098395
26,7,13.72315071868972,27.79866015818325,-2735.1987035347515,-13.675993517673758
27,0,34.58381430193868,77.69607957723657,-6903.225864291979,-34.51612932145989
27,1,17.87125144321067,43.43263691012885,-3564.8756476702883,-17.824378238351443
27,2,7.822451814444961,20.647008438206534,-1552.1554480930663,-7.760777240465333
27,3,31.99822949764655,77.95233122790016,-6390.128236052891,-31.95064118026445
27,4,13.391894374868276,48.07581507724499,-2664.878539929693,-13.324392699648469
27,5,13.539227474931666,31.252106164951595,-2696.1232077577783,-13.480616038788892
27,6,28.97099714350939,76.00138141218164,-5781.6655028501655,-28.90832751425083
27,7,27.694131558001985,57.13509665295476,-5528.723611474171,-27.64361805737085
28,0,14.019363065199675,44.09507631749053,-2790.521863569309,-13.952609317846548
28,1,18.59968557416289,45.96946435679218,-3711.4493958754,-18.557246979377
28,2,12.700524909042963,35.29761961450108,-2528.500084822739,-12.642500424113695
28,3,34.69189930589533,77.77622746082893,-6928.077580330836,-34.64038790165418
28,4,68.59578996562564,132.9122144980297,-13704.210420668864,-68.52105210334433
28,5,13.907295164724014,37.86745910640956,-2770.441920529965,-13.852209602649827
28,6,36.30354118200732,69.64495705372816,-7248.401631352919,-36.2420081567646
28,7,33.28921792570703,61.29649686366771,-6645.878120906218,-33.22939060453109
29,0,32.06877389153253,102.1452557865612,-6399.46655638158,-31.9973327819079
29,1,11.65486762528399,35.23630148010086,-2322.5227528186465,-11.612613764093233
29,2,8.12754526604596,32.506673679216135,-1612.6925707309033,-8.063462853654517
29,3,2.1541039667517987,9.144240528403715,-423.99833321750793,-2.1199916660875395
29,4,78.46797325379181,128.46923235761267,-15680.02787638632,-78.4001393819316
29,5,26.07815919817101,72.6614332380455,-5205.559057076972,-26.027795285384855
29,6,10.1529231095661,27.61737231325624,-2018.9042975871423,-10.094521487935712
29,7,5.11582722325544,16.758493437840855,-1012.0123950625746,-5.060061975312873
30,0,14.142666200170002,37.55569338959197,-2815.79151491906,-14.0789575745953
30,1,6.104126164414612,20.44856328291117,-1211.3575721815807,-6.056787860907904
30,2,13.875494907126818,38.78753214772825,-2763.7802677553877,-13.818901338776936
30,3,7.331149460774626,22.35339494766187,-1457.0125064976985,-7.2850625324884914
30,4,17.381669614074564,54.46456128691512,-3462.6083169823733,-17.313041584911865
30,5,8.610979786492985,23.1639153318334,-1713.2994324165893,-8.566497162082946
30,6,7.713852582757848,19.062411645422184,-1532.6840997524466,-7.663420498762233
30,7,6.636421546871151,20.98246071466686,-1318.3123005726015,-6.591561502863008
31,0,16.206308063773353,40.245169958999526,-3226.162971090357,-16.130814855451785
31,1,5.326961691933127,13.806699700747036,-1054.654441394414,-5.27327220697207
31,2,10.897356248517935,31.288148657103665,-954.15735025852,-10.842697162028635
31,3,9.769182213839612,29.75135881066528,-1944.1505930020733,-9.720752965010368
31,4,14.821909558711608,54.61024040096032,-2951.21110655976,-14.7560555327988
31,5,5.532609467697744,21.76548863129719,-1100.8591734372694,-5.504295867186347
31,6,11.827348831675303,27.224518488448144,-2353.9317182550744,-11.769658591275372
31,7,13.460569378901614,44.32000036572634,-2681.111569042817,-13.405557845214084
32,0,9.6330842974583,23.77493050954128,-1913.1348612264712,-9.565674306132356
32,1,25.877299992336194,57.76260805544513,-5165.822045199945,-25.829110225999724
32,2,7.283803594608954,23.312754856685235,-1445.813926593613,-7.229069632968064
32,3,25.523053198500904,54.10121199788299,-5094.986292059611,-25.47493146029805
32,4,13.424768465038415,39.79642245031853,-2671.052189515862,-13.35526094757931
32,5,6.490692789105935,15.54377560800776,-1289.0704745581809,-6.445352372790905
32,6,6.8410936366900215,19.903677029346287,-1356.5444264291818,-6.782722132145909
32,7,9.746596266474969,35.53830259762767,-1939.1115482997716,-9.695557741498856
33,0,17.20079729021835,35.29126091190343,-3425.556894632198,-17.12778447316099
33,1,11.582120629297016,34.21131351379001,-2305.680127381585,-11.528400636907923
33,2,41.29908323343995,88.08697324398773,-8248.987986788774,-41.24493993394387
33,3,14.306220740643932,45.267225939300175,-2849.615786867133,-14.248078934335664
33,4,7.780662229662462,21.90164866715569,-1542.7504113020725,-7.713752056510362
33,5,9.83174405944249,23.75279344417857,-1954.8729923125877,-9.774364961562936
33,6,9.63109932529858,20.50119110085739,-1915.1423216204216,-9.57571160810211
33,7,47.05484375618303,83.6636818890434,-9401.289460174015,-47.006447300870086
34,0,18.423866177506277,43.13308003982452,-3673.651720367184,-18.36825860183592
34,1,7.15255479182965,21.929611652884187,-1419.932145299775,-7.0996607264988745
34,2,14.69083437016421,37.81838433601256,-2928.5804523916227,-14.642902261958112
34,3,21.675815143421463,37.72953156211507,-4324.597154016954,-21.62298577008477
34,4,9.472545519327843,26.999647804973197,-1883.776006420224,-9.41888003210112
34,5,10.003620013581491,32.83775695208318,-1991.027133240437,-9.955135666202183
34,6,15.212511239078914,48.09518148336295,-3031.107177981568,-15.15553588990784
34,7,9.039571907085554,24.165172849864028,-1796.947039019074,-8.98473519509537
35,0,6.590962063971333,23.72036452473925,-1305.1570670108736,-6.525785335054368
35,1,5.4464362862275815,13.539591675964534,-1078.2416983316325,-5.391208491658163
35,2,8.094763512667546,20.310860105458723,-1608.1353828583135,-8.040676914291568
35,3,5.32782340846284,15.108384130015994,-1055.156621432038,-5.275783107160191
35,4,5.327842367125268,14.334239594983227,-1054.303932088919,-5.271519660444596
35,5,6.237676211686898,16.547881039887628,-1238.155603916607,-6.190778019583036
35,6,4.443686207748729,17.383434049685864,-878.0562612094628,-4.3902813060473145
35,7,14.34646528854011,29.477327440624293,-2856.689097280824,-14.28344548640412
36,0,5.93966125302101,17.930666284469183,-475.7030598517432,-5.872877282120286
36,1,7.519411738432767,28.3550219506137,-1492.3269561997402,-7.4616347809987005
36,2,8.266967634791909,22.2914385326009,-1642.9056320703746,-8.214528160351874
36,3,9.003561378447023,26.00060897094773,-1790.7869851832502,-8.95393492591625
36,4,36.03102159174615,74.82651126457668,-7194.473028268666,-35.97236514134333
36,5,16.26254650416615,39.29049582980527,-3242.0966098276635,-16.21048304913832
36,6,9.23952449631739,27.41953909160496,-1836.8494566689092,-9.184247283344549
36,7,7.345099720210795,25.35382139462991,-1459.4061732104103,-7.297030866052053
37,0,7.326689751470822,23.50884791260404,-1452.305241724306,-7.26152620862153
37,1,21.15612000740045,41.14555786424062,-4220.132518197856,-21.10066259098928
37,2,6.491991349556677,18.412706291150304,-1286.9505943570762,-6.434752971785381
37,3,11.165722276483988,32.01545468464684,-2221.3701814115752,-11.106850907057876
37,4,17.036694372169215,53.38773286901495,-3396.9104630671723,-16.98455231533586
37,5,5.485941016758075,22.91892658215736,-1087.6442951775691,-5.438221475887846
37,6,17.6540370781007,46.47624904672161,-3521.079678866564,-17.60539839433282
37,7,17.098829144071466,46.04078613009886,-3406.9592781889723,-17.034796390944862
38,0,6.146268794978232,16.490319204791007,-1216.8700363417104,-6.084350181708552
38,1,25.631995199959043,65.54845784523447,-5115.293321827095,-25.576466609135476
38,2,7.029188707435085,19.308385739745734,-1395.1689386481162,-6.975844693240581
38,3,8.929423964499303,23.58235559211455,-1775.584112221307,-8.877920561106533
38,4,6.734142419709393,16.386880590869513,-1335.5236588581022,-6.677618294290511
38,5,4.396616985539095,13.096896939625466,-869.3852175970036,-4.346926087985018
38,6,5.634244103203331,15.257809928195815,-1116.0415929390776,-5.580207964695388
38,7,12.975914332814352,29.766517062071145,-2583.9919909434275,-12.919959954717138
39,0,12.658607429335296,42.35653775927354,-2517.840082518924,-12.589200412594618
39,1,13.231290253058612,39.29566903485113,-2634.8727718503724,-13.174363859251862
39,2,10.394103728206508,28.45000771194283,-2068.4903042032456,-10.342451521016228
39,3,24.667523845923107,75.1396771449931,-4924.537569791541,-24.622687848957703
39,4,10.54717968358349,40.29174157060214,-2098.6471058593343,-10.49323552929667
39,5,21.446409661251923,65.77184307292526,-4279.681087488842,-21.39840543744421
39,6,10.496649575061124,25.076541119263165,-2088.784472939656,-10.443922364698278
39,7,13.363744106627188,28.397165177674346,-2661.918620799026,-13.30959310399513
40,0,6.704622614724428,22.28166805371508,-1327.9620468717956,-6.639810234358978
40,1,9.578689262303229,23.497136304635976,-1906.246144110216,-9.53123072055108
40,2,7.853813571879809,19.26527305332036,-1561.347786461262,-7.8067389323063106
40,3,12.209136372631267,31.16317279032374,-2431.928928784174,-12.159644643920869
40,4,7.321817915476105,22.864824061713783,-1451.4131010086774,-7.257065505043386
40,5,4.037117668407311,15.490505505017234,-798.2875455964855,-3.991437727982428
40,6,9.286822848707224,34.24831797548805,-1846.8729397996897,-9.234364698998448
40,7,17.74513471683306,47.02438184679049,-3537.908385097736,-17.68954192548868
41,0,6.435917041726782,21.45005539951778,-1274.5733299239623,-6.372866649619811
41,1,4.52491285921188,12.921930436231992,-895.2963889182848,-4.476481944591424
41,2,19.022784424137072,46.48106010020214,-3793.136506757304,-18.96568253378652
41,3,8.448890741456385,25.38240866131851,-1200.1177284840128,-8.39243166772037
41,4,5.541294434941077,15.31365945793201,-1098.63825668784,-5.4931912834392005
41,5,15.57159792066972,40.244477455257424,-3102.86059625313,-15.51430298126565
41,6,14.544898406786924,29.09362677822322,-2897.177787913828,-14.48588893956914
41,7,20.15004291175144,58.30671564993625,-4020.010431586885,-20.100052157934424
42,0,11.141741975058316,35.93948639247948,-2215.5779971561306,-11.077889985780653
42,1,4.322375685112234,13.086021172369172,-854.7198783312743,-4.273599391656372
42,2,7.529118483139131,25.097168739181622,-1496.2590832244714,-7.481295416122357
42,3,7.936589512346785,22.908059927473907,-1576.551947981587,-7.882759739907937
42,4,11.032173091992377,31.08981733998197,-2194.403890515005,-10.972019452575028
42,5,11.189943357069838,23.68268257519072,-2231.615011007678,-11.158075055038388
42,6,5.596899918640157,19.023860434932697,-1109.8626112089155,-5.5493130560445785
42,7,20.369325137434217,38.15974809639822,-4061.220777659401,-20.30610388829701
43,0,44.44192193456959,88.99769182843116,-8876.772806414916,-44.38386403207458
43,1,7.844692044590904,20.177177521658543,-1557.9254062052987,-7.789627031026494
43,2,10.719248150516998,26.76219853606172,-2132.384293559171,-10.661921467795857
43,3,3.779777191351397,9.632045024301824,-745.5815892681155,-3.7279079463405775
43,4,8.722825170261547,35.778035321089035,-1732.7979154799878,-8.663989577399938
43,5,8.270720495244634,18.08230274298248,-1645.6072392105514,-8.228036196052757
43,6,8.45861485649428,27.724720439023788,-1680.0282964354628,-8.400141482177315
43,7,8.728102246977794,27.5310137417128,-1735.750768511847,-8.678753842559233
44,0,11.045885803368842,28.495842115659386,-2196.8804098010587,-10.984402049005292
44,1,11.816219056360817,33.875400605016154,-2353.594900255124,-11.767974501275615
44,2,26.029136504098226,61.14737024754898,-5194.702335474261,-25.973511677371302
44,3,4.654860088374963,16.68674999856027,-922.8854634580696,-4.614427317290348
44,4,5.512143896672406,14.32964600301314,-1089.9667287453751,-5.449833643726877
44,5,17.015051418940352,43.275197030130336,-3392.9194475672207,-16.964597237836102
44,6,4.7651341957764,20.69738536503465,-942.0273833840548,-4.710136916920273
44,7,5.889540520715842,17.671744015645977,-1169.4389070107509,-5.847194535053753
45,0,13.239528908386468,43.75533045231364,-2635.0182986218188,-13.175091493109091
45,1,13.416486783389974,30.89043747273513,-2674.199313938133,-13.370996569690664
45,2,22.0518485761496,55.995656561485966,-4400.42861532666,-22.002143076633303
45,3,3.296823805642632,8.215703178595767,-650.5182989185479,-3.2525914945927394
45,4,9.941154331044723,26.14256579431604,-1975.3334838930969,-9.876667419465484
45,5,9.39633162512335,30.330165737600407,-1870.2843139132715,-9.351421569566355
45,6,2.626390515623928,8.267095646719824,-514.3274538479108,-2.5716372692395537
45,7,6.149486400256134,22.136937824895107,-1221.506762135598,-6.107533810677991
46,0,13.966529825577748,33.018129158196494,-2779.812813240937,-13.899064066204687
46,1,9.69953209547906,27.809328727107577,-1933.07009765192,-9.665350488259598
46,2,3.293847382945973,8.543797256840016,-648.0672273592563,-3.240336136796281
46,3,5.479018174574475,20.65444675355197,-847.4298178218052,-5.432242421934649
46,4,5.004679026763282,13.115647233391018,-989.6336974558876,-4.948168487279439
46,5,12.998995770831344,42.01525242298815,-2589.6951886476845,-12.948475943238424
46,6,6.661088372609019,19.41498346216237,-1323.224296517879,-6.616121482589397
46,7,4.759334868919604,18.377097645914727,-942.8451358947136,-4.714225679473568
47,0,7.208203390657458,17.14248612091507,-1186.490472503929,-7.147532966891138
47,1,4.567111171885924,17.06522965495532,-903.4749555728064,-4.517374777864031
47,2,18.277359218948007,50.52206382903877,-3644.3488997723393,-18.221744498861696
47,3,6.908601530815057,20.34414499600437,-1372.892847061778,-6.86446423530889
47,4,3.3434797554175204,11.708692809746504,-656.3500637517365,-3.2817503187586823
47,5,7.800677463642502,26.736733827037533,-1552.2184162234764,-7.761092081117382
47,6,3.778887992318068,13.46391733263388,-746.2101574377216,-3.731050787188608
47,7,7.71205719569647,28.778255035873315,-1532.9778115500087,-7.6648890577500435
48,0,13.72045037227034,52.030782682681206,-2732.712971198911,-13.663564855994554
48,1,3.411949380103674,15.502359042057318,-671.4830445244472,-3.357415222622236
48,2,4.8609227456175335,13.26244321625967,-962.2035069287182,-4.811017534643591
48,3,3.740884876846336,10.615771237006673,-738.9218573564928,-3.694609286782464
48,4,3.533073059539592,14.828433009696328,-693.028544630447,-3.4651427231522347
48,5,8.686235295824913,24.787415125932515,-1727.5796175265525,-8.637898087632761
48,6,6.417112695536381,17.07379968425668,-1273.6351101473344,-6.368175550736672
48,7,5.88713503547427,21.58825784121079,-1167.1598822750204,-5.835799411375103
49,0,45.52262232624671,94.50413287271878,-9092.6849159401,-45.463424579700494
49,1,7.706847544565531,22.919927488545863,-1532.6567569265376,-7.663283784632688
49,2,7.208023679841453,19.890984887508157,-1431.6042602013183,-7.158021301006592
49,3,5.454284374703332,19.71662983080572,-1080.033828577713,-5.400169142888565
49,4,3.101153544068303,16.44142235995215,-605.6296735372237,-3.0281483676861183
49,5,4.418915079335509,14.292442349478907,-874.5718793238364,-4.372859396619182
49,6,3.9456758625263846,11.672784272158054,-777.1680383948703,-3.885840191974352
49,7,8.410097579453733,18.306223575911925,-1671.9252117080237,-8.359626058540119
50,0,4.81084553195246,16.579430028732514,-950.70520493309,-4.75352602466545
50,1,3.088923377641604,10.263310334634744,-608.8626187153843,-3.0443130935769216
50,2,4.216109955480858,11.121602660308383,-833.0757382516108,-4.165378691258054
50,3,3.938866867380268,15.09442325405854,-778.5806984782108,-3.892903492391054
50,4,4.1638834094102775,11.39002456786027,-821.8754169066125,-4.109377084533063
50,5,3.6406318357165968,12.798594710866784,-718.3660418949121,-3.59183020947456
50,6,2.9392850924456337,8.911179029447458,-578.2472406569898,-2.891236203284949
50,7,3.011633976423803,11.14010972550426,-593.3601422554522,-2.9668007112772607
51,0,6.746387846814719,26.404926599639435,-1076.7029048164895,-6.687595682089997
51,1,3.5262695572572755,10.240857975286392,-696.9640826813537,-3.4848204134067684
51,2,2.841781550739566,9.18206351282875,-559.1095317195968,-2.795547658597984
51,3,8.780094375969627,33.88006369281768,-1745.4405379934592,-8.727202689967296
51,4,7.13038026750748,25.47359676450559,-1413.9427711819535,-7.069713855909769
51,5,14.03543506761825,35.73679393862115,-2798.202365796696,-13.991011828983478
51,6,3.2238989086622967,11.807107505381197,-635.0167883154166,-3.1750839415770837
51,7,2.710765501780535,9.949464393714209,-531.8257854558478,-2.659128927279239
52,0,6.328045421131513,25.284078890556568,-1253.3228156801963,-6.266614078400981
52,1,3.978241601860375,12.310230577586143,-786.8991637788234,-3.934495818894117
52,2,4.68855248239517,18.13542501704387,-926.9701654921886,-4.634850827460943
52,3,8.251759658998864,31.48500605047564,-1639.494238140632,-8.19747119070316
52,4,6.699898143776404,29.29455138552194,-1327.8586156504111,-6.639293078252056
52,5,4.249233195396233,19.946635633453575,-840.3341250249882,-4.201670625124941
52,6,4.505309010886572,19.54971449759255,-889.9551924722176,-4.449775962361088
52,7,3.6579354004894418,10.14242576793088,-722.4982878742584,-3.612491439371292
53,0,4.20069291234861,12.620187160136917,-670.7754038649697,-4.140588912746726
53,1,5.9409835876190185,17.590036124789904,-1178.585779273661,-5.892928896368305
53,2,5.125036941281153,15.769772275359816,-1014.7914462392316,-5.073957231196158
53,3,3.2801689230698834,13.268996094866315,-645.9674334791926,-3.2298371673959627
53,4,6.021149492148307,22.80669094374824,-1192.6248479063684,-5.963124239531842
53,5,7.915223664911187,22.942421797904352,-1574.789340030267,-7.873946700151337
53,6,6.6925585447628055,21.312415601772106,-1327.6998375885455,-6.638499187942728
53,7,8.112493367684372,34.01708442557466,-1611.7038946302212,-8.058519473151106
54,0,4.7967589976048,13.661262970956168,-947.1941534606008,-4.735970767303004
54,1,2.806710306152015,10.910739126228227,-552.7918397758788,-2.7639591988793937
54,2,6.615825078653376,22.45993796736729,-1312.563188969004,-6.56281594484502
54,3,8.182754851581748,31.39078765446487,-1235.4404015270777,-8.127897378467615
54,4,3.0733595443888446,11.38855871866886,-603.2900911492209,-3.0164504557461043
54,5,2.585863647082798,7.996673308749393,-507.9338061358198,-2.5396690306790988
54,6,4.672034142858974,13.7485731739553,-923.5761063738948,-4.617880531869473
54,7,3.753347795523116,15.42155072402165,-741.1686194248679,-3.70584309712434
55,0,2.909394723493273,8.411883204917613,-456.137724678122,-2.8508607792382623
55,1,6.150007269949376,25.6444902048284,-1220.799216427157,-6.103996082135785
55,2,6.758598277775808,20.200833632743844,-1341.0207442156157,-6.705103721078078
55,3,5.224307938482483,21.33343222559044,-1035.099276953514,-5.17549638476757
55,4,3.488388286468063,12.289988063139456,-686.4144152616667,-3.4320720763083337
55,5,3.711885830012552,19.354913954073226,-734.3448161505421,-3.6717240807527114
55,6,4.673462122139829,16.208632742029312,-923.3801521653876,-4.616900760826939
55,7,8.40538510412852,25.199221845389147,-1671.6074335822389,-8.358037167911194
56,0,6.977796614188898,26.540241199278704,-1382.0730681465504,-6.910365340732752
56,1,2.096657516098251,12.403032544608878,-409.6341243554349,-2.0481706217771745
56,2,8.658211053576109,29.569002745176693,-1721.3455896984149,-8.606727948492074
56,3,6.680486365512786,29.75256826046069,-1326.0000574230671,-6.630000287115336
56,4,3.7463285757422295,13.72976479450562,-734.2514986431945,-3.6712574932159727
56,5,17.464424363360386,46.61156574831645,-3483.353734778634,-17.41676867389317
56,6,4.707973078195027,16.8533012697119,-931.6059578003802,-4.658029789001901
56,7,5.084644247489412,21.765946956949,-1005.6818932147014,-5.028409466073507
57,0,4.0686571741340165,12.979391358167597,-802.8901537430147,-4.014450768715074
57,1,2.9091716244843537,12.94091161317186,-572.0778407148691,-2.860389203574345
57,2,5.125458538106542,18.14014023238717,-1016.2613975979658,-5.081306987989829
57,3,6.381983275560867,19.22640903995129,-1266.9080492369314,-6.334540246184657
57,4,6.4368837218933175,26.805596696449065,-1273.7982100255729,-6.368991050127864
57,5,11.018891454504336,28.56265571817364,-2193.910926692686,-10.969554633463432
57,6,1.5685824383011324,5.1746933171894725,-303.54228268227274,-1.5177114134113636
57,7,5.95702211860299,12.90128476241676,-1181.6517415628673,-5.908258707814337
58,0,3.931364661778665,15.941659470004074,-775.3254385118245,-3.8766271925591225
58,1,7.462346838981275,28.67574879746241,-1482.9146345576771,-7.414573172788387
58,2,3.518776760604069,10.872200139181247,-694.0523027673402,-3.470261513836701
58,3,4.793704278347303,16.88096755639247,-950.7884524263992,-4.753942262131996
58,4,5.814999384369889,29.46862580723196,-1150.2748896280111,-5.751374448140056
58,5,10.233860570861577,33.41360290560133,-2037.4503444657616,-10.187251722328808
58,6,2.937467704892573,9.349997949497844,-576.6802764864344,-2.8834013824321723
58,7,8.870169238086914,23.81720376566925,-1764.9949489244125,-8.824974744622063
59,0,3.798197316565264,9.880718100137502,-747.1983417064534,-3.7359917085322674
59,1,5.056925733661281,16.88769361232915,-1001.738393633378,-5.0086919681668896
59,2,6.34659876599602,24.86572131310855,-1259.8178437234608,-6.299089218617304
59,3,5.552781441889295,20.258486399308605,-1101.6652007033572,-5.508326003516786
59,4,4.7033487637190685,17.36713391142856,-927.5049557137704,-4.637524778568852
59,5,3.7120582192680662,11.819061161690003,-735.3859944368762,-3.676929972184381
59,6,3.5367639183491697,19.109879672093808,-697.1162555458218,-3.485581277729109
59,7,3.88170042628438,14.483665100934608,-765.5626269035077,-3.827813134517539
60,0,3.318399324109377,11.039807632896634,-517.6995532815129,-3.255972033217062
60,1,2.424796533378748,13.636278696103124,-432.13879192596846,-2.3743889666262
60,2,2.8009670135839517,10.682572934401868,-515.9745192068639,-2.744545314930127
60,3,3.1165602944643847,10.83990695268978,-613.6232511805001,-3.068116255902501
60,4,3.134592070960342,16.187739223612038,-614.3774619029273,-3.0718873095146364
60,5,1.1790521932514002,6.090797058077386,-225.8865906309556,-1.1294329531547782
60,6,1.941213217217569,5.952298010289092,-377.53093029539474,-1.8876546514769736
60,7,1.8441369625140136,8.969659384283831,-309.0712659701507,-1.7865391096540504
61,0,6.662925808630244,19.45962909730166,-1043.465858670281,-6.604214295381525
61,1,1.7674981224791944,8.563154110806204,-297.14915395542647,-1.7176251673724074
61,2,2.3156502007647424,9.927946459940545,-340.4869911664411,-2.254880736201597
61,3,2.958311270013411,9.431666770506622,-582.9878329093798,-2.914939164546899
61,4,2.871696604930146,10.25535215795515,-561.5953088064704,-2.807976544032352
61,5,1.9563341160708851,10.489863636945987,-381.5592652883543,-1.907796326441772
61,6,3.2874714794034428,17.483059677108216,-646.398205575603,-3.2319910278780157
61,7,3.823195407141579,22.438475414172576,-754.5122611661575,-3.7725613058307874
62,0,3.621406955676975,15.940685945407068,-341.1727894310387,-3.553883223239987
62,1,1.043865888904398,3.6125954508891143,-135.0854906980819,-0.9860254795480432
62,2,2.853615252543616,8.459734148089764,-558.2657644896908,-2.7913288224484543
62,3,6.600133059928831,19.30318276623678,-1312.2987913885222,-6.561493956942611
62,4,2.9615892606052565,16.438526569267676,-578.0775082310611,-2.890387541155305
62,5,3.7049560279162574,23.649103560704383,-732.1803098679002,-3.660901549339501
62,6,2.596156195648673,17.53988798559881,-507.8194322951301,-2.5390971614756506
62,7,1.5813001532424775,6.058705315915359,-306.31554301301765,-1.5315777150650882
63,0,3.3636976595750303,14.25772928608652,-660.9028004529081,-3.3045140022645403
63,1,1.893959024380031,5.590677049342911,-266.5334034350505,-1.8381614030003484
63,2,9.196113975717587,30.3829570112576,-1829.5817694125008,-9.147908847062508
63,3,6.47656468251958,25.412298107250106,-1285.034387812165,-6.425171939060825
63,4,2.4220205680671683,9.069039995498828,-459.8940105155177,-2.3463980128342743
63,5,1.3931420791629574,6.413374052416951,-267.7303810184605,-1.3386519050923025
63,6,3.3100574329908827,15.785038479434675,-651.1898897084304,-3.255949448542152
63,7,4.242083631938272,16.02077407111801,-839.0462277325313,-4.195231138662656
64,0,5.006098546038916,17.49012083241605,-746.6271836282964,-4.944550884955605
64,1,0.9468974814579608,4.112404547198438,-117.21075897467549,-0.887960295262693
64,2,3.011653758993008,8.293658363508127,-590.996298359164,-2.95498149179582
64,3,7.417519753112585,21.674688679262708,-1473.325005816263,-7.366625029081315
64,4,9.423634378942571,30.05290273447201,-1871.2846994122356,-9.356423497061176
64,5,2.568203994634012,14.77734799453245,-503.9847509268458,-2.519923754634229
64,6,6.774948391647818,28.867691794404656,-1343.3641283265988,-6.716820641632994
64,7,0.7827405744735522,5.181275122422428,-128.82950399906386,-0.7319858181764992
65,0,3.0770076680804,8.490894244727876,-425.1491269926881,-3.0152420354091354
65,1,0.9572786831823088,4.151848884070626,-129.93723569397264,-0.9023419145414766
65,2,7.50603645583532,25.081830747796385,-1487.9686461943843,-7.439843230971921
65,3,4.202886901959391,16.062340657302727,-831.1151994577361,-4.155575997288681
65,4,7.566277073488489,29.18098888378288,-1500.718806771902,-7.503594033859509
65,5,1.7463478827434402,13.705074422021577,-337.7765876364311,-1.6888829381821555
65,6,2.187515118898214,11.910777596625673,-426.3712882013296,-2.131856441006648
65,7,5.288655227587854,28.33413508268181,-1046.821898609379,-5.234109493046897
66,0,6.254870023532497,23.54247022745999,-1238.2353809692845,-6.191176904846422
66,1,3.472094696996061,14.775048244570884,-683.6713879236472,-3.4183569396182363
66,2,4.986820718810437,15.23448261498924,-900.9634427483549,-4.923297501357131
66,3,4.851742031335818,17.607789616800233,-959.7814009461728,-4.798907004730864
66,4,2.2145990667916897,5.874872523072576,-432.97301388716886,-2.1648650694358444
66,5,1.2730713503207638,4.93876693759016,-227.2636382459612,-1.215313573507814
66,6,2.3759091665984,14.431215293784328,-464.36771498613024,-2.321838574930651
66,7,0.9583228672415728,5.767736186406074,-147.39317016941538,-0.9042525777264748
67,0,10.71133104182796,31.22029430345409,-2128.865027303752,-10.64432513651876
67,1,1.64244322616978,8.250047053238594,-268.57972676292667,-1.589229152443353
67,2,3.600697647947572,16.814748333902656,-545.7404373518967,-3.543769073713615
67,3,7.9927747271594844,29.44136320662133,-1587.1912827355538,-7.935956413677769
67,4,3.776158776662901,19.39931808751998,-741.6500364650844,-3.7082501823254224
67,5,1.2315477539099968,6.302022812328476,-215.59692110557657,-1.171722397312916
67,6,2.113257734874868,11.496946664996342,-410.9637649702556,-2.054818824851278
67,7,1.7368100996676072,6.717881092257168,-292.79246119967496,-1.6827152942510055
68,0,3.0326044592692893,8.003221927346877,-421.38493584750046,-2.9674995482218343
68,1,0.9140674213858128,4.439443394486241,-120.1685535425548,-0.8583468110182486
68,2,7.853878090922411,34.14964788847901,-1559.5194404176873,-7.797597202088436
68,3,7.278186073021309,31.676728468991023,-1445.8493763992733,-7.2292468819963664
68,4,2.524125987070787,13.11560071212424,-437.845873900405,-2.4460663346391343
68,5,3.015449991802118,15.060027713484006,-592.4866741364768,-2.962433370682384
68,6,5.123876694767543,15.715483439338978,-1014.0960532775508,-5.0704802663877535
68,7,6.790932457410197,25.18807871483224,-1348.3358382221531,-6.741679191110766
69,0,3.695823368801318,13.57673362162639,-726.6293002594308,-3.633146501297154
69,1,0.6937338002350637,3.965671499974525,-85.25133326430637,-0.6362039795843759
69,2,3.787321448203286,12.200621829387332,-746.7105411357943,-3.733552705678972
69,3,4.624875588904149,16.506165015572257,-914.3585239946692,-4.571792619973346
69,4,1.8573848415973169,5.634310516140783,-358.405577485436,-1.7920278874271798
69,5,1.5139678161402643,16.26654810731674,-291.234959682552,-1.45617479841276
69,6,2.9445583013349297,10.011003358769443,-580.4950184436988,-2.9024750922184936
69,7,1.2561669487147986,8.23234773371354,-205.59144532856504,-1.2022891539682166
70,0,2.620616096497809,9.72436382777662,-511.9859968157967,-2.5599299840789835
70,1,1.7292456065670716,12.98082165406204,-283.7193832667954,-1.6788129187384342
70,2,4.700516888008669,15.329023519329112,-929.3078276355376,-4.646539138177688
70,3,3.26175767242594,11.76823726288135,-643.1853593759264,-3.215926796879632
70,4,6.240175881988273,27.30979886192972,-1235.395263613798,-6.17697631806899
70,5,0.8328627057063437,3.404808312799324,-156.86127421749416,-0.7843063710874708
70,6,3.8782279196510494,19.666366825580536,-765.1760188199556,-3.8258800940997775
70,7,1.455793653396917,8.03642295473936,-281.150512226102,-1.4057525611305095
71,0,5.811016424016446,26.21406780053638,-1151.1985480003564,-5.755992740001782
71,1,0.4631474368236548,2.0403823036265982,-75.26537134607463,-0.4204769348942717
71,2,3.6491632219950016,14.488388076192251,-719.7120974802139,-3.5985604874010693
71,3,1.9872974602443183,8.375876057359283,-388.1226515181769,-1.9406132575908843
71,4,1.8024670342276985,8.573485934199985,-348.3501971483391,-1.7417509857416953
71,5,0.7968748377767646,3.238512006769217,-148.7759449686708,-0.743879724843354
71,6,2.229525124796078,9.720660573431678,-435.449454663212,-2.17724727331606
71,7,0.7805691876738751,2.685090253664943,-118.38645196459966,-0.7262972513165623
72,0,4.315476526618112,14.661285314595656,-851.2505966855887,-4.256252983427944
72,1,0.731771804953887,3.137693675827378,-104.2312089012699,-0.681249731380849
72,2,2.129303595939253,8.116685423902101,-394.2752891800777,-2.0751331009477774
72,3,5.191591335417159,25.73952904017437,-1027.9022082962558,-5.13951104148128
72,4,1.766257646883041,7.418731533971347,-339.89948621924447,-1.6994974310962223
72,5,2.119372668071252,13.1326568986585,-413.0073619366612,-2.065036809683306
72,6,3.7543654980618335,12.060831468495133,-740.5886407946473,-3.702943203973237
72,7,2.929905594977605,12.037245486063878,-552.379351327895,-2.87697578816612
73,0,4.200171062789384,20.244564034932843,-828.3358379975002,-4.141679189987501
73,1,1.4192807775249912,7.900031118172835,-252.36573160033208,-1.3715528891322395
73,2,2.377309402067741,9.534105768311989,-465.43926096709873,-2.3271963048354936
73,3,3.059216625013751,16.044843761152737,-602.8221408205724,-3.014110704102862
73,4,3.2861588648407785,11.801041933932874,-645.9240243532483,-3.2296201217662417
73,5,0.6044424581789579,3.464336377228788,-77.79999986302026,-0.5328767113905497
73,6,2.0937201545698256,8.72675835512005,-409.4202101920517,-2.0471010509602587
73,7,2.8126063108330315,9.5682726080253,-364.77744083164777,-2.742687525049983
74,0,6.574086970035583,17.454425157625522,-1301.441155233582,-6.507205776167909
74,1,0.8521853709442764,4.654629692208473,-107.433800603513,-0.7958059303963927
74,2,2.2967222134586183,9.630472749769933,-449.0108790581356,-2.245054395290678
74,3,1.9514525489950223,9.921996264990096,-381.3205512642942,-1.906602756321471
74,4,2.3244909452179043,12.98007368335918,-452.586576880701,-2.262932884403505
74,5,0.6966016797020508,2.3637166430218657,-96.1016999114852,-0.6281156856959816
74,6,1.8963830955840804,13.819426201861004,-368.57895103275615,-1.8428947551637809
74,7,3.1867534587243678,15.166356460010798,-613.9117800335204,-3.132202959354696
75,0,10.188793774737094,34.06527518285126,-1942.7430644880703,-10.118453460875369
75,1,0.7941409182214397,4.605419497891905,-89.24808227464987,-0.7315416579889334
75,2,1.879239529622512,8.638488719477078,-343.7867414452907,-1.828652880028142
75,3,3.18751523752824,13.375525771494337,-628.8456058301392,-3.144228029150696
75,4,2.163871009439074,8.648835756603058,-419.9138782590957,-2.0995693912954785
75,5,0.8101725083274547,4.1703187097284005,-127.8065891204554,-0.7474069539207917
75,6,1.4267084238889494,7.490326204470523,-272.3192990648825,-1.3615964953244124
75,7,0.9296506837144284,3.5623284830992046,-106.60169032652442,-0.8596910510203583
76,0,8.201368743184133,24.09168855499493,-894.779727957066,-8.134361163246055
76,1,1.0175974949675577,3.5516065393193834,-136.70669131302347,-0.9627231782607286
76,2,1.2094300407466032,7.116464012784964,-198.165641618117,-1.158863401275538
76,3,3.2182482997970023,16.196035902537027,-635.3139955739709,-3.1765699778698546
76,4,2.3051250674592354,9.030462440496429,-446.1840750416122,-2.2309203752080613
76,5,0.6656337063273368,3.8948015194697407,-103.2508876640531,-0.6038063606084977
76,6,1.3994076948920011,7.330144087899399,-269.22648578102127,-1.3461324289051064
76,7,1.5863898860894745,5.918746808598079,-211.4489185462317,-1.5212152413397966
77,0,5.546854900698873,21.021504780306216,-1097.0904658042386,-5.485452329021193
77,1,1.81035279475456,8.628210603769286,-350.3112417135262,-1.7603579985604332
77,2,4.202180985848253,21.883239384370867,-829.5158902929782,-4.147579451464891
77,3,2.711009688177744,11.728117231893838,-533.0154524193568,-2.6650772620967844
77,4,3.472927202056721,37.554597458843496,-678.5402835063325,-3.3927014175316623
77,5,1.5136426617560874,8.67572545699187,-283.017794034243,-1.4513733027397078
77,6,1.2288781325143,6.41379036962401,-235.2277577892298,-1.176138788946149
77,7,0.7657588781314417,4.284153967483408,-115.91150481027178,-0.7111135264433851
78,0,4.279524144037636,14.713597830899928,-843.0895042027647,-4.215447521013823
78,1,3.217203432270312,20.470052833818016,-585.2459997197883,-3.163491890377234
78,2,1.1833393192904116,4.945610688818319,-171.349179082587,-1.1272972308064937
78,3,5.035805019092445,19.86715912342566,-996.9630928811728,-4.984815464405864
78,4,2.770917099248349,13.572044597053765,-541.1797269590371,-2.7058986347951857
78,5,0.7622398798196067,4.980122793762474,-123.52592184593466,-0.7018518286700833
78,6,4.263551587441503,24.40017618616298,-842.2527216893693,-4.211263608446846
78,7,0.5536154589008997,2.2095149914688164,-62.20542351707165,-0.4859798712271223
79,0,3.881027117137586,13.545520492731136,-763.469406359781,-3.817347031798905
79,1,2.123857672064727,10.1794303435006,-289.155006146458,-2.0653929010461285
79,2,1.400115748790129,5.122816639736952,-209.7121893857819,-1.3443089063191147
79,3,2.367060160613669,12.2266617427049,-463.6957281838065,-2.3184786409190328
79,4,2.9556352705453084,13.239764168890218,-579.0428092239111,-2.895214046119556
79,5,0.7238469108232252,2.459702827838681,-100.20581369489388,-0.6549399587901561
79,6,0.9138002858602592,5.069722236747909,-173.2491966203285,-0.8662459831016425
79,7,0.6778347120560042,2.990780257853117,-91.6035174552861,-0.6189426855086898
80,0,1.859928335634537,8.020415538413342,-264.8348425471703,-1.8015975683480971
80,1,0.8004327319529279,4.533915752179154,-97.13016936650529,-0.7414516745534754
80,2,1.022171991747344,3.285696709061456,-148.0013992666908,-0.9673294069718352
80,3,1.0421691823060366,3.748795103504973,-184.09319287967196,-0.9950983398901184
80,4,1.0990118412331082,5.649653742072078,-199.28946363339975,-1.0272652764608237
80,5,0.4796049986876639,1.9680327700204867,-64.93206317801912,-0.41358002024216
80,6,1.1673986438341892,4.669113890967215,-220.89387730941152,-1.1044693865470576
80,7,0.617061408062997,4.544402430708191,-98.00046545664996,-0.5664766789401731
81,0,1.9070124959263304,8.990288603056518,-324.25544896699404,-1.8528882798113944
81,1,0.6638261041181156,5.04446186431666,-78.6262844023901,-0.6048175723260777
81,2,0.619063578356482,2.6387737028460294,-91.52320479909504,-0.5684671105533853
81,3,1.5293515694034951,7.0221187542911485,-292.11344528060266,-1.4828093669066125
81,4,0.8197293292193943,4.649721030975115,-150.49380366293022,-0.7524690183146511
81,5,0.8453430769976249,5.6011310055654775,-154.93799044986704,-0.7904999512748319
81,6,1.449448943158725,6.340543785996513,-276.8248405494356,-1.3841242027471778
81,7,0.9012552253723404,3.773922039592483,-142.47992591590148,-0.8480947971184611
82,0,2.462137674605003,13.477579710566864,-391.9935735960771,-2.404868549669185
82,1,2.017963859727485,11.3226090524454,-312.4650051130372,-1.9651887114027495
82,2,1.0069403979173135,3.1766233966012924,-152.9198971741439,-0.9557493573383994
82,3,1.1314442880623587,5.292756610713894,-199.36373316142632,-1.0834985497903604
82,4,1.7922469269356691,11.17895690414507,-286.9342520392252,-1.7079419764239596
82,5,0.9809317551123888,5.48575800155534,-143.46576491992138,-0.9137946810186076
82,6,2.2965142934112164,14.122578627064309,-447.12244792167945,-2.2356122396083973
82,7,0.7249417159488096,3.2227128315739733,-115.84890117887576,-0.6735401231329986
83,0,1.9788285191037007,8.049633624321249,-258.8259131754013,-1.9172289864844545
83,1,1.1632677469002697,4.39685724343464,-157.12680688642786,-1.1065268090593512
83,2,0.814289662313617,3.0124504315978675,-110.6721885197281,-0.7580286884912883
83,3,1.4167844753863708,6.829238856233793,-269.94957289027474,-1.3703024004582474
83,4,1.2898817386117392,5.448902480342142,-245.1736354228118,-1.225868177114059
83,5,1.5153063036108747,7.201083918333826,-292.2054136637099,-1.4610270683185496
83,6,2.080004954716553,12.12635050216669,-382.9289938504427,-2.0048638421489144
83,7,1.7773258506092025,10.609733637299785,-234.53551728981748,-1.7119380824074268
84,0,3.4543895999774024,10.854094501237302,-512.2432585379603,-3.3923394605162933
84,1,0.4775378582665703,2.399022712518593,-43.04515572534539,-0.4060863747674093
84,2,3.509020967119989,14.834897093168058,-635.385244813052,-3.4531806783318046
84,3,1.3896022358545648,7.724976675230612,-264.56540915524374,-1.3429716200773794
84,4,1.2907360072148424,8.079415776620761,-239.17968558850296,-1.2203045183086887
84,5,2.699895646456184,11.757678872256577,-529.7704071588562,-2.648852035794281
84,6,1.7005751637834985,7.505419060214717,-326.3807875329152,-1.631903937664576
84,7,0.8959817765649808,3.433101171333348,-128.24092048223585,-0.8381759508642866
85,0,1.999279437294176,7.270734996846301,-309.3321351938113,-1.9454851270051023
85,1,1.1926517895671351,5.891648887063278,-121.15248647410576,-1.121782282167646
85,2,1.01223516138148,3.886762045922492,-128.37861669930157,-0.9509527162911224
85,3,1.23789063885259,3.928338498547317,-212.83739560859885,-1.189035729656977
85,4,2.474816894202166,11.708521000026588,-479.6958335733409,-2.398479167866704
85,5,3.1067376591553195,16.74806904389352,-608.6221385925692,-3.0431106929628458
85,6,1.2613429843733497,8.388593490840925,-238.75499139346215,-1.1937749569673108
85,7,0.9353709063605476,3.202978234745546,-125.86700654708544,-0.87407643435476
86,0,1.8356494971389652,6.903018572368306,-241.0318834410189,-1.7722932605957271
86,1,1.2668544435799114,5.00912101766337,-162.96820360061318,-1.2071718785230603
86,2,1.778210809781949,8.897641003075398,-305.82757353694285,-1.7278393985138014
86,3,1.104300404602057,5.10770383165942,-197.8388983944759,-1.0579620234998712
86,4,0.896907875740137,3.562475450307764,-149.46660131099074,-0.8212450621483007
86,5,2.067326037408264,8.703489107882223,-403.7459491719327,-2.018729745859664
86,6,1.3527800491434518,5.2798234128981125,-258.0094337153931,-1.2900471685769654
86,7,2.3755846528965243,12.071475730575328,-449.8567394979233,-2.318849172669708
87,0,1.6257214502293384,6.091756734153484,-199.8655287021644,-1.5614494429856594
87,1,1.9290588138486005,7.103100448146345,-288.93353323368365,-1.864087311185056
87,2,1.415710997058487,4.389374261627255,-233.40462337008785,-1.36493931795373
87,3,0.9990251385416083,6.154994744348779,-183.00915264221732,-0.9531726700115488
87,4,1.3548899184844183,5.790644456111525,-225.6721752298663,-1.274984040846702
87,5,0.8838876648731003,4.13689488863573,-147.41198352287827,-0.8235306342060239
87,6,1.4708930851831814,7.743690171534863,-280.58314648052595,-1.4029157324026298
87,7,2.243152881396083,6.912254891486904,-436.5898547432215,-2.182949273716108
88,0,2.2165952772991107,8.813239308922517,-342.71442618958866,-2.155436642701816
88,1,0.519641923661936,1.4836675139090902,-48.00780806108392,-0.448671103374616
88,2,1.0032683000247131,4.600669794783436,-157.09389004767442,-0.9520841821071176
88,3,2.210511910341681,15.63288302638107,-433.0189789175523,-2.165094894587761
88,4,1.0608826950690196,5.514886694501165,-183.4093609824732,-0.9860718332391032
88,5,1.3279821749492031,7.423465890177757,-243.7571542301648,-1.2695685116154414
88,6,1.89459447730302,9.334770063195132,-365.3759694216421,-1.8268798471082104
88,7,0.3668240671520569,1.1326905480056706,-34.97460209304375,-0.2939042192692752
89,0,1.8449142044171527,8.930686563447995,-253.3664750432564,-1.7842709510088477
89,1,8.016231200140542,32.49678143851403,-1590.6384283978707,-7.953192141989353
89,2,0.9817490828414598,4.781216680084751,-124.2712812246675,-0.9205280090716113
89,3,1.063409830224371,6.25019790732454,-191.09840902092125,-1.0164808990474534
89,4,0.6657531424131972,3.331285150343533,-99.00198892075731,-0.585810585329925
89,5,2.31209378105708,8.925927211633468,-451.8468310451561,-2.2592341552257804
89,6,1.132996735285988,7.510260575956359,-215.6262202013508,-1.078131101006754
89,7,1.2162423896922383,7.610092126559689,-144.5172329538608,-1.1469621663004823
90,0,4.375670581545723,19.286618850450573,-863.2552758047542,-4.316276379023771
90,1,1.3246208138301498,9.104901313643667,-215.4375464582032,-1.2747783814094864
90,2,1.1930387443739776,6.698781787364248,-179.88749866276584,-1.138528472549151
90,3,1.2244903414083337,8.819443183255435,-202.58824943479243,-1.177838659504607
90,4,1.631877579916608,6.000419447068505,-313.0722969060066,-1.565361484530033
90,5,0.6086070052573379,2.394604315393723,-87.03009062735141,-0.5439380664209463
90,6,1.883920544778916,10.760257337634654,-364.2150933170994,-1.821075466585497
90,7,0.4346327493399464,1.6233415349894047,-54.432973684797794,-0.3753998185158468
91,0,2.1077326687404714,7.502821327067795,-298.64455331407464,-2.0455106391374978
91,1,0.7564645760945344,2.4239717690384435,-81.50185557411824,-0.6906936913060867
91,2,1.19721235394404,6.139032385407682,-176.8401996697443,-1.1409045139983502
91,3,1.5732210592911022,7.009133726882801,-299.0611209896742,-1.5258220458656846
91,4,1.1828930332324643,4.433269056209906,-223.9845651248284,-1.1199228256241418
91,5,0.6132517645521164,3.3979490998775206,-109.11796806727766,-0.5595793234219367
91,6,1.619523487879226,7.819374069828836,-311.03727507388743,-1.555186375369437
91,7,0.7282337919402115,2.2774057263260845,-87.43297528828968,-0.6623710249112855
92,0,2.7478645107716817,7.950293176576307,-473.15328508816685,-2.688370938000948
92,1,4.708776723501382,26.974382866884763,-930.859010497012,-4.65429505248506
92,2,1.0914665520835534,5.788829270366718,-161.13139274478047,-1.0328935432357722
92,3,1.4877843422937709,7.835987204465882,-288.6000989735518,-1.4430004948677588
92,4,0.822736823078341,2.8666481182211188,-131.11768984965002,-0.7449868741457387
92,5,0.5896659935526565,3.2914522196064717,-108.4603710755147,-0.5423018553775735
92,6,1.9464472095686691,9.341776631095229,-375.3657465481117,-1.8768287327405584
92,7,0.942984536487626,6.032242296289731,-129.85348641823845,-0.8833570504642071
93,0,3.4239271056060225,10.344881806202288,-631.6697227781432,-3.359945333926293
93,1,3.0342712007547403,12.911475957801969,-569.6283961312865,-2.982347623724013
93,2,1.5742856063713304,9.920550151787369,-241.47314905196657,-1.5186990506412992
93,3,1.1185472725520935,5.381084587141031,-201.5315379615737,-1.0719762657530514
93,4,0.8067420654213169,3.324909571689343,-133.0947088206828,-0.7312896089048505
93,5,0.7025880422093503,3.536060647720052,-129.8966311591446,-0.6494831557957229
93,6,1.2950780631215857,7.587582746466607,-246.252074097252,-1.23126037048626
93,7,0.8957770973651116,5.747436258577981,-137.14591500417126,-0.8413859816206826
94,0,5.066998525246828,20.25162513023981,-925.4162294513766,-5.00224988892636
94,1,1.5695960371506774,9.193695614384492,-304.66198105947376,-1.5233099052973689
94,2,1.3138957614221558,4.982001829127082,-204.29609945260083,-1.2610870336580298
94,3,1.2930283812698176,3.905771581601135,-212.2124248022132,-1.2410083321766852
94,4,2.121786226231974,15.32981023388949,-409.7670013790381,-2.04883500689519
94,5,0.8747356840699959,5.072073670268889,-125.87387171235684,-0.8068837930279285
94,6,1.0632442228654753,4.084364728584678,-199.0207380073168,-0.9951036900365842
94,7,1.1573831444931373,5.84410550665903,-221.328084968342,-1.10664042484171
95,0,4.679614572056814,19.85833317844253,-924.3987728242312,-4.621993864121156
95,1,1.206595202883252,5.226610881302206,-181.4116670228761,-1.1554883249864718
95,2,0.8645357663056957,2.916321849411362,-103.18387474559243,-0.7998749980278483
95,3,2.0526028538241787,13.981666586989537,-260.0285209395776,-2.0002193918429043
95,4,1.5150536078121868,4.699825890151757,-225.7915022515472,-1.4290601408325772
95,5,0.8743579400674086,2.507315098108214,-109.41683846632102,-0.7986630544986936
95,6,0.9569839688059124,5.435247221656342,-180.72506529696997,-0.9036253264848496
95,7,1.9925659458333305,14.270226548957218,-387.67409345290594,-1.9383704672645297
96,0,4.544234002778465,17.389157446549017,-833.0786712176256,-4.478917587191535
96,1,0.7489618717933454,3.6289517326743614,-101.56357616715432,-0.6956409326517419
96,2,1.1000701861317936,5.671773710865804,-150.00320008641938,-1.0416888894890235
96,3,1.9756621950262416,9.894985000407525,-386.4460628017934,-1.932230314008967
96,4,1.047686085863266,4.873927602469497,-168.63792826566612,-0.9691834957796904
96,5,0.6848024589953935,2.532520458435263,-79.32671093241129,-0.6055474116977961
96,6,0.9051199625406644,5.327303952704009,-168.39607632881834,-0.8419803816440917
96,7,0.7624073177252781,4.497093392401521,-117.70576742899496,-0.7090708881264756
97,0,5.165189414144749,18.81574544920032,-964.4402506558092,-5.102858469078356
97,1,1.330927369951994,9.183089576699416,-243.91071336411795,-1.2837405966532525
97,2,0.871734385632939,4.278089550806411,-121.66654025273168,-0.8165539614277295
97,3,1.0641326583953452,5.778500194368359,-203.8859990288001,-1.019429995144001
97,4,0.8434764477841722,4.435099830913446,-139.1177246477937,-0.768606213523722
97,5,0.3890125738262646,1.922161624070556,-62.71354043954069,-0.3335826619124504
97,6,2.0595026837575667,17.954302250869546,-399.4756134718178,-1.9973780673590888
97,7,0.8501066008716394,5.214067158665172,-148.37392847128805,-0.8020212349799354
98,0,2.194394299013851,7.509402912627904,-307.3497675610033,-2.1343733858403007
98,1,1.1280558022931997,4.381119532150075,-146.62711509697533,-1.0702709131166082
98,2,1.2712424675926757,4.556729298097717,-188.4151462012366,-1.215581588395075
98,3,0.912098376197948,6.683187558367241,-174.8389021569848,-0.874194510784924
98,4,0.9530678073250066,4.683950019597069,-154.98900970718765,-0.8756441226394782
98,5,0.645820970439119,3.988079224929208,-105.84992354708224,-0.5880551308171235
98,6,0.5333945760960419,3.44116677170853,-96.19549556633856,-0.4809774778316927
98,7,1.7646990016098016,9.326370983698435,-257.2919823181092,-1.70392041270271
99,0,1.864366484077849,5.969014950464561,-352.5479292829823,-1.8079380988870888
99,1,2.218954565652716,7.984874626133273,-398.40521635762974,-2.165245741074074
99,2,1.01211449848225,4.183379566977895,-136.3373053298235,-0.9534077295791852
99,3,0.7823323915018008,5.703556306876991,-138.5359071145721,-0.7368931229498515
99,4,0.6878010778829993,2.64724894067928,-106.21560323630952,-0.6104345013581007
99,5,0.9674860986857792,4.3783657171168135,-168.29403804825083,-0.909697502963518
99,6,2.902783219601872,21.851804051104832,-570.0702299440309,-2.8503511497201544
99,7,1.3011526651591814,4.140686892725686,-188.8079562773685,-1.2421576070879508
100,0,1.8475399857944517,7.839542715186312,-290.4502180135437,-1.7929025803305163
100,1,0.5599954045632308,3.06153588987182,-68.0182893456349,-0.5038391803380363
100,2,0.7744639812465679,4.394336426401351,-101.05695635092924,-0.7167160024888599
100,3,0.7181274693600398,3.1138774258601893,-122.914921512553,-0.6716662377735136
100,4,1.061910917699743,7.6502351399474415,-189.9453925814811,-0.989298919695214
100,5,0.5850246578810003,3.3066971728515684,-89.07660382784408,-0.5239800225167299
100,6,0.9093414821884168,6.3273989775111925,-169.65438508362942,-0.8482719254181471
100,7,0.2653857887723913,1.232655147738752,-26.166654516457918,-0.1997454543241062
101,0,1.7047308212996697,9.065338108055917,-238.78357461287695,-1.646783273192255
101,1,0.6100641365134453,3.162135760041062,-77.74259462909536,-0.5553042473506812
101,2,0.9410706839451995,5.055640262816458,-138.3953233534645,-0.8871495086760545
101,3,1.412867748164489,6.455977556330825,-273.5716933436274,-1.3678584667181368
101,4,0.8654726597228326,3.422366738350728,-125.0500006725052,-0.7815625042031575
101,5,0.3579802018270341,3.426753579184688,-61.03775757478383,-0.3051887878739192
101,6,1.140057078848539,8.734568228871204,-216.9364846476501,-1.0846824232382506
101,7,0.3966250239191908,2.021230978878569,-60.01363663765699,-0.346899633743682
102,0,2.3712686567305634,9.163163863947812,-463.1224343197304,-2.315612171598652
102,1,0.3955243449049646,1.6621279277193783,-48.14234414333672,-0.3414350648463597
102,2,0.8366920152548228,3.8989603150314895,-104.73820530973067,-0.775838557849857
102,3,1.137108144231339,7.867726220810859,-206.1424520926373,-1.090700804722949
102,4,1.795991935783571,8.929023015164818,-313.8647865355135,-1.7151081231448824
102,5,0.8554141785195398,7.72367614756826,-160.61236645560223,-0.8030618322780111
102,6,1.2958161992839354,6.374029677504182,-245.0564729936258,-1.225282364968129
102,7,0.3692625625603459,1.498140595176817,-39.30533853971279,-0.3023487579977906
103,0,1.989725198032764,12.449455272571832,-386.74966793018416,-1.9337483396509207
103,1,1.0789274899629533,6.432091462394306,-157.22260356968215,-1.0275987161417135
103,2,0.717649656125853,3.2276699341279422,-93.0217405333257,-0.6597286562647212
103,3,1.1086443690727732,7.227258843237133,-201.8932567324744,-1.0625960880656546
103,4,0.9645558648324792,4.189524332445767,-158.15420101880875,-0.8885067472966783
103,5,1.463121464297502,10.714959845073432,-280.5579256806666,-1.402789628403333
103,6,0.8999571668278776,4.060053073875064,-166.7442674224843,-0.8337213371124216
103,7,0.4854153932030431,1.960992678809364,-67.07006287108689,-0.4299363004556852
104,0,1.4126400336316345,5.236128020067855,-200.6996437946978,-1.3560786742884987
104,1,0.4088209613000506,1.8436415630303773,-41.46638056363612,-0.3455531713636343
104,2,1.7905206845963522,13.591995709165172,-293.6244671792057,-1.7374228827171934
104,3,0.7298816845175619,4.421806801977492,-125.85830402479324,-0.6840125218738763
104,4,0.7430862250519769,3.12039687181316,-97.99982016433916,-0.6533321344289277
104,5,0.7274322974315842,3.3254700374430644,-111.01021954649094,-0.6647318535718021
104,6,0.8476742606307236,4.023332927265321,-154.9316968974656,-0.7785512406907819
104,7,1.3768360813614664,11.034168211690568,-266.2258491791204,-1.331129245895602
105,0,1.9845724336629296,8.191516842660878,-263.3067545224917,-1.9219471133028592
105,1,0.3558282307417559,1.778014787365147,-40.13173904608655,-0.2994905898961683
105,2,0.8453246685047772,4.129152037052044,-114.23956634263637,-0.7878590782250783
105,3,1.3171763775073997,9.822543780785624,-209.5639192499896,-1.2700843590908462
105,4,0.6057629445604118,2.194332065538485,-77.3550320569187,-0.5157002137127914
105,5,0.7147001572140572,4.866419765866331,-108.79383751054606,-0.6514601048535692
105,6,0.934390779554437,4.290333943651775,-175.8891969198709,-0.8794459845993545
105,7,0.5347326169543221,3.7433007564808456,-74.71763992960898,-0.4789592303180062
106,0,1.9591413654048744,9.847825443977053,-261.8504145529958,-1.897466772123158
106,1,0.2777192540351478,0.982841141557696,-34.64460574956825,-0.2279250378261069
106,2,1.11734400426038,4.723312791804663,-155.92037292030705,-1.0606828089816809
106,3,0.7765382621529996,3.7817783718099056,-137.46154103974783,-0.7311784097858927
106,4,0.6437662722802349,2.324400155462913,-88.8253101283408,-0.5586497492348478
106,5,0.8456722165939183,5.8190464199164165,-148.25929758903698,-0.788613285048069
106,6,0.9134331948991736,6.66628059263059,-170.84170344670062,-0.8542085172335031
106,7,0.3461559326997621,1.4054760995818318,-42.5712062676146,-0.2876432855919905
107,0,5.147809513157279,20.46989677282611,-972.571753711455,-5.091998710531178
107,1,0.7473870315148324,6.5899124169588585,-100.50544481892054,-0.6931409987511761
107,2,0.8454603716079889,3.642695458028194,-106.77186180695382,-0.7850872191687781
107,3,1.7214449754717962,7.314990315727857,-304.07391802226715,-1.67073581330916
107,4,0.6861542232656671,2.288958503837505,-90.8910649584814,-0.5979675326215881
107,5,0.444923270852564,4.646617052208359,-78.96921991903208,-0.3948460995951604
107,6,0.7013180501065744,3.3302772492470587,-128.01035187485556,-0.6400517593742778
107,7,0.2193708559829887,0.8911930446283297,-23.415578283573947,-0.160380673175164
108,0,3.279711047680694,22.16117774059474,-592.9503863680338,-3.222556447652358
108,1,0.2336796763837933,0.968808709036642,-19.27124290914505,-0.1675760252969135
108,2,0.8155844757058327,3.611224181668748,-113.20406247675416,-0.7597588085688199
108,3,1.4241373342871,9.777516632925236,-205.75362308776988,-1.3716908205851326
108,4,0.7521217069687371,2.486566053434822,-109.08749549474004,-0.669248438618037
108,5,1.3707791668401643,10.502483691544883,-227.51306115488137,-1.3075463284763298
108,6,1.4087809254390562,7.245479635632742,-269.4310329631424,-1.347155164815712
108,7,0.5232498121466718,2.412013471045356,-65.69290797748897,-0.4626261125175279
109,0,1.1088845030721826,4.226768883757347,-144.0572667880379,-1.0515128962630504
109,1,0.4736485500749075,1.746750886432456,-53.97965109385214,-0.4152280853373241
109,2,0.6840085304273307,2.3646448040720047,-79.44934089985254,-0.620697975780098
109,3,1.2006467843431037,7.307301382759828,-201.16162398288665,-1.1494949941879236
109,4,0.6874785256709881,3.2856323932616034,-98.75982305690272,-0.6058884850116733
109,5,0.6651811717410175,2.158946678019625,-87.38631292284092,-0.5944647137608225
109,6,0.7234163632039552,4.420109270843695,-131.61044493921736,-0.6580522246960868
109,7,0.2334835774613745,0.67205720231333,-25.94600873189083,-0.1753108698100731
110,0,2.304492681151044,13.638884201587054,-346.2073680064792,-2.248099792249865
110,1,0.5441457256666192,3.3415293976831757,-76.0957901100214,-0.4941285072079311
110,2,0.8562930749791393,5.415062081288302,-128.6321982355378,-0.8039512389721113
110,3,0.7156159876620126,4.435298325045677,-128.88936391549333,-0.6712987703931944
110,4,0.8799964975870773,3.0656700509907924,-162.4945106034966,-0.812472553017483
110,5,0.4206681061152888,2.5580993523113493,-67.4850000242515,-0.364783783914873
110,6,0.5609735228723108,3.2978650726420504,-101.74086786948816,-0.5087043393474409
110,7,0.9668474257699474,6.7542106631418335,-136.14613434387385,-0.9076408956258256
111,0,2.9224398293772684,14.576660281591668,-469.6682451436703,-2.86383076307116
111,1,0.3446992093952485,1.8649813833217463,-40.688117265742925,-0.2906294090410209
111,2,0.8164306769388737,3.013828675455917,-99.59151387399616,-0.754481165712092
111,3,0.7350729935458308,4.089983022835453,-126.74992915533248,-0.6888583106268069
111,4,1.798072970821854,11.235275075574773,-347.22658902522664,-1.7361329451261331
111,5,0.6650814592150929,4.408323393503924,-97.25137776494888,-0.6003171466972154
111,6,1.8985875042372835,11.277566971670826,-367.79772081551,-1.83898860407755
111,7,1.5710076518371232,14.329813663131173,-305.1852646915002,-1.5259263234575011
112,0,4.320836043869,21.559026104042086,-634.2905895537871,-4.256983822508638
112,1,0.5376058502065041,2.5222561674074147,-54.86467148997706,-0.4729713059480781
112,2,1.274405583065478,5.651451117436643,-191.32843290261025,-1.2186524388701288
112,3,0.7707531243515626,3.528035671783921,-131.8831313851428,-0.7246325900282572
112,4,0.6472141839236034,3.737182325271089,-104.85696219485366,-0.5729888644527523
112,5,0.6941434252965003,5.239981189243835,-117.21256284262788,-0.6370247980577602
112,6,0.8473471291897043,3.972757242364123,-157.45253623388191,-0.7872626811694096
112,7,1.451694660781324,7.983568522969914,-280.020646859996,-1.4001032342999802
113,0,5.233758954085315,28.612585959882068,-899.6998081055257,-5.170688552330607
113,1,0.8937418143420223,5.519798947705379,-109.29779889214184,-0.8343343426881057
113,2,1.0570556139755871,5.011558465517587,-136.36859942868992,-0.9953912367057658
113,3,1.1237957030852903,7.139654544122759,-204.6227325945746,-1.076961750497761
113,4,1.4117976784652695,6.882837569399992,-268.03693851010297,-1.3401846925505148
113,5,0.6545008796379246,5.641657223312353,-95.49690547776244,-0.5894870708503853
113,6,0.647245343096015,2.941945731149625,-118.1229765321882,-0.590614882660941
113,7,0.4703843872585487,1.5917886933738687,-61.91246537051669,-0.4127497691367779
114,0,1.394222699640728,6.285037172149574,-181.47290117556204,-1.334359567467368
114,1,0.6100753947490167,2.1841566795226623,-80.83109150043173,-0.5574558034512532
114,2,0.9538905901948768,6.464858244624643,-141.48492767125484,-0.9011778832564002
114,3,1.750253132293773,11.973287616872431,-340.7982759276654,-1.7039913796383268
114,4,0.9758370431037576,7.235481954453251,-168.5436809606428,-0.9013031067414052
114,5,0.6572890229221929,3.504651120049957,-96.54659388108912,-0.5923103919085222
114,6,0.8192866284169054,3.8032888146407338,-152.02155399576668,-0.7601077699788334
114,7,0.5225854317467563,3.641384337375267,-93.20063446427694,-0.4779519716116766
115,0,1.4785633265011964,6.044433430293063,-197.2279786149355,-1.4189063209707589
115,1,0.4943237661080792,1.9451884185621744,-50.748018551340095,-0.4300679538249161
115,2,0.6526090590171386,2.5807106882449027,-76.68137905472844,-0.5898567619594495
115,3,1.4013949699516657,8.190892484641754,-271.3900004573635,-1.3569500022868175
115,4,2.733090201407852,16.460127681225416,-532.0557130320728,-2.660278565160364
115,5,0.452324629432692,1.847983082780476,-65.68703659645709,-0.3909942654551017
115,6,0.6919492648547586,4.331625589543822,-126.54766003697644,-0.6327383001848823
115,7,0.36496889283541,1.3017136222931025,-39.87280628315143,-0.2997955359635446
116,0,1.7086389736484342,10.96598910105421,-235.9616295874001,-1.6500813257860147
116,1,0.9742398059167244,6.476644177818448,-126.328795256253,-0.9154260525815436
116,2,0.8419164721545823,2.779401983440575,-94.4984996106424,-0.7745778656610034
116,3,0.9473652279049994,5.681626984639242,-164.76535159891412,-0.9003571125623723
116,4,0.8979384798056509,2.7086420834175917,-142.72112015131097,-0.8202363227086837
116,5,0.4388904083377734,1.6330204075961672,-63.85366422834993,-0.3778323327121297
116,6,1.2942865581618088,8.905840737070434,-247.35518376917972,-1.2367759188458989
116,7,2.935649495448637,14.72030272102364,-499.9014321991295,-2.872996736776606
117,0,1.3014080962400276,6.532274719920425,-186.93322886888387,-1.246221525792559
117,1,0.7558707129308015,4.790948602402686,-79.32018971803919,-0.6897407801568625
117,2,0.8947425567519355,4.012050115985166,-105.41514077151166,-0.8300404785158398
117,3,0.5878734207927305,2.8210274675366365,-93.42623463453108,-0.5400360383498907
117,4,1.5383164610799247,11.06513197355378,-272.4394387780439,-1.4647281654733542
117,5,0.2751377736960297,1.6022120834636906,-44.74701818077139,-0.2237350909038569
117,6,0.8053271975032402,3.869942579137931,-147.8761714672431,-0.7393808573362155
117,7,3.121292567045757,12.159755080270262,-615.5652697614653,-3.0778263488073265
118,0,3.24729821211978,20.985572863545567,-591.1216397463321,-3.1952521067369304
118,1,0.5023635946812608,2.333484859825325,-57.25620910741265,-0.443846582228005
118,2,1.1606784107541122,3.4476827392271936,-135.69822089904048,-1.0943404911212942
118,3,2.199203945587208,10.01855439992911,-430.2590532977421,-2.151295266488711
118,4,1.1412313024480951,6.22224460279392,-182.60459582674144,-1.0616546268996596
118,5,0.4272249024510862,3.90668081114306,-67.63194612847262,-0.3695734761118722
118,6,0.6773270513288792,3.563322216373281,-123.3117726595286,-0.616558863297643
118,7,1.9386675834573468,6.328785498427667,-330.56566337597235,-1.878213996454388
119,0,1.6885922997640903,8.482989055096589,-253.236693404714,-1.6337851187400902
119,1,0.736021032374918,6.0393721851125255,-119.71174005359914,-0.6879985060551675
119,2,0.6908817994121758,2.650280139270653,-83.73154493800246,-0.6295604882556576
119,3,1.99855254215333,12.641528655890678,-333.6993445573118,-1.951458155305917
119,4,0.8692139178791128,4.821626737103569,-140.21216292868738,-0.7921591125914541
119,5,0.2995933377829425,1.361251276685226,-37.25525703470771,-0.2343097926711176
119,6,0.643791502016643,4.099381296195888,-113.63501197345089,-0.5739142018861156
119,7,0.9143578193660362,3.505383700507533,-137.40625829754765,-0.8587891143596729
120,0,1.0397429913401757,5.089364647910959,-129.2407483247262,-0.9790965782176227
120,1,0.5421019513860311,2.497078979698334,-67.76735712168583,-0.4875349433214808
120,2,0.7054448450275334,4.041242573106233,-84.25541934401211,-0.6431711400306268
120,3,0.90694887970039,5.417860720388371,-167.29205304015852,-0.8623301703100955
120,4,3.8304265650950846,26.26508814374509,-753.1470936191863,-3.765735468095932
120,5,0.9452664425860589,5.366299239408936,-166.9547709737289,-0.8880572924134515
120,6,0.7859857760289719,5.856660738430535,-145.49563678401353,-0.7274781839200677
120,7,0.5229673954215851,3.479882712906581,-73.43464735741814,-0.4677366073720901
121,0,2.7147399825347405,17.28619493528975,-424.88321318422265,-2.655520082401392
121,1,0.5708681043421923,4.5666003947787575,-75.76131800746477,-0.5189131370374299
121,2,1.1485048263287343,5.170460051760105,-137.5356694387306,-1.0829580270766188
121,3,0.6529821608788069,2.5791269827500627,-107.90417189615587,-0.6062032128997522
121,4,1.3131327836570934,9.024840637463711,-240.43911127109448,-1.2393768622221364
121,5,0.3931016923255215,2.6612259168143355,-56.84910161081932,-0.3324508866129784
121,6,0.6069780498590702,3.776739584342434,-108.8895244573047,-0.5444476222865235
121,7,0.4818433682514089,4.1459772542475175,-52.147095726889134,-0.4138658391022947
122,0,1.3298222608276138,5.5812923490370245,-191.28651176299005,-1.275243411753267
122,1,0.3488898264072189,1.7319541769960285,-41.9821708952238,-0.2956490908114352
122,2,0.8547428017999479,4.75538361284262,-107.8328253204008,-0.7928884214735352
122,3,0.7291322007754932,4.331250988504291,-137.5712496923595,-0.6878562484617974
122,4,1.2098503309113051,3.4725539718334395,-199.1301452885029,-1.131421280048312
122,5,0.6996570072314438,5.329485447984059,-113.3550230669128,-0.6404238591351006
122,6,0.7093337331702232,3.9653836748163145,-129.13938489594008,-0.6456969244797004
122,7,0.3748050058805224,2.81012069870825,-45.00937812425753,-0.3147508959738289
123,0,1.0019595231168748,4.172211240056011,-129.45740633952263,-0.9449445718213332
123,1,0.5229892469098518,2.4622862748944243,-59.90875193479308,-0.4644089297270781
123,2,1.0784731594979855,6.946134689506568,-139.44244074251142,-1.0178280346168718
123,3,0.4665488553489539,2.556750123993509,-79.078834170752,-0.422881466153754
123,4,0.8691514516372862,3.3803212992338847,-126.33654448117396,-0.7846990340445589
123,5,0.60470623952452,5.855125684352326,-103.18059988355574,-0.5488329781040199
123,6,0.6718198839015082,3.2996823081818576,-122.3072813039302,-0.611536406519651
123,7,0.6751026457485401,3.266452091311558,-85.68564549548611,-0.612040324967758
124,0,0.6722770794763891,3.8173505316534646,-84.44558559522186,-0.6163911357315464
124,1,0.560141502871828,4.3973890479564,-68.02463767711195,-0.5038862050156441
124,2,1.1979702492262565,4.08445033980883,-127.08911505703736,-1.124682434133074
124,3,0.7651895178619464,5.0192810297804105,-134.6239677041556,-0.7199142657976235
124,4,0.8974970877890374,5.27506917112878,-128.29732295036106,-0.812008373103551
124,5,1.0238898413745212,4.227019012108307,-147.36085509538603,-0.9568886694505586
124,6,0.7227998580474225,3.396225244828247,-132.16725699671963,-0.6608362849835981
124,7,0.5410952611367549,2.785605223879377,-63.896963151516765,-0.4768430085934086
125,0,1.1684299908764726,6.295896345166772,-144.0128572471066,-1.1077912095931275
125,1,0.4129660866001802,2.1151563143116423,-42.35374303122647,-0.3500309341423675
125,2,0.9870106685614132,5.0459337665710615,-112.11807941094123,-0.9190006509093545
125,3,0.4184392397047036,2.1295965857905417,-73.4846074867112,-0.3768441409574933
125,4,0.941951539948976,2.693224838559689,-147.53336387965442,-0.8627682098225404
125,5,0.6212152823820636,4.2204396519111045,-93.97030185342966,-0.5593470348418432
125,6,0.8172185285976984,7.180256275240732,-151.02327375466115,-0.7551163687733058
125,7,0.4968990813908245,1.997039894340453,-55.48195925182655,-0.4300927073785004
126,0,1.23628424768078,6.563986799953352,-168.6163924279509,-1.179135611384272
126,1,1.2702451465214697,9.222396532469403,-178.07232771211105,-1.211376378993953
126,2,2.381616839322329,10.2745181916548,-399.68243438398827,-2.3237350836278385
126,3,0.6359034403412492,3.523356075476431,-116.3112744368118,-0.5934248695755704
126,4,0.9829594649940666,6.124831299697082,-146.56558438304958,-0.8991753643131877
126,5,0.526690699582274,3.3074948618788094,-74.42544620655057,-0.4622698522145998
126,6,1.197232415842569,9.283962626363936,-225.47625297238488,-1.1273812648619244
126,7,0.4462692494862832,1.862974893464691,-52.119768907387126,-0.3832335949072583
127,0,1.231383162686002,4.662037819351824,-163.2202043445761,-1.1742460744214107
127,1,0.464243123931352,2.0063613475604263,-51.35552741364019,-0.4043742316034661
127,2,0.840990647979922,4.01720976535164,-91.80022195425204,-0.7714304365903534
127,3,0.3369460784260634,2.21825041819645,-59.81725631392905,-0.2990862815696452
127,4,0.5112650173015298,1.7240622328125397,-63.67320854899533,-0.4216768778079161
127,5,0.4838817719552718,2.655472631637924,-63.73388250966946,-0.4165613235926109
127,6,0.9730857521202434,3.890898857727187,-180.8111101951277,-0.9040555509756384
127,7,0.4286113136388327,2.942960796027935,-57.35000956662368,-0.3724026595235304
128,0,0.9669550925037428,4.451815780481601,-128.57569137869146,-0.9118843360190884
128,1,0.5246617367039764,4.523812759963619,-69.56350703170712,-0.4732211362701164
128,2,0.6090948596637364,2.799989914336244,-62.0269707742286,-0.5393649632541617
128,3,0.6795533478793634,3.4023863935646386,-127.54462063755092,-0.6377231031877547
128,4,0.9781874652392664,3.0934615265491576,-140.0641746765024,-0.8921285011242192
128,5,0.3129548781669608,1.7238429091561198,-41.585155919849655,-0.2505129874689738
128,6,0.6515661734986453,3.9269675360928025,-108.18688934961789,-0.5785395152385983
128,7,0.5610972393642065,2.047992594425282,-67.14701646829548,-0.4973853071725591
129,0,1.4099346300065194,7.657633356874363,-193.3533877280131,-1.352121592503588
129,1,0.3468651284859907,2.2496248876083107,-37.91211116955453,-0.2894054287752254
129,2,1.015847625378017,4.685148949803436,-112.48721732170152,-0.9452707337958112
129,3,0.627282494828576,3.114765528833584,-109.06476589229726,-0.5832340422047981
129,4,0.8295063084623882,2.6137932223111795,-115.20949654982712,-0.7432870745150137
129,5,0.2525780030503786,1.954855728124568,-40.412488676893474,-0.2020624433844673
129,6,1.221142873055066,10.209668962251932,-231.60099075214063,-1.1580049537607031
129,7,1.3737408600513037,6.746055698069547,-251.5352037463155,-1.3169382395095053
130,0,1.5880006707011356,7.659570695914068,-202.7963074876783,-1.5247842668246487
130,1,0.33086323435036,1.2595923879888111,-29.50106180967397,-0.2634023375863747
130,2,1.4584909523141456,8.831280848215659,-204.14812045024289,-1.3982747976044034
130,3,1.0777798314780458,5.170753493322596,-187.30326331902376,-1.0291388094451854
130,4,0.7848103700921917,2.998765466436768,-123.7056771955488,-0.7068895839745645
130,5,0.5068590533638317,4.327631895597266,-70.2271353612692,-0.441680096611756
130,6,1.498613176075185,8.3967408659107,-288.17767680424726,-1.4408883840212363
130,7,0.3674290353181635,1.4506976156170388,-36.18933509407797,-0.2966338942137538
131,0,1.25587509916755,5.820065931851207,-146.59569890917336,-1.1918349504810843
131,1,0.3735804916810414,1.438386237047397,-45.81578773243851,-0.3203901240030665
131,2,0.803969961340758,4.025776619136878,-93.99064554950554,-0.7400838232244531
131,3,0.9949668085147256,6.375514809421139,-173.4277417805752,-0.94769257803593
131,4,0.7969587656814482,5.294555659569145,-123.43022962159516,-0.7176176140790417
131,5,0.4549122783353957,2.179705798272166,-58.0052491114545,-0.38670166074303
131,6,1.021711025777175,4.99746017946283,-192.8678996306122,-0.9643394981530612
131,7,0.5480187223440638,2.4829364820516853,-69.16093320137016,-0.4870488253617616
132,0,1.247043394128771,5.221588100529099,-170.35480865680597,-1.1912923682294123
132,1,0.3847800468593235,1.9761905348165691,-48.16274998535148,-0.3321568964506999
132,2,1.036973966735539,6.851725610492434,-163.4217706525843,-0.9844684979071344
132,3,1.076258068784679,8.895945672455792,-193.76661012940693,-1.030673458135143
132,4,0.6099229422300769,4.275605148030374,-99.25067590345844,-0.5364901400186943
132,5,0.6316994992977014,4.154879653646481,-96.90236742764225,-0.5700139260449543
132,6,1.1726218762321838,6.494864903059468,-215.6653881638021,-1.100333613080623
132,7,0.3568760114541911,1.2355238147348722,-39.13015444215797,-0.292016077926552
133,0,1.3724463464514485,6.9995145521719575,-199.06370155851863,-1.318302659327938
133,1,0.2587307358669456,0.6565028877646434,-44.4664504567486,-0.222332252283743
133,2,0.7826068005586725,3.349466303494204,-78.65614058146251,-0.7086138791122748
133,3,1.1139985951506557,5.568269278006501,-213.86315935898637,-1.0693157967949316
133,4,0.6017036022936456,2.902990914727503,-85.76922821982355,-0.5198135043625669
133,5,0.2346750773513785,0.7233155976531946,-38.48440596784679,-0.1924220298392339
133,6,0.6979931714654368,4.622741591738135,-124.33851456412538,-0.627972295778411
133,7,0.2195367253134448,0.9313457852185963,-30.22753799577715,-0.1707770508235997
134,0,1.544114909354127,7.205174093091531,-206.3498753271904,-1.4845314771740317
134,1,0.2368862275695713,1.0522992082833822,-31.54765709176664,-0.1911979217682826
134,2,5.746492621249706,28.89950990820564,-983.6748380519864,-5.685981722843851
134,3,0.8691220077365053,5.680602625416261,-147.06441875715842,-0.821588931604237
134,4,0.3739822085573702,2.3183249044893497,-51.64513603201378,-0.2968111266207688
134,5,0.259229237398047,0.7658150288620322,-44.48073077743248,-0.2224036538871624
134,6,0.6119556800268853,4.237824671360833,-109.99107948587086,-0.5499553974293543
134,7,0.5650724564887617,4.911894531691813,-78.36181042890485,-0.5088429248630185
135,0,1.204859560601441,5.115108928204999,-172.69362127911782,-1.1512908085274522
135,1,0.4333847822316857,2.8814986334354225,-62.59253970886228,-0.3863737019065573
135,2,0.9703113607338536,2.63145976076041,-103.44036718698436,-0.8994814537998639
135,3,0.917528446601061,4.829202013020134,-151.9613228899902,-0.8683504165142296
135,4,0.7701389342109808,2.8050802754909303,-131.96820337327335,-0.6982444622924516
135,5,0.3380263537799027,1.0703062903272111,-57.82687662642245,-0.2891343831321122
135,6,0.7011204637994308,5.326945866743731,-128.0149405218286,-0.640074702609143
135,7,0.4716589220633837,2.875755984212258,-60.684218483802695,-0.4128178128149843
136,0,1.1899559335030232,4.172770113335833,-168.13494408447022,-1.1360469194896636
136,1,0.3275597932481066,1.732301034989999,-43.429518602212376,-0.2783943500141819
136,2,0.7194530031523009,3.4977105334962277,-75.92566102778541,-0.6489372737417556
136,3,0.6986203182442319,3.0125041286948866,-117.30119476465464,-0.6516733042480815
136,4,0.6944316852947195,3.8246276873903207,-101.96711094146148,-0.6142597044666354
136,5,0.3405439679528849,1.236363964426746,-55.299446715958304,-0.2865256306526337
136,6,2.145615670803442,13.968314525222944,-417.2387434308856,-2.086193717154428
136,7,0.3654934941567291,1.4031767227293488,-41.08428483085223,-0.3020903296386193
137,0,1.3309241488012675,5.449999179640232,-172.80079077352312,-1.270594049805317
137,1,0.2519620016154263,0.9863546224995314,-28.2590950357397,-0.1990077115192936
137,2,1.2412215013084469,7.102528249933134,-144.24814990277014,-1.1727491862013832
137,3,1.1095778895839763,6.254502374919633,-193.08131516788123,-1.0608863470762704
137,4,0.5308965950473549,2.3346797289933967,-80.05514370308816,-0.4548587710402736
137,5,0.292793187558687,1.5821991639041753,-42.10135959804004,-0.2352031262460337
137,6,1.3537811613457411,10.35195720695535,-257.46938731730785,-1.287346936586539
137,7,0.6052159915351164,1.8704575949453823,-66.45108211183933,-0.5358958234825753
138,0,1.479575756022368,7.481294382400095,-186.95698614034535,-1.4163408040935257
138,1,0.2844293175532699,1.1911352968678957,-25.19620259449637,-0.2190974138651858
138,2,0.8945318643358625,3.2736036331942087,-121.5177020979842,-0.8380531179171326
138,3,1.2635773960898502,6.565746345162232,-229.8629872067898,-1.2162062815174064
138,4,0.4709860255458447,1.8038857805490716,-68.6270428978454,-0.3944082925163528
138,5,0.1685262645462646,0.5549853927479109,-25.7879000195348,-0.1289395000976739
138,6,0.9392250930384434,4.551869616764491,-174.96470680891196,-0.8748235340445598
138,7,0.541031446774649,2.090801990213256,-69.24271102016718,-0.4808521598622721
139,0,1.509529683734567,7.351786521718958,-203.0201904123544,-1.450144217231103
139,1,0.2966131803702221,1.2547316472995986,-33.98879281940835,-0.2427770915672025
139,2,0.7575267493361858,3.2800283063881013,-92.56854610613657,-0.6960041060611771
139,3,0.8374280780449775,5.061372700750328,-138.84553925962285,-0.7888951094296753
139,4,0.406371193180161,2.293258418708219,-56.55117270288528,-0.3287858878074725
139,5,0.3102239866563745,2.25344330122616,-42.41807269876721,-0.2495180746986306
139,6,0.5424959191944402,2.4925594395587503,-97.52149321224913,-0.4876074660612456
139,7,0.7976688465720001,3.3282608330865657,-100.53517042355068,-0.7338333607558444
140,0,1.1199196431866842,4.769212770173847,-129.7886923158611,-1.0551926204541553
140,1,0.4918682022706528,4.043817671808796,-54.87896803302964,-0.4321178585277924
140,2,0.7120430685312432,2.305291051231824,-83.75065696509269,-0.6492298989542069
140,3,0.7890766346422337,3.9378441759086775,-126.417823634972,-0.7392855183331696
140,4,0.648429070249942,2.9131821410262897,-99.28709630870448,-0.5706154960270373
140,5,0.3854392130654613,1.5693316397339827,-44.00369394108075,-0.3120829357523457
140,6,0.95701934202552,6.443207591982587,-178.92504225998383,-0.8946252112999192
140,7,0.3576840213138371,1.332915491302782,-35.77161413188894,-0.2884807591281366
141,0,2.642286177253793,14.577377993806378,-402.9484287826148,-2.583002748606505
141,1,0.3438547523416919,3.6684136478857408,-35.861974142349794,-0.2846188423996015
141,2,1.800825500770139,12.33538736394973,-292.95017883692606,-1.7437510645055123
141,3,0.7007399697504281,4.414721250936165,-113.53000639450036,-0.652471301117818
141,4,1.0448373921595884,9.561799601930222,-189.78571700518452,-0.9732600872060746
141,5,0.5448900304551167,3.6649192563854345,-88.76605146851657,-0.4877255575193218
141,6,0.4399223699622149,3.546969759831333,-77.25497866789057,-0.3862748933394528
141,7,0.304407691196209,0.9440324430512284,-30.472467141444533,-0.2380661495425354
142,0,2.21913398956795,10.413151217647458,-286.44975972585047,-2.1537575919236875
142,1,0.256499515086211,1.1383125336427102,-26.54723064468611,-0.1996032379299707
142,2,1.41006691978925,8.233988315520387,-236.64044127335384,-1.3522310929905932
142,3,0.6271624949959974,3.925873693518015,-105.80216361085948,-0.5813305692904367
142,4,0.7255936360633347,3.1038377669830104,-101.10926519666012,-0.6399320582067096
142,5,0.376663589404834,1.6173979253260709,-43.12260546661295,-0.3036803201874151
142,6,0.2689957797497533,0.8592207710823926,-45.21824613534111,-0.2260912306767055
142,7,0.6090865266881141,3.1594134630174904,-82.05405521455194,-0.5506983571446439
143,0,1.210882055986086,7.668686030666005,-149.35660792251028,-1.1488969840193095
143,1,0.3570096855747487,1.641670187851196,-40.70112665064955,-0.3014898270418485
143,2,0.3402939054036847,1.3932645204699727,-43.984522229094935,-0.2874805374450649
143,3,0.8487719315999428,5.872427155325135,-153.81500624587002,-0.8053141688265446
143,4,0.5444703825362971,1.83400899924452,-73.65247147805961,-0.4603279467378726
143,5,0.4865469275615388,3.588249681337861,-82.50394523441868,-0.4319578284524538
143,6,0.1882112418118685,0.836343302371276,-29.79180483147839,-0.1489590241573919
143,7,0.4185431052668689,2.1954866790806427,-50.44241600109343,-0.3577476312134285
144,0,1.430101469462332,6.567814329578829,-184.6830499876833,-1.3680225925013576
144,1,0.7989653709031524,4.35459138535322,-105.61563955943016,-0.7437721095734517
144,2,0.9267738647198936,5.239532471836765,-107.53980971383956,-0.8603184777107166
144,3,0.6561532402799369,3.723934962251457,-106.57864218039091,-0.6090208124593767
144,4,0.6008000245695796,2.0183857457959515,-82.0991930313987,-0.5163471259836396
144,5,0.1411300864006186,0.4936491422401967,-21.77461204061366,-0.1088730602030683
144,6,0.4012177811765883,4.123675327433543,-69.60835126758604,-0.3480417563379302
144,7,0.2944372162507999,1.085335351708108,-30.249024059047656,-0.2291592731746034
145,0,1.4166887722126027,6.66432489816182,-190.15674960257755,-1.3582624971612682
145,1,0.6989701046750005,2.6764579050183053,-76.3303185042335,-0.6360859875352792
145,2,0.8763086447068241,5.464206877108768,-124.9332587808608,-0.8219293340846106
145,3,0.4430212128007026,1.86720205547926,-75.16844727669475,-0.3998321663653976
145,4,0.7907908755994076,4.472158546030905,-125.62656560690228,-0.7137873045846721
145,5,0.188810348839378,0.5766101984570116,-28.71269214017974,-0.1435634607008987
145,6,0.4279083767532599,2.7467537929504577,-73.66902071145691,-0.3683451035572845
145,7,0.3268777793319686,1.8064311983502963,-39.77939812634873,-0.2687797170699239
146,0,1.7631182632609632,8.463257904545681,-227.7501649537707,-1.6996280966699306
146,1,0.2548926038234584,1.0325989785698262,-30.19747122966,-0.2040369677679729
146,2,0.5703715715216245,2.3040458847082217,-63.8045903167772,-0.5063856374347396
146,3,1.30158415106876,9.884509696366576,-220.1730197412772,-1.2509830667118025
146,4,1.3794148139658662,10.424697585936435,-249.8845451227457,-1.3014820058476335
146,5,0.1557604908829301,0.6291235446135074,-20.996634149767488,-0.1049831707488374
146,6,0.2900290356366252,1.5821603990501614,-47.991782941904845,-0.2399589147095242
146,7,0.6188488906462011,4.082756402872805,-81.61627419053482,-0.5590155766474988
147,0,1.2763669235216952,8.047864837505708,-183.30725898920764,-1.2220483932613844
147,1,0.36200791111322,2.378677521840137,-40.201185158344245,-0.3045544330177594
147,2,0.674292145701515,2.606724629672906,-76.78343708870958,-0.6093923578469014
147,3,1.193884731336753,10.362742268920412,-229.61570897736817,-1.148078544886841
147,4,0.4773177561465569,1.6523549582963752,-56.75126614513557,-0.3860630350009222
147,5,0.1793927445090434,0.5822443781112883,-27.57514026135289,-0.1378757013067644
147,6,0.2876668927762736,1.969301063083688,-46.11050171640149,-0.2305525085820074
147,7,0.4334981982324612,2.7891647411931326,-53.44000373747524,-0.3737063198424842
148,0,1.189393108959367,6.1312130656279775,-147.88175659423683,-1.128868370948373
148,1,0.3353791341729514,1.288741333829165,-37.08919024375394,-0.2788660920583003
148,2,0.8130400618587569,3.480770921783586,-95.84453984364092,-0.7487854675284447
148,3,0.6332060346159147,2.748247456626754,-99.38441721644637,-0.5846142189202728
148,4,0.4405362519092226,1.808218101058699,-53.18732771371889,-0.3522339583689992
148,5,0.1878115489215409,0.7467622747121221,-25.65666558684704,-0.1336284665981616
148,6,0.4463911129249086,3.6961145666658375,-76.86305472078739,-0.3843152736039369
148,7,0.4657688185326884,3.325532555228345,-53.93023067766261,-0.4024644080422583
149,0,3.379680625784747,13.428839539334248,-636.7982991563747,-3.316657808106118
149,1,0.4609527587316253,3.111210054838356,-65.23118008265524,-0.4128555701433876
149,2,0.5924713050072506,3.3622290575798783,-66.99274420522303,-0.5275019228757719
149,3,0.6776456312040973,4.211035964127744,-108.83885325080344,-0.6291263193688061
149,4,0.4616015593039758,2.006063950562044,-64.12764148323924,-0.3817121516859479
149,5,0.1329066938908527,0.6073286591112781,-19.902893717614266,-0.0995144685880713
149,6,1.050551881426658,10.245923036510186,-198.1974090584219,-0.9909870452921096
149,7,0.3450222877369762,3.2523630419599314,-45.91350393614943,-0.2905917970642369
150,0,1.4995016526730995,7.598961615959519,-188.26503655072116,-1.4371376835932912
150,1,0.227686868917246,1.2792564493043046,-21.13005104290809,-0.1676988178008578
150,2,1.4452400827992389,8.237171485630883,-205.891042524197,-1.381819077343604
150,3,0.4389773995818861,2.608429539673716,-70.92575135802574,-0.3940319519890318
150,4,0.5542695218007816,3.2797920322223786,-83.13573984147003,-0.4777916082843105
150,5,0.2697126246790994,1.306773046618945,-36.10998253831399,-0.2099417589436859
150,6,0.5355236393994874,2.8498564605583008,-93.5711617762843,-0.4678558088814215
150,7,0.5105625945678675,2.981996442699745,-64.91029227714814,-0.4507659185913065
151,0,1.504077079724766,7.558418324812353,-199.2927780981716,-1.44415056592878
151,1,0.5158556423297297,2.212218413192259,-58.92461536521349,-0.4567799640714224
151,2,0.4515827476828952,2.8454460582238585,-48.30657027915016,-0.3864525622332012
151,3,0.7086752121570452,3.490402250687383,-107.87826470285736,-0.6577942969686423
151,4,0.4195527195552339,2.9726720174936734,-60.3786790571602,-0.3430606764611374
151,5,0.5712221509069934,4.970021372567587,-83.35248796757465,-0.5082468778510649
151,6,0.5773926310449939,3.5439615056718914,-103.71099127647425,-0.5185549563823711
151,7,0.2680209337665357,1.2030294094585954,-30.92764059425316,-0.2103921128860759
152,0,1.6260876219554818,7.817119097335422,-188.69479838526377,-1.5594611436798658
152,1,0.3576493252696945,1.6256729676654391,-34.970531310656,-0.2938700110139159
152,2,1.496871343839097,8.896465567609807,-225.47989448344325,-1.4361776718690653
152,3,1.2598083244961924,6.544355586604641,-224.0000830777348,-1.2108112598796474
152,4,0.6622807280710249,3.1192666654129533,-96.49405916115198,-0.5812895130189878
152,5,0.556240019009522,1.7209056554943258,-63.66014466364558,-0.4786477042379367
152,6,0.6654377968153231,4.2999701427446455,-120.3787589874334,-0.6018937949371669
152,7,0.2999364710212051,2.6997740840590527,-38.25946519192251,-0.2452529819995032
153,0,1.70265630925428,7.479481736751956,-219.89438390192703,-1.641002864939754
153,1,0.453948764252962,3.3795219632657467,-55.03270495550407,-0.39878771706887
153,2,1.0883379968981417,5.567101986443438,-175.81527803852828,-1.0342075178736958
153,3,0.7435484971409558,5.3462888329021245,-138.2164757934364,-0.7016064761088141
153,4,0.5988328937834776,3.312112234847089,-87.23813330601611,-0.5192746030120007
153,5,0.3634376221573505,1.4295027219146006,-42.07816396683025,-0.2922094719918767
153,6,0.5423706535688047,3.285023331039404,-95.67066213851116,-0.4783533106925558
153,7,0.2635123936789981,1.3379331668435468,-32.23704551993016,-0.2079809388382591
154,0,1.3724205774482947,6.575253509757943,-173.10225486519937,-1.311380718675753
154,1,0.3168814024159608,1.273511452135223,-30.17098396033153,-0.2535376803389204
154,2,0.7161818665980113,4.0027266069930265,-84.9351285829329,-0.6533471429456377
154,3,0.5000133070323499,2.7688187339406345,-92.69793393798363,-0.4634896696899182
154,4,0.3688039703266706,1.5155163944486725,-51.24200783113074,-0.2928114733207471
154,5,0.4019542246877506,1.866190924391278,-56.363894221239946,-0.3395415314532526
154,6,0.4770987197241918,2.633397952596219,-82.3353433486964,-0.411676716743482
154,7,0.3694690268324697,2.1271534658963684,-51.67552159295728,-0.3170277398340937
155,0,1.608914872158662,7.433849370265847,-208.8545548235076,-1.5470707764704268
155,1,0.2932058433978202,1.7323474018442828,-28.465553081076187,-0.2314272608217576
155,2,2.0567013577959887,11.090377068353424,-362.1163727285693,-2.0006429432517643
155,3,0.1985373930741371,1.366299791591892,-32.60254272011127,-0.1630127136005563
155,4,0.8642874876851216,5.122844423369684,-145.42073261942255,-0.7903300685838183
155,5,0.5766348993784867,3.436656964446076,-81.36024050796784,-0.5116996258362757
155,6,0.6195011534807933,4.601391832705161,-111.5711579314628,-0.5578557896573141
155,7,1.4419545293725176,10.233332260791906,-278.7137357584124,-1.3935686787920618
156,0,1.9605335995114703,9.192526982113463,-279.43622489642706,-1.9009266999756944
156,1,0.2823768234959395,1.4496985244566345,-28.6107702610698,-0.2235216426646078
156,2,0.8684049653058019,3.1613508679750946,-93.4879095782786,-0.7990419622075093
156,3,1.3998532591742463,9.93373861925391,-252.92697786812,-1.352550683786738
156,4,0.4748036207709886,2.216806923892208,-69.35815299862413,-0.3986100747047364
156,5,0.4718724043164906,1.6908146221301137,-65.70437516906834,-0.4081017091246481
156,6,0.8230726109389608,4.453812623025335,-152.71264511052692,-0.7635632255526346
156,7,0.3556247750151567,1.4927910965738045,-45.05765732077193,-0.2983950815945161
157,0,1.5197860051896035,7.204596817148546,-193.79639148524376,-1.4571157254529603
157,1,0.3196269714925658,1.2655404086288031,-33.07677908685464,-0.2604470794240523
157,2,1.171707382729605,5.963533905640429,-127.67431278819952,-1.1006406274844789
157,3,0.3541063492058637,2.357711351914036,-62.82364082524198,-0.3141182041262099
157,4,0.6352564539034287,2.2163296234156937,-100.91448396623686,-0.5606360220346492
157,5,0.4296684600324859,1.4992742318133097,-65.72755478715182,-0.3713421174415356
157,6,0.4622549736860934,2.753386323907339,-80.10800831374468,-0.4005400415687233
157,7,0.3991321711827206,1.2011900227993215,-45.24021109349036,-0.3351126747665952
158,0,1.88026418783518,10.664385491963891,-277.22020598228744,-1.823817144620312
158,1,0.2015308224867013,1.1237625414860448,-25.225176821552623,-0.1547556860217952
158,2,0.6157022440186499,2.2407520804300387,-75.21125020472371,-0.5571203718868423
158,3,0.5140890483298816,4.216383353791475,-93.51423920541068,-0.472294137401064
158,4,0.5651167765229466,3.3155324041210155,-88.17569973999198,-0.489864998555511
158,5,0.2816937052114797,1.1229673712482564,-35.53460155478166,-0.2180036905201328
158,6,0.6270139315993252,4.536189574781829,-113.58547851204249,-0.5679273925602124
158,7,0.8252862150669272,4.347617093531159,-101.90249863639433,-0.760466407734286
159,0,1.890406326812528,9.10779408348704,-255.99554225944112,-1.8285395875674368
159,1,0.3781812495731627,1.7102835374726972,-42.33263969198149,-0.3207018158483445
159,2,1.0961338885576466,4.62748463561146,-182.723324413144,-1.0441332823608227
159,3,0.5331007237913359,3.9499711700041833,-91.3556828403179,-0.488533063317208
159,4,1.299516043455004,10.15455107901882,-224.0653039140082,-1.2244005678361105
159,5,0.7982413537329723,5.1498533027673,-140.37617440168015,-0.7427310814903711
159,6,0.7140366278605896,6.155481963439844,-132.06630011620544,-0.6603315005810272
159,7,1.0153382324604767,2.7771759905205515,-127.30744447398244,-0.9500555557759884
160,0,0.9790933843495756,5.905327721577221,-128.07234259505228,-0.9213837596766352
160,1,0.4586037360894059,3.016426258520031,-48.833721911573086,-0.3970221293623828
160,2,0.5702216635797271,2.7959729033406684,-71.14096363820494,-0.5118054938000355
160,3,0.7742011831002628,4.621255595493636,-122.35588115503973,-0.7239992967753829
160,4,0.484233075965184,3.1520847360462025,-73.24627284302726,-0.409197054988979
160,5,0.583761631566908,6.052228802348352,-89.47610309385296,-0.523252064876333
160,6,0.9835995721650486,7.838663332027552,-183.90253345367367,-0.9195126672683684
160,7,0.5483138805553932,4.960741795798194,-68.1416918544615,-0.4867263703890107
161,0,1.1860369081796058,7.562152024330722,-158.00869995404852,-1.1286335711003466
161,1,0.3026054469704709,1.5369519981412876,-33.538322282521975,-0.2466053109008968
161,2,0.5253235847787544,3.2344980701811163,-70.10764919658325,-0.4705211355475386
161,3,0.6444254691470094,4.181828459270699,-101.9140886040958,-0.5959888222461743
161,4,0.4365201102218666,3.727974643082174,-69.09390146461408,-0.3655761982254713
161,5,0.256635558627639,1.209757034101778,-34.107752744733624,-0.1971546401429689
161,6,0.6643110522144708,3.3095181124006072,-119.19529431584932,-0.5959764715792466
161,7,0.2562460502766691,1.3391590896395225,-30.41632384975507,-0.2001073937483886
162,0,0.733029797607419,4.482250000543181,-94.91535992086504,-0.6779668565776075
162,1,0.3549190304578224,1.5818803702082054,-37.44563377176107,-0.2948475100138666
162,2,0.3907012469966336,1.7294336807406516,-48.71612314827679,-0.3359732630915641
162,3,0.8806101701554011,5.102007798585509,-141.2415119713215,-0.8308324233607147
162,4,0.4956501712704245,2.1103806888393457,-71.46356072049149,-0.417915559768956
162,5,0.3419600968805607,3.020528541992041,-47.11082973012688,-0.2804216055364695
162,6,0.4907071110643468,2.830576136396791,-85.8544210391302,-0.429272105195651
162,7,0.3982909877354084,1.9721658444898904,-48.32179923588159,-0.3379146799711999
163,0,1.233282219182558,7.030528504947873,-164.56124533597776,-1.1754374666855554
163,1,0.3832940844537816,1.6986027077773564,-52.51719489634724,-0.3345044260913837
163,2,0.4214765678999264,2.007702616906786,-46.92210235099376,-0.3609392488537981
163,3,1.1762078176602728,5.504925927625372,-202.75015419455505,-1.1263897455253058
163,4,0.4513526607078359,2.149880122604994,-58.51566249299466,-0.3680230345471362
163,5,0.4563622105212657,2.287994506389629,-66.77330911495088,-0.3951083379582892
163,6,0.4783475844232757,3.237422011033946,-82.84507554446198,-0.4142253777223099
163,7,0.5546649695097713,4.9193439231048295,-87.09826713706228,-0.5034581915437126
164,0,1.2476952621123187,6.5563294565151855,-169.01650560298538,-1.1902570817111646
164,1,0.2105686631822718,0.9670901527143202,-23.174271406387785,-0.1587278863451218
164,2,0.3669483992793997,1.933055593073636,-41.88520793820259,-0.3079794701338426
164,3,0.5319884415442264,3.067751128403342,-78.46661018343322,-0.4813902465241301
164,4,1.0270192204741737,8.912420176491752,-192.0318871513245,-0.9601594357566224
164,5,0.2262618647408945,0.8553709420926687,-28.048904641909083,-0.1649935567171122
164,6,0.5653894360662122,4.377680442996113,-99.41745711348908,-0.4970872855674454
164,7,0.5385094878873394,2.675030130889255,-80.17208394448882,-0.4858914178453867
165,0,1.1953345477028274,5.91337732668613,-155.7126914630036,-1.1365889887810483
165,1,0.2669904394530524,1.5983420478005863,-29.571832788598453,-0.2127469984791255
165,2,0.6318952171102198,3.2600267613454563,-73.34436198726654,-0.5685609456377251
165,3,0.655744692185472,5.039556307425984,-102.4549097763866,-0.6062420696827608
165,4,0.3458998181284499,1.243858085127187,-42.060005228697705,-0.2628750326793606
165,5,0.293417616481924,1.848158785885356,-40.67305879455812,-0.2337532114629776
165,6,0.621075684546497,3.590176401580542,-112.53737813368409,-0.5626868906684204
165,7,0.5216736717112795,2.869156825692688,-67.01594336303023,-0.462178919745036
166,0,1.1029795405984668,5.659426520842125,-139.75264595312038,-1.0429301936800028
166,1,0.2902602969610114,1.3289798099215748,-29.892321583189183,-0.2317234231254975
166,2,0.4299886176862295,3.059148164940381,-50.04506392328484,-0.3707041772095173
166,3,0.5274469395752239,4.748798587888674,-80.86758873824498,-0.4785064422381359
166,4,0.6447377999326217,2.537439238387799,-92.36592037127171,-0.5632068315321446
166,5,0.283302678219182,2.26064595921378,-42.533663982998526,-0.2274527485721846
166,6,0.6638993540343061,5.684607603926311,-120.1882966079529,-0.6009414830397646
166,7,1.218595275234575,6.5372572456369,-180.07181641690482,-1.1543065154929797
167,0,1.0695079238968843,7.196825244754522,-143.8076847949954,-1.0127301746126436
167,1,0.4541151034542114,2.9262025324360703,-54.6461067285284,-0.3988766914491123
167,2,0.4632704359605858,2.232397382433557,-52.12357059654869,-0.4009505430503745
167,3,0.7036360992086858,5.652314200757818,-113.36089562647444,-0.6552652926385806
167,4,0.3860044075441028,1.9913542298004447,-55.832436412906965,-0.3119130525860724
167,5,0.4258679528470141,1.940590280266547,-60.82798659614764,-0.3642394406954948
167,6,0.3792450584805006,4.183497423806528,-65.20733047565444,-0.3260366523782722
167,7,0.4921914275238019,3.685166322290207,-69.44576439804736,-0.4367658138241972
168,0,0.7093996391625688,3.254216195353781,-90.83985693849088,-0.653524150636625
168,1,0.4069962502137055,1.835359061465525,-49.40152967398374,-0.3528680690998838
168,2,0.3331448518735914,1.7364630844854658,-38.30393449508962,-0.2755678740653929
168,3,0.9565769789918678,5.996854833626732,-170.25029293272107,-0.9104293739717704
168,4,0.4167191584045108,1.7528987726331544,-60.63941577517552,-0.3425955693512741
168,5,0.2185941472483546,0.7965994803991208,-24.14506316191615,-0.1528168554551655
168,6,0.4003475373330767,4.008364055963705,-68.58801935693741,-0.342940096784687
168,7,0.3198213765482581,2.2754028267481234,-49.23093908498737,-0.2719941385910904
169,0,0.7406010007700793,4.384800029314888,-94.4523721951573,-0.6844374796750529
169,1,0.2467073101056204,0.9604841667843538,-25.78822532419226,-0.191023891290313
169,2,0.3893918330435373,2.398586841486103,-52.294873310004014,-0.3373862794193807
169,3,0.7784307441290987,6.540894928595347,-124.7231940760604,-0.7293754039535696
169,4,0.3773513522683077,2.303661027843916,-48.93574802622995,-0.2965802910680603
169,5,0.5576986547606398,2.048303449027422,-82.7371238335251,-0.4954318792426653
169,6,0.5104604564418984,5.759518241003856,-90.69476878214796,-0.4534738439107398
169,7,0.6389588027883241,6.219846431709777,-87.06411979959059,-0.5804274653306039
170,0,0.9868881882236786,5.0525195600753365,-135.0143811505539,-0.9311336631072684
170,1,0.21575161200708,2.0176799875225497,-23.182366284509524,-0.1632561005951374
170,2,0.3866966792385711,1.3716215125422182,-42.68026415142363,-0.3258035431406383
170,3,0.3130276589113763,2.003585182334766,-54.81711045769856,-0.2740855522884928
170,4,0.6524347593767547,4.723917981369174,-118.30909069127765,-0.5915454534563882
170,5,0.3347166634489541,3.6916985004828153,-56.77048356216869,-0.2838524178108434
170,6,0.4711912035353274,2.5340432558564943,-82.02834135085688,-0.4101417067542844
170,7,0.4420986176934213,3.3982904609442226,-67.30698651832674,-0.3913196890600391
171,0,2.1408752674314115,11.379908333385169,-303.5037401770168,-2.0787927409384714
171,1,0.2333194080138625,0.883066821369865,-33.683917318668406,-0.1903046176195955
171,2,0.5309702540593734,2.240054495025651,-66.16696113723813,-0.4726211509802723
171,3,0.3859177513191459,2.3073452291446843,-68.37292954247238,-0.3453178259720827
171,4,0.406564467203735,1.891806927145885,-55.33639021089839,-0.327434261602949
171,5,0.3609605337802565,1.95700764339916,-47.724351448625775,-0.2964245431591663
171,6,0.5422875748817231,2.984350659494589,-95.8324709887577,-0.4791623549437885
171,7,0.680604203596328,4.635041581576482,-106.188907981062,-0.6283367336157514
172,0,0.9455965733215432,4.196144907328525,-119.8271159321025,-0.8876082661637222
172,1,0.26620830677715,1.5500161231923495,-30.74627210286775,-0.2135157784921371
172,2,0.3975982117638345,2.288271744588537,-49.23078459521094,-0.3418804485778537
172,3,0.3957993966206837,2.4369498979141517,-62.035205400309536,-0.3504813864424267
172,4,0.496868380651592,2.4866971312551707,-86.09324069064589,-0.4304662034532294
172,5,0.3505742070915503,2.325156406490421,-51.39351281886153,-0.2920085955617132
172,6,0.5767295611646714,4.202220686452761,-104.20147582383628,-0.5210073791191815
172,7,0.163269090417427,0.8931751241821617,-18.641931671029266,-0.1116283333594566
173,0,1.273796364828501,6.663007303721942,-167.61837890593836,-1.2146259341010026
173,1,0.1614391127876112,0.6573353739319808,-16.116781423265856,-0.1096379688657541
173,2,1.1260214162157267,5.337887752472964,-141.4346528795836,-1.0634184427036362
173,3,0.5709567094212082,4.0368077454812745,-95.60557834165586,-0.5253053755036036
173,4,0.4819900516873314,1.7761320828175458,-71.45288755564457,-0.4059823156570714
173,5,0.326306186061761,1.999981966316491,-36.86045455647953,-0.2542100314239968
173,6,0.4290368584197667,3.2773380608317804,-74.80581448059577,-0.3740290724029788
173,7,0.2210150217084459,0.77516448496185,-25.82709065605741,-0.1655582734362654
174,0,1.1946523784722218,6.103966283882396,-167.5065345861886,-1.1395002352801946
174,1,0.2045471086878642,1.5081338747150472,-25.76593754652839,-0.1580732364817692
174,2,0.5716164343373086,2.384145956523667,-70.76253153120246,-0.5127719676174091
174,3,0.7552608027911346,4.616025558384683,-136.484253001949,-0.7108554843851511
174,4,0.3886318468602991,1.9908418681186983,-59.27554563516168,-0.3169815274607576
174,5,0.5004888596192841,1.903469638005055,-71.3184254132094,-0.4375363522282785
174,6,0.4860824505396522,3.894956606826383,-84.59701267882082,-0.4229850633941041
174,7,0.401319535466021,1.3886226142597085,-54.70744743011197,-0.3462496672791896
175,0,0.8961593470605002,4.126340069691566,-124.77623943364183,-0.8430826988759584
175,1,0.1357776506954331,0.6149507328810444,-12.669268246111812,-0.0850286459470591
175,2,0.645293978135579,3.0208405787161983,-77.7574144360067,-0.5846422138045616
175,3,0.4283280069171805,4.682796115611179,-72.72481072448177,-0.3847873583305913
175,4,0.7465871317190474,4.520349718870868,-105.42663294514092,-0.6630605845606348
175,5,0.3090604910488422,1.0050398843287238,-45.74921847066419,-0.2513693322563966
175,6,0.4711277038560984,3.249207327919397,-82.02984496138254,-0.4101492248069127
175,7,0.3774311220506136,1.6063975850744387,-44.14135197027304,-0.3152953712162359
176,0,1.1362658539895398,4.79241686792482,-144.39257069231698,-1.077556497703858
176,1,0.3206495258114473,1.6268352673567124,-36.99478036092933,-0.2661494989994916
176,2,0.5698384243987037,2.7943723658353963,-71.10903512750339,-0.511575792284197
176,3,0.3333816287756823,3.279479423683482,-56.66572917697032,-0.2920913875101563
176,4,0.5229470212418259,2.861563942937774,-75.99514681198092,-0.4444160632279585
176,5,0.3689201644910943,2.4585663971623792,-54.09045227245704,-0.3090882986997545
176,6,0.5293470754219332,3.1451860727999152,-92.24636850874616,-0.4612318425437308
176,7,0.2794479673580373,1.038705526978382,-36.10494442972495,-0.2256559026857809
177,0,1.157237979192356,4.994029195379452,-145.69232862976688,-1.0954310423290743
177,1,0.3190392588131241,2.267950507016302,-38.95598277918474,-0.2668217998574297
177,2,0.5758701227857895,2.1671583811073747,-71.41334130911982,-0.5174879805008682
177,3,0.841703016859394,6.050784776482987,-160.3973549929607,-0.8019867749648034
177,4,0.5338059783660485,1.8130040170161923,-68.37826237533314,-0.446916747551197
177,5,0.3186161433527282,1.9958772659066373,-34.17208311704502,-0.244086307978893
177,6,0.6727478878105186,4.3599179598932585,-122.27872303730544,-0.6113936151865271
177,7,0.5139541848481485,2.982762183035223,-64.35644805364164,-0.4532144229129693
178,0,1.022667282719669,4.594222980539109,-125.02523602942966,-0.9617325848417666
178,1,0.2884993826752143,1.1115420887842915,-33.39801414764809,-0.2351972827299161
178,2,0.4166681070071991,2.328400580901488,-44.46873924632612,-0.3529265019549692
178,3,1.0869731205957356,4.567601192905868,-206.39551430251396,-1.042401587386434
178,4,0.4852849259969661,1.830789980487556,-65.23983572508996,-0.4027150353400615
178,5,0.4171788162826912,1.6541612246902242,-43.37070590191279,-0.3362070224954479
178,6,0.6707307546781291,6.110593893272171,-122.0760295627992,-0.6103801478139961
178,7,0.3364636573809454,1.5740396581651508,-37.82364920876471,-0.274084414556266
179,0,1.0513569862717649,5.621126972117397,-143.40440955722684,-0.9958639552585198
179,1,0.4092534724218886,3.866676652268576,-55.339456350862,-0.3593471191614416
179,2,0.5090626737086817,2.216265517065525,-65.14297371412593,-0.4523817619036523
179,3,1.3538743471258443,11.467423745953113,-262.0434890011629,-1.3102174450058146
179,4,0.3035770349375962,2.1699824141707102,-41.48542920213072,-0.2292012663101145
179,5,0.3230104056102453,2.351865042063252,-37.222725205221785,-0.2532158177225971
179,6,0.5705455360283729,2.9643917570604383,-99.90903826449345,-0.5020554686657962
179,7,0.2854345158584898,0.9890396902966172,-34.78324045897965,-0.2288371082827608
180,0,1.017251362855266,7.688378934798647,-136.4165564231251,-0.96067997481074
180,1,0.1985214073921159,0.7397744737998915,-18.94382848350027,-0.1413718543544796
180,2,0.4730549473433675,2.788720908545221,-58.23715732624263,-0.4159796951874474
180,3,0.4878719977627795,4.764378447858976,-86.39987234023086,-0.4453601667022209
180,4,0.5076716675177256,2.691232768826428,-87.616044244234,-0.4402816293680101
180,5,0.373684766520264,3.891497961688839,-61.17968088725377,-0.31864417128778
180,6,0.3710040288682878,2.1079870948272137,-62.73430808031876,-0.3136715404015938
180,7,0.1886335087404623,0.894223789035008,-20.967058971804896,-0.1335481463172286
181,0,1.2483078947419386,7.472852566473835,-169.2124531520144,-1.1916369940282705
181,1,0.2823996731960996,1.751665927302862,-28.06035674195784,-0.2227012439837923
181,2,0.4672651336649158,2.858494954457702,-58.283396395349065,-0.4104464534883737
181,3,0.618836296208723,3.217695099189291,-112.36947148746336,-0.5762536999357095
181,4,0.5041888390375301,4.100436568984488,-80.31687476812787,-0.4318111546673541
181,5,0.182304311902992,0.548689992856688,-19.924122391514512,-0.1200248336838223
181,6,0.5134617115929672,4.911180881232454,-90.79864984555728,-0.4539932492277864
181,7,0.390180462051346,2.343082213701107,-50.9908314069596,-0.3332734078886248
182,0,1.015543953140999,4.511619204958834,-130.112485743973,-0.9567094539998016
182,1,2.1017503131329414,11.935828440205125,-362.8483078814379,-2.049990440008124
182,2,0.4722964028965892,2.919449015581831,-62.29398073337758,-0.4180804076065609
182,3,0.5536503611901695,2.7094552359447075,-94.68302725992687,-0.5090485336555209
182,4,0.4026809868906816,3.879559416773976,-67.72872351872446,-0.3386436175936223
182,5,0.2515245862534866,2.0388995879852883,-40.08869122680996,-0.2004434561340498
182,6,0.4278174803921926,3.905159945010108,-74.72016171262946,-0.3736008085631473
182,7,0.3379498046126538,1.312900830843853,-32.63660468338591,-0.2675131531425074
183,0,0.7993143817138572,3.0863214785628164,-90.66007027092265,-0.7370737420400215
183,1,0.3458639245699987,2.996948527132734,-47.037717153004834,-0.2977070705886382
183,2,0.6659577632005891,3.7108191705549,-87.05831135407115,-0.6087993800983996
183,3,0.5038676140174877,2.245617678283921,-81.98172842644485,-0.4579984828293008
183,4,0.3180462061070956,1.2385176519992105,-37.79803871137885,-0.2347704267787506
183,5,0.4507245106415634,4.744089641743919,-77.91900587336607,-0.3975459483335004
183,6,0.490168054106987,3.864470164157676,-85.82477947614301,-0.429123897380715
183,7,0.3065196168384727,2.3486454270101307,-38.91900653599363,-0.251090364748346
184,0,0.7680270080607954,3.341246926399203,-97.52869004525724,-0.7118882485055273
184,1,0.3988439691068892,2.68962415326212,-55.44498187705348,-0.3509176068167942
184,2,0.6570548622051038,4.287021625194837,-83.85834194805794,-0.5989881567718425
184,3,0.3845188664501131,2.5596721220364715,-67.66772733354351,-0.3434910016931142
184,4,0.2734606444941555,1.3594975806275469,-42.97167902261115,-0.2148583951130557
184,5,0.3443807118241763,3.0860524135496075,-45.06848114059514,-0.2799284542894108
184,6,0.4927771988759709,2.5041812472202927,-86.457553260828,-0.43228776630414
184,7,0.2374851500797098,1.8320928758230743,-28.010601852737995,-0.1818870250177792
185,0,0.7633239611875529,3.710143329204263,-107.41411271274332,-0.7113517398194923
185,1,0.2581144567176978,1.749074763206387,-32.94433796221979,-0.2098365475300623
185,2,0.8714315462877872,4.962963887325908,-106.84044636407216,-0.8093973209399405
185,3,0.4859250833361763,3.448997107608529,-78.6945956160049,-0.4396346123799157
185,4,0.5353761204115851,2.4018527629249187,-73.30168247187748,-0.4524795214313425
185,5,0.5656614281926492,3.622345019616624,-87.44942547453823,-0.5054880085233424
185,6,0.4070649915861887,2.633728972164111,-69.4805683427227,-0.3474028417136135
185,7,0.2836238351291004,1.290865725865102,-31.86467212641284,-0.22282987500988
186,0,1.0273624741630318,7.754490431769495,-134.79915520965022,-0.9697780950334548
186,1,0.1773320614735091,0.7533464738951694,-18.8180472453702,-0.1262956190964443
186,2,0.6269254727324168,4.275275483391427,-76.50404068809613,-0.5666965976896009
186,3,0.4532995836919574,3.787402280362351,-76.11965194043208,-0.4092454405399574
186,4,0.4740545710136025,1.4764170612908978,-66.7609906333771,-0.3950354475347757
186,5,0.3022576455535036,1.9040098817499809,-40.99071077741863,-0.2411218281024625
186,6,0.4400103804768194,2.148011750842828,-76.56312976453403,-0.3828156488226701
186,7,0.3091736210652253,1.6132779408340354,-33.36668219738684,-0.2453432514513738
187,0,1.0566914563857113,6.188989024433741,-139.946037381302,-0.9996145527235858
187,1,0.3588358244460252,1.8495651012619732,-44.40386265425733,-0.3062335355466022
187,2,0.5141007012225305,1.8888187154838791,-56.73869094818691,-0.4503070710173564
187,3,0.4354845827701921,3.789866094114349,-76.30564207999653,-0.393328051958745
187,4,0.2315156860630502,1.0139965120815937,-33.49750856973119,-0.1674875428486559
187,5,0.4126911597018008,2.6103622814200143,-65.91647457899444,-0.3563052679945645
187,6,0.4704533725317448,3.1303774361620214,-82.0548400428638,-0.410274200214319
187,7,0.2186943358407985,0.9373716888352824,-17.83324364524287,-0.1473821788863047
188,0,0.4532955974700567,3.238557715786928,-61.38803835062956,-0.4038686733594049
188,1,0.3780701093830554,2.474072883859253,-43.464717054783655,-0.3219608670724715
188,2,0.7828024001899315,3.847585781784864,-91.25578372179878,-0.7185494781243998
188,3,0.4786825033195349,3.1579732503955014,-81.81036839513742,-0.4351615340166884
188,4,0.4133564244381845,1.9084639135406696,-66.51502245670255,-0.3446374220554536
188,5,0.469820700338615,2.050735848317072,-66.18427600342258,-0.4060385030884821
188,6,0.7491504403079732,3.1564302792483554,-138.6105577267823,-0.6930527886339115
188,7,0.2491659418102216,0.9531776845769332,-24.21120562110621,-0.1834182244023197
189,0,2.6551550629027987,17.681110908093256,-426.1453511386962,-2.59844726304083
189,1,0.2280862006496073,0.8140963859858352,-21.17820176237157,-0.1680809663680283
189,2,0.4026508841197289,2.671263635615195,-48.3876353847216,-0.3456259670337257
189,3,0.3294991674757663,2.149230206371365,-57.97017888198644,-0.2898508944099322
189,4,0.4178180120143356,1.638117895228126,-56.45105421489196,-0.3380302647598321
189,5,0.2385234915403333,1.3036996166072594,-34.224999179703204,-0.1830213859877176
189,6,0.6921166350775592,2.911959277825317,-126.74475780928596,-0.6337237890464299
189,7,0.5169180391897404,2.050991758265594,-51.89758702723665,-0.4435691198909116
190,0,0.980846706579152,7.049472233237491,-128.5127452300441,-0.9245521239571516
190,1,0.1908200789892971,0.8581438444144945,-19.01884489965856,-0.1368262222997018
190,2,0.3958138899945563,1.6906297057120927,-45.15717099536684,-0.33699381339826
190,3,0.5174376960509615,2.439721507100527,-80.7131060701935,-0.4692622445941483
190,4,0.3993703927893044,1.4937323962376263,-57.38761218589746,-0.3242237976604376
190,5,0.2771073619745733,2.9611088294007337,-38.151658724076775,-0.2180094784232958
190,6,0.5688839676806944,4.177155934669191,-102.33166244130896,-0.5116583122065448
190,7,0.2718824602233478,2.424928913431953,-35.07920800503794,-0.2178832795343971
191,0,0.8479723946069441,4.488990530002915,-104.06681801019442,-0.7883849849257153
191,1,0.2161704922080689,1.3371958155846748,-21.71902374517023,-0.1608816573716313
191,2,0.28478879297847,1.1931159363173127,-34.567655475266406,-0.2319976877534658
191,3,0.4646521688197425,1.991914769298342,-79.0580234684249,-0.420521401427792
191,4,0.5173717644913507,2.594872966312899,-84.37771712159933,-0.4464429477333298
191,5,0.3073600222663949,2.396611013341987,-41.89827843124943,-0.2464604613602907
191,6,0.6790525736921709,5.920361693402412,-123.36825252799936,-0.6168412626399968
191,7,0.2397377547923007,1.0581116336390537,-25.48470681057472,-0.1794697662716529
192,0,1.8003329142413338,10.306211766137665,-246.87873787812129,-1.7385826611135302
192,1,0.2174786606958083,0.7611959862151153,-24.243948891132582,-0.1660544444598122
192,2,0.4454802849238329,2.182717936335595,-49.05082340140784,-0.3832095578234987
192,3,0.5110564256966822,2.5932751697791896,-82.69030488805518,-0.4645522746519954
192,4,0.4997959989486454,2.983370847363892,-71.58947007319415,-0.4211145298423185
192,5,0.336618041294613,1.7989601839069285,-47.52667391033227,-0.2763178715716992
192,6,0.490276597875896,2.868268866554061,-87.44609150438095,-0.4372304575219047
192,7,0.4492580814752156,3.276679103188205,-53.85415751344557,-0.3874399821111192
193,0,1.155914668045834,5.25751472510136,-151.35224019506148,-1.0967553637323295
193,1,0.2842920608843259,1.680468444166724,-36.22616114975721,-0.2352348126607611
193,2,0.5347057664398734,2.154403302237517,-75.94915566978031,-0.483752583883951
193,3,0.8699109399965373,7.013424713364106,-163.4770393467701,-0.8256416128624753
193,4,0.4333713594891724,1.839675987025924,-55.86610544894725,-0.3491631590559203
193,5,0.3284781819085295,1.9977828937139444,-41.80702371731513,-0.2629372560837429
193,6,0.8220916738091895,5.57376695285946,-151.78173495573898,-0.758908674778695
193,7,0.3562639882384653,1.22233217430644,-45.54078636236396,-0.2996104365944997
194,0,2.458388456495654,12.357391211772786,-364.4574955728339,-2.397746681400223
194,1,0.2118672511301206,1.6155819255767536,-26.100526711240068,-0.164154256045535
194,2,0.6147787141776814,3.070138781843615,-84.65867851918563,-0.5606535001270572
194,3,0.567352610231939,3.3109528058762767,-96.12490096582174,-0.5224179400316399
194,4,0.3822296585734209,2.2999818677150428,-59.24754850980404,-0.3118292026831791
194,5,0.4351846170505971,2.526030260966776,-61.08051231425885,-0.3724421482576759
194,6,0.330719187779914,2.5911200526224825,-56.253715782185694,-0.2812685789109285
194,7,0.3730739615579366,3.3856671649189405,-51.745346207831965,-0.319415717332296
195,0,1.4371116862365891,8.590142042980194,-193.00852691312448,-1.3786323350937464
195,1,0.2224572904345653,1.3788738867208827,-24.084456505726266,-0.1696088486318751
195,2,0.5079212449655135,2.8275830132503925,-60.13250841929524,-0.4487500628305615
195,3,0.7058914397067467,4.8334228159799695,-121.31439718066238,-0.6593173759818608
195,4,0.2677658851821681,0.9492602500108888,-39.84090084665974,-0.2002055318927625
195,5,0.4620648159216726,1.59206856728914,-76.92903432260235,-0.4070319276328166
195,6,0.5739338904438975,4.511719933973192,-103.1952795363064,-0.5159763976815319
195,7,0.2278767563163433,0.7377512751109393,-23.046787840918604,-0.1658042290713568
196,0,1.2536928663051854,6.839249172694269,-169.81904308501706,-1.1959087541198383
196,1,0.290367081609732,1.6568383226794392,-31.956169162450703,-0.2349718320768434
196,2,0.4027356123773282,1.801093489433782,-37.59843474651092,-0.33272951103107
196,3,0.5657782743984435,4.535747823677431,-97.51608228966278,-0.5214763758805496
196,4,0.3960813862896513,1.6819772805963378,-55.20392410324569,-0.3190978271863913
196,5,0.3557598783003465,2.469532598183447,-61.58397351182977,-0.3079198675591488
196,6,0.3957271936536993,2.0572056061979715,-68.13484544335388,-0.3406742272167694
196,7,0.3098883403699494,1.3092600436964648,-41.64579210585791,-0.2570727907769006
197,0,1.5398230699549589,6.81799001400985,-228.47417441134755,-1.4835985351386205
197,1,0.209731588664971,0.928141972109005,-22.237189683659125,-0.1565999273497121
197,2,0.6238340401444494,3.9371943409494823,-83.60773808179933,-0.5687601230054375
197,3,0.5816587699932135,3.879903755742189,-91.6706968034153,-0.5329691674617169
197,4,0.3510888023431716,1.4450758562685784,-43.47980264342779,-0.2683938434779493
197,5,0.3112012562345048,2.703325362761788,-39.3661654207734,-0.2460385338798337
197,6,0.2756419595319045,1.94759168317032,-42.83306419540834,-0.2141653209770417
197,7,0.2384202164628054,0.9012521415139374,-25.727096917183864,-0.1786603952582212
198,0,0.7336224319257445,3.4391486450363447,-85.44525489683649,-0.6727972826522558
198,1,0.2188725749772554,1.2386931196372335,-24.600029343537575,-0.1673471383914121
198,2,1.8095326727411043,14.039694655012886,-289.07600232524123,-1.7519757716681288
198,3,0.6642594032462825,4.972641224597769,-111.83010411281492,-0.6178458790763255
198,4,0.3321967609132752,2.9961261993487467,-46.99930964375272,-0.2582379650755644
198,5,0.2823191882388729,2.090176519798543,-44.058481586934725,-0.2282822880152058
198,6,0.4606661214648058,4.057768690417336,-82.4314343982196,-0.4121571719910979
198,7,0.2878912926448296,1.7720923119686576,-35.73217559322733,-0.2320271142417359
199,0,0.74881684580573,4.264589652190391,-97.02485426162863,-0.6930346732973474
199,1,0.2572232626111926,1.5233660052014653,-31.82173132088196,-0.2079851720319082
199,2,0.4542413503005235,1.9177954021775565,-50.642870556389774,-0.3925803919099982
199,3,0.5437951480615623,4.725432138090796,-92.78350158418056,-0.4988360300224761
199,4,0.3259487470003634,1.265630427768572,-40.40362596350926,-0.2448704603849046
199,5,0.4688765214654543,2.341125589062379,-70.18360549523587,-0.4080442179955573
199,6,0.611710706771091,3.4680259052702938,-110.972188904035,-0.554860944520175
199,7,0.2313626869513768,1.1907676106625438,-21.9399760860798,-0.166211940046059
200,0,0.890619821910481,4.954793261287243,-108.94126161774766,-0.8316126841049439
200,1,0.1698886440862163,0.8236329703689602,-14.13256769199734,-0.1104106850937292
200,2,0.3926358867775919,2.8491169162626138,-49.28987963857328,-0.3376019153326937
200,3,0.4411992348145189,3.277264782765024,-80.00177690707335,-0.4000088845353667
200,4,0.4443357658949758,2.801329575865109,-71.76688403746202,-0.3737858543617813
200,5,0.182707584885854,1.223627535153217,-24.781165516450216,-0.1290685703981782
200,6,0.7367769941623276,4.228518248324929,-136.06913318256034,-0.6803456659128017
200,7,0.1693675861728672,0.9758383249665924,-22.243611645165423,-0.1222176464020078
201,0,0.7328641795294117,4.669456179239592,-91.25595351757046,-0.6759700260560775
201,1,0.158862587446074,0.6689606387879367,-16.194118322721135,-0.1079607888181409
201,2,0.3381222336407815,2.169997059644444,-39.9928835743107,-0.2816400251712021
201,3,0.4301463116316869,2.718290201338183,-64.56156153283165,-0.3820210741587671
201,4,0.4589555072739994,1.7296737148441403,-60.90451004014599,-0.3759537656799135
201,5,0.2351699637065177,2.428164993271656,-37.47968297356341,-0.187398414867817
201,6,0.8498610563015118,6.360927696939193,-157.04329664015725,-0.7852164832007863
201,7,0.1444801026940051,0.5971511060851263,-17.295869174024013,-0.0966249674526481
202,0,0.6298399837936419,3.3576053779947395,-74.29493008634108,-0.5714994622026237
202,1,0.2153613958108095,1.0066933636275903,-24.27451654769957,-0.1640170037006727
202,2,0.2594359008439265,1.576014335070835,-30.701381550552654,-0.2060495406077359
202,3,0.5994878615702716,3.449344629018303,-93.01094601339835,-0.5503606272982151
202,4,0.4239593730028928,1.4490202655635704,-60.0251339422304,-0.3469660921516208
202,5,0.1912552986074933,0.6702227446282655,-20.738277999045085,-0.1272286993806446
202,6,1.475633077668637,11.580661723827662,-282.405628773325,-1.4120281438666251
202,7,0.239282862999061,1.7013198525606787,-28.202581247812983,-0.1831336444663181
203,0,1.239229521110086,7.5319903392923235,-161.6080560391698,-1.1796208470012397
203,1,0.2342563334460591,1.654603792550262,-21.433079890848703,-0.1728474184745863
203,2,0.5017496773000237,3.898022822810484,-59.19185452733519,-0.4417302576666805
203,3,0.4996939421399921,3.481408708184999,-76.83070709266863,-0.4519453358392272
203,4,0.428428518082069,2.02030107617202,-59.89950828670999,-0.3502895221445029
203,5,0.1275804559273101,0.3568807190020124,-17.16915136090001,-0.0858457568045
203,6,0.4345164086659286,2.507356778992677,-74.79465561567694,-0.3739732780783847
203,7,0.5841387653228961,2.9930345732353603,-77.18455348666248,-0.5250649897051869
204,0,2.13811354091207,11.994006653125098,-337.2238084437437,-2.081628447183603
204,1,0.2325760914390335,2.127081787117949,-25.91389471688648,-0.1799576022006005
204,2,0.3339850527829795,2.337484326638763,-40.70279684887917,-0.2787862797868436
204,3,0.6031684407486707,3.749773163676988,-102.68579843496506,-0.5580749914943753
204,4,0.3388536778069116,1.2539213156077291,-41.27751909060368,-0.2563821061528179
204,5,0.1280934428573601,0.458943024085632,-17.81553581148268,-0.0890776790574134
204,6,1.2844685683185006,8.706984064245567,-244.96891070722347,-1.2248445535361174
204,7,0.4734068487168592,2.4880711390592607,-60.93535327847242,-0.4145262127787239
205,0,0.9792448459134998,4.5201285740306,-129.28843092132027,-0.9234887922951448
205,1,0.2571577078400248,1.1062720212613883,-28.168321090835864,-0.2026497920204019
205,2,0.3353534202675991,1.4584877232443232,-36.90242710968765,-0.2753912470872213
205,3,0.3015519547508782,2.119268052879749,-50.51221265532939,-0.2603722301821102
205,4,0.4427462587516015,2.784642761785729,-73.36699727568428,-0.3743214146718586
205,5,0.159090968265065,0.5307538755189694,-24.210319289465865,-0.1210515964473293
205,6,0.4007240312040828,2.145247789861931,-69.8672395489324,-0.349336197744662
205,7,0.1372641186721584,0.4242358261642109,-18.060372372175674,-0.0930947029493591
206,0,0.8089369918255357,6.341421583057518,-110.22841226909784,-0.7549891251308071
206,1,0.1583276291967286,0.7330335416230072,-13.30972659459201,-0.1008312620802425
206,2,0.5656391777821134,3.197887084013701,-72.13067267960518,-0.5079624836591914
206,3,0.5198437471902653,3.34389529036309,-88.93653735740857,-0.4755964564567303
206,4,0.42844951673574,2.033216135922201,-64.977678152184,-0.3550692795201311
206,5,0.2080285245133172,0.8357876871886103,-29.15245460974327,-0.1534339716302277
206,6,0.4845634017381692,2.443326203707414,-84.0183233044324,-0.420091616522162
206,7,0.2359287085330075,0.9328420321182428,-26.77872284521177,-0.1785248189680785
207,0,1.19551508861893,5.88396700081424,-166.401901052241,-1.1397390483030203
207,1,0.2110766761965402,1.1794793430406108,-18.80967052839448,-0.1504773642271558
207,2,0.3855441773655123,2.485122753931469,-42.417812125839525,-0.3238000925636605
207,3,0.5293175603882658,4.740594577291131,-89.64072775569606,-0.4845444743551138
207,4,0.3949260643202367,1.588433168856935,-48.288199380051445,-0.3095397396157144
207,5,0.3138159911463018,2.044449995063254,-44.6148209748598,-0.254941834142056
207,6,0.2988116270249329,1.2916322997851166,-48.81788505368475,-0.2440894252684237
207,7,0.1766939150865673,0.7095142346973506,-14.346707967795536,-0.1103592920599656
208,0,1.8116098737596635,9.546491047190168,-248.68098121524923,-1.7512745156003466
208,1,0.2884214332097984,1.273210196689372,-31.671573294661066,-0.2328792154019195
208,2,0.4533026890905653,2.1185019806741274,-56.40208096923995,-0.3971977533045067
208,3,0.3346513457070552,2.028536801829825,-57.52737797048356,-0.2935070304616508
208,4,0.3283416646925881,1.7424809960895853,-37.576672413083735,-0.2424301446005402
208,5,0.3469801841968942,3.712148840089332,-53.04377953218803,-0.2898567187551258
208,6,0.469171444880853,2.169147408690668,-80.84894075429433,-0.4042447037714716
208,7,0.4208494765793626,2.6443758401401527,-48.27788936167899,-0.3576139952716962
209,0,0.8722921347877981,5.277830769143315,-115.07874409663756,-0.8161613056499117
209,1,1.3581679102992743,7.739705731795951,-231.20634587488323,-1.306250541666007
209,2,0.3912964987589569,1.5773747074499422,-40.66215424817971,-0.3279205987756428
209,3,0.6616980504795593,4.592027491864065,-120.62864622730082,-0.6186084421912863
209,4,0.3307543754955222,1.946652326262181,-39.24356058038397,-0.2468148464175092
209,5,0.2310094538845283,1.1817513458131783,-33.26000477245361,-0.1759788612299133
209,6,0.6841433240368829,4.755893477825003,-123.93100809405011,-0.6196550404702507
209,7,0.2631979180965269,1.412993142553379,-25.66637565401702,-0.197433658877054
210,0,0.711897592378202,3.792982461455056,-85.58381458972899,-0.6533115617536563
210,1,0.2211477822414111,2.560324731338869,-23.1716448139914,-0.1667024806761971
210,2,0.4323629112615798,2.232127671259632,-49.36095546816265,-0.3711350035200199
210,3,0.6329158571153056,3.9835973157491,-108.05635627014088,-0.587262805815983
210,4,0.3907317266168914,2.619104427033255,-52.73191431226006,-0.3120231616110063
210,5,0.3751677442516675,3.619538283066396,-50.10951915002238,-0.311239249379021
210,6,0.4295434780025078,3.2656100444802827,-73.63372721206557,-0.3681686360603278
210,7,0.2395239455246681,1.583854029346838,-24.71672295664136,-0.177818150767204
211,0,1.222248038952884,7.819257005850056,-166.6687476273933,-1.165515717674079
211,1,0.16990328588271,0.8214334747351758,-17.54505508263636,-0.1185476694772727
211,2,0.4677715571467329,2.870706391984369,-54.15147266086253,-0.4071539297809213
211,3,0.4498213748239508,3.4419193260083443,-67.8225894292029,-0.4013170972142184
211,4,0.4985485660936951,2.845478372847577,-71.44018957222643,-0.4202364092483908
211,5,0.3228216947794643,2.3925232130998744,-45.80706631519504,-0.2632590018114657
211,6,0.5431986451260805,3.7892864192667455,-96.42470925682952,-0.4821235462841475
211,7,0.2635514018869287,1.2666768677084994,-34.35094449060208,-0.21074199073989
212,0,1.0500729438936447,8.354785167390522,-147.31438233180663,-0.9953674481878826
212,1,0.1614728793914726,1.0040406026383717,-15.972108725655236,-0.1093980049702413
212,2,0.3755356369549219,2.031889300470434,-41.60204808219503,-0.3151670309257199
212,3,0.5966533970270795,3.5466057567776708,-109.81166248418924,-0.5546043559807537
212,4,0.36009515019832,1.6613251009525858,-43.841163870369904,-0.2757305903796849
212,5,0.2205352521203288,0.8562734992330102,-29.36972878446079,-0.163165159913671
212,6,0.6923185163384662,5.652166577501924,-125.81838500921494,-0.6290919250460747
212,7,0.2492132306594347,1.3019290807202109,-21.775024946924265,-0.1784838110403628
213,0,0.9510864401188308,4.909856232277481,-122.4353210442862,-0.8936884747758118
213,1,0.175770370318139,0.9048451062802476,-15.037895514738622,-0.1165728334475862
213,2,0.7071062792369157,5.818237705438,-98.56601430108488,-0.6527550615965886
213,3,0.5539038222583529,4.657071684771954,-87.48993217436633,-0.5057221512969152
213,4,0.3632302371840384,1.1810167480987357,-42.11753674197632,-0.2752780179214139
213,5,0.1814504222279789,0.7580393732218104,-22.776234820225536,-0.1244602995640739
213,6,0.4275204522664888,2.332692197793514,-73.48323437789082,-0.3674161718894541
213,7,0.3532636165914324,1.4141899825838975,-42.20142639922933,-0.2930654611057592
214,0,0.8621348083199762,5.123142701165114,-117.12209041842912,-0.8077385546098559
214,1,0.2302549496177439,0.8694792281252377,-21.418342291669905,-0.1699868435846817
214,2,0.5514318125928468,2.681455248582836,-63.68389896451623,-0.489876145880894
214,3,0.7354223157025902,3.986451480940775,-129.7809672683533,-0.6903242939806025
214,4,0.4697424401763692,1.9765988475482583,-70.19065945917939,-0.3943295475234797
214,5,0.2044210197325347,0.7344611140918155,-25.412661798839157,-0.1452152102790808
214,6,0.3828788472000256,2.570022366730929,-64.58519901684663,-0.3229259950842331
214,7,0.3781982661492074,1.3553575363257,-43.975739288544055,-0.3163722250974392
215,0,0.748391880738238,5.144614559056252,-99.2253085142551,-0.6938832763234623
215,1,0.2865526969887674,0.9297231547158772,-30.03120795944366,-0.2292458622858294
215,2,0.5097497057306634,3.7639796030828414,-62.85749744967619,-0.452212211868174
215,3,0.4413538832949996,3.08165681937317,-70.35720949757675,-0.3952652218964986
215,4,0.3096573800090543,1.5197250370187825,-40.11523486857143,-0.2318799703385631
215,5,0.1616243594021053,0.5534987728640495,-15.092612508034035,-0.0955228639748989
215,6,0.3550378214206424,2.026558575026052,-58.83100958192036,-0.2941550479096018
215,7,0.335184027916297,2.058477533482784,-41.72056231666132,-0.2781370821110754
216,0,0.7691251711499907,4.761707161361022,-93.01789482142397,-0.7100602658123966
216,1,0.24015596067829,0.8770341455531868,-18.819257150002286,-0.1710841559091117
216,2,0.4162614703604481,1.515627287697788,-47.050145640002086,-0.3564404972727431
216,3,0.5061188095233063,2.844786884993469,-82.78584520650223,-0.4599213622583457
216,4,0.4013757839660314,3.1234867241668693,-58.8882077927159,-0.3271567099595328
216,5,0.3035717209532696,1.2049216523023711,-32.61034305958262,-0.231279028791366
216,6,0.4438489052699971,3.413229387894209,-75.35711570953657,-0.3767855785476828
216,7,0.2778274227194313,1.1242981724882388,-28.67224243941782,-0.213971958503118
217,0,0.55308790054842,3.713959278290543,-69.87323061276838,-0.499094504376917
217,1,1.3316300261191505,9.53326966234381,-216.05563973631104,-1.278435738084681
217,2,2.7268445617254797,11.093888323738788,-534.3194968546416,-2.671597484273208
217,3,1.8673306091034945,12.87345925651251,-364.8714920799693,-1.8243574603998465
217,4,0.5632657337176211,4.622871349326749,-98.41969436290456,-0.4945713284568068
217,5,0.2423769848844736,0.7014266449986114,-26.96144394209624,-0.1750743113123132
217,6,0.4941284007031995,3.150458623864881,-86.70537289546174,-0.4335268644773087
217,7,0.3637856897626175,2.180009505464102,-38.66128361263237,-0.2973944893279412
218,0,0.8071804033475751,5.060078985487492,-105.128711043329,-0.7509193645952071
218,1,0.2197320026805332,1.1558771539490535,-26.3149846263226,-0.1708765235475493
218,2,0.5302224620314149,2.830550304077476,-62.37396729197599,-0.4689771976840299
218,3,0.4286838741886179,3.238088682389594,-67.34253619405673,-0.3826280465571405
218,4,0.4800127144352214,2.4406132938012037,-66.86079640603832,-0.4003640503355588
218,5,0.2493246580283906,0.9624746080273512,-29.35409536960575,-0.184616952010099
218,6,0.2520090664830297,1.0621434427245662,-38.38093972493247,-0.1919046986246623
218,7,0.1958922334771663,1.283331170671703,-19.213215685709663,-0.1353043358148568
219,0,0.7531206571369107,4.492800305308736,-94.60085103438908,-0.6955944928999197
219,1,0.2668903429861081,1.8451293616175797,-25.07372402033197,-0.2055223280355079
219,2,0.3491869017468639,1.1707915300795937,-35.96557095105024,-0.2854410392940495
219,3,0.8077509890380685,5.46339685431998,-142.54443029866616,-0.7622696807415302
219,4,0.4431937054823579,1.9740191064957693,-57.116966525886745,-0.3592262045653254
219,5,0.2398889438768692,1.2011441775291731,-31.645851320415478,-0.1808334361166598
219,6,0.4265796865022799,4.41512767535641,-73.45675352549192,-0.3672837676274596
219,7,0.3553173346478144,2.550673923595404,-41.883694125197614,-0.2949555924309691
220,0,0.6073577451809641,3.200171228296622,-71.34849801974525,-0.5488346001518866
220,1,0.1625605447387233,0.7921458258886221,-16.053478059406448,-0.1099553291740167
220,2,0.3039780118386415,1.6248524935156106,-31.51180972887463,-0.2423985363759587
220,3,0.4025072630169744,2.6658975708093773,-67.89354396974747,-0.3592251003690342
220,4,0.356756773421549,2.2098855463618925,-51.54313395358479,-0.2832040327120043
220,5,0.19267469363871,0.902570468360444,-24.085285623655363,-0.1345546682885774
220,6,0.409315888849683,2.4473689391034177,-70.41649181075135,-0.3520824590537568
220,7,0.2052174987422096,0.6213555938602406,-19.77108286654923,-0.1432687164242697
221,0,0.7636605800474138,3.963769146140913,-99.112459060614,-0.7079461361472428
221,1,0.3311574737924081,2.601505407091764,-33.883971040838944,-0.2710717683267115
221,2,0.4125640633703643,1.340829811979947,-48.97802599037788,-0.3549132318143325
221,3,0.7981343558496071,6.236736971567526,-132.75328370090892,-0.7500185519825363
221,4,0.367484610349116,2.344560203962958,-60.67056848083257,-0.3033528424041629
221,5,0.2921405226883849,1.8323668006403415,-43.78373311929158,-0.2366688276718463
221,6,0.4845950863597189,2.7391435500290715,-84.5659473891171,-0.4228297369455855
221,7,0.2351485127687757,1.0735073039461775,-25.23902246262835,-0.1752709893238079
222,0,0.6465638244035804,3.600785942650436,-79.66982218066153,-0.5901468309678631
222,1,3.239896401872573,17.852718753952793,-637.2931081475278,-3.186465540737639
222,2,0.2987464742117937,1.3542468922884117,-32.918419963484936,-0.240280437689671
222,3,0.7471814995209749,5.571583067360345,-126.6689839259376,-0.6998286404747933
222,4,0.3842424077247169,4.095807947869732,-53.30154219684246,-0.3063307022807038
222,5,0.3888377712031359,2.499917480975479,-54.89250001519694,-0.3267410715190293
222,6,0.540004252103108,4.133650436403943,-94.75452783264453,-0.4737726391632225
222,7,0.1362580451037219,0.5211281061714086,-12.006372557579468,-0.0789892931419701
223,0,0.6739747724040084,3.414739982157585,-79.96904876706542,-0.6151465289774263
223,1,0.5684036421376372,2.852144911015446,-68.08229824562756,-0.5118969792904328
223,2,0.4068140548798979,1.4066174430598395,-48.18854999955851,-0.3491923913011486
223,3,0.9296420586745704,6.026393281321453,-161.4028709594503,-0.8819829014177611
223,4,0.5758794692173208,3.7842540780574776,-95.86955454197084,-0.5045766028524781
223,5,0.3257592801978317,1.9130760953655763,-41.18838388527238,-0.2606859739574201
223,6,0.3901179168742448,2.676199800408853,-66.4659531919448,-0.332329765959724
223,7,0.235037304589283,1.2661424279443,-25.667509961660333,-0.1758048627510981
224,0,0.8497008648188576,5.330223657018927,-101.74232249297272,-0.7887001743641296
224,1,0.3641097384015717,1.8743917492003648,-53.94460559522516,-0.3191988496758885
224,2,0.5044886164655709,2.860043892387666,-63.46533746234368,-0.4469389962136879
224,3,0.3701484346647348,2.9874438564797003,-54.943487336905534,-0.3231969843347384
224,4,0.3231796981149315,2.3700285753699406,-39.27396494754239,-0.2409445702303214
224,5,0.2907310006338455,1.3165379049852228,-38.18891073723915,-0.2286761121990368
224,6,0.2697308910329251,1.3699894360958216,-42.54943513829127,-0.2127471756914563
224,7,0.3699792634889455,2.0279154532300976,-43.52623559555303,-0.3086967063514399
225,0,0.7513164658258495,4.172756917571715,-98.81940005107757,-0.695911267965335
225,1,0.2768478562902996,1.3805203134054898,-35.07540723411357,-0.2277623846371011
225,2,0.5223300952675041,2.5255873353051363,-68.78702647564661,-0.4679389556166436
225,3,0.4823924884299574,3.867650710423203,-84.85505413427444,-0.4396634929237017
225,4,0.6481757998868467,5.652066741602888,-96.77226846521827,-0.5692486380306957
225,5,0.2446637797736371,1.7433873858358526,-28.07313856663886,-0.1788097997875086
225,6,0.2644971438585631,1.937530796003817,-42.14340360852186,-0.2107170180426092
225,7,0.2055653417137891,1.0366285309621155,-19.32159105629806,-0.1420705224727798
226,0,0.6953471342633585,4.113407609390454,-84.76123290021751,-0.6373025030091541
226,1,0.7021022492469817,5.107936864702236,-99.62948907302304,-0.6511731311962291
226,2,0.4969957697319501,2.868031898288008,-61.62864621480001,-0.44020461582
226,3,0.6129611479285155,4.012074026092322,-103.27133975308077,-0.5674249436982459
226,4,0.3334402515623092,2.475320038399978,-49.51846801947207,-0.262002476293503
226,5,0.1128727037384035,0.4282668014752224,-14.24547712297664,-0.0712273856148832
226,6,0.2635770784646719,1.614041918597703,-40.858471678578056,-0.2042923583928902
226,7,0.3071875234758328,1.4839751352740325,-32.00639238988219,-0.2424726696203196
227,0,0.7810299595273427,5.686777825668516,-91.49112742408278,-0.7204025781423841
227,1,0.3903209011723311,2.9310969643753837,-48.57316822522391,-0.3373136682307216
227,2,0.3936616918959369,2.490654590232932,-51.76725810651607,-0.3405740664902373
227,3,0.5009599178596471,4.004787174722691,-79.41237970628582,-0.4537850268930618
227,4,0.4637384296450155,3.539241182006204,-77.56327296873675,-0.3957309845343712
227,5,0.1581299543169814,0.5886524416460956,-21.92953307023853,-0.1096476653511926
227,6,0.3727621211272072,2.738063266424972,-63.28687440819395,-0.3164343720409697
227,7,0.301321858362608,2.337737553509844,-36.532265616290985,-0.2435484374419399
228,0,0.7472935036818987,5.702030007444908,-90.97723773311564,-0.6892214979781487
228,1,0.4512261047106655,2.896854632540502,-58.75680301185254,-0.3997061429377724
228,2,0.4250907187534162,3.0847379530394137,-52.86842086767858,-0.3697092368369131
228,3,0.4683646322800624,2.443033291333323,-70.0926795847141,-0.4197166442198449
228,4,0.4961821393139358,2.422479952451914,-76.4748667123745,-0.4225130757589752
228,5,0.2137943887717741,1.2430778876127282,-27.050523217867635,-0.154574418387815
228,6,0.3944853918609108,3.508150244103058,-68.00245677357513,-0.3400122838678757
228,7,0.2495048556250047,0.8738811023752204,-21.873691604917237,-0.1792925541386658
229,0,0.5414010242127446,3.0700543717120894,-61.89058426343541,-0.4835201895580891
229,1,0.4013803224541381,2.545815185309541,-45.412978795191776,-0.3440377181453922
229,2,0.2791640041536549,1.083166464447938,-29.968038719947405,-0.2203532258819662
229,3,0.3211438656112293,2.9412786608696493,-53.60788502297633,-0.2792077344946684
229,4,0.2963189234655141,1.6058746933457206,-33.76179537256101,-0.2123383356764843
229,5,0.2221701489587875,1.2551597742811915,-29.61163325705965,-0.1645090736503314
229,6,0.3939802609865463,1.902370442785828,-66.8767227804714,-0.334383613902357
229,7,0.17386292981859,0.6905615417321568,-16.644567585050524,-0.1147901212762105
230,0,0.6571635993620163,3.705054137191321,-78.55739239890627,-0.5996747511366891
230,1,0.1656882354922016,0.6294256699198802,-18.068882471816305,-0.1165734353020406
230,2,0.2363181910045981,0.7781660738872775,-23.940865489797137,-0.1773397443688676
230,3,0.4044273228312415,2.469487763480436,-71.99634409803753,-0.363617899485038
230,4,0.3724428092583081,2.1816745904879777,-53.68936678806591,-0.2982742599336995
230,5,0.2967529513564875,2.842688608721096,-49.65695988890112,-0.2482847994445056
230,6,0.3696045336847733,2.173796649181217,-61.58697665574671,-0.3079348832787335
230,7,0.2626052704619425,2.951798488369495,-37.33259871985823,-0.213329135542047
231,0,0.7430209104099293,5.09274873266079,-99.9778376658209,-0.6895023287297993
231,1,0.2813446315876277,1.1686195097472245,-29.477041437425104,-0.2233109199804932
231,2,0.4993334455582059,2.1569402727707665,-57.0102878098466,-0.4385406754603584
231,3,0.5059640252910763,3.35684651175644,-78.73704495877979,-0.4577735172022081
231,4,0.5225774731147524,2.639042517335733,-76.45633013886291,-0.4445135473189704
231,5,0.2586631230519913,1.7060274797492194,-41.10754334557154,-0.2065705695757363
231,6,0.6355015051196824,5.306222108375367,-115.00006194475624,-0.5750003097237812
231,7,0.1450813060402827,0.6208766958190729,-19.31392261702433,-0.1000721379120431
232,0,0.9114336414114116,4.166384504891258,-114.24980026951124,-0.8526104497724719
232,1,0.5039895035374944,4.548738945131837,-62.94698227481278,-0.4496213019629484
232,2,0.3232830201773418,1.6020575615176909,-36.7617881268552,-0.2663897690351826
232,3,0.4185937683127737,3.706857763729625,-72.99419263569924,-0.3762587249262847
232,4,0.2985384558849592,1.3623665814500168,-38.22800975776092,-0.2209711546691382
232,5,0.3337124099287482,1.9820291612770329,-40.46767304451789,-0.2662346910823545
232,6,0.5632065078393373,2.4155921311042303,-99.85219997749756,-0.4992609998874877
232,7,0.333166877207711,3.6025345799325605,-43.998060495440775,-0.2784687373129163
233,0,0.9324928551063272,5.684846171028573,-116.11362827428596,-0.8730347990547817
233,1,0.2210344332856994,0.8698202967027858,-17.12757888279079,-0.1529248114534891
233,2,0.4727929495374828,1.9819067128439,-55.25103126909848,-0.4123211288738692
233,3,0.6255123110699875,3.4313808377282893,-101.1933063963308,-0.5782474651218904
233,4,0.4940651551430702,2.689749876714397,-76.87443803568294,-0.4200788963698521
233,5,0.2191115505922504,1.4353477500868488,-27.54223957519581,-0.1592036969664498
233,6,0.5715596433587663,4.198041361434576,-103.59303095891327,-0.5179651547945664
233,7,0.2608667722026353,0.8000352669662788,-22.09582277376182,-0.1872527353708629
234,0,0.974852696712009,5.495139033129803,-129.38490696540646,-0.9176234536553648
234,1,0.4266563445899428,1.1629792170589888,-35.481318464695896,-0.3513001828187712
234,2,0.514773032212601,2.607620586036474,-61.47125887185637,-0.4553426583100471
234,3,0.4725966481570435,3.545487822061241,-79.25400702186639,-0.4284000379560345
234,4,0.358029610465866,1.5992199622312364,-40.731038484265305,-0.2697419767169888
234,5,0.2100531006504969,0.8449103026046907,-24.474065020630984,-0.1474341266303071
234,6,0.5057236974672297,2.8259608994148184,-88.2182810414472,-0.441091405207236
234,7,0.5048018270297459,1.8686647506863805,-51.58955032952182,-0.4335256330211918
235,0,1.17803473764526,6.464640668649934,-148.70824078516023,-1.1181070735726333
235,1,0.1592319458189319,0.6437847579808097,-13.665018159276796,-0.1019777474572895
235,2,0.2749555328409638,1.4988662394717476,-30.021740749235335,-0.2175488460089517
235,3,0.351148751415151,2.8303469617970767,-58.99605848587628,-0.3088798873606088
235,4,0.4098323196974724,1.6524035509016428,-52.2273474165449,-0.3264209213534056
235,5,0.2512242455608244,0.9693934808801764,-40.02974905974765,-0.2001487452987382
235,6,0.6227240486017216,4.156779225818162,-111.6093534620292,-0.558046767310146
235,7,0.406556953533565,2.38497889775532,-43.418609616670565,-0.3392078876302388
236,0,0.7417075703727012,4.722134381334871,-87.18623356084998,-0.6811424496941405
236,1,0.3190025079413643,1.2841881288206851,-29.19587888164577,-0.2538772076664849
236,2,0.3400912028349845,1.215044859822955,-35.53879157180184,-0.2776468091547018
236,3,0.3885870744802495,2.549337844262811,-66.87957913402654,-0.3465263167566142
236,4,0.5030508469266828,2.166513125182763,-63.797383051701885,-0.416976359815045
236,5,0.2329673769558564,0.828128821709169,-29.70548831728442,-0.1727063274260722
236,6,0.3609473437808632,2.287097871756902,-60.73566797333498,-0.3036783398666748
236,7,0.4287522707642928,1.5115574756912682,-42.955636661004895,-0.3579636388417074
237,0,1.0170863197596425,6.621417275591714,-130.40485635554347,-0.958859237908408
237,1,0.235857140343349,0.9312303699103588,-20.57754828665296,-0.1729205738374198
237,2,2.6492648844957856,11.294310302194807,-487.2350894338492,-2.591676007626857
237,3,0.452858494376708,4.430262864412901,-73.84500779667428,-0.4079834684899132
237,4,0.3642738090137779,2.99053874184671,-51.12576512426107,-0.2888461306455427
237,5,0.2477194282541674,1.9618584052077408,-29.72416291738476,-0.1834824871443503
237,6,0.2259715670252719,1.4223399034764068,-33.914762508404344,-0.1695738125420217
237,7,0.2865600878090162,0.9727518907434448,-23.46295816458859,-0.2094906978981124
238,0,1.1364716689895673,6.420790009580769,-130.66920184353023,-1.0710590315043462
238,1,0.1604406883160715,0.5523863435573391,-15.313897760465148,-0.1070901941291269
238,2,0.7724755032359749,2.7947855523225766,-82.15948192121652,-0.7022177941984319
238,3,0.472836363680844,3.181911829124081,-72.6950446784406,-0.4251172203417578
238,4,0.4233175410553732,1.9505466424122464,-58.627011179411696,-0.3448647716435982
238,5,0.4470158334915133,2.3326424878130245,-66.48999719872018,-0.3865697511553498
238,6,0.3806610042591445,2.5217742913497423,-64.84155799468135,-0.3242077899734067
238,7,0.275716981661048,0.9667451748511472,-25.763665878906703,-0.2061093270312536
239,0,1.1879548533256754,6.820132411825036,-156.99043719033617,-1.1294276056858716
239,1,0.2129370063854972,0.963569903848167,-21.582121736040644,-0.1575337352995667
239,2,0.4687211356282185,2.495246851466724,-46.71020489573116,-0.3992325204763347
239,3,0.4155051108249837,2.1584354132250323,-61.73201179652924,-0.3674524511698169
239,4,0.6007081407721682,4.343905816997369,-89.31347733800169,-0.5223010370643374
239,5,0.254024393904067,1.1957242855512271,-36.39308086128141,-0.1977884829417468
239,6,0.5152676689362312,3.634274363314133,-92.19526332851864,-0.4609763166425932
239,7,0.3821279953298794,2.2277846182742955,-46.48866826401515,-0.3228379740556608
240,0,0.7738261823704093,3.895884753017481,-91.3038320768579,-0.7133111881004524
240,1,0.1689970546753096,1.0007257499391469,-18.921302305892592,-0.1205178490821184
240,2,1.7385427714435973,12.584295580544609,-265.21111063394005,-1.678551333126203
240,3,0.3991205414503532,3.1223392012289146,-65.70579563411225,-0.3551664628870932
240,4,0.4133309367114297,2.3284402249038343,-56.41102612561331,-0.3337930539977119
240,5,0.2812003958236134,2.215703472764086,-45.60958788364574,-0.2291939089630439
240,6,0.97319491191119,6.680253083961208,-182.7786245798556,-0.913893122899278
240,7,0.2065493239429416,1.5879858738105528,-24.21286155566129,-0.1522821481488131
241,0,0.757049678621231,5.435251777105747,-100.4715549668922,-0.7025982864817637
241,1,0.1210007784912827,0.3557952765029952,-15.027011022091797,-0.0803583477117208
241,2,0.3104855914059163,1.5858179517956468,-31.097986786112035,-0.2468094189373971
241,3,0.2319785415217189,1.6258306801514733,-39.392134158107005,-0.196960670790535
241,4,0.6372729692719729,3.5377593020169837,-98.02271555279964,-0.5601298031588552
241,5,0.2319643934561457,1.0473187648070534,-30.9707120426367,-0.1739927642844758
241,6,0.6028607331342678,3.6158189828602647,-108.75524517160956,-0.5437762258580477
241,7,0.3502404027008876,3.368475989187816,-45.412874796089824,-0.2948887973772066
242,0,0.7053291880289153,4.534805191030342,-91.09983602168582,-0.650713114440613
242,1,0.2271078820856886,1.0359301615531242,-22.21606656305709,-0.1695882943744816
242,2,0.4026475102021971,1.2375797722927748,-57.51509586088234,-0.3528533488397689
242,3,0.4537115340757864,2.638192501479204,-75.23007128820922,-0.4088590830880935
242,4,0.3801183665391234,1.7509163873159364,-46.71266006157752,-0.2956497472251742
242,5,0.3034126494989282,1.6510306185314512,-44.86029349661225,-0.2464851291022651
242,6,0.512407911926183,4.207156299774077,-89.39521107676772,-0.4469760553838386
242,7,0.2949074756576076,2.700489572941715,-43.26871819059891,-0.2458449897193119
243,0,0.6800784697855567,3.597526069541873,-86.17782883222132,-0.624477020523343
243,1,0.1342658870143212,0.5329239524605052,-18.07771553757109,-0.0946477253275973
243,2,0.4146823208985752,3.1640596878560623,-44.54934700981693,-0.3507822599198184
243,3,0.924664639027274,5.940217183789627,-159.67091141072743,-0.8773127000589419
243,4,0.3816216082036096,2.001757193823597,-47.30534924194349,-0.2975179197606509
243,5,0.2554127569939958,1.3496477201091348,-31.922678816241262,-0.1934707807044925
243,6,0.454465938599736,3.122432092918708,-79.13231371142878,-0.3956615685571439
243,7,0.1621055428093723,0.6377906555249433,-15.381888186775356,-0.1039316769376713
244,0,0.994453472335232,7.592673614140843,-127.37066448042404,-0.9365490035325296
244,1,0.1190964489656513,0.6504853885837163,-15.685797755883131,-0.0804399884917083
244,2,0.3918732341945217,1.5783325267198234,-43.63348101194459,-0.3305566743329136
244,3,0.4077702226126214,2.0695615345915974,-59.19016829586501,-0.3587282927022122
244,4,0.4289574794707904,3.448536237850178,-58.30758317711759,-0.3491472046533987
244,5,0.3293853364109871,1.3357787025368042,-46.32085749500608,-0.2693073110174772
244,6,0.315931087052571,2.013171695699519,-48.87234254566899,-0.2468300128569141
244,7,0.1942143393424419,0.6849957163447793,-19.29207204440826,-0.1339727225306129
245,0,0.7429663606690383,5.111345930815657,-94.81667946037982,-0.6870773873940567
245,1,0.169229573531168,0.5670982304805467,-19.30112054057553,-0.1213906952237454
245,2,0.3327080521773405,1.7085489624898396,-35.5619311993407,-0.2714651236590893
245,3,0.5274338200166284,3.8035078502356576,-82.96275974625456,-0.4795535245448241
245,4,0.3619914018840592,1.6015110234607384,-45.20183398970702,-0.2790236666031297
245,5,0.1674384586183779,1.0915200799938485,-20.865663756766,-0.1115810896083743
245,6,0.3528636710095099,2.0157733094490284,-57.86915547634186,-0.2893457773817093
245,7,0.544112883311199,3.141673126521729,-67.00695370053458,-0.4820644151117595
246,0,0.6644684353925712,3.626055096634221,-81.33614653996727,-0.606986168208711
246,1,0.1181038928402486,0.4256982688513213,-10.25956355699197,-0.0679441295165031
246,2,0.471745183458762,1.7647021280735855,-53.24711665481605,-0.4095932050370465
246,3,0.3426944103867892,3.2492577096119977,-60.14788400429789,-0.3022506733884316
246,4,0.4957620689124732,1.945561349575132,-70.302761166026,-0.4159926696214556
246,5,0.3410792506370774,2.00915752102166,-46.94795824334943,-0.2794521324008895
246,6,0.3456216861366413,2.368733352258442,-57.349813128690165,-0.2867490656434508
246,7,0.346317399314538,2.898226933173488,-40.52697639419228,-0.2854012422126217
247,0,0.9317359883563816,4.959737056929173,-113.32946459320226,-0.871765112255402
247,1,0.1729609759296709,0.614633173320849,-17.501407181080324,-0.1206993598695194
247,2,0.5422880443743243,2.1660339825730754,-67.22554500959508,-0.4836370144575185
247,3,0.4812216152025643,2.9627448879086606,-77.87263562924683,-0.4350426571466303
247,4,0.4278986316985826,1.82910376712606,-57.1825679008341,-0.3465610175808127
247,5,0.2164344314857622,1.2556956411689897,-21.367070183029128,-0.1453542189321709
247,6,0.4343263007977102,2.87874892700396,-75.30501038500041,-0.3765250519250021
247,7,0.5287606474610912,3.4283789904379307,-58.16876838775651,-0.4616568919663215
248,0,1.12062577610134,7.0099885951363445,-148.89700749246765,-1.063550053517626
248,1,0.1958564477822639,1.2474011526065891,-19.8966768962076,-0.1421191206871971
248,2,0.4099669377982721,2.316294110458658,-47.233816639171664,-0.3498801232531234
248,3,0.4078981572089319,2.463102568799726,-67.38136525089801,-0.3642235959508
248,4,0.2915739418055478,0.9057662473244644,-32.881613457898666,-0.2068026003641425
248,5,0.1579536469657766,0.6369112211512022,-18.971660991405685,-0.1019981773731488
248,6,0.3758487936448916,3.001767041224713,-63.06820549644584,-0.3153410274822292
248,7,0.2956480525831533,0.8028633122245168,-24.764079293290397,-0.2191511441884105
249,0,0.7821340751302973,4.231524821698423,-103.32707359434978,-0.7276554478475337
249,1,0.3757857170644311,4.25167462754618,-46.17599176925606,-0.3229090333514409
249,2,0.6864362700574868,4.00321324830945,-79.67935114354071,-0.6224949308089118
249,3,0.7392554606050409,6.237096479525994,-122.31717704312,-0.6910574974187571
249,4,0.4121645446445667,1.7506908821214862,-47.675767217329295,-0.322133562279252
249,5,0.251894955196112,1.2461453233930426,-31.40827801544485,-0.1892064940689448
249,6,0.2964716372122719,3.487984018646461,-47.26808540458989,-0.2363404270229494
249,7,0.4102421704935995,2.120263575390233,-47.63924251719365,-0.347731697205793
250,0,0.908955013599077,5.535028060643403,-114.87310161866948,-0.8509118638419961
250,1,0.155879392814264,0.7937517675279969,-14.43480041647926,-0.10237447103886
250,2,0.4435412029707476,1.9959973649756984,-54.07640224613728,-0.3862600160438377
250,3,0.2096524411335874,1.9753723930666744,-32.4921818996494,-0.1683532740914476
250,4,0.4044737246459302,2.490937254633441,-59.51243600250929,-0.3306246444583849
250,5,0.2531181402780746,2.4967474837485293,-36.21805843817297,-0.1968372741205052
250,6,0.316743175057365,1.8317811633967371,-49.11555271650703,-0.2480583470530658
250,7,0.1571857964854564,0.5884998934404967,-15.214261300882702,-0.1000938243479125
251,0,0.9366190239298252,7.196123467704749,-121.34191151422267,-0.8792892138711788
251,1,0.2719504858411559,1.5173998813648066,-30.176113803518597,-0.2170943439102057
251,2,0.268380691964961,1.7313269448620623,-33.67363101827651,-0.2172492323759774
251,3,0.3035454220576501,2.100559099814532,-50.16927640446796,-0.2612983146066039
251,4,0.3639057154704044,2.89725684103846,-51.30063298530928,-0.2882058032882543
251,5,0.2337078734036524,1.6114697215105287,-33.16396532058497,-0.1783008888203493
251,6,0.4046378739427194,3.674264570294805,-68.32617526896902,-0.3416308763448451
251,7,0.2103266521807362,0.9001749800355755,-21.037974614141923,-0.1492054937173186
252,0,1.0564624995645897,6.629209667612106,-148.3672707707697,-1.0024815592619574
252,1,0.3266420862934876,1.6788409058191491,-39.12170275637326,-0.2735783409536592
252,2,0.3791915217989645,1.7600499511816978,-45.0890832180431,-0.3220648801288793
252,3,0.3139669960967425,2.544395384372783,-52.87719237327663,-0.2725628472849311
252,4,0.3353317504549005,1.7086833947884998,-47.90936129445007,-0.2617997884942626
252,5,0.2128301039777567,0.8558150456681424,-24.546398733136517,-0.1496731630069299
252,6,0.437286766100168,3.788583439339095,-75.56799441192953,-0.3778399720596476
252,7,0.4364354668948629,2.8430662236698856,-49.03199202395854,-0.3714544850299889
253,0,1.1657115833475082,7.679826436587692,-154.01621181147772,-1.108030300801998
253,1,0.350798906459705,1.8058053710410469,-44.044462925103474,-0.2996221967694114
253,2,0.3557580824998442,1.8025785393837157,-41.10792924785191,-0.2978835452742892
253,3,0.2366392924325181,1.3697687917455923,-38.18626961728323,-0.1958270236783755
253,4,0.2889712553466327,1.3923423261212715,-40.53357276059024,-0.216757073586044
253,5,0.2540807154160083,2.3317535395798656,-35.2292561647379,-0.196811486953843
253,6,0.5267989765944606,3.47307690637456,-93.3886990834324,-0.466943495417162
253,7,0.2636964413334249,2.1582856058696525,-31.27000874081459,-0.2070861506014211
254,0,1.405330771713592,7.196643835543961,-189.9534726175686,-1.3471877490607702
254,1,0.2501851543738713,1.0982759840353196,-30.230232763223995,-0.2002002169749933
254,2,0.2201311698727865,0.9802271784592832,-23.488756671658777,-0.1642570396619495
254,3,0.2429855775214777,2.494194954073559,-42.38567358681118,-0.2119283679340559
254,4,0.2735637054669599,1.624220610543123,-36.87138909298828,-0.2003879842010232
254,5,0.1412113880765971,0.5766441991652101,-17.40384212826409,-0.0883443762856045
254,6,0.4701622052166188,4.4828433288185465,-80.62714281345629,-0.4031357140672814
254,7,0.2795604671680129,2.048901716676518,-29.781381724173816,-0.2173823483516337
255,0,1.1251029196121292,6.747405600003696,-149.58172703904663,-1.0684409074217616
255,1,0.3389928557445022,2.1627340342222645,-39.930520619841154,-0.2852180044274368
255,2,0.4008100202544772,3.1801538187982388,-46.10313215374588,-0.3415046826203398
255,3,0.3405058708144603,2.4814618600357328,-58.36864536836319,-0.2993263865044266
255,4,0.5378340961189673,3.885538367994151,-82.76083777157822,-0.4623510490032303
255,5,0.1458172342840886,0.5826686672716443,-19.02698151772696,-0.0951349075886348
255,6,0.7616339313374136,6.03517118050159,-138.92940102997844,-0.6946470051498922
255,7,0.2568416645625859,1.2539806988411053,-23.7826255940638,-0.1887509967782841
256,0,1.3931514877916855,7.619362097540207,-196.49950344628724,-1.3367313159611376
256,1,0.3349273228607116,1.9544556500758783,-39.69959586390566,-0.2815574174745082
256,2,0.3220611692298051,1.878459011592672,-37.15119823372097,-0.2653657016694355
256,3,0.2851776901754136,2.1315819100317595,-48.49139195191878,-0.2449060199591857
256,4,0.3323021981676408,1.4383885870954782,-41.797482048994205,-0.2517920605361096
256,5,0.281587712219389,1.3913940049562028,-36.99794037576783,-0.2202258355700465
256,6,0.5345854734045477,2.482672893338818,-93.54511784123817,-0.4677255892061908
256,7,0.1657873105994932,0.974935617569148,-14.223663720670068,-0.1030700269613773
257,0,0.6141690603129331,3.468742498886775,-76.5379339455605,-0.5586710506975219
257,1,0.3404314855898804,1.7405642602570546,-39.80063598872715,-0.2863355107102672
257,2,0.3704409995992981,2.598662239143222,-42.44552778049657,-0.3120994689742394
257,3,0.4920259590797114,3.3570449430091864,-85.31441462405513,-0.4490232348634481
257,4,0.3646849849771337,1.5893131485037812,-55.54303739341391,-0.2938785047270577
257,5,0.1854482876043615,1.226963283722104,-22.8444054840986,-0.1276223770061374
257,6,0.6656403796457221,3.431955466285263,-114.8975469997672,-0.595324077719001
257,7,0.2632362056199845,1.2264649062440771,-21.553474480227106,-0.1874215172193661
258,0,0.72417884198877,5.1584082969468765,-95.018634121066,-0.6691453107117324
258,1,0.3023240633657376,1.60282061616516,-35.08559098953572,-0.2488339786491895
258,2,0.6689720838866594,5.969275176723073,-92.0738966087487,-0.613825977391658
258,3,0.2230424083707879,1.196115048984275,-32.88722202410948,-0.179711595760161
258,4,0.2204287868647535,0.7942354523050097,-22.03981850136346,-0.1368932826171643
258,5,0.2353138938699741,1.5042569522708669,-33.88140841633838,-0.1802202575337148
258,6,0.4030383404435987,1.9842770518165684,-67.30141177876536,-0.3365070588938267
258,7,0.3144467411760709,1.190896014144991,-32.93564974932789,-0.2495124981009688
259,0,0.7705259684601712,5.269021998096078,-113.90794654303362,-0.7209363705255292
259,1,0.2614668823230316,1.681799691418367,-29.355679366641542,-0.2081963075648336
259,2,0.4976016284699333,3.7251505289790674,-70.13246595085798,-0.4467036047825349
259,3,0.4765263010797593,5.399546369689034,-82.36640255419006,-0.4335073818641582
259,4,0.4170750648133689,2.210394422088392,-52.46564355704895,-0.3320610351711959
259,5,0.2487289564316014,1.2385316432580358,-31.52724881657824,-0.1876621953367752
259,6,0.565877419431574,3.3298812962710644,-93.48753504064322,-0.4946430425430858
259,7,0.2736914520562459,1.3624684094811796,-27.61739771634697,-0.2092227099723255
260,0,0.5339878787428644,2.892512410554597,-62.97819544827839,-0.4771075412748362
260,1,0.2480754171468095,1.1210324141141004,-21.34397286765414,-0.1824271185269584
260,2,0.3111437364423847,2.1934975757808584,-34.86266790671726,-0.2526280283095454
260,3,0.2035522295646231,2.5756653942845342,-33.34028443121563,-0.1667014221560781
260,4,0.2770322931901089,1.161206362364512,-33.15155710621324,-0.1973306970607931
260,5,0.1939470000762055,1.3473428267098166,-24.18775818615042,-0.1358862819446652
260,6,0.5841483206720178,6.290618812816358,-105.7571775103894,-0.5287858875519471
260,7,0.5809887548244996,5.36571604737244,-84.18760248729097,-0.5261725155455685
261,0,1.086855732718002,7.40482418012463,-140.99046238372384,-1.0291274626549185
261,1,0.3175603623516324,1.8110282732122125,-36.90823916708669,-0.2636302797649049
261,2,0.3123583212868665,2.0696641164202965,-35.82854473705553,-0.2559181766932538
261,3,0.3398729275920401,2.9645692717169725,-60.559934183397296,-0.3027996709169864
261,4,0.3809011360604998,2.65164674854948,-56.65886575654527,-0.3079286182420938
261,5,0.1552823988942461,0.7190585836439407,-19.42247467011313,-0.1011587222401725
261,6,0.6685320809700173,5.533535697151698,-120.46772429726492,-0.6023386214863246
261,7,0.322531565182565,2.2165230666797706,-37.97232006069685,-0.2636966670881726
262,0,1.0764626037849565,7.203467667912605,-140.5498200594797,-1.0184769569527516
262,1,0.2559519085613777,1.6544654773070002,-24.731334408502985,-0.1962804318135157
262,2,0.4192477670952054,3.478963488685563,-50.3210069212682,-0.3620216325271093
262,3,0.3671311269464042,2.0338662065364854,-57.96949685615253,-0.3220527603119584
262,4,0.5176328155779737,3.7541031662110536,-84.37336858473684,-0.4464199396017822
262,5,0.263929407003608,2.0054083943242023,-37.69419766613721,-0.207110976187567
262,6,0.3337768939691777,2.2638191368616822,-54.97761517565612,-0.2748880758782805
262,7,0.2520749858519928,1.083032139079859,-24.691924206151604,-0.1870600318647848
263,0,0.5304698205658174,2.4634420094009326,-59.94664904391086,-0.4720208586134713
263,1,0.2286546478746638,0.9735146769289466,-20.62378037509989,-0.1676730111796739
263,2,0.4276013941556363,2.6757699363383765,-56.09119108428454,-0.3739412738952302
263,3,0.2492385792679883,2.590922417295732,-42.145655630436885,-0.2107282781521844
263,4,0.5010787500511463,2.244472661232477,-78.32682604132135,-0.4280154428487506
263,5,0.181470860262728,0.9836542665776687,-17.86137199301752,-0.1144959743142148
263,6,0.2903723557277697,2.7298760329377774,-46.19659696358212,-0.2309829848179105
263,7,0.1833210732966381,0.8890533752707975,-22.02020486387914,-0.1318575141549649
264,0,0.7370844395187123,4.3099994622730975,-103.5809021802736,-0.685966239604461
264,1,0.2879593971203175,2.1476027438004985,-26.72747805905153,-0.2246006559584162
264,2,0.3965399065791537,2.572413327713317,-44.78578412057975,-0.3367352189517274
264,3,0.3750735411397289,3.6702611455642753,-66.11190513358073,-0.3338985107756603
264,4,0.4012106754296193,2.152582957354502,-56.10143337035544,-0.3242857420251759
264,5,0.3472383315882875,3.075283195619478,-48.71308690626929,-0.2865475700368782
264,6,0.2698172489631922,1.7804003052958095,-43.35596393931442,-0.2167798196965721
264,7,0.1160060230962817,0.4133256623556708,-11.44695563993378,-0.0661673736412357
265,0,1.5397731889286932,10.57202020328211,-205.8660344280901,-1.4810506073963317
265,1,0.284508708909871,1.0135243781548449,-33.168139623190314,-0.2319450323300022
265,2,0.5473288755149618,3.5045544556969817,-68.06907232926433,-0.4897055563256426
265,3,0.2167096092537047,1.641058140781227,-34.974972613834964,-0.1766412758274493
265,4,0.3266290192320977,1.5937154063666228,-36.60539527497499,-0.2392509495096404
265,5,0.3743864615625925,3.7354934467408554,-60.28627280690503,-0.3189749883963229
265,6,0.5729716885135282,6.243542963841983,-101.81420733353848,-0.5090710366676924
265,7,0.3357070721318882,1.9634376695020024,-38.4143772293894,-0.2743884087813528
266,0,0.4468572722004007,2.379428626789952,-54.25523627366737,-0.3931538860410679
266,1,0.2508016404191241,1.0732287430034753,-21.827877508320768,-0.1865630556266732
266,2,0.7041937348753621,2.7299327094455923,-84.15667667203216,-0.642417379175818
266,3,0.191129987873838,2.431586577375052,-30.69509373291409,-0.1534754686645704
266,4,0.3023367711742632,1.399832363119615,-34.72667451227466,-0.2184067579388343
266,5,0.2714149771043963,2.3744280017276163,-33.069146860895685,-0.206682167880598
266,6,0.4906472399236856,2.558798275732974,-86.40582852076346,-0.4320291426038173
266,7,0.1920161004436432,0.675389116916237,-16.862750286930282,-0.1267875961423329
267,0,0.773186770747296,4.044602059970663,-105.09912108964252,-0.7198569937646748
267,1,0.1986403049624546,0.8488009643630469,-17.427331735658775,-0.1383121566322125
267,2,0.454065048113656,3.5554563302778552,-54.734805907669774,-0.3966290283164476
267,3,0.4189990727622718,3.1585928287103817,-66.84467714576517,-0.373433950535001
267,4,0.3728770475249387,1.3080409486470397,-43.64776853155748,-0.2852795328859965
267,5,0.2535310391472328,1.3750944119164357,-29.446500021994872,-0.187557324980859
267,6,0.3440208250659901,3.000564259511719,-57.36729327872577,-0.2868364663936288
267,7,0.2080115241396188,0.668356605671232,-17.3850605919901,-0.1390804847359208
268,0,1.163557777039267,6.357457513111678,-144.47186040989016,-1.102838629083131
268,1,0.1250107910919187,0.5024547853929554,-9.653266069225996,-0.0699512034001883
268,2,0.7201002473101127,3.982845083214445,-89.64160793940577,-0.6591294701426895
268,3,0.3691786235528664,2.789064863955589,-61.25194727815498,-0.325808230202952
268,4,0.2824235551197547,0.8421834354270344,-32.26302975022715,-0.1991545046310317
268,5,0.2960663327631949,1.2393723994870205,-36.8103001012317,-0.2315113213913943
268,6,0.4274196481728924,2.1763198271675206,-73.23913567626573,-0.3661956783813286
268,7,0.1496241195446561,0.676328436582992,-13.6243045529449,-0.0914382855902342
269,0,0.583305496404499,3.6195352801192775,-71.73641512133229,-0.5274736405980315
269,1,0.1756853037553199,0.671902994457679,-15.726945790935192,-0.1182477127137984
269,2,0.3800826400453146,2.1628034966174745,-37.4596776799483,-0.3121639806662358
269,3,0.2868558588986122,2.608494506304602,-47.68990278017259,-0.2458242411349102
269,4,0.3033511284019712,1.7820021582687262,-37.61960975304209,-0.2239262485300124
269,5,0.2645996996309216,1.852919003203312,-37.08772978545687,-0.2071940211478037
269,6,0.3669556780119203,2.9637587135631045,-61.84440585854927,-0.3092220292927463
269,7,0.317391232885982,2.386352709128201,-39.60003645423126,-0.2605265556199425
270,0,0.9693360529607374,5.856263836483257,-133.63194412062194,-0.9152872884974106
270,1,0.1023770515294699,0.4277935696625743,-11.80789049531389,-0.0624756110863168
270,2,0.2571175673746366,1.4730230180681672,-28.67196838595668,-0.2019152703236385
270,3,0.342852688127504,3.787095517734017,-59.1463930261936,-0.3017673113581306
270,4,0.2783714477998924,1.4703656392480124,-39.302218092577775,-0.2079482438760728
270,5,0.2893458179964127,1.982736046319881,-44.89512220273302,-0.2350529958258273
270,6,0.4168838888308237,3.2220360288066536,-71.26202110778759,-0.3563101055389379
270,7,0.1704500120610527,1.1293875834270015,-20.418597794019483,-0.1201093987883499
271,0,1.109016571361056,5.471765211035823,-148.37528132055436,-1.0523069597202437
271,1,0.2644440568206279,0.7136122387426606,-24.73309820540504,-0.2027303131590577
271,2,0.4742799337880633,2.681755945772778,-60.806508294784415,-0.4193552296192028
271,3,0.4548074644557685,3.6829623717729048,-73.72753414228177,-0.4095974119015654
271,4,0.3259232681767298,1.3512009171731696,-45.58429981658984,-0.2518469603126511
271,5,0.2303188897879286,2.354431762139482,-36.38444538838824,-0.1819222269419412
271,6,0.4419994884085538,2.52612079233536,-73.97103044492908,-0.3735910628531771
271,7,0.1388175583983507,0.5317274888151878,-16.14716337798287,-0.0907144009999037
272,0,2.1692849752368986,12.90930757256486,-308.0522084961476,-2.109946633535257
272,1,0.3636592790062257,2.0328599312615325,-40.37012037068404,-0.3058342452324548
272,2,0.4565965323324467,1.7098682283730615,-47.81090247525683,-0.3918926432398101
272,3,0.5013767440422563,3.9993961317773303,-89.0685326511814,-0.459116147686502
272,4,0.4925950635875052,3.731452942165928,-72.24757101734508,-0.4152159253870407
272,5,0.1392569333282583,0.8972436924708519,-19.2041990078113,-0.0960209950390565
272,6,0.5836034803682401,4.535517895172352,-104.59582278608816,-0.5229791139304408
272,7,0.2400180450601101,1.284959254575908,-30.70509507180108,-0.1872261894622017
273,0,1.1248238436382556,5.897442962824214,-149.42358424006312,-1.0673113160004508
273,1,0.1683016289787464,0.6965545731748054,-14.665877805736912,-0.1111051348919463
273,2,0.5806900646921712,4.364742739097077,-72.68780284922451,-0.5229338334476583
273,3,0.4640709845306899,3.073045037842731,-75.29776542822002,-0.4183209190456667
273,4,0.4362022856023438,5.069951016459645,-74.4997542467143,-0.3724987712335715
273,5,0.1252606093516907,0.5648285928094036,-16.795208947546513,-0.0839760447377325
273,6,0.4576571695055443,2.9285388634291776,-76.61634629162764,-0.3889154634092773
273,7,0.2692015216621486,1.102400261787494,-30.432750625304912,-0.2098810387952062
274,0,0.981509718979526,5.95293156890825,-129.52177613431118,-0.9251555438165084
274,1,0.1993822695798179,0.7989891753887219,-19.73242225618528,-0.1440322792422283
274,2,0.2447156977083404,1.2030918022600403,-28.417931609711864,-0.1907243732195427
274,3,0.4476230368214228,3.431434506666927,-71.53273249202346,-0.4018692836630531
274,4,0.2849436046382561,1.2424078651161532,-33.90250048701117,-0.2042319306446456
274,5,0.1286793709516927,0.8303603225038892,-16.15220644533681,-0.080761032226684
274,6,0.3901014924104006,2.170663265333564,-64.82742309161229,-0.3241371154580614
274,7,0.1605681566056573,0.8579201086882612,-17.30718074965274,-0.1074980170785884
275,0,1.1847916942315826,7.801260901113788,-164.7952809046879,-1.1287348007170404
275,1,0.1227913337398569,0.5610003703650881,-12.18242735109578,-0.0756672506279241
275,2,0.5467750624177216,3.5662437867076893,-60.80075001781738,-0.4825456350620427
275,3,0.412266477118075,2.97845850535804,-68.9497152917384,-0.3687150550360342
275,4,0.1779806606725097,0.7119327957947473,-23.6934550350536,-0.1184672751752679
275,5,0.1109279288580236,0.3907815249336279,-13.631577479517764,-0.0681578873975888
275,6,0.3042160729168579,1.6484605008830353,-48.84977460387739,-0.2442488730193869
275,7,0.2406458104602706,2.489586866525844,-35.45372699659939,-0.1937362130961715
276,0,0.6376353473460439,3.774243299479709,-79.61619326699848,-0.5811400968394049
276,1,0.1984377223694747,0.7762276363464881,-20.03213838618901,-0.1441161034977627
276,2,0.3677792053652626,1.9310163434059944,-40.87052430143945,-0.3072971751987928
276,3,0.3499679859327414,2.506366990018956,-59.41725857593028,-0.3078614433986024
276,4,0.2652419016032953,1.0326939499023944,-30.01581434932055,-0.1830232582275643
276,5,0.114159131711976,0.6780631979746815,-14.565388563666962,-0.0728269428183348
276,6,0.3963390437443387,3.607800251986997,-66.41073967277049,-0.3320536983638524
276,7,0.3263972363904527,2.9715731984026177,-42.29804643017725,-0.271141323270367
277,0,0.6199262949679426,3.52281967807082,-77.92429110275395,-0.5646687761069127
277,1,0.1364578454612169,0.4022338656179883,-14.703349311830731,-0.0902045970050965
277,2,0.5904243507261477,3.4004281846345927,-70.95465997216296,-0.5295123878519624
277,3,0.791803244676032,4.872335118082467,-131.00284360477036,-0.744334338663468
277,4,0.3369289120060696,1.4450343621283512,-40.41249908351772,-0.2525781192719857
277,5,0.2427463221488539,1.9048982866956448,-32.9492785407629,-0.1851083064087803
277,6,0.3899256152257371,2.974580653395245,-65.45784719746868,-0.3272892359873434
277,7,0.2564750964539007,1.332909793925224,-29.397382826300063,-0.198630965042568
278,0,1.303863854586878,6.695135952030818,-188.5163797855849,-1.2484528462621518
278,1,0.1478661713694604,0.5088759376942064,-13.452264738639231,-0.0947342587228114
278,2,0.3757684224076442,2.1865469181888404,-40.59551969708503,-0.314693951140194
278,3,0.5415736504002291,3.733622789745633,-89.84260464013177,-0.4963679814371921
278,4,0.4791712917904126,3.067697707271529,-70.90085581118727,-0.4028457716544731
278,5,1.2397491013886952,9.851299305982684,-213.98160093156227,-1.175723082041551
278,6,0.3601225894312814,2.0555860460965887,-60.47829598726154,-0.3023914799363077
278,7,0.3335435837902566,2.527641163987382,-45.462766589526126,-0.2806343616637415
279,0,0.5775830417462754,5.283797956252502,-77.26445102510242,-0.5256085103748463
279,1,0.1320882503541535,0.4535741658749992,-19.84135722487619,-0.0992067861243809
279,2,0.5402764977849523,3.2736559043722258,-61.183076273427325,-0.477992783386151
279,3,0.6116473507923347,3.77905812183068,-96.31120596653896,-0.5632234267049062
279,4,0.2664440409984535,1.2907520484565274,-34.17470340333604,-0.190920130744894
279,5,0.3831435380210468,2.0126701852891724,-56.68008437248079,-0.3238861964141759
279,6,0.3268791973912592,3.00819675719024,-52.61004059419356,-0.2630502029709678
279,7,0.351771003034859,1.6982071807960184,-44.937379344823874,-0.2956406535843676
280,0,0.3644867596180474,2.231397128516306,-43.27097117840482,-0.3113019509237757
280,1,0.0937951394277989,0.3269608261774307,-10.949155376163697,-0.0555794689145365
280,2,0.361092178486629,2.7822310364716016,-45.85021368405892,-0.3077195549265699
280,3,0.1663152508069037,1.6005202694749183,-26.73359645167035,-0.1336679822583517
280,4,0.2050532427455718,2.850331171875113,-29.9828283246676,-0.149914141623338
280,5,0.1156440788297824,0.3646881500409632,-16.344396008012424,-0.0817219800400621
280,6,0.3269413045631555,2.192083098750821,-53.88589767276943,-0.2694294883638471
280,7,0.0982211166723752,0.3908530660190434,-13.032745886985229,-0.0651637294349261
281,0,0.826843079913588,5.211599576607124,-101.42910611236998,-0.7684023190331059
281,1,0.0922508399404037,0.413123842515305,-12.39865644558629,-0.0619932822279314
281,2,0.1931072060381756,1.0162696641132052,-18.54284509970565,-0.1353492343044208
281,3,0.172667464430365,0.8882857132289156,-27.72223144110537,-0.1386111572055268
281,4,0.2901492549043905,2.9792049393787248,-43.750186712177445,-0.2220821660516621
281,5,0.1835770479178872,0.5958627344227995,-25.338643045081128,-0.1299417592055442
281,6,0.2212591088466113,2.337186720757547,-34.00299694304019,-0.1700149847152009
281,7,0.0921879577616844,0.434625898287852,-13.531721769294055,-0.0676586088464702
282,0,0.6224575181643962,3.4907625809252703,-78.94237070867344,-0.5679307245228304
282,1,0.1180775176975868,0.387889917417246,-18.324612676973494,-0.0916230633848674
282,2,0.2728160965812757,1.4553933071681764,-31.60739335359116,-0.2179820231282149
282,3,0.1951516556246056,1.3895029998815394,-32.134258843340604,-0.160671294216703
282,4,0.3548078842668879,1.8180762804417503,-45.45501804963377,-0.2738254099375528
282,5,0.3777762882517407,2.9078376566993445,-56.14718981320898,-0.3190181239386874
282,6,0.2003440845835169,1.2020154420541278,-31.047249528406955,-0.1552362476420347
282,7,0.0882437926143059,0.5420858753257995,-12.872123507127704,-0.0643606175356385
283,0,0.590481907312208,3.8098089275665976,-71.56795219151886,-0.534089195459096
283,1,0.1223316676856764,0.5305936371204016,-15.711396466892712,-0.0826915603520669
283,2,0.1341252351983514,0.5561696382571037,-14.53324982144479,-0.0870254480326035
283,3,0.2314419265839168,2.3449618333452213,-38.16545185900348,-0.1917861902462486
283,4,0.1689991408982279,0.7775937487821694,-21.551603691442686,-0.1077580184572134
283,5,0.4149917890140364,4.462013258887906,-70.41326990863911,-0.3610936918391749
283,6,0.2310769883274454,2.0596741387155157,-36.46056799988733,-0.1823028399994366
283,7,0.0971970533693208,0.4960921097636939,-14.460578904113827,-0.0723028945205691
284,0,0.5270400124405733,3.0491682766168444,-66.82067774489741,-0.4739055159212582
284,1,0.0877448646298522,0.2679254758952051,-10.822488742740695,-0.0541124437137034
284,2,0.2155847668640097,1.1778077981181063,-23.914975805971373,-0.1615876743646714
284,3,0.2030530438712741,1.53886705210559,-34.198399982912086,-0.1709919999145604
284,4,0.2453383459758802,1.222242370842741,-36.06483107179146,-0.1803241553589573
284,5,0.0938224072160715,0.280246729317671,-12.230681093523115,-0.0611534054676155
284,6,0.2425827064939218,2.212264340568149,-39.10853133556088,-0.1955426566778043
284,7,0.0827262183972177,0.3149387653687468,-11.07575769437632,-0.0553787884718816
285,0,1.337056144571673,9.154356376753938,-183.04079681480889,-1.2800055721315304
285,1,0.0896899881849585,0.3132187536337544,-11.503168911313884,-0.0575158445565694
285,2,0.2712520515995109,1.1126267656102262,-31.717523701124296,-0.2172433130213993
285,3,0.1522383412832693,0.7193763102706355,-23.711237138232097,-0.1185561856911604
285,4,0.3115732728908483,1.5312737480802705,-36.71601030508741,-0.2280497534477479
285,5,0.2786346976287465,3.06333453144449,-45.06607611342692,-0.2264626940373212
285,6,0.1011003332221574,0.3759143186275481,-13.957181559480748,-0.0697859077974037
285,7,0.1266647852132976,0.646548222682244,-17.118803731428745,-0.0855940186571437
286,0,0.5901066044895455,4.319756418519094,-79.78114555781109,-0.5390617943095344
286,1,0.1379117448419837,0.5113529862682962,-16.972397273501265,-0.0953505464803441
286,2,0.2640535286908865,2.3073938352763346,-33.27059522654933,-0.2132730463240341
286,3,0.3292634833601733,2.6200877475581863,-58.705605321780055,-0.2935280266089002
286,4,0.3340602783290428,2.620003081065008,-42.33593028349024,-0.2535085645717978
286,5,0.1557715588613273,0.5660674672336151,-21.018007110123627,-0.1050900355506181
286,6,0.1455878446263921,0.7267119603760686,-20.98720998393501,-0.104936049919675
286,7,0.1238562038353617,0.5143618159049279,-15.557698968489865,-0.0797830716332813
287,0,0.646381979220059,3.735156846796473,-86.11259806130802,-0.5938799866297105
287,1,0.1312929586985617,0.8728064650531915,-15.663037539714235,-0.0884917375125098
287,2,0.1815067993887903,0.7839657399177297,-19.661831043911363,-0.12935415160468
287,3,0.4651855090715888,3.3092659317416397,-78.44143289888439,-0.4217281338649698
287,4,0.3827086176239588,2.3388436065107743,-53.961660681172994,-0.306600344779392
287,5,0.373318972200602,2.2459540325207645,-50.15410847744361,-0.309593262206442
287,6,0.1700637723221985,1.9984282194125005,-27.002236839100497,-0.1350111841955024
287,7,0.2704552089698137,1.599257967007479,-35.26998260560221,-0.2177159420098901
288,0,0.6267772174321476,3.257744870051888,-77.58290446656869,-0.5704625328424169
288,1,0.1819681453197493,1.3688325387476323,-23.02864946671063,-0.1370752944447061
288,2,0.2993322968282207,2.828362012214361,-33.88058082618245,-0.242004148758446
288,3,0.4701749484788165,2.3903163400540546,-78.42969651211297,-0.4262483506093096
288,4,0.3205659490690172,1.4499035799683144,-37.35985799719471,-0.2364547974505994
288,5,0.1349837834722251,0.7299903015736203,-17.426426952785544,-0.0871321347639277
288,6,0.3304655576609261,3.193984140977105,-55.77631455214667,-0.2788815727607334
288,7,0.0994510118810853,0.4965736883464298,-12.929184799156287,-0.0646459239957814
289,0,0.7650318109458373,4.542229312107285,-96.33694496940366,-0.7083598894809092
289,1,0.1021140112040732,0.4183657880443486,-13.988230116977196,-0.0699411505848859
289,2,0.4361221215582618,3.3544411161327115,-55.67543374049193,-0.3813385872636434
289,3,0.3392966700280796,2.689606078857153,-54.382228882832,-0.2955555917545217
289,4,0.3304616642123831,1.267259021100965,-37.20538881392193,-0.2431724759079864
289,5,0.1197292488584363,0.4044085683495332,-16.507122316752397,-0.0825356115837619
289,6,0.3422647886072812,2.207880909471496,-58.58085027406892,-0.2929042513703446
289,7,0.0897014486605578,0.3175785649480041,-11.373510901742463,-0.0568675545087123
290,0,0.6458430726742623,3.649650295160869,-82.80093537867512,-0.5914352527048223
290,1,0.0858615885711651,0.377316109853197,-11.931059084018626,-0.0596552954200931
290,2,0.236255013014086,1.035691615897898,-26.331136891640245,-0.1815940475285534
290,3,0.28409494493536,1.531583478936796,-49.9923885017515,-0.2499619425087575
290,4,0.2929370617923215,2.475528920901048,-45.83452879620462,-0.2291726439810231
290,5,0.0926587949527781,0.3197600083664607,-12.738828305726326,-0.0636941415286316
290,6,0.2595961999067859,2.4745483311344647,-40.98471399060051,-0.2049235699530025
290,7,0.1021664173823992,0.4345880248635168,-13.336699869478569,-0.0666834993473928
291,0,0.7787792371459132,5.256335112005181,-104.40504779841386,-0.7250350541556518
291,1,0.0983533787268644,0.4613993789881572,-15.13683404716394,-0.0756841702358197
291,2,0.3656731707223062,1.5913346879245664,-48.41100302826629,-0.3143571625212097
291,3,0.1403986388209627,0.8099235329976617,-22.263861705010346,-0.1113193085250517
291,4,0.3518347489526536,2.774634803779201,-53.1263699049803,-0.281091904259155
291,5,0.1151914064667263,0.3838131192061447,-14.863272219236094,-0.0743163610961804
291,6,0.3779815825584094,2.8525972199579144,-62.89993028603425,-0.3144996514301712
291,7,0.097852954820968,0.3765899545191491,-13.761282984113608,-0.068806414920568
292,0,1.431058748354351,7.8234513725474,-192.097826360769,-1.37212733114835
292,1,0.0899543878296652,0.3179913820639665,-12.704819745896025,-0.0635240987294801
292,2,0.2470467047101867,1.017454858673809,-31.84114903024754,-0.1977711119891151
292,3,0.1457632918632477,1.007720687356736,-23.394764005166703,-0.1169738200258335
292,4,0.3211434203204859,1.625840924627803,-41.54862400067315,-0.2429744093606617
292,5,0.1241054327127883,0.6379632224717392,-16.427588840110403,-0.082137944200552
292,6,0.3711605958643991,2.5693472756336506,-61.18339224664869,-0.3059169612332434
292,7,0.0887636423399834,0.452904577446337,-11.93787001147126,-0.0596893500573563
293,0,0.4698548601683522,3.73984157802964,-70.10861442612598,-0.4249006934916726
293,1,0.0989414435551689,0.3094376838797069,-14.377065358386428,-0.0718853267919321
293,2,0.3739550059124565,2.575331920619698,-53.63340833042549,-0.3250509595783363
293,3,0.1313381697219627,1.0103908940898731,-21.04562577209114,-0.1052281288604557
293,4,0.5814291189393221,4.69391886647558,-92.92881410210552,-0.50780772733391
293,5,0.1417781336104031,1.0162337812244948,-18.417039793681617,-0.092085198968408
293,6,0.3930599951909761,3.4615416333328475,-66.88432450076036,-0.3344216225038018
293,7,0.1229301357399421,0.4139315127970873,-16.144693452502082,-0.0807234672625104
294,0,0.3695377624446479,2.5396616381653447,-52.48663310141984,-0.3239915623544434
294,1,0.1450181094257884,0.5595567540561888,-16.359361521642036,-0.0991476455857093
294,2,0.1787930964002609,0.6582482085223607,-20.72765876387304,-0.1295478672742064
294,3,0.1620467098221771,1.3209595937411247,-27.168796697823304,-0.1358439834891165
294,4,0.2844615691185317,1.2634128959904447,-37.74055035651392,-0.2096697242028551
294,5,0.1281787808696433,1.1793689887078536,-16.479258260463986,-0.0823962913023199
294,6,0.4422798966915817,3.856431409195669,-75.70992766713735,-0.3785496383356868
294,7,0.0868888357525595,0.2960706043986464,-11.328725205412342,-0.0566436260270617
295,0,0.579993267053404,3.577261810309991,-75.92113875239131,-0.5272301302249397
295,1,0.1107694418014834,0.333863187037859,-16.038773106468245,-0.0801938655323412
295,2,0.146006251285691,0.6825618985679504,-20.843745250776937,-0.1058058134557204
295,3,0.2753955631858527,2.220700615276251,-48.17150814770896,-0.2408575407385448
295,4,0.3046762536758391,1.1125690925762637,-45.7169758831919,-0.2356545148618139
295,5,0.2845514945690672,1.9864406625793307,-41.40598615691543,-0.2275054184445903
295,6,0.3928175350981119,1.9734380526098865,-60.23803021493361,-0.3204150543347532
295,7,0.0878185824162308,0.4814038988298559,-11.283403915084076,-0.0564170195754203
296,0,0.8687193509230196,4.85027181532428,-121.63493177202196,-0.8163418239733017
296,1,0.0964619972691692,0.3911235661666176,-14.85672263174512,-0.0742836131587256
296,2,0.1588300230733239,0.9958250303006236,-18.096173934595548,-0.1103425239914362
296,3,0.1546630413260228,1.6868989971476938,-24.81291588960361,-0.124064579448018
296,4,0.4127196489513868,2.735817924207965,-59.2060586919986,-0.336398060749992
296,5,0.2991185728590587,2.1589458208347185,-45.82853761566589,-0.2437688171046058
296,6,0.4559620754966029,2.96861612245505,-78.91946862151127,-0.3945973431075563
296,7,0.0700210353925766,0.3723662683072185,-8.09255771320555,-0.0404627885660277
297,0,0.9988175971333456,6.140851554161449,-128.85010733280174,-0.9405117323562172
297,1,0.081999390120319,0.4282004272175228,-11.829750038999943,-0.0591487501949997
297,2,0.311082338324426,3.729692607049458,-46.032904937737975,-0.2645569249295286
297,3,0.273526639691499,3.1358111953647705,-48.50064265123128,-0.2425032132561564
297,4,0.3490882080524431,1.57609905505832,-56.72238675812768,-0.2836119337906384
297,5,0.1961069650027579,0.7319313028571083,-24.612645903582997,-0.1382732915931629
297,6,0.318196870284451,1.6725555310663136,-52.6248289632511,-0.2631241448162555
297,7,0.2037248341385699,1.2945567385321195,-26.432948267472305,-0.1536799317876296
298,0,0.7947365469011681,3.83768555970401,-98.7343675022104,-0.736823638076197
298,1,0.0780857538260225,0.2670399743122266,-10.54918807563438,-0.0527459403781719
298,2,0.1834903093300485,1.419862930640809,-22.49120934843641,-0.135489212942388
298,3,0.2372973992132474,2.47027670295785,-40.72332580759279,-0.2036166290379639
298,4,0.3770247079037049,2.9114204867804583,-54.46013938381213,-0.3025563299100674
298,5,0.2896576527357977,2.1267847741089065,-39.71765209152668,-0.229581803997264
298,6,0.1801332169364115,2.09610805823172,-28.273617831152865,-0.1413680891557643
298,7,0.0907503960823581,0.245542199098966,-11.379230083669002,-0.056896150418345
299,0,1.2842236578044033,7.69202831028507,-181.98484124616968,-1.2296273057173628
299,1,0.0744690966405343,0.3033996964885994,-8.972360695565676,-0.0448618034778283
299,2,0.3404268541519029,2.369794810048349,-44.08120798641011,-0.2881124704994124
299,3,0.210119150840133,1.3260540319921017,-35.082998918377726,-0.1754149945918886
299,4,0.4354690417460842,3.094475714118948,-63.63494821156871,-0.3595194814212921
299,5,0.3359224848254759,2.8036313782288405,-56.54562711691923,-0.2841488799845187
299,6,0.3618429939137758,2.4609852573597344,-60.263692581849455,-0.3013184629092473
299,7,0.0741036484623506,0.3164458667554798,-9.776839990591233,-0.0488841999529561
300,0,0.4734887585848779,2.408846361401743,-60.63832365069488,-0.4210994697964922
300,1,0.0884306574805377,0.310536101620175,-13.193938367951423,-0.0659696918397571
300,2,0.1033241184081321,0.4426141551916104,-15.545697826744348,-0.0777284891337217
300,3,0.1667653259357459,1.487934775099431,-27.967647153856927,-0.1398382357692846
300,4,0.3179940601120497,3.389900916140642,-50.93806159108227,-0.2546903079554113
300,5,0.1051562722886682,0.3965327714838189,-16.243725292925408,-0.081218626464627
300,6,0.1105175202224097,0.4378183121905922,-16.359501032327383,-0.0817975051616369
300,7,0.0943695893914874,0.3713192201743847,-14.500232371430304,-0.0725011618571515
301,0,0.4925054529505317,2.9145358853831542,-63.35198873819549,-0.4399443662374687
301,1,0.0961940874455617,0.5016786044303273,-13.820223833773133,-0.0691011191688656
301,2,0.1970501961957874,1.3435949176645214,-27.22997353599925,-0.1529773794157261
301,3,0.2692034670495782,2.825250526317999,-46.73860902476382,-0.233693045123819
301,4,0.3392395841811705,1.9540844226089664,-48.36324908857748,-0.2657321378493268
301,5,0.0970086580535164,0.3076911990786093,-14.667031901796388,-0.0733351595089819
301,6,0.102795306657154,0.5243429038211427,-14.94823749763014,-0.0747411874881507
301,7,0.0899849758363017,0.4324904264565699,-11.256169399657944,-0.0562808469982897
302,0,0.6056796065223555,3.0955370483440365,-77.15629252961696,-0.5511163752115498
302,1,0.0977125572481063,0.3357062005229647,-15.439579604532517,-0.0771978980226625
302,2,0.1106307615147532,0.3070381284513695,-15.664782713280886,-0.0783239135664044
302,3,0.1495393616886156,0.7146377874910904,-25.227348321237432,-0.1261367416061871
302,4,0.6613954283285435,1.948381289339641,-91.24125478060172,-0.5774762960797577
302,5,0.1048955790539773,0.3601405252127133,-14.903677656350116,-0.0745183882817505
302,6,0.0984445316208226,0.4079859421940049,-14.569740875048732,-0.0728487043752436
302,7,0.1371567912687971,0.5717786315850291,-16.5274794822122,-0.0903140955312142
303,0,1.022223293059893,5.963227521737594,-133.12348137356275,-0.964662908504078
303,1,0.0863118368138869,0.275071664661409,-12.912005496638978,-0.0645600274831948
303,2,0.1808550968774883,0.92715759432269,-23.56818826370927,-0.1354493578374096
303,3,0.1329293411959696,0.5847330949162686,-23.04831414958997,-0.1152415707479498
303,4,0.387176952175723,1.73130882740015,-46.238471653902494,-0.3002498159344318
303,5,0.096396071216114,0.2949947189125297,-13.408298067287063,-0.0670414903364353
303,6,0.1181089673168029,0.4625273113948654,-18.80834447227031,-0.0940417223613515
303,7,0.1660504234418083,1.1368435680614402,-19.022399534780355,-0.1145927682818093
304,0,1.2135933997588069,6.122014602293555,-158.00873938037785,-1.1533484626304953
304,1,0.1131766174253697,0.6238667178176548,-18.44583320762758,-0.0922291660381379
304,2,0.1189168538265936,0.4475740544572367,-18.08916698948122,-0.0904458349474061
304,3,0.1269074098083258,0.4161129607999315,-22.03549453511952,-0.1101774726755976
304,4,0.338608883834693,1.8560701394602843,-43.94184863264039,-0.2600109386546768
304,5,0.092571215746833,0.3144461707547897,-13.491104660135104,-0.0674555233006755
304,6,0.1879311337346112,1.1279413613790454,-29.88668681726567,-0.1494334340863283
304,7,0.2952669249029538,1.143980379626044,-38.151237958351935,-0.2414635313819742
305,0,1.2433227198223864,7.04863149428629,-168.44473806816737,-1.1862305497758263
305,1,0.1126906529135891,0.4873069326942409,-18.212299732596136,-0.0910614986629806
305,2,0.1056632651070553,0.380403760149373,-13.68705232764366,-0.0684352616382183
305,3,0.2302849889908615,1.82235925037828,-41.500666018049294,-0.2075033300902464
305,4,0.398735283139039,2.395867767542985,-53.59728351058369,-0.31903144946776
305,5,0.1184048380725796,0.3687557979053508,-18.387355200337176,-0.0919367760016858
305,6,0.4321583595653356,2.226666515695863,-76.080161087216,-0.38040080543608
305,7,0.1543616760248263,0.6071630843521355,-17.137816441623833,-0.1032398580820712
306,0,0.8335100297458636,5.4923318493582585,-106.3237574859281,-0.7760858210651685
306,1,0.1018915538584414,0.4357045557742621,-16.21810288974185,-0.0810905144487092
306,2,0.2816508122896045,3.002266736203598,-43.1840987770338,-0.2372752680056802
306,3,0.2000763175891587,1.6277754691985795,-34.292574339078534,-0.1714628716953926
306,4,0.2524628971028731,1.5718465068358662,-38.42243961125533,-0.1921121980562766
306,5,0.1012798328534338,0.3949406266450388,-14.209785320697854,-0.0710489266034892
306,6,0.1044990751859602,0.5128566452261463,-14.113786114261655,-0.0705689305713082
306,7,0.5231935302627911,3.87097158939296,-79.62594009953428,-0.4711594088729838
307,0,1.2652850370120965,7.0183638250101525,-169.02371000600047,-1.2073122143285748
307,1,0.0907932380541887,0.4160518887705486,-14.128420718008822,-0.0706421035900441
307,2,0.7551842372199256,4.503383378766329,-95.27308898282035,-0.6954240071738713
307,3,0.3720090055024223,2.020695861825948,-67.71142767399232,-0.3385571383699616
307,4,0.3336058561529965,1.837910894070152,-45.0381832567018,-0.2573610471811531
307,5,0.0896610180070592,0.5148120182077816,-11.563757812245504,-0.0578187890612275
307,6,0.3734015783520663,2.505904856370605,-64.56002071471237,-0.3228001035735618
307,7,0.4146464469087509,2.018998203581301,-50.25170313952447,-0.3538852333769329
308,0,1.1354935908876274,6.004288495884201,-158.74115903517546,-1.0798718301712615
308,1,0.0926385769562769,0.4218319880750281,-14.992239176810331,-0.0749611958840516
308,2,0.4347712423955197,4.634812204330059,-58.83734461701116,-0.3820606793312413
308,3,0.2515774907256338,1.6542008256189589,-43.18831583071197,-0.2159415791535598
308,4,0.3161849179567884,1.103489604726127,-38.77351783184308,-0.2349910171626853
308,5,0.087572867713838,0.2623402009563019,-11.339578333464132,-0.0566978916673206
308,6,0.3082354932675786,1.43066465712783,-51.982284919724506,-0.2599114245986225
308,7,0.2632980956380399,0.735858842031761,-25.535501399438967,-0.1964269338418382
309,0,0.8312676884630485,5.2957790365370405,-113.45663247950574,-0.7771002224623681
309,1,0.1173256486420513,0.4044268897421467,-12.543353001761586,-0.0733529415307695
309,2,0.2060450735950993,0.8685127820305525,-22.18996023011235,-0.1519860289733722
309,3,0.2835333604203331,2.043732254024253,-49.36815354672172,-0.2468407677336085
309,4,0.3033440189423695,1.1605686261430113,-42.73873488694736,-0.2310201885780938
309,5,0.081701433861283,0.2407614410377184,-11.322171765599824,-0.0566108588279991
309,6,0.3449106097548969,2.1695982464495143,-58.54245314951618,-0.2927122657475809
309,7,0.1455449903802066,0.5163668625519977,-20.824185401445565,-0.1041209270072278
310,0,0.5000974808823188,3.4562614612946523,-66.4894048820273,-0.4492527356893737
310,1,0.0866507801378653,0.3552994467003202,-12.506004308935808,-0.062530021544679
310,2,0.1738156962219035,1.1211609025030973,-24.16035495103162,-0.1313062769077805
310,3,0.1405864618207842,1.1276858770039844,-22.367949425493588,-0.1118397471274679
310,4,0.2076091325866864,1.3965213494134303,-28.821168620163604,-0.144105843100818
310,5,0.084126807406412,0.4273273970478467,-12.80550384672254,-0.0640275192336127
310,6,0.1010848355804733,0.4723617640715968,-14.168701776545008,-0.070843508882725
310,7,0.0846153094269757,0.3545211426734556,-10.98498399069058,-0.0549249199534529
311,0,0.8537242782935006,4.70154518822236,-114.1713661916404,-0.7984011621793035
311,1,0.0877956205953763,0.3921709140939134,-13.25855502439616,-0.0662927751219808
311,2,0.2006576606634216,0.814257362115739,-23.96079311510799,-0.1506968120447043
311,3,0.1490397996195996,1.2219539423208885,-23.45423680831097,-0.1172711840415548
311,4,0.2699893447753382,1.981222408561864,-41.472933571162166,-0.2073646678558108
311,5,0.0869063424777295,0.3344302394963168,-12.924295339615842,-0.0646214766980792
311,6,0.317544633827423,3.4473280727971822,-53.54036336302929,-0.2677018168151465
311,7,0.0901270452667397,0.3167606911344793,-13.01402716813161,-0.065070135840658
312,0,0.629110646157194,4.946606388683424,-82.32289310071963,-0.5756845671378995
312,1,0.0952555005151261,0.3475645351063075,-11.700027905286497,-0.0585001395264324
312,2,0.2196379308103369,1.1114531141472035,-25.275605680276563,-0.1673881170879242
312,3,0.2212021884926356,1.9770044731218572,-35.411335730083564,-0.1806700802555284
312,4,0.3982809656742365,2.360011489541683,-65.51054916144223,-0.3308613594012233
312,5,0.0862373636586864,0.3437048726639534,-11.79688644981243,-0.0589844322490621
312,6,0.4904024390349163,2.324428032997941,-83.9966265796049,-0.4220936009025371
312,7,0.1424379749024267,0.4343872659973264,-14.926775362649115,-0.0904653052281764
313,0,0.732939198350087,5.849536697621127,-105.1397141807416,-0.6827254167580623
313,1,0.0956618162655288,0.3969587181198367,-11.097571458408684,-0.0569106228636342
313,2,0.2387638503162642,0.8865470246574466,-34.353744704211444,-0.1940889531311381
313,3,0.3084105029597039,2.362545849086225,-54.06394334538773,-0.2703197167269386
313,4,0.4486130863373592,2.017414473755205,-64.28860648884853,-0.3716104421320724
313,5,0.090897412589932,0.3448839099596438,-13.264793877887888,-0.0663239693894394
313,6,0.5124274196128195,3.758655324109601,-90.66443833150149,-0.4533221916575073
313,7,0.0801468457972562,0.3041897047105525,-10.105754609792832,-0.0505287730489641
314,0,0.4361999039816698,2.5328516274317314,-51.082882249705136,-0.381215539176904
314,1,0.2278183047567363,1.1132337358385518,-26.555610324005983,-0.1770374021600398
314,2,0.3785170344753521,1.394191025402325,-48.09566948397028,-0.324970739756556
314,3,0.2255736863419888,1.4740390741251972,-37.81774939388651,-0.1890887469694325
314,4,0.387513946925238,2.376832518962686,-49.818525689130645,-0.3056351269271818
314,5,0.1087946719982464,0.4816646087704776,-14.533546030411138,-0.0726677301520556
314,6,0.6806460090655829,5.952187320655588,-121.15229218145028,-0.6118802635426782
314,7,0.0833074845198887,0.275970249523459,-10.027668797235522,-0.0501383439861776
315,0,0.3922281421846254,2.717230604445936,-51.757663117458726,-0.3427659809103227
315,1,0.1319699344810686,0.5509749670109367,-17.751929680562533,-0.0924579670862631
315,2,0.902157844567526,4.109330057187552,-117.29650136411448,-0.8438597220439891
315,3,0.3508414174033521,2.907022768667798,-62.82016070377993,-0.3141008035188997
315,4,0.4211498608998378,2.1718548541305718,-60.80270369147657,-0.3454699073379351
315,5,0.2504688732051846,0.9992371262870984,-34.299612298030524,-0.192694451112531
315,6,0.5813545421005715,4.435933873945972,-104.20725608630676,-0.5210362804315338
315,7,0.085039804005225,0.3481868549430573,-11.054411993894512,-0.0552720599694725
316,0,0.5365884441087974,5.348176677209827,-72.37875622967991,-0.4857634646287242
316,1,0.1108261102113591,0.4451947591317126,-13.141384512692946,-0.0702747834903366
316,2,0.415080556408016,3.452883967135965,-47.532557102732646,-0.3547205753935272
316,3,0.2074022024318339,2.145278037978839,-34.052341079091654,-0.1702617053954582
316,4,0.3631239385492976,1.6148354752465657,-46.490815692982814,-0.281762519351411
316,5,0.154553949583448,0.915212119108198,-22.040606222176635,-0.1102030311108831
316,6,0.4191328967992134,2.640888508841423,-71.88532894262109,-0.3594266447131054
316,7,0.0985238777439198,0.3629461490585407,-12.37766606147553,-0.0618883303073776
317,0,0.5398230685215498,3.3713121728162694,-69.70344177650789,-0.4874366557797754
317,1,0.1134876179300549,0.5385285668559107,-10.296874013014456,-0.0655851847962704
317,2,0.5205796937218816,2.8094096032222766,-55.52495577675193,-0.4551225883340322
317,3,0.4789809885325994,3.958600806281237,-88.21659354939476,-0.4410829677469738
317,4,0.3799869408913596,2.1379304421115704,-49.29942029283143,-0.2987843654110995
317,5,0.2650490960802893,2.7209421085932948,-36.59305871114413,-0.2067404446957295
317,6,0.3225171901809302,2.1804810135703545,-53.16434671847601,-0.26582173359238
317,7,0.1403192479324789,0.6730721205004945,-19.71130458273834,-0.0985565229136917
318,0,0.417170399286067,2.706637628824297,-50.95269109117567,-0.3639477935083977
318,1,0.0994808740766543,0.3399940296977873,-10.178327000018774,-0.057181612359656
318,2,0.3135364871941019,1.6274594568688676,-40.07122250400421,-0.261903415058851
318,3,0.4237721574405294,2.758149166688036,-71.51429582955369,-0.3803951905827324
318,4,0.3323584151295828,1.2060385711061217,-40.88784924365394,-0.2508457008813125
318,5,0.3111722940496514,2.645656001447835,-52.04336546009289,-0.2602168273004644
318,6,0.3992845970698103,2.513805346578473,-68.34351065935411,-0.3417175532967705
318,7,0.0788553742565807,0.3268929092878234,-9.881092736238967,-0.0494054636811948
319,0,0.3837525572475582,2.2851532047761283,-48.25809012281099,-0.3328144146400758
319,1,0.1151403112919262,0.3287014066421267,-11.39463788690856,-0.0690584114358094
319,2,0.2820188858070688,1.625856292389591,-29.95253745565166,-0.2235263989227736
319,3,0.4954105969915948,3.054839849996151,-84.36348662079345,-0.4511416396833874
319,4,0.407300582527159,3.011768967276278,-59.90105601810152,-0.3327836445450085
319,5,0.2706848855819084,1.1209470370510994,-31.88612426839847,-0.2043982324897337
319,6,0.3247951464024055,2.088340119430324,-54.31120484812097,-0.2715560242406049
319,7,0.1065622155983613,0.4887744436991021,-13.45405834591405,-0.0672702917295702
320,0,0.3816239505614168,2.4774337494749425,-49.41466758668199,-0.3316420643401475
320,1,0.1049559394524132,0.4465964655173763,-15.524242652202329,-0.0776212132610116
320,2,0.1554302040488672,0.8500123763608988,-16.614724963629897,-0.1058262736536936
320,3,0.1792191475011496,1.8273073287487056,-29.524547124811832,-0.1476227356240591
320,4,0.3059991134913355,2.203032480985617,-48.61896366919044,-0.2430948183459521
320,5,0.0903911137843525,0.3422627650132139,-11.697293717778972,-0.0584864685888948
320,6,0.1909058823340407,1.669312334826556,-28.965116075169625,-0.1448255803758481
320,7,0.0826241381470856,0.4179150127219771,-11.496851179924844,-0.0574842558996242
321,0,0.930595947834103,4.116329288748685,-120.59066430202483,-0.8738453934929337
321,1,0.0761812975333466,0.2856497559444743,-9.363939667746976,-0.0468196983387348
321,2,0.2654164964619105,1.6321863626519575,-26.31817254189189,-0.2040168414100146
321,3,0.1794826460885245,1.6825989025984145,-29.584365069955915,-0.1479218253497795
321,4,0.2992657684115145,2.9794089870046943,-47.07743300511427,-0.2353871650255713
321,5,0.0787723857447694,0.3674119855340369,-10.243920340459349,-0.0512196017022967
321,6,0.3065887636599355,2.4530321899487446,-50.58853620909736,-0.2529426810454868
321,7,0.0908668555647357,0.3673690238844703,-10.406551951541136,-0.0520327597577056
322,0,1.0079385604950453,7.19634356183118,-138.13292172372272,-0.9526408394739496
322,1,0.093866697677509,0.4617323316461802,-10.417403097018362,-0.0545413774713003
322,2,0.2954110731057852,2.1998037319140056,-34.97612516212385,-0.2412146562905093
322,3,0.4068007897778817,4.455439973584686,-74.09895681316611,-0.3704947840658306
322,4,0.436817933911849,3.370922176172241,-61.73033392450719,-0.3588972902587627
322,5,0.0911953667389542,0.3376140341960479,-10.3939043417997,-0.0519695217089985
322,6,0.5208334570972759,2.9374936825730886,-92.9693852246599,-0.4648469261232995
322,7,0.0858607950727655,0.3019179158987378,-12.483240632167435,-0.0624162031608371
323,0,0.6356113037140054,4.750072857280574,-83.25593406507433,-0.5822093291263939
323,1,0.0921122054784348,0.3325453587539055,-11.36974493408498,-0.0568487246704248
323,2,0.1560993583516722,0.9450716257644656,-20.96384395660978,-0.1133180754411339
323,3,0.3947633253239249,2.3391984078646866,-66.1379627647511,-0.3517976742805909
323,4,0.3320151726319688,1.3594063595882997,-45.11494082162361,-0.2563348910319523
323,5,0.1288511934239347,0.5639846470489224,-16.941834261162153,-0.0847091713058107
323,6,0.4356339338737208,3.99732948614278,-75.29568229717025,-0.3764784114858512
323,7,0.1014846546453935,0.4600510787410705,-16.79469241929787,-0.0839734620964893
324,0,0.6915629234088833,5.233590224397968,-93.24851780643468,-0.638688478126265
324,1,0.0774760406430058,0.3464428129149504,-9.243223033354605,-0.046216115166773
324,2,0.1256604488688832,0.4524840304621272,-14.031042887633353,-0.0806381775151342
324,3,0.2263947628743114,2.3436275402562567,-38.13008256567592,-0.1906504128283796
324,4,0.3744220088337979,2.6930556535495294,-60.364115757322445,-0.3064168312554439
324,5,0.0862068388217598,0.3950121380974784,-9.89773981583016,-0.0494886990791508
324,6,0.3926673009412914,3.6303201839399546,-67.69018951966889,-0.3384509475983444
324,7,0.0871466529513503,0.4929275132506749,-13.813855991421272,-0.0690692799571063
325,0,1.047392142935448,5.690164263918739,-124.10818182253756,-0.9849855700201394
325,1,0.0835240157974004,0.3015973346799381,-10.236117312667236,-0.0511805865633361
325,2,0.3616875477601698,2.132366785806815,-42.34533279662684,-0.3046426819901211
325,3,0.188984098131821,1.5971561420838407,-30.88570777498165,-0.1544285388749082
325,4,0.3822105222265107,1.934941157567757,-56.95575808449865,-0.30954216350271
325,5,0.1335832239862592,1.4528915191388545,-18.0757365479828,-0.0903786827399139
325,6,0.3057142169852097,2.318364644770952,-51.18811674887893,-0.2559405837443946
325,7,0.0865847246427227,0.3825604124148712,-12.90844793711113,-0.0645422396855556
326,0,0.8055423703615369,3.8817885581396063,-97.82278624635929,-0.7467388263080861
326,1,0.0848803760891415,0.2665427691902146,-9.262673350396456,-0.0467811785373558
326,2,0.54315376147146,3.404101817307955,-68.53002448133131,-0.4860285424207894
326,3,0.2195002791467067,2.305835308035276,-37.13158643543887,-0.1856579321771943
326,4,0.3605248294881123,2.021360293619684,-51.86250297790887,-0.2865331656238059
326,5,0.0832122418031469,0.3060321433596554,-9.253486770040482,-0.0462674338502024
326,6,0.3647772582164704,3.061873152900632,-61.40109085901495,-0.3070054542950747
326,7,0.0802226905555788,0.3738473171306056,-11.877571827247296,-0.0593878591362364
327,0,1.020078446792425,6.282890259253354,-130.73753330907667,-0.961305391978505
327,1,0.0730529786670905,0.3009721838424372,-7.254006407038598,-0.0362700320351929
327,2,0.3866165618164876,2.11533346089216,-43.09701476261085,-0.3264925360803852
327,3,0.2314720936597807,1.8338289901540568,-39.55819493665872,-0.1977909746832935
327,4,0.4097055069747438,2.153734232707033,-56.232859227953774,-0.3307815248703163
327,5,0.0773631994329009,0.3678998243120455,-7.415032481814507,-0.0370751624090725
327,6,0.3026644734700416,1.508820704246962,-47.95753306047777,-0.2397876653023888
327,7,0.0764882408457416,0.3403944625462846,-10.5014995075933,-0.0525074975379665
328,0,1.7713149345843584,9.4153533577055,-255.08120400945575,-1.7119543893252065
328,1,0.0793832152621484,0.3629117696639558,-9.277853637544052,-0.0463892681877202
328,2,0.4121174838045919,2.170550691357526,-48.192487615713496,-0.3543565265861286
328,3,0.6898566490758122,5.854714603463982,-131.94557561337555,-0.6597278780668777
328,4,0.3956432107738686,3.889237216357964,-65.58579322701691,-0.3279289661350845
328,5,0.0830722359659797,0.2817889248626764,-8.55994327073292,-0.0427997163536646
328,6,0.3750776293373185,3.0832001182724698,-62.679594376295725,-0.3133979718814786
328,7,0.0757078006483871,0.4475506385243885,-9.622743458944186,-0.0481137172947209
329,0,0.8496087971768221,5.991206446988779,-111.12828090422212,-0.793773435030158
329,1,0.1210328045929062,0.5333228088637624,-14.07019731964626,-0.0786044542996997
329,2,0.4338505923294898,3.2725219155300143,-52.83723975401896,-0.3774088553858497
329,3,0.2640574164841103,1.639172336115795,-46.89512685171114,-0.2344756342585557
329,4,0.3240858576193949,1.8347555699368985,-42.92902897155288,-0.2481446761361437
329,5,0.0740865282899835,0.427254425290943,-7.308045845162312,-0.0365402292258115
329,6,0.3732208601567068,2.156642366928709,-61.39633095766438,-0.3069816547883219
329,7,0.0761112854586126,0.3608073424985612,-9.535258337138352,-0.0476762916856917
330,0,0.5098484318175159,3.4712456281780786,-66.95845053096217,-0.4586195241846724
330,1,0.0832248648472913,0.3018783716932357,-12.161703777556912,-0.0608085188877845
330,2,0.1047654740292885,0.3853904603083404,-15.089835733907956,-0.0754491786695397
330,3,0.1406189168278994,0.776753985755723,-23.273060424153567,-0.1163653021207678
330,4,0.1072908662699883,0.5596015683853548,-13.745514682262522,-0.0687275734113126
330,5,0.102023002307359,0.4674387517451386,-16.290271869488027,-0.0814513593474401
330,6,0.1050669751833034,0.4146426370118568,-15.35015200395729,-0.0767507600197864
330,7,0.086118682127484,0.2994852992511229,-11.667108372835171,-0.0583355418641758
331,0,0.5073372488954138,2.801287527282468,-61.49715172850348,-0.4521849391801726
331,1,0.2562594820215026,1.0447971984179196,-32.97098064539817,-0.2086770926923934
331,2,0.1659789967648795,1.398666995707952,-21.60568604907981,-0.1220660228761571
331,3,0.2208128209125353,1.5830199669129066,-39.386357979515005,-0.196931789897575
331,4,0.3581716661872607,2.736988905284236,-56.790915203325774,-0.289749567363907
331,5,0.0915759857022681,0.3656909690840175,-14.02555928867415,-0.0701277964433707
331,6,0.4803918598614599,4.646915082631978,-85.30870977764012,-0.4265435488882005
331,7,0.1707332544773997,0.6681203775732779,-15.824374797964207,-0.1106599636221273
332,0,0.6354454056762865,5.012441119395012,-88.89788589115115,-0.5848545124417839
332,1,0.1151981351261658,0.7363853258902066,-15.32935939272031,-0.0770319567473382
332,2,0.2466650486999061,1.5423805850990386,-27.090637794759303,-0.1907791393997134
332,3,0.22942748314751,1.863969214880398,-39.81447668400799,-0.1990723834200399
332,4,0.5347360290458081,2.397184222723012,-73.91244943637994,-0.4534506100391408
332,5,0.0997050522583963,0.4502665390258325,-13.84339102391069,-0.0692169551195534
332,6,0.3728703262311625,2.6115335934142307,-62.525727714782136,-0.3126286385739106
332,7,0.3031571785925834,2.027053004087747,-35.12944537676117,-0.2439544817830636
333,0,0.593303796874474,3.808461317793087,-74.85579126096859,-0.538530872381069
333,1,0.1155965435536883,1.0530456228554468,-16.16083232511191,-0.0808041616255595
333,2,0.5587599593312005,2.5802675905889685,-64.08406623521739,-0.4967757072497472
333,3,0.3353753937331007,2.749127284659432,-61.28462954481613,-0.3064231477240807
333,4,0.2061799926892011,1.2870988997971011,-29.603353622900176,-0.1480167681145008
333,5,0.105732882870011,0.3634709036479401,-12.83432782137352,-0.0641716391068676
333,6,0.368869939057107,4.430383531197432,-64.03025400860142,-0.3201512700430071
333,7,0.4108228184278715,3.4216432451642804,-53.02076393857502,-0.3534717595905001
334,0,0.854305720113748,4.79921926256727,-118.58367483665218,-0.8012410461935958
334,1,0.1228824273592972,0.5066251184739842,-12.904052858422991,-0.0772697775953472
334,2,0.4552416090348856,2.325977317502293,-48.96112905442937,-0.3916890324354349
334,3,0.4632123354853167,3.8279283645159614,-84.76643636974043,-0.4238321818487021
334,4,0.3103961724979082,1.9705063722308929,-44.76261235533882,-0.2393722585846995
334,5,0.2027219946032385,1.0389943558184531,-27.24989392623089,-0.1472967239255724
334,6,0.5588070754737503,5.462288853151778,-98.34339335499848,-0.4917169667749923
334,7,0.3698879802265558,3.2397197199247167,-46.85311361584625,-0.3123540907723083
335,0,0.7508690688091901,4.124680437831521,-95.82017712130636,-0.6943491095746839
335,1,0.1758869150607221,1.2864258883841226,-20.41796129649728,-0.1284148509213665
335,2,0.3453579359039278,1.7301109657781102,-36.53442831552146,-0.2832126226009415
335,3,0.4950718253526982,3.478545329574039,-83.35525560865877,-0.4505689492359933
335,4,0.3730846489349789,1.529394127725104,-47.859734350688925,-0.2918276484798105
335,5,0.3053439529909532,1.9689098402880123,-44.06962334799692,-0.2475821536404321
335,6,0.38902842352296,1.524112485935327,-60.74699913732799,-0.3180471159022408
335,7,0.1744839192880428,0.6923488394247244,-19.681903452739725,-0.1214932311897513
336,0,0.6852907973071234,3.7177439972435167,-87.53195489150413,-0.6297262941834829
336,1,0.1041169501787805,0.4249754884421308,-12.6080723402387,-0.0649900636094778
336,2,0.3208845055463787,2.5440262523015096,-33.74636646221,-0.2595874343246923
336,3,0.4913182150818704,3.281528315738156,-87.51100538891932,-0.4487743866098426
336,4,0.2699226021840238,1.570166726747064,-40.24712910049225,-0.2022468799019711
336,5,0.4047827726354153,3.085255937875933,-52.06009545929104,-0.3380525679174743
336,6,0.4693118342005066,3.4170898328291157,-82.75020015826055,-0.4137510007913028
336,7,0.0963303300756728,0.4480525028463847,-12.580547546926311,-0.0629027377346315
337,0,1.069436322810311,6.496389523409663,-149.11896713665203,-1.0144147424262042
337,1,0.1329144531445704,0.6148801562280184,-15.001900131532754,-0.0882464713619573
337,2,0.4829549684415822,2.1501713132107203,-52.87392267219782,-0.4196343069222049
337,3,0.5699744407935006,3.7349375925761534,-105.06295678397512,-0.5279545567033925
337,4,0.3674417590563231,1.228922470513094,-42.51648386524264,-0.2797137096397541
337,5,0.3144967933111111,1.6726503898217842,-38.49660277034149,-0.2483651791634935
337,6,0.4401887996981098,3.452597230321344,-75.72234943424861,-0.3786117471712431
337,7,0.1338966540414301,0.5254903911497665,-14.958674747280003,-0.084992470155
338,0,0.8846606563500424,5.688650918470797,-114.17342892609128,-0.8273436878702267
338,1,0.1572407832854706,0.6150675029493697,-17.303832648232177,-0.1095179281533682
338,2,0.415030731258509,1.995429514045212,-45.615316059095775,-0.3536071012333006
338,3,0.489971269590408,4.243696763192826,-90.27722698065573,-0.4513861349032786
338,4,0.4824212183038068,2.440158510224477,-71.49290915411797,-0.406209711102943
338,5,0.2166285057075607,1.015234519930715,-24.520603037372474,-0.1523018822197048
338,6,0.4228346060737407,2.85425526492863,-72.0204464086809,-0.3601022320434044
338,7,0.2992307250164181,1.634980707895915,-40.20257354397141,-0.2466415554844871
339,0,0.8620030666490668,4.982581625275988,-109.4208169137709,-0.8045648302483155
339,1,0.1001219301481986,0.5045400335647748,-10.578704332048126,-0.0584458802875587
339,2,0.4470832183880237,2.120435984197971,-47.98588893468105,-0.3838871114774484
339,3,0.4628244940067119,4.34497800385346,-79.741549793337,-0.4196923673333526
339,4,0.239363286823253,1.2748177487273928,-33.097051464106585,-0.170603358062405
339,5,0.2706176642417401,1.132821085781294,-34.68049126731172,-0.2089186220922393
339,6,0.4916570044264046,5.095884165119413,-87.68725887002995,-0.4384362943501497
339,7,0.161475492383229,0.5214122120937547,-16.319140463225935,-0.1059684445664021
340,0,0.4099439231996764,3.050683969956532,-53.20079607691474,-0.359464838357532
340,1,0.0907301177935561,0.2864692177068809,-12.821024172137774,-0.0641051208606888
340,2,0.329361331334497,1.2432618249735072,-30.617318679452016,-0.2616864844397608
340,3,0.3852405683580707,3.507513782317322,-69.42631182553579,-0.3471315591276789
340,4,6.078849167480673,45.79578509342922,-1199.835446309113,-5.9991772315455645
340,5,0.0776792879564541,0.2809756152606792,-10.234435154388718,-0.0511721757719435
340,6,0.1439160526760213,0.9132547793615198,-20.324034011245384,-0.1016201700562269
340,7,0.0814834603591509,0.2696885159722568,-9.31883613255206,-0.0465941806627603
341,0,0.3639615954551626,2.289112177211269,-43.23205404735035,-0.3110219715636716
341,1,0.165279037592217,0.6014053921895869,-18.205161159266265,-0.1166997510209375
341,2,0.3967859849395659,1.3932468385273982,-42.81391708972695,-0.3344837272634918
341,3,0.3551650046332029,2.704601497020504,-62.26547499716547,-0.3144720959452801
341,4,0.4650985950200515,1.7690428825109386,-72.18820115892997,-0.3923271802115759
341,5,0.0816124917027565,0.3341831360632955,-10.844632437868269,-0.0542231621893413
341,6,0.2818827081511915,3.34026140280128,-46.60129023697386,-0.2330064511848693
341,7,0.0985688665992445,0.4894570919903412,-13.72900895698578,-0.0686450447849289
342,0,0.9862715394846314,6.68975683165472,-119.46292078968484,-0.9260691534084096
342,1,0.0806273259815285,0.2350158712218425,-10.160887730416082,-0.0508044386520804
342,2,0.4315224167741319,2.332643095253537,-51.91363985801818,-0.3734794234389797
342,3,0.5202055136204166,2.4851372640472467,-95.36907246597904,-0.4792415701807992
342,4,0.6021373671390455,2.764257470337357,-95.94357918683453,-0.5271625230045852
342,5,0.0788714050109857,0.2060385077525258,-9.532996700647592,-0.0476649835032379
342,6,0.405198923959234,3.283019838234509,-70.3426492134682,-0.351713246067341
342,7,0.0744341879662244,0.3134443459242491,-9.674873796952111,-0.0483743689847605
343,0,0.6851272174489152,4.961187568679979,-85.57615392855375,-0.6292364259452482
343,1,0.1771140969965517,0.869731279781637,-22.808803598544905,-0.1333848163657597
343,2,0.2261123550295519,1.0057031592772327,-23.90117921878416,-0.1695119093530791
343,3,0.3921640914873302,2.9746306715137325,-62.11504025217025,-0.3470113980568171
343,4,0.5625481550346155,3.469649585272181,-75.45408236896446,-0.4775574833478763
343,5,0.0763378354058343,0.2703964263474547,-9.308655441227724,-0.0465432772061386
343,6,0.6150960102040393,4.757206969006521,-110.78226093258743,-0.5539113046629373
343,7,0.1033274130300998,0.4855657613319354,-13.660739407615656,-0.0683036970380782
344,0,0.6575416115370832,5.062049739375388,-85.69887046475371,-0.603513172286998
344,1,0.1535240573615107,0.8004847896506601,-16.935524660905674,-0.1065127337163878
344,2,0.3935538909315091,2.603407005454188,-39.56053851008272,-0.3269465992568819
344,3,0.7056089949244503,3.552000595654532,-119.30768447501237,-0.6591584777624993
344,4,0.5255549236286748,3.7749954761708633,-73.1312843313898,-0.443219905038726
344,5,0.2359695564738683,1.3227755960797083,-29.014451306275248,-0.1737392293788937
344,6,0.4851427310672385,2.5782737332837287,-84.21671316581879,-0.4210835658290939
344,7,0.0968809529198889,0.3702323760879508,-12.488045249390966,-0.0624402262469548
345,0,0.6585726212137996,3.002083736274601,-82.68664678143932,-0.6035521662878782
345,1,0.1447238240992926,0.5923673255882089,-13.87132348271486,-0.0937251586669923
345,2,0.5284193615961497,2.344282181417352,-58.17700985084925,-0.465416078806794
345,3,0.4142631610696256,2.48349190081627,-64.35305528203466,-0.3677317444687695
345,4,0.4712167838604867,1.7411521747919765,-67.66495932303684,-0.3934009262967258
345,5,0.0922741243118835,0.2954105562005256,-12.921150781074289,-0.0646057539053714
345,6,0.6072683173197868,6.225258227712029,-108.46302386111684,-0.5423151193055842
345,7,0.0877523709668295,0.303598664837143,-12.249783750646822,-0.0612489187532341
346,0,0.6389774595933231,3.875754976432523,-75.52457211602108,-0.5809582470463159
346,1,0.1345974219743755,0.4798586682856152,-12.360708261782312,-0.0835182990660967
346,2,0.488510135340424,4.992338773984664,-61.68952801302803,-0.4313953007904058
346,3,0.7155372859350008,3.6124279791129625,-114.69429006134511,-0.6668272677985182
346,4,0.5713197209001615,2.217503859151023,-76.8632630051825,-0.4864763481340665
346,5,0.3203360690608818,3.83407864829551,-53.97157639788283,-0.2698578819894141
346,6,0.4574168750751305,5.073563328112765,-80.5389718226907,-0.4026948591134535
346,7,0.0938934631368293,0.2989864858413559,-11.486097932013491,-0.0574304896600674
347,0,0.7341306294509654,4.111755435234006,-95.72509155203736,-0.6789013585250877
347,1,0.1292289768416555,0.6933701644620216,-12.062639446348276,-0.0793594700417649
347,2,0.7171792325396374,4.691415022347783,-84.46260786009275,-0.6547488981402538
347,3,0.5408128034648709,3.567755069014644,-86.98036151880746,-0.4942065995386787
347,4,0.550017553368628,2.2651307323332466,-74.47946833380861,-0.4654966770863038
347,5,0.315591816611113,2.797604776347882,-52.44224673917381,-0.2635288780863005
347,6,0.3501833766915158,3.465432652694163,-58.98793633965192,-0.2949396816982595
347,7,0.2203381563442373,1.2727843120088091,-32.097835191973495,-0.1735018118485053
348,0,1.718300218638289,9.817220336542944,-252.56285071252609,-1.6615977020560926
348,1,0.1701681919345198,1.782094965365948,-18.865875573966104,-0.1217153262836522
348,2,0.4693044826005906,2.529881458047033,-47.86197574451309,-0.4022014768446478
348,3,0.3913760523645659,3.581423341228364,-65.8146807709727,-0.3482258241850407
348,4,0.2681985499707611,1.0671005801480276,-32.43951514320102,-0.1897047669193042
348,5,0.4141503859986247,3.371786346005635,-72.53644392356766,-0.3626822196178383
348,6,0.4941363893277419,2.6748126599977,-85.8370858265409,-0.4291854291327045
348,7,0.3387417969428465,3.0732415733475107,-44.56696697569111,-0.2838660316923
349,0,0.844186892685125,4.604559347530582,-113.77803267569496,-0.7901252269145483
349,1,0.1045499871576081,0.4609502893165091,-11.516245320761325,-0.0629303022992422
349,2,0.407979919426077,2.497523946608361,-45.57581855213125,-0.3479070118483301
349,3,0.425217921738339,4.385956038020831,-71.78062805228673,-0.3818118513419506
349,4,0.5469573799550349,2.805169925955472,-80.62776602114391,-0.4687660815182786
349,5,0.2893237596715051,4.250021698315242,-49.26563873779416,-0.2463281936889707
349,6,0.4914435421722302,3.7442019410767298,-86.95462101202243,-0.4347731050601121
349,7,0.3182086942437269,4.363580649825848,-45.69085424307772,-0.2671979780296943
350,0,0.3830478828600331,3.283300786339048,-48.47423168969146,-0.3320152855458319
350,1,0.1434412781293706,0.5486649138653735,-16.467254457873704,-0.0986063141190042
350,2,0.1239971698487483,0.585396288660676,-14.309442956650376,-0.079941022104192
350,3,0.1978549070165362,1.4786601543717888,-33.117075039595775,-0.1655853751979789
350,4,0.3930398976368479,2.8659972998304464,-63.59206636917592,-0.3244493182100812
350,5,0.0856580509119318,0.3022991186398474,-11.24670058528043,-0.0562335029264021
350,6,0.73557704032489,6.967769262785982,-136.15700883386324,-0.6807850441693162
350,7,0.0831507572655152,0.3187776877908084,-12.149786815213677,-0.0607489340760683
351,0,0.9010947440147864,6.155049352489661,-123.7009471148436,-0.8472667610605726
351,1,0.1224216684734173,0.7609893836708557,-13.173491477376356,-0.0779496537122861
351,2,0.195022569525905,1.5615092428205433,-26.4497823813863,-0.1502828544396948
351,3,0.5540815197849045,2.951263056477516,-86.42322422400233,-0.505398972070189
351,4,0.4084968643339615,2.724521267694466,-55.2649472540894,-0.3289580193695797
351,5,0.2432542179350676,1.3042782797816272,-32.02638535657907,-0.1840596859573509
351,6,0.4040197629923508,1.9497081210842584,-67.7931528888539,-0.3389657644442694
351,7,0.0855367614285828,0.3052380797430192,-11.2081432314058,-0.056040716157029
352,0,0.9453664495688292,6.733871096637079,-131.1341618067236,-0.8920691279368952
352,1,0.2303989470402329,2.4181552052766904,-30.416038245296328,-0.1843396257290686
352,2,0.3245777175875624,1.4692612981758515,-39.84059916428093,-0.2710244841107546
352,3,0.455743748276586,3.4894121329050365,-79.27855925484201,-0.4129091627856354
352,4,0.2893903551246816,1.055748732999908,-30.103621501500744,-0.2006908100100049
352,5,0.1113084520002269,0.5169382930555493,-14.0561999777952,-0.070280999888976
352,6,0.4938287498657951,2.4299680501994323,-86.75370405779833,-0.4337685202889916
352,7,0.0851851240596354,0.2761638724568296,-10.73689070062562,-0.053684453503128
353,0,0.7654495530706377,5.196417071235001,-93.34042391167958,-0.7071244235733302
353,1,0.1188488097943148,0.390562590779566,-13.511573250590414,-0.0763365720372339
353,2,0.5645280565219691,2.496284188737097,-67.64569595478098,-0.5048186265282162
353,3,0.6986256724057681,4.523663036126759,-120.075607102537,-0.6525848212094403
353,4,0.32243503183167,1.8310751299537067,-40.54642602919242,-0.2427929702346851
353,5,0.1636018619504899,1.6492829806219014,-23.56902767035763,-0.1178451383517881
353,6,0.6827137376937678,6.442958678284226,-123.73015382819862,-0.6186507691409932
353,7,0.1185502455999708,0.6655974348262094,-12.020587683799905,-0.0690838372632178
354,0,0.6704510285544311,4.0213567194047934,-81.50949564559919,-0.6128533507187909
354,1,0.1800988991578046,1.0661670977031938,-22.38892995306733,-0.1348730720064296
354,2,0.4163505361652413,3.57412217128602,-58.94654621236677,-0.3661276162258806
354,3,0.3170242539085743,1.6251811359129762,-55.92478508884792,-0.2796239254442396
354,4,0.4053300509151518,3.5484536618356737,-49.53230933176837,-0.3195632860114089
354,5,0.3123314331529049,1.0186919731707544,-39.524457445229984,-0.2470278590326874
354,6,0.4048674781640783,2.2045311474637828,-69.75899098379003,-0.3487949549189501
354,7,0.1102137964490576,0.7290458547602428,-11.979610115456088,-0.0640620861789095
355,0,0.7528528304922995,4.036581896419872,-102.99118449416169,-0.7006203026813719
355,1,0.1204481706447712,0.4525011038968547,-13.291616809621797,-0.0763886023541482
355,2,0.3803583724574492,1.9856395785204608,-40.83540449073752,-0.3190265975838868
355,3,1.447141437389459,8.401211850153361,-273.611684856945,-1.4031368454202306
355,4,0.4023668181331332,1.682096589738567,-48.68692657984922,-0.3161488738951248
355,5,0.2313800824217526,2.132488937779818,-32.74912586375079,-0.1760705691599504
355,6,0.5693752975218026,4.813962651741811,-102.78366657006426,-0.5139183328503213
355,7,0.1011170389775463,0.8248545232098733,-11.481051058774938,-0.0579851063574491
356,0,0.540269698825788,3.087108173390413,-67.02313501838896,-0.4856748914376011
356,1,0.1268189995765782,0.5106124137899605,-17.434582836709417,-0.0885004204909107
356,2,0.4923776375664978,4.3559237831878725,-65.24030409021113,-0.4378543898671888
356,3,0.3181317335231495,2.197751544641271,-49.23573455593368,-0.273531858644076
356,4,0.3821611285647916,1.4115618859969297,-44.36796998812918,-0.293827615815425
356,5,0.1862764221410756,1.0518519963368724,-26.50523259565772,-0.1338648110891803
356,6,0.3540456006639718,2.5926073548608586,-59.39592248517305,-0.2969796124258652
356,7,0.1204967809087483,0.4847458689144084,-16.240971985333033,-0.0812048599266651
357,0,0.8642188770834073,4.2488877878966,-115.73803973076848,-0.8093569211941852
357,1,0.1282916917669017,0.4088338808215114,-16.039741075076012,-0.0871725058428044
357,2,0.2955844856061627,1.7416496423754462,-31.363042105551287,-0.2358123466582803
357,3,0.3169974456057183,2.156013237633396,-54.42480395224502,-0.276268040366726
357,4,3.97607378670836,24.444660908165456,-778.2997354216557,-3.8914986771082782
357,5,0.2149887835566326,1.033341406152536,-28.59046465887052,-0.1579583682810525
357,6,0.2992512346834234,2.826298401359623,-48.69616152990498,-0.2434808076495249
357,7,0.1427615762300718,0.7429836263811708,-15.184635363851685,-0.0909259602625849
358,0,0.910175777848706,5.732117176002519,-113.18347387105624,-0.8510035629402726
358,1,0.3460477886452608,2.4172853782194466,-46.74263414350023,-0.2977237843535046
358,2,0.4457990698762132,2.2638692802577065,-56.27883833294647,-0.3908252662010171
358,3,0.5958546411160445,6.676719382831273,-107.8862087947154,-0.5532626092036687
358,4,0.4915042610271955,1.5734707343501693,-61.38496793691744,-0.4038484732691937
358,5,0.1784069020052227,0.9153715678459332,-24.61144501566225,-0.1255685970186849
358,6,0.4857128309867344,2.6501074138692915,-84.9432821013473,-0.4247164105067365
358,7,0.1532197733253008,0.7179480157659445,-21.606904742624376,-0.1096797195057075
359,0,0.6487857247901581,3.50536394875487,-81.88231887380248,-0.5933501367666846
359,1,0.2031529053119877,1.1491245083581438,-26.39334004633152,-0.1580439523732426
359,2,0.3322384929943955,1.797561259637471,-42.84830738938535,-0.2800542966626493
359,3,0.4577135860544906,3.077600208140798,-75.66118596746895,-0.4134491036473713
359,4,0.4206421135587564,1.5327694508316645,-55.23661906919001,-0.3388749636146627
359,5,0.2717961499436906,2.1449430403826133,-40.79724696745931,-0.2170066328056346
359,6,0.4464578022797885,3.62254474309116,-77.06868872877517,-0.3853434436438758
359,7,0.2528754680295617,1.5414701463068767,-33.91554845962543,-0.2018782646406275
360,0,0.9724709442811932,5.41284007778814,-127.11975691463353,-0.9145306252851332
360,1,0.0955838915690989,0.3641546638666505,-9.135811431778045,-0.0522046367530173
360,2,0.2741683882518406,2.677193169341881,-37.837933571052375,-0.2265744525212717
360,3,0.2643397607863296,1.939077700793363,-44.95826728740937,-0.2247913364370468
360,4,0.3791578158250141,2.8383904039301564,-63.31132472392193,-0.3165566236196096
360,5,0.1197752871367085,0.615233406739162,-15.06186127072078,-0.0753093063536039
360,6,0.3502858243388234,2.354139630045072,-59.699009403110566,-0.2984950470155528
360,7,0.1264612143858931,0.621757963390777,-13.907899115963572,-0.0781342646964245
361,0,1.5510556882442323,8.98287747084265,-234.99220689561585,-1.4967656490166612
361,1,0.0782573118471901,0.3144618036745363,-9.44577648082151,-0.0472288824041075
361,2,0.4185069466654878,2.5937335914259263,-50.41205010476806,-0.362676619458763
361,3,0.315337335913927,2.66571198427606,-55.65384194420153,-0.2782692097210076
361,4,0.2338332672963639,2.223710207611631,-34.1169275428084,-0.1705846377140419
361,5,0.1583500845480173,0.9021933229994458,-24.791579985232755,-0.1239578999261637
361,6,0.1032238767738601,0.3504527631196196,-13.980800286272316,-0.0699040014313615
361,7,0.0738308088827965,0.3286555949490529,-8.869956979810562,-0.0443497848990528
362,0,1.0877293472972394,7.518543097424348,-135.56206598344417,-1.0269853483594256
362,1,0.0918335422754297,0.3113982311922501,-13.64101431898333,-0.0682050715949166
362,2,0.4462110797061663,3.214615156782,-67.34105283542812,-0.3984677682569711
362,3,0.5155194284614938,2.9690387260451043,-80.45017418928191,-0.467733570867918
362,4,0.4941597604972938,4.227410950107663,-83.02423262717538,-0.4257652955239763
362,5,0.0844989292302463,0.3738534384560485,-9.859907342429029,-0.0492995367121451
362,6,0.1241415323036521,0.8075303367745037,-18.444338765809203,-0.092221693829046
362,7,0.1019655034086071,0.7186514769099476,-15.023485028199584,-0.0751174251409979
363,0,1.017438313841575,5.920323680060013,-128.47364290894004,-0.9587585291711944
363,1,0.1144199006773471,0.5376646972155857,-12.001339767433858,-0.0701832734937652
363,2,0.3091400230932952,1.5643729691445036,-40.61928650615255,-0.2587215701028825
363,3,0.6711079945409933,4.037686851121785,-107.7974546567616,-0.6231066743165411
363,4,0.3694862104869983,1.8458730568534565,-51.61059271017776,-0.2932420040351008
363,5,0.0797730285468273,0.2810186068076338,-8.556407847104087,-0.0427820392355204
363,6,0.1102573475652111,0.3531230696644274,-14.888129081301892,-0.0744406454065094
363,7,0.1255631354823784,0.7643609181264656,-16.599747783127174,-0.0829987389156358
364,0,0.8896801657551032,5.410801977948412,-114.94515957767923,-0.8329359389686901
364,1,0.0695552902131045,0.335190703763405,-7.722971172434323,-0.0386148558621716
364,2,0.4825674585933927,4.147412749696629,-65.26937859096049,-0.4294038065194769
364,3,0.455729127358696,3.4475764965402265,-72.89049525362238,-0.4094971643461931
364,4,0.3468769643557446,2.8619195049879864,-56.6576785322636,-0.283288392661318
364,5,0.2135479586932835,1.342610387835408,-29.942582310874343,-0.1584263614331975
364,6,0.4517254162824269,3.559108530695616,-78.77474240941454,-0.3938737120470727
364,7,0.0842230042834385,0.3222552046907382,-10.001766734130277,-0.0500088336706513
365,0,0.8818424423686327,5.558837137576002,-114.78445552719496,-0.8257874498359349
365,1,0.0742816826951798,0.3383476737450043,-8.85612480493239,-0.0442806240246619
365,2,0.2642301364718608,1.2036896523378582,-29.882162770085507,-0.2089661732173811
365,3,0.498574511993244,3.3411142094970474,-82.96618518628728,-0.4533671321655042
365,4,0.2770796955086395,2.5470506928052186,-40.62003315276668,-0.2083078623218804
365,5,0.1102694995475933,0.4154279181877354,-13.311241212470176,-0.0665562060623508
365,6,0.2328854751706198,2.0197605884482464,-36.64770836188298,-0.1832385418094148
365,7,0.2019376485232183,1.7701170702284803,-31.97898975546543,-0.1598949487773271
366,0,0.8986795481537496,5.91084864259178,-117.05014556026728,-0.8420873781314193
366,1,0.066894804332251,0.2471379763779415,-7.794554240588219,-0.0389727712029411
366,2,0.313828682064723,2.6391190672279192,-42.59446338971021,-0.264561884408138
366,3,0.4622918371968348,2.8742217302921262,-69.01003124558946,-0.4132337200334698
366,4,0.3128621123711069,1.4485811881218598,-36.33678467351986,-0.2285332369403764
366,5,0.1087351209249127,0.4020594817314442,-12.032643978341763,-0.0601632198917088
366,6,0.1859811748942766,0.8788858521132435,-28.57375889770648,-0.1428687944885323
366,7,0.1263419749837992,0.7356316325133385,-15.062506510381334,-0.0805481631571194
367,0,0.6049646214444602,3.9648815747510047,-72.29017912837061,-0.5476528721846259
367,1,0.0878794822218025,0.2939861079897496,-10.346977832559649,-0.0517348891627982
367,2,0.1489082349976246,0.5135698542711535,-15.154034387034455,-0.097767963787319
367,3,0.3406000069177111,3.2193676557286186,-53.26300507562894,-0.2959055837534941
367,4,0.3857755814177536,2.009904503122055,-55.62121492843197,-0.310733044292916
367,5,0.0987499430725329,0.4744871579336307,-10.387878278071993,-0.0519393913903599
367,6,0.2359083054816658,2.353722778611396,-36.84825588957138,-0.1842412794478568
367,7,0.175027517904868,0.7991750316108359,-20.49375018895017,-0.1234563264394588
368,0,0.7584162219881053,3.384814364650648,-88.67684323441306,-0.6982428601134887
368,1,0.0711575356167145,0.350572385696849,-8.315797127683755,-0.0415789856384187
368,2,0.3617800437360016,2.734146661673374,-44.93698513809092,-0.3077875694389789
368,3,0.7030323228498899,5.329558212518315,-119.53383296704904,-0.6567793020167529
368,4,0.3389515122317059,1.7736711139630574,-45.961935111692206,-0.2626396292096697
368,5,0.078630787503073,0.4042051471237652,-8.581846278975899,-0.0429092313948794
368,6,0.3512926861120228,2.899829248475668,-59.06457225371692,-0.2953228612685846
368,7,0.2214361101075621,1.0272660694921203,-29.75460988410852,-0.1719919646480261
369,0,0.94044516545345,4.28715565048537,-116.24827273009582,-0.8806687328037562
369,1,0.0792687850429829,0.3749157219107613,-8.677289706627516,-0.0433864485331375
369,2,0.3984178803423875,2.4079414026001604,-40.18735518393867,-0.3321269023466006
369,3,1.331418070358841,10.19656111301402,-244.04780127177105,-1.2844621119566897
369,4,0.3655673176672568,1.9339029452527168,-53.562624951641645,-0.292691939626457
369,5,0.0820029619602191,0.2707804333898247,-8.564256069861939,-0.0428212803493096
369,6,0.3327742874700305,2.985713488880095,-55.92034444606451,-0.2796017222303225
369,7,0.1954301877888725,0.9030725207080408,-23.88056964326348,-0.1438588532726715
370,0,0.4180615971904887,2.6822617871748866,-51.49947260568521,-0.3652444865651433
370,1,0.0794948942787951,0.2549116496914992,-8.751033792985432,-0.0437551689649271
370,2,0.0796171900362717,0.336284550185982,-9.611642366701938,-0.0480582118335096
370,3,0.139807453653902,1.3558424598480416,-22.01896620681659,-0.1100948310340829
370,4,0.240488913677965,2.293948705685932,-35.92093954754471,-0.1796046977377235
370,5,0.0716605746813744,0.3465346631948073,-9.648620474211157,-0.0482431023710557
370,6,0.2795829175768876,1.8649099873592252,-45.02908896315791,-0.2251454448157895
370,7,0.0803514828872622,0.3377621636882598,-10.226333118572033,-0.0511316655928601
371,0,1.0511779569454105,6.87038081930542,-133.9638455149103,-0.9923247815919282
371,1,0.3325239066772087,3.16705668400278,-43.29063816581817,-0.2829453474890077
371,2,0.0994249863823081,0.3583569684739788,-13.635797155242209,-0.068178985776211
371,3,0.2715919177483492,3.143690591342204,-47.7424897226021,-0.2387124486130105
371,4,0.2722993859728873,3.143606453142921,-42.457886380499616,-0.212289431902498
371,5,0.0818983975094585,0.4088734391905668,-9.924185642204291,-0.0496209282110214
371,6,0.0802264070420303,0.3280479912214038,-9.423262788405069,-0.0471163139420253
371,7,0.0880323146655672,0.3669749156871421,-11.158768303614345,-0.0557938415180717
372,0,0.783982949030776,4.666605408411084,-104.3700183097992,-0.7298602679006937
372,1,0.0926439010831404,0.4258853781088704,-7.896816220050626,-0.0472863246709618
372,2,0.3444893266533134,2.669672881899134,-44.71363105029806,-0.2922459545771115
372,3,0.2568359143314023,2.087608500849357,-43.71876258822091,-0.2185938129411045
372,4,0.3805433353761053,1.8334063557621536,-52.9164018231945,-0.3041172518574396
372,5,0.085539207389397,0.3446638499658609,-13.12927571558261,-0.065646378577913
372,6,0.0940037345018861,0.3936529415798219,-11.605126089431268,-0.0580256304471563
372,7,0.1123233285274349,0.4869762042323106,-13.3931751187718,-0.0683325261161826
373,0,1.8993534738334072,8.836130081268289,-270.48136691430847,-1.840009298736792
373,1,0.0848515231562059,0.3018973450140552,-11.824984954714768,-0.0591249247735738
373,2,0.5619984047294705,2.368914107857552,-65.14686345655669,-0.5011297188965899
373,3,0.2671144586761581,2.9072006941327317,-46.233250073814624,-0.2311662503690731
373,4,0.4287496480539337,2.78032463416812,-72.46980573900532,-0.3623490286950266
373,5,0.0919032672455134,0.3905641591762045,-13.988712975341109,-0.0699435648767055
373,6,0.1028457229925035,0.4875998311922142,-13.926109539518135,-0.0696305476975906
373,7,0.1959433140558611,1.714466229493793,-27.261110565691983,-0.1489678172988633
374,0,1.5256646603504842,8.106765022989356,-191.74669491948936,-1.4637152283930488
374,1,0.0752195764945846,0.2947662214414557,-9.398897998265609,-0.046994489991328
374,2,0.7489702461362641,3.2051879983984275,-90.02508236854392,-0.6872143692255261
374,3,0.3499223620420968,2.702279960142042,-59.16653135415493,-0.3081590174695569
374,4,0.3587026761892712,4.02871331342956,-58.13799353418187,-0.2906899676709093
374,5,0.0849909274742347,0.3588792947321693,-12.869860310717112,-0.0643493015535855
374,6,0.0901402824295056,0.2783848659157563,-11.113650542121668,-0.0555682527106083
374,7,0.1919379052393884,1.2045153237211603,-26.69487460264132,-0.1450808402317462
375,0,0.962524204216852,4.073930440345307,-118.2777708976608,-0.9028837473103878
375,1,0.0736086394219459,0.3581207602417973,-6.477008542053607,-0.0339110394871916
375,2,0.330884324040532,1.3581602414501426,-35.52900943201969,-0.2712138124581655
375,3,0.1501827697789497,1.129445243213713,-24.275036235724546,-0.1213751811786227
375,4,0.2731915079639479,1.897953440223724,-38.458290907480986,-0.2024120574077946
375,5,0.0778264473778169,0.3034190812664932,-11.350733093926886,-0.0567536654696344
375,6,0.0783429491819595,0.3055237561577695,-8.142728932325811,-0.040713644661629
375,7,0.1863218014611286,0.8591547253366146,-19.29432652733929,-0.1286288435155952
376,0,0.8659939811371555,4.097515181775855,-105.5899029346896,-0.8060297933945771
376,1,0.0672194879677778,0.2308665514135601,-6.800857467069896,-0.0340042873353494
376,2,0.3966131091117403,2.2270781894838487,-43.54621790564325,-0.3349709069664865
376,3,0.1880419269777164,1.0500545479800074,-29.87182767396266,-0.1493591383698133
376,4,0.3665407667129604,2.655273818352616,-55.505248144666304,-0.2952406816205654
376,5,0.0770062330924482,0.2803535610550157,-10.768548281880523,-0.0538427414094026
376,6,0.3311650500245024,2.054852447677819,-54.8735491991684,-0.2743677459958419
376,7,0.2043214740458593,0.991141950988658,-23.961684203268465,-0.1507024163727576
377,0,0.6783574415118112,3.780028308146887,-89.95495912955552,-0.6246872161774689
377,1,0.0875264832815118,0.3028185569398756,-12.83066772145727,-0.0641533386072863
377,2,0.3072074386966954,1.7417159418697796,-34.25001584410383,-0.2500001156503929
377,3,0.2348830348053545,1.656232714873416,-40.12248976067797,-0.2006124488033898
377,4,0.3419480910137527,2.2704935480313075,-52.66874879645557,-0.2728950714842257
377,5,0.3444578510470698,2.840442123573029,-54.40061407093141,-0.2893649684624011
377,6,0.4468318756148324,4.048007338396014,-78.01559015939503,-0.3900779507969751
377,7,0.0883238632242546,0.3207093016824571,-8.93032374049109,-0.0448759986959351
378,0,0.5962476459009168,3.935083493019791,-80.60523108258572,-0.5446299397472008
378,1,0.073842722589613,0.4192787770512291,-7.960842509609246,-0.0398042125480462
378,2,0.4501107044147996,2.475845002616769,-53.65634271728703,-0.391652136622533
378,3,0.2599172827915381,2.7049189521982844,-46.25100215013621,-0.231255010750681
378,4,0.4819990973476011,1.4922353953183602,-65.15944801776101,-0.3997512148328896
378,5,0.3419149575783555,1.7667825111513218,-59.06632970768227,-0.2953316485384114
378,6,0.6628634717157521,6.676742457560764,-121.2410397981696,-0.606205198990848
378,7,0.1582622025816998,1.06959971016679,-18.787666376807625,-0.1085992276116047
379,0,0.5694355059670526,3.0566961104293604,-69.3039408296696,-0.5133625246642193
379,1,0.1652065642687089,0.8815008808369217,-14.650502480525375,-0.1093321080636222
379,2,0.3068388374868321,1.4469539812938244,-33.27127907086603,-0.2482931273945226
379,3,0.1506590008452054,1.0686783150340895,-23.640120652010093,-0.1182006032600504
379,4,0.3313243273647889,1.6111331053968685,-45.183780540790856,-0.2552755962756545
379,5,0.1903283269647022,1.037125452971924,-21.96447029329452,-0.1292027664311442
379,6,0.4766230218004288,3.039746681820916,-84.87152280567524,-0.4243576140283762
379,7,0.2536115435874609,2.411498828759441,-36.69587530753032,-0.2050048899862029
380,0,0.3552262895641037,2.3176443218617586,-44.83527284632101,-0.3050018560974218
380,1,0.0898347584585708,0.4151478926625101,-8.953476506644131,-0.0486601984056746
380,2,0.1345786959154624,0.7548264830574312,-18.34621889050442,-0.0940831737974585
380,3,0.2243651456274556,2.279619055519233,-38.12077489434293,-0.1906038744717146
380,4,0.3180824929863317,3.933279957607701,-50.98049613577662,-0.2549024806788831
380,5,0.1097440990392786,0.495482080946608,-14.260221203548207,-0.071301106017741
380,6,0.1471909999116136,0.7768396630981609,-19.289832584449844,-0.0964491629222492
380,7,0.0949392285088911,0.3261495320395798,-11.220172275543105,-0.0561008613777155
381,0,1.3830966831677078,8.804720071543874,-184.17940946769795,-1.325031722789194
381,1,0.1382982773875707,1.250925980158286,-20.445616417042515,-0.1022280820852125
381,2,0.119253367626543,0.6988286326345815,-15.58826039890558,-0.0791282253751552
381,3,0.1491520439223162,0.933061219271217,-23.83399311348109,-0.1191699655674054
381,4,0.5465979330907099,3.017556365963595,-80.03839966439833,-0.4680608167508674
381,5,0.0711016735740362,0.2279773472757953,-6.988743398626317,-0.0349437169931315
381,6,0.2342746761535709,2.2298997852365297,-36.847859383566906,-0.1842392969178345
381,7,0.0835956186216241,0.3251694789615998,-9.443865766154694,-0.0472193288307734
382,0,0.9906714347579052,5.099425538903103,-135.64051703452387,-0.935451841617406
382,1,0.1075481278066824,0.4449442735394466,-10.673838901384562,-0.0627872876552033
382,2,0.5193497577080796,4.262787546111929,-68.69172105041724,-0.464133250340657
382,3,0.1386317044639201,0.7568568948350518,-22.239368580922797,-0.1111968429046139
382,4,0.5733308441978179,3.9262500071860833,-83.4612633614571,-0.4938536293577343
382,5,0.1507191781532162,0.8458253400690352,-20.265429364362184,-0.1013271468218109
382,6,0.2626736875858839,2.865961165622271,-41.68610110596256,-0.2084305055298128
382,7,0.0998837735883528,0.6215206225136412,-11.490988436198403,-0.057454942180992
383,0,0.3565760555346869,2.4210947541466346,-44.36024335004362,-0.3059327127589215
383,1,0.1203291350622446,0.8467842661285987,-13.430035853735076,-0.0771841141019257
383,2,0.5074566790814317,2.513263077116385,-68.08547131604546,-0.4539031421069697
383,3,0.2597170796250989,1.9920251662838864,-45.159795723944896,-0.2257989786197244
383,4,0.2904813407257836,1.2138531097492755,-38.33448018234007,-0.2153622482153936
383,5,0.2074197455942926,1.361367874606588,-31.537866127120186,-0.1576893306356009
383,6,0.401958165552375,2.4966814380628755,-68.96650436754278,-0.3448325218377139
383,7,0.1214393840316714,0.5827488098125697,-12.752370504662832,-0.0724566505946752
384,0,0.2312693271253976,1.9756767185996025,-39.22048045099167,-0.1961024022549583
384,1,0.0810128568450255,0.3711534334209357,-9.821522134781809,-0.049107610673909
384,2,3.4460621626946857,19.52435090978233,-678.548248647457,-3.3927412432372845
384,3,0.3579448606637259,2.188660604891778,-62.813064316422185,-0.3172376985677888
384,4,0.1327460020150946,0.8132946252878893,-16.426759152772714,-0.0821337957638635
384,5,0.1491660224910425,0.8659593890874354,-19.608732592802053,-0.0980436629640102
384,6,0.3811208706075124,3.572379986546186,-64.02600271477837,-0.3201300135738918
384,7,0.0943066296116567,0.4672245658770918,-10.843463217200972,-0.0542173160860048
385,0,0.3742630016157128,3.313715260681277,-53.20480005415209,-0.3284246916922968
385,1,0.1331203218131252,0.5257186289102056,-15.361656922845585,-0.0893119588537534
385,2,0.2699095003535545,1.6547741611149318,-31.295632238628134,-0.2158319464732974
385,3,0.1642506926217163,1.2968233943477945,-26.20304292461613,-0.1310152146230806
385,4,0.311113353134052,2.5879963538823736,-48.22027413914167,-0.243536738076473
385,5,0.0994674381180094,0.4909081414925815,-11.089366366877858,-0.0554468318343892
385,6,0.2992449318663141,2.9746773280836543,-50.22782371522609,-0.2511391185761304
385,7,0.1051595542444051,0.4551740754274802,-12.59216918822995,-0.0629608459411497
386,0,0.8980454156297092,8.941326675158303,-140.31649876228957,-0.850403022801755
386,1,0.1685084153264249,1.2419562376132764,-22.33270702805388,-0.1261734860342027
386,2,0.4130718857533274,1.9682335246415807,-53.93442759035851,-0.35956285060239
386,3,0.4204820997544646,2.689066415566244,-72.13217059293481,-0.3776553434185069
386,4,0.3719009187109837,1.4834859469175965,-48.433360717305874,-0.2917672332367824
386,5,0.1344044001413886,0.8107690160549473,-17.205492572685387,-0.0860274628634269
386,6,0.1079680873612581,0.5669148255668015,-12.748837385304467,-0.0637441869265223
386,7,0.0883231535328991,0.3597287865579882,-9.84269421898328,-0.0492134710949164
387,0,0.8363047898711733,4.845089179617409,-111.77057136446608,-0.7816123871640984
387,1,0.1067408011171554,0.5890054335277131,-9.313333434143551,-0.0589451483173642
387,2,0.4117462355857677,2.7472873661383463,-53.36411274378119,-0.3581484076763838
387,3,0.4930030302025058,1.8115420211124509,-84.2028127216783,-0.4502824209715417
387,4,0.4534997559148471,4.373851995785289,-62.2160697424138,-0.3725513158228371
387,5,0.1684804467373144,0.85326227365357,-23.599358330822465,-0.1179967916541123
387,6,0.2307956548313542,2.360232170863145,-34.80987234449876,-0.1740493617224937
387,7,0.0890807442634164,0.3433006211471924,-10.145347553468438,-0.0507267377673421
388,0,0.4172906537133711,2.87779893301522,-59.6937086824976,-0.370768376909923
388,1,0.0989196278723887,0.3642255381475579,-8.022463517141968,-0.0507750855515314
388,2,0.4065592894661465,2.2828505553770486,-56.28184007075641,-0.3562141776630153
388,3,0.4474409334345984,3.705012331775955,-81.84745160706453,-0.4092372580353226
388,4,0.2884663527169167,1.5301414538994036,-34.19365721494787,-0.2072342861511992
388,5,0.231064727449923,1.5876046261278065,-33.99102663210952,-0.177036597042237
388,6,0.2934458112238013,2.128122226969316,-47.37061680604685,-0.2368530840302342
388,7,0.086326822145062,0.2958924223235494,-9.31350183657826,-0.0465675091828913
389,0,0.5969861311146271,5.595468175699646,-93.16291426749817,-0.5512598477366755
389,1,0.0844653760906558,0.3625648505296209,-6.726894033057393,-0.0398041067044816
389,2,0.5768262875997527,4.411642172690604,-83.0915825286076,-0.5258960919532126
389,3,0.8509912001053058,6.523881001622839,-147.1692347894627,-0.8042034687948781
389,4,0.3152280521996173,1.1444169153931227,-32.97341668029808,-0.2243089570088304
389,5,0.1587857173122816,1.0006639435496454,-21.773551111943306,-0.1088677555597165
389,6,0.2902514090904692,2.562818753787222,-46.009808341926096,-0.2300490417096304
389,7,0.0868420394083836,0.3671299816514118,-9.084337871899264,-0.0454216893594963
390,0,0.238621399225376,1.5593482311956546,-27.529730955660813,-0.1885598010661699
390,1,0.1048114392215338,0.464358249875267,-11.910457692556806,-0.0640347187771871
390,2,0.0868442619286959,0.3542737371109917,-10.487864990983612,-0.052439324954918
390,3,0.2320872872502898,2.299521775459718,-39.75483244119506,-0.1987741622059753
390,4,0.1843456921844097,2.2564750706437664,-26.74024444959784,-0.1337012222479892
390,5,0.0965485252603694,0.5277820674062813,-11.740130155089297,-0.0587006507754464
390,6,0.0916076591257043,0.4108066389272007,-12.174999045924064,-0.0608749952296203
390,7,0.0763049573920218,0.4097794048692183,-10.964642723780775,-0.0548232136189038
391,0,0.658889157767519,3.886546784531255,-79.36181337520289,-0.6012258589030521
391,1,0.0791387790053901,0.4228408286785606,-8.983970143529076,-0.0449198507176453
391,2,0.1558296842306285,1.0705885107501516,-18.21907053171453,-0.1084468484030626
391,3,0.3172935559464743,3.585209595509194,-55.35650742619724,-0.2767825371309862
391,4,0.2167996287901913,1.1917316646905272,-31.124958304092686,-0.1556247915204634
391,5,0.1744894336945874,1.544381368000129,-26.51540285350682,-0.1325770142675341
391,6,0.1950923207624425,1.0511148564920725,-30.12700287406884,-0.1506350143703441
391,7,0.0850662736147917,0.3343682658241526,-10.139314974185488,-0.0506965748709274
392,0,0.4908741849809525,2.3593610823960915,-57.35948716154126,-0.4345415694056156
392,1,0.0912057483860946,0.3499736956726895,-9.752739828173164,-0.051330209621964
392,2,0.3072138388103564,2.5041700553932595,-43.09053958144165,-0.2595815637436244
392,3,0.5557156492047779,3.530022084876987,-98.97773647676809,-0.5128380128329952
392,4,0.2654882876602922,1.578640732143788,-40.61397132911004,-0.2030698566455502
392,5,0.2228582666857478,1.2946534265068257,-28.319663536433403,-0.1636974770892104
392,6,0.2307124311409263,1.7004562100321927,-35.48406507011236,-0.1774203253505618
392,7,0.1720087862507739,1.4521995174897044,-22.112183731903837,-0.1242257513028305
393,0,0.5025497195116493,4.394908333277225,-67.91298676276314,-0.4527532450850876
393,1,0.1220298902656309,0.4527885083289035,-13.853528407407788,-0.0791630194709016
393,2,0.3082570173756324,2.263619000318158,-39.71468659461779,-0.2562237844814051
393,3,0.5132510714059989,4.031569466704933,-93.74877269925793,-0.4710993602977785
393,4,0.3106414500913613,2.1903781398989524,-49.00974204108132,-0.2450487102054065
393,5,0.3143235155208458,1.9004348786663392,-49.61088415244245,-0.2597428489656673
393,6,0.3302702100324224,2.3413283963781084,-55.0025647708212,-0.2750128238541059
393,7,0.1441657012593735,0.972939805626504,-19.95831922480604,-0.1007995920444749
394,0,0.4530470957554383,2.8948984101579343,-59.65488600104416,-0.4030735540611092
394,1,0.0750023378785289,0.489903748752328,-9.785203942756905,-0.0489260197137845
394,2,0.3424364505400905,2.215129695431189,-44.41900473224384,-0.2903202923676068
394,3,0.4213310671218527,2.873526982401818,-72.30946981590988,-0.3785836116016224
394,4,0.3088155887375393,1.638624434768155,-45.22829122204708,-0.238043638010774
394,5,0.2853118187159573,2.6494287299019943,-44.51429475446961,-0.2318452851795292
394,6,0.2710334072625857,1.6073729550513116,-42.272867288621576,-0.2113643364431078
394,7,0.1086884728101647,0.3492806143041674,-13.967124757052192,-0.0698356237852609
395,0,0.6871238586478974,5.5248401725158045,-89.85627683941546,-0.6327906819677145
395,1,0.0845891252324273,0.3516933842479687,-10.262203635016784,-0.0513110181750839
395,2,0.3131855170844533,1.772370114729946,-32.76880405763477,-0.2520677235202674
395,3,0.5595988435306156,4.410793987698388,-96.39172057587608,-0.5154637463950592
395,4,0.3782883719569493,2.4483055022386657,-53.57680774083032,-0.3026938290442391
395,5,0.5552446746580227,7.874579420319187,-100.10409989534114,-0.5005204994767056
395,6,0.1104720201960975,0.4143120454061907,-13.16748967519625,-0.0658374483759812
395,7,0.0836665100595559,0.2770419600890279,-8.906159887859626,-0.0445307994392981
396,0,0.4904618678569218,2.970568309489145,-64.54739637771442,-0.4390979345422749
396,1,0.077551247071111,0.292373330789992,-8.862552514024225,-0.0443127625701211
396,2,0.2363099738001922,1.0361316917219223,-23.699220874989404,-0.1768598572760403
396,3,0.3762112821002463,3.6969932917062422,-59.924804612605726,-0.3310762685779322
396,4,0.4451432701228071,1.9032665730193672,-57.90546620444172,-0.3619091637777607
396,5,0.3291043669482404,2.578513714866651,-55.585609791123616,-0.277928048955618
396,6,0.1217792625635065,0.7136766686687629,-16.19588593113598,-0.0809794296556798
396,7,0.1787794792475101,0.5446086158547404,-19.47292706955588,-0.1240313826086361
397,0,0.627198406250623,3.9743589638478647,-80.79058540394743,-0.5729828752053009
397,1,0.1236439491353298,0.5821036027497656,-15.089175825015262,-0.0824545127050014
397,2,0.1669708876840351,0.648682934050387,-22.91836506992397,-0.1238830544320214
397,3,0.6301617053777986,4.653261402443709,-108.1725571525091,-0.5847165251486979
397,4,0.2675589894060237,0.8552678397693694,-29.071550320506557,-0.1828399391226827
397,5,6.923017269939328,34.870382778266304,-1374.6308296933498,-6.8731541484667495
397,6,0.1923971933459797,1.015032654796946,-27.91334831355213,-0.1395667415677606
397,7,0.1482559256610578,0.5439399435322674,-14.060997682690388,-0.0919019456384992
398,0,0.6913463508109833,4.004303254216182,-91.83742980353962,-0.6377599291912474
398,1,0.15652956109916,0.8342778620571798,-18.14383040500232,-0.1106331122256238
398,2,0.4090160913978235,1.4001151041177309,-44.76778233311834,-0.3470370723497545
398,3,0.7416685990179475,6.967205768374724,-127.21702427351288,-0.695174996030125
398,4,0.3340932773297169,1.7300494254144148,-40.94200953881708,-0.2511779726307796
398,5,0.3388060233843831,1.698113231314857,-58.69363854996445,-0.2934681927498223
398,6,0.4465218988796924,3.738778302271782,-77.46943860785402,-0.38734719303927
398,7,0.1979709420795369,1.1291737929158878,-18.96603004921391,-0.1364462593468626
399,0,0.3502502611882683,1.9566959819891512,-42.00687360754998,-0.2979210894152481
399,1,0.0764294372755018,0.3876219995040273,-8.511416543772725,-0.0425570827188636
399,2,0.2250244813703042,2.0777477475803368,-28.080668704992306,-0.1755041794062019
399,3,0.4393592643296866,2.2214699617844644,-70.45039340094083,-0.3935776167650325
399,4,0.2558054803016019,1.8250152252613148,-36.44994684591799,-0.1869228043380409
399,5,0.7506711339794316,8.343450211903997,-139.28413798868092,-0.6964206899434047
399,6,0.3916524335145208,3.773297639484663,-67.57123967941347,-0.3378561983970673
399,7,0.1387487533209535,0.6909024145206626,-14.270871759956425,-0.0864901318785237
400,0,0.7046230776456831,5.783474453211198,-97.3066788653893,-0.6530649588281161
400,1,0.084436064190397,0.3562685727621629,-8.51613037930761,-0.0445870700487309
400,2,0.1840378182550156,1.2983793142400952,-20.79215053775625,-0.1332830162676682
400,3,0.3036319355998013,2.1223298337241414,-50.56347341201536,-0.2619869088705459
400,4,0.2172309502926016,2.4842398647200805,-32.166678625368334,-0.1608333931268416
400,5,0.0944132179798252,0.3939092144284632,-10.60552956220066,-0.0530276478110033
400,6,0.078231018739509,0.414428496226067,-8.538849199815816,-0.042694245999079
400,7,0.0801441039155907,0.3109276317293253,-9.88570258778014,-0.0494285129389006
401,0,0.5854877508868118,3.6837366933482594,-73.18160270105636,-0.5303014688482345
401,1,0.0763012136667404,0.2972492295715778,-7.173603727272372,-0.0371689312293905
401,2,0.3359476723353465,1.7685493173810864,-42.47046514187381,-0.2831364342791587
401,3,0.4022292143026192,2.506172574186776,-69.08327990226026,-0.3598087494909388
401,4,0.3650899957872,2.039554257606132,-59.88251475133798,-0.2994125737566899
401,5,0.1421426728245002,1.007237284674943,-19.128506532673093,-0.0956425326633654
401,6,0.2486339944065166,2.347982485360636,-37.94252502082105,-0.1897126251041052
401,7,0.0990295474025774,0.4124077252348357,-10.306627576604985,-0.0539614009246334
402,0,0.6891917891934348,4.942120151312427,-103.18417427184755,-0.6408954923717239
402,1,0.0768023556384711,0.3737946327664434,-9.180794102425024,-0.0459039705121251
402,2,0.3406575744762122,2.6888922519295204,-38.44246567389696,-0.2826651887786541
402,3,0.5192379160930372,3.478840706961508,-81.51924240671896,-0.4712094936804564
402,4,0.2916432138007442,1.8322262924933248,-46.95746115137867,-0.2347873057568933
402,5,0.2054251216572145,1.008233288005895,-21.505219278687207,-0.1387433501850787
402,6,0.4922258382119166,5.423196570452702,-87.88257431733697,-0.4394128715866848
402,7,0.0784136955569584,0.3773256061495177,-7.737710202998397,-0.0386885510149919
403,0,0.5978127585551513,3.4794250114063257,-79.68448930193563,-0.545784173300929
403,1,0.0880813442576457,0.3132499791528861,-9.601961461872314,-0.0492408280096016
403,2,0.4597461548873734,2.134389591800738,-60.49765724794325,-0.4060245452882097
403,3,0.3750713687781603,3.4179785488128798,-66.08781591968581,-0.3337768480792212
403,4,0.2092197886328205,1.564820449982197,-30.9398047682962,-0.154699023841481
403,5,0.1272727456609296,0.4577361602973778,-15.943603765929918,-0.0797180188296495
403,6,0.2796968060009646,1.6246262187355218,-44.3219831360513,-0.2216099156802565
403,7,0.0739730888579747,0.3396060783981959,-7.241263699140317,-0.0362063184957015
404,0,0.5733510024761592,2.5456313304615152,-69.86504794442408,-0.5175188736624006
404,1,0.0772399574566816,0.2365616356773312,-7.977186313904515,-0.0398859315695225
404,2,0.2337698160154227,1.234808963534971,-25.00072414499961,-0.1773101003191461
404,3,0.2530912855167298,1.959736726825265,-42.96410370731839,-0.2148205185365919
404,4,0.2699712132370871,1.3501488601481306,-38.40401924573586,-0.2000209335715409
404,5,0.1498970191040673,0.7042749057329656,-20.04429272908733,-0.1002214636454366
404,6,0.3353722100184996,3.011478366612824,-55.88166085180424,-0.2794083042590212
404,7,0.0812462087495965,0.3813542603273963,-8.44843847447557,-0.0422421923723778
405,0,0.5532215882257071,2.7766824274001336,-71.56612620998163,-0.5004624210488227
405,1,0.1949201339900582,1.7227364237217653,-23.59191046417224,-0.1474494404010765
405,2,0.4200671310878221,4.0145796668972205,-57.83743138082069,-0.3683912826803865
405,3,0.244238637660115,2.158663560508987,-39.641536605624765,-0.2032899313108962
405,4,0.3594411279998759,2.6265435145898963,-58.46128597372032,-0.2923064298686015
405,5,0.2168367966958144,1.1335565292291283,-26.580545805313832,-0.1563561517959637
405,6,0.1638336682261934,0.8212919299011483,-23.50923681663036,-0.1175461840831517
405,7,0.1231982348633754,0.6086297938578235,-14.271781358347948,-0.0771447640991781
406,0,0.526254505451668,3.353447804771922,-66.156815731188,-0.4725486837942
406,1,0.1959440234166495,1.1250262582219208,-20.269291498667226,-0.1427414894272339
406,2,0.2381940481701996,1.3714465236406486,-26.58603534384718,-0.1833519678886012
406,3,0.4376675671048894,3.418570664681572,-79.30376437516661,-0.396518821875833
406,4,0.4359541135324825,3.589885844175505,-76.24046007805246,-0.3812023003902623
406,5,0.129420281728586,1.1231639485136269,-15.006441029759326,-0.0765634746416292
406,6,0.2659297263456499,2.303277803174555,-43.672391758935234,-0.2183619587946761
406,7,0.1864707904970066,1.3607497894796536,-28.484471805173,-0.1431380492722261
407,0,0.7428926227898109,3.562126125457015,-93.34312472254402,-0.6863465053128237
407,1,0.1746662953595151,0.6551245824891718,-17.958806860406163,-0.1230055264411381
407,2,0.1705611994673403,1.1225052566171,-19.30053514302974,-0.1206283446439358
407,3,0.460620281106036,4.427915740168884,-79.80609250500794,-0.4178329450523976
407,4,0.2918916577399053,1.9716274519605976,-46.456348513777726,-0.2322817425688886
407,5,0.1446270443204478,1.1289283957343723,-18.848808630368257,-0.0942440431518412
407,6,0.1995176289714381,1.2797309728689723,-31.184801367146108,-0.1559240068357305
407,7,0.1343799190664883,0.5289811727675482,-15.081216483665482,-0.0856887300208266
408,0,0.8095959773840806,6.539338006727797,-109.595288093945,-0.7558295730616895
408,1,0.1675245573515695,0.7862216700253855,-17.825359765992157,-0.1180487401721334
408,2,0.2192794678546445,1.1509127868185407,-27.55817826442876,-0.1701122115088195
408,3,0.3749374889233078,3.458732962592621,-61.226568940620815,-0.3309544267060584
408,4,0.337325610001726,1.7953818229097138,-52.98769676540057,-0.268973080027414
408,5,0.1650757242489308,0.7709268257236757,-20.588660789873423,-0.1100997903201787
408,6,0.2674210337540787,2.072496743493373,-42.4744731022321,-0.2123723655111605
408,7,0.1645152364934111,1.3629634643635913,-24.30031949434537,-0.1215015974717268
409,0,0.4535219901413171,2.9492541408827115,-54.25668484561915,-0.3989462121001408
409,1,0.1564121215377598,0.6700506725846934,-15.777656398306416,-0.1058903113980296
409,2,0.3234060650717832,1.3993979006328603,-38.03281422274284,-0.2678367198784707
409,3,0.2686454587312756,2.790352719017715,-45.74609104824352,-0.2287304552412176
409,4,0.2923355658512254,2.376755709523916,-42.62736388433861,-0.2220175202309302
409,5,0.1184336040696315,0.4823950864193739,-14.00070382725158,-0.0700035191362579
409,6,0.3211880248099942,1.503079043394658,-52.778078904256574,-0.2638903945212829
409,7,0.186300784462213,1.2832779721864431,-25.929867793462492,-0.1401614475322297
410,0,0.4653345739933996,3.250759531662606,-59.061501697651536,-0.4130174943891715
410,1,0.0871145001612753,0.2899438602127313,-8.281177837294512,-0.0455009771279918
410,2,0.1462002834592551,0.7531907057108603,-17.24522198619422,-0.100262918524385
410,3,0.2718982971066082,3.582793174243982,-46.47362387290989,-0.2323681193645494
410,4,0.3234179151071817,2.1164603567311207,-46.156528812955976,-0.2508507000704129
410,5,0.0770232365839154,0.2715188743807987,-7.853763209495298,-0.0392688160474764
410,6,0.2501203742706194,1.771058056896862,-40.67340902416952,-0.2033670451208476
410,7,0.0857451047821316,0.3212698476079986,-8.992745505546742,-0.0449637275277337
411,0,0.3868839494012166,2.0394304471421942,-43.68873439370616,-0.3309752605583799
411,1,0.118348409715011,0.6901603388950736,-10.747847646640365,-0.06934095255897
411,2,0.2620256327863856,1.126946091713812,-33.641990962016095,-0.2115848488177112
411,3,0.3255080147870337,3.358491528246701,-57.79600748961239,-0.2889800374480619
411,4,0.3455607446490328,1.6832810632911084,-51.61166684938605,-0.2745301428158833
411,5,0.0840816990497803,0.3596635851297889,-11.090450034423696,-0.0554522501721184
411,6,0.3210917418372173,1.7042126842279457,-52.33977058620827,-0.2616988529310413
411,7,0.0840382304155823,0.3496944903620498,-8.517521661316309,-0.0425876083065815
412,0,0.8318529675699116,5.9110884222298985,-118.5859835158298,-0.7801709441830909
412,1,0.1592571904708043,0.5979146714184053,-15.700308157679869,-0.1075363572443826
412,2,0.1560955296681961,0.847302641900848,-18.73524397473019,-0.10956283026158
412,3,0.2708274124760892,1.922763648203694,-46.377670034311336,-0.2318883501715566
412,4,0.3940991632825572,2.677200562413678,-66.51796059333368,-0.3325898029666684
412,5,0.0847509411671844,0.3797481847964981,-10.148116690734902,-0.0507405834536745
412,6,0.2462302571454633,2.176411862073873,-38.41406679878645,-0.1920703339939322
412,7,0.1334667358112795,0.8164303161385444,-15.96351792503565,-0.086758249592585
413,0,0.7636086561435277,4.557213969002405,-103.62455237588884,-0.7097572080540331
413,1,0.202194420131787,1.0009641433980931,-23.55513052885607,-0.1529553930445199
413,2,0.1842637021859059,1.007176136252775,-19.268693559678574,-0.1301938754032336
413,3,0.2129215525956003,2.1116562132594776,-37.10659174825612,-0.1855329587412805
413,4,0.3569067292142043,1.524244730435948,-58.02181510845076,-0.2901090755422538
413,5,0.0976629313974045,0.352173995694667,-13.853620571174371,-0.0692681028558718
413,6,0.2234984866169107,1.4057884461181878,-34.099850612369714,-0.1704992530618485
413,7,0.1525359610348074,0.9498429233657328,-17.243391429377926,-0.1020319019489818
414,0,0.4760879225085668,2.4112484754084944,-54.38753939653758,-0.4183656876656737
414,1,1.242439864985592,9.046733308222912,-226.99332007510537,-1.1947016846058178
414,2,0.2240708882449185,1.5935436115158057,-24.66139728146935,-0.168913680010064
414,3,0.1800954309836165,1.4811697388838696,-29.89448003607772,-0.1494724001803885
414,4,0.2662984814167284,2.084171724408875,-34.06143217391724,-0.1913563605276249
414,5,0.1063194226264529,0.3066214357648378,-14.1098671706834,-0.070549335853417
414,6,0.1880651465105064,1.0045920901573686,-27.822473815882105,-0.1391123690794105
414,7,0.1253083254848342,0.5247808877167225,-12.166530268698915,-0.0732923510162585
415,0,1.0421241508840977,6.335321964684209,-138.9689660460468,-0.9855955038726724
415,1,0.2058708476235288,1.6230275155186649,-28.23190142029711,-0.1622523070132017
415,2,0.6274971145282737,4.3054832868117865,-75.3424245010213,-0.5664843947445211
415,3,0.1781388856997932,1.8037236566752344,-29.327125017185217,-0.1466356250859261
415,4,0.3696677460714447,1.520644396107446,-55.00859717644283,-0.2973437685213125
415,5,0.0777252873336238,0.3473668574933383,-8.49245133926301,-0.042462256696315
415,6,0.2046565236311279,1.7424723237488908,-30.778087011712632,-0.1538904350585631
415,7,0.2122587969938762,0.8769870917820922,-22.671749839622464,-0.154229590745731
416,0,0.915734711924674,6.957101227473969,-126.61060067915224,-0.861296603259539
416,1,0.1077500738709766,0.3294299930010902,-10.220587463587838,-0.0619429543247747
416,2,0.3045015982655272,1.2808265812545694,-34.41910437908436,-0.2476194559646356
416,3,0.1515332986758333,0.9874355299970586,-23.369151880055664,-0.1168457594002783
416,4,0.4451447128428849,2.6611424015268925,-74.41020415037556,-0.3777167723369318
416,5,0.1428392927536535,0.6719288619469369,-15.7920596144905,-0.0862954077294562
416,6,0.3986122071019989,2.202361265765998,-68.28000702659773,-0.3414000351329886
416,7,0.195993190169466,0.7286218662743511,-22.35318922089874,-0.1414758811449287
417,0,0.6897109422763326,4.374677304935421,-84.0552679792507,-0.6319944960845917
417,1,0.1995028885169304,1.063330864935118,-19.981420407933037,-0.1447929015067611
417,2,0.2733841667979852,1.7949020859842202,-28.16760198602144,-0.213390924136526
417,3,0.2943126974168165,2.804814752621515,-51.67358924389112,-0.2583679462194556
417,4,0.4884274528766034,3.3477962478405923,-69.62050221492832,-0.4095323659701666
417,5,0.2416389070785674,1.846638120345561,-36.75077038092624,-0.188465489132955
417,6,0.1505826778140319,0.9364095867391274,-20.49760329340035,-0.1024880164670017
417,7,0.1122925848785137,0.6781449848250667,-12.271772123777358,-0.0659772694826739
418,0,0.8359822120834275,5.849529941250288,-106.84977399317248,-0.7799253576143977
418,1,0.1076291697542539,0.6049466169931861,-9.909027621855168,-0.0611668371719454
418,2,0.4688263081688186,2.8594624731691245,-53.79344775053821,-0.4075261193222592
418,3,0.2429769125377139,1.5933109541576302,-40.96933474987834,-0.2048466737493917
418,4,0.5027950986652372,3.068653568406418,-80.69030375522001,-0.4314989505626739
418,5,0.3335858974528252,2.9467137911453407,-54.43909902892665,-0.2806139125202405
418,6,0.3268606000250069,1.7485466788514168,-53.0140715688807,-0.2650703578444035
418,7,0.107579567227034,0.4816412601740736,-9.600159905057897,-0.0568056799115851
419,0,0.5422593054418997,3.2157537684938284,-71.58187090232813,-0.4902867870022475
419,1,0.1649471748818536,0.7941230406198886,-17.5318677478641,-0.1153412351833164
419,2,0.3524654217576461,1.1829234095358905,-38.13428095106996,-0.2911013813058775
419,3,0.3903861280516784,3.271040961268851,-64.5046167790914,-0.3467990149413516
419,4,0.3725627694085521,2.525415960240744,-56.20383348560903,-0.3005552592813317
419,5,0.2969415514508436,1.5541159089961794,-45.5467618059341,-0.2422700096060324
419,6,0.2308773463895252,1.5992956692580422,-34.12401534054533,-0.1706200767027266
419,7,0.1205696378911712,0.5817366610913592,-13.227906689402078,-0.0730823574000114
420,0,0.424397061216629,2.7004018382783608,-48.997211307445895,-0.3684000850183901
420,1,0.103903391295184,0.5467393087546005,-11.055113939847526,-0.0617604130717738
420,2,0.0872361036994387,0.3072460671907847,-10.961040357330974,-0.0548052017866548
420,3,0.3330025954585367,2.4704066020327784,-57.20193950402178,-0.2918466301225601
420,4,0.2120138303900008,1.9514758481488723,-30.26112461863226,-0.1513056230931612
420,5,0.0950940967684915,0.4126270666852722,-11.70848602306585,-0.0585424301153292
420,6,0.1007171284152757,0.4592096326127112,-12.54846577527294,-0.0627423288763647
420,7,0.0963383955505645,0.3629802610711916,-8.731511111435326,-0.0482403928808581
421,0,0.626582266554592,2.41472785051317,-70.78345213369025,-0.566267617069522
421,1,0.0821126758698651,0.2972841571264222,-10.717362260298502,-0.0535868113014925
421,2,0.1017084184601156,0.5276049232499807,-14.330410559929792,-0.0716520527996489
421,3,0.2535364557266593,2.0907637991936645,-43.213002028823695,-0.2160650101441184
421,4,0.1683910032310193,1.0036286022893135,-23.36736722184526,-0.1168368361092263
421,5,0.0823012229500487,0.2732844765991808,-9.93499347552457,-0.0496749673776228
421,6,0.3828833845524809,3.694086666752936,-63.61656815076394,-0.3180828407538197
421,7,0.2521137205714679,2.624656905196278,-36.02484694575895,-0.2035302087331014
422,0,0.4834028168992092,3.370740074011687,-62.55602262212361,-0.431420845669818
422,1,0.0999149345723897,0.4287173874242702,-10.333838527979998,-0.0577309414970949
422,2,0.1087773445179325,0.4542428903866402,-16.5872520343928,-0.082936260171964
422,3,0.2287875464991588,1.9728035653837763,-38.53281644047843,-0.1926640822023921
422,4,0.3090359746477005,2.527024264850938,-48.42452275319607,-0.2421226137659803
422,5,0.0843127740809279,0.3972128193929801,-11.46445404572684,-0.0573222702286342
422,6,0.2926468641452396,2.615304078625231,-48.66665072453435,-0.2433332536226717
422,7,0.0807594786382452,0.3534979874260798,-10.519652765470026,-0.0525982638273501
423,0,0.7807948331898182,5.65956303588355,-102.24094406144712,-0.7251130784499795
423,1,0.1204845280326935,0.8067074461099696,-15.11603830650097,-0.0804044590771328
423,2,0.1021878083823093,0.4903135517489769,-15.070412056645146,-0.0753520602832257
423,3,0.5501037853845971,3.836578814091759,-87.01424303665274,-0.502972503102039
423,4,0.4566518750482429,2.6692385358984474,-78.27528994264343,-0.3913764497132171
423,5,0.2009903695515803,1.361664080979797,-29.08577145844012,-0.1483967931553067
423,6,0.2900905034850877,2.495455672495949,-47.7765577813746,-0.238882788906873
423,7,0.0871801405266501,0.3376276473966353,-11.399639773356409,-0.056998198866782
424,0,0.932667283941066,6.047300178966724,-124.41609981931173,-0.8761697170374065
424,1,0.1889932973341389,1.2761239947991825,-21.986342247996017,-0.1409380913333078
424,2,0.1437445217953331,0.5109703076565828,-18.576084643039334,-0.1009569817556485
424,3,0.5235918267081873,3.7849503352984746,-80.79362492548017,-0.4752566172087069
424,4,0.6105461490688204,4.845792949127133,-89.67380056931209,-0.5306142045521426
424,5,0.0709517531551012,0.2102765245463724,-7.336580817559302,-0.0366829040877965
424,6,0.2888772557280267,3.3076679025502003,-46.466548674707774,-0.2323327433735388
424,7,0.0854372528870712,0.3690843688026866,-12.555885269657592,-0.0627794263482879
425,0,0.5745850917600147,3.3700177391016166,-72.75045591341392,-0.5196461136672422
425,1,0.1781221164826722,1.1813117590723885,-24.322782699509403,-0.1358814675950246
425,2,0.1425897181126892,0.8118786676235046,-16.467867300634406,-0.0963033175475696
425,3,0.405347867906882,3.3134929547678738,-72.09735015259888,-0.3641280310737317
425,4,0.5663622509010946,4.039896946726946,-100.3416338473098,-0.5017081692365489
425,5,0.1795953289330949,1.3006669113548093,-26.35209292968176,-0.1317604646484088
425,6,0.2672772897638427,1.998892903199234,-43.495752942548975,-0.2174787647127448
425,7,0.0793859454402953,0.2443560692631387,-10.308263198937274,-0.0515413159946863
426,0,0.95767637775183,4.838195313388325,-124.12337822571632,-0.8994447697515675
426,1,0.072227325731914,0.296538729368877,-7.883492720784513,-0.0394174636039225
426,2,0.3417597312819337,2.718841784597794,-47.11264981272776,-0.2926251541163215
426,3,0.2136945824363995,1.8397494115400397,-35.853310605749776,-0.1792665530287489
426,4,0.5683844918013352,2.954909457021828,-88.88582210104316,-0.4938101227835731
426,5,0.0721598347824211,0.3028578392155056,-7.4974384059084915,-0.0374871920295424
426,6,0.3210783808591836,4.32685938146202,-54.01435882219256,-0.2700717941109628
426,7,0.096579715512051,0.3582871957099318,-11.321490271744016,-0.05660745135872
427,0,0.989576910496298,6.7480602448785385,-132.5501022265163,-0.9334514241303964
427,1,0.1441071784411996,0.8138570311045463,-17.087388418893017,-0.0999262480637018
427,2,0.1866088820252065,0.8263160155888429,-20.05317851651371,-0.133687856776758
427,3,0.4170398886269418,3.425342147753005,-76.113070696105,-0.380565353480525
427,4,0.6292591585000407,3.4551330042271657,-94.883005468665,-0.5516453806317733
427,5,0.103915858096097,0.6601607328131797,-11.17070656102256,-0.0558535328051128
427,6,0.330432331286498,2.0323444808227475,-55.16858496622181,-0.275842924831109
427,7,0.0821912591016085,0.2963474295347933,-9.70421069734249,-0.0485210534867124
428,0,0.9211599196272692,5.20943639702246,-124.6625358371504,-0.8657120544246557
428,1,0.1035929177924181,0.3276893109879754,-10.379226176619964,-0.0599955270324853
428,2,0.2389874564328793,1.2263805747136636,-30.49177679872253,-0.1893899180044877
428,3,0.4047520809467582,2.1150309403223666,-66.77642863390663,-0.3609536682913872
428,4,0.64543971966011,4.425507895746664,-112.18766558864463,-0.5753213619930494
428,5,0.1287062627621593,0.7074859555217224,-15.709547532725958,-0.0785477376636298
428,6,0.6699848257992612,3.59362396938033,-123.34779207489254,-0.6167389603744627
428,7,0.1371692931656682,0.7267976828067302,-16.405003094917273,-0.0901373796424025
429,0,0.7764385174694597,4.86979625860586,-107.12715315951446,-0.7238321159426653
429,1,0.2413137447664521,1.0883110391702049,-26.46988020713245,-0.1877296468590954
429,2,0.1052787665373824,0.5401157056344781,-13.157224634623592,-0.0657861231731179
429,3,0.4554664242914066,3.34666332007919,-83.36064280956526,-0.4168032140478263
429,4,0.2834865966548524,0.995496633153779,-42.20938965963227,-0.2153540288756748
429,5,0.0807343957089026,0.3055072574559148,-9.10071541424217,-0.0455035770712108
429,6,0.2527081002052533,1.7863252665153255,-39.72675913722705,-0.1986337956861352
429,7,0.1696116698251681,1.3716905055210822,-21.942990012724614,-0.1219055000706923
430,0,0.3024997532723573,2.0990708927404587,-41.02615013941725,-0.2564134383713577
430,1,0.0790432486596443,0.3944514932303517,-7.348057202327611,-0.0388786095361249
430,2,0.1551167617652432,0.9748034726446648,-18.33435694757917,-0.1084873192164447
430,3,0.2185784368727698,2.5840341821043413,-37.56788625992698,-0.1878394312996349
430,4,0.3053068778526404,1.7825632628580157,-45.63754707185825,-0.2364639744655867
430,5,0.0750375002596043,0.3324974712327158,-8.64387687852938,-0.0432193843926469
430,6,0.1349610412575662,1.5358793529288848,-18.969517756402805,-0.094847588782014
430,7,0.0764971818826931,0.2463744702338687,-8.115334543133612,-0.040576672715668
431,0,0.233873391609222,1.2869357104322046,-32.76138807474704,-0.1915870647646025
431,1,0.0828574155026592,0.4994820309679693,-8.223564013878708,-0.0430553089731869
431,2,0.1803490665486885,1.2264640925674395,-21.63616012045241,-0.1319278056125147
431,3,0.2171106077836257,1.3873479759065346,-36.22128195517149,-0.1811064097758574
431,4,0.4933295074219053,1.9563076579148075,-69.10417220686165,-0.413797438364441
431,5,0.0775717490844404,0.346155408196998,-10.057209591327917,-0.0502860479566395
431,6,0.3135419726843053,2.261620646055823,-51.94227742804985,-0.2597113871402492
431,7,0.0941387986135987,0.4415535606766417,-10.521253248178391,-0.0526062662408919
432,0,0.2514005915029649,2.4579432867622684,-35.67559673913101,-0.2086292206966725
432,1,0.1347968346978397,0.6904487475300752,-12.07146251710188,-0.0826812501171361
432,2,0.3330665561109092,1.955495438113281,-38.3660221937869,-0.2760145481567402
432,3,0.23887023998909,1.6779896981520426,-41.04280566238005,-0.2052140283119002
432,4,0.2572849493696659,3.618470540950717,-40.4839360478864,-0.202419680239432
432,5,0.1496794424942354,0.947001149125884,-20.6145776476458,-0.103072888238229
432,6,0.3046017788615807,3.4667105258235904,-49.93196322392007,-0.2496598161196003
432,7,0.0873199515500214,0.3913412148113477,-8.571364923838452,-0.0435094666184693
433,0,0.8621303544684793,4.879936324530958,-114.56350236623943,-0.8067852279312636
433,1,0.2790135913169094,1.1198498695489634,-27.90864383056637,-0.2197531010280816
433,2,0.2219973377565692,1.7375415492552548,-28.848651561916164,-0.1737870576019046
433,3,0.4476576604528591,2.5868696605238224,-76.89888773666122,-0.4047309880876906
433,4,0.2090132959950176,1.136014877264379,-24.20549493954241,-0.1344749718863467
433,5,0.187563173654098,1.7259707829770168,-27.62982257078777,-0.1381491128539388
433,6,0.4473290287955416,3.286637970697617,-77.5471951299522,-0.387735975649761
433,7,0.22141366462334,1.8698413452387288,-30.841903706210537,-0.173269121945003
434,0,0.863586020053172,4.9337382149926,-118.2866942348195,-0.8101828372247911
434,1,0.1550052583430624,0.8504186834164068,-16.941362643097893,-0.1072238141968221
434,2,0.3470672754861953,2.7222648930505304,-45.75858199403275,-0.2952166580260177
434,3,0.4917415001845897,2.4106184340300087,-90.19873842852118,-0.4509936921426059
434,4,0.2895248507602618,3.1804283091645567,-45.18310087422679,-0.2259155043711339
434,5,0.3146308943834993,2.2444142040119166,-52.60788713211858,-0.2630394356605929
434,6,0.2390436196719802,2.4866099767406844,-38.48063212043429,-0.1924031606021714
434,7,0.2203868009475291,1.8550488341300648,-28.002237833609307,-0.1686881797205379
435,0,0.8864779937239383,6.179871595685371,-126.83895311308947,-0.8344667967966413
435,1,0.1238097668948483,0.8761000522680198,-11.090754583365838,-0.0734487058501048
435,2,0.1457071687226201,1.0420409698351512,-14.024347527187556,-0.0928764736899838
435,3,0.4621627436012888,4.636219667847784,-84.60522609284135,-0.4230261304642067
435,4,0.2409644277915291,1.369687441420981,-32.62696907034202,-0.1708218275934137
435,5,0.1985170243233206,1.9039878217983937,-29.98052708898017,-0.1499026354449008
435,6,0.1958696481937314,2.416505396406192,-29.724943349569383,-0.1486247167478469
435,7,0.1592092432163244,1.8377197332290427,-19.702933498877435,-0.1106906376341429
436,0,0.3887092131934436,1.950383883934243,-46.22073350442038,-0.3349328514813071
436,1,0.2427252387327618,1.151844277200089,-25.26998006649832,-0.1871850375296171
436,2,0.3177245280299382,1.9876116228242,-41.58695235098829,-0.2665830278909505
436,3,0.6106727138103403,3.76408134069251,-113.80988294322236,-0.5690494147161118
436,4,0.4861975618352493,2.46071254652718,-72.22012527489753,-0.4103416208800995
436,5,0.1501875913863126,0.9387309531123738,-20.508921094494703,-0.1025446054724735
436,6,0.4531042414845579,2.121486954774156,-78.31002732566333,-0.3915501366283166
436,7,0.1071510837407287,0.5024739167361117,-12.20665332869502,-0.0629208934468815
437,0,0.6417105913944048,4.15344676734499,-83.53361265249036,-0.5882648778344391
437,1,0.1013419230325602,0.5865579612726117,-10.580044314924058,-0.0591063928208047
437,2,0.3976938585882575,3.4306589513061225,-49.368033766116966,-0.3428335678202567
437,3,0.2057424703003184,1.483448277833707,-34.91032797865159,-0.1745516398932579
437,4,0.2817811924117256,2.268142092329932,-44.4191420213168,-0.222095710106584
437,5,0.2152683485596982,1.901359512941251,-32.7166325653337,-0.1635831628266685
437,6,0.3309199947035901,1.7819963683635,-55.818425417532815,-0.279092127087664
437,7,0.1373285794223675,0.6260027884821432,-17.387860989520284,-0.0919992644948163
438,0,0.4379477914448023,3.554026309891747,-60.35104562023368,-0.3893615846466688
438,1,0.2700381535803494,3.089280301035429,-33.7251078950072,-0.2204255417974326
438,2,0.1786307105461792,0.8679050159059759,-18.71314820612583,-0.125591598698831
438,3,0.6784726238382285,6.080643425903272,-127.3429363101966,-0.636714681550983
438,4,0.3455881748238047,1.8671966602939751,-50.25337893094783,-0.2731161898421077
438,5,0.0920051304496844,0.2864518431870681,-11.839833131999296,-0.0591991656599964
438,6,0.4538409555311932,2.513070211451058,-74.89773657689044,-0.3840909568045663
438,7,0.2263256581219361,1.0240806871294303,-29.427173373997725,-0.175161746273796
439,0,0.8221101858125123,4.7020966357695695,-114.5899509800215,-0.7690600736914195
439,1,0.1496675272872596,0.7684311490241348,-14.188216314200224,-0.0978497676841394
439,2,0.4745719754216942,2.359073997764938,-58.3613110825542,-0.41686650773253
439,3,0.3468922792086749,2.346342244749081,-61.29584087550248,-0.3064792043775124
439,4,0.3201771301100538,2.5775014198097863,-50.72101279360183,-0.2536050639680091
439,5,0.0877581101254985,0.2948036220185688,-10.67054361344452,-0.0533527180672226
439,6,0.3688006549922857,2.668979415952987,-61.75211294366647,-0.3087605647183323
439,7,0.1319521215652007,0.8897353698418856,-16.595810384298627,-0.0868890596036577
440,0,0.2363547833151199,1.579770858128696,-28.87215960395477,-0.1887069255160443
440,1,0.0847816134250219,0.5186986383300758,-9.83586817631788,-0.0491793408815893
440,2,0.1630580067995869,0.945099915746126,-17.728485125248994,-0.1129202874219681
440,3,0.1023179368079763,0.4648501714486098,-15.263631375899935,-0.0763181568794996
440,4,0.3263409206161149,1.5786724438578592,-52.14578274583042,-0.2607289137291521
440,5,0.0783189787156529,0.3039391275578356,-9.4327966745874,-0.047163983372937
440,6,0.178861040414365,1.473825708953887,-26.190305501128496,-0.1309515275056424
440,7,0.0791255744440634,0.2149150927237983,-8.078484795447192,-0.0403924239772359
441,0,0.563935242466378,2.8893041838530844,-71.91096092085678,-0.5100068150415374
441,1,0.070563948935022,0.3774699224262782,-6.955654500119158,-0.0347782725005957
441,2,0.1524221755257529,0.6630771971116501,-17.61603272932498,-0.1054852259241016
441,3,0.1256835494758315,0.6293302726005642,-20.28573905444419,-0.1014286952722209
441,4,0.3619400099656019,1.654103759748236,-48.26878346392793,-0.2839340203760466
441,5,0.0928041022002644,0.454804188164812,-11.596740160770317,-0.0579837008038515
441,6,0.2865482503032956,1.739636548458588,-47.39809948436031,-0.2369904974218015
441,7,0.0916773906531807,0.3624898956576423,-10.655381952422964,-0.0532769097621148
442,0,0.9518459843042814,5.074719247434708,-130.0995613660457,-0.897238354248591
442,1,0.0799256248582752,0.3460160958430537,-9.310021699500432,-0.0465501084975021
442,2,0.1418626319800473,0.6516383372880394,-17.449636630167305,-0.0974840035204877
442,3,0.2153588065344742,1.9255425310066592,-35.563465905653885,-0.1778173295282694
442,4,0.3125407497010618,2.48100275994128,-41.2526051336619,-0.2357291721923537
442,5,0.1174193283171178,0.4848749000511143,-14.62837361856038,-0.0731418680928019
442,6,0.176098721855634,0.8083278132234675,-26.16642155464551,-0.1308321077732275
442,7,0.1086170865610439,0.4371207093014595,-12.454045032420424,-0.0641961084145382
443,0,1.5067726927490332,7.97175892418135,-198.0675967319392,-1.4457488812550308
443,1,0.0803412846687866,0.2944906542022174,-9.182388076530366,-0.0459119403826518
443,2,0.1194445069343881,0.5084708568753843,-12.178253804268545,-0.0724896059777889
443,3,0.350121068476961,3.522886618481532,-56.92521047500546,-0.3060495186828251
443,4,0.3040643874270843,2.934044883334083,-44.348725168766606,-0.2334143429935084
443,5,0.1817266304745072,0.7814393916009202,-26.4378140308012,-0.132189070154006
443,6,0.0985379621456843,0.3573202849421398,-12.70201559665874,-0.0635100779832937
443,7,0.1216629489754364,1.2486061532217465,-15.789147216923492,-0.0789457360846174
444,0,1.081458160342308,5.369244882337996,-130.57975393097706,-1.0201543275857583
444,1,0.0941991908403011,0.3788489765545264,-10.46192884593734,-0.0544892127392569
444,2,0.2478616999186709,1.2239417887186432,-30.267781717825283,-0.1965440371287356
444,3,0.4414353792433004,4.044297121046198,-76.5287758977469,-0.3985873744674317
444,4,0.2859134760489139,1.5785859221620937,-42.64283382165216,-0.2175654786818987
444,5,0.2078019750680836,1.5519623156088795,-27.710055295006693,-0.1514210671858289
444,6,0.1938208217715637,1.343868480868234,-29.146488483354428,-0.1457324424167721
444,7,0.1651502516795381,0.6924926536968357,-21.3626980506878,-0.118025956081148
445,0,1.4677121573154597,8.245304177568551,-197.25147190922053,-1.408939085065861
445,1,0.0961505203528071,0.6211789154541637,-9.97965339176312,-0.0545336250916017
445,2,0.368862918076188,3.244539353001235,-46.5695368158608,-0.3146590325396
445,3,0.5031475437852024,3.9592647009486455,-91.37129535700169,-0.4614711886717257
445,4,0.3032149198753155,0.9764068745327308,-33.67573851950193,-0.2172628291580769
445,5,0.1277469509432465,0.7720073794726277,-16.4768849362114,-0.0823844246810569
445,6,0.1922262639650779,1.1738934546050372,-28.71599291557472,-0.1435799645778736
445,7,0.1201676768154211,0.8196336526397308,-14.109663911774351,-0.0746543064115045
446,0,0.8983058213064214,4.990273286200592,-118.71682631367668,-0.8419633071891964
446,1,0.1514006817256769,1.4499177118786406,-16.457985236487804,-0.1035093411099861
446,2,0.481227015578955,2.766061357864516,-64.09498929458555,-0.4272999286305703
446,3,0.5682365758247052,4.544137462895412,-97.38948662698428,-0.5235993904676575
446,4,0.3390713069238343,2.1137211261004203,-42.92639911819419,-0.2585927657722541
446,5,0.0894698865954485,0.4815060742160038,-11.034977556713295,-0.0551748877835664
446,6,0.2139554872561721,1.0188606442107364,-32.23497388102693,-0.1611748694051346
446,7,0.0823749743939982,0.3458927165086203,-7.187324878737321,-0.0374339837434235
447,0,0.6062419776276218,4.825401438894729,-84.43881617454208,-0.5555185274640927
447,1,0.215543364944203,1.337287017686416,-28.84692875338861,-0.1706918861147255
447,2,0.3096936850323358,1.3657840098460354,-34.25374938572749,-0.2518658043068197
447,3,0.637574806466485,5.183474354328581,-114.63924270510496,-0.5939857134979531
447,4,0.284424778884716,1.0908380101418873,-36.389270496386615,-0.2079386885507806
447,5,0.2210562463300827,1.898488780219429,-33.42748481469678,-0.1688256808823069
447,6,0.3274442965509492,2.3658530221394427,-55.03061280681555,-0.2751530640340777
447,7,0.1400706602197914,0.6075151694757834,-14.632368382521438,-0.0881467974850689
448,0,0.6696695604204758,4.548974088079516,-84.11080005391555,-0.6139474456490186
448,1,0.2156652085693366,1.872271964818902,-27.964387340499638,-0.1694811353969675
448,2,0.4362374477332623,2.7321618701522308,-53.9111624037826,-0.3796560732660746
448,3,0.5035878683372447,3.3543870040343013,-82.98433785036613,-0.4584770046981554
448,4,0.2377800267988356,1.8817450186987437,-35.31353572930401,-0.17656767864652
448,5,0.2466836639962907,2.7167198304434867,-39.19717832487408,-0.1959858916243704
448,6,0.3260346815839609,2.397625811763989,-54.564778900967255,-0.2728238945048363
448,7,0.1462445831731583,0.5875742196209695,-14.68708087102905,-0.0923715778052141
449,0,0.8207265262707941,4.673080230246919,-109.55840099149712,-0.7661426642762036
449,1,0.1184983467860187,0.4669516384379495,-14.461212576011478,-0.0777484547097391
449,2,0.3968809597458608,2.071598907615652,-48.78437373104476,-0.3411494666506626
449,3,0.3411019470132114,2.6597955560217024,-54.69442291267082,-0.2972522984384284
449,4,0.2179152739138388,2.084813664998543,-31.016256040193223,-0.1550812802009661
449,5,0.2798938448455154,1.533089721707163,-45.64445558793879,-0.2282222779396939
449,6,0.2776507346398856,4.251456547611448,-46.54684812429036,-0.2327342406214518
449,7,0.1080904841259362,0.3600686153648201,-9.074728687549936,-0.0553337115094508
450,0,0.6736328271771962,3.788901829960288,-86.58301846730389,-0.6184501319093135
450,1,0.1980883890450132,1.1362222986383677,-22.190122432108915,-0.1479341495473927
450,2,0.4916567340218871,3.8943823775435353,-59.29801201590227,-0.432832204495637
450,3,0.3190174585473297,2.286075720620453,-56.19654914325388,-0.2809827457162693
450,4,0.4059675948582206,3.3773258527300345,-66.18237980984043,-0.3376652031114307
450,5,0.1464849332887265,0.918968112631289,-16.265794954380617,-0.089372499749344
450,6,0.2958214901292933,1.7119021168681494,-46.90165972784521,-0.234508298639226
450,7,0.1596334188382816,0.8319065266408057,-17.095591712825655,-0.1061837994585444
451,0,1.071651730681332,6.40963476199289,-151.60411786738524,-1.0174773011233909
451,1,0.163468173109044,1.42420189448482,-19.422457217391752,-0.1177118619235863
451,2,0.2958307365513826,1.9027758582284635,-35.630781582149666,-0.2423862692663242
451,3,0.302458948887054,2.6171574846236068,-51.00634605126025,-0.2615710053910782
451,4,0.3350912942389505,2.7432634926396355,-51.61830800066392,-0.2660737525807418
451,5,0.1154788788295543,0.547349390468058,-13.047681040204775,-0.0652384052010238
451,6,0.3994723946088526,2.717806641564979,-66.56000004706092,-0.3328000002353046
451,7,0.1563699244141172,1.2854483707207565,-18.75964380025385,-0.1071979645728791
452,0,0.934111933008337,5.802886565634815,-124.69652466275618,-0.8781445398785647
452,1,0.1301689778538457,1.053349644969414,-14.17943947477907,-0.0849068232022698
452,2,0.4133708665530861,2.5071658660526337,-51.12375620387144,-0.3575087846424576
452,3,0.6905885969603414,3.998700358616965,-111.7701251861769,-0.6423570412998673
452,4,0.2958343654847213,2.618588068049476,-41.98942017168096,-0.2245423538592564
452,5,0.1118464096544224,0.4733831078837772,-12.001575137994356,-0.0600078756899717
452,6,0.5806116678211307,3.914748271381184,-104.29178606863604,-0.5214589303431802
452,7,0.0983343891709531,0.4420337011481585,-11.036389437246497,-0.0551819471862324
453,0,0.5586593003152437,3.576411480291245,-66.77041859821162,-0.5020332225429445
453,1,0.1402699781800557,1.0390616196280702,-15.354604833855111,-0.0942000296555528
453,2,0.2015092785070307,1.6186767235851418,-23.949436452041454,-0.1515787117217813
453,3,0.5222239765510323,4.0821306766712615,-87.33707978097151,-0.4772518020818115
453,4,0.3663753326533486,4.168744257229137,-59.88342645891684,-0.2994171322945841
453,5,0.1279858234997197,0.7572814715243238,-14.91320141835162,-0.075701530042394
453,6,0.4351015493676615,3.63824336447931,-74.38292754514991,-0.3719146377257495
453,7,0.2704586768243049,2.7525859100485435,-32.59575861334526,-0.2144457803509556
454,0,1.0475529091472755,5.53928288429882,-139.66271723935503,-0.9905157251018089
454,1,0.132624958365556,0.7602150002741779,-14.894668615202663,-0.0881341338177672
454,2,0.2937301928501587,2.2208708264357457,-36.892000205645694,-0.2411241843506254
454,3,0.712613638178064,4.652848269426781,-134.07612023245352,-0.6703806011622676
454,4,0.3623280036075281,2.634900475285644,-57.1522478917475,-0.2930884507269102
454,5,0.2190573081010809,1.7779282545001411,-29.11976698269071,-0.1617764832371706
454,6,0.295397596448172,2.886827247364879,-46.6254828000602,-0.233127414000301
454,7,0.1224658293051215,0.4073178482429156,-12.240236016613384,-0.0720013883330199
455,0,1.3203048058072688,6.912859446695748,-176.6058891226899,-1.261470636590642
455,1,0.1663941983663411,1.0963496197754627,-20.227238940937085,-0.1211211912630963
455,2,0.2886078184557339,1.4403243134575998,-31.301111212634943,-0.2301552295046687
455,3,0.3496726679311249,2.778604294370851,-61.48993876447332,-0.3089946671581574
455,4,0.3287481600758228,1.5157769844516642,-44.55075944329085,-0.253129315018698
455,5,0.1123596677561313,0.4512175848731184,-11.251709174561263,-0.0586026519508399
455,6,0.4213268844694737,4.198627811815038,-71.50216549248393,-0.3575108274624196
455,7,0.1365363278635716,0.71353648998074,-14.88387142512168,-0.0865341361925679
456,0,1.0584127387060422,5.51415342434544,-140.01658848235542,-1.0001184891596815
456,1,0.1853868478785171,0.8654034911169588,-20.91074931564652,-0.1366715641545524
456,2,0.1746485454838696,0.9240744752737844,-19.27888850245135,-0.1235826186054573
456,3,0.6222950387490047,4.570332518251012,-104.4159985186131,-0.5768839697160945
456,4,0.3529357434382212,1.4640072166799123,-49.068497771806406,-0.2772231512531435
456,5,0.1296578385782859,0.5243477605205908,-15.866028336517092,-0.0793301416825854
456,6,0.4389091608347449,2.127451668329098,-74.30225201468514,-0.3715112600734256
456,7,0.1606753556772089,1.194747505668406,-17.600513030358243,-0.10797860754821
457,0,0.7374709589112608,4.218928945749528,-91.83407927219405,-0.6802524390532891
457,1,0.1228629416782112,0.6086419111210348,-12.971864112811792,-0.077675833010849
457,2,0.2526973069351213,2.2683464838030822,-34.713966217547,-0.205408084127497
457,3,0.4025819494456442,4.410887735115054,-69.62547930465456,-0.3607537787805935
457,4,0.3355869884181306,1.0963171587603906,-40.05659311256184,-0.2519282585695713
457,5,0.1635429800512143,0.7734840490561399,-22.4811864563636,-0.112405932281818
457,6,0.4437448788345318,4.097139915958842,-76.81210741118447,-0.3840605370559223
457,7,0.2419743576078843,1.1062022092430834,-30.33812252667363,-0.1884355436439355
458,0,1.5799745001055527,9.977400009326317,-231.7329606054899,-1.524558951351907
458,1,0.2656931856971024,2.4907898094182177,-32.60635150538342,-0.2159361026846584
458,2,0.1230193439813932,0.4457907975629813,-14.223550568085251,-0.0790197253782514
458,3,0.4256227921962891,3.027529293052181,-75.75946999867587,-0.3845658375567303
458,4,0.2818586009469938,1.1381934610756443,-35.3395014029664,-0.2042745745836208
458,5,0.1951079640118805,1.068774094503078,-27.41888848892389,-0.1420667797353569
458,6,0.376302042880117,2.1228527853015486,-62.91909068452653,-0.3145954534226327
458,7,0.1996611351102298,1.090690536951594,-20.792318834406508,-0.1414443458122891
459,0,1.1466553821467764,8.566023879276827,-158.22138621961744,-1.091181973928396
459,1,0.1781915073489942,0.9205814320205916,-19.295329496371032,-0.1277836390488148
459,2,0.2890369296671751,1.450075147820275,-39.51645405696303,-0.2409539881522135
459,3,0.8363645060421475,5.060631930592582,-152.16981740206938,-0.7925511323024447
459,4,0.3032994324814668,2.429756863054388,-47.26598668438721,-0.236329933421936
459,5,0.1487230337668041,1.1451576160459649,-20.180720482422693,-0.1009036024121134
459,6,0.5312160204794201,4.541375763796989,-94.58376919939406,-0.4729188459969702
459,7,0.1684032925081916,0.8845610925058023,-17.785693796799325,-0.1132846738649638
460,0,0.4278932635315194,2.9094455143541444,-58.43718343527976,-0.3794622300992192
460,1,0.1042869946577709,0.6447256002111487,-10.177712991088468,-0.0598688999475792
460,2,0.1247010555216156,0.6297085590662662,-14.359542200670791,-0.0806715853970269
460,3,0.2698060884116286,3.003244708118374,-47.45232832983567,-0.2372616416491783
460,4,0.3243502824144085,3.8970137087162384,-52.73493396114419,-0.2636746698057209
460,5,0.112924644839021,0.3763093315269905,-13.840753772796475,-0.0692037688639823
460,6,0.2497740136255746,1.1603891010864245,-38.645281598306745,-0.1932264079915337
460,7,0.0917742826683005,0.4881448718537152,-9.689558587642622,-0.0486912491841337
461,0,0.5640319885174505,4.646534622011938,-75.30709383821925,-0.5122931553620357
461,1,0.1225858015657692,0.6381934333403192,-12.6483117330029,-0.0766564347454721
461,2,0.1595148803857482,0.8856195102137987,-16.629403973705898,-0.1079831426864019
461,3,0.3000370029935514,1.9225258375665355,-52.0143014024657,-0.2600715070123285
461,4,0.3473786133658083,1.5826652823681082,-46.79449106656764,-0.270488387668021
461,5,0.1265938471923476,0.4464719921835791,-11.826883779934253,-0.0675821930281957
461,6,0.3207657246291183,3.0803472837560704,-52.56776118020403,-0.2628388059010201
461,7,0.1153846009501663,0.5451207981588878,-13.038393164655282,-0.0697240276184774
462,0,0.8463197976062835,6.111803267758209,-117.42015298114882,-0.7933794120347893
462,1,0.103280957094206,0.3661898741295898,-8.633574001560527,-0.0549909172073918
462,2,0.2317872186068882,1.166807054166611,-26.342378621047,-0.177989044736804
462,3,0.4896358663370114,4.152129340091874,-80.90885214661056,-0.4445541326736844
462,4,0.398311880358299,3.231268797785192,-50.35693342461287,-0.3147308339038304
462,5,0.142505737879307,0.7621207771877782,-16.312963879034132,-0.0872351009574017
462,6,0.4023592357758541,2.121410102300934,-67.69042168419435,-0.3384521084209717
462,7,0.0796576171973681,0.4099208615670291,-9.12432776953854,-0.0456216388476926
463,0,0.4687121681631215,3.2260927426663137,-66.53835186414616,-0.4211288092667479
463,1,0.1177710006529322,0.6512551230413107,-10.750659982187068,-0.0689144870653017
463,2,0.3988532566328648,2.3202623923008563,-49.82790005934588,-0.3436406900644543
463,3,0.4109714895489116,2.4894928472086257,-72.80602746599877,-0.3695737434822272
463,4,0.3029350094887153,1.2897226019287331,-33.27634033314925,-0.2160801320334366
463,5,0.2323273782398221,1.8143341157590047,-34.64960690220621,-0.1786062211453928
463,6,0.3173291065039301,3.2547348628414468,-50.41242305731052,-0.2520621152865526
463,7,0.0991087830819152,0.3667090217547987,-11.329725955787312,-0.0566486297789365
464,0,0.6587408121667162,4.747605377933891,-93.75254680597276,-0.6087827714673556
464,1,0.1296246950006243,0.577509002675489,-11.874980640645276,-0.0791665376043018
464,2,0.2488518976154199,3.0777744116969328,-34.070889717164,-0.2016028977346982
464,3,0.7921985266206838,4.956747492156942,-148.39075389996478,-0.7494482520200242
464,4,0.372131163762529,1.9517157310635165,-47.34033773395071,-0.2904315198401884
464,5,0.2153075442781757,1.2130037478875524,-29.316852315734327,-0.1593307191072517
464,6,0.5071406496253678,5.79445123059962,-90.21362063814506,-0.4510681031907253
464,7,0.0847527718025609,0.5650998089065871,-9.017582364059566,-0.0450879118202978
465,0,0.4091796840154169,2.6480394299628185,-63.76870748080314,-0.3664868246023168
465,1,0.1446283531719616,1.0564460339538486,-13.41320080269074,-0.0925048331220051
465,2,0.2792560093962758,1.7280953945355968,-32.90272875539688,-0.2253611558588827
465,3,0.3283941250911647,3.544152482374675,-58.05552585313516,-0.2902776292656758
465,4,0.3253570249916334,1.7139837715331006,-48.21519418829822,-0.2551068475571334
465,5,0.1791921966175368,1.474628945138768,-25.770225108430232,-0.1288511255421511
465,6,0.4725327696563454,3.858257238574752,-81.91951738590859,-0.4095975869295429
465,7,0.0936395907631308,0.5062599964772502,-9.84916379862026,-0.0499957553229454
466,0,0.5533379051220055,5.904333000439795,-84.22163912068818,-0.5073592718113746
466,1,0.1359147123106192,0.8564004433782907,-10.83441315803714,-0.0802549122817566
466,2,0.2226304026790818,2.3044391459622555,-29.400430802431,-0.1750025643001845
466,3,0.2163724915232612,1.832957284447848,-35.97851888683542,-0.179892594434177
466,4,0.3995935230107239,2.130064670033546,-55.35013877911344,-0.321803132436706
466,5,0.1657693712736641,1.2059234906139855,-18.398487736816957,-0.1063496400972078
466,6,0.469609545808971,3.4413617120940403,-81.44650386467698,-0.4072325193233849
466,7,0.1178642090975766,1.2148507900273855,-14.483688978337966,-0.073896372338459
467,0,0.4911211951052981,4.42324031526771,-68.1184749449413,-0.4423277593827357
467,1,0.1406659376845326,1.0105372482850243,-12.397201496666044,-0.0873042358920144
467,2,0.1616277332415122,1.2221951626675238,-17.663226277364434,-0.1117925713757242
467,3,0.3185705299886093,2.989220873914409,-54.1006977122547,-0.27743947544746
467,4,0.4818052077421436,4.533862914206624,-74.23563802405864,-0.4078881210113112
467,5,0.2079978068445946,1.9854390715705663,-30.80929696263876,-0.1556025099123169
467,6,0.5211615075644884,3.917193061494748,-88.0626808994331,-0.4516034917919646
467,7,0.1118319962800869,0.6874016475866755,-12.7235043573327,-0.0666152060593335
468,0,0.3692718816995023,1.8482066334885456,-49.072327414557726,-0.3207341661082204
468,1,0.1305257525376239,0.5920707999365251,-10.743224671955373,-0.0767373190853955
468,2,0.2272828717266141,1.7525958218064035,-27.764592728554945,-0.1768445396723245
468,3,1.286624855374109,10.4468005702777,-206.58057727475776,-1.2444613088840828
468,4,0.3822477288070091,1.889419217964708,-50.49914263309218,-0.3023900756472585
468,5,0.216248151014961,1.031045229513667,-31.662977348785777,-0.1632112234473493
468,6,0.3075420548290983,2.799573668086089,-50.04644323123213,-0.2502322161561606
468,7,0.0852856046284904,0.2992332354265565,-7.612992329211258,-0.0398585985822579
469,0,0.3849989445190409,2.3988174579792068,-46.924933925037365,-0.33280094982296
469,1,0.1260564543280729,0.47854632514899,-11.61053077458806,-0.0763850708854477
469,2,0.2336495471145235,1.506956251343222,-26.40225836916681,-0.1796071997902504
469,3,0.5692801389915327,4.505793417456808,-99.83833099326216,-0.5254648999645376
469,4,0.3962613638678008,2.0775305931452204,-51.26320128293551,-0.3144981673799724
469,5,0.1276594488221141,0.7973857319051445,-15.0300199636597,-0.0755277385108527
469,6,0.2855199541495636,2.160051766778304,-44.78116623229712,-0.2239058311614856
469,7,0.0941466448406878,0.3035507066391059,-8.06825271720091,-0.0453272624561848
470,0,0.1360321667087403,0.7322340323859194,-16.22299334383661,-0.0943197287432361
470,1,0.0781682025708438,0.3242706118402013,-7.205796651750608,-0.0381259082103206
470,2,0.0993617971102111,0.5300442230593466,-12.263506615459672,-0.0613175330772983
470,3,0.1804288920051213,1.8302890793590052,-30.44557249172392,-0.1522278624586196
470,4,0.1819582468832691,0.9451158103524872,-25.10845103656076,-0.1255422551828038
470,5,0.0892746735357212,0.3871732289207094,-9.995656703956216,-0.049978283519781
470,6,0.1995415581461118,1.0498054623476267,-30.268752472899973,-0.1513437623644998
470,7,0.0938435929405836,0.4390617964714265,-11.823254403392353,-0.0591162720169617
471,0,0.4729077739365965,3.29140944325868,-60.62018379623325,-0.4209734985849531
471,1,0.0770394639143502,0.322889006636297,-7.097211725859135,-0.0373537459255743
471,2,0.1306024118795052,0.795611824993575,-15.188575066913716,-0.0862987219711006
471,3,0.3910612608710273,3.297173612813296,-70.82296291062285,-0.3541148145531142
471,4,0.3033742633489359,1.9643098859747188,-47.70822526356347,-0.2385411263178173
471,5,0.1246529683567612,1.2024801679213348,-16.51229242845433,-0.0825614621422716
471,6,0.252705926306957,2.1600017054086544,-41.24965448254064,-0.2062482724127032
471,7,0.2028696964876399,0.8421566861835398,-17.13917328065711,-0.1349541203201347
472,0,0.6449753352818876,4.142725507439469,-80.77849368309717,-0.5896240414824611
472,1,0.0934833748436266,0.6089255856282804,-9.149027011665831,-0.0511118827467364
472,2,0.3559921347077937,3.718186214946405,-53.21479700584372,-0.3093883546851379
472,3,0.5036926159358126,4.646517100156993,-93.06851489232012,-0.4653425744616006
472,4,0.2053513339243492,0.9743512160454008,-27.87521491629658,-0.1393760745814829
472,5,0.1686105011400691,0.8328597732089115,-22.12191788354041,-0.1152183223101063
472,6,0.297615853029927,2.3324544386642434,-48.11879941219159,-0.2405939970609579
472,7,0.234243504644205,1.5260399826327438,-29.709636229064177,-0.1822677069267741
473,0,0.8437744892862852,3.832346993539202,-110.3581325964376,-0.78827237568884
473,1,0.0937820130547417,0.4526812701853153,-10.64028477742522,-0.0548468287496145
473,2,0.116819122570216,0.7062069002964573,-13.5605134572662,-0.0736984427025337
473,3,0.2391019840124946,1.9569522523278464,-39.94464028383941,-0.199723201419197
473,4,0.2624061122759353,1.5152219944063603,-36.96835820842299,-0.1925435323355364
473,5,0.209204335819674,1.300908757718903,-30.0667593274907,-0.1557863177590191
473,6,0.3860397412787087,3.0925638861671185,-66.53312069561919,-0.3326656034780959
473,7,0.3342675209566236,1.186901762735782,-40.34388581785438,-0.2763279850537971
474,0,0.5512397347051308,2.5996187062487004,-67.97059802103428,-0.4961357519783524
474,1,0.0937999033417056,0.473073728483409,-8.714879417328438,-0.0503750255336903
474,2,0.165428185176457,1.113808563731856,-19.271637316226343,-0.1175099836355264
474,3,0.3078939818975554,1.952342673019751,-54.14666405438495,-0.2707333202719247
474,4,0.3210833076448356,2.495242700197428,-47.877927712400776,-0.2506697785989569
474,5,0.1982970138306669,1.0800275412417204,-29.085985601191528,-0.146160731664279
474,6,0.5060687136962132,5.644201947961137,-90.43020900463364,-0.4521510450231683
474,7,0.1600041398199146,0.879963520818221,-19.590585107408824,-0.1113101426557319
475,0,1.3249138302066783,5.572086420890944,-178.63454385870554,-1.2669116585723796
475,1,0.0818911945774442,0.2911314310330451,-8.901381514733387,-0.0445069075736669
475,2,0.1777034908573095,1.0863020619629853,-19.846869905743134,-0.1272235250368149
475,3,0.4381256314048604,3.330432446409413,-80.39108859238509,-0.4019554429619254
475,4,0.4598173399244695,3.3329228072377592,-73.37355311712436,-0.3882198577625627
475,5,0.1711341588513675,0.978411207565412,-21.885671306972057,-0.1164131452498513
475,6,0.1795223970435211,1.4658441893383958,-26.92581608374373,-0.1346290804187186
475,7,0.1836681731123766,1.6456407148702314,-21.618552013804628,-0.1318204391085648
476,0,0.6606435140768233,5.313126090404294,-91.97798078928427,-0.6091257005912867
476,1,0.1027259684889147,0.4195525283271979,-7.664998964488215,-0.0517905335438392
476,2,0.1818264345017797,1.3221623432002487,-21.522914317770315,-0.1328574957887056
476,3,0.8450006543793069,3.887268815285694,-151.26607393161,-0.8003495975217461
476,4,0.2844317707351978,1.3842871742486178,-39.183718035794655,-0.2118038812745657
476,5,0.2674236724975666,1.5397054350158936,-37.32253821606025,-0.2096771809891025
476,6,0.1068173072967426,0.4176743081582295,-13.387759369352922,-0.0669387968467646
476,7,0.1161939988999441,0.4735388859892482,-8.673358539141937,-0.0582104599942411
477,0,0.6939473897170347,5.094601329909199,-88.13265095174775,-0.6386423982010706
477,1,0.1010325098745764,0.6558867379670408,-9.448641258487513,-0.0562419122529018
477,2,0.256474900360064,1.522542757529153,-26.427561603506337,-0.1972206089813905
477,3,0.2503018941857734,1.5853272402274,-43.0414790078442,-0.215207395039221
477,4,0.3958491175927704,2.420908868407805,-60.60207831680303,-0.3240752851165937
477,5,0.342688821636175,1.877490658053512,-50.02731159371137,-0.2842460886006328
477,6,0.2274047486765974,1.7435533707935802,-35.387249162012075,-0.1769362458100603
477,7,0.2048778761289933,1.4568905537239425,-23.41236710375896,-0.1500792763061471
478,0,0.7144133718836836,4.55414511742728,-92.3175666617676,-0.6594111904411972
478,1,0.2394571729065987,1.578796373897298,-30.7033685156107,-0.1918960532225668
478,2,0.3793110292043132,1.9230569761840663,-45.17469116679876,-0.322676365477134
478,3,0.541770107454453,3.507021006090583,-101.10652615562682,-0.5055326307781342
478,4,0.2509859361264763,1.174975956783903,-31.76880746485385,-0.1764933748047436
478,5,0.3841076356440808,2.922068414079316,-56.1033036953339,-0.324296553152219
478,6,0.236477014177265,1.332928215530944,-36.29374348929275,-0.1814687174464637
478,7,0.1470739684039257,0.5327971484349677,-14.408412473989744,-0.0923616184230111
479,0,0.3256228627952705,1.4719742679956482,-41.837409249862304,-0.2770689354295517
479,1,0.1853562785808211,1.7329762274362135,-18.80287942323968,-0.1324146438256315
479,2,0.212398673531848,0.9864961272448468,-26.12759688147282,-0.1632974805092051
479,3,0.2194830950147825,1.951261791979896,-36.74108097343327,-0.1837054048671663
479,4,0.4603880611732762,2.607120010877697,-73.65114186296874,-0.3896885812855489
479,5,0.2410575633724075,2.134713454818557,-38.46047811001437,-0.1923023905500718
479,6,0.2699059423657029,1.253870154326938,-43.08899146118781,-0.215444957305939
479,7,0.1542711981725645,0.7447959599311237,-14.489383197296434,-0.0965958879819762
480,0,0.282444445757453,1.7178064612232655,-33.342710123118124,-0.2315465980772092
480,1,0.086082917812013,0.3697626792430634,-9.584659591308805,-0.0481641185492904
480,2,0.0968342016162517,0.4463888741802437,-10.404581468150452,-0.0550506955986796
480,3,0.134009415551526,1.1316839527534464,-20.25858014564934,-0.1012929007282467
480,4,0.3294374009705687,3.041617749895952,-47.33258084820284,-0.2572422872184937
480,5,0.1087509297235055,0.6079150701093899,-13.518165467425211,-0.067590827337126
480,6,0.260676166401325,1.5696247968014572,-40.873691627849645,-0.2043684581392482
480,7,0.1079553137988942,0.6601081553401237,-13.131469541414466,-0.0656573477070723
481,0,1.1513042334931247,5.947188034705799,-141.60195808534976,-1.0892458314257674
481,1,0.0828921693021699,0.3827887089254212,-7.038505808272124,-0.0399915102742734
481,2,0.465723793855995,2.81233905974774,-61.35709079217868,-0.4117925556522059
481,3,0.1875163831216658,1.477299269960937,-28.96951023178056,-0.1470533514303581
481,4,0.2257628209515103,1.108673616367907,-26.924629541720822,-0.1512619637175327
481,5,0.1445748019456074,1.0926359088345532,-19.12513818220128,-0.0956256909110064
481,6,0.3307324794753655,2.660461244013605,-54.65204917555699,-0.2732602458777849
481,7,0.1235008486867078,0.5830279071928395,-9.876805550616025,-0.0662872855746042
482,0,0.5882089798180834,3.502918427225549,-65.34235684325868,-0.526954490671441
482,1,0.1179935047789769,0.5514896012039952,-15.06578474313364,-0.0784676288704877
482,2,0.4264851708927384,2.8602347410031497,-47.4383655005752,-0.3649105038505785
482,3,0.2306184387541452,1.2919357550105677,-34.42924546368316,-0.1871154644765389
482,4,0.2484651866968807,2.00725343560116,-36.97544615887716,-0.1848772307943858
482,5,0.1687416296079229,1.274450104843632,-24.099377511827598,-0.1204968875591379
482,6,0.1904902608142994,1.621216814039774,-27.425481881060524,-0.1371274094053026
482,7,0.1053445388583473,0.508732936899234,-9.9562599909418,-0.056569659039442
483,0,0.6928425987421966,4.222586462827445,-90.6305370414976,-0.6382432186020957
483,1,0.1812414514302609,0.8690590606638465,-20.53423335111552,-0.1324789248459066
483,2,0.3022233216369268,1.911876676494033,-34.64726719740274,-0.2457252992723598
483,3,0.2107141782128053,1.2218892789617222,-31.47732481249499,-0.16832794017377
483,4,0.265986877090951,1.5361913068139104,-40.20585247562668,-0.2010292623781334
483,5,0.0788631283365664,0.2733590280203916,-8.945111203675228,-0.0447255560183761
483,6,0.2037701604326224,2.3011259724795514,-29.20677516405599,-0.1460338758202799
483,7,0.2366404036298031,2.9939453907756,-30.49205204921352,-0.1848003154497788
484,0,0.5719649952597253,3.042390937668137,-67.91894581811812,-0.5145374683190767
484,1,0.1656226784318782,1.14495382133995,-18.415477524785576,-0.117296035189717
484,2,0.5537592390120025,2.0272887412508616,-61.80213597662699,-0.4904931426716428
484,3,0.2549838572928329,1.980194725308356,-41.73631092048678,-0.214032363694804
484,4,0.3472654854790774,2.5762277407588754,-56.2966534490522,-0.281483267245261
484,5,0.1306605043205781,0.5661141691586209,-16.274445627292575,-0.0813722281364628
484,6,0.4622625030473709,3.586192017174136,-77.9788819591181,-0.3938327371672631
484,7,0.1059282887389578,0.3812950788558489,-10.901584485960836,-0.0592477417715262
485,0,1.0430313559747295,5.058694522332953,-132.89638256828994,-0.9844176486539996
485,1,0.1076361902610744,0.6969593137317353,-7.491604797384929,-0.0535114628384637
485,2,0.4906469231255944,2.48387644992408,-56.29634490287525,-0.4297430908616431
485,3,0.2133952463263346,1.8781784091088105,-35.22991649648158,-0.1761495824824079
485,4,0.2831308848374926,3.2410426601175746,-44.90998286096663,-0.2245499143048331
485,5,0.127497853630117,0.6314823041958191,-15.284694419222966,-0.0764234720961148
485,6,0.4999678219317151,5.441764609367439,-87.42738904002778,-0.4371369452001389
485,7,0.1968698239402367,1.6230388975396468,-24.791881716753128,-0.1466975249512019
486,0,0.8379091530318642,5.100048138731047,-109.6574043861818,-0.7832671741870129
486,1,0.1632628486411927,0.8151488866444963,-20.587168430734756,-0.1196928397135741
486,2,0.5627912415524854,2.5035347031094712,-67.32551387726325,-0.5024292080392779
486,3,0.2077015252392073,1.4525674545843614,-33.68246542497773,-0.1684123271248886
486,4,0.3235025676191431,3.4685900227268447,-51.4029050446354,-0.257014525223177
486,5,0.079649520367663,0.3009232689569613,-7.184904158552825,-0.0359245207927641
486,6,0.2734396158306536,2.160310510723056,-42.17919522735431,-0.2108959761367715
486,7,0.1862841135175119,0.95946397541117,-16.802221575666163,-0.1235457468798982
487,0,1.1750346132914218,8.44671398279258,-154.13105657120752,-1.1168917142841124
487,1,0.1254968727383707,0.7081765111782704,-11.844872359765024,-0.0764185313533227
487,2,0.3611926897714543,1.9816835035278464,-32.88804967549972,-0.2910446873938028
487,3,0.53885825764483,3.8678086535530407,-98.5251751365807,-0.4976018946291954
487,4,0.2415534619750186,1.4903674008493988,-30.37602427819075,-0.16782333855354
487,5,0.1962793252976863,0.8924207637884983,-25.997400135743423,-0.1405264872202347
487,6,0.3995915140900989,3.506787547557402,-67.76447446987163,-0.3388223723493581
487,7,0.2263158177000915,1.047871744204412,-23.57979507726068,-0.1660548949102864
488,0,0.8973760566561781,5.120041974875731,-110.68429287030028,-0.8385173702295476
488,1,0.1482046539618594,0.8209018073629447,-18.070305861970795,-0.1044526350402936
488,2,0.5194698828006947,4.296643424589327,-62.524316052863504,-0.4597376180357611
488,3,0.3752999525232325,3.5428878873520637,-62.81757848541729,-0.332368140134483
488,4,0.2330740508961367,0.9975190875978934,-29.25624848650572,-0.1598702103087744
488,5,0.1656734977233954,0.7706677641240488,-22.456934640679,-0.1134188618216111
488,6,0.4038282167368608,4.052560803498039,-69.24504411559693,-0.3462252205779846
488,7,0.1714406312024283,0.8257372352640495,-22.13108293713804,-0.1236373348443465
489,0,1.029811170104383,7.129873598443964,-127.03960713488792,-0.9697679933960912
489,1,0.1082304179893574,0.7762964819764228,-9.30470549096962,-0.059645548019036
489,2,0.2447905722886842,0.8753892406549797,-25.888672397568183,-0.1875990753446969
489,3,0.3361388370448532,3.310816728116104,-59.90229384776291,-0.2995114692388145
489,4,0.2738085098501661,1.6794867405436615,-34.519264697305275,-0.1972529411274587
489,5,0.140089473659314,0.5764589827820519,-15.536457133134034,-0.083980849368292
489,6,0.3022478691637265,1.7730186825068377,-48.03853096143515,-0.2401926548071757
489,7,0.2483204171530926,1.9733824598421472,-33.15818643847151,-0.1973701573718542
490,0,0.4131279170957262,2.7581684480331963,-51.63939908380745,-0.3611146789077444
490,1,0.1054021174183905,0.5308133652417732,-8.265976718020609,-0.0551065114534707
490,2,0.2118698180861853,0.8489646624262456,-20.89350138331165,-0.1536286866419974
490,3,0.2968360237831471,2.2418069958182256,-50.111606122202936,-0.2556714598071578
490,4,0.307224259984439,2.2889799283452423,-46.26730414516426,-0.2384912584802281
490,5,0.1161337789851267,0.4789324176619047,-13.54227393989353,-0.0677113696994676
490,6,0.2544961173013512,1.595435071063612,-39.46948745187745,-0.1973474372593872
490,7,0.1895557974485789,2.024773508950822,-24.234033290371137,-0.1400811172853823
491,0,0.3343412337574435,2.025229324959908,-38.10930999416925,-0.2802155146630092
491,1,0.1027254109931165,0.3273810534134425,-7.619867982900285,-0.0514855944790559
491,2,0.5032439436962016,3.3282006617611364,-62.41994386727578,-0.4458567419091127
491,3,0.3727502579118791,2.974272018283746,-60.21103831660124,-0.3290220673038319
491,4,0.2995932676904494,3.1438085203707997,-47.27464347765731,-0.2363732173882865
491,5,0.1668138910385401,1.4559907801787273,-24.41146363645048,-0.1220573181822523
491,6,0.2800074677881142,2.2086940262617407,-44.6302995169,-0.2231514975845
491,7,0.1463698875452503,0.7548714677592951,-14.244834080153376,-0.0913130389753421
492,0,0.8329553647107096,4.751839913140301,-106.3074588285732,-0.775966852763308
492,1,0.0882973259746554,0.2838482711252095,-6.117793600952807,-0.0394696361351794
492,2,0.4049806002917047,1.7676112507068509,-41.81200576240369,-0.339935006198404
492,3,0.1786724814679112,1.2386296092711628,-25.49666814875396,-0.1363458189772939
492,4,0.176905432768943,1.0498038413791697,-22.16800164991686,-0.1108400082495843
492,5,0.0960762940616369,0.303039367528551,-12.142952959727603,-0.060714764798638
492,6,0.3554836653595568,2.154017623818863,-59.6322797256706,-0.298161398628353
492,7,0.2482910188849352,1.871108715347271,-28.93338595514007,-0.1916118275174839
493,0,1.2166252458090103,6.282421045264855,-151.30637409220242,-1.1550104892534536
493,1,0.106091925734911,0.4704022240193942,-7.685786769174235,-0.0533735192303766
493,2,0.4572220994964466,2.6567959653394384,-53.725008266460144,-0.397963024196001
493,3,0.3101328942156921,1.7313958919395975,-45.63472364813869,-0.2637845297580271
493,4,0.3572067257070177,3.5889535615295256,-58.09142542897102,-0.2904571271448551
493,5,0.0818128328919986,0.2925506582660184,-10.958641899316165,-0.0547932094965808
493,6,0.3038515793457209,2.3078661178698576,-49.09715379382202,-0.2454857689691101
493,7,0.2230421549443368,2.705150709031492,-28.417983625032942,-0.1711926724399575
494,0,0.7067614482645392,3.4810326091341044,-85.57599232778666,-0.648302972180202
494,1,0.16175210253542,1.1737765445271349,-16.720389169388746,-0.1114692611292583
494,2,4.572890329528221,19.64983493985661,-903.2844232484016,-4.516422116242008
494,3,0.5272807726863216,3.58266551586663,-90.3708764557514,-0.4832667190147134
494,4,0.3481354583028063,2.1334147320252264,-44.685643153049085,-0.267578701515264
494,5,0.079689962434157,0.4234206927046806,-9.077667175095534,-0.0453883358754776
494,6,0.1881732366275755,1.6782488543044258,-27.96166468045039,-0.1398083234022519
494,7,0.2512816708564173,1.3159369579246478,-28.16960505391109,-0.192942500369254
495,0,1.5552869214522589,11.18690576455626,-200.31678716637623,-1.4949013967640017
495,1,0.2258267924342176,1.7140530116647676,-26.51669886002218,-0.1756072772186899
495,2,0.5064659064136451,2.3578154458284377,-65.28603328903147,-0.4502485054415963
495,3,0.4941765914079183,3.30742088204017,-82.18223742589191,-0.4490832646223602
495,4,0.3303236392950033,1.620227682308397,-44.66971684729132,-0.2538052093596097
495,5,0.1620646987032552,0.8194389766839568,-19.315292925799408,-0.1055480487748601
495,6,0.2554201381992244,2.749721616881972,-42.521203018530194,-0.2126060150926509
495,7,0.1454198619387001,0.6323662556395759,-13.048567174180098,-0.0875742763367791
496,0,1.0603766108719068,6.610533473306918,-132.0693276803345,-1.000525209699504
496,1,0.1605686934799291,0.8596989827179503,-17.158528304924634,-0.111419014967043
496,2,0.3277438961183504,2.062973099682471,-38.82061889632856,-0.271472859414885
496,3,0.494853669475164,3.883972147600828,-80.29038862287908,-0.4485496571110563
496,4,0.3165287635521228,1.2150457381330246,-38.83096642921738,-0.2353391904801053
496,5,0.1421631549870757,0.7023577635356704,-18.896234124372437,-0.0944811706218621
496,6,0.2587729763415329,2.1650820018143038,-41.81198496185981,-0.209059924809299
496,7,0.1707815707324834,1.039143886798887,-19.914717331963296,-0.1192498043830137
497,0,0.9684210718066912,5.843092723274864,-125.859703303808,-0.9120268355348408
497,1,0.120932091083775,0.5352185373491458,-11.162616275837268,-0.0720168791989501
497,2,0.4756161911809573,4.439969454829449,-60.85399864854936,-0.4196827493003404
497,3,0.5108586289815297,2.66817294621771,-79.73679556136115,-0.4635860207055881
497,4,0.2912364568584844,2.2239624165241763,-40.44039227232002,-0.2185967149855136
497,5,0.1027766150127826,0.5888850713564243,-10.863332457560512,-0.0543166622878025
497,6,0.3313664033810767,4.039854582370264,-55.23268335203871,-0.2761634167601935
497,7,0.1727270173744507,0.7761796309774792,-19.36160980115333,-0.1195161098836625
498,0,0.7745512228923557,4.362000939174769,-96.85962447344964,-0.7174786998033307
498,1,0.0934204016431881,0.5010130620988417,-9.82349451613909,-0.052814486645909
498,2,0.2562744138066113,1.313082276641833,-24.29752616002092,-0.1928375092065152
498,3,0.549970262643901,4.952944860768812,-101.82043825040832,-0.5091021912520416
498,4,0.3391875805294172,2.6367396164472203,-48.544196673522464,-0.2652688342815435
498,5,0.1186189113389522,0.4910887108664538,-13.13321617093832,-0.0663293746006985
498,6,0.4099290698879615,3.8358065911928714,-70.76006332807671,-0.3538003166403836
498,7,0.141139960428925,0.5515003632018888,-12.4436201743322,-0.0835142293579342
499,0,0.6844559699625808,3.834154170439429,-84.02908772366976,-0.6270827442064908
499,1,0.1568038846987929,0.921101208408744,-16.914749749886937,-0.1084278830120957
499,2,0.4464422958641679,3.5610053157657147,-48.0531473014874,-0.3813741849324397
499,3,0.4366131633768594,2.9838556683910067,-74.27877537617287,-0.3930093935247242
499,4,0.2807659916604787,1.0366275361798074,-36.83249003838528,-0.2057681007731021
499,5,0.0968035270175507,0.6318052784655085,-10.142423320599931,-0.0507121166029996
499,6,0.3530578254825636,4.142343972734028,-59.58500868569478,-0.2979250434284739
499,7,0.1058946130095532,0.3930152164904737,-8.499930170347422,-0.052468704755231
500,0,0.392524950692926,3.037368701300404,-48.69407485629783,-0.3405180059880967
500,1,0.1136758648352512,0.4105935660574278,-12.442838041198703,-0.0706979434159017
500,2,0.201120584997179,1.3849716235926204,-19.739957091712608,-0.1440872780416978
500,3,0.2605749368973744,2.2883687846970635,-45.301547396835375,-0.2265077369841768
500,4,0.3165079426243987,3.12289154731894,-50.03085535614491,-0.2501542767807245
500,5,0.0867598865624627,0.4569507704429471,-8.521893592926988,-0.0426094679646349
500,6,0.2972266434387082,1.8129714891135496,-47.93666523007146,-0.2396833261503573
500,7,0.0909883972494205,0.3524323330443962,-11.624189611965662,-0.0581209480598283
501,0,0.6051940731726528,3.3948836612254745,-78.35873031406648,-0.5518220444652568
501,1,0.0928956579605389,0.511259954907163,-8.950270008040347,-0.0502824157755075
501,2,0.5466357003171602,4.32495316330163,-73.46019478715942,-0.4930214415245599
501,3,0.3649360713284469,2.186702604339427,-57.957946389640085,-0.3202096485615474
501,4,0.3327035248117828,1.6837031786545409,-45.00817495578048,-0.2571895711758885
501,5,0.088790799556934,0.3386781247295935,-9.98308438019416,-0.0499154219009707
501,6,0.3658772677259808,2.247892094295243,-61.41275317210107,-0.3070637658605053
501,7,0.266278880221192,1.820798537660352,-34.05220885021773,-0.2128263053138608
502,0,1.025058412694257,7.679345851662651,-134.44008033585666,-0.96719482256012
502,1,0.1034811786794484,0.5579307556335128,-9.135533070138942,-0.0567424414294344
502,2,0.1850165463824875,0.9712552424240496,-19.221860067007068,-0.1307609528367827
502,3,0.4463364089693351,3.5228819517124923,-70.85322482652755,-0.4003007052346189
502,4,0.4583860585723019,2.4123455970822896,-69.81015967391316,-0.3856914899111224
502,5,0.4102052527163546,4.161758626724617,-68.00648530958021,-0.3560548969087969
502,6,0.3350731591923501,2.459742210196812,-55.124944633350005,-0.27562472316675
502,7,0.116700112487411,0.6749145018865153,-11.578942283413571,-0.0669303022162634
503,0,0.6288081290602293,3.1745931952681663,-80.36895276577484,-0.5740639483269631
503,1,0.0984652228210712,0.4715736830396746,-7.713421772243575,-0.0497640114338295
503,2,0.223846655572805,1.9320846634876183,-27.910484818852485,-0.174440530117828
503,3,0.1641109599538518,1.1237755206277562,-25.026901148526168,-0.1251345057426308
503,4,0.3746008620367821,1.7446419170832403,-49.23211603179763,-0.2948030900107642
503,5,0.1222539596164362,0.6992009256661543,-15.23061724305071,-0.0761530862152535
503,6,0.2400482515097466,2.3995844120047702,-37.327180513298494,-0.1866359025664924
503,7,0.2206435808981899,0.769243990004633,-22.566045346018782,-0.1600428747944594
504,0,1.0059722038530798,6.356239389957066,-143.96617601605018,-0.9534183842122528
504,1,0.1141885979316831,0.4648793650699174,-12.095686996708476,-0.0703237616087702
504,2,0.3832246854420306,1.5020830600553738,-39.10282778926909,-0.3179091690184479
504,3,0.3636736116247767,2.44939134650772,-59.22686517389048,-0.3201452171561648
504,4,1.1986700925448968,12.771987804718322,-225.4363537350434,-1.127181768675217
504,5,0.1810158826986501,0.9864689167354852,-26.269315323583047,-0.1313465766179152
504,6,0.2638133040374393,1.7379609742767126,-42.37862311569664,-0.2118931155784831
504,7,0.1406315965393841,0.6384058567681877,-13.635289520827422,-0.0862993007647305
505,0,0.8442482152203269,4.720007215876837,-113.69125675525582,-0.7895226163559432
505,1,0.0995572323813503,0.3682597258676526,-10.049993323163944,-0.0567796232947115
505,2,0.2319272679137302,1.9404448196692468,-26.78466127865236,-0.178564408524349
505,3,0.3620736032116701,2.2118074998345945,-56.3720316972487,-0.316696807287914
505,4,0.3638789795625865,2.3044869672040678,-49.2535865081752,-0.2863580610940419
505,5,0.1212989182784344,1.0046388529007138,-15.507129889958216,-0.077535649449791
505,6,0.4172193649579665,2.299255615843791,-72.47017831206381,-0.362350891560319
505,7,0.1543012794136433,0.7222500573809262,-18.2254394323622,-0.1053493608807063
506,0,1.0613450920914351,6.335034938491638,-135.36184216869984,-1.0026803123607395
506,1,0.0925133706875026,0.2830360135977456,-7.872937477036034,-0.0471433381858445
506,2,0.273079571722907,2.0954172651301977,-36.476555267973694,-0.2237825476562803
506,3,0.3018596292811363,2.703973007736201,-49.615409556285975,-0.2597665421795077
506,4,0.216272895128923,1.0347911178450269,-22.653157393545754,-0.1356476490631482
506,5,0.1655802722323824,0.6946570771427947,-20.65870544583921,-0.1104743606729369
506,6,0.3166698873024659,2.3861914398564315,-52.20237126436443,-0.2610118563218221
506,7,0.1569223810876611,0.7924121097309376,-13.552376455400308,-0.096116145073761
507,0,4.71436418158194,16.241138718288944,-576.9752792363556,-4.653026445454481
507,1,0.1249459662792957,0.5681781669666838,-11.205644360561983,-0.0747042957370799
507,2,0.4106614455739983,2.2226390602375394,-45.85256522763068,-0.3500195818903105
507,3,0.4323731120861881,4.5328139833221925,-71.92493991313258,-0.3887834589899058
507,4,0.3106969538945527,1.4287394973698728,-33.520620851615,-0.2219908665669867
507,5,0.2005086655472986,1.538854187823551,-26.973253017519305,-0.1450174893415016
507,6,0.1556195281118345,1.0775186275197222,-23.078794651149472,-0.1153939732557473
507,7,0.232217645554155,0.935105400353878,-27.231240238408805,-0.1768262353143428
508,0,0.8602176733759717,7.3763382693874195,-118.52011576761694,-0.8062592909361697
508,1,0.0923161747724702,0.3606409523356743,-6.516417486287234,-0.0428711676729423
508,2,0.2761373736899677,1.0637654475292089,-24.335864979477435,-0.2079988459784396
508,3,0.4516287914185428,4.981877648314587,-82.93411292707466,-0.4146705646353733
508,4,0.2774558703304786,1.298385356257578,-32.478482088648825,-0.1968392853857504
508,5,0.2761440489184955,1.989794609757382,-39.09461392380459,-0.2184056643787965
508,6,0.5161710960565167,3.4814353544519103,-91.9808179587436,-0.459904089793718
508,7,1.977505921888148,14.48204041143184,-385.2198107834399,-1.9260990539172
509,0,0.7512082704060955,3.610101313623488,-100.2992000011761,-0.6965222222303896
509,1,0.1348258709215826,0.9719917032103952,-13.769447413690688,-0.0871484013524727
509,2,0.393363726155549,2.0609712556763755,-45.56301298306592,-0.3350221542872494
509,3,0.3680755377226858,2.26396141711958,-66.19366098501325,-0.3309683049250662
509,4,0.3036453589278057,1.5460048361790988,-34.05994043756211,-0.218332951522834
509,5,0.1644863559575913,0.7938122933866155,-18.566877468189634,-0.1054936219783502
509,6,0.4361703596893139,2.4655452783279808,-74.33993638194745,-0.3716996819097373
509,7,0.1655170961016915,0.7128697985293535,-17.204854306074512,-0.1102875276030417
510,0,0.3368744966298216,2.4333427751232146,-43.83031071122658,-0.2883573073107012
510,1,0.0775225395771655,0.4946702452150906,-9.3813881494221,-0.0469069407471104
510,2,0.1272684999047692,0.7193534661594468,-11.701037166429382,-0.07598076082097
510,3,0.3718051130858433,3.925696704283942,-67.82000164730076,-0.3391000082365037
510,4,0.3105749000194682,1.5139546608684658,-40.94466984590748,-0.2339695419766141
510,5,0.087336857262132,0.3443195835599386,-10.352804931920598,-0.0517640246596029
510,6,0.1630588798631466,1.1618468303834304,-22.84240383706938,-0.1142120191853469
510,7,0.0975577183119868,0.3682472123422791,-12.190542851613763,-0.0609527142580688
511,0,0.4106018954625022,2.5355552930574867,-49.27800695261302,-0.3570870069029929
511,1,0.1244912746356417,0.6090622157935226,-14.223660554254735,-0.081278060310027
511,2,0.2184031741745285,1.551826252475485,-23.918325959697043,-0.1638241504088838
511,3,0.1997595256417334,1.8811307037356664,-33.02553206462183,-0.1651276603231091
511,4,0.7531570386399891,14.399443677142386,-136.48682641064232,-0.6824341320532116
511,5,0.0913128660471136,0.3580318419215383,-14.13324405815235,-0.0706662202907617
511,6,0.3965626729046987,3.131545395469213,-67.3568226287483,-0.3367841131437415
511,7,0.5610405449970305,4.577363997325049,-74.79053275868432,-0.5019498842864719
512,0,1.0727392115086538,5.822091248390122,-141.00652640581418,-1.0144354417684474
512,1,0.2511340124914886,1.303313537638202,-27.41386874035445,-0.197222077268737
512,2,0.1919126032105133,0.8115478012019469,-21.25900984438124,-0.1398619068709292
512,3,0.7595596903907023,5.740297691656546,-128.1727518747935,-0.7120708437488528
512,4,0.3782740403117771,2.7159648503903644,-58.805016560907625,-0.3078796678581551
512,5,0.0866478066314437,0.31709529166242,-12.368714958630136,-0.0618435747931506
512,6,0.3430781355328081,2.1586525773962366,-55.29017804858358,-0.2764508902429179
512,7,0.1968381513349016,0.6141798581072262,-16.215658931468045,-0.1286957058053019
513,0,0.9747702491147554,5.649669035336779,-133.38340742138516,-0.919885568423346
513,1,0.1269392972271323,0.5109216496413338,-14.193226321527836,-0.0830013235177066
513,2,0.1569376342744666,0.6471737836922152,-16.727968325494416,-0.1065475689521937
513,3,0.8724312599542373,5.13341572146385,-138.94649516724712,-0.8221686104570836
513,4,0.2707488377112796,1.1208576262702,-35.04270926843356,-0.1957693255219752
513,5,0.1115770615312137,0.5796982503492288,-13.68664519066696,-0.0684332259533348
513,6,0.4639264506422846,4.735717559016802,-81.1639028249784,-0.405819514124892
513,7,0.2032132753957943,0.7279048647784321,-15.595403730232094,-0.1310538128590932
514,0,0.5013650194266744,3.499965170500336,-66.63537323638053,-0.4502390083539225
514,1,0.1467648530997155,0.7388887152631001,-13.201911980057014,-0.093630581418844
514,2,0.1459510769871831,0.7509556810670275,-17.208094288873724,-0.1000470598190332
514,3,0.8612639213632597,5.803154827311235,-143.798039375267,-0.8124183015551808
514,4,0.422906764397022,2.288767827753136,-71.38669159696515,-0.3569334579848257
514,5,0.0993096852668473,0.5154650140844935,-11.06456640260839,-0.0553228320130419
514,6,0.2800589737683999,1.8986399983322253,-43.92397807384347,-0.2196198903692173
514,7,0.2850334539797286,1.422904362938182,-32.18221168538264,-0.2250504313663121
515,0,0.5631472093692521,2.719165395068277,-70.73060487879704,-0.5088532725093312
515,1,0.2406697795176258,2.131068580445896,-26.253104798239043,-0.1875221771302788
515,2,0.1164521312737772,0.8098344863064468,-16.063281286311682,-0.0803164064315584
515,3,0.9105598095063532,6.3126972206819705,-159.78983483337993,-0.8637288369371888
515,4,0.3583005780666431,1.5751681582021797,-46.40388737715328,-0.2778675890847501
515,5,0.1177025843399798,0.4824105662180949,-13.567000291322309,-0.0678350014566115
515,6,0.3086036894968014,1.6204503217458814,-49.58998289013217,-0.2479499144506608
515,7,0.3385701410468022,1.6834121547854188,-37.530775788059415,-0.2759615866769074
516,0,1.0791346175464216,6.3837173911517855,-141.90807311256788,-1.0209213892990494
516,1,0.1403116136909765,0.6784159055819187,-15.450923343166188,-0.0942129472144279
516,2,0.2020368731431993,1.4284551797506289,-23.71757697687613,-0.1510673692794658
516,3,0.3882946238514891,3.5494994794131283,-62.55516578130512,-0.343709702095083
516,4,0.3453237977296063,1.4958533624621988,-47.4018154822037,-0.2693284970579755
516,5,0.0925585794329402,0.3206438242402421,-10.296479282726269,-0.0514823964136313
516,6,0.3922629151581179,2.84203772825963,-66.73799696600355,-0.3336899848300177
516,7,0.3160178539311518,1.5439197415012205,-32.61251715261026,-0.2508655165585404
517,0,0.6069955137250634,3.130084610089145,-77.2947866766997,-0.5521056191192836
517,1,0.2083446025228712,1.29442116066423,-24.64008200602296,-0.1600005325066426
517,2,0.1943908147685534,1.5505788541286756,-22.97856193604622,-0.1445192574594102
517,3,0.6314411630120581,4.517974544418449,-112.20389233294256,-0.5874549336803276
517,4,0.4304187754478996,1.4939211081119197,-53.80781937850604,-0.3449219190929874
517,5,0.1165801565049608,1.3269493460624249,-14.152831278083484,-0.0707641563904174
517,6,0.5155767187678525,3.711043937204439,-90.44340204383433,-0.4522170102191716
517,7,0.2544586699868424,1.5588733678231153,-35.13884856983553,-0.204295631219974
518,0,0.885481485147854,4.702666305339016,-116.03069121029242,-0.8287906515020887
518,1,0.101362713566587,0.5564635052568134,-10.056326389768266,-0.0577949792515417
518,2,0.2351075858576904,1.4563605697351765,-24.468543468001787,-0.1773082860000129
518,3,0.5277562083207796,3.127936560579603,-82.53076877972137,-0.4798300510448917
518,4,0.3165722834647014,2.2681221305583863,-41.37896034676848,-0.2391847418888351
518,5,0.2486058243432112,2.699314153495193,-40.14987552926944,-0.2007493776463472
518,6,0.6152885869512834,4.26506666589628,-109.753487020511,-0.548767435102555
518,7,0.2409700470228517,0.8472763529431477,-20.612660680704195,-0.1703525676091256
519,0,0.9155412699113266,6.264124991794892,-125.72685646972243,-0.8611428525323455
519,1,0.0801708182222965,0.4341691293053583,-9.190127599229273,-0.0459506379961463
519,2,0.2697457830128577,1.2772150528666073,-30.662463473910226,-0.2144228214958757
519,3,0.6311893738543239,4.167687041224768,-110.93417937878512,-0.5869533300464821
519,4,0.3811990775617912,1.629404207350266,-49.556273935361766,-0.3003410541537076
519,5,0.4258387921466412,2.6163476837393205,-70.08394373382079,-0.3708145171101629
519,6,0.4003911767085673,1.717877423174501,-67.11214736201272,-0.3355607368100636
519,7,0.2841242905496802,2.1276389760588548,-33.27803107533933,-0.2263811637778185
520,0,1.0259744628588738,6.29113469195637,-123.43794805442349,-0.9643589691751834
520,1,0.0755374693986657,0.3117265637038856,-7.263797607025181,-0.0368720690711938
520,2,0.2645983285952527,1.202996306731026,-29.85312534715971,-0.2087631143158021
520,3,0.4116442125111685,3.471313594033829,-74.37601861074972,-0.3718800930537486
520,4,0.2646409038453627,1.2574164341333751,-34.78618779936448,-0.1911328999965081
520,5,0.1147024593010675,0.8024955304118808,-14.63317561243053,-0.0731658780621526
520,6,0.291585905817745,2.9631061561030885,-49.37696413245594,-0.2468848206622796
520,7,0.0935869496997526,0.632238421731684,-10.871490894714643,-0.0543574544735732
521,0,0.9754998732728412,5.197267265860582,-113.13870342500157,-0.9124088985887224
521,1,0.1229965393475841,0.4785747985129586,-11.13663022788487,-0.0732673041308215
521,2,0.3800866752677694,1.963130470524953,-43.683376423242265,-0.3212012972297225
521,3,0.6043859283814006,4.496766421610921,-96.19593233534296,-0.5560458516493814
521,4,0.3495628359893806,1.3836623601224765,-54.809457236531856,-0.2810741396745223
521,5,0.2216020111668194,1.2127127027344642,-28.938286773497783,-0.1634931456129818
521,6,0.2629188158717842,2.002478381891687,-41.69178241670349,-0.2084589120835174
521,7,0.2599380700260856,1.3306632680422492,-31.96725899815853,-0.2049183269112726
522,0,0.7257671876624666,4.440058161446197,-93.86872559280188,-0.670490897091442
522,1,0.1246804009959267,0.4810263079291713,-10.830429262816669,-0.0731785761001126
522,2,0.5073705506212278,2.830962636267908,-58.94779005450162,-0.4465741670795577
522,3,0.5581170416653586,3.400046186366107,-87.64123718729297,-0.5095420766703079
522,4,0.2823673821165558,2.109418726236891,-47.82438758789056,-0.2391219379394528
522,5,0.1620898114511555,0.8518103371698059,-19.26647638935972,-0.105281291745135
522,6,0.4472338670513046,2.274401265882698,-77.65455932664233,-0.3882727966332116
522,7,0.2062738596438803,0.8495688301812591,-21.979889654046698,-0.1485127679327479
523,0,0.8683746557020598,4.458643728968034,-116.24829278606944,-0.8129251243781079
523,1,0.1497809762162425,0.9683156432134086,-13.103654907400744,-0.0949540210681213
523,2,0.3023479988682923,1.260039709440201,-34.65338960899916,-0.2457687206311997
523,3,0.6881974203508101,4.132175668432248,-111.34552150982388,-0.6399167902863442
523,4,0.3360412961409489,2.641239420194603,-48.20081851191335,-0.2633924508847723
523,5,0.1839984672033585,1.4451274233409912,-21.239736904951734,-0.1234868424706496
523,6,0.3428986574131857,2.872233714554518,-56.3804882490968,-0.281902441245484
523,7,0.1842745089178095,0.914831464769092,-18.4892478592932,-0.1257771963217224
524,0,1.0535578560224874,6.228693922790192,-135.26500360867234,-0.9945956147696496
524,1,0.1407354223135034,0.610744894323761,-12.02153614604649,-0.0864858715542913
524,2,0.3995473597824245,4.207002633762377,-53.960625948606776,-0.3481330706361727
524,3,0.6411913609872597,4.387107858201356,-103.87666851679325,-0.5935809629531043
524,4,0.3218771656549197,3.115586957347431,-49.97593782239368,-0.2536849635654501
524,5,0.2448346636836216,1.6244916477527556,-29.373482655390163,-0.1813177941690751
524,6,0.319373781047378,2.982871483354037,-51.30261526998702,-0.2565130763499351
524,7,0.1432294355837241,0.4713901231419736,-14.113136765323029,-0.0887618664485725
525,0,0.8194714241295004,4.467990105528743,-98.67773301814414,-0.7590594847549549
525,1,0.1144440912683648,0.6524596991095034,-11.18175670426326,-0.0681814433186784
525,2,0.3037102828011311,1.9407712890044249,-33.56429096051797,-0.2449948245293282
525,3,0.6368253421248551,3.225823249816293,-102.4494167174371,-0.5887897512496385
525,4,0.2458874625459239,1.7983604739443564,-33.00367227096349,-0.1746226046082724
525,5,0.246274635746645,1.635905347081861,-33.55110479555528,-0.1884893527840184
525,6,0.1747137889197903,1.268235388488243,-24.74713409503796,-0.1237356704751898
525,7,0.1517059305207364,0.7794659308420221,-13.509433400845246,-0.092530365759214
526,0,1.296031106370194,6.243140012528466,-162.93279538597972,-1.2343393589846947
526,1,0.2200967955905921,0.7386255963833568,-25.05858043847965,-0.16931473269243
526,2,0.3290956038897661,1.993674181332856,-37.89627697866238,-0.2726350861774271
526,3,0.4435613751724881,3.28092349614528,-69.87430803331516,-0.3970131138256543
526,4,0.2300821666884779,0.8580249637142039,-30.66940766256575,-0.1597364982425299
526,5,0.1266020944624207,0.8312114669162086,-12.794561601600938,-0.0699156371672182
526,6,0.3044182710297748,1.8124778962455304,-50.72599147587422,-0.2536299573793711
526,7,0.1315171522505552,0.5825848873673378,-15.052667274930304,-0.0836259293051683
527,0,1.007460894653755,6.565876952662979,-135.09187429520284,-0.951351227431006
527,1,0.1798374830635146,1.4783541351566856,-17.074952677441146,-0.1246346910762127
527,2,0.4016259324002142,3.865792733435361,-47.89203507191501,-0.3445470149058633
527,3,0.6083259061314995,3.963524436531399,-99.98522538672196,-0.5617147493636065
527,4,0.2622856930538961,2.967114774414485,-40.23458906108757,-0.2011729453054378
527,5,0.2587180428538956,1.3511984752190669,-30.832370043802698,-0.1939142770050484
527,6,0.3237598479751795,2.538829977081325,-53.61161723186753,-0.2680580861593376
527,7,0.1680815875879332,0.616301703172901,-18.06212005819792,-0.1135982393597353
528,0,1.055157686604667,6.672631824020572,-144.88619484866098,-0.9992151368873172
528,1,0.3058823125500126,1.7403364118961036,-36.7462839223188,-0.2534226477401297
528,2,0.1913954667378656,0.8565629448313765,-18.897790882794467,-0.134984220591389
528,3,0.5712777983863927,5.253416654073132,-87.73456633396225,-0.5222295615116801
528,4,0.338035751425162,3.811427852688443,-48.08586953845799,-0.2642080743871318
528,5,0.263443036192717,2.420559944653446,-37.567190797131005,-0.2064131362479725
528,6,0.3498676644959207,3.836465340420335,-58.47228671148838,-0.2923614335574419
528,7,0.533032228769486,4.723867967644761,-75.01831008866439,-0.4778236311379897
529,0,1.7201688297129307,8.951279233694235,-232.3326838523328,-1.6595191703738057
529,1,0.229341515066463,1.7178851838923592,-25.766586622839597,-0.1777005973988937
529,2,0.3338139888011769,1.4375708126269693,-38.2493095291286,-0.2771689096313667
529,3,1.0673676703564214,6.634373550249847,-184.33116124893016,-1.0184042057951943
529,4,0.4224802089772262,3.0725035359455286,-57.58808985042517,-0.3427862491096736
529,5,0.1965523781538161,1.0128519643494756,-25.61974536370349,-0.1399986085448278
529,6,0.2693932828140811,1.7222309475092434,-42.04040638756468,-0.2102020319378233
529,7,0.2810481931092458,2.693690503616242,-33.82469091851594,-0.2240045756193108
530,0,0.6114900758000107,4.562717001048929,-79.20896670885195,-0.557809624710225
530,1,0.1159822663554511,0.4622161072059504,-7.395031706408447,-0.0573258271814608
530,2,0.3180410610529256,1.870886173292512,-37.771015988548015,-0.2622987221426945
530,3,0.2693588930507616,2.278596056307336,-45.01105081643975,-0.2284824914540088
530,4,0.4281894883788225,2.8310277744621546,-69.62964907952535,-0.3589157169047698
530,5,0.1862467270071182,2.398335480474783,-28.20181740777197,-0.1410090870388598
530,6,0.4180243206461773,4.62832978933361,-72.84130402850599,-0.3642065201425299
530,7,0.2295386113008949,2.522014653036078,-37.012152959742494,-0.1859907183906658
531,0,0.8068167475743485,6.303879299476626,-109.16563780674473,-0.7528664676327221
531,1,0.1162910945049215,0.4009295990876645,-9.888844083060556,-0.0659256272204037
531,2,0.4311810162257105,2.5503587005525192,-51.124441845774975,-0.3731711083633209
531,3,0.6717225700673721,4.684862606467613,-115.84377909282092,-0.6261825896909239
531,4,0.2709913607598133,2.2939739023195767,-36.75966013657536,-0.19870086560311
531,5,0.1413402402225692,0.6932309953214215,-18.453391583371907,-0.0922669579168595
531,6,0.3099745500238962,1.6291057377926828,-49.61868135352351,-0.2480934067676175
531,7,0.1434298572013381,0.5185370251149326,-12.47656019818425,-0.0848745591713214
532,0,0.6205121626560173,4.331838693570204,-73.65049336559336,-0.562217506607583
532,1,0.1209633817685673,0.8157995419489271,-10.126135868249754,-0.069357094988012
532,2,0.3796600284557416,2.941879335544232,-45.91869950322601,-0.323371123262155
532,3,0.4865854891104561,4.1483007330734045,-79.39639793950448,-0.4410910996639138
532,4,0.2631829112827886,1.3524826954957057,-38.42536614364857,-0.1950526200185206
532,5,0.1854443620959567,0.932077317578944,-21.32832641715207,-0.1247270550710647
532,6,0.4972811685141404,3.641873901003843,-87.67822967726251,-0.4383911483863125
532,7,0.1903813576635313,0.6179154058915391,-18.773645253567413,-0.130372536483107
533,0,0.4743965046741423,3.439145008571045,-60.30655617992179,-0.4217241690903622
533,1,0.1357955697648708,0.8953434203494525,-12.261368379319093,-0.0839819752008157
533,2,0.5220094012774623,3.792853965516849,-61.47468761100389,-0.4622156963233375
533,3,0.455075500848354,4.693714360601603,-78.37319986756091,-0.4124905256187416
533,4,0.3024741251201194,1.3932924435229688,-42.21154445850304,-0.2294105677092556
533,5,0.1683490378445159,0.5847392073058051,-17.797241021206528,-0.1065703055162067
533,6,0.4704279114480871,3.820752957506505,-81.95586474246768,-0.4097793237123384
533,7,0.2914867134321136,2.157038960271022,-37.07589307709294,-0.2361521852044136
534,0,0.4016403823490966,4.316517430130192,-53.15602486951804,-0.3520266547650201
534,1,0.1524238771742785,0.7032383582478717,-14.727577978857036,-0.1008738217729934
534,2,0.3465182278876131,1.75514651437988,-40.29049247423468,-0.2898596580880193
534,3,0.5877405349408962,3.999226043366775,-96.21889860435527,-0.5405556101368275
534,4,0.3048875530297313,1.1745638497103703,-43.27571793705735,-0.232665150199233
534,5,0.1425207299138655,0.5446100531002549,-15.376549007508732,-0.0849533094337499
534,6,0.5488603172154997,4.932329595934939,-98.38420854637656,-0.4919210427318828
534,7,0.1340481880182329,0.4147524207068926,-11.966203801658128,-0.0777026220886891
535,0,0.5953537042263315,4.0661992240778,-67.5080119593269,-0.5357778726930705
535,1,0.1935896513288594,0.768734514236359,-15.072536626341208,-0.1288250993704376
535,2,0.3432567795934847,2.052321429809153,-35.71191885715002,-0.2811962114736221
535,3,0.6072497984550458,4.438552371134397,-100.42902125910187,-0.56105598468772
535,4,0.5082174625778619,3.5091164465837164,-81.10245042434731,-0.436034679700792
535,5,0.1903985534564941,1.6735008202669732,-26.4447021723792,-0.1370191822403067
535,6,0.7952397285918633,7.878400979466,-147.08763833137425,-0.7354381916568713
535,7,0.1093472129376563,0.4956707185575021,-11.75176734913026,-0.0628436756637981
536,0,0.8306786577100348,3.9275438647816863,-108.55165930975517,-0.7753689950696797
536,1,0.1429700655380032,0.5874027726137229,-11.02599982626255,-0.0848153832789427
536,2,0.290575644509422,1.5977262672911838,-29.832282738601297,-0.2294790979892407
536,3,0.602683745464117,6.7202541152159165,-103.10559574511304,-0.5573275445681786
536,4,0.2602870898211725,2.2484619688929866,-34.82175400371563,-0.1882256973173817
536,5,0.0972411588272996,0.5362990721316817,-10.835488336364069,-0.0541774416818203
536,6,0.3312835351773469,1.6815794155736623,-54.25221554113004,-0.2712610777056501
536,7,0.1659524835762818,0.7686067336991178,-16.244799556853916,-0.1082986637123594
537,0,0.4813132447738865,3.021336267773969,-61.27832150948861,-0.4285197308355847
537,1,0.1922084479414295,1.6523723168906328,-18.983653372074446,-0.1375627055947423
537,2,0.2986033197199152,2.987123137848432,-40.94765925780696,-0.2496808491329692
537,3,0.4363287912758297,3.38230329371124,-72.1030868904508,-0.3918646026654934
537,4,0.3638484123699284,3.068680247232115,-49.18430491739869,-0.2859552611476668
537,5,0.0965491212042691,0.3471883943540902,-10.592965934206532,-0.0529648296710326
537,6,0.474248135906326,3.262486905834897,-82.15995234688319,-0.4107997617344159
537,7,0.2752447852570441,1.2822376394819752,-29.39981160515471,-0.2130421130808312
538,0,0.6422993641298792,5.0637001707323295,-87.51784202032066,-0.591336770407572
538,1,0.1167379560997659,0.4651573849600954,-10.357341195414584,-0.0672554623078869
538,2,0.3828878145211694,1.778503235488851,-43.2055779838972,-0.322429686446994
538,3,0.4578922357186595,3.634315663804719,-79.68319507301281,-0.4150166410052751
538,4,0.3402754697385731,2.383689134244669,-44.50145938095049,-0.2617732904761793
538,5,0.2143602244212824,1.803980663045724,-31.810840250209115,-0.161476346447762
538,6,0.5436492802541486,4.109380053812936,-93.90601610032462,-0.4742728085874981
538,7,0.2199164049390069,0.8306954656862797,-20.484755283687424,-0.155187540027935
539,0,0.3731709324802329,3.4229533282477766,-47.87026136317304,-0.3234477119133314
539,1,0.1626747225589736,0.8887630077415827,-12.506441216845156,-0.1016783838767898
539,2,0.2925384491375546,1.7304993639504818,-30.254708077101764,-0.2309519700542119
539,3,0.4886108966450933,3.6045301506863634,-81.74836669629083,-0.4442846016102763
539,4,0.2769972178512872,1.4386823773902253,-35.930409854928286,-0.2018562351400465
539,5,0.0833160868226816,0.4355794760268558,-8.970413182111404,-0.044852065910557
539,6,0.4418878620654965,2.8785589161003085,-75.09326203630437,-0.3754663101815218
539,7,0.2702947581001577,1.3656198674880682,-26.27205923340701,-0.2036593739023799
540,0,0.7578266872716358,4.407960616574233,-90.0636592968717,-0.6981679015261373
540,1,0.1835165574822541,2.1647237916675603,-18.068573434090503,-0.1290612388149321
540,2,0.3492127069292087,2.4270003166615117,-39.84063388849148,-0.2908075466313246
540,3,0.5209639098045307,3.792772306484357,-91.26627072646338,-0.4778338781490229
540,4,0.4477238693229878,2.946555923040779,-64.89808476909631,-0.3708461986805503
540,5,0.3783685206871502,3.5362410878805384,-55.913025767214044,-0.3195030043840802
540,6,0.3125400853743032,1.6732880147123523,-50.27903778702794,-0.2513951889351397
540,7,0.1470359981771387,0.6267463693506354,-12.01544800234672,-0.0858246285881908
541,0,0.6193236713451978,2.499101210000245,-84.10482334067329,-0.5682758333829276
541,1,0.1653152431886019,0.7908764083892419,-12.287612787865635,-0.1023967732322136
541,2,0.373005815907132,2.3971926424827688,-46.13217696044605,-0.3181529445548003
541,3,0.4075459505443426,1.647666900757782,-60.35021514390479,-0.3592274710946713
541,4,0.3626363025266973,1.8622775564336005,-49.022671978004695,-0.2850155347558412
541,5,0.1250709491924115,0.7289666394649661,-15.75795657891118,-0.0787897828945559
541,6,0.4415000579339325,2.5591050778762834,-76.05072529934205,-0.3802536264967102
541,7,0.1246848992975866,0.6259741836960308,-12.068998690794084,-0.0727048113903258
542,0,1.1657822615493727,8.175170819207722,-159.7579714074425,-1.1094303569961286
542,1,0.1093871556839914,0.4624472063842258,-8.882744045494631,-0.0588261195065869
542,2,1.3195169778298013,7.743608690800627,-167.0335377396592,-1.2558912612004451
542,3,0.3480838870788407,1.8508591642076893,-52.87365442907448,-0.3021351681661399
542,4,0.4219768122148009,1.689910027263534,-59.08882496831846,-0.3435396800483631
542,5,0.3134308733663302,1.8389619708229668,-43.23370433731385,-0.2528286803351687
542,6,0.3360815529018229,2.753426897709291,-56.06393577813074,-0.2803196788906537
542,7,0.1795607568582976,2.149859889012361,-17.036560026844008,-0.1191367834045035
543,0,0.6288701186952896,3.4358224080722843,-78.54484811354871,-0.5733200592229832
543,1,0.2269054799887556,1.4164119847013965,-20.144218143353136,-0.1651165421586322
543,2,0.2635913264687283,1.2035046840745809,-27.07847182348877,-0.2035975325074343
543,3,0.4636268555135119,3.000112410126893,-75.21936744996407,-0.4178853747220226
543,4,0.3632143680498483,4.253437091573622,-49.648654558786944,-0.2853370951654422
543,5,0.2283623190212233,0.9251877046325336,-26.73125139561091,-0.1639954073350362
543,6,0.4228453243656598,4.589623127722277,-72.3086660370437,-0.3615433301852184
543,7,0.1211777148654507,0.406355662097913,-9.94878146685971,-0.0650247154696713
544,0,1.1771747562951502,6.560499011160449,-154.39130984729158,-1.1187776075890694
544,1,0.2859064928767656,1.507100865241222,-37.88508556269867,-0.2382709783817526
544,2,0.5111936887048297,3.157975762169957,-51.80528018107915,-0.4427801724878559
544,3,0.5478402045707761,3.717107743882525,-87.02376593125932,-0.5001365858118352
544,4,0.3373707252796428,3.2321661925370866,-47.290470708368304,-0.2627248372687128
544,5,0.1902456561493802,1.350264845275028,-23.48182527580356,-0.1319203667179975
544,6,0.3486939322415631,2.437771246344606,-58.32137718038522,-0.291606885901926
544,7,0.1699142431089507,1.2030525324437025,-18.250675405761115,-0.1155106038339311
545,0,1.377472466426224,5.943088231288847,-187.2836088805592,-1.3188986540884449
545,1,0.1092528345123756,0.5494208920743869,-15.186384543321996,-0.0759319227166099
545,2,0.4469478453152103,2.052943969853993,-51.85602311375943,-0.3869852471176077
545,3,0.5098438998319744,4.116068941351071,-83.02818725348001,-0.4638446215278213
545,4,0.3988059150789205,1.2805774981675824,-53.55640106343392,-0.318788101568059
545,5,0.1272732782102157,0.5911975825677634,-12.52082970886273,-0.0695601650492373
545,6,0.5774339380643463,6.639077870934774,-103.26661561302026,-0.5163330780651013
545,7,0.2076425401865926,2.2312857343827703,-25.04168336552852,-0.1545782923798057
546,0,0.7457846042872248,4.190950074955647,-94.3459485676804,-0.6886565588881781
546,1,0.3394076461207552,2.0265980961499106,-41.99008703112009,-0.2876033358295896
546,2,0.3538202991408175,2.484538505048345,-40.131696259045285,-0.2950860019047447
546,3,0.2639361599722651,2.221445557014785,-39.98095326559086,-0.2196755673933564
546,4,0.3845745703500799,3.23459409897722,-54.158236154083454,-0.3077172508754742
546,5,0.1192012389428771,0.5290658263705008,-12.813190036813555,-0.0657086668554541
546,6,0.4664824223313328,4.324697713560081,-81.36515125273917,-0.4068257562636958
546,7,0.1046319868636235,0.5384464766283689,-9.05525517255696,-0.0535813915535914
547,0,0.7682964295699048,4.901249569542967,-92.08728823252596,-0.7083637556348151
547,1,0.2153915216482703,1.0136157887360475,-20.88023800394309,-0.1581836212419931
547,2,0.4719336227044557,2.8534611355168407,-55.57768546949959,-0.4116865590333302
547,3,0.3124252341537984,2.492120842009289,-48.507556569231376,-0.2679975501062507
547,4,0.3809756481744036,2.0706565059319866,-56.816694577667306,-0.3087863835742788
547,5,0.2412930311961343,1.529097605151957,-30.016291838189822,-0.1797382744801786
547,6,0.3292587120263121,3.046989270555459,-54.61647301794798,-0.2730823650897399
547,7,0.1402405489151497,0.7569766690883039,-14.672785355267909,-0.0883902732245054
548,0,1.0656643128788532,5.984439322432364,-143.26168941247784,-1.0088851367075904
548,1,0.1562507499949595,1.0041438484499616,-15.276511072232193,-0.1046336374810424
548,2,0.4258651064160886,1.9966357091017333,-49.90040360629578,-0.3669147323992336
548,3,0.4839244809574378,3.185952774321872,-75.05567803713708,-0.4363702211461458
548,4,0.1835160318681467,0.8308764271904321,-20.242964992381545,-0.1100161140890301
548,5,0.1829260352335118,0.7301244973514102,-24.003496299095097,-0.1276781718036973
548,6,0.2878168592135872,1.780280606498508,-44.91325605088087,-0.2245662802544043
548,7,0.2144675503812474,1.8449572898375863,-22.69441935839804,-0.1554412284821783
549,0,1.192731888148563,8.364348234890878,-154.17972396686503,-1.133674440932831
549,1,0.1550223435514742,0.8705004356484817,-12.934485694981747,-0.0979885279922859
549,2,0.4856922332151668,2.8729745644330773,-54.027661533184784,-0.4220911057280061
549,3,0.4254309503795012,3.513100887410534,-69.24737815753302,-0.3804800997666649
549,4,0.2699135290264566,2.2721236439975763,-37.843657547402245,-0.1991771449863276
549,5,0.2078826883062602,1.528293336215979,-29.45803461229835,-0.1534272636057205
549,6,0.3813280774688347,2.7342537563232665,-64.74676796960073,-0.3237338398480036
549,7,0.1861577079640513,0.8247764556919025,-21.514911617931613,-0.1328080964069852
550,0,0.6762782119170421,3.138778952251263,-72.88012597572254,-0.612438033409433
550,1,0.1460964423161153,0.618472460898076,-12.61331366857847,-0.0914008236853512
550,2,0.2468709370670944,1.037163756138224,-23.5894475401464,-0.1842925589073937
550,3,0.3767480397111747,2.969923384981256,-60.38792167272087,-0.3318017674325322
550,4,0.4101316951517737,2.0729327671053333,-60.45844960233731,-0.3358802755685406
550,5,0.198221811444667,1.1886732034721903,-22.017243093009,-0.1350751110000552
550,6,0.3050163044149662,1.9510411763829705,-48.59942384235394,-0.2429971192117697
550,7,0.2156308509724665,1.9877047240368155,-21.572817027436876,-0.1540915501959776
551,0,0.9914828048295176,6.232496676141009,-129.78414535682688,-0.9336988874591862
551,1,0.1388134685572336,0.5523221446342603,-14.486477312618009,-0.0911099202051447
551,2,0.2373493135762602,1.1581521999878177,-24.813103139001488,-0.1798050952101557
551,3,0.4165894072054331,2.614046104606158,-68.93985037814649,-0.3726478398818729
551,4,0.2379203077617591,1.213309735613188,-34.49448762755894,-0.1724724381377947
551,5,0.1050319238147749,0.3426132396851974,-11.428696083426116,-0.0571434804171305
551,6,0.2857787980615311,3.16883680482296,-45.97806330110506,-0.2298903165055253
551,7,0.2348652134625655,1.5906488117263635,-24.2446798243056,-0.1731762844593256
552,0,1.4397602429087224,6.940432582865184,-197.7984861660412,-1.383206196965323
552,1,0.1829532513758664,0.6457492213078542,-15.849671963235195,-0.1238255622127749
552,2,0.3931542801905326,3.668854476435061,-48.80633097976362,-0.3365953860673353
552,3,0.4320033524885039,3.546680385466469,-70.8905514039091,-0.3873800623164432
552,4,0.2295258050644694,1.0174842159051891,-30.397097947678496,-0.1591471096737094
552,5,0.1498355809961988,1.220793364998174,-19.97626502272454,-0.0998813251136227
552,6,0.4418267684030014,4.058179023029888,-76.57828474584278,-0.3828914237292139
552,7,0.3098488494516387,2.4280290722103395,-39.7717675677288,-0.2549472279982615
553,0,1.637281077737407,7.603483379053587,-204.4710198142137,-1.5728539985708747
553,1,0.0942307664094501,0.4739118581027058,-6.640396960035979,-0.0439761388081852
553,2,0.276438651408529,1.01599388448403,-27.083721626327225,-0.2132576506010017
553,3,0.5761944236311052,4.133958923204705,-95.41297846936637,-0.5300721026075909
553,4,0.3388033685802455,1.4113221817601005,-41.82780886373057,-0.2566123243173654
553,5,0.1364368111956617,0.5144297707968962,-13.639712724531671,-0.0774983677530208
553,6,0.6173351593953855,6.003298494808631,-110.8686828352108,-0.554343414176054
553,7,0.1641954814896181,0.8467241932017578,-14.864703012957,-0.1039489721185804
554,0,1.3289186968147375,7.582939064045642,-166.0922453333662,-1.2678797353692075
554,1,0.1193800184321793,0.389944488842787,-9.987123849534743,-0.0679396180240458
554,2,1.2282740817006663,8.689174909207855,-165.8732943961859,-1.168121791522436
554,3,0.5550463244112818,5.245694152498884,-88.36178490925701,-0.5078263500532012
554,4,0.2756580181386637,1.9414024196757296,-36.50788391226606,-0.2017010160898677
554,5,0.11489961445011,0.4530959359168751,-11.743958236113135,-0.0608495245394462
554,6,0.4487661116020519,2.2583743325278296,-76.96167353765958,-0.3848083676882979
554,7,0.168602291785832,0.771873903454273,-13.17717477828536,-0.1021486416921345
555,0,1.0923683425492383,5.926306645318604,-132.9564605338516,-1.030670236696524
555,1,0.3204222348254461,2.1344747453798583,-33.81851551716112,-0.2621590350167528
555,2,0.5245548105090833,2.304987689742667,-50.66049477599795,-0.4523258462142673
555,3,0.3487534862838394,2.736946866910613,-53.6678884609003,-0.3032084093836175
555,4,0.2614537670321151,1.8416026864561497,-32.80680571197284,-0.1853491848134059
555,5,0.1318438177609137,0.5109843599706188,-13.016104672133151,-0.0731241835513098
555,6,0.5700939596037087,3.488752426853366,-99.94276645618456,-0.502224957066254
555,7,0.1089468307026345,0.5119088534652474,-10.99313585735744,-0.0610729769853191
556,0,1.0493345090368775,4.141702241446515,-124.310597912057,-0.9865920469210874
556,1,0.2098728828882448,0.7898673570372354,-21.87541585865412,-0.156252970418958
556,2,0.5871292818994723,4.243578966189495,-76.48688862656131,-0.5311589487955647
556,3,0.3320646650892089,3.366526992565652,-58.36309014844361,-0.291815450742218
556,4,0.3507486778312775,1.4281877779327066,-44.86206863133476,-0.2702534254899684
556,5,0.1799957258399591,1.8506051745165155,-24.73009667770716,-0.1268210086036264
556,6,0.4144725693957847,2.692111941477234,-72.1422798785918,-0.360711399392959
556,7,0.1952177924289564,1.4017967011263677,-24.381218181656475,-0.1442675632050679
557,0,1.9200574701649409,13.51819474883237,-196.9410464560687,-1.85793440052895
557,1,0.1643986743941473,1.0620679287463934,-14.170322445677709,-0.1073509276187705
557,2,0.3535285121466053,1.5892207698330376,-35.25886272633394,-0.2890070715273273
557,3,0.2549220849839368,1.2303434596570697,-38.94398408718271,-0.2116520874303408
557,4,0.2764767764335074,1.629797645150556,-36.68528151761151,-0.2026811133569696
557,5,0.266294271065173,1.96104864082633,-34.941421519898306,-0.2055377736464606
557,6,0.4184075487777114,1.9674069445479,-69.8493853408966,-0.3510019363864151
557,7,0.1314844822667594,0.5286826648911936,-13.04882420041784,-0.0790837830328353
558,0,0.6213487676080129,3.0775709704288365,-76.17501684426352,-0.5642593840315817
558,1,0.1437547030692388,0.5507160730809457,-10.500372352659989,-0.0833362885131745
558,2,0.8751482130176379,6.390531353707471,-112.59367541569908,-0.815896198664486
558,3,0.4949136930686518,3.0348645741422517,-81.99734520951223,-0.4505348637885287
558,4,0.2495491901760669,1.287391784188645,-26.82488252574813,-0.1666141771785598
558,5,0.199068671476198,1.0898176027295736,-25.372930246740204,-0.1417482136689397
558,6,0.2783338324421707,1.7051726554878226,-43.35461664688315,-0.2167730832344157
558,7,0.125937864074108,0.6852583631142567,-12.844378092753,-0.0755551652514882
559,0,0.921281250366728,4.263239810358042,-118.22134554435118,-0.8629295295208116
559,1,0.3413019945147434,1.373743817636312,-38.49825500008656,-0.2851722592599004
559,2,0.2228498477046208,1.0931609064352723,-23.806602591109318,-0.1664797383993658
559,3,0.3748392862886089,3.275253740319966,-59.76716076684416,-0.3302053081041113
559,4,0.3776827870761187,2.493998068024549,-58.00160024931397,-0.306886773805894
559,5,0.1764468411224458,1.1494986202656197,-24.23486355565077,-0.1236472630390345
559,6,0.3550201416984044,3.0153841377021444,-59.7627219706717,-0.2988136098533585
559,7,0.1516874481144257,0.7600503553066036,-13.991850851811868,-0.0939050392739051
560,0,0.4811255995798098,3.3960654290586048,-57.38195544425145,-0.42505152180927
560,1,0.1566823591648055,0.8293131048255324,-15.014742664142052,-0.1042690462787642
560,2,0.2689257707554665,1.107660764566315,-27.851793719780343,-0.2094119828554912
560,3,0.5637659895815246,4.564531926850373,-94.30587307479976,-0.518164137773625
560,4,0.3691571690234174,2.221696889062952,-51.91234024259624,-0.2932900578677753
560,5,0.1974570531715941,1.4434191418278612,-23.62163527132042,-0.1373350887867466
560,6,0.3582335562224786,2.003552656100481,-60.01441422267189,-0.3000720711133594
560,7,0.2083548837653196,1.2167149416905587,-23.30757044053112,-0.1523370617028177
561,0,0.6842451440395834,3.995770258974384,-83.29308964434163,-0.6262638319123431
561,1,2.3371081884272398,14.889370815388784,-457.7778983496265,-2.2888894917481326
561,2,0.1816978670208642,0.6682845642654627,-17.293212306590714,-0.1244115993279907
561,3,0.320799685422857,2.099687770281932,-50.63685510262819,-0.2767041262438698
561,4,0.1673236658455369,0.7510668962242866,-21.280100272213797,-0.1064005013610689
561,5,0.1564627444875732,1.0454445796212195,-17.063009953272164,-0.097502914018698
561,6,0.258746761848396,2.121808420130318,-39.91035755916968,-0.1995517877958484
561,7,0.309440737966608,3.395949603517843,-36.26599107287781,-0.2501102832612262
562,0,0.6829131529856801,4.997618548243032,-81.78846368063063,-0.6243394174093941
562,1,0.1552490323607507,0.5863177820639403,-17.662124874722625,-0.1083565943234516
562,2,0.2465122977580764,1.772225469320068,-27.47610943815555,-0.1908063155427468
562,3,0.5256458014940553,3.633431379871695,-87.50724985430459,-0.4808090651335417
562,4,0.1227982884419087,0.4777235318887003,-13.87098412964407,-0.0693549206482203
562,5,0.0923615508711924,0.2692058338116788,-8.981763131990398,-0.0449088156599519
562,6,0.3129356774232575,1.808522594819144,-49.860489222402926,-0.2493024461120146
562,7,0.1767796182187658,1.692748632301332,-22.62644184883207,-0.1278330047956614
563,0,0.889937345698848,5.730989073167258,-116.71654597537628,-0.8336896141098307
563,1,0.1614255907325184,0.7146802869831623,-16.552687409980766,-0.1103512493998717
563,2,0.3994474871048191,2.814614651193573,-53.15217266817806,-0.3473998213606409
563,3,0.2981820289950624,2.199997450955605,-50.11563986354412,-0.2570032813515083
563,4,0.2943639367469209,2.40571971260968,-45.433711517721264,-0.2271685575886063
563,5,0.1254089569439623,0.5593885105372542,-12.71977897999601,-0.0691292335869348
563,6,0.331769743472474,2.1264149585806607,-53.70923428120846,-0.2685461714060423
563,7,0.1007329979459637,0.3754064044482119,-9.79319589765944,-0.0535147316811991
564,0,1.0854025554657725,5.596163038928276,-136.39928207333267,-1.025558511829569
564,1,0.1723937809066804,0.5964392998149842,-19.953708125055613,-0.1247106757815975
564,2,0.2141638581643558,0.9615249528962448,-24.419776824034503,-0.1617203763181093
564,3,0.4755424697689277,3.584242878296297,-75.95149203927951,-0.4291044747981893
564,4,0.3223828824820804,2.547532166034161,-51.579394707554165,-0.2578969735377708
564,5,0.1593673358935579,0.8147783457908901,-18.1126741628354,-0.1017565964204235
564,6,0.3523787407003964,3.949289143293025,-57.39029118440627,-0.2869514559220313
564,7,0.1160802605289571,0.3300578781512229,-10.532758927830384,-0.0638349025929114
565,0,0.7177212228879709,5.008974068857173,-91.2788203130632,-0.6614407269062551
565,1,0.1596557769568071,0.824382042903102,-16.51831433901233,-0.1093928101921346
565,2,0.2569843427957023,1.9655288011976035,-27.723555601624383,-0.1994500402994559
565,3,0.47516718765417,5.331719285761457,-80.59339713150457,-0.4309807333235538
565,4,0.3548214120005342,2.3497901228628013,-51.92498910543445,-0.2822010277469263
565,5,0.1515860027890287,0.5584343886912034,-17.718600199569615,-0.0957762172949708
565,6,0.6830833243254255,3.1807352321508664,-125.2717226755878,-0.6263586133779391
565,7,0.1349190327698734,0.5091930599214535,-14.026372793411408,-0.0834903142464964
566,0,1.248482076476073,7.072609899572451,-166.6877567443468,-1.1906268338881916
566,1,0.1081863866841887,0.4551550040609171,-9.78490067199281,-0.0607757805713839
566,2,0.3029245696590905,1.1362593044815592,-28.71708526568529,-0.2373312831874817
566,3,0.3741080586113535,2.772190781238144,-65.20496631799979,-0.3326783995816316
566,4,0.2682545825020317,1.0984929448305538,-35.17344281643343,-0.1943284133504609
566,5,0.1367259671990009,0.6032320796759438,-16.037117644028818,-0.0830938738032581
566,6,0.4756604664484951,2.999234388374697,-83.28111856452993,-0.4164055928226496
566,7,0.1367759100551873,0.5377880433955718,-12.180667931861691,-0.0801359732359321
567,0,0.686807684423587,4.469150189736485,-80.9636964841724,-0.6276255541408713
567,1,0.1024891572328698,0.3849085736867932,-8.907595401655005,-0.0553266795133851
567,2,0.2428382369307208,1.516752929622394,-28.206658759331805,-0.1893064346263879
567,3,0.83016636976194,4.396305299437357,-149.18240554120817,-0.785170555480043
567,4,0.2407018987866937,1.357331676837956,-30.581420659469977,-0.1671115883031146
567,5,0.1330437182174717,0.7018353642505057,-14.973406126587388,-0.0783947964742795
567,6,0.4740367544625668,2.4878004684168307,-82.73429431956617,-0.4136714715978308
567,7,0.0992775638446018,0.3266674456655637,-9.918311491511677,-0.0530390988850891
568,0,0.5193035283826947,4.617022148325988,-69.83861340354294,-0.4687155261982747
568,1,0.1569288673436659,0.5493398877332294,-13.90966317303146,-0.1015303881243172
568,2,0.5590192611700221,3.619731691780732,-62.37130101416076,-0.4950103255092123
568,3,0.6100043972729023,3.090083477135653,-97.1798087078456,-0.5617329983112463
568,4,0.3735596954013647,3.4527101276560943,-60.49168004626438,-0.3055135355871938
568,5,0.137680871010699,0.3786234342457166,-14.905614908329952,-0.0810087766757062
568,6,0.2645840660675816,1.4968500955615078,-41.33687504787064,-0.2066843752393532
568,7,0.1431840275801859,0.8808085317339553,-15.887514123257697,-0.0929094393172964
569,0,0.5497611686463301,3.4258451687104525,-62.26981227241277,-0.490313482459943
569,1,0.2807293840240746,2.5633464229976246,-31.973342574957787,-0.2267612948578566
569,2,0.3571368862372095,1.7041405668873997,-36.6172363483396,-0.2929378907867168
569,3,0.9717821878850084,6.1860900513556105,-173.05854900781026,-0.9254467861380228
569,4,0.2803778078186265,1.7666363428457244,-36.8203281733075,-0.2057001573927793
569,5,0.1971815181203454,0.894136330659554,-24.757072842803648,-0.1390846788921553
569,6,0.524383828440061,4.755338112795092,-92.98278523743905,-0.4649139261871952
569,7,0.1107953698686091,0.450277612166878,-7.879953038731318,-0.0528855908639685
570,0,0.4508720136046035,3.1755445493226704,-53.81784790325017,-0.3957194698768395
570,1,0.1515625021257711,0.9525426477666982,-15.426497922867451,-0.1014901179136016
570,2,0.4660030519489967,4.668723353082333,-62.32262192852009,-0.4127325955531132
570,3,0.4834423334150854,3.587897958651941,-84.10855473100565,-0.4403589252932233
570,4,0.3274538777133705,1.2333940604814655,-48.301228828063486,-0.2569214299365079
570,5,0.1235035803389825,0.5612787162775401,-11.94215416579241,-0.0659787522971956
570,6,0.2262440583510145,1.723264625104939,-33.944377232564534,-0.1697218861628226
570,7,0.1174459020278977,0.618704353520389,-10.833652557464454,-0.0652629672136412
571,0,0.8053362752185798,5.623135223585191,-102.49751484279288,-0.7481570426481232
571,1,0.1649599944740106,0.6469928772645773,-14.5303107267323,-0.1084351546771067
571,2,0.2216659773409194,0.8610877977214118,-25.370328758211283,-0.1691355250547419
571,3,0.434535159687728,3.671617537322842,-78.94738879950303,-0.3947369439975151
571,4,0.3595140802492969,3.268106696276814,-55.212755553697136,-0.2890720186057441
571,5,0.2802701509986769,1.371592969625046,-34.876479709564194,-0.2166240975749329
571,6,0.3536196677701098,2.9522574904311503,-58.98434027940663,-0.2949217013970331
571,7,0.2388945223329985,1.5209231455270251,-31.850918404001995,-0.1884669728047455
572,0,0.8936725232024895,6.893055221462034,-111.06051778647384,-0.8350414871163446
572,1,0.1327818816647361,0.6190752247230403,-12.817896672529429,-0.0832330952761651
572,2,0.2230517478149715,1.8382817014652275,-25.633156710656188,-0.1697560047063323
572,3,0.2857402707522566,2.8509437547411194,-47.43992174202873,-0.2445356790826223
572,4,0.2330488611833945,1.7910225078635993,-34.135324557415295,-0.1706766227870765
572,5,0.2745241368300898,1.3932826556855094,-28.925674486639483,-0.2022774439625138
572,6,0.3756995535012614,3.9859430541007135,-63.02522255337135,-0.3151261127668567
572,7,0.2133185560910684,2.763493587472102,-32.81418977228209,-0.1691453081045468
573,0,0.532352643290243,2.222988316851711,-61.2875459457868,-0.475097255393696
573,1,0.0915471850096846,0.4557554303584289,-4.933575961941742,-0.0360115033718375
573,2,0.233430850043853,1.5509984195910285,-26.3032686612244,-0.1789338004164925
573,3,0.3575557117509652,2.7774445753257084,-58.46469519221193,-0.3143263182376985
573,4,0.2542426364344738,0.8115922769052318,-29.26406597481386,-0.1741908688977015
573,5,0.1493540942167434,1.2675148951545503,-19.61438667447452,-0.0980719333723726
573,6,0.2260933778116275,1.341854920731117,-34.9855101965326,-0.174927550982663
573,7,0.1577909755599591,0.899957243719104,-15.176050342635584,-0.1005036446532157
574,0,1.2808014223955069,6.892908346267765,-163.49340853322786,-1.220100063680805
574,1,0.0972032855412741,0.3414274545249303,-6.242781034338147,-0.0439632467206911
574,2,0.2037334473516981,1.3335840462258648,-24.590805062640147,-0.1536925316415009
574,3,0.3225622497478714,3.8242867525042192,-52.56452588556768,-0.2795985419445089
574,4,0.3199275819753349,1.5459539178328638,-44.52737350671121,-0.2460075884348685
574,5,0.0832114721974495,0.6658043052947755,-9.510865007610342,-0.0475543250380517
574,6,0.3542005145248744,2.125242093176513,-58.84862349142335,-0.2942431174571168
574,7,0.1963705925302663,1.1834901353127223,-22.08710499769045,-0.1415840063954515
575,0,1.2664134316329465,7.614924627593842,-155.3422955568514,-1.20420384152598
575,1,0.1528272083696688,0.6488511317365825,-12.826212584818444,-0.0964376886076574
575,2,0.1694248463030283,0.7320614434466038,-16.982097177535117,-0.1155244705954769
575,3,0.594340823688672,5.087928279609554,-111.04136431290414,-0.5552068215645207
575,4,0.3383117979252666,1.522225191555269,-46.91049432712094,-0.2635421029613535
575,5,0.1332698746666274,0.5531772000252686,-16.00249750681765,-0.080820694478877
575,6,0.2121696116799223,1.7571713549746304,-31.91987050399305,-0.1595993525199652
575,7,0.1273064832934371,0.6497487494605148,-10.875079731846926,-0.0710789524957315
576,0,0.8145888937111603,5.799322976790779,-102.23789377846433,-0.7573177316923282
576,1,0.0998822708805899,0.3748018989160734,-6.131678723222259,-0.0447567790016223
576,2,0.4542731827682031,4.24726870210224,-59.185644216924366,-0.3999030014657052
576,3,0.4610365834137191,3.018949926358892,-75.28875378441325,-0.4159599656597417
576,4,0.2965805150731039,1.3203307629201049,-32.68725922786288,-0.2108855434055669
576,5,0.1159666258299757,0.540373028500572,-11.387872779283256,-0.0605737913791662
576,6,0.2772364307861542,4.167845858617928,-45.86882382552778,-0.2293441191276389
576,7,0.2276099420274668,2.002828064754288,-25.96167199048081,-0.1708004736215842
577,0,0.9044585072534578,5.95062269040533,-123.08911576974336,-0.8488904535844369
577,1,0.1093074440537112,0.5637238387494241,-8.481973646866747,-0.0577005009990935
577,2,0.1867324074284189,1.173126080118257,-17.623888006611708,-0.1286415182964358
577,3,0.3064235988715963,1.9536958286928083,-50.80927313232335,-0.2646316308975174
577,4,0.3480749861739592,1.59349504232342,-47.5303478656237,-0.271601987803564
577,5,0.1463338304906887,0.658397129529655,-16.13344669754636,-0.0891350646273279
577,6,0.388077707042161,4.189824549525426,-65.33391264398158,-0.3266695632199078
577,7,0.341990380069959,1.660444738403074,-36.52944423215014,-0.2767382138799253
578,0,1.1073763487007624,5.923138135127844,-144.85655635532865,-1.0496851909806424
578,1,0.1416088930311178,0.8759980162452806,-12.075808297216398,-0.08687631868501
578,2,0.2010401513697954,1.3202453403664454,-18.582061169731457,-0.1407731906797837
578,3,0.2237884402025923,1.258122759838979,-36.097897633064605,-0.1832380590510893
578,4,0.3822686217920386,1.7583439912987238,-51.61132415782931,-0.3035960244578194
578,5,0.2416559746890025,1.846491183130046,-29.046257813272288,-0.178197900694922
578,6,0.4734829573035319,5.443601062091798,-81.69765818992754,-0.4084882909496377
578,7,0.2216502145793336,0.9495750828518664,-22.90438864344316,-0.1612985115735433
579,0,0.6916238906202955,4.624141807186542,-84.9174213206128,-0.6337120994075582
579,1,0.1109978723662398,0.7112112462112387,-10.440485992987252,-0.0644474444011558
579,2,0.3280405650713303,1.0810041929392284,-34.690477550199915,-0.2668498273092301
579,3,0.4707587752382481,3.64856161095357,-79.38569895993066,-0.4268048331179068
579,4,0.1784844247096833,0.8267092685935269,-22.568620840873955,-0.1128431042043697
579,5,0.3196187960106503,3.528318150826026,-46.23350964623791,-0.2612062691877848
579,6,0.2661912034794328,1.8471859890819609,-41.65852434412742,-0.2082926217206371
579,7,0.3230377405321778,2.6868544991795296,-38.0579079176097,-0.2642910272056229
580,0,0.8781094822896729,4.153633645861107,-109.90719349893769,-0.8202029365592364
580,1,0.1581941057975257,0.6390411259391391,-18.835256043212024,-0.1127859643306109
580,2,0.2757833591298652,1.4313313468183722,-30.973047063089545,-0.2196670004474435
580,3,0.3088978549393544,1.981710161167696,-49.38124276368363,-0.2654905524929227
580,4,0.3011531801715109,1.561126868507755,-42.336154048129806,-0.2288440759358368
580,5,0.1834422752821837,1.043711489010239,-22.855024121042373,-0.1262708514974716
580,6,0.3405228353209989,2.539428847460459,-55.77725445957603,-0.2788862722978801
580,7,0.1300396451789074,0.6038801290304705,-13.592114966555204,-0.0794860524359953
581,0,0.6514648056962913,3.775893129716129,-84.1642162995756,-0.596909335457983
581,1,0.1782830732105287,0.7991481882869205,-15.981246893786448,-0.1210700522256549
581,2,0.3459422134656208,1.821014180340629,-42.16357259570229,-0.2907832592807055
581,3,0.3722992992042144,2.5192887211782344,-58.4918908252513,-0.3267703398058732
581,4,0.3295173046250031,1.5896071008457096,-41.76612457742794,-0.2500965543558559
581,5,0.1493899293132607,0.9182367139650224,-20.35682144679085,-0.1017841072339542
581,6,0.3437541184582635,2.577899526461588,-56.03586916662076,-0.2801793458331038
581,7,0.1270700545428316,0.4031493765774437,-12.232519537178682,-0.0745885337632846
582,0,1.0092058896995448,6.039274863895771,-128.38666551204372,-0.9510123371262498
582,1,0.1796880004014298,0.7666543095479492,-14.87588577584849,-0.1190070862067879
582,2,0.3757085717985091,2.188548394810311,-41.27570913873348,-0.3150817491506372
582,3,0.5131726650578569,3.6597605771343344,-86.68091270868914,-0.4685454741010224
582,4,0.2790039863037416,2.1052893449009504,-36.16387119162993,-0.2031678156833142
582,5,0.197331990429752,1.1327753812094077,-22.787508886237628,-0.1356399338466525
582,6,0.4706256510136238,5.262853887579002,-81.92540684277628,-0.4096270342138814
582,7,0.1923352069302976,1.3156470416419142,-21.07010617378407,-0.1368188712583381
583,0,1.083426612792265,9.12895360713826,-150.2629248342419,-1.0291981153030263
583,1,0.1589783914012705,0.5413455723553368,-14.695636276068416,-0.1049688305433458
583,2,0.4175406689509421,2.770408364724209,-54.60922591065794,-0.3640615060710529
583,3,0.3834828710903895,3.231482603924749,-59.33824760198538,-0.3371491341021896
583,4,0.2349761896221305,1.5448479657324743,-30.011980944804616,-0.1622269240259709
583,5,0.1703613332958388,0.8333228684480813,-20.184640774732028,-0.1127633562834191
583,6,0.4034152197130127,3.2775121935552103,-68.53523481930702,-0.3426761740965351
583,7,0.1198098259320442,0.6516902213390163,-9.835183295843796,-0.0638648265963882
584,0,0.5823136168275642,3.204755883253618,-71.6055655209433,-0.5265115111834067
584,1,0.0859548592005151,0.5274394439107077,-8.088875704580465,-0.0442015065824069
584,2,0.3272426164651185,2.075819482895882,-33.534479540257884,-0.2640510200020305
584,3,0.3672555583337615,2.6757069413752284,-59.848850039995085,-0.3235072975134869
584,4,0.2555586851955913,1.0236453090800837,-31.51641882901678,-0.1790705615285044
584,5,0.461148391394041,4.603985731343815,-72.52439933958941,-0.4029133296643856
584,6,0.5220574134087382,3.051722847974704,-91.28892183690556,-0.4564446091845278
584,7,0.1718654440232976,1.101811915592729,-19.105477864273016,-0.1186675643743665
585,0,0.7739427354909959,3.77017311611068,-95.2012901708871,-0.7157991742171963
585,1,0.140939785816749,0.7573076481146411,-11.913443805151786,-0.0863293029358825
585,2,0.4856785124972391,2.9268712974305675,-51.16426389757998,-0.4193792122752457
585,3,0.4845965793410048,2.850235138962009,-79.97739486238416,-0.4394362355076052
585,4,0.3626450297995939,1.48527342460081,-48.58925043255443,-0.2841476633482715
585,5,0.1764901833113052,1.2837265893871133,-23.041831192651166,-0.121914450754768
585,6,0.5711150572838853,4.540997312437961,-100.88527680685095,-0.5044263840342548
585,7,0.1515146946286887,0.8818062830984397,-17.601519368736295,-0.1017428865244872
586,0,1.6507272612653148,9.32861085309056,-229.3714206353916,-1.592857087745775
586,1,0.2201877013206093,1.1817054376555316,-19.620482399984283,-0.1595161170730429
586,2,0.5328282846970689,2.569383630758239,-54.31698809926341,-0.4642477615321659
586,3,0.419546938985361,2.687731307888515,-66.96846576610344,-0.3741255070732035
586,4,0.280219147566814,1.4332021638945074,-32.91975369402819,-0.1995136587516859
586,5,0.4566037177139876,2.3951819350360544,-75.02025331519106,-0.4011778252149254
586,6,0.3600586125940886,2.769750548341044,-59.22270523163669,-0.2961135261581834
586,7,0.1423031119245398,0.8087191298838784,-16.10444269542585,-0.0925542683645163
587,0,1.3890813586065671,6.886361960440219,-194.5020254789362,-1.3322056539653164
587,1,0.1216672218296019,0.7279361190588557,-11.281097064451076,-0.0727812713835553
587,2,0.3927470607297232,1.264975345874826,-41.20704632695386,-0.3296563706156308
587,3,0.7119951955169088,4.723861502527297,-122.52115977059395,-0.6658758683184455
587,4,0.2392528012779132,1.1655687670157853,-29.063227589516185,-0.1641990259294699
587,5,0.1573056358758981,0.8306371623332336,-18.395048835535665,-0.1005193925439107
587,6,0.4333475555432398,3.44573244938079,-74.76803314206515,-0.3738401657103257
587,7,0.2178405837348062,1.9657516129797048,-28.20276648687086,-0.1668802750702417
588,0,0.8213177824441951,5.122944448380479,-107.21155628782006,-0.7657968306272861
588,1,0.1313437590536035,0.5411022701165765,-10.357790114975597,-0.0756043074085809
588,2,0.4363509008951928,1.9254233360988915,-50.42899304023033,-0.3763357689569427
588,3,0.4588019249965008,4.78239602268178,-74.42665826662856,-0.4134814348146031
588,4,0.2500444157679939,1.964618408473712,-32.1180614326621,-0.1764728650146269
588,5,0.3178057982249495,2.849446582451926,-44.871692151517806,-0.2578832882271138
588,6,0.3809974376753035,2.736342061501246,-63.458917992544585,-0.3172945899627229
588,7,0.2041029894003215,1.3384295578629577,-20.327259351680592,-0.1431497137442295
589,0,1.0698514679640017,5.623512883979429,-130.0725159737996,-1.008314077316276
589,1,0.0966436689697981,0.5008223756706733,-9.753618575727138,-0.0541867698651507
589,2,0.5251158941363534,2.4801559444200856,-63.90550582631638,-0.4664635461774918
589,3,0.3206105718756166,2.172145677854932,-49.03451878286962,-0.275474824622863
589,4,0.3658204860147321,1.4516837291516151,-40.79095743573419,-0.2756145772684742
589,5,0.2357667453788688,1.6292457045067623,-27.848668586988303,-0.1719053616480759
589,6,0.35476543033296,2.0180407363035178,-58.53555197484401,-0.29267775987422
589,7,0.1874357994038879,0.8248077332204613,-20.23742683820054,-0.1314118625857178
590,0,0.9807240612419182,7.454905982587003,-131.367122541612,-0.9251205812789576
590,1,0.1405416388826995,0.9266690516227052,-12.10788397887151,-0.0864848855633679
590,2,0.3145340885480522,2.6681063695721496,-37.71131422915717,-0.2600780291666011
590,3,0.5110288956714448,3.7533965461929824,-85.32032490384606,-0.4662312836275741
590,4,0.387246081166044,1.8784019203230649,-52.85728992957315,-0.3091069586524745
590,5,0.3268725911549053,2.546474209715358,-50.32130315775312,-0.2705446406330812
590,6,0.4802589081456929,2.9665750176149075,-84.08786516827813,-0.4204393258413906
590,7,0.0920944113678477,0.3973714894979417,-10.190937244412584,-0.0509546862220629
591,0,0.9091581136971004,5.898726403370372,-122.18107082326,-0.8544130826801398
591,1,0.110568126358056,0.4596360007144999,-8.43207880027185,-0.0581522675880817
591,2,0.2305864693032065,2.495485602308047,-27.18756126756969,-0.1788655346550637
591,3,0.3344485965022943,2.7194004007641306,-48.16050491862591,-0.286669672134678
591,4,0.3436184464062635,1.376906507633823,-39.368882534111336,-0.2573129577392897
591,5,0.1286305076408792,0.4742120513785557,-15.59719510851686,-0.0779859755425843
591,6,0.5374916567502414,4.482043752309769,-93.75730725247124,-0.4687865362623562
591,7,0.1483761036913125,0.8196616850107578,-18.690424988398373,-0.1015783966760781
592,0,1.1603208207284406,7.55693827859887,-160.17850242937294,-1.1046793270991238
592,1,0.1421403710974534,0.509162875952219,-10.100819104925058,-0.0808065528394004
592,2,0.5388451993674416,4.861053525120345,-61.94522602223664,-0.4765017386325895
592,3,0.4371250932936241,3.662688963404746,-70.90514655134628,-0.391741141167659
592,4,0.3513543247995361,1.3627482660217758,-39.09279261161455,-0.2623677356484198
592,5,0.0803450125494556,0.3246035445422847,-10.275163398286743,-0.0513758169914337
592,6,0.4526486302971915,2.841139362893297,-77.49963951597596,-0.3874981975798798
592,7,0.1273320093011122,0.4785110523042523,-10.046843753725632,-0.0683458758756845
593,0,5.078295753712487,20.81447486210251,-1004.148948789202,-5.02074474394601
593,1,0.2036874071932488,0.9385616160120324,-14.585423988325966,-0.1338112292506969
593,2,0.3177365784018912,1.216838032082776,-31.147294902171375,-0.2532300398550519
593,3,0.7560505892088314,3.552963888166225,-116.3884549479873,-0.7053845754423472
593,4,0.3965032352681298,2.855419572132897,-52.06289245552904,-0.3155326815486608
593,5,0.1920437520926412,1.486085974378496,-19.98591744453973,-0.1264931483831628
593,6,0.2965829764292796,1.857476558280976,-46.82370535240245,-0.2341185267620122
593,7,0.1398842591410776,0.8204232634464106,-19.026440230834368,-0.0960931324789614
594,0,0.5633855374567568,3.137644639266228,-72.41198198429414,-0.509943535100663
594,1,0.0968661813884983,0.390452758509103,-7.3189517576210115,-0.0475256607637728
594,2,0.3672493142689899,2.7847996689614294,-37.91737599001383,-0.3033390079201106
594,3,0.5802819868269283,2.7763951072342787,-93.25873433304098,-0.5329070533316628
594,4,0.3859929156830408,2.451004708337911,-46.46809979106701,-0.2997941922004323
594,5,0.1522877626157583,0.6745934627277034,-16.450183244524172,-0.0934669502529782
594,6,0.3627554771325596,2.1154530617137723,-59.99444737913598,-0.2999722368956798
594,7,0.1364017560044694,0.8512379186088447,-12.031447632157183,-0.0796784611401138
595,0,0.8767111160759308,6.246794645602254,-125.2585508910098,-0.8240694137566433
595,1,0.1873561598230718,1.4419055452387128,-19.985474250967428,-0.1359556071494382
595,2,0.3174997272261416,2.8706044524225565,-36.171416580496064,-0.2602260185647199
595,3,0.6098944768817615,3.443264500566892,-93.63754417918597,-0.560703857360395
595,4,0.3516315555211903,2.2770089438055177,-44.31641531544828,-0.270222044606392
595,5,0.2312816568883563,1.8351844894796256,-30.508836427890927,-0.1723663075022086
595,6,0.4130388993378141,3.3094573345016443,-69.08327506750982,-0.3454163753375491
595,7,0.1847347988576498,0.8941466037948808,-20.2215661226871,-0.1296254238633788
596,0,1.5841756968896088,8.223484963822665,-215.17532830753277,-1.526066158209452
596,1,0.0782593551482507,0.3643436178262615,-7.927488752711566,-0.0400378219833917
596,2,0.841609381123736,6.749902388902433,-96.07527178705432,-0.7748005789278575
596,3,0.7345994919008499,5.521453970533353,-120.82798050297887,-0.6865226164941982
596,4,0.3704510623930317,1.5767950145617118,-45.22415565688285,-0.2862288332714104
596,5,0.1886593441795234,1.0045893327903035,-19.72743243451402,-0.1240719021038617
596,6,0.3106078681133051,1.675122098311195,-48.62139092748657,-0.2431069546374328
596,7,0.1630964381931503,0.8803021396077203,-18.765578986220014,-0.1116998749179762
597,0,1.0177462820446557,7.84910601665888,-133.47714850389357,-0.9602672554236948
597,1,0.2232619406572829,1.6742892798034386,-26.09941716760308,-0.1728438223020071
597,2,0.279811921510533,1.530400775444468,-25.28814827110209,-0.2125054476563201
597,3,0.7626656136714598,5.264223440327617,-125.28029888272188,-0.7158874221869821
597,4,0.4429104705057913,2.125459365543568,-59.86435264041391,-0.3628142584267509
597,5,0.2556971042560614,1.418467101631155,-31.67950940067836,-0.1931677402480387
597,6,0.2812966378801411,1.9578342041871128,-44.92556396996518,-0.2246278198498259
597,7,0.2178620670737357,1.625225135633456,-29.321838225367216,-0.1685163116400414
598,0,1.2567493558200522,8.243456676003593,-165.26384579461725,-1.1975640999609944
598,1,0.14402994645446,0.573180515444946,-11.89770045416336,-0.0881311144752841
598,2,0.3301433331173539,1.6521421562378924,-32.93749531821833,-0.2656249622436962
598,3,0.4485504912179672,2.8737811112389213,-71.22387151831319,-0.4023947543407525
598,4,0.3397857084159686,1.1754465881855007,-37.63663848513451,-0.2509109232342301
598,5,0.2791799238956904,1.8737522279229035,-35.99762335135649,-0.2168531527190149
598,6,0.383369258650288,2.931571173788277,-64.22488579119616,-0.3211244289559808
598,7,0.2589397486251623,2.017779568304651,-28.532485334059043,-0.1995278694689443
599,0,1.0412073172823908,4.107939895370004,-154.51693716853129,-0.9904931869777648
599,1,0.1951540929780266,0.8133979636899461,-19.33691470956861,-0.1401225703591928
599,2,0.1564058402135168,0.7847670264949742,-19.942104947660063,-0.1120342974587643
599,3,0.4054309613084049,2.6624884713957595,-62.45056496784192,-0.3589112929186317
599,4,0.2784062849247667,1.3782213107297754,-31.415770294962684,-0.1951290080432464
599,5,0.1784755883719272,0.8788806422113717,-24.665012893664183,-0.1258419025186948
599,6,0.3204681065329704,2.5199522733716684,-51.12465305895136,-0.2556232652947568
599,7,0.2752560948532365,2.0684527251557734,-32.21112185724614,-0.2176427152516631
600,0,0.8337418190469129,7.139120748310931,-113.8424235318918,-0.7797426269307657
600,1,0.0872920194975494,0.4946460530523095,-7.086224276387807,-0.0421799064070702
600,2,0.2656003102341681,1.4821097696026866,-24.9419489531024,-0.2011447496217935
600,3,0.4463897138476751,4.426687177438919,-70.34542738039589,-0.3996899282977039
600,4,0.3259914117552392,2.120055938459128,-41.79821577348695,-0.2473267205531772
600,5,0.1023061993306235,0.5929717805820889,-9.543724437766524,-0.0489421766039308
600,6,0.3752935577837035,4.034647294860223,-63.01367472777777,-0.3150683736388888
600,7,0.1161253096154219,0.6186396307063636,-10.103676052785197,-0.0623683706962049
601,0,1.1375635506752175,6.247266221346283,-147.75244317323674,-1.0784849866659616
601,1,0.1184255099468019,0.3930101353513856,-10.23938834986572,-0.0682625889991048
601,2,0.1798752471682345,0.8292270099095489,-19.306848903378164,-0.1278599265124381
601,3,0.3663136695458928,2.896073172854636,-59.60278070396888,-0.3221771929944264
601,4,0.3401905589690985,1.3368315705468574,-42.07626685328772,-0.2581366064618878
601,5,0.1733612038233333,0.6524649531812918,-18.138911993272952,-0.1106031219102009
601,6,0.3722484849866655,2.908876466116745,-61.87436676694654,-0.3093718338347326
601,7,0.1679543628148835,0.8932649744579636,-18.953524809475702,-0.1155702732285104
602,0,0.6600051448559691,2.9507812708851544,-77.56281361113653,-0.6012621210165623
602,1,0.1101516177527189,0.5593520456832277,-7.752152620344182,-0.0557708821607495
602,2,0.2029170703542214,1.375575288053884,-22.16086337205564,-0.1497355633247002
602,3,0.2959696105333657,2.710638299260141,-46.67212277826361,-0.2522817447473708
602,4,0.2953447859684807,1.3624894574668267,-34.39112096453723,-0.2122908701514644
602,5,0.1935640565816912,1.910610227238889,-24.91786121119429,-0.1369113253362323
602,6,0.1878630217424868,1.71499550571626,-28.34597317146415,-0.1417298658573207
602,7,0.2175519298104591,0.7366168523535077,-19.03090487631139,-0.1498496446953652
603,0,1.019676160293412,7.063967978939712,-124.65221660375732,-0.958863204644287
603,1,0.1125544485117403,0.6915412919789361,-7.839806847266552,-0.057224867498296
603,2,0.2859720082264466,1.5344752504279575,-32.16576710835106,-0.2297554793453647
603,3,0.4381419766083672,3.0604897305387504,-68.52347960024431,-0.3915627405728246
603,4,0.300650638874551,1.6065524817374894,-37.21933409248443,-0.2215436553124073
603,5,0.1319246319271278,0.7268149563742545,-14.798919429346896,-0.07748125355679
603,6,0.3241731832173377,2.467595611593568,-52.601495834495374,-0.2630074791724768
603,7,0.2403673180662597,1.3145030733772265,-27.488503877401268,-0.1832566925160084
604,0,0.8654972527983149,5.575777895329786,-100.36496060150208,-0.8029196848120166
604,1,0.153444576581843,0.6772792103202385,-14.219485400233893,-0.1001372211284076
604,2,0.228068606155342,2.1553471592149784,-29.083437813835207,-0.179527393912563
604,3,0.3134120301419278,1.83368864030028,-45.91423197059461,-0.266943209131364
604,4,0.3732030994633906,2.0324573348208768,-53.08547208720284,-0.2982329892539485
604,5,0.1100599722434573,0.6451294558969496,-10.257834354788647,-0.0545629486956843
604,6,0.3875619099861754,3.874975822668664,-65.75620574586283,-0.3287810287293141
604,7,0.147902282893399,0.8366987152634434,-18.7109619499438,-0.101140334864561
605,0,0.930896098197163,5.766349645193968,-114.97473182276076,-0.8710206956269754
605,1,0.1426871207319874,0.7069680525670389,-11.065823717214831,-0.0844719367726323
605,2,0.2539410987018927,2.076303451976126,-30.631543922730184,-0.2015233152811196
605,3,0.4446465899812729,2.0388417389954694,-63.454278263395736,-0.3941259519465573
605,4,0.2803188296025794,1.6427768152274649,-34.03221136947142,-0.2013740317720202
605,5,0.1416768751237569,0.7574754143778331,-13.256419848793838,-0.0793797595736158
605,6,0.3486430210889578,1.7579557123108729,-56.37088793456515,-0.2818544396728257
605,7,0.0869277170654071,0.4728113431581898,-8.791438844289095,-0.0439571942214454
606,0,1.087726991627441,5.886210468553123,-145.28664625746285,-1.0304017465068287
606,1,7.233882466595113,48.523430552429005,-1435.9251868450078,-7.179625934225039
606,2,0.3163088764480141,2.472352024445121,-37.02106407576635,-0.260711718843425
606,3,0.5027021312707156,3.3305846478699523,-80.75524609067072,-0.4562443281958798
606,4,0.3510858038234174,1.525182261979903,-41.8135834082781,-0.2663285567406248
606,5,0.1790753822407596,1.690786704591881,-24.947180231593872,-0.1266354326476846
606,6,0.1692037051802719,1.4379926552622573,-25.339954578561432,-0.1266997728928071
606,7,0.1367210881110113,0.5448953833575824,-13.389183381970025,-0.0831626297016771
607,0,1.0290141683458205,6.837221437339203,-136.92034489818943,-0.971066275873684
607,1,0.1738293972114455,0.8982757860372662,-17.43197834040682,-0.121055405141714
607,2,0.3562275523523816,2.310621640369072,-43.36160327431693,-0.3011222449605342
607,3,0.402131914420261,3.639273723213343,-61.84595625652607,-0.3554365302099199
607,4,0.3620412138712764,1.9260927019476557,-49.388866439129,-0.2854847771047918
607,5,0.2416944216553475,1.4253797505601415,-28.14478454370624,-0.1770112235453222
607,6,0.2495222903158303,1.9459398527035936,-38.84067213305688,-0.1942033606652844
607,7,0.1527452568938671,0.8128668473627229,-14.262235490723574,-0.0950815699381571
608,0,0.5561372975205306,3.3425597462035643,-68.57534532428075,-0.5005499658706624
608,1,0.2117620679585701,2.330045256832703,-31.97709769807952,-0.1710005224496231
608,2,0.3965077105974705,3.403536768396137,-46.81662447500226,-0.33925090199277
608,3,0.9129575139349266,6.5496022510417,-157.7032362132872,-0.8665012978752044
608,4,0.2967633150130305,1.58572665166065,-35.007524756889296,-0.2147700905330631
608,5,0.0929468417326993,0.5125267494251664,-9.82621131519277,-0.0491310565759638
608,6,0.3452916656980914,2.2200546476507914,-57.14503543123785,-0.2857251771561893
608,7,0.4210489856959651,3.0766336241742707,-44.9436039946435,-0.3538866456271142
609,0,0.5926392559859895,2.836940374522662,-71.80104944448685,-0.5358287271976631
609,1,0.3768634284599358,1.7820239806965736,-43.27179879951792,-0.3205318429593919
609,2,0.2890334935479405,1.3479475120409488,-30.210612688876488,-0.228868277946034
609,3,0.4443226276291773,2.7269194768447766,-70.02386593884155,-0.3978628746525088
609,4,0.3978083790453883,2.006626321943231,-52.7480968105622,-0.3177596193407361
609,5,0.1524536339502583,0.6232154440836596,-15.432406036259458,-0.0913160120488725
609,6,0.741569533273263,8.94985378786119,-135.40883532598514,-0.6770441766299257
609,7,0.1331332156900244,0.6263208827206651,-13.091432185806706,-0.0803155348822497
610,0,1.1148671002883126,5.5273974425319485,-133.614285219715,-1.052080985982008
610,1,0.2425182594453138,1.3519702521268306,-25.468375727945794,-0.1872674685878367
610,2,0.2407449785817786,1.8421385781913804,-24.426932559833823,-0.1822905414912972
610,3,0.4170820632780097,2.844329280407174,-65.98320593406882,-0.370692168168926
610,4,0.4219896980745998,2.1032207540702754,-66.07200071343924,-0.3514468123055279
610,5,0.2258065700480253,1.7004524827390977,-25.870515794609844,-0.1616907237163115
610,6,0.3588591546682877,2.420204903991228,-60.01178968202636,-0.3000589484101318
610,7,0.2167994970376459,1.387146418739175,-21.35735490080766,-0.1547634413102004
611,0,1.0752263872964465,7.162992874908466,-131.7885527929472,-1.0137580984072865
611,1,0.3115715223578251,1.4933050027014982,-30.164143531152693,-0.2492904424062206
611,2,0.1954894855393169,1.4639476710066,-20.129761657503973,-0.1407675640384893
611,3,0.3511485589422308,2.3403359164822084,-50.929029123401605,-0.3031489828773905
611,4,0.338758626609743,1.592395947889135,-49.00547578168583,-0.2663341075091621
611,5,0.2186941012600932,1.9918581900397128,-26.820716214885223,-0.1577689189110895
611,6,0.4182812429117096,2.578914839376339,-71.05167995269751,-0.3552583997634875
611,7,0.2116380092081686,0.9696275767746442,-23.92987082166701,-0.1553887715692662
612,0,1.0318768836356695,4.888650367274373,-122.03814213562126,-0.9685566836160416
612,1,0.1394039313674674,0.9466608313664768,-10.379727762449791,-0.0804630059104635
612,2,0.1164988700953633,0.6239552336248214,-12.02512374522762,-0.0703223610832024
612,3,0.4118390535950181,2.804465224181858,-61.07290727533052,-0.3635292099722055
612,4,0.3385525151145283,2.1243319032563064,-43.96875974010121,-0.2601701759769302
612,5,0.1537039072275157,0.938446525593132,-18.19133803718267,-0.0978028926730251
612,6,0.5044234650118546,4.00248082176382,-88.5828519556152,-0.4429142597780759
612,7,0.2825865174452958,2.245129608223201,-38.50934445401907,-0.230594876970174
613,0,0.6708358239544507,4.003981345378503,-83.5325815554665,-0.6142101584960773
613,1,0.1475374726112244,0.7881850091986324,-12.714205131881052,-0.0928044170210295
613,2,0.1249900789816403,0.5305300877585615,-10.808584179515895,-0.0720572278634393
613,3,0.5449581131233266,3.757650074455012,-86.58272245940626,-0.4976018532149784
613,4,0.4168459611810801,2.101871250647545,-52.92974383107585,-0.3328914706356971
613,5,0.2115077711978624,1.4933619891615784,-24.368449835073225,-0.1485881087504464
613,6,0.3876593402942599,1.961086805799449,-65.18600419704048,-0.3259300209852023
613,7,0.2616711973002621,2.0997060942458927,-35.9328731561479,-0.2113698420949876
614,0,0.662163256167514,3.866433760018759,-81.73718090494965,-0.6054605992959233
614,1,0.2164318818882965,1.7932542077700766,-20.617445741761134,-0.1585957364750856
614,2,0.3235990682057824,2.7695497231367128,-32.734039805209925,-0.2597939667080153
614,3,0.4286402695537099,4.058432499783802,-67.30291906668671,-0.3824029492425381
614,4,0.1761874068190086,0.7357515290027293,-22.118307919519022,-0.1105915395975951
614,5,0.1764193581625181,1.0375348568329956,-22.997135239540253,-0.1216779642303717
614,6,0.348656704140496,1.7479166723292774,-56.61244659351505,-0.2830622329675752
614,7,0.1894215783447556,0.8840663982686002,-18.351452402270557,-0.1292355802976799
615,0,0.7179947702321204,4.196392236959449,-92.8023647798645,-0.6628740341418893
615,1,0.13331458227169,0.5456233362012277,-11.032740471760343,-0.0788052890840024
615,2,0.4509921515325052,2.2574167909749057,-53.35885475173298,-0.3923445202333307
615,3,0.3661227451476627,3.05452433899648,-63.66134320842453,-0.3248027714715537
615,4,0.3432102405113171,2.3354075174337856,-45.38633598304207,-0.2654171694914741
615,5,0.162452967384676,0.8782706605941181,-21.12901969286771,-0.1089124726436479
615,6,0.428663548027798,2.2400915571576565,-74.33548158571527,-0.3716774079285763
615,7,0.1806321650222254,0.954798921121092,-18.22183741526243,-0.1231205230760975
616,0,0.8955714392267963,6.657550002469758,-106.6468429266224,-0.8331784603642375
616,1,0.213360869960653,0.8612076906039013,-20.477116667230018,-0.1563138676887787
616,2,0.3670629112403348,2.486709091741409,-43.05559926079079,-0.3097525126675596
616,3,0.5443460343864517,3.298102676971526,-84.26925263146762,-0.4957014860674566
616,4,0.2531708737940897,0.9189561079958204,-28.42754597553929,-0.1722881574275108
616,5,0.1552331035066135,0.9311573362489544,-16.31386248767259,-0.0948480377190267
616,6,0.339941142722824,2.488668138413585,-54.57495468561087,-0.2728747734280543
616,7,0.2393497582801288,2.202289536493848,-25.43525494593775,-0.1791215137037869
617,0,0.6019683647938915,2.986347276756138,-73.03162600564904,-0.5450121343705152
617,1,0.1483532031141355,0.6055276734824578,-12.486362248875103,-0.0924915722138896
617,2,0.4618178445245622,2.0662350225963797,-47.39791367073087,-0.3949826139227572
617,3,0.5561488274905276,3.430410938263038,-94.0404491744668,-0.5110893976873195
617,4,0.2984569556509089,2.329227996097601,-39.18999593062269,-0.2226704314239925
617,5,0.1775507317940976,1.034233738591824,-18.80269020635706,-0.1146505500387625
617,6,0.5475667164947153,4.525160785145596,-97.28142133037056,-0.4864071066518527
617,7,0.1554168372902492,0.802598076428897,-15.776941720460067,-0.1004900746526119
618,0,0.7955459640889451,4.944255025952691,-96.40275292065328,-0.7358988772568953
618,1,0.1869323669028193,0.7740449282694757,-15.056656247222572,-0.1244351755968807
618,2,0.2884345640800281,1.5851085461598189,-29.23284772853455,-0.2266112227018182
618,3,0.4860424106171934,4.0954550338876485,-80.17741929422402,-0.4405352708473847
618,4,0.3729238852969315,2.39711604485842,-53.84181517624754,-0.2991211954235974
618,5,0.1153927895740699,0.9013649278269532,-12.061469968188286,-0.0618536921445553
618,6,0.3625117712026287,2.352016385440824,-59.25743792543356,-0.2962871896271677
618,7,0.1945210858326695,1.3493156082736482,-22.030499755573526,-0.1403216544940989
619,0,0.6015264389676691,3.4361548030250484,-73.65319433696875,-0.5455792173108797
619,1,0.1761854990918653,0.8768506988333841,-14.255151694121786,-0.1149609007590466
619,2,0.6507712726254123,3.9801549086205785,-83.72348058951822,-0.5937835502802711
619,3,0.3983368042728998,3.096462911706213,-65.11447301341717,-0.353883005507702
619,4,0.4193404219782726,1.908086815559904,-52.52117863875735,-0.3345298002468621
619,5,0.2103771626633122,0.9518830977873184,-24.57397165631138,-0.148035973833201
619,6,0.4744643402946802,2.990640917767226,-82.39515423150776,-0.4119757711575388
619,7,0.214473512370282,1.6541979768704635,-26.98717453607883,-0.1625733405787881
620,0,1.153415680384486,5.994072122746312,-145.32080018319343,-1.0926375953623566
620,1,0.1811221674168517,0.7191964736743092,-16.26962087459002,-0.1232547035953789
620,2,0.4564383551941683,3.3458593437616897,-55.93049709317675,-0.3995035506655482
620,3,0.3242096037689704,1.3844122883886767,-47.3739292013324,-0.2770405216452187
620,4,0.4176972048124134,1.7333517218404315,-57.23471492867752,-0.3386669522406954
620,5,0.2229996286312781,1.7445638703535236,-27.73129448892906,-0.1631252616995827
620,6,0.3534714535449129,3.474010480009582,-58.60238641466667,-0.2930119320733333
620,7,0.2575971813432177,2.541476211515,-31.90111090080098,-0.2031917891770763
621,0,0.8767509379131547,5.221025651318323,-108.75155820087136,-0.8176808887283562
621,1,0.1180462824273325,0.3992640827912019,-7.962211209205662,-0.0603197818879216
621,2,0.2567345968233891,1.902859184475004,-27.02563161014453,-0.1987178794863568
621,3,0.4059477595315687,3.2746291312523583,-64.8114945144115,-0.3600638584133973
621,4,0.371664881696075,1.8067748923642863,-52.89308756626147,-0.2971521773385476
621,5,0.0944582711590745,0.3791127827224221,-11.94707707162734,-0.0597353853581366
621,6,0.4358785486577045,2.290042547225295,-74.14360144450866,-0.3707180072225433
621,7,0.1741107460516854,0.7620611708526022,-15.578171309657444,-0.1120731748896219
622,0,1.1148371974497675,5.1704826354420135,-136.96487462643043,-1.0535759586648494
622,1,0.1946291807580471,0.8760121275431901,-16.835268333655947,-0.1346821466692475
622,2,0.3220146366187625,1.9157634990632264,-35.58290305620248,-0.2635770596755739
622,3,0.3700088354979778,3.5958216300154,-61.80830337387911,-0.3270280601792545
622,4,0.3938096011815937,1.8305315088207048,-59.22251674693994,-0.3218615040594562
622,5,0.147291628713341,0.8706086553454983,-18.17312786664217,-0.0936759168383617
622,6,0.2692703205550583,1.9054849036825656,-41.48416168206467,-0.2074208084103233
622,7,0.1793501004416539,1.0079808196986912,-21.05866694072644,-0.1276282844892511
623,0,1.3054125524038869,6.824614127338291,-173.33740766987495,-1.2470317098552155
623,1,0.1425287511584086,0.7977556957005814,-13.821227068743864,-0.0921415137916257
623,2,0.2763988688154963,1.5500284638992463,-29.03363788953047,-0.21829802924459
623,3,0.6316911768009658,5.089122048059939,-103.44765182643133,-0.5844500103188209
623,4,0.2448708189545434,0.8894848757294233,-26.792955176074987,-0.1633716779028962
623,5,0.1801829930846163,0.8837981952963626,-20.121360334823272,-0.1190613037563507
623,6,0.5038341578268746,2.9768077444221563,-87.79164401357053,-0.4389582200678527
623,7,0.1772559932695564,0.5015113873113622,-13.542402824949264,-0.1083392225995941
624,0,1.2163245052182745,7.131499034433253,-158.47516636458803,-1.1567530391575769
624,1,0.1627253869667869,1.2095876147415203,-14.928166637023493,-0.1081751205581412
624,2,0.4251064721160137,3.850559250879481,-49.0602297160626,-0.3661211172840493
624,3,0.3524091695067214,2.686376916936184,-53.23492814066093,-0.3059478628773617
624,4,0.2567794539957039,1.039430024643042,-30.24268343321677,-0.1778981378424516
624,5,0.2305316583332219,1.026148511766814,-27.318437606561204,-0.1675977767273693
624,6,0.4272451024840298,3.5694929514633924,-73.45560492324984,-0.3672780246162492
624,7,0.1822709961557209,0.8186539402154933,-17.90928161214906,-0.1235122869803383
625,0,1.277253797389884,5.542064801595818,-155.47986957176272,-1.2146864810293962
625,1,0.1820597249704657,1.4438548570316747,-18.470650688787945,-0.1291653894320835
625,2,0.3820792138037422,3.950341648504358,-47.82952443579816,-0.3275994824369737
625,3,0.3538892802824644,2.293760928424879,-55.92549816948786,-0.3089806528700987
625,4,0.2068054072791253,0.8194547677899777,-22.12279881893752,-0.1286209233659158
625,5,0.1762641826803173,0.6638639069026433,-17.310013590673154,-0.1102548636348608
625,6,0.4648518667066132,3.5012770269695213,-81.35507242289172,-0.4067753621144586
625,7,0.272369247654961,1.4092464447461963,-29.85286251105179,-0.2117224291563956
626,0,1.0372774429336855,4.838089313588328,-121.81617290190934,-0.9745293832152748
626,1,0.1521138226596527,0.9247798530050376,-13.77518363348186,-0.0983941688105847
626,2,0.3743879145081403,1.7906914452501963,-41.5288599925207,-0.3146125757009144
626,3,0.4274066662211689,2.7254146121440623,-66.20965000046452,-0.3805152298877271
626,4,0.4578484303943016,2.653761129548383,-62.6249987980695,-0.3772590289040331
626,5,0.0851266051094418,0.2935073963332365,-10.766036124569082,-0.0538301806228454
626,6,0.8189073536297545,7.180808358813851,-152.01754487177257,-0.7600877243588628
626,7,0.2654922083954583,1.1351612222523224,-24.59234829110354,-0.1967387863288283
627,0,0.7760963429894256,3.6782907806371177,-93.83014742023688,-0.7162606673300526
627,1,0.1825877951805839,1.901606524010432,-18.4161543222895,-0.129691227621757
627,2,0.2828976001197051,1.363951610535589,-33.70146530519596,-0.2292616687428296
627,3,0.3919633773094732,2.6770202701822567,-60.02377647437107,-0.3449642326113279
627,4,0.2719432780595773,1.00281419211542,-32.35666866403111,-0.1925992182382804
627,5,0.1232631194065791,0.5958688826955594,-15.008610393639694,-0.0750430519681984
627,6,0.5873109449528563,4.27872527794235,-105.7588741497966,-0.528794370748983
627,7,0.2477799452954554,1.673116397473626,-26.711327591857977,-0.1881079407877322
628,0,4.6717833708153975,25.964444008485337,-742.2980900488122,-4.610547143160325
628,1,0.4172697404238248,3.5924112798175223,-52.515340930644086,-0.3646898675739172
628,2,0.4988454786359703,3.5412807734728204,-63.22601413883145,-0.4421399590128073
628,3,0.5887539435565182,4.038573185098077,-94.65375509792062,-0.5408786005595464
628,4,0.7705932371725849,5.847457907859918,-119.9877325810431,-0.6935707085609428
628,5,0.2350531858763139,1.723779019923213,-31.71005348734633,-0.1771511368008174
628,6,0.5398083465702515,4.200050760152448,-95.70141364911504,-0.4785070682455752
628,7,0.3601968690540125,2.77850000061612,-41.77886260773292,-0.2984204471980923
629,0,0.6855848270257336,4.561159405897016,-82.78214672370893,-0.6271374751796132
629,1,0.125562470141352,0.6426392807077643,-8.89815743834324,-0.0679248659415514
629,2,0.5909988760586389,4.938289202552004,-76.40067819766058,-0.5342704769067174
629,3,0.5576992423409559,6.253443218617771,-95.37949340830455,-0.5127929753134655
629,4,0.2565679225161403,1.1732782346852488,-27.17446783338325,-0.1719903027429319
629,5,0.1516957901158137,0.5930892180422604,-14.183852625376232,-0.0875546458356557
629,6,0.4585097988217528,4.575770518088131,-78.46483292579471,-0.3923241646289735
629,7,0.3616029690130581,1.344641656802283,-47.57782039669605,-0.3069536799786841
630,0,1.018276965044124,6.616016935846703,-126.59282712941663,-0.9590365691622472
630,1,0.1900959616845197,0.8217237348652827,-15.596252133351772,-0.1278381322405883
630,2,0.3874078832406508,2.6383691736725825,-38.85014481126087,-0.3210755769525691
630,3,0.7803130968001789,5.781227082627392,-132.68886814248958,-0.7330876692955226
630,4,0.3711376794467431,1.5902623737168715,-48.73746060817675,-0.2918410814860883
630,5,0.215385410724783,1.4919318253258806,-23.527766711903283,-0.1498583867000209
630,6,0.3223902078663181,2.2656428678928417,-48.96265240051886,-0.2523848061882415
630,7,0.2568312333674343,1.7667847835226476,-28.42797019326616,-0.1974164596754594
631,0,0.9230757228322856,5.100400162218935,-116.77426356053373,-0.8649945448928423
631,1,0.2430496486129532,2.369359619584611,-20.846077621603893,-0.178171603603452
631,2,0.3212350713016848,1.6991233187429415,-33.170672238815406,-0.2591458768657453
631,3,0.768161199373745,5.436875479513278,-120.4285420425505,-0.7168365597770864
631,4,0.3836662217025353,1.671360619431062,-50.781814038895085,-0.304082718795779
631,5,0.2243742214256437,1.448032866907886,-28.30179078084666,-0.1645452952374805
631,6,0.7452139572723853,7.033087481620618,-137.13088140796964,-0.6856544070398481
631,7,0.2293898962045632,1.1128116761539404,-21.74916037286559,-0.1647663664611029
632,0,1.0299432123696175,6.221221784598868,-131.16893167008698,-0.9716217160747184
632,1,0.1894071582446581,1.2664377968253728,-19.9342624892121,-0.1374776723393937
632,2,0.4808160293236602,2.180091994621526,-52.17117931408905,-0.4173694345127124
632,3,1.798155207854338,15.300075397687344,-240.627306561531,-1.7436761345038476
632,4,0.370022821284283,1.5287441198127236,-50.06640030719719,-0.2927859667087555
632,5,0.2072758667815941,1.6345042503162168,-30.06525573738154,-0.1541807986532386
632,6,0.6044190133168571,4.623434091237646,-103.5860770439149,-0.5339488507418294
632,7,0.1469350892242567,1.0262558839546767,-13.126604391019807,-0.0886932729122959
633,0,1.0549536950242506,5.825310467833042,-130.2637641941097,-0.9943798793443488
633,1,0.1528714843828595,0.6724283890391676,-11.7096240962702,-0.092933524573573
633,2,0.4213898284530196,2.343684276204772,-51.408480880276166,-0.3645991551792636
633,3,0.6701604224745202,3.6696372854498,-105.5970062352424,-0.6211588602073081
633,4,0.3477989118120942,2.6460930846673354,-56.85691394013488,-0.2842845697006744
633,5,0.1036163891374088,0.7577089562455012,-12.460794180048632,-0.0623039709002431
633,6,0.4800607721450219,4.138022689948766,-82.66119086507369,-0.4133059543253685
633,7,0.2560758386449396,2.493531366040713,-25.251339055396077,-0.1912980231469399
634,0,0.8590835395780164,5.551684596580921,-99.60935961338382,-0.7968748769070705
634,1,0.2384075210000812,1.4233044763857152,-21.81854853905176,-0.1773865734882256
634,2,0.572407251156116,4.6634583377630205,-74.44360922329058,-0.5169695084950735
634,3,0.758902490163659,6.05164356761852,-128.91408446139508,-0.7122325108364369
634,4,0.3181602720598529,1.2947677459817466,-39.49648487229332,-0.2379306317608031
634,5,0.1603363170050191,0.9852489055861116,-16.896500555085748,-0.0993911797357985
634,6,0.6343970637826494,5.085667235737041,-113.20596605976397,-0.5660298302988198
634,7,0.2074416670175007,2.0842301976044086,-22.727254799213107,-0.1505116211868417
635,0,1.4906683093463953,7.969362353441935,-200.38592598362615,-1.431328042740187
635,1,0.2022592937122957,0.9140058894627354,-17.932448272543798,-0.1423210180360619
635,2,0.4599690029954487,2.314900763121996,-52.2892155024759,-0.3991543168127931
635,3,0.5977565729467704,3.917633085028982,-95.67987968540852,-0.5498843660080949
635,4,0.5152705901653104,2.9376180628301047,-78.35572461562195,-0.4402007000877638
635,5,0.182248401687552,0.952552032145062,-22.59487736156809,-0.1248335765832491
635,6,0.469241623131732,2.3853116541209287,-80.38125422083704,-0.4019062711041852
635,7,0.2638451911915973,1.8524826717921068,-29.451583578047742,-0.2045248859586649
636,0,12.232876880506591,52.24614199118621,-2116.451480256645,-12.163514254348534
636,1,0.1851907590050799,1.5562255926913544,-20.587114412181094,-0.1354415421854019
636,2,0.5194204845585103,3.5758688275059733,-59.96666972808752,-0.4577608376189887
636,3,0.926049965378256,5.371522004732797,-155.42595063554617,-0.8781127154550631
636,4,0.3517109536597343,1.4724916259191794,-57.27741633057037,-0.2863870816528518
636,5,0.1625261984301598,0.6275713484777131,-17.54241687422914,-0.1019907957804019
636,6,0.5051251424166686,2.645720028935714,-78.45349951350026,-0.4310631841401113
636,7,0.2749136845475334,2.6162551091967843,-35.958388572451064,-0.2219653615583399
637,0,1.6055592065683453,8.348900628422358,-214.9269263339152,-1.5462368801001092
637,1,0.2082345516554903,1.043483352479695,-21.599209782686163,-0.1542800698763297
637,2,0.4715914963545285,2.9590876204164176,-52.777988673225416,-0.4091316951412823
637,3,0.5242163284698558,3.93005853318128,-84.50335027063501,-0.4774200580261865
637,4,0.2425519009413972,0.9691039611816822,-28.388546018306062,-0.1650496861529422
637,5,0.2485799412727288,1.5194989806330794,-33.042957091243366,-0.1899020522485251
637,6,0.7398671400739694,6.793464039524441,-136.250071260689,-0.681250356303445
637,7,0.1750668372692733,1.6715044735711555,-13.817078660464777,-0.107945927034881
638,0,2.085073116018692,12.22833352627263,-293.76521961709886,-2.025967031842061
638,1,0.2335214863416789,1.0653513302463429,-22.82767060911314,-0.1755974662239472
638,2,0.5364942596623192,3.068576635854207,-57.30194310099636,-0.4696880582048882
638,3,0.6546029116744619,4.682608625341766,-100.36122242624909,-0.6045856772665608
638,4,0.3245745576886525,1.6871471576620138,-43.63263281708428,-0.2493293303833387
638,5,0.1630711640195511,0.8935229496931573,-20.55833222362405,-0.1082017485453897
638,6,0.6286039941047514,3.256046515055297,-110.74439543634684,-0.5593151284663982
638,7,0.1941633319826378,0.8441768891886072,-20.517538915375336,-0.1367835927691689
639,0,1.8723451939885245,10.946512400375637,-246.10004017436555,-1.8095591189291584
639,1,0.4420328489284625,4.805585886753203,-52.53912640943471,-0.3863171059517258
639,2,0.3877088060394378,2.4188137530988008,-41.96311913233839,-0.32529549714991
639,3,0.4372230958714346,3.568566225240699,-68.70817584144753,-0.3903873627354973
639,4,0.3015934240561258,2.258557751719594,-47.00890510527599,-0.2350445255263799
639,5,0.2036340284644326,1.0011868389019192,-24.503017360308537,-0.1432924991830908
639,6,0.5699377560447456,4.201225334638259,-100.95460975375217,-0.5047730487687608
639,7,0.3386669256867542,2.536541016223328,-39.81377145290531,-0.278417982188149
640,0,0.7616217730517968,5.099295238895185,-92.7395918591523,-0.7025726655996386
640,1,0.1165194541294338,0.4199359610200693,-10.173587006196138,-0.0664940327202362
640,2,0.2514588999303555,2.008602710116464,-27.588179748447647,-0.1956608492797705
640,3,0.4819892855657419,4.42546509890624,-81.01658568814106,-0.4379274902061679
640,4,0.3466139694107675,1.8992065274932104,-47.37998776561314,-0.270742787232075
640,5,0.0953116255020264,0.4255354898043639,-11.964536970868592,-0.0598226848543429
640,6,0.3341391577828201,2.0710250089593383,-54.41913430205465,-0.2720956715102732
640,7,0.1312161537003366,0.9524288634676792,-13.131401932335857,-0.0791048309176858
641,0,0.5650069209939508,3.4347506828025414,-75.49451105136231,-0.5135681023902198
641,1,0.1632989568887812,0.6949767406680053,-15.438903324759597,-0.1094957682607063
641,2,0.2408534630819985,1.620253804066233,-23.992312368615558,-0.1817599421864814
641,3,0.5951816054383652,3.2347292735634747,-90.56379568654684,-0.5455650342563063
641,4,0.2694370582098471,1.159665639370543,-28.582066302412823,-0.1844004277575021
641,5,0.1505027169697611,0.7443253974455226,-17.551992964453156,-0.0943655535723288
641,6,0.5561232795469127,3.6316762557761297,-99.04242875830964,-0.4952121437915481
641,7,0.1415359221317699,0.8024794345180558,-11.44745835016953,-0.0806159038744333
642,0,0.5981823485273726,4.527162294607022,-70.17856883714407,-0.5398351449011082
642,1,0.1333813985726334,0.9697295060019488,-17.49388210958956,-0.0930525644127104
642,2,0.325758238383694,1.3592273383167597,-33.36991842386926,-0.2627552631800729
642,3,0.417155213881681,3.3409353725007267,-65.66371435229185,-0.370981437018598
642,4,0.4018570666083025,2.2865726259121497,-51.567167738597526,-0.3202929673204815
642,5,0.16018417702573,0.6403710187096499,-21.59089522021295,-0.1084969609055927
642,6,0.4318470982372014,2.4259328038012176,-74.31640385665106,-0.3715820192832553
642,7,0.2189245130941901,1.0632397043614874,-19.26611901859254,-0.1517017245558467
643,0,0.9251764074820048,6.974064579630154,-119.73848033786736,-0.8676701473758505
643,1,0.1106368197443139,0.5134963661230586,-7.698159686961178,-0.0557837658475447
643,2,0.2840456003279116,0.97474851335571,-31.91088044525114,-0.2279348603232224
643,3,0.4971102995429791,4.124744938603174,-83.26078471436796,-0.4525042647519998
643,4,0.4064981209122062,2.8851579944394588,-54.33994391268989,-0.3273490597149993
643,5,0.1774316852067514,0.80114317595307,-19.07041693733605,-0.1148820297429882
643,6,0.399491772197624,3.395301748420237,-68.0469613819068,-0.340234806909534
643,7,0.159194479927498,1.2015285177908126,-13.994252652147903,-0.098551075015126
644,0,0.7744847231492568,5.774586007004546,-101.57503356034849,-0.7203903089386418
644,1,0.1493858044814091,0.7914307944714558,-13.514934875522748,-0.095850601954062
644,2,0.2690581258799104,1.258746961025578,-28.673143664509368,-0.2108319387096277
644,3,0.6295258822469145,3.3563294406407524,-99.33626783941146,-0.5809138470141021
644,4,0.381912043708728,1.083318337440604,-44.4810026365201,-0.2945761764007953
644,5,0.2198914249547988,1.5146446455804294,-27.03450150548034,-0.159026479444002
644,6,0.4584901873626962,2.053642401364891,-80.90815261973417,-0.4045407630986708
644,7,0.213433708421422,2.0010034183376044,-19.3420032574152,-0.1476488798275969
645,0,0.948731834075874,6.478801723758512,-123.96646343737751,-0.8918450607005578
645,1,0.1290792618602049,0.493198758977562,-13.26548185381804,-0.0823942972286835
645,2,0.1732240296265711,0.947771021108848,-14.07023349403682,-0.1107892401105261
645,3,0.5529372951900522,4.4082442978018666,-85.74530885864174,-0.5043841697567161
645,4,0.376433002608285,1.9206452748012717,-44.69113641504856,-0.2902021845133023
645,5,0.1859834184926223,1.118420677840931,-18.265403490012115,-0.1186065161689098
645,6,0.2016567197827468,1.814688829189983,-31.43469735723211,-0.1571734867861605
645,7,0.3083854463729846,2.3038993981923546,-33.04405095148803,-0.2447707477888002
646,0,1.4652353031014682,8.816960634028508,-195.27909747831592,-1.4048855933691793
646,1,0.2030211382836135,1.1271010231432108,-19.857598547532533,-0.147093322574315
646,2,0.3913359603164037,3.1416379206745635,-42.44193371486045,-0.3290072380996934
646,3,0.1449251395189536,1.0244305869717143,-23.055187110845115,-0.1152759355542255
646,4,0.2628935237964221,1.249327952146754,-29.087052851204756,-0.1806649245416444
646,5,0.2080350403169922,1.0182242715373098,-24.12167146625312,-0.1453112738930911
646,6,0.1801572814143196,1.1192312750982858,-26.429449915078315,-0.1321472495753916
646,7,0.2175538868050844,2.1547786294729097,-22.710962797389787,-0.1577150194263179
647,0,1.5642240508944711,8.451399738559681,-191.98739791500867,-1.4999015462110052
647,1,0.1844821089473741,0.886450312331847,-19.294218462422915,-0.1330635756029166
647,2,0.3548021728784944,1.5333577195333623,-38.58169652937598,-0.2945167673998166
647,3,0.4645424076805672,5.178334104632523,-83.7527234254768,-0.4229935526539232
647,4,0.2313191449305578,1.2150511780548603,-23.539150514999896,-0.1480449717924521
647,5,0.4630476957746572,4.164113826378705,-65.46623634892094,-0.3991843679812252
647,6,0.3612436979376825,2.9366094700244805,-62.46979655343215,-0.3123489827671607
647,7,0.1658830770074462,0.6505485080357895,-13.774347683374566,-0.1020322050620338
648,0,0.591708571976035,4.107254510645111,-66.9883711425302,-0.5316537392264301
648,1,0.1515927372314531,1.146309734708426,-14.975185403732157,-0.100504600025048
648,2,0.3814276923331883,1.733568533877221,-41.35129248590167,-0.3205526549294702
648,3,0.2831310369561297,2.6279576584882967,-48.83693371788629,-0.2441846685894314
648,4,0.3971995859948732,3.51456049806747,-59.49236825732366,-0.3250949085099653
648,5,0.1766553140209396,0.789942406106834,-16.771903178309586,-0.1089084621968154
648,6,0.3378576358145631,2.2072795794426745,-54.35720325195039,-0.2717860162597519
648,7,0.2719055250337877,1.274307057965982,-27.964811629923958,-0.2086926241039101
649,0,0.4889438903847603,2.467675862102212,-54.6174676775563,-0.4300588006106795
649,1,0.1344111248428133,0.5521192511982911,-10.058596985820667,-0.0767831830978676
649,2,0.3633767247751162,2.1204879919588286,-41.528700335899984,-0.3053580907051469
649,3,0.4913536249724852,2.8757688046075693,-79.73358941295332,-0.4454390469997392
649,4,0.276579822297417,1.1595271851118267,-33.76867518693991,-0.1986392658055288
649,5,0.2847627218540807,1.641415313133273,-35.885777301891075,-0.2215171438388338
649,6,0.2636873145410069,2.617141131074777,-42.73425217808264,-0.2136712608904132
649,7,0.2394714773006922,1.0409038811804705,-25.20051063883659,-0.1787270258073517
650,0,0.8411589092148384,5.24502963432606,-99.1399284058142,-0.7806293575260961
650,1,0.140619363591552,0.6752279037674943,-10.92803831728892,-0.0827881690703706
650,2,0.298830430777682,1.4601752302270516,-29.75555525378413,-0.2361552004268582
650,3,0.4549518439740123,2.686032980112333,-73.1930448092878,-0.4088996916719988
650,4,0.3577431944182687,4.11798505953096,-50.651675270484205,-0.282970252907733
650,5,0.2096326659595808,1.5995475707969202,-27.54656330261306,-0.1521909574730003
650,6,0.1891005163894841,0.947120357133872,-26.3918597772048,-0.131959298886024
650,7,0.1926979993549178,1.0611416973138783,-20.206088132617413,-0.1356113297491101
651,0,0.7478352841493436,4.65331784936738,-90.25380856524768,-0.6889603707270815
651,1,0.1299968688755466,0.5010096511480745,-11.138346575931289,-0.0773496289995228
651,2,0.308314243048996,1.3097070551327368,-32.106511648755045,-0.2469731665288849
651,3,0.663337985012422,4.758296422533683,-110.27425189971612,-0.6160572731827716
651,4,0.3899900283202968,3.907062565781805,-52.59585890582513,-0.3112181000344682
651,5,0.1955319178348444,0.870490372446611,-25.04834502477749,-0.138388646545732
651,6,0.4333023467155572,2.958225175804107,-75.08353126992394,-0.3754176563496197
651,7,0.2789806145596381,1.2593440535829588,-30.517946038395355,-0.2179853288456811
652,0,0.7451752322606696,4.016341722925766,-89.19923159397136,-0.6861479353382413
652,1,0.1466060218026112,0.8587463140390204,-15.131709502769082,-0.0976239322759295
652,2,0.1932893206565883,0.8095564186827129,-19.1283154473167,-0.1366308246236907
652,3,0.5006806683126944,3.20502305135788,-76.8396418083878,-0.4519978929905164
652,4,0.3479529418134591,1.8376374111473288,-41.68192008981261,-0.2638096208215988
652,5,0.1501133955860107,0.825648838404837,-19.457304258866067,-0.0977753982857591
652,6,0.4528151685242956,3.2149779260250195,-79.50659111460938,-0.3975329555730469
652,7,0.325094851113822,1.5537365467912967,-38.2593959672597,-0.2656902497726368
653,0,0.5332790630361556,3.1169446629147197,-65.53405816083406,-0.4783507894951391
653,1,0.150774861049023,1.0880141581736515,-18.926913785628848,-0.1075392828728911
653,2,0.3021950775529675,1.6139840080593597,-30.412410507434192,-0.2394677992711353
653,3,0.4210507442149406,2.947420544044193,-68.43989763743154,-0.3760433936122612
653,4,0.288444649471154,1.9451538592495696,-32.58615026519995,-0.2049443412905657
653,5,0.1964707239593486,0.8565109911251831,-21.391512920624347,-0.1320463760532367
653,6,0.3136858297993507,3.190163063080228,-50.98175651185277,-0.2549087825592638
653,7,0.2098323729990109,1.0228386933062854,-22.49317406919853,-0.151980905872963
654,0,0.6288781958437357,3.632737556452563,-77.26387688542717,-0.5723250139661271
654,1,0.2701150948178344,0.8961922905642659,-27.82845497741153,-0.2124309540260422
654,2,0.5536763173362427,2.9032041277265064,-66.05312536505345,-0.4929337713809958
654,3,0.4345282211601515,3.971754910790392,-70.44130107065267,-0.3891784589538821
654,4,0.3238423057566629,1.9361367477497755,-37.568933667633104,-0.239292571131421
654,5,0.2171062963013499,1.0079075717894623,-21.45096524946809,-0.145924933669851
654,6,0.5266091167911239,3.4900194657873542,-92.58219554841274,-0.4629109777420637
654,7,0.1895713587094993,1.5509675720198506,-20.25550557756493,-0.1332599051155587
655,0,0.7947754417781342,4.895704957700716,-93.97948505708602,-0.7342147270084846
655,1,0.1122426183232564,0.4217339819431572,-9.06831208882117,-0.0608611549585313
655,2,0.4423970145575896,2.9157538067297124,-50.37806152936323,-0.3816519812830548
655,3,0.5012485539354818,4.271710176201455,-81.9732910484037,-0.4554071724911316
655,4,0.3976547484729505,4.605170328326762,-54.2476653726057,-0.3191039139565041
655,5,0.2049858280857627,1.3162247115039902,-22.607474324378327,-0.140419095182474
655,6,0.410777354609172,3.779159648752842,-70.41987792033379,-0.3520993896016689
655,7,0.1836772580446997,1.746525876436822,-20.438975039576334,-0.1293606015163059
656,0,1.0465791401739706,4.457200182804521,-122.95688408863234,-0.9836550727090588
656,1,0.2224371670931458,1.094374867357572,-21.63522549349817,-0.1651543930801387
656,2,0.3173786397309533,2.0961529364597564,-32.79375813438873,-0.2562012354249119
656,3,0.653397209928446,5.698439039372146,-113.6986080830287,-0.6080139469680679
656,4,0.2404598813853311,1.0192894791867468,-21.73770094718633,-0.1488883626519611
656,5,0.2091704192764351,1.2237723802383338,-27.69276026104293,-0.1521580234123238
656,6,0.5189820810522985,2.793614601671754,-89.78693246323165,-0.4511906153931239
656,7,0.2381790266930854,1.4027643528338551,-26.71830517787625,-0.1805290890397043
657,0,0.7763855743785673,5.04193510363693,-93.96716889628146,-0.7173066327960417
657,1,0.1207775577533474,0.5883309381499506,-10.364632326915531,-0.070031299506186
657,2,0.2781968885051976,1.6418688354001187,-28.323874141521525,-0.2178759549347809
657,3,0.3917100154608495,3.6499975836547662,-67.04660123839946,-0.3492010481166638
657,4,0.2985427778441427,1.1057000628471687,-31.142919078404027,-0.2090128797208324
657,5,0.3173586496576959,1.5471352322308642,-37.05603409389794,-0.2486982153952882
657,6,0.3116564058345441,3.071365511302611,-50.46420829807871,-0.2523210414903935
657,7,0.2770342852366702,1.2130381725853316,-29.70036519046954,-0.2152200376120981
658,0,1.4341170183077665,9.554155972098089,-178.31893847683935,-1.3716841421295334
658,1,0.179070686361998,0.8832561824449938,-17.09186033859819,-0.1238540604246245
658,2,0.4226020590394211,2.9924589726176287,-41.41823563342612,-0.354002013960907
658,3,0.325297328531933,2.6820167063755167,-53.3676707032551,-0.2823686280595508
658,4,0.3583382699259379,1.7838837965045455,-46.5089490479972,-0.2784967008862107
658,5,0.2651014638874312,1.52651985080455,-30.630018759178107,-0.1976130242527619
658,6,0.4994429543628163,3.441086989544448,-87.31210890255034,-0.4365605445127516
658,7,0.2064533373241062,0.8798462072910412,-18.73915887213084,-0.1419633247888699
659,0,0.8478485644803226,3.9367238480378175,-103.23774461558232,-0.7880743863784909
659,1,0.1696526947751075,0.8528336331245643,-15.992284714723151,-0.115052408019591
659,2,0.4235660585638262,3.29976104729066,-50.03529719159112,-0.3652211473838768
659,3,0.4995720635772485,4.510698370761425,-75.15673506077887,-0.4500403297052627
659,4,0.2650073138019131,0.9303208229359295,-26.792284371560157,-0.1774323468315242
659,5,0.2338823156808774,1.8088740720105887,-27.60812396306328,-0.170420518290514
659,6,0.3250492268516152,2.13426631503654,-52.28268118594693,-0.2614134059297346
659,7,0.2180944047233794,0.9211994972584248,-20.05982360008733,-0.1531284244281475
660,0,0.8661377488189881,5.134092887063852,-100.40386676215338,-0.8032309340972271
660,1,0.1944989046077504,0.8026109604715159,-17.1868629944651,-0.1353296298776779
660,2,0.2044880780937729,1.1162479549437108,-17.203794509629983,-0.1398682480457722
660,3,0.5850110937570169,5.400276294797462,-91.173443729079,-0.5363143748769353
660,4,0.3828478359247934,2.0410454013833177,-49.897945660174855,-0.3024117918798476
660,5,0.1926977816377999,1.0716115375364184,-20.27277807539628,-0.1275017489018634
660,6,0.4776349829880369,3.437287946147748,-82.84508168800232,-0.4142254084400116
660,7,0.3076450178571548,2.7955741294661225,-35.70646110793184,-0.2479615354717488
661,0,1.021116126276953,5.478595403390115,-120.75035046307627,-0.9583361147863196
661,1,0.2346601908417551,1.2497456365551158,-23.42973704992309,-0.1774980079539628
661,2,0.472086278211074,2.423079116064161,-56.67686786291024,-0.4136997654227025
661,3,0.3904015707101778,3.2863148623159124,-66.80962978037265,-0.3479668217727742
661,4,0.3085499248842298,2.4555657780538374,-38.27278923757845,-0.2291783786681344
661,5,0.3063244941371791,1.9276533248908208,-39.44274061549445,-0.2434737075030521
661,6,0.4457148807782505,2.2199150335464184,-76.54026946064647,-0.3827013473032323
661,7,0.2249975544799246,0.8450961797448598,-26.080325229411702,-0.1693527612299461
662,0,1.5054022634268789,7.695162515233127,-194.8410386211561,-1.443266952749304
662,1,0.1654958829831799,0.6414195801369742,-14.19525260017788,-0.1083607068715868
662,2,0.3985934960264146,1.9723401681257455,-38.22358121574765,-0.3295136311702383
662,3,0.4199827281137619,2.7600651291223204,-63.22376685822628,-0.3719045109307428
662,4,0.3297027844242381,1.3364759021019033,-39.087634726321966,-0.2458341806686916
662,5,0.2557987666158395,1.617923644608637,-28.687548891880567,-0.1887338742886879
662,6,0.5767228246155089,4.793583399949552,-102.63488262077098,-0.5131744131038549
662,7,0.269742537381723,2.063716453689226,-32.37205447860956,-0.2129740426224312
663,0,1.2010331764667073,7.576506061997678,-149.3646303528282,-1.1401880179605206
663,1,0.1352710542085937,0.8576743345762227,-10.32465999209653,-0.0782171211522464
663,2,0.5046964542549683,2.5801382093302303,-57.66115045551594,-0.4435473111962765
663,3,0.3045843711159499,2.801607463886066,-51.00489357210888,-0.2629118225366437
663,4,0.3118263473075782,2.5453667462937424,-42.12460800736621,-0.2366551011649787
663,5,0.256844112694318,1.6706561589350963,-35.22418568910964,-0.199006698808529
663,6,0.6265330120329846,3.845398969165291,-113.73181372644824,-0.5686590686322411
663,7,0.220162738956121,2.2339020842504325,-24.875673344625007,-0.1636557456883224
664,0,1.1761340390661787,8.347853194955091,-147.07560766005793,-1.1142091489398327
664,1,0.1500642726611138,0.8164089393373587,-11.67869257903466,-0.0912397857737082
664,2,0.3911459271271967,3.322402606293397,-46.31841721531031,-0.3332260231317288
664,3,0.4977611559019346,3.4704155192978465,-79.4096794575487,-0.451191360554254
664,4,0.2182108084698103,1.2251983692415007,-21.714040903455505,-0.1348698192761211
664,5,0.2423411138950758,1.8773337443529343,-35.016968608021934,-0.1872565166204381
664,6,0.4936978104950425,3.1193614180485136,-86.46946878226238,-0.4323473439113119
664,7,0.2567422197883725,1.1276445033126108,-26.329064227633104,-0.1935960604973022
665,0,1.0882957932661366,6.040586603271055,-134.63398328564685,-1.0277403304247852
665,1,0.133930071284108,0.5482910443158558,-9.855007292624244,-0.0758077484048018
665,2,0.4307926493480112,1.682226508400504,-43.40425296955851,-0.3647416215929286
665,3,0.3786307727419267,3.2130013196996763,-56.64965456198446,-0.3312845296022483
665,4,0.3161783763638816,1.3387632965566114,-38.45328954437437,-0.2344712777095997
665,5,0.169276399807244,0.9872117994663114,-17.202477932985204,-0.105536674435492
665,6,0.4558303594383527,2.969635149618453,-78.22784320400054,-0.3911392160200027
665,7,0.1413750883748538,0.5940516942245462,-11.305168750211834,-0.080178501774552
666,0,1.0294196775260491,5.921545912297285,-132.02452476606993,-0.9707685644563966
666,1,0.1398496258676886,0.4440874165719985,-10.95819028939994,-0.0823924081909769
666,2,1.0837258294233496,8.192758737071456,-137.96402100463538,-1.0219557111454474
666,3,0.6743184760421039,5.397148043619679,-106.3204257956828,-0.6254142693863693
666,4,0.32184800842992,1.1636093282511946,-36.47775142831082,-0.2353403317955536
666,5,0.227543979472568,1.2364144199420295,-23.56570566278249,-0.1581590984079361
666,6,0.5694729568871565,4.613479339389492,-101.509620319278,-0.50754810159639
666,7,0.1488021435957167,0.5730035448487358,-12.89075508015164,-0.0889017591734595
667,0,1.0157238334508498,6.385690019893482,-126.08128235351776,-0.955161229950892
667,1,0.1731443382183437,1.4142302637084552,-15.330793222081116,-0.1161423728945539
667,2,0.2480638072106031,2.1509985279871526,-31.40506582483576,-0.1987662393976946
667,3,0.7930904591736913,5.179084205171392,-137.63051483316715,-0.7479919284411258
667,4,0.2930275812722753,1.261377173460188,-32.30751333542573,-0.2070994444578572
667,5,0.187771761683509,0.6991606063641167,-20.66187086273056,-0.1252234597741245
667,6,0.5568379339834463,3.934468711828699,-99.00312689253818,-0.4950156344626908
667,7,0.1767011852449552,0.875621335756393,-15.876411161677204,-0.1142187853358072
668,0,1.2621356651169118,5.758886151247079,-149.64926718980774,-1.197194137518462
668,1,0.1347839607940432,0.5084371644221848,-9.509275382468962,-0.0748761841139288
668,2,0.6084632171002236,3.436948655057505,-71.64597753154003,-0.5469158590193895
668,3,1.9764390601528508,15.362874098446389,-354.28224207030684,-1.9254469677734067
668,4,0.4192669437777749,1.8488943033651812,-57.51059390764547,-0.3402993722345886
668,5,0.2883844538443991,2.713193101988946,-36.44198581354255,-0.2249505297132256
668,6,0.352150915331248,2.125339354312005,-57.37173353245453,-0.2868586676622726
668,7,0.1836608356637026,0.8764814773129335,-16.046130766403174,-0.1197472445253968
669,0,1.1020477949088392,4.907049425641198,-141.8691532017539,-1.0431555382481903
669,1,0.1579050841445818,0.8576091350885998,-12.664116121604016,-0.0989384072000313
669,2,0.5892685382882271,4.001857391308518,-71.47245629286256,-0.5294256021693523
669,3,0.5115170829884844,2.950267858255996,-78.74900066509667,-0.4632294156770392
669,4,6.510483985677527,46.630515335021016,-1285.85191534199,-6.42925957670995
669,5,0.316528732066383,3.515399533335764,-45.39362867776613,-0.2579183447600348
669,6,0.3915259344511541,2.740999177432181,-65.85121493186708,-0.3292560746593354
669,7,0.2132309913510748,1.1404058140319713,-19.216797189404147,-0.1478215168415703
670,0,0.6138883168563999,3.05691273684613,-69.2032263230964,-0.5536258105847712
670,1,0.2588102773126727,1.46182746927695,-24.0508752679218,-0.1971383218682114
670,2,0.391082335566144,2.638790205932142,-41.55501524257435,-0.3272048444297193
670,3,0.5836660157886833,4.135030527130326,-92.0848243435282,-0.5353768857181873
670,4,0.3844000347436962,1.611225967633579,-50.5739949956978,-0.3046626204560108
670,5,0.2107516961976902,0.7795050262149387,-21.01434307357192,-0.1410358595541739
670,6,0.5601168243035642,4.635030211275907,-99.33783745586476,-0.4966891872793239
670,7,0.1879473790030939,0.7597273344596693,-15.449436874225468,-0.1206987255798864
671,0,0.5755437818737872,2.94448151183,-67.22520776916822,-0.5171169828397556
671,1,0.1926772143240314,1.6145477495596514,-16.898879835679526,-0.1330620459502325
671,2,0.4360867638645652,2.901873387672844,-49.07961333060655,-0.3746535368748591
671,3,0.6457317776137813,5.195865862543526,-96.38939512135346,-0.5949962661811942
671,4,0.3050580121417502,2.0623553877482923,-36.69212255621279,-0.2237324546110536
671,5,0.1801215969821501,0.82270462802957,-16.645749824378793,-0.1109716654958586
671,6,0.4139923257633137,2.62954809041205,-65.24914517160663,-0.3434165535347717
671,7,0.2352305471324745,1.2884091387122916,-24.82795133527236,-0.1748447277131856
672,0,0.5680592553309242,3.1641953240673306,-62.30910551908816,-0.5065780936511233
672,1,0.2239898871936852,1.4386749728119377,-21.73124980802034,-0.165887403114659
672,2,0.4420710239831515,3.078337509707616,-52.547213899703706,-0.3835563058372533
672,3,0.3825613730655659,2.802377849342982,-54.984432116027655,-0.3332389825213797
672,4,0.4416226013517352,2.059770681011213,-57.7909087728932,-0.3589497439310137
672,5,0.1907374006559369,1.09914234936439,-16.945655926769323,-0.1185010903969882
672,6,0.5270416439976677,3.907229821536228,-91.8826078011782,-0.459413039005891
672,7,0.2581323587684769,1.828976828977621,-25.32014513791894,-0.1932835506711369
673,0,1.0402128574680076,4.625732992010187,-124.13545897251376,-0.9774445588386907
673,1,0.2761645398383895,0.8451219426488891,-25.85863848442853,-0.2137077560696572
673,2,0.6044926500439133,3.256716730107222,-71.768630716476,-0.5437017478520909
673,3,0.5754474271742589,3.706895852429092,-91.18538710205416,-0.5270831624396194
673,4,0.3172516894374862,1.8259682477583303,-35.894739271569314,-0.2315789630423826
673,5,0.2975067012874556,1.6872393334125646,-32.01446496704195,-0.2254539786411405
673,6,0.5634582821315621,3.6765442156784816,-99.7513404142952,-0.498756702071476
673,7,0.248968338605901,1.5904315687034491,-28.5402879671023,-0.1915455568261899
674,0,0.6380839470672693,4.118238055226709,-75.89014452830088,-0.579314080368709
674,1,0.1793288037072929,0.8354836765840657,-17.262009370623836,-0.1241871177742722
674,2,0.3750780843202464,1.9043916774363625,-38.191499174179945,-0.3104999932860158
674,3,0.4983535215755548,3.401852363568565,-76.51136446306484,-0.4500668497827343
674,4,0.3352214376524876,2.572832478151466,-41.00306361608673,-0.2531053309634983
674,5,0.2780881228332825,1.2301175680897816,-29.810413813598466,-0.2070167625944338
674,6,0.4894039303907174,3.301818295528593,-84.74247479439457,-0.4237123739719728
674,7,0.2061309343966728,1.5514585176809577,-21.500376706717503,-0.1472628541555993
675,0,0.4212312368752609,2.8434115807165696,-49.359343013869214,-0.3656247630656978
675,1,0.1692307253207629,0.567666201402749,-14.397364473088007,-0.1107489574852923
675,2,0.6860713513831707,4.055791642036963,-84.38720373966835,-0.6250903980716174
675,3,0.4936649153970928,3.3726668266519075,-75.82762397322482,-0.4460448469013224
675,4,0.337527679227385,1.6741992413296305,-45.38075066031329,-0.2608089118408809
675,5,0.2876046842176213,1.6051184467981006,-35.13156366539326,-0.2223516687683117
675,6,0.539165215946517,3.3328008701221687,-92.63859257186007,-0.4702466628013202
675,7,0.1837819215910033,0.9720317728131912,-18.633704778759704,-0.1259034106672953
676,0,0.665601190243617,4.091239667602457,-80.27896190245065,-0.6081739538064443
676,1,0.1722016644313758,0.6857915301978117,-14.364606909351044,-0.112223491479305
676,2,0.669996562958891,4.118042761131336,-75.55903764874908,-0.6044723011899926
676,3,0.4960064000449709,3.241156799225107,-75.09141226815122,-0.4469726920723286
676,4,0.3586234441215116,2.4333226073609584,-44.39166213273323,-0.2757246095200821
676,5,0.2490447389132853,2.6945232761673843,-31.942942924432685,-0.1878996642613687
676,6,0.5621084179464071,4.225616455586577,-98.92215087104243,-0.4946107543552122
676,7,0.2075209029606294,0.9018456525788277,-19.251746494767943,-0.1436697499609548
677,0,0.7098048586727231,3.793235841214965,-87.41070636080933,-0.6523187041851443
677,1,0.2778679994341005,1.2709910272351002,-28.36546536139346,-0.219887328382895
677,2,0.3301981542739249,1.3257941402011924,-29.08620132733433,-0.2596982261369137
677,3,0.6519984573946899,4.73492815120008,-106.40439541016704,-0.6045704284668582
677,4,0.2897505458389282,1.4140121877902951,-31.0800046046974,-0.2031372849980222
677,5,0.1690022980287768,0.7296929455678464,-16.471466966288137,-0.1035941318634474
677,6,0.6716350078949613,5.2931983207470665,-115.99915222803956,-0.6010318768292204
677,7,0.1522064301100351,0.5135104152671875,-13.005850195414869,-0.0915904943339075
678,0,0.8368532845723284,4.584599665775063,-99.32200081656246,-0.7759531313793943
678,1,0.2367510531035202,1.0733890519213465,-20.887460757905032,-0.1740621729825419
678,2,0.2798163414483844,1.7593758733533575,-26.963463669967314,-0.2157077093597385
678,3,0.311488096733837,2.1869633403267863,-44.343578360697066,-0.2639498711946254
678,4,0.2184338100243604,0.7587495922465571,-20.49856089213379,-0.1322487799492502
678,5,0.1681690550521066,0.7478762206947864,-14.893733653974454,-0.099291557693163
678,6,0.5620190433725782,3.821045347642044,-96.49426427262506,-0.4923176748603319
678,7,0.2128502799943258,1.6460186795109393,-21.42695254691873,-0.1519642024604165
679,0,0.9130181863297108,6.72398555189268,-109.16907083659883,-0.8528833659109285
679,1,0.1838250439588448,0.794171129445495,-14.635889636994396,-0.120957765594995
679,2,0.5550626772169703,3.985611766315916,-59.015028586232575,-0.4877275089771287
679,3,0.2640507628104088,1.662433777440167,-36.331844677539806,-0.2162609802234512
679,4,0.2712552577713051,0.788244720779493,-27.58582782793842,-0.1826876015095259
679,5,0.2687177891152642,1.938549984281236,-29.77137818849389,-0.1998079073053281
679,6,0.5544112346037509,2.922135686527594,-93.40471904821318,-0.4839622748612082
679,7,0.2770563371827356,1.4800799441443204,-34.84747204895919,-0.2219584206940076
680,0,0.5341815576603594,2.5523811024214877,-63.48854020047695,-0.477357445116368
680,1,0.1556942130789989,0.644060452512114,-11.854117057532951,-0.0948329364602636
680,2,0.399054375614063,2.4954073210512138,-44.39063778344302,-0.3388598304079619
680,3,0.6226808292679503,3.965331437009856,-101.80183447747658,-0.5751516072173818
680,4,0.3666016092413123,2.075440161254622,-53.08131075170143,-0.2932669102303946
680,5,0.245703573419286,2.345101850160754,-34.36742559975575,-0.1888320087898667
680,6,0.4132480049116913,5.286521585851248,-70.4896632851054,-0.352448316425527
680,7,0.2548171621686602,1.271998072175172,-25.10143374239696,-0.1901623768363405
681,0,0.8002360637580676,5.029990310686379,-97.85342621268148,-0.7413138349445566
681,1,0.2155915588832856,1.0268805906113152,-19.12949673882157,-0.1542701349904965
681,2,0.3911318974482606,2.105610899655628,-36.2932101014827,-0.3211788504555991
681,3,0.3741430794540007,3.0811827857887253,-55.48197106922012,-0.3263645357012948
681,4,0.2806799110646863,1.4791684763065087,-32.68179877544998,-0.1992792608259145
681,5,0.1532187195202048,0.587756503997056,-11.850495355582169,-0.0817275541764287
681,6,0.56412316928865,4.408327491907333,-100.46147209129686,-0.5023073604564843
681,7,0.2900219373172559,1.636001238200583,-32.34788417675546,-0.2294176182748614
682,0,0.5985941647879369,3.756534383403208,-72.57451506821933,-0.5416008587180546
682,1,0.2666157304389459,1.4586154145754615,-24.402298656121403,-0.2033524888010117
682,2,0.4556441024074428,3.191553648342389,-54.351115563652506,-0.3967234712675365
682,3,0.6415012850808365,5.904752607784996,-100.12494336696066,-0.5924552861950335
682,4,0.2400004984423556,1.0770381045048532,-25.17393612083407,-0.1563598516821992
682,5,0.3450597584495907,2.786266109699257,-45.89313257627548,-0.2815529605906471
682,6,0.2722879323539139,1.832047321331638,-41.58905809391739,-0.2079452904695869
682,7,0.2552200245974039,1.2125998541962122,-21.274973768717867,-0.1818373826386142
683,0,0.7342786042542562,3.056473032460508,-89.79991824518869,-0.6751873552269827
683,1,0.1676653100307734,0.6974362366405006,-13.658193226696769,-0.1075448285566674
683,2,0.2807145320718245,1.622087323320028,-28.328811802569344,-0.2196031922679794
683,3,0.552176498177938,3.2192560667746366,-89.45082330532385,-0.5053718830809257
683,4,0.2941652975990083,1.8982325477448083,-35.824504280133894,-0.2145179897014005
683,5,0.2355152837622265,1.3760276567160283,-26.587337593574333,-0.1693460993221295
683,6,0.45690541006207,2.549428778355324,-74.56264750645742,-0.3863349611733545
683,7,0.2183407832947309,0.969561932904034,-20.45677079526728,-0.1538103067313329
684,0,0.7220268439185353,4.572572167344958,-87.51981319052824,-0.6630288878070321
684,1,0.1323566707425536,0.5691666248823746,-9.61458446117695,-0.0739583420090534
684,2,0.5028927612414356,2.728193142635594,-56.79984513021954,-0.440308876978446
684,3,0.5522525661041703,4.166334568063702,-90.61209470772287,-0.5062128195962172
684,4,0.2668679537994814,1.4198411810050624,-28.911695115498368,-0.1829854121234073
684,5,0.2536887978234958,1.2711428066627688,-29.801023084753435,-0.1886140701566673
684,6,0.4226984805405381,3.1258270009935387,-71.8906195324882,-0.359453097662441
684,7,0.2429670846923152,1.674262658667396,-22.3537894837744,-0.1760140904234204
685,0,1.2809312631101062,7.138980230224541,-178.684629545546,-1.2238673256544246
685,1,0.2507319514794238,1.260492635430566,-25.477269799749315,-0.1930096196950705
685,2,0.4215308235697379,1.833495533504063,-43.874136231864405,-0.3567002945680033
685,3,0.4296594475241369,3.608991806560758,-65.80117474347989,-0.3825649694388365
685,4,0.3048737389790438,0.9754047719925546,-34.834551223607384,-0.2204718431873885
685,5,0.2276462083846529,1.7026018034002208,-25.70437817927172,-0.1626859378434919
685,6,0.4129563428354337,1.938318303666768,-61.67477270841848,-0.3388723775187828
685,7,0.2120464927130386,0.8014406311684028,-20.188192526358947,-0.1484425921055805
686,0,1.0356784213421075,5.793651816285056,-131.87435971393174,-0.9768471089920868
686,1,0.2246874976329936,1.15440021400197,-26.148455137534803,-0.174323034250232
686,2,0.3706276326702912,2.481234243575083,-39.02319826732637,-0.3072692776954832
686,3,0.555243820923408,3.234202026455304,-81.716926487367,-0.5044254721442407
686,4,0.2182195853600493,0.724103670914335,-20.69077218281557,-0.1326331550180485
686,5,0.2215989690754441,0.8964307699374732,-20.889054621001637,-0.148149323553203
686,6,0.4492526728241632,2.544738885777393,-76.51755285714772,-0.3825877642857386
686,7,5.562205039227694,29.30640076805676,-1101.002069617268,-5.505010348086341
687,0,0.7003676488078742,4.146791091574893,-86.13384416834982,-0.642789881853357
687,1,0.2353339684050024,1.2025648210073152,-19.50015142052449,-0.1695665340915173
687,2,0.4919929062909877,3.0675292641513736,-56.88945148038564,-0.4309806930332245
687,3,0.5159295949001386,2.9560442218407066,-79.46112209610048,-0.4674183652711793
687,4,0.2558507353761117,1.211619217019159,-34.12305949097893,-0.1844489702215077
687,5,0.1615085616403022,0.6877355521015375,-15.603807189255289,-0.0969180570761198
687,6,0.3566445270489951,1.652583044650786,-55.68765490167417,-0.2870497675344029
687,7,0.2347516912190552,1.3912118599606955,-21.25219604614672,-0.1673401263476119
688,0,0.7724584742129768,5.401634793348491,-97.19715943348297,-0.7146849958344336
688,1,0.3111349125926705,1.5113589599809658,-34.14027858552687,-0.2547781983994542
688,2,0.259818333584966,1.4395128856061823,-25.001321182712683,-0.1968607967142731
688,3,0.4029633449156967,3.3348894253049006,-56.77477592965543,-0.3526383598115243
688,4,0.2620758112064417,1.2209055573898182,-34.291294891294264,-0.1884137081939245
688,5,0.2046454512556886,1.0023739479659828,-19.55928601159668,-0.1339677124081964
688,6,0.3886581582965314,2.6870663896710254,-64.55172750456953,-0.3227586375228476
688,7,0.1796219856111434,0.7650701052428014,-15.625915519563478,-0.1157475223671368
689,0,0.6821622246748023,4.197666807608512,-80.33629135414235,-0.6227619484817236
689,1,0.3198970397841953,1.7360890840945238,-31.857020028533523,-0.2590001628336059
689,2,0.4549346271447304,3.022320556230059,-48.83156374001737,-0.390652509920139
689,3,0.5182913935030199,3.3382559746062914,-78.31904577634143,-0.4689763220140205
689,4,0.4210019112450172,2.6493733006608187,-65.4100020696448,-0.3497861073243037
689,5,0.1826970410656201,0.970051489545488,-21.584935671575508,-0.12334248955186
689,6,0.6553395528918898,5.07780709540614,-114.7942596455674,-0.5856849981916704
689,7,0.2111850367994176,0.8092035909526183,-19.900946315080187,-0.1474144171487421
690,0,0.6893208441681477,3.7894668741208353,-90.8335305327115,-0.6351995142147657
690,1,0.2059844252693095,1.3549167536559084,-18.998312329784287,-0.1472737389905758
690,2,0.2987449019444204,1.0992928029907754,-28.56097325539944,-0.2341063381590118
690,3,0.3929730691103175,3.0603972480123525,-62.14788560677446,-0.3471948916579578
690,4,0.3021084219949713,1.3706802707081092,-37.70923901071204,-0.2231315917793611
690,5,0.2287875766198147,1.5955558020493197,-26.77388040747601,-0.1652708667128148
690,6,0.4133126150444457,2.156162160322638,-69.23619683823065,-0.3461809841911533
690,7,0.1262265027252077,0.638803954370364,-9.50849845576452,-0.0660312392761425
691,0,0.8541074623591969,4.128180040410158,-100.71698676474814,-0.7930471398799066
691,1,0.3186399265956748,3.1254826599767376,-34.85080612909253,-0.2620361363089664
691,2,0.4138912946011079,2.3092790793667897,-47.06758796500743,-0.3538916388346423
691,3,0.3774752821440155,2.636953461135776,-63.93694052256422,-0.3347483796992891
691,4,0.382649323676604,2.041211730498853,-46.8397727288334,-0.2983425014575376
691,5,0.2401813589445288,1.2674608937249656,-22.647062901092085,-0.1653070284751247
691,6,0.4594675069949324,3.418000118599188,-79.66903792268367,-0.3983451896134183
691,7,0.4167143617680295,2.606713338152207,-46.52379841687622,-0.3524530183096683
692,0,1.2594674246480262,10.243448103373044,-164.46611187304464,-1.2004825684163842
692,1,0.2686924550234419,1.5169318167798096,-23.671964643872027,-0.2040686607230347
692,2,0.4499463261418064,2.554339219346471,-48.24295218690399,-0.3859436174952319
692,3,0.6938454033644137,4.40399292957406,-105.46471021359145,-0.6430775013023868
692,4,0.2762049743768029,1.130306438016324,-28.672312613497528,-0.1886336356151153
692,5,0.2545063672166726,1.3790125475539896,-26.076020876903712,-0.182349796341984
692,6,0.4266401997204732,3.1764683863376533,-65.83347252266611,-0.3539434006594952
692,7,0.2714514114464942,2.6134405694957907,-31.61523591843781,-0.2136164589083636
693,0,1.0002748326651862,5.809543272770743,-125.037932823399,-0.940134833258639
693,1,0.2828040843464964,2.246287874009905,-27.594144003648957,-0.2225334193842657
693,2,0.3171227161451725,2.5451602747434934,-32.57814152883306,-0.2545167306940082
693,3,0.8395678093201341,5.435361688428934,-133.34146493727073,-0.7890027511081108
693,4,0.1845701239746856,0.6211858841237756,-18.480536005740667,-0.1068239075476339
693,5,0.2626240052910015,1.268718983353724,-26.96205106157745,-0.1898735990251933
693,6,0.5023480504030714,2.817537801674509,-84.58260203632008,-0.4337569335195901
693,7,0.1779708655591875,0.7992903841736901,-14.879487873714222,-0.1127233929826835
694,0,1.0109293896072375,4.7544137514270055,-126.46652070645796,-0.950876095537278
694,1,0.1765950380931536,0.6248961363305275,-12.03976637552976,-0.1084663637435113
694,2,0.4216896528762112,2.849751269045042,-43.77802365811044,-0.3559188915293532
694,3,0.5640661884006223,3.1770710686679324,-80.86828404244218,-0.5118245825471024
694,4,0.1937242800577091,0.979726002920718,-20.07587584595788,-0.1160455251211438
694,5,0.2578719846395439,2.267719179386777,-33.80777548362825,-0.1977062893779429
694,6,0.5214980036901471,3.513345545721048,-85.07467093033851,-0.4501305340229551
694,7,0.2694487210470945,1.297893780311054,-23.7100903799376,-0.19758408649948
695,0,1.0921590392803906,5.848395321085948,-144.87975220297653,-1.0348553728784038
695,1,0.1750425451462855,1.4375335688546378,-11.940386561194558,-0.1075710501008518
695,2,0.3434535199095294,1.7964688494134062,-33.29034719573462,-0.2774195599644551
695,3,0.3455928131004764,2.2041404580183834,-55.144644984329545,-0.3013368578378663
695,4,0.2639813047338554,1.0883405700805513,-30.41503143697646,-0.1832230809456413
695,5,0.1691437106695507,0.8659680055221182,-13.83252083841295,-0.0967309149539367
695,6,0.493679567675263,3.266198208562386,-74.84391401738228,-0.4181224246781133
695,7,0.2936908286805744,1.3469372316683583,-25.619357187550825,-0.2208565274788864
696,0,0.6203884882033607,3.0968570849550536,-70.08600758190602,-0.5606880606552481
696,1,0.130661692155318,0.6566513767166333,-7.089819712510981,-0.0627417673673538
696,2,0.4888043153649077,2.087608033271424,-53.19223136541244,-0.4255378509232995
696,3,0.5651521606479242,5.491784554219949,-85.55001801424842,-0.5153615543027014
696,4,0.2072047354349456,1.404441769531332,-22.472145266503222,-0.1298967934479955
696,5,0.2330389278084681,1.2693718943460952,-20.634597102803355,-0.1551473466376192
696,6,0.6975829572529743,3.870690710186505,-124.36384393376676,-0.6281002218877109
696,7,0.3052263218459108,1.2009447126502066,-29.607436755970998,-0.2368594940477679
697,0,0.6190161832952125,2.9591781076663795,-72.30276657782335,-0.5604865626187856
697,1,0.2177885231782353,0.864411938319893,-18.53854994277666,-0.1544879161898054
697,2,0.572755746818958,4.5855807100777,-68.67516883869916,-0.5125012599902923
697,3,0.5195366430131154,3.283624205944508,-74.41207119111667,-0.4680004477428721
697,4,0.3277383795469727,1.6488882332991368,-38.54304825658509,-0.2439433433961081
697,5,0.2174417151060124,1.0682497996476183,-22.448599699711195,-0.1486662231768953
697,6,0.5696649353323696,4.7975892574842245,-91.1342390723538,-0.4952947775671402
697,7,0.2513048572594906,1.474309032947546,-21.42400394561509,-0.1800336466018074
698,0,0.5684340728615427,3.0512240716769035,-68.03407865408259,-0.5115344259705458
698,1,0.2164681281599242,0.8767919325948567,-16.924357595286892,-0.1497730760644857
698,2,0.7103224692490019,5.152060182180432,-79.33506324039165,-0.6450005141495256
698,3,0.504055322397073,3.6256986783287446,-73.39771923904804,-0.453072340981778
698,4,0.2702015659818048,0.9543455639313294,-27.2164432941984,-0.181442955294656
698,5,0.3259535024221601,1.8805474639758732,-34.321796617010904,-0.2505240628978898
698,6,0.7688586324075929,5.4827322327465655,-140.0652580862449,-0.7003262904312245
698,7,0.2808089781755907,1.4827748431061285,-30.47485356211888,-0.2192435508066106
699,0,0.3879208627161196,2.576140098947041,-44.59206010397435,-0.332776567940107
699,1,0.3319470917259552,1.9935257894935927,-31.00749912734023,-0.2673060269598296
699,2,0.6547746300706656,3.8526502282917487,-72.36321113879765,-0.5883187897463223
699,3,0.7393993421544592,4.417216538516968,-114.99370042618462,-0.6885850324921234
699,4,0.3029225516649954,2.2774470168684786,-34.2812683134343,-0.2183520274741038
699,5,0.2353535037083562,1.4139402607776672,-21.14757242915649,-0.1578177046951976
699,6,0.7207353350018292,6.678086706432602,-125.9900201537824,-0.6494330935761979
699,7,0.3907875936757231,2.3339729372807088,-47.32166318106174,-0.3309207215458862
700,0,0.6173348563290434,3.2903157485623624,-72.57274493112882,-0.5582518840856063
700,1,0.1807388290774094,1.2722530673815666,-13.055562449738115,-0.1145224776292817
700,2,0.4842625318059432,3.076781646380643,-51.99150854755518,-0.4192863592544772
700,3,0.5373515229402082,4.700345345008555,-84.01066642408497,-0.4884341071167731
700,4,0.4583950152909959,2.664080983314744,-65.51301347902651,-0.3808896132501541
700,5,0.2565354602229233,1.065962825501085,-26.223449755686584,-0.1846721813780745
700,6,0.2977277395354371,1.5868800380906902,-41.70367999881237,-0.2254252972908776
700,7,0.3208349620468111,2.747210752387612,-37.54468562171517,-0.2607269834841331
701,0,0.9896118520988844,5.070083674197928,-124.66030503810757,-0.9303007838664744
701,1,0.2109332931460765,1.7787167363901597,-18.831855755010316,-0.1506548460400825
701,2,0.5449079086293024,2.713885332026261,-63.91106790030906,-0.4841747568205232
701,3,0.5227897516171609,4.022424865262102,-75.95256409920744,-0.4717550565168164
701,4,0.4733934865564229,3.6207602827181486,-69.95210520313543,-0.3974551431996331
701,5,0.3098987475895718,3.390916631287184,-37.03989722686832,-0.2420908315481589
701,6,0.475131646311514,2.8944188306381538,-83.3511821502397,-0.4167559107511984
701,7,0.2730290351391627,2.0876027278636284,-30.465953575478167,-0.2130486264019452
702,0,1.5065538176173563,6.084934540298416,-200.93786115659103,-1.4455961234287125
702,1,0.1927831131147694,0.9626754274420262,-18.294238086612893,-0.1365241648254693
702,2,0.3406667359769774,1.2181774197753112,-35.97175404992942,-0.2788508065886002
702,3,0.5162612534821426,3.319322733108901,-80.50550582366228,-0.4680552664166411
702,4,0.2998307000735935,1.2503360680107087,-38.92384183721288,-0.2237002404437521
702,5,0.2050353454352484,1.4232835565984825,-30.33272261829921,-0.1531955687792889
702,6,0.5310522677577915,3.62310886592699,-93.48054836780838,-0.4674027418390419
702,7,0.2008508799268919,0.976040288000775,-19.309110375298108,-0.138914463131641
703,0,1.5379375991598834,9.1341501101375,-209.979553396674,-1.4787292492723525
703,1,0.4203637541585001,3.672455489933061,-45.37983537611101,-0.3601574236199286
703,2,0.2666302405669062,1.165630768504036,-24.08447002865037,-0.2007039169054197
703,3,0.5290888776268741,4.551229037323621,-82.15662145998311,-0.4804480787133515
703,4,0.4860557349315209,3.835666292886229,-69.1700028932388,-0.4068823699602282
703,5,0.3087677132813317,2.973828759985829,-39.118704202308834,-0.2444919012644302
703,6,0.5431531802962132,4.028550916970299,-90.2353176473051,-0.4724362180487177
703,7,0.1452540194619571,0.6539529963605848,-11.576557284783298,-0.0832845847826136
704,0,1.3146166525292595,7.95046012815495,-167.9022881322888,-1.2530021502409612
704,1,0.1273477867238481,0.5581624387355216,-10.404053950405498,-0.0737876166695425
704,2,0.3200592410875701,1.4090612437945744,-32.38086092613902,-0.256990959731262
704,3,0.8458706035238994,5.180616791833745,-135.3716661338011,-0.7963039184341242
704,4,0.2044453497541098,0.8865935263692496,-20.268403959266127,-0.1228388118743401
704,5,0.1564495391857922,0.548995815194252,-16.546939382209583,-0.0962031359430789
704,6,0.5017505772821331,3.2808826748597286,-87.84651911748968,-0.4392325955874483
704,7,0.1161701547579307,0.4129174239432366,-9.216961019063032,-0.059850396227682
705,0,1.1535804218906105,6.53620967321025,-144.2129316183707,-1.092522209230081
705,1,0.252903930581151,1.7457315379793763,-27.633021439143445,-0.1987987153895211
705,2,0.3650544735115722,2.231333874434013,-33.61062250574726,-0.2948300219802391
705,3,0.4665159254728133,2.6802473767763746,-66.52839333280444,-0.4158024583300277
705,4,0.274322398679801,0.9360164974563246,-30.503520123103645,-0.1906470007693977
705,5,0.1665070281680894,0.725716525166681,-14.285332933908672,-0.0965225198237072
705,6,0.6305683856740022,5.834506668267355,-114.29054597400123,-0.5714527298700063
705,7,0.1324346537626317,0.5459000344790569,-11.507609204543272,-0.0757079552930478
706,0,1.3808478055514946,7.799830967956253,-178.48092431568438,-1.3220809208569213
706,1,0.1547311219195456,0.6835223328382574,-10.564775061371243,-0.0902972227467627
706,2,0.3231355200480164,2.9797045789190904,-38.528730364012056,-0.2675606275278614
706,3,0.6557329529508414,4.692102689104906,-97.2351332042817,-0.6039449267346689
706,4,0.2809582286957518,0.9266690344443076,-31.0440379660286,-0.1964812529495481
706,5,0.2465500770842367,1.2468549074485855,-26.24021724991221,-0.1772987652021095
706,6,0.3398387399153721,2.5808844602488583,-54.70204118627188,-0.2735102059313594
706,7,0.1713846570128615,1.447476537594361,-16.643860823128296,-0.1124585190751912
707,0,0.901977798602916,4.748367289514955,-98.71967339447713,-0.8366074016481112
707,1,0.214293887198674,0.9024032738363008,-18.86685488338931,-0.153389064092596
707,2,0.4451616874355296,3.496226405721309,-50.92302809468171,-0.3857805158688008
707,3,0.8793440441261507,6.023464939315773,-139.24663944263494,-0.8288490443013985
707,4,0.2588333116972971,1.0027378202210164,-27.673095792933207,-0.1740446276285107
707,5,0.2256285632950403,1.8910541690577167,-21.35410077707296,-0.1525292912648068
707,6,0.3720173294643416,2.6606226354022224,-61.89027421176321,-0.309451371058816
707,7,0.1298893039324895,0.7769292308004727,-12.729640674057014,-0.0776197602076647
708,0,0.9119995460244508,4.94986789158301,-103.49539112036472,-0.8483228780357764
708,1,0.117249533220895,0.58935570010346,-8.414148482506778,-0.0614171422080786
708,2,0.4501016878839981,2.206670434305244,-51.93461472253346,-0.3904858249814545
708,3,0.6574735933337807,4.263072549539031,-98.17838703243878,-0.6060394261261653
708,4,0.3262117910339838,1.847598828092096,-37.93056923424321,-0.2415959823837147
708,5,0.2238866689984111,1.3970109979642964,-23.09264562116969,-0.1549841987997966
708,6,0.6351096854721637,4.302307892815646,-114.2414128899357,-0.5712070644496785
708,7,0.2530151813844624,1.7976898674770427,-30.169194606473813,-0.197184278473685
709,0,0.8597589146508424,4.655719810565625,-101.2868592120266,-0.7975343245041464
709,1,0.1399333334013223,0.5499033974698087,-12.716736480411154,-0.0877016308993872
709,2,0.5496475658417108,3.656612326027924,-68.35031508596545,-0.4917288855105428
709,3,0.5438544130754643,3.2641640378365784,-82.50930886934695,-0.4940677177805206
709,4,0.3345104046518879,1.7920697342921963,-38.61022607486998,-0.2490982327410966
709,5,0.2668729283865519,1.4660073352724723,-31.10613059622489,-0.2006847135240315
709,6,0.8661426206608129,3.5960242993196294,-160.39340647961023,-0.8019670323980512
709,7,0.2328367277251514,1.3607820091270708,-23.122069495792875,-0.1700152168808299
710,0,1.1540171430935229,6.547765918212827,-144.394269846743,-1.093895983687447
710,1,0.1460650753290029,0.6445465353617893,-11.655065551966468,-0.0882959511512611
710,2,6.407213616131708,27.624823737565524,-1269.2908719947875,-6.346454359973938
710,3,0.5493571362602665,3.314931945648389,-85.65839798977598,-0.5009263040337777
710,4,0.4154239998905329,2.4200961533545358,-56.049706867252034,-0.3356269872290541
710,5,0.1900136466610202,0.732155346103128,-21.60799252608847,-0.1286190031314789
710,6,0.6652610833211086,6.635605355712504,-119.82821170149556,-0.5991410585074778
710,7,0.1520528116764504,0.5691390058544873,-12.245549927965042,-0.0893835761165331
711,0,1.411171507268722,7.1830908162453335,-192.08239971970892,-1.3526929557725982
711,1,0.1858637491599356,0.8556298840943504,-13.617345028242886,-0.1194503949845867
711,2,1.1090892296019064,7.374534546232681,-139.2935489159666,-1.047319916661403
711,3,0.7277001407684458,3.740231019448566,-114.47569293484626,-0.6773709641115163
711,4,0.3381612761189261,1.5853644603444657,-42.80811159728618,-0.2578801903450974
711,5,0.2045026446075764,1.003840556312265,-21.39758071181885,-0.1380489078181861
711,6,0.5230750529841677,3.23075564718357,-91.29926843339004,-0.4564963421669501
711,7,0.1826171389738493,1.472939667703818,-16.090743770204927,-0.1191906945941105
712,0,0.7262485143117449,4.014598191739911,-87.39747259843335,-0.6671562793773539
712,1,0.3029045532630913,1.9246754799784325,-28.307227635364768,-0.2398917596217353
712,2,1.2331788850806082,7.537422770941546,-146.94022846938412,-1.1661922894395564
712,3,0.4690374002228279,2.942343297171656,-72.02157202680134,-0.421178783782464
712,4,0.3581975623622101,1.2970791305845029,-39.28469679690344,-0.2672428353530846
712,5,0.2416729558568637,2.0070325695516558,-31.490176598272967,-0.1820241421865489
712,6,0.4057902701137208,3.2727476166818925,-67.80487861346465,-0.3390243930673232
712,7,0.1479299997385116,1.6590747311338556,-16.424033076456915,-0.0971836276713427
713,0,0.6597392752874766,4.225552704092938,-77.424231509596,-0.600187841159659
713,1,0.2889955701594069,2.618455855552817,-25.705309006741683,-0.2235244261455798
713,2,0.7066307424577498,3.5860717327015887,-85.12504676216737,-0.6448867178952074
713,3,0.4138337748123716,2.479769487201872,-67.97454458812902,-0.3694268727615707
713,4,0.2278872018968367,1.0194931605456532,-25.294112199987897,-0.1487888952940464
713,5,0.2546779493213858,2.5628252893213173,-30.655103920667408,-0.1904043721780584
713,6,0.5784857635763039,4.453238826770649,-98.61280447213676,-0.508313425114107
713,7,0.1407258160998162,0.4986432440226871,-12.09668883505463,-0.0822904002384668
714,0,0.9074199516117066,4.337086093933936,-102.10588426109466,-0.8438502831495426
714,1,0.2419830318912518,1.1186501582138615,-20.96390615831288,-0.1776602216806176
714,2,0.5371114827074221,2.1273970148407555,-64.05000671609858,-0.4779851247470043
714,3,0.5342744752576093,3.82281003964022,-89.45484410702615,-0.4888242847378478
714,4,0.3856117749054424,1.621126996560592,-45.388234520582856,-0.2986068060564661
714,5,0.3056123891068161,1.6081186364964155,-36.83390322941976,-0.239181189801427
714,6,0.3978321423966839,3.1556988766570875,-69.08257072605896,-0.3454128536302948
714,7,0.125619855583561,0.3597621737082936,-9.061664334794257,-0.0642671229418032
715,0,1.1064372880538396,5.539712728168194,-141.34342212427606,-1.0469883120316743
715,1,0.2198570175831568,1.4326058447354544,-20.165140603529167,-0.1600407984407076
715,2,0.629665179669777,3.407294770926284,-75.03316867715114,-0.5684330960390238
715,3,0.93356528491484,6.87750576486667,-148.26505589672388,-0.8825300946233564
715,4,0.3013661515470413,1.5996729291533496,-36.74526958196616,-0.2213570456744949
715,5,0.2251319602079577,1.852816240673321,-28.63237465423196,-0.1655050558048089
715,6,0.388969277363637,2.323021537141142,-66.14107632123093,-0.3307053816061546
715,7,0.1554459060123781,0.5831859510915486,-12.39068557301184,-0.091782856096384
716,0,0.9083869630616852,5.313451281596368,-110.25647235892852,-0.8481267104532965
716,1,0.2025639103377227,1.5649018098315697,-21.00455979058785,-0.1489685091531053
716,2,0.6611924459484215,3.961169975507125,-83.02017244179457,-0.6015954524767723
716,3,0.4903388435819369,3.457613825128559,-79.53433738483866,-0.4443259071778696
716,4,0.3483430755106259,1.5176872150776757,-44.92364960326781,-0.269003889839927
716,5,0.2612795121779628,2.3007574759529628,-34.086259966475275,-0.2005074115675016
716,6,0.4346787958374595,3.27057253018039,-73.94948457651643,-0.3697474228825821
716,7,0.2070743112843522,1.6233936392285546,-20.453202169036413,-0.1460943012074029
717,0,0.7618712714454207,5.199618137615327,-96.72906352170584,-0.7060515585525975
717,1,0.295616408479739,2.201306892661935,-32.99125534604571,-0.2408120828178519
717,2,0.4549707740800955,1.897157702789766,-44.77700267193296,-0.38600864372356
717,3,0.4673288072150942,3.016111036166715,-71.67928954834326,-0.4191771318616565
717,4,0.2999057646859278,1.1768757121366626,-34.58236596879739,-0.2161397873049836
717,5,0.3168392765053433,1.7777337967407592,-41.6168581691564,-0.2537613302997341
717,6,0.4667745528076358,3.445903539877254,-81.38122600138782,-0.4069061300069391
717,7,0.1622244548671367,0.8836264198340522,-14.27879512009192,-0.1012680504971058
718,0,0.7717569497059252,6.240160867900299,-94.20929437027586,-0.7137067755323928
718,1,0.1104112972698927,0.4858307826844057,-7.414038203226696,-0.0545149867884315
718,2,0.4416039695992467,2.572999434976272,-44.51517873502959,-0.3740771322271394
718,3,0.4015196199119653,2.302833151114939,-60.15798598731167,-0.3538705058077157
718,4,0.2745766452984354,1.210731831493005,-27.63480813693566,-0.1854685109861453
718,5,0.3161335055750973,1.4983769869292172,-38.65595132069067,-0.2493932343270365
718,6,0.4217422295280322,2.576904357750214,-71.29705298713726,-0.3564852649356863
718,7,0.217515806918933,1.364411802420719,-21.63801243139146,-0.1556691541826723
719,0,0.8775956084148172,6.586968535618506,-110.72790715731226,-0.8202067196837945
719,1,0.200641380769908,1.0333715184227594,-17.274526986041938,-0.1393107015003382
719,2,0.5999124957994981,3.5390297463764937,-72.97695698014714,-0.5405700517047936
719,3,0.4073999295624404,3.2252382104071637,-59.52784551770585,-0.3586014790223243
719,4,0.2752974771101614,1.4424336672052502,-33.40583648525604,-0.1965049205015061
719,5,0.4530108721408051,3.677673988889077,-60.28030329274782,-0.3864122005945373
719,6,0.2687472657837229,2.288467006212646,-42.06586322111353,-0.2103293161055676
719,7,0.1633418061357621,1.4869601867065283,-19.64733309504872,-0.1135683993933452
720,0,0.6918079262505296,3.973998122965822,-84.27490457486849,-0.6336458990591616
720,1,0.1699580021230851,1.2667245164631695,-16.412444743643803,-0.1164003173308071
720,2,0.3784636276908084,2.1066336373993924,-42.74043152906357,-0.318958444246743
720,3,0.3781737757791119,4.070394178723127,-62.56938058817416,-0.3345956181185783
720,4,0.318980982169903,2.954180132775004,-42.14684353076255,-0.2422232386825434
720,5,0.1860433069531173,1.2294106004784382,-19.597508537595363,-0.1217236555130146
720,6,0.3349331603613544,2.471336413884228,-51.31076913044623,-0.2644885006724032
720,7,0.2208359667034401,1.0267980024926189,-20.740729504073578,-0.1559453346170945
721,0,0.6604469964173421,3.691124863661833,-78.16197357478777,-0.6012459505752905
721,1,0.2237187340979353,0.7858247796716824,-17.27283949144879,-0.1556111665896287
721,2,0.2759042402909933,1.5519883328359196,-27.42031839740468,-0.214221237479724
721,3,0.3661028556346934,2.6878354459460736,-55.96685174970172,-0.3198105814268669
721,4,0.3254300943682287,1.178708745379491,-35.848385655615495,-0.2374065275206324
721,5,0.2662267115515724,2.500722126757501,-36.265029465434594,-0.2072287398024834
721,6,0.4753373291907876,3.058137415392689,-81.4588520866174,-0.407294260433087
721,7,0.2628287201734606,1.5278067747998991,-30.831801931372905,-0.2055453462091526
722,0,0.8167405572165178,5.142828029323328,-101.59939667896026,-0.7582044528280617
722,1,0.1717981729622722,1.4313788145088284,-14.042050914135416,-0.1114448485248842
722,2,0.3882937849938104,2.629463937568327,-40.92521007458869,-0.3248032545602277
722,3,0.325530005152046,2.9630642206319937,-57.31043274748705,-0.2865521637374352
722,4,0.3067588516996015,1.9956838510599355,-37.65078255205659,-0.2268119430846782
722,5,0.1385006284942121,0.7730160444771401,-15.049894824183458,-0.0817929066531709
722,6,0.4033017710247976,2.251021855117562,-60.72688169402481,-0.3300374005110044
722,7,0.3005056315074569,1.1638406703492097,-32.36889652326485,-0.2380065920828298
723,0,0.9627572281185256,5.730021823166778,-120.12410918012569,-0.9031887908280126
723,1,0.1154050769251657,0.4422897278881647,-10.583609885495834,-0.0669848726930116
723,2,0.4345479355168782,2.3167553214834,-47.64360579087366,-0.3722156702412004
723,3,0.3851548579914479,2.111011621865704,-60.4497997426166,-0.3396056165315539
723,4,0.4561837992115118,1.9231227132000008,-62.52959381053456,-0.3766843000634612
723,5,0.1451512155024392,0.6336172435427544,-13.350472439466213,-0.0819047388924307
723,6,0.5520610643548832,4.799684097695276,-97.579710199568,-0.4878985509978399
723,7,0.134315693062214,0.7940403436116369,-11.77938562796752,-0.0774959580787336
724,0,0.658155835204237,3.711165293383748,-89.68284201274521,-0.6059651487347649
724,1,0.1792628154132374,0.7232103300355597,-14.813904266030674,-0.1185112341282454
724,2,0.2611393648810021,1.1113571929248949,-24.445886000423503,-0.1971442419388992
724,3,0.4392807304718824,4.00401696840025,-70.43498514685042,-0.3934915371332426
724,4,0.3089539713998339,1.1488713318385166,-34.16413299984496,-0.2218450194795127
724,5,0.2240994932259563,1.066544300472779,-25.07731533145729,-0.1587171856421347
724,6,0.359921517584844,2.101756856325113,-58.52701938113397,-0.2926350969056698
724,7,0.2472910839567399,1.573770517855767,-24.548421316585777,-0.1831971740043714
725,0,0.9144502239454688,4.613082605210921,-117.3746013105322,-0.8567489146754174
725,1,0.1985820345530296,0.5659151336035606,-14.825319505705137,-0.1311975177496029
725,2,0.2939844039800492,2.373971108907386,-31.14468325732453,-0.2341705508069513
725,3,0.7478171817568868,4.665010198705318,-128.29098166150334,-0.7010436156366303
725,4,0.3254669645272509,1.389159832926731,-36.48762105337168,-0.2384811833553704
725,5,0.1984372892120547,1.4090599211170352,-25.35177092028372,-0.140843171779354
725,6,0.7262902331176698,5.731885464061456,-131.87369882946584,-0.6593684941473292
725,7,0.1317580049573281,0.5269495003073514,-10.387632667628475,-0.0716388459836446
726,0,0.8186764465082976,4.543387594912209,-107.56319557633844,-0.7628595430945989
726,1,0.1952733612031748,0.7301023017330643,-14.315397882597502,-0.1278160525231919
726,2,0.3377272438271302,1.3420316832264083,-34.90588496990517,-0.2748494879520092
726,3,0.2902647864913349,2.7579347294651044,-45.03922309260132,-0.2461159731836137
726,4,0.3210471866396669,1.685686222677622,-35.845611482007506,-0.2342850423660621
726,5,0.2111935154881141,1.307971341806189,-23.734625613478343,-0.1474200348663251
726,6,0.4373690790691369,3.025633060180701,-69.5309300474695,-0.3659522634077342
726,7,0.1538051587772504,0.530233725328098,-11.63456908897354,-0.0881406749164662
727,0,0.94975779665404,6.922585731430334,-120.27387725566592,-0.8909176093012291
727,1,0.1620296914433855,0.5175499610438324,-11.216601464470957,-0.0966948402109565
727,2,0.3062603313239042,1.183089962210918,-31.068965457846087,-0.2446375232901266
727,3,0.6061672384233016,6.074315121319036,-102.66886804531482,-0.5610320658213925
727,4,0.1832826316704864,0.7313887620489485,-20.098983576651086,-0.1098305113478201
727,5,0.2383384656155497,2.025210564953808,-28.769020296786604,-0.1754208554682109
727,6,0.4662210459285992,3.282066448964896,-77.74402208694443,-0.3966531739129817
727,7,0.1602045215909489,0.5988761772302911,-12.55799400359145,-0.0951363182090261
728,0,0.8328890844396553,4.161508653337774,-105.4303464185115,-0.7752231354302317
728,1,0.1283716497570219,0.6725672937887595,-9.703110770966465,-0.0718748945997515
728,2,0.2698755408764055,1.1127711198994197,-26.53893267989217,-0.2073354115616575
728,3,0.3848613840910801,2.234247630690421,-60.70198093546287,-0.3391172119299602
728,4,0.3795215597973921,2.626883816869585,-45.12025929443476,-0.2929886967171088
728,5,0.1811952549484824,0.6261843208561808,-18.20525791770132,-0.1152231513778564
728,6,0.4132463245976531,3.5334325990026016,-67.82852476444955,-0.3443072323068505
728,7,0.136768353871223,0.5408631938781999,-12.97147204012632,-0.0820979243045969
729,0,0.6323138663709184,3.201651372750101,-78.36679422948029,-0.5762264281579433
729,1,0.1666806125295395,0.9586854256794668,-12.91987595373182,-0.1050396419002587
729,2,0.3862644241960453,1.9345647776593595,-43.070495124793,-0.3262916297332803
729,3,0.3681908944238787,2.930361275557169,-59.233587999524055,-0.3236808087405686
729,4,0.3890052948115206,2.090257621893309,-50.63454658661168,-0.3087472352842176
729,5,0.2096880357933992,0.9169323463942513,-24.748846452441075,-0.1481966853439585
729,6,0.4574711374997847,3.853363098956295,-70.52580916745501,-0.3832924411274728
729,7,0.2450001102631679,1.174098997188209,-23.06200033032235,-0.1787751963590879
730,0,0.8702760492850571,4.576492424998316,-110.60300851253643,-0.8132574155333563
730,1,0.1551375245089594,0.4860898018841341,-12.726396743651424,-0.0971480667454307
730,2,0.4005767150134135,2.2506415589901505,-44.87257815875882,-0.3399437739299911
730,3,0.5909593578331315,3.702869570777243,-97.39757599584472,-0.5441205362896354
730,4,0.313694184064245,0.9701543471862468,-33.83538188622089,-0.2255692125748059
730,5,0.1772957640374615,0.9157241601377412,-18.90963166275316,-0.11460382825911
730,6,0.324318506931075,1.5770404703685863,-52.044968470902745,-0.2602248423545137
730,7,0.2039281206729909,0.8342274112925562,-19.60135448269552,-0.1420388005992428
731,0,0.8480610671140967,4.8779682107367535,-100.80707729210596,-0.7875552913445778
731,1,0.1137686664135491,0.4987255275947243,-8.398684558500058,-0.0595651387127663
731,2,0.5552273784497724,3.762933576094212,-66.83439812893204,-0.4950696157698669
731,3,0.4594722127074561,2.3278647736946745,-68.50297571010525,-0.4101974593419475
731,4,0.2797158395044952,1.256250846180384,-30.624410921998564,-0.1950599421783348
731,5,0.1942414736956638,0.929024378860138,-24.23032145861114,-0.1361254014528715
731,6,0.4297572907756584,4.4034984682277125,-73.0266513125175,-0.3651332565625875
731,7,0.2273576098698454,1.7612171133248995,-26.26694956723259,-0.1716794089361607
732,0,1.1647260753630273,8.264634514627462,-144.5496184059165,-1.1034322015718818
732,1,0.2291981089553702,1.677426221904976,-22.474450136046453,-0.1715606880614233
732,2,0.388223823587128,2.1251476858870677,-42.93036532322862,-0.3277127123910581
732,3,0.4323688834186854,2.550535265197144,-61.47073067662158,-0.381805780600134
732,4,0.2565016634991776,1.3932855931412909,-28.7209280664264,-0.1751276101611366
732,5,0.1439587652214862,1.0334025121179056,-14.51269529145686,-0.083888412089346
732,6,0.4100919319129001,2.5555909158534504,-70.21256962181896,-0.3510628481090947
732,7,0.125636830624793,0.4657189138066385,-8.111346695812173,-0.060532438028449
733,0,1.072271344706212,6.217440333028472,-147.4269751757594,-1.016737759832823
733,1,0.1210517835114256,0.5038930254902035,-9.2534213937711,-0.066571376933605
733,2,0.2870832325355435,0.9896148721892676,-25.59288392026581,-0.2187425976091094
733,3,0.5521078454559544,2.955444792517815,-86.06174066147051,-0.5032850331080146
733,4,0.2717390267239843,2.002284565180292,-32.80660232742453,-0.1929800136907325
733,5,0.1314421874571075,0.4462184352470525,-10.55301012905928,-0.0659563133066205
733,6,0.3967891376241245,2.589015178199764,-65.62734940515126,-0.3297856754027701
733,7,0.1943149324529657,1.1779356180816192,-17.36503638438385,-0.1295898237640586
734,0,1.1898119196326316,6.1846674673832265,-159.80961005272394,-1.1334014897356308
734,1,0.222734917040034,1.0200125382966867,-18.639591533168154,-0.1593127481467363
734,2,0.3226616927003488,1.7586500778853538,-31.706852845634668,-0.2577792914279241
734,3,0.7469611222260569,4.648911579243803,-125.23633001932464,-0.6996443017839367
734,4,0.3155426875989106,1.2108321387700378,-36.47495059013385,-0.230854117659075
734,5,0.1458271609430523,0.5065754541755857,-12.972138443540684,-0.0810758652721292
734,6,0.4277062686070932,2.7094957633353216,-73.20098718497928,-0.3660049359248964
734,7,0.1605539744955497,0.8593976458354361,-13.979563273179986,-0.0991458388168793
735,0,0.672097077523459,4.763495087200188,-82.36841340434219,-0.6146896522712104
735,1,0.242101011477162,1.44461865728866,-22.559301783919413,-0.1819298530961243
735,2,0.3572452738974792,1.5545887878602849,-33.506404572936056,-0.2888483152839315
735,3,0.600989930878397,4.075461450712196,-94.45458031052658,-0.5523659667282256
735,4,0.2294411528363642,1.1542592051615723,-23.09781913550644,-0.1452693027390342
735,5,0.2301444575133119,1.709651972127605,-28.05191399932923,-0.1679755329301151
735,6,0.2554866337162239,1.244547768804754,-39.64183872487755,-0.1982091936243877
735,7,0.1481666636333964,0.6142028639848311,-12.12355690447484,-0.0865968350319631
736,0,0.7989372347439924,5.841888835777239,-104.0402664877759,-0.7431447606269707
736,1,0.2584552125557176,1.9937456695551996,-27.84046190553729,-0.2032150504053816
736,2,0.4601700273079659,2.4796483804472595,-47.26831100152301,-0.3939025916793584
736,3,0.7303749747160664,4.095041215172733,-115.07366367690616,-0.6809092525260719
736,4,0.5113275814527194,5.857536035625327,-73.92639991198426,-0.4323181281402588
736,5,0.2340389377891757,1.889232486995833,-27.85545845672154,-0.1708923831700708
736,6,0.3691670949372651,1.873026321856201,-61.23410801409904,-0.3061705400704952
736,7,0.180768523344129,1.024027716415056,-19.052673436194816,-0.1245272773607504
737,0,0.6171442821055535,3.697435651790843,-74.42827254981856,-0.5596110718031471
737,1,0.3421550049081849,1.8223494768837143,-34.57844213920483,-0.2811255458471937
737,2,0.6002000956132559,3.20238356370272,-69.27650966150316,-0.537027206678319
737,3,0.6523015161724677,3.9362301178450654,-101.88449543375704,-0.6028668368861363
737,4,0.2038125456505874,0.9239546651347884,-18.898194843488312,-0.1196088281233437
737,5,0.2684082490131986,1.5131241839089948,-34.25691279255162,-0.2063669445334434
737,6,0.2897514935962014,1.9983053859255475,-45.11863124846545,-0.2255931562423272
737,7,0.3489048551605397,2.5915106860618566,-42.30421391583644,-0.2897548898344961
738,0,0.82399231316161,5.77551033536101,-96.0945111879978,-0.7626548506983953
738,1,0.3000250862886636,2.2088710430973464,-36.54894902942381,-0.2486323063226109
738,2,0.4693798818532244,2.6665589997081787,-53.00775169176937,-0.4077519360905336
738,3,0.7009387483609298,4.763155066660985,-110.06550461230104,-0.6512751752207163
738,4,0.2695272874273403,1.5871601923168928,-30.09939108064501,-0.1869527396313354
738,5,0.2485762503973722,1.136946601000433,-31.676200051796307,-0.1874331364011615
738,6,0.5224206569326095,4.488607296493863,-92.37909128648802,-0.4618954564324401
738,7,0.1207399498065986,0.3606258878204102,-15.94424321084077,-0.0797212160542038
739,0,1.0540692606376496,6.273847184904183,-135.39629711376145,-0.9955610081894224
739,1,0.1682151248151669,1.1399058485825582,-15.872500738578728,-0.1141906527955304
739,2,0.7036443198659814,5.23019190863643,-81.8510155772539,-0.6394610591972961
739,3,0.8664094257324865,4.341099105861678,-139.73096496283097,-0.8171401459814677
739,4,0.2802387095938219,0.954098554194952,-28.937374451023853,-0.1916382413975089
739,5,0.3065509780423951,2.895849869660374,-43.0901802292761,-0.2476447139613569
739,6,0.324928095036923,1.947401234476692,-52.52296137218747,-0.2626148068609373
739,7,0.1598589696789569,0.9812130229943864,-19.47756112803101,-0.1106679609547216
740,0,0.7254120849898746,3.163301429725325,-86.59119572979455,-0.6660861209984196
740,1,0.1330548096553754,0.5913915917165696,-10.341919268839543,-0.0766068093988114
740,2,0.2976525996909134,1.5954420805127103,-34.51176506551124,-0.243040599052896
740,3,0.570556830447985,4.219241130629049,-99.40792431042038,-0.5259678534942878
740,4,0.2855635373420675,1.6400105097234583,-31.90586719380421,-0.2019358683152165
740,5,0.2245865328579595,2.630364668388586,-34.37621227621371,-0.1727447853076065
740,6,0.3979962808856936,2.107789787971484,-65.7331875782181,-0.3303175255186839
740,7,0.1761035318704789,0.8773317756992565,-18.75205001493442,-0.1209809678382865
741,0,0.88562715260174,6.083328853060211,-109.91052080895916,-0.8263948933004447
741,1,0.2102721158226485,1.1613707035933043,-17.0979614988915,-0.1461364230674487
741,2,0.3027215576755814,1.6050291199775713,-27.51539313100941,-0.2351743002650377
741,3,0.6142304352033152,3.385683835951944,-100.94154476754773,-0.5670873301547625
741,4,0.264785100957691,1.2673506918024997,-29.451810359695216,-0.1818012985166371
741,5,0.2414779512681663,1.3155621784054732,-25.07532549360645,-0.171748804750729
741,6,0.5948059971030702,5.018075288297092,-104.05462805683324,-0.5255284245294608
741,7,4.547780673474651,23.343727567932163,-897.9746292003358,-4.489873146001679
742,0,1.0168447916794543,6.425314023797324,-136.34431200679117,-0.9601712113154308
742,1,0.2090497386765926,1.0718471972886985,-17.295445527780767,-0.1453398783847123
742,2,0.2485005869159381,1.8926897585673383,-23.134791994125457,-0.1850783359530036
742,3,0.4641317838064822,4.019320966815666,-72.54702517166983,-0.4169369262739645
742,4,0.2942850290239494,1.288583672176513,-31.41256918891853,-0.2066616394007798
742,5,0.2765776690506223,1.959107212632967,-32.93004373625402,-0.2110900239503463
742,6,0.4895756127334261,2.767622661220265,-83.888942968983,-0.4215524772310703
742,7,0.2985220391484238,2.4018085459299225,-31.947238437025568,-0.2349061649781292
743,0,1.3311226496890125,7.349965580092571,-166.2150018581913,-1.2688168080777962
743,1,0.2029613695601099,1.0336841975018554,-18.41954635451836,-0.1439027058946747
743,2,0.4531627187786167,2.5607743214109746,-46.47708731027137,-0.3873090609189281
743,3,0.4773035975356096,3.90942439711966,-74.80769666890252,-0.4299292912005892
743,4,0.2827722479327838,1.6937845825838145,-30.854735347990463,-0.1977867650512209
743,5,0.1798614764067213,0.8883642976707602,-18.8321914594128,-0.116248095428474
743,6,0.6040237132799828,6.039780080553415,-99.99907662235088,-0.5319099820337813
743,7,0.1624175507764798,0.4826881393487375,-13.24834545550731,-0.0981358922630171
744,0,0.9955397180387484,5.561927768074567,-120.5653823796303,-0.9346153672839558
744,1,0.1542217629114632,0.5298457834826698,-13.188247519964706,-0.0976907223701089
744,2,0.2170403041109443,1.5304938550562268,-22.043435302619248,-0.1597350384247771
744,3,0.5626117327145262,2.377983262369138,-88.47638299218148,-0.5143975755359389
744,4,0.3708667807018491,2.126894549024262,-44.976786343849554,-0.2864763461391691
744,5,0.2157765689549923,1.0466007696308328,-23.39813032609693,-0.1499880149108777
744,6,0.6420438084663442,5.210213065799063,-115.15622223244856,-0.5757811111622427
744,7,0.1666020390484437,0.7254792368606673,-13.707974196131271,-0.102298314896502
745,0,0.7840420883709267,4.989250499644539,-94.224614975009,-0.7248047305769922
745,1,0.3011125757861272,2.972730769257361,-33.12993146522145,-0.2454068997423811
745,2,0.3101570014485462,1.3359239824196074,-31.45551921004181,-0.2476812536223765
745,3,0.4209951749172226,3.671699898823933,-67.24302521065646,-0.3756593587187511
745,4,0.285781696701244,1.986245663347712,-36.140942268706375,-0.2089071807439675
745,5,0.223320829836291,1.431860354696178,-25.92014278523916,-0.1600008813903652
745,6,0.4712601062614324,2.854543299854561,-76.9471014544992,-0.40076615340885
745,7,0.2029326073403244,1.0048588957230589,-17.45715393633542,-0.1353267747002745
746,0,0.3997837727975571,1.8630247194508391,-39.42754088202671,-0.3369875289062112
746,1,0.3057401496929993,1.2126826487586009,-24.507001218261795,-0.2334000116024933
746,2,0.4365008238905245,2.7995203437286023,-47.88416365127804,-0.3740950285256096
746,3,0.5190164202704738,2.8521205003520005,-80.48327089504444,-0.4706624028949967
746,4,0.3501568228595991,3.339641484758737,-47.19642875744797,-0.2728117269216645
746,5,0.1524527079306299,0.5535906026007343,-15.90295908813206,-0.092459064465884
746,6,0.527276704283783,3.530438158355316,-84.37983585460897,-0.4536550314763923
746,7,0.2911496614495689,1.2250840719595044,-27.728583381221583,-0.2218286670497727
747,0,0.5650025737048545,3.2263494336931133,-65.8676980159387,-0.5066746001226053
747,1,0.1441562570750249,0.5706550672722192,-10.14656512473469,-0.0824923993880869
747,2,0.291804935432255,1.3250220697460748,-27.325040161742493,-0.2258267781962189
747,3,0.2856856007550037,2.2950988207222807,-45.64177175145396,-0.2427753816566699
747,4,0.3137765892726367,2.076540633842315,-36.9549165327747,-0.2309682283298419
747,5,0.2633836494338348,1.4920093901446665,-32.89431206033533,-0.20057507353863
747,6,0.5213558028371799,3.4251523227772385,-77.84238053530966,-0.4448136030589123
747,7,0.3748586826102444,3.841347602562892,-44.58573592040264,-0.3139840557774834
748,0,0.7812782718708018,4.6139681604362055,-96.1716285886832,-0.7230949517946105
748,1,0.2634912890997972,1.6539151480819858,-27.760433238215956,-0.2071674122254921
748,2,0.3859513211270504,1.4683557635122757,-36.10835492939552,-0.3167399555210133
748,3,0.2461913144257397,1.5461765374059646,-41.36037145271485,-0.2068018572635742
748,4,0.2264620831298242,0.954145520475128,-22.862471082967424,-0.1428904442685464
748,5,0.2248000049757186,1.1494713230992166,-25.69213560236189,-0.1605758475147618
748,6,0.5405468621176148,2.902810184212936,-94.17428443651995,-0.4732376102337687
748,7,0.354700759779231,1.8934584971553416,-37.531541370486,-0.2887041643883538
749,0,1.1680080506611992,6.914209989553294,-151.98649315605198,-1.10939046099308
749,1,0.2446251064168416,1.7114705661284806,-22.817679498558174,-0.1840135443432111
749,2,0.557310734023403,3.8437824395540168,-64.49363963222164,-0.4961049202478588
749,3,0.2639795410331629,2.298788156995801,-41.299605224231925,-0.2208535038728979
749,4,0.1760328597560332,0.8157896059341105,-19.55887172113058,-0.1045928969044416
749,5,0.2495175650511718,1.802918700262119,-33.578312801217365,-0.190785868188735
749,6,0.6855775404192034,6.246045330354718,-120.10578802776364,-0.6159271180910956
749,7,0.3375704051477414,1.9096858325405013,-38.99041460412261,-0.2765277631498057
750,0,0.9089567046327988,5.833934355597347,-111.16391969885728,-0.8485795396859334
750,1,0.1768118982645817,0.7811029377602737,-13.82884970936094,-0.1142880141269499
750,2,0.2567595681612321,1.3205261233579737,-23.434604611994,-0.1920869230491311
750,3,0.4571856826021987,3.3513086530912166,-72.24667751160436,-0.4104924858613884
750,4,0.3060058992448889,1.5305755198513051,-37.55127804764356,-0.2262125183592985
750,5,0.2921482356823097,2.434342145389592,-35.65987643763061,-0.2271329709403223
750,6,0.4770967642135423,3.573161600525303,-76.0428520823759,-0.4044832557573186
750,7,0.2603625437758818,1.7112070679675402,-24.8840465623498,-0.1928995857546496
751,0,0.8611565642216071,4.59333508449714,-101.64526039327916,-0.8003563810494423
751,1,0.1487512859410965,0.6318809345992148,-12.90235747433164,-0.0941777917834426
751,2,0.3765043464405959,2.3143845822445623,-43.99011144477933,-0.3187689235128937
751,3,0.6295938004455277,4.315852428697528,-91.86933260345398,-0.5777945446758113
751,4,0.3392267080208585,1.6882369542593822,-42.83729529066192,-0.2596199714585571
751,5,0.2037308847284149,1.3155489189992216,-23.37392722932074,-0.1416601650261863
751,6,0.4160520322460952,2.718808616988801,-65.52598406838119,-0.344873600359901
751,7,0.215086691785671,1.6467380788982555,-25.24547079546212,-0.16079917704116
752,0,0.9330124364543048,5.841479987759778,-113.50523811034958,-0.8731172162334583
752,1,0.2179917325369319,1.4592799705268682,-21.712529634934008,-0.1620338032457761
752,2,0.4038469242409288,2.106188685622217,-44.479639183821135,-0.3421510706447779
752,3,0.2883390061711089,2.2890541026262774,-42.6946808268798,-0.2425834137890897
752,4,0.3606557809443863,2.673324313650891,-49.11608094849333,-0.2839079823612331
752,5,0.2250680838696365,0.8468398096322461,-21.3077861050024,-0.1521984721785885
752,6,0.4904036813828875,2.92051059537348,-84.80323205535751,-0.4240161602767875
752,7,0.1264287415283903,0.5113814365033418,-13.28444195002399,-0.0767886817920461
753,0,0.8969108714320104,5.37434815252057,-112.42570587114987,-0.8389978050085812
753,1,0.2055563460301156,1.526826573085411,-19.97299580686772,-0.1490522075139382
753,2,0.2473996326273267,1.3522594387820723,-26.16491232684484,-0.1896008139626437
753,3,0.3906057976075722,2.0826720184403773,-55.604651869890695,-0.3411328335576116
753,4,0.276777487957642,1.0356389745161398,-29.701891025323945,-0.1916251033891867
753,5,0.218993388406541,0.8447316037290419,-21.68705695086968,-0.1485414859648608
753,6,0.4861747962457982,3.76370589552536,-84.56013616357492,-0.4228006808178746
753,7,0.2446130445658819,1.4601682660002917,-33.23937793955217,-0.194382327131884
754,0,0.6726814059881682,3.5121466036623024,-77.12556940981307,-0.6121076937286751
754,1,0.1573499124322807,0.6483979271946174,-12.251876065001827,-0.0972371116269986
754,2,0.5022474715567553,4.553374195769874,-61.64691504525743,-0.4435029859371038
754,3,0.727133738847336,5.18859822102387,-111.5776074707958,-0.6762279240654292
754,4,0.3373365553498435,3.099338392047393,-43.29713862641178,-0.2577210632524511
754,5,0.3017762723118759,1.2672022760736348,-35.6410008147496,-0.2344802685180894
754,6,0.4600324655067079,3.4638749670224747,-78.69752207348158,-0.3934876103674078
754,7,0.2396523263701979,1.662459504434599,-29.9671393654451,-0.1861313004064913
755,0,1.1287008172593815,6.541574748672237,-155.6014040831785,-1.0731131316081273
755,1,0.2287768255369652,1.0891492607921651,-19.05969773936892,-0.1643077391324907
755,2,0.2782867389224772,1.428188426449491,-27.075888573039407,-0.2148880045479318
755,3,0.5109622017685889,3.7521865295279135,-78.15492810782652,-0.4624551959042989
755,4,0.3272328621114305,1.2961060424148636,-38.7100087129341,-0.243459174295183
755,5,0.1898673034432597,0.679243117839987,-15.831371476164511,-0.1147200831606124
755,6,0.4561325880880471,2.238313148726011,-77.75853438478096,-0.3887926719239047
755,7,0.2678911459617302,1.7971384727450008,-33.41402870842931,-0.2128282083339446
756,0,0.9058067724185692,5.866651366285455,-118.96820607032885,-0.8497729005023489
756,1,0.2288497919784266,1.3335239537175554,-15.98592504496332,-0.1552031557763429
756,2,0.3126947003507318,1.457251713706658,-28.304883454672048,-0.2440076159885521
756,3,0.582730785999276,3.3863446257150382,-93.1122991717843,-0.5351281561596799
756,4,0.3480214129761125,3.54522608478486,-42.58032208993203,-0.264474050248025
756,5,0.3307806892799391,2.101877716950133,-37.30192919218938,-0.2590411749457595
756,6,0.4291660836377536,2.3569214609997093,-69.67778246346231,-0.359163827131249
756,7,0.3350755231475121,1.3847787940013816,-34.328369367461654,-0.2681903856832942
757,0,0.5553316184213329,2.578366372150802,-64.07467212625335,-0.4967028846996383
757,1,0.3319770457340925,2.703368572101999,-32.35610837883067,-0.2696342364902556
757,2,0.2786814890406026,1.073705525919233,-28.445927638534407,-0.2188148279887262
757,3,0.5408017801597572,3.3725062777712065,-86.35972958860907,-0.4934841690777661
757,4,0.3062447623106891,1.7444856123611814,-32.68758353010855,-0.217917223534057
757,5,0.2497423242416458,1.6260779053559025,-28.38860503977687,-0.1831522905792056
757,6,0.4051459564502719,2.19362720579863,-63.56338789454701,-0.3345441468134053
757,7,0.2014773922759824,1.6685751050491917,-25.42999387398501,-0.1504733365324557
758,0,0.5895962384752105,3.2324245495076926,-72.55466348091707,-0.5334901726538019
758,1,0.2091094324311309,1.0758010300745504,-20.541571676405425,-0.1532953110179509
758,2,0.4083785428648104,2.9624574349332407,-49.50788539295464,-0.3511197545599619
758,3,0.6273917851898262,3.563469233449396,-102.03215034045344,-0.5797281269343946
758,4,0.2938099623098269,1.5299568611063583,-30.9579727475152,-0.205019687069637
758,5,0.1930995480674961,0.7727087308929139,-14.9114463047063,-0.1138278343870709
758,6,0.3608827575703879,2.302641055303829,-58.05872305488289,-0.2932258740145601
758,7,0.2947859838726517,2.118199255533774,-34.4569822421931,-0.2360067276862541
759,0,0.3922103749268652,2.923147754907567,-47.83034355434553,-0.3392222947116704
759,1,0.139854119493196,0.5083435126857905,-8.250396564125463,-0.0730123589745616
759,2,0.4183313302404373,1.6778242817962197,-41.384487456344544,-0.3507159953927504
759,3,0.6833965841631658,5.586935032535304,-113.95157127596764,-0.6366009568489812
759,4,0.236263859510089,0.9419319113814294,-21.786567505364417,-0.1462185738615061
759,5,0.3003137947543346,1.345678917299879,-30.30668664536567,-0.2244939751508568
759,6,0.4405855113527686,2.9336352208588794,-76.3339270726396,-0.381669635363198
759,7,0.2928850690010567,2.271875007602147,-34.42981403937813,-0.2342164220365859
760,0,0.5304291282106889,2.9832821927347144,-59.28144392156994,-0.47048765017119
760,1,0.1946621882881579,1.5304592058469684,-19.153667073466917,-0.1398077888574227
760,2,0.299283678309378,1.6467389149965173,-32.745803426801515,-0.2407779663735405
760,3,0.3161944387023276,2.076738056968548,-45.97100572898336,-0.2688362908127681
760,4,0.3870089473648922,2.3500523533715114,-50.91470675609496,-0.306715100940331
760,5,0.2456811649586079,1.6444655555436047,-30.163578966946005,-0.1828095694966424
760,6,0.3998598318385224,3.7588165202364414,-68.36132295126161,-0.3418066147563081
760,7,0.1905356431382267,0.9081275975078764,-18.886298577627183,-0.1311548512335221
761,0,1.001839121956868,5.108430214674574,-125.32774678932311,-0.9423138856340084
761,1,0.1499284823295424,0.8912311497576724,-14.3056036697615,-0.0979835867791883
761,2,0.2801791750054667,1.519245958458871,-25.35017670607704,-0.2130266950090507
761,3,0.4868038730167436,3.5919040226952004,-74.96872909375753,-0.4384136204313306
761,4,0.2899700608310815,1.4004760595419756,-31.32364920043131,-0.2034003194833201
761,5,0.1532137700857526,0.68624514940607,-16.519795029444044,-0.0938624717582048
761,6,0.6508432981258526,3.933896378419968,-117.0548793586847,-0.5852743967934235
761,7,0.113364099791048,0.4785887635694608,-8.129829997095289,-0.0549312837641573
762,0,0.3630587667298773,2.027842049353283,-44.82532089191988,-0.3112869506383325
762,1,0.1446058136337449,0.4481387453847165,-11.301155343896855,-0.0862683614037928
762,2,0.4039820641018878,1.3798470068774815,-45.04056098069334,-0.3438210761884988
762,3,0.6214692447994806,5.905059481834602,-104.79296430865196,-0.5757855181794065
762,4,0.3625869710651317,1.528070707948148,-44.268546603195695,-0.2784185320955704
762,5,0.1431479893709485,0.8148482984423346,-17.566449150548653,-0.0900843546181982
762,6,0.7179743121365246,5.350050820430788,-130.3367772589609,-0.6516838862948044
762,7,0.3210044320853061,4.12434744077841,-42.160256316689726,-0.2668370652955046
763,0,0.8076769795993458,3.711103168287624,-100.53984782756164,-0.7502973718474749
763,1,0.1371362552182454,0.5844750628889136,-8.876097853830661,-0.0739674821152555
763,2,0.4666076239066962,1.5781433871672612,-53.63126810806591,-0.406297485667166
763,3,0.4871756907186729,4.257599359693764,-74.11607486554718,-0.4385566560091549
763,4,0.3488800997820309,1.3899184430847622,-39.752255546697846,-0.261527997017749
763,5,0.3072952049721852,2.256787024726527,-39.428923019726696,-0.2433884137020166
763,6,0.4179511632878085,2.617988056659689,-63.43003745644084,-0.3447284644371785
763,7,0.3353165364409438,2.8338388641500907,-35.99814929916934,-0.2706627766854838
764,0,0.6695072607398559,5.431170327795015,-86.00780454441112,-0.614341461031508
764,1,0.1100211005118445,0.5873943927279662,-6.875388157193759,-0.0524838790625477
764,2,0.3874600028445265,2.2096892665293306,-43.40739461596807,-0.3263713880899855
764,3,0.5828878319822074,4.45435253686156,-92.00797625038796,-0.5349300944789998
764,4,0.3115890248414863,2.66637355940334,-34.938736838772776,-0.2254112054114372
764,5,0.1777532336195958,0.8448139461068782,-16.29611657846134,-0.1086407771897422
764,6,0.575316586727489,3.8009625360032255,-94.98212033592306,-0.5025509012482702
764,7,0.2110996631860392,0.629947834832545,-19.27137336437452,-0.145995252760413
765,0,0.7716550887091357,3.407699260637254,-92.57178686763928,-0.7120906682126099
765,1,0.2238263130658022,1.7289953269193892,-20.57320323105601,-0.1632793907226667
765,2,0.4696317441253576,3.3643110260346654,-52.409773760187605,-0.4062773159704465
765,3,0.4448598898613352,3.26649179927818,-69.7077372328315,-0.3983299270447514
765,4,0.3755649551439172,1.757327584858451,-47.22328854271888,-0.2933123511970116
765,5,0.2503707860488308,1.881706820979004,-31.983120624929843,-0.1892492344670404
765,6,0.508725410632556,3.065065152462812,-76.10523860526837,-0.4324161284390248
765,7,0.1270615908122623,0.5034242715295819,-9.996376380942152,-0.0680025604145724
766,0,0.8687780958778335,4.496149443390012,-109.45479942288272,-0.8107762920213535
766,1,0.1979601909937396,1.564342095050594,-19.13366438682861,-0.1417308473098415
766,2,0.5392303769170589,3.6236980854543703,-58.7815007353689,-0.474044360769104
766,3,0.5029419397810411,3.790568603858657,-81.83595507143552,-0.4571841065443325
766,4,0.3547769218163372,2.180329591795251,-43.0285930496681,-0.2706200820733843
766,5,0.2544256873316604,1.4230572563748272,-26.56987543962352,-0.1832405202732656
766,6,0.522379110886496,3.1378647471718693,-90.97221777961111,-0.4548610888980555
766,7,0.1906807725882375,0.615672158542946,-16.808890043589717,-0.1263826319066896
767,0,0.9422500108582396,4.854049272489188,-118.45977677307842,-0.8840281848737195
767,1,0.1688112065012041,0.946608106013655,-14.977633323958784,-0.1126137843906675
767,2,0.4158840112040335,2.29233494098959,-41.54636903492621,-0.3491291515540017
767,3,0.4444409514685006,2.7198192708543814,-71.87553650698891,-0.3993085361499384
767,4,0.4400320526571162,2.249169665206276,-63.725228203333806,-0.3641441611619074
767,5,0.1396498970528249,0.617368517895013,-15.432665262776345,-0.0834198122312234
767,6,0.4888699800926947,3.015399557427785,-82.28964047998917,-0.4198451044897406
767,7,0.2676421539850301,2.206780822040694,-30.519206528368723,-0.2090356611532104
768,0,0.925540952389592,5.818274880117163,-121.7845129660803,-0.869889378329145
768,1,0.1472405502539712,0.7284067933261861,-11.638181209230876,-0.0895244708402375
768,2,0.3344553572938654,1.3992730685604635,-32.47176144657539,-0.2683616648477305
768,3,0.5271565656016248,4.961245969921137,-86.65395044775639,-0.4814108358208688
768,4,0.2880712731485645,1.2500419260901574,-30.734729269281647,-0.2008805834593571
768,5,0.3165165291430942,0.992935805438427,-38.02611059508389,-0.2485366705561038
768,6,0.4433008109623715,3.642802451706069,-71.62950346518566,-0.373070330547842
768,7,0.1868872758337358,1.155478015060089,-17.181894612212545,-0.1245064826971923
769,0,2.0747698788198865,12.5255451274125,-271.900020177389,-2.014074223536215
769,1,0.2192145808562097,1.5375278607091305,-22.28617113429719,-0.163868905399244
769,2,0.4118910303726723,2.2664575561404967,-43.04315550892871,-0.3471222218461993
769,3,0.3803322739325907,3.683123875409404,-63.74029864011643,-0.3372502573551134
769,4,0.5051523505854225,4.337370053931805,-75.27029535587593,-0.4276721327038405
769,5,0.232309977149659,1.1090693702362893,-25.43071572322678,-0.1651345176832907
769,6,0.4518201738685322,3.65831248089149,-71.37177995021179,-0.3796371273947435
769,7,0.2333914973797237,1.0161249348325212,-20.392960105738204,-0.1644593556914371
770,0,0.8040672703766457,3.8883599596817495,-93.63486714391448,-0.7431338662215434
770,1,0.1816545914853513,0.8077669392765693,-14.979501122633277,-0.1208024284083328
770,2,0.6140240078541934,3.6332942396520793,-67.55128555286971,-0.549197443519266
770,3,0.5428377341635394,3.6699782916892376,-92.61240436574364,-0.497916152503998
770,4,0.3581619612522052,2.0852966092777496,-50.80475025954664,-0.2838254204443947
770,5,0.2156532716341599,1.4237907544231976,-20.582673067820373,-0.1439347766980445
770,6,0.466296702082945,4.500766020321239,-80.46671001284132,-0.4023335500642065
770,7,0.2469470440360882,1.1363779548546356,-24.28646645888745,-0.1826050109690785
771,0,0.4633040076256942,2.785975896154527,-51.82466252435145,-0.4048801759714957
771,1,0.1814680449453696,0.8476020738873162,-18.091891320788648,-0.12831128596304
771,2,0.4886929897967368,4.627883328761315,-60.997084850055046,-0.4326034386528726
771,3,0.393421221587737,2.7767241159679714,-63.81579356510933,-0.348720183415898
771,4,0.4139384652629971,3.874892952391284,-53.58637047932349,-0.3307800646871821
771,5,0.2967017736560798,1.5095508710173748,-36.05012860125122,-0.2310905679567386
771,6,0.3747524041146008,4.225020360258809,-64.27780725466611,-0.3213890362733306
771,7,0.3045222269050132,2.704003945375952,-32.97175937883591,-0.2424394071973228
772,0,0.9805686260084584,5.740666496993274,-114.703498043081,-0.917627984344648
772,1,0.1601050914354727,0.9756645850081168,-13.28349830085547,-0.1021807561604267
772,2,0.4368863460828887,2.7039132725308006,-47.56025237234199,-0.3744901761601731
772,3,1.148014887511129,7.440488919123847,-204.67925926718644,-1.1004261250924
772,4,0.392708915487765,1.924305895849507,-47.44491821647901,-0.3060962465579291
772,5,0.3979691802350683,2.958204445026249,-52.17604585975902,-0.3323315022914587
772,6,0.3754890455306854,2.743172458945947,-61.73468902143989,-0.3086734451071994
772,7,0.3424693542734455,3.0137157359016795,-47.59861699614992,-0.290235469488719
773,0,0.9608693020071398,4.810200352660954,-123.72040046754287,-0.903068616551408
773,1,0.2756398117317201,1.186776564886849,-22.62351401365824,-0.2075551744372315
773,2,0.3658563784052273,1.481242830185308,-37.86045555348103,-0.3028836444278482
773,3,1.8699473821798804,14.166063892208475,-323.61570954630844,-1.818065783968025
773,4,0.2405584459128507,0.8786034923795533,-22.91141235845243,-0.1517312076718704
773,5,0.2385378973222479,1.2641503191571153,-24.46426168090502,-0.1675634361705823
773,6,0.4182409485187533,3.0313044321836777,-71.33312420678557,-0.3566656210339278
773,7,0.1793237981434971,0.9491136502223796,-17.96613410500429,-0.1213927980067857
774,0,0.9335315988130296,5.017843971460724,-113.51844408757296,-0.8732188006736381
774,1,0.1861593364269519,0.6487762526906704,-13.861059941726202,-0.1205309560150104
774,2,0.3354692444431218,1.841019005399359,-39.72730568959666,-0.2797697583774413
774,3,0.663734688672584,4.377298074550104,-108.96865656309924,-0.615642127475137
774,4,0.317185890852483,1.1160253490743233,-32.961996529341704,-0.225767099516039
774,5,0.2502093879336379,1.0461818446257425,-25.43066992938335,-0.1778368526530304
774,6,0.5034394338721704,4.0263916303691545,-88.3262088004869,-0.4416310440024344
774,7,0.2241611980811821,1.5323315704365714,-22.35403050271748,-0.1619857282805614
775,0,1.4170032102459091,10.3430940018332,-187.3370550345204,-1.3575148915544957
775,1,0.1751569575021096,0.7294042392723769,-13.737829114363755,-0.1135357778046591
775,2,0.444737984831547,3.230144789076688,-50.36549336778323,-0.384469415021246
775,3,0.6249677159494865,4.740020429059738,-102.2481972157899,-0.5776734305976831
775,4,0.2797158963899541,1.2225555510136632,-29.470553416376777,-0.1926179961854691
775,5,0.1600924206982516,0.5985440046503483,-14.9552328377675,-0.0946533723909335
775,6,0.4417202535340532,2.983642207819523,-75.98252572450596,-0.3799126286225298
775,7,0.2654526909353681,1.6022986925451768,-27.585075001542823,-0.2028314338348737
776,0,0.5978145298402376,2.981988748795679,-65.95044412778626,-0.5361824725836281
776,1,0.3078257432974138,2.410956653232286,-32.514370136019906,-0.2501105395078454
776,2,0.3365078341801333,1.7732800556656318,-34.44930562242969,-0.2734071874796007
776,3,0.5763366748610737,4.116259503095001,-91.39392589155666,-0.5282885889685356
776,4,0.3120171250572415,0.9047855162274548,-33.59016981142889,-0.2239344654095259
776,5,0.1809696849622712,0.7230936869876615,-22.25149255725034,-0.1236194030958352
776,6,0.5207689669019159,2.3987355566085147,-90.9207273681526,-0.454603636840763
776,7,0.2440131271202992,1.2913038214858144,-26.83952705557484,-0.1851001865901713
777,0,0.8295118000306403,5.4578723723717655,-96.79092189899004,-0.7681819198332543
777,1,0.1486660339203253,0.6351777747167998,-12.277497116382827,-0.091623112808827
777,2,0.4022152217417248,2.839405826223714,-43.09617415861933,-0.3393399540048766
777,3,0.5285496352833892,4.292522212941571,-84.25057549676006,-0.4814318599814861
777,4,0.3242522461213098,1.380230986785449,-36.7131662452141,-0.2383971834104811
777,5,0.1730797759782005,0.6448189059895809,-16.480170695165846,-0.1063236819042957
777,6,0.281565904963914,2.1298368469501714,-43.0972301725633,-0.2154861508628165
777,7,0.202107176238068,0.9438988598731654,-22.328733914976738,-0.1459394373527891
778,0,1.4146109208388138,6.864266588362103,-195.3437931429021,-1.3565541190479309
778,1,0.1644622949848318,0.6703839093644396,-11.376199543315424,-0.0989234742896993
778,2,0.4419806736581659,2.4318148882465147,-44.51565781575324,-0.3740811581155734
778,3,0.665929779546652,4.663152736597397,-109.53014830102494,-0.6188143971809319
778,4,0.2884760853739414,1.1149512672691353,-30.868012804843467,-0.2017517176787154
778,5,0.1634658703823089,0.888718012977819,-16.20449012224206,-0.1000277168039633
778,6,0.4491071113098064,3.468972588714797,-76.710159681805,-0.3835507984090249
778,7,0.4959782833033768,4.869353025422662,-60.87149552100714,-0.4347963965786224
779,0,1.0121174620060027,6.462867931989886,-127.77279393269876,-0.9535283129305878
779,1,0.1294607631312648,0.6691404114807609,-9.319547526221454,-0.0716888271247804
779,2,0.4085162582824148,2.4382180754981992,-40.96108203557576,-0.3413423502964647
779,3,0.5737215161871151,4.2730278111395625,-89.81815122576269,-0.5252523463494895
779,4,0.2156780052511951,0.6597751075166207,-19.514793413024087,-0.1283867987698953
779,5,0.2354149961353931,1.7614638475379882,-28.794077278073857,-0.1734582968558666
779,6,0.3892122062574376,2.891022424114044,-65.92924584646873,-0.3296462292323436
779,7,0.1784375177166543,0.9986373953717134,-17.69210190382836,-0.1203544347199208
780,0,0.7214658077785686,3.5648647043456205,-85.35996850619702,-0.6617051822185815
780,1,0.2215283265285647,1.431969486036652,-21.51597550537492,-0.1642440878272894
780,2,0.2176176282495745,1.4437087095854453,-20.097562571343715,-0.1557950586925869
780,3,0.4075831706035129,2.9433903334636997,-64.29377337223798,-0.3612009740013369
780,4,0.2223491977238869,1.0469250607427445,-20.237313999789247,-0.1340219470184718
780,5,0.2777437085293305,2.1250854560529238,-33.24687838883824,-0.211763556616804
780,6,0.6228378380279399,5.297881437697787,-110.55403333353672,-0.5555479061986769
780,7,0.3132290879210769,3.0490011975226072,-39.30789673910425,-0.2569143577719232
781,0,1.2126603046880795,7.812148949856658,-161.7020742707792,-1.1550148162198517
781,1,0.2718630435493454,2.1351759192544337,-31.852976998188048,-0.2196757034357796
781,2,0.4862484281557729,2.546387538403038,-52.30552319128869,-0.4218187354136185
781,3,0.430708622461624,3.71798182274884,-75.36308235954773,-0.3884694966986997
781,4,0.336258480264574,2.2858623282921564,-41.75056317464463,-0.2545766047234429
781,5,0.3024867520054317,1.5550978995317926,-36.85472281662392,-0.2362482231834866
781,6,0.3432766519534135,2.789777948040655,-55.5960373092268,-0.277980186546134
781,7,0.1281852020138039,0.5868549247718191,-10.155892532128275,-0.0690877043001923
782,0,0.9275460890620426,4.144140784965551,-104.55896038757037,-0.8641236395666972
782,1,0.22859698382467,1.0514472725231891,-26.74999349367932,-0.1783332899578621
782,2,0.4582418167674867,3.6182956291920143,-51.04524644193147,-0.3956995848211742
782,3,0.4694245951576341,3.900132199814291,-68.86460230374891,-0.419906111608225
782,4,0.3084856937042823,1.129972530527838,-34.19365033628518,-0.2220366904953583
782,5,0.2117964199269695,0.957248485584522,-24.72337967135193,-0.1489360221165779
782,6,0.3839617828298126,2.363576350289313,-63.59523761800574,-0.3179761880900287
782,7,0.1487934529091772,0.5195051207326284,-11.224696985122067,-0.0843962179332486
783,0,0.624419303121362,4.242394563800229,-79.82997110579046,-0.5702140793270747
783,1,0.333313015581772,1.9369882929137496,-36.4072362456753,-0.2758123958005704
783,2,0.5371803898481252,2.987268273478469,-64.01593146777704,-0.4777308318490824
783,3,0.4615654772319361,2.9561586210439272,-69.87743920479582,-0.4134759716260108
783,4,0.2943877287339111,1.6020133766020668,-33.481247010310405,-0.2105738805679899
783,5,0.228296186360368,1.306289005872748,-23.56402606454908,-0.158147825936571
783,6,0.3844573233070007,2.437057070341928,-62.58335681517405,-0.3160775596725962
783,7,0.213130535001074,1.147180889917244,-22.52961231439997,-0.1543124131123285
784,0,0.8385481955529467,4.8580159178818345,-106.2083852073541,-0.7809440088776036
784,1,0.3437771320815076,2.017800349324549,-39.16004587370551,-0.2879415137772464
784,2,0.409200285467353,3.4583634124413223,-43.070913717938936,-0.3445673097435114
784,3,0.4159941401673053,3.564853625764286,-65.91132360415433,-0.3702883348547996
784,4,0.3172904866539999,1.142344557028672,-36.24424056752867,-0.2323348754328761
784,5,0.1961269394275669,0.7601903827261342,-18.231363208023712,-0.1248723507398884
784,6,0.3694503818734646,3.1078813462933192,-60.61829508399067,-0.3030914754199533
784,7,0.161571032846685,0.8801916554013476,-13.264792849091927,-0.0982577248080883
785,0,0.7161512472616988,3.1256796149542407,-84.73524971946449,-0.6568624009260813
785,1,0.1740681319146046,0.6509294003021665,-17.87411745537744,-0.1224254620231331
785,2,0.2307039545085178,0.9876605072045598,-19.321884952683902,-0.1637447877346093
785,3,0.2895556988371489,1.9958501205658827,-42.39818087171887,-0.2436677061593038
785,4,0.2650807269310302,1.2064785148449,-27.82509307008546,-0.1795167294844223
785,5,0.3311852241814846,1.871764294129852,-45.004348142069055,-0.269487114623168
785,6,0.4102656934308424,3.222202127368965,-70.50569433094233,-0.3525284716547117
785,7,0.1638702706405869,1.1979499738234238,-18.231181494049345,-0.111165740817374
786,0,0.8775700881291362,5.203159576017407,-105.2973242802247,-0.8162583277536798
786,1,0.2355512841622612,1.0367694340561218,-24.49260309256614,-0.1800926697982804
786,2,0.4296522442979637,1.9689289846317424,-48.60255586132968,-0.3682011807676491
786,3,0.7358474586388432,4.608619945261326,-118.1720160768292,-0.6870466050978442
786,4,0.2968356592076814,1.8922788368617125,-32.36445525292223,-0.2101588003436508
786,5,0.2205284903436508,0.993187242130542,-24.979898493694208,-0.1561243655855888
786,6,0.4780797081807169,3.072475727722615,-82.95802831130155,-0.4147901415565077
786,7,0.1234597811375086,0.584005998122196,-8.67201056377913,-0.0619429325984223
787,0,1.1834054718676883,6.974282819942044,-150.4473836258699,-1.122741668849775
787,1,0.2348820301158242,2.3406546563749715,-28.63904830958736,-0.1859678461661516
787,2,0.3202081775612223,1.9054037393272367,-31.724714085658576,-0.2558444684327304
787,3,0.4405210238849166,2.760464053439525,-69.82047890404704,-0.3944659825087403
787,4,0.2986297959626309,1.129683292220974,-33.29823383572354,-0.2134502168956637
787,5,0.2292659519048507,1.0481681020406015,-27.35153235583468,-0.1667776363160651
787,6,0.469151116727474,2.656235853609802,-78.86374871519942,-0.4003235975390833
787,7,0.2763295260314123,1.4960452901923036,-27.150846986933487,-0.2104716820692518
788,0,1.4479846066618065,9.065375078619365,-185.72572824843547,-1.386012897376384
788,1,5.72236132552373,24.17194993356062,-1133.1100048375267,-5.665550024187634
788,2,0.5187375766368634,3.85518572585168,-58.82414439740288,-0.4560011193597122
788,3,0.5239626648764377,4.619330845546929,-86.11966349844514,-0.4784425749913618
788,4,0.2372515364849424,1.4519071422116945,-24.01990142780783,-0.1520246925810622
788,5,0.2167686610209233,1.4739190192331206,-21.957739391888865,-0.1473673784690528
788,6,0.3633030482163362,2.4945135853088085,-55.12742588342383,-0.2916795020286974
788,7,0.1691501979756858,0.8139775389963235,-13.40184311890792,-0.1030911009146763
789,0,0.9468485415228106,5.804077483474283,-111.48709513901188,-0.8848182153889831
789,1,0.3198025673000675,1.9485168499242609,-34.98426366822393,-0.2630395764528115
789,2,0.5987308468151349,3.5091641547903776,-72.7813493182332,-0.5391211060609866
789,3,0.550613665046412,4.832974503026967,-88.65056907072784,-0.50369641517459
789,4,0.2616371320216113,1.01983886703983,-27.17689672135118,-0.1753348175571044
789,5,0.2577713857380832,1.1788481928468633,-29.929746794696054,-0.1918573512480516
789,6,0.4047964192397992,2.1409213221203043,-67.80314505906672,-0.3390157252953336
789,7,0.287379606129302,3.211722801628548,-34.26608682486183,-0.2299737370796096
790,0,1.0712678691413309,6.699534302832038,-132.39249486528422,-1.0106297317960629
790,1,0.144732214442721,0.8122683211973114,-10.58733297374612,-0.0846986637899689
790,2,0.4285066653707299,3.042772897349117,-50.31509870027939,-0.3699639610314661
790,3,0.3230444434628346,3.218592339693193,-47.44600614002601,-0.2758488729071279
790,4,0.3308214188836921,1.959449207562869,-39.715107922785,-0.2482194245174062
790,5,0.1308083005669324,0.6365034404312453,-11.179431333702825,-0.0677541292951686
790,6,0.4710372940664104,2.941746369846025,-81.45402021955944,-0.4072701010977972
790,7,0.134680758532974,0.5862235631628067,-10.141564603146811,-0.0729608964255166
791,0,1.0191396067441811,4.751545031270846,-119.54814762197556,-0.9563851809758044
791,1,0.1509569581309275,0.840802198316555,-13.693427651903454,-0.097116508169528
791,2,0.5247412801800073,3.7606488223085126,-61.09893645754625,-0.4628707307389867
791,3,0.4128297804641371,2.4072732849035248,-64.50659635650122,-0.3665147520255751
791,4,0.2567475865479108,1.2821465597087038,-26.483004825689918,-0.1708580956496123
791,5,0.1662253406722994,1.4527582961253975,-15.587458850931046,-0.0999196080187887
791,6,0.4457209521624709,2.868196729574695,-76.39495690690724,-0.3819747845345362
791,7,0.1771269396164901,0.7726397666515337,-16.434390241367083,-0.1165559591586318
792,0,0.8617041155060654,4.413396876893909,-106.74360149171356,-0.802583469862508
792,1,0.2111859568720052,1.4746669723513537,-19.94087585887309,-0.1533913527605622
792,2,0.2341068511243031,0.8659536929985077,-23.65306067611069,-0.1752078568600792
792,3,0.5665929464084858,3.87062458999372,-96.52573488676836,-0.5217607291176668
792,4,0.2415402795504351,1.2866359364993256,-24.83703867925576,-0.1571964473370617
792,5,0.2046936788871194,1.405363567388081,-20.42377255039108,-0.1361584836692738
792,6,0.2508256652283441,2.129073435346062,-39.34767999240373,-0.1967383999620186
792,7,0.3295380991215557,2.04895880052742,-35.326372365274544,-0.2656118222952973
793,0,0.9987634326252648,4.250149823028715,-114.99061432354785,-0.9348830432808768
793,1,0.198494748306974,0.9407519594064172,-16.695563644031825,-0.1368488823281297
793,2,0.3996039692785971,1.6897141816945365,-38.817208593711015,-0.3317710136214616
793,3,0.5245415701983211,4.256101438566603,-80.33176260731504,-0.4753358734160653
793,4,0.2342980473885754,1.781085202290348,-33.31628638721901,-0.1674185245588895
793,5,0.2629391333220207,2.0362568891285475,-31.420237514157364,-0.1976115566928136
793,6,0.3694164182391596,1.8932580348608072,-60.86478924396276,-0.3043239462198138
793,7,0.264939259455528,2.424708872724393,-31.971261876980517,-0.2089624959279772
794,0,0.7678364072495416,4.145577559196133,-85.99099172314993,-0.7048441944520486
794,1,0.2007784205438342,1.6207052546296556,-22.024214942875503,-0.1498245914481326
794,2,0.3778553322394853,2.4336218304204733,-43.84521494546353,-0.3200380652953542
794,3,0.3049342811053502,1.888698247192232,-43.51712527530276,-0.2574977826940992
794,4,0.370406259916262,1.7585881679223296,-47.12440645221075,-0.2891067880503727
794,5,0.2777277952253295,1.6308841415122444,-31.43374604908877,-0.2095583069939251
794,6,0.4248331046354496,3.689325410256121,-72.80233217607832,-0.3640116608803916
794,7,0.2563400993917512,0.931349154711026,-23.910556607130648,-0.1882720992687452
795,0,0.6539749072195468,3.477868108920096,-82.57375046345918,-0.5983605106047767
795,1,0.126662094728719,0.6654950741482185,-10.568148802873951,-0.073903138481636
795,2,0.3333088279640805,2.089102624681876,-31.787236484836583,-0.2671196343263578
795,3,0.5727877414274679,3.4394616235724964,-87.40113541897446,-0.5233600923291883
795,4,0.2987314879408312,1.6200669765499411,-37.44117731582546,-0.2202422195048556
795,5,2.6121974999796764,22.08567809667474,-510.4336645452497,-2.5521683227262484
795,6,0.3115680907681543,2.449434568013438,-49.2677581995462,-0.246338790997731
795,7,0.3660767868362773,1.845270686548416,-41.204614172737294,-0.3029751042113036
796,0,0.4897851181238498,2.663677167145807,-57.10738324184203,-0.432631691226076
796,1,0.1244547035077267,0.5767440219799082,-7.850018813646174,-0.0633066033358562
796,2,0.5566478313500764,2.9265569611876123,-54.75566957056219,-0.484563447527099
796,3,0.4151664130512957,2.908759955688484,-63.691385418265085,-0.3681582972154051
796,4,0.3218229060646737,3.083129788037593,-42.61609155969237,-0.2449200664350136
796,5,0.307472832815453,1.3032949002048164,-35.900225739180485,-0.2393348382612032
796,6,0.4021954589219706,3.463150853449013,-67.30025053073612,-0.3365012526536806
796,7,0.2664104161297111,1.0703212640664224,-28.681870160060942,-0.2048705011432924
797,0,0.6861135404494745,3.24280429449744,-76.1361141354842,-0.6240665093072476
797,1,0.1828532576837483,0.8613873573243342,-15.484169321944242,-0.1228902327138431
797,2,0.4088719925361148,2.509720041211529,-44.27070033911329,-0.3458648463993226
797,3,0.3326383691901411,2.5400719345891027,-47.5048597315196,-0.284460237913291
797,4,0.2886220112319613,1.6524254053102547,-30.889951709451868,-0.2018951092121037
797,5,0.2732290840809347,1.6094276712549185,-30.715096182054644,-0.2047673078803643
797,6,0.3236644317176906,2.336156974690989,-52.65429735195229,-0.2632714867597614
797,7,0.1658792440797092,0.7585874127651876,-13.633609317828553,-0.1017433531181235
798,0,0.6502874187414913,3.635928834141751,-80.07142645117565,-0.593121677416116
798,1,0.2980947133710715,2.073869837928208,-32.17116753804336,-0.2418884777296493
798,2,0.3868614153843162,2.369651867893237,-38.45128358315048,-0.3204273631929207
798,3,0.3662781893837912,2.127773573406638,-55.66982124262323,-0.3199415013943864
798,4,0.2817983388116378,1.5946299648212312,-30.3494748539981,-0.1958030635741812
798,5,0.3101391210116472,1.829587442707685,-39.06715710005716,-0.2457053905663972
798,6,0.4356846913471172,2.42579712086934,-73.18442344162473,-0.3677609218172097
798,7,0.1347799370251801,0.5523403172893427,-8.865860560404853,-0.0681989273877296
799,0,0.9123563284648964,5.583153581148329,-114.33473757898577,-0.8532443102909385
799,1,0.2216903242064251,1.4121322965413237,-22.59132309182441,-0.1661126697928265
799,2,0.5989742958234365,4.585433686009487,-65.57715051735943,-0.533147565181784
799,3,0.4209506132821504,4.066278876295733,-62.602412599674025,-0.372633408331393
799,4,0.2201952073916423,0.8657777649053956,-22.301106063836645,-0.1376611485422015
799,5,0.2644060378758824,2.1142297074481133,-35.94714170834276,-0.2054122383333872
799,6,0.2834173336950384,1.6766766894122995,-44.58258390346702,-0.222912919517335
799,7,0.3870452931830518,1.5922511588359414,-39.870559900895366,-0.3189644792071629
800,0,0.9278888721769482,4.899495455168344,-110.9779938252618,-0.8670155767598579
800,1,0.1807875831656162,0.7721779582056733,-14.266995032101626,-0.1179090498520795
800,2,0.3441328280447248,1.7415675079846349,-31.284297692131,-0.2744236639660614
800,3,0.4348557292546411,4.084493834167962,-65.69786369465722,-0.3864580217332777
800,4,0.279431462821602,1.7421383577325964,-30.652206384425934,-0.1952369833402926
800,5,0.1981072112350992,1.029004191504438,-19.57616486712328,-0.1296434759412137
800,6,0.3629604673634609,2.232395561018583,-56.93109278582882,-0.2934592411640661
800,7,0.1374801304443673,0.5356980359455912,-10.288227821985345,-0.0745523755216329
801,0,1.531300824509675,7.784033236162881,-204.39690333368517,-1.470481318947375
801,1,0.1720895978364975,1.142019267784007,-15.875386863889354,-0.1167307857638923
801,2,0.28384792874618,1.148416437971712,-26.13758744437773,-0.2178132287031477
801,3,0.4408510781442438,3.579241052728979,-69.41702458288358,-0.3944149124027476
801,4,0.3684134913708687,2.078508881813668,-50.89242107115684,-0.2924851785698669
801,5,0.1390699815020345,0.7764992638877605,-14.05531169107661,-0.0798597255174807
801,6,0.4548575277419311,3.630179050908096,-77.69634608837632,-0.3884817304418815
801,7,0.2996128881326755,2.0423655845322872,-31.175398717324487,-0.2344014941152217
802,0,1.0245479338405623,4.871586172332663,-122.2567216544839,-0.9626513516101094
802,1,0.2539204189975771,1.173683253200309,-25.2850065801616,-0.1960078029469891
802,2,0.2029183917377258,0.7620154648890403,-18.40908822381689,-0.1416083709524376
802,3,0.2756443756648682,2.109060281518838,-44.34084941376464,-0.2333728916513928
802,4,0.4160925843036899,1.8642057059434205,-57.14868412953688,-0.3381578942576146
802,5,0.1655815989759006,0.7452039025988472,-17.913796523307166,-0.1047590439959483
802,6,0.7634174364135319,4.7186676561247225,-140.06583704365465,-0.7003291852182733
802,7,0.1226834555914795,0.5238898599262883,-7.957974718441489,-0.0589479608773443
803,0,0.8598526502497469,5.621324630753679,-105.75117847527912,-0.8011452914793874
803,1,0.1854994692518141,1.8495459406755663,-16.162118827101352,-0.1262665533367293
803,2,0.5416223894367627,3.409538208030414,-56.92112418026026,-0.4743427015021689
803,3,0.3663733079131922,2.7068386135804934,-56.74054671896841,-0.3205680605591435
803,4,0.3208389924752736,3.270808090355855,-45.65920281105497,-0.2481478413644291
803,5,0.1522185600330159,0.5995072161755921,-18.45535871814541,-0.097647400625108
803,6,0.4180331298914752,2.909381764730423,-70.66745151746674,-0.3533372575873337
803,7,0.2032284476595856,1.6636447278022437,-21.89180170878437,-0.1459453447252291
804,0,1.162288862537409,4.053971265141451,-137.4700132264515,-1.099760105811612
804,1,0.1441083222520048,0.703771886857254,-10.154523103736857,-0.0825570984043646
804,2,0.4864057788126704,3.386349290976669,-56.16882038303924,-0.425521366538176
804,3,0.613510047923407,3.899270179027985,-105.6911489679429,-0.5682319836986177
804,4,0.2287554044666261,0.7348580967135365,-22.91432567922104,-0.1441152558441575
804,5,0.1412722542802666,0.579462145005021,-16.766900253184193,-0.0873276054853343
804,6,0.4119197233277495,3.200466538656292,-70.31940251843781,-0.351597012592189
804,7,0.1824778530989179,0.9215221352308056,-14.83787745272096,-0.1159209175993825
805,0,1.5941627223141237,6.07504497615465,-214.9604449976065,-1.535431749982903
805,1,0.1891935683984049,0.9302531441588724,-13.73826688743159,-0.1215775830746158
805,2,0.4548183982912999,3.766333544985931,-52.924501752972525,-0.3949589683057651
805,3,0.6402214956680662,3.683584564924292,-104.29771894482936,-0.5926006758228941
805,4,0.3618931160028706,2.432940930092058,-45.83230550439389,-0.2811797883705146
805,5,0.2081269737951213,1.1012791485493705,-20.825292388644428,-0.1388352825909628
805,6,0.5091247418493915,5.759717765320931,-88.7839839140729,-0.4439199195703645
805,7,0.141380444680354,0.6851861909031659,-11.168989249268195,-0.0797784946376299
806,0,3.88711448217153,20.025328133101983,-565.5897075760657,-3.82155207821666
806,1,0.2570864519400576,1.4588424006516894,-22.258564771488395,-0.1918841790645551
806,2,0.2540743282490607,1.206024522896435,-25.030921209993032,-0.1925455477691771
806,3,0.4138591114288376,3.483983310500995,-60.179954109002296,-0.3647269946000139
806,4,0.2114445816673986,0.8996691827092814,-18.70189542554288,-0.123038785694361
806,5,0.1853034786771321,1.1014745179436731,-17.778579881417738,-0.1169643413251167
806,6,0.3122129152904205,2.246210302739705,-50.49798395026033,-0.2524899197513016
806,7,0.1064743903722277,0.4360204601553489,-8.73616119702604,-0.0535960809633499
807,0,0.9313117338259816,5.46553241080273,-114.12562068763027,-0.8711879441803838
807,1,0.2120318925553709,0.9412960380668212,-18.32894562304528,-0.1502372592052891
807,2,0.3606625474431673,2.515358353875716,-34.14413796679204,-0.2918302390324105
807,3,0.3457204269667579,2.93362908191269,-50.30354341791553,-0.2976541030645889
807,4,0.2580337218110545,1.379882817020775,-27.48431252320497,-0.1739513450835757
807,5,0.3148495207744619,2.107135786401164,-40.01760617609693,-0.2501100386006058
807,6,0.3280264945721898,2.678002186535163,-51.07591522975793,-0.2592686052271976
807,7,0.1085435029152897,0.3747363006193432,-7.613355819305792,-0.0507557054620386
808,0,0.7011362805203254,3.608301104030151,-88.4402016251547,-0.6455489169719321
808,1,0.2394190177531641,1.3277222441203806,-21.44022873025135,-0.1771919729772838
808,2,0.2764424612858386,1.1307274526744373,-23.626414248394425,-0.2072492477929335
808,3,0.405516876537575,2.9195683634254337,-62.02726099334605,-0.3585390808863933
808,4,0.2046410979323604,0.8685088816956136,-19.777212695422502,-0.122081559848287
808,5,0.2097608020017331,1.0463381517675283,-21.48187853177041,-0.1413281482353316
808,6,0.3067738060566435,2.06274946303168,-48.01249105138079,-0.2400624552569039
808,7,0.2129155413523676,1.528817274585596,-20.39461128729825,-0.1499603771124871
809,0,0.5972726327641581,2.8940293811615327,-71.27227939821765,-0.5399415105925579
809,1,0.1680746850993569,0.6822130484962091,-13.317443561049425,-0.1073987383955598
809,2,0.4343364313964102,2.423624355960956,-43.23398214434401,-0.366389679189356
809,3,0.286788943263772,2.040797564716454,-43.93923754915319,-0.2427582185036088
809,4,0.2041496098224637,1.492717506304389,-20.268395436491385,-0.1228387602211599
809,5,0.2678688929257823,1.1540036765770014,-28.473738210167543,-0.196370608345983
809,6,0.3957601470443733,1.8674896476391172,-65.26340189323226,-0.3279567934333279
809,7,0.2175978818630889,1.3852789511358523,-19.896814049295447,-0.151884076712179
810,0,0.9277949617294728,5.32362818050383,-105.3872105910783,-0.8638295950088385
810,1,0.1550174156224114,0.7964659790335997,-12.717019926872045,-0.0970764879913896
810,2,0.3623867049891144,1.661422411497875,-39.87685405665581,-0.3020973792170894
810,3,0.4081222906748324,3.158754022548995,-63.19616898656599,-0.3611209656375199
810,4,0.4698108326699989,4.067433745311763,-69.36269798778709,-0.3941062385669721
810,5,0.2294705378381616,1.3512252797755937,-29.17441439328068,-0.1696186883330272
810,6,0.495411963994407,2.480432845654556,-86.11381531731155,-0.4305690765865577
810,7,0.1772037823338099,0.9971503386661816,-16.24713017377656,-0.1160509298126897
811,0,0.7865854934733448,6.548770629744022,-103.92085635209494,-0.7318370165640489
811,1,0.1907562214889627,0.9463362730475424,-18.946968484906986,-0.1363091257906977
811,2,0.4977733001551076,4.267371664516305,-52.5836390123096,-0.4310134345271279
811,3,0.3934777521471427,3.669550576451322,-59.88285596748009,-0.3461436761126016
811,4,0.3356175785256388,2.619892842295993,-38.6841848164217,-0.249575385912398
811,5,0.2507098904774956,2.3633271170358303,-34.588260139577706,-0.1932305035730598
811,6,0.5912755247234335,4.0702829335488735,-105.81782982552896,-0.5290891491276448
811,7,0.2559743658368125,1.425350347042836,-27.61036095162772,-0.1958181627775015
812,0,0.9725981117814584,5.240360700813867,-117.5768028509098,-0.91144808411558
812,1,0.1654029692094739,1.0173270331384825,-13.993260541102552,-0.1076404657007888
812,2,0.6943980378511422,4.412501866767862,-76.57676136749477,-0.6276783718647112
812,3,0.5642848554258283,3.366906806945327,-87.71840841755015,-0.515990637750295
812,4,0.2790255511781411,1.6411631894163885,-28.307734384896744,-0.1899847945295083
812,5,0.1943765333635444,1.314241133618101,-22.505497304452,-0.1331686231032662
812,6,0.3424092739341342,2.136571540527642,-55.50409816273998,-0.2775204908136999
812,7,0.2241917467753751,2.260771294247143,-24.853594526784462,-0.1668026478307682
813,0,0.656587737308879,3.412604758405132,-73.16826049599709,-0.5948639064715211
813,1,0.2642644011632536,2.185337166983433,-25.533370625156277,-0.2042669650012502
813,2,0.3666891914678257,1.8331839190664647,-36.06749862391264,-0.3005624885326053
813,3,0.5618896498423308,3.667005933418996,-86.70985442367486,-0.5130760616785495
813,4,0.3090823423057554,2.733283819032235,-37.97708485999756,-0.2287776196385395
813,5,0.1660439407533443,1.2887709277118355,-18.47387333536545,-0.1061716858354336
813,6,0.481781707223012,5.600946027509084,-84.61991551637755,-0.4230995775818877
813,7,0.3339329706754681,3.648233559798596,-42.51847312496346,-0.2778985171566239
814,0,1.5098530859399395,7.007629215926308,-189.55013936041527,-1.44694762870546
814,1,0.148944581437143,0.650039209222634,-12.952158178407918,-0.0938562186841153
814,2,0.4025086655648228,2.4929511845949763,-47.99331135914779,-0.345275621288833
814,3,0.441706221085141,2.083491346959461,-69.60195973132663,-0.3954656802916286
814,4,0.2752443479870436,1.3179561282953205,-30.68693216362353,-0.1917933260226471
814,5,0.1724764853452957,0.8278902360303684,-16.14976877088514,-0.104868628382371
814,6,0.4262978567109485,1.859613221456843,-72.2899479886617,-0.3614497399433085
814,7,0.2061420303837936,1.5337412125893664,-21.735799760779287,-0.1478625834066618
815,0,1.0781596210259168,4.873979747985969,-131.1517062361062,-1.016679893303149
815,1,0.0946944510864965,0.4690693953328139,-11.642511157592006,-0.05821255578796
815,2,0.4414217108192247,2.056500865863806,-45.81304311075262,-0.3755167468094477
815,3,0.7759721504908021,4.486149018145367,-129.5865346268758,-0.7280142394768303
815,4,0.3100252681972674,2.81507244803065,-34.38454213271689,-0.2232762476150447
815,5,0.1400211422324204,0.8539462984605946,-15.084098534936905,-0.0828796622798731
815,6,0.278262904042228,1.598354036061387,-45.620721693923485,-0.2281036084696174
815,7,0.2715641617451348,1.5392682100642288,-31.077010201201503,-0.2128562342548048
816,0,0.5828674317932346,3.145903254632118,-63.56325931811701,-0.5210103222796476
816,1,0.132688930172661,0.6605427394786435,-10.21218880847272,-0.0762103642423337
816,2,0.3412303009023697,1.3310341344550292,-35.45423130574952,-0.279167175635823
816,3,0.4060942429973209,2.6105063513570483,-64.58554213146144,-0.3608130845333041
816,4,0.3105250178398311,1.1940329067368871,-40.43760724732338,-0.2337433944931987
816,5,0.1597965946055032,0.6263419629872318,-14.575703588652878,-0.0934339973631594
816,6,0.2934889704574597,1.8068260173427049,-46.43126175274201,-0.23215630876371
816,7,0.2062924983818348,1.980183127234474,-18.81644059075748,-0.1414769969229885
817,0,0.8754052730701168,5.787553786147031,-105.04496238329368,-0.8143020339790208
817,1,0.2007328606694025,1.0108204429073804,-19.890674959337744,-0.1451874084623193
817,2,0.2888329001224497,2.0859886373986365,-29.248103114335336,-0.2267294815064754
817,3,0.339975077081485,2.2637373100875267,-53.78886222856365,-0.295543199058042
817,4,0.3216197431205891,2.568841491374017,-41.640257274409336,-0.2435102764585341
817,5,0.2352357824934436,1.0498461508043286,-28.08308124036697,-0.1722888419654415
817,6,0.4583745073176766,3.120212065636065,-74.8150148192236,-0.3876425638301741
817,7,0.1894050877693986,1.167646854834535,-15.490373234233354,-0.121971442789239
818,0,1.120331778474991,7.324596987695611,-142.14773741828182,-1.0608040105841927
818,1,0.1667658027008483,0.8249217136241702,-15.307345910855595,-0.1117324519040554
818,2,0.6375172923985027,4.703642472251498,-69.56818327052402,-0.5702310104141313
818,3,0.6639996627158248,4.369408697753432,-118.50621795968388,-0.6204514029302821
818,4,0.2864187601065344,1.2367213058387427,-33.45142597404515,-0.2052234722334058
818,5,0.3333371935132538,3.889667453689599,-44.00127807368817,-0.2699464912496206
818,6,0.5065207762939039,2.40463383517632,-81.6710015262353,-0.4344202208842303
818,7,0.383066051567305,2.8695265060120607,-44.68337799430078,-0.3214631510381351
819,0,1.096691535501266,6.213315763247021,-141.19175671700697,-1.0381746817426982
819,1,0.1528328107658668,0.8024394704264681,-13.238011445008883,-0.0973383194485947
819,2,0.4670699865388208,1.8951839340822996,-49.50836967480171,-0.4025070705268432
819,3,0.5027209372041583,3.5113196363472308,-77.34635890891661,-0.4549785818171565
819,4,0.3174177771183917,1.8767670553508575,-36.830388055689234,-0.2331037218714508
819,5,0.1140901172237137,0.6365799507900287,-11.299179637688209,-0.0594693665141484
819,6,0.4332465676056265,2.1109504304614117,-73.81402215744353,-0.3690701107872176
819,7,0.2849743586688879,1.1220103275098374,-28.760835822955467,-0.2195483650607287
820,0,0.9895499476841568,4.806009962739688,-118.7808706666635,-0.9279755520833086
820,1,0.1106694790267966,0.4701600321434457,-6.2111861044886405,-0.0496894888359091
820,2,0.7244297143991917,5.847409335325544,-87.55409343801033,-0.6632885866515934
820,3,0.3143458454039063,2.5602190006013616,-53.25028084963927,-0.2730783633314834
820,4,0.3669696604996181,2.8648999513567923,-46.44974145071877,-0.2849677389614648
820,5,0.236287646663251,2.56302598042953,-30.020120302890845,-0.175556259081233
820,6,0.2896036801567838,1.4822659941535403,-40.87110921307914,-0.2173995170908464
820,7,0.1847053472143694,1.2696816622203897,-15.084079588365174,-0.1178443717841029
821,0,0.7481650951167391,4.5152030690221885,-97.03069284470436,-0.693076377462174
821,1,0.1558680742081517,0.6636550756042555,-12.985097629310724,-0.0983719517372024
821,2,0.3083983553014265,1.6813368251895695,-35.899252099178696,-0.2528116345012584
821,3,0.5742673864197781,4.229415280441347,-93.92557280892142,-0.5276717573534911
821,4,0.3705728707586808,1.4922685520879475,-44.05136041972725,-0.2842023252885629
821,5,0.1554537870675326,1.2198425290010428,-14.894362134308654,-0.0919405070019052
821,6,0.4360751370489782,3.6904703560777024,-75.38397981580347,-0.3769198990790173
821,7,0.1750826959280967,0.85759623082474,-15.55905674427864,-0.1127467880020191
822,0,0.7624528361150502,4.480971179124312,-87.61596715089749,-0.7009277372071799
822,1,0.1335010544808965,0.8594849089455118,-9.3942555874086,-0.0739705164362882
822,2,0.3843982145299058,1.4104922406914826,-36.67943146084554,-0.3162019953521167
822,3,0.3669998702602617,2.166265633634064,-52.52122004565333,-0.318310424519111
822,4,0.2556081625420346,1.2507890189928297,-25.7556023653302,-0.1683372703616353
822,5,0.2083396080950504,1.3599595808695844,-26.270895800902583,-0.1492664534142192
822,6,0.3055569006320846,2.889882493127217,-49.20740581293115,-0.2460370290646557
822,7,0.2023320143323516,0.8986241554758012,-17.552097542077455,-0.1360627716440113
823,0,0.7036901037316093,4.109730818622309,-82.38572394889067,-0.6436384683507084
823,1,0.1037843187618345,0.4944987464961899,-6.487483388339516,-0.0477020837377905
823,2,0.2874818198476074,1.1887514873729903,-27.16795204055094,-0.2226881314799257
823,3,0.361245036008519,2.627735569690081,-57.27903789618488,-0.3164587729070988
823,4,0.2399396710354564,1.0831541396660176,-25.3311454318595,-0.1573363070301832
823,5,0.1779822503442552,1.0886692651632552,-18.878134724793387,-0.1151105775902035
823,6,0.47153585598966,3.0039124382779274,-82.35878710134095,-0.4117939355067047
823,7,1.8281317434788016,25.03045825819305,-355.8024825043193,-1.7790124125215965
824,0,1.00305867092895,7.050620706835787,-119.57005511883824,-0.9414964969987264
824,1,0.1468766213034068,0.7341627722513078,-12.463350900819492,-0.0916422860354374
824,2,0.3874237982742287,1.5696272159294862,-38.481076166395965,-0.3206756347199663
824,3,0.5198629983662091,3.9442708756715503,-83.75847440708864,-0.4732117198140601
824,4,0.274521489079052,1.4754125706502312,-30.55143249410786,-0.1909464530881741
824,5,0.0793583276826543,0.3550950712460334,-6.116410624231444,-0.0305820531211572
824,6,0.3566891360721105,3.102595921977643,-59.99342473492832,-0.2999671236746415
824,7,0.223408146340325,1.1192656126330838,-22.649077229307423,-0.1617791230664816
825,0,0.8955553879818974,4.633737482807628,-107.67541391522732,-0.8346931311257931
825,1,0.1605104612842319,0.9057617143354272,-12.90101844410426,-0.1015828223945217
825,2,0.3437806067174289,3.000489769665205,-34.30181152029333,-0.278876516425149
825,3,0.6393740693916103,4.746393327023478,-100.9571833980612,-0.5903928853687789
825,4,0.2246477933610951,1.4009607733899156,-26.56212351352283,-0.1500684944266826
825,5,0.1059939212881773,0.3687607677065522,-10.288688319663164,-0.0527625042034008
825,6,0.398997649543288,2.8087159685504224,-67.98460724321647,-0.3399230362160824
825,7,0.1306536950534487,0.4298785235406835,-9.709575743255645,-0.0688622393138698
826,0,0.8772374980784771,5.399694400823514,-107.97001296792791,-0.8179546436964237
826,1,0.2260231677802124,1.7331237635391152,-21.408362035099422,-0.1672528283992142
826,2,0.390116030737824,1.7957235999834105,-40.34189278536514,-0.3253378450432672
826,3,0.4319312820408679,3.4714982966675496,-67.89140343647904,-0.38574661043454
826,4,0.2472674979882392,0.9055652747282796,-24.55057368475484,-0.1604612659134303
826,5,0.1842960861819253,0.9245033561243148,-19.815489120382058,-0.1208261531730613
826,6,0.3849978857096809,2.394295587632432,-63.91721551864415,-0.3195860775932207
826,7,0.1658264406022023,0.954806899116486,-12.981951558618112,-0.0998611658355239
827,0,0.6441514460444817,3.3529992009230742,-68.49280980798784,-0.5804475407456596
827,1,0.1788121180768745,0.9210156386673584,-16.077091303097358,-0.121796146235586
827,2,0.413755618229711,2.6012193665511645,-40.39274180706412,-0.3452371094620864
827,3,0.4508368002465405,3.2759966769841777,-70.27871873940464,-0.4039006824103714
827,4,0.229239878683209,1.1052058990200353,-26.11737659203084,-0.1518452127443653
827,5,0.1608210539940739,0.872566281423307,-13.885817360996574,-0.0919590553708382
827,6,0.3847031581736418,2.177781470943592,-64.47306322949068,-0.3223653161474534
827,7,0.2378745307515909,1.207637130540917,-25.457300834248983,-0.1780230827569859
828,0,0.8926477913183158,5.738212649677446,-106.51864879169564,-0.8321769436851223
828,1,0.2181267247794957,1.4655192632912557,-19.903120999294945,-0.1579612777721821
828,2,0.5048126229870477,2.3078483020659517,-51.5188194325951,-0.4366001646830093
828,3,0.3587453265806506,2.450239627765876,-52.59331561749197,-0.3112030509910767
828,4,0.2674951197537395,1.0210249167863843,-27.925435581543816,-0.181333997282752
828,5,0.1861526295023396,1.3306874935244255,-20.807566791626265,-0.1245962083330914
828,6,0.4883388955305458,5.080988864406487,-85.45743943843264,-0.4272871971921632
828,7,1.031499364386699,6.798916475265451,-165.464854206736,-0.9790819775546508
829,0,0.5738794349212868,2.361426517437553,-61.36078420942531,-0.5113398684118776
829,1,0.1228801338208502,0.4579154755966372,-10.677040857060566,-0.0716579923292655
829,2,0.3324765004086981,1.6714431408895178,-31.91073801315404,-0.2659228167762836
829,3,0.4567232085331199,3.2405463303629904,-69.92000965245222,-0.4088889453359779
829,4,0.2434824340155445,1.1861791188375408,-27.363496855546163,-0.1638532745841087
829,5,0.2517863544494036,1.660995313683225,-28.28414254446881,-0.184863676761234
829,6,0.4547145802375943,3.277868579340867,-79.56587156214749,-0.3978293578107374
829,7,0.1865395345938235,0.9031834269320138,-16.474623744178302,-0.1229449533147634
830,0,0.8094517401569412,5.4020408780000935,-105.56840333138288,-0.754060023795592
830,1,0.1520554532889833,1.0701486230074355,-14.91670147938597,-0.1007885235093646
830,2,0.3674262880258296,1.8660882877636136,-38.35010733350187,-0.3043659312182687
830,3,0.4497650133442746,2.9733998150825283,-74.57463526725122,-0.4052969308002784
830,4,0.3797577151982518,1.9255953522430809,-50.55204210871957,-0.3009050125519022
830,5,0.1646057733418286,1.2721567574826038,-20.52359955471802,-0.1097518692765669
830,6,0.3054762218847836,2.313295432015854,-49.2254738838224,-0.246127369419112
830,7,0.1219188376148403,0.510411996073745,-8.385390415129738,-0.0598956458223552
831,0,0.6289532510054529,4.6711427780865415,-84.20650951956604,-0.5767569145175756
831,1,0.1369146888406113,0.900572556113695,-9.545109316126863,-0.0763608745290149
831,2,0.3035141651471528,1.1229516728521245,-25.986346105230297,-0.2341112261732459
831,3,0.4278753626772744,2.123700444221207,-64.61806659489098,-0.3801062740875939
831,4,0.2677297762855729,1.6687983710827696,-32.182869134997915,-0.1893109949117524
831,5,0.2692848718575446,1.6529456308114858,-31.21321065624402,-0.2026831860795066
831,6,0.365915748796102,2.446428921102884,-61.549340811677695,-0.3077467040583885
831,7,0.1527319936204042,0.933182469764122,-14.81252365966516,-0.0968138801285304
832,0,0.7074595854398562,4.213676558118386,-90.02976788685936,-0.6523896223685461
832,1,0.1481432549272513,0.7285252724808399,-14.098521508719204,-0.0965652158131452
832,2,0.3519188638935453,1.9867562169164463,-36.40075156733828,-0.288894853709034
832,3,0.2261307521792326,2.874682252842993,-37.53510231321373,-0.1876755115660686
832,4,0.3851811878854386,2.334245690535135,-57.07327049945683,-0.3118757950789991
832,5,0.2128587170339391,1.2743628531430404,-29.755266680077938,-0.1582726951067975
832,6,0.324580898955087,2.329723511217871,-52.6172285242398,-0.263086142621199
832,7,0.1480102341092218,0.7338663011146034,-15.389804328751516,-0.0949987921527871
833,0,0.697048158778214,3.715367283592728,-93.34195947759338,-0.6437376515696095
833,1,0.2231798638619987,1.4128833029023002,-23.79028422242945,-0.1699306015887818
833,2,0.3367645596040022,1.6147393170662636,-36.68487127041047,-0.2779156914425035
833,3,0.4509593532951124,4.021499038310993,-79.73295499117197,-0.4088869486726767
833,4,0.3087187470252809,1.6768805848722337,-36.393409092750936,-0.2260460192096331
833,5,0.147560999494874,0.9312518466899996,-13.179814296785253,-0.0823738393549078
833,6,0.3823406446349516,2.208151284097968,-63.31041840421938,-0.3165520920210969
833,7,0.2003690055918673,1.130928152556362,-18.952326515811627,-0.1383381497504498
834,0,0.9164455489440296,7.11139177741086,-113.2517636484402,-0.8579679064275773
834,1,0.1268095267467151,0.616595634140398,-10.762567090110675,-0.0747400492368797
834,2,0.3461677641762528,2.6097836447217,-39.169050618226976,-0.2880077251340219
834,3,0.7540791012326072,6.870299578719583,-131.87458083025447,-0.7090031227433036
834,4,0.3368979907022383,2.3391848764551777,-44.33537203935126,-0.259271181516674
834,5,0.2243449085625899,1.2264964158909053,-26.365594940142536,-0.1617521161971934
834,6,0.4030173863567916,1.828387644460156,-67.59123025689043,-0.3379561512844521
834,7,0.2820501309388846,1.3793829851987838,-30.132493741332,-0.2199452097907445
835,0,0.6194113986238429,3.6277506717666,-73.51903995500027,-0.5612140454580173
835,1,0.1225621478990207,0.533199922303389,-9.746558833772395,-0.0691245307359744
835,2,0.497856723950334,3.2297876453987624,-60.19393160420564,-0.4393717635343477
835,3,0.6176284393216962,4.735345815670815,-100.37277765178152,-0.570299873021486
835,4,0.240677329039706,1.194207723867118,-22.842674229349807,-0.152284494862332
835,5,0.1734185782360097,1.085928720172311,-20.185926603416988,-0.1146927647921419
835,6,0.2407964852697568,1.1245291315359065,-32.11409776285063,-0.1699158611791038
835,7,0.1378115254912584,1.0042084152261384,-16.85632310832778,-0.091115260045015
836,0,1.3896526245773868,9.377878567048532,-187.75261769200472,-1.3315788488794662
836,1,0.1102149513664948,0.4505194599536601,-9.14123290173722,-0.0605379662366703
836,2,0.4139369546148951,2.606481980137465,-42.55600566265346,-0.3488197185463398
836,3,0.3340319837778044,2.3882896782062364,-50.371744705844144,-0.2878385411762522
836,4,0.1645632350111773,0.8757739627359755,-17.4074610416266,-0.09308802696057
836,5,0.1259395446382216,0.6639196774715524,-15.002431665271423,-0.0750121583263571
836,6,0.4074142406323819,2.996469266809376,-68.93727008207576,-0.3446863504103787
836,7,0.1331931624986596,0.7354819563002392,-10.591073069603071,-0.0735491185389102
837,0,0.5541927555080038,4.253299151404428,-70.59083560404852,-0.5006442241421881
837,1,0.2314296637260697,2.577297834992161,-26.95940011902592,-0.1809355712686303
837,2,0.3735978623667739,2.4460118806759943,-38.09557366681832,-0.309720111112344
837,3,0.5197586547485569,3.217250371993662,-75.5496930627648,-0.4692527519426385
837,4,0.2502599464029271,1.3533071181268372,-26.7803910408657,-0.1673774440054106
837,5,0.2382063656043468,3.1189692497304256,-34.45742826999662,-0.1832841929255139
837,6,0.2596332784617562,1.7475264132991288,-38.69382107521555,-0.1934691053760777
837,7,0.3215811902807137,3.2878278654885134,-39.054054295804434,-0.2638787452419218
838,0,0.3681021742990004,2.308826456835529,-41.32087136374964,-0.3130369042708306
838,1,0.1077141604379087,0.4183477880283824,-8.387254445645414,-0.0566706381462528
838,2,0.4937893322541854,3.299508073690872,-55.75142380758684,-0.4321815799037739
838,3,0.4261501751965326,2.751830448217764,-64.29636016597311,-0.3782138833292536
838,4,0.3619480032452282,4.139211192545129,-55.12638380202984,-0.2916739883705282
838,5,0.1347391895761682,0.5481891341834878,-12.228330041753985,-0.0727876788199641
838,6,0.4400991240668815,3.2880222500527063,-75.01648610052348,-0.3750824305026174
838,7,0.225930715591219,1.442907447585135,-22.854608918878935,-0.1644216468984096
839,0,2.4348518295304187,11.433373687055123,-319.54729091923554,-2.3846812755166837
839,1,0.1686731648824208,0.7735379184363204,-13.910929146655866,-0.1095348751705186
839,2,0.5117284213652388,2.893154637618593,-59.601566673453405,-0.4515270202534349
839,3,0.6015448336648063,2.89141209512225,-89.82888003449027,-0.5510974235244802
839,4,0.2665817984014186,1.266708203011038,-28.861432455259603,-0.1826672940206304
839,5,0.1419081826384408,0.5914108092128212,-13.878890234714516,-0.0811631007878041
839,6,0.3762919088041836,2.6473512121064373,-62.78748701049512,-0.3139374350524756
839,7,0.3153501536805115,2.354627959316672,-37.84159645511539,-0.2574258262252747
840,0,0.7190939954859153,4.269528183505981,-83.65292212390285,-0.6586844261724634
840,1,0.1156591840289841,0.5775718862794866,-7.928843592846337,-0.0591704745734801
840,2,0.2080223655995853,1.2413953377642508,-18.702977930374,-0.1461170150810468
840,3,0.4741552802287376,2.8794288550374683,-76.16313850161401,-0.4278828005708652
840,4,0.3515527889266344,1.667847764108872,-41.18419328941037,-0.2657044728349056
840,5,0.1838142957878989,0.9140837989643024,-17.9662288972134,-0.1166638240078792
840,6,0.3555476192666332,4.142740790609296,-59.76770730094667,-0.2988385365047333
840,7,0.212979183871931,1.5366382020106015,-23.40934402159532,-0.1560622934773021
841,0,0.9694001850448216,5.206541438711684,-123.03978591793522,-0.9114058216143348
841,1,0.1699831466293104,0.8304421175832507,-15.595132808878368,-0.1146700941829291
841,2,0.3938659614365974,2.143355121865909,-45.33489514585708,-0.3358140381174598
841,3,0.3923827819345936,2.0512476940383597,-62.042901956802666,-0.3466083908201266
841,4,0.2575541721770211,1.4728002454274398,-32.61517324075852,-0.18323131034134
841,5,0.2139465805649577,1.5787124146131932,-26.293023348797803,-0.1537603704608058
841,6,0.4179384314591436,2.716758889939107,-65.06149154783535,-0.3460717635523156
841,7,0.1932493810864229,1.1396665694294668,-17.68372277130935,-0.1300273733184511
842,0,0.9352444139140502,4.92455281084047,-118.33796893506896,-0.8765775476671774
842,1,0.1401355686586336,0.7913304571003213,-11.715924138140045,-0.0855176944389784
842,2,0.4180915088073215,1.8470898737624089,-48.55048595281346,-0.3596332292800997
842,3,0.5274165780043717,4.198309515704395,-79.29835421091926,-0.4777009289814413
842,4,0.2215929399491855,0.8200714331731087,-19.99179860844728,-0.1332786573896485
842,5,0.2456956627727706,1.9581380656312053,-29.26049693061951,-0.1817422169603696
842,6,0.4505613843090593,3.724137078606742,-77.1982534067877,-0.3859912670339385
842,7,0.1627437751632872,0.8800051238206154,-14.083839135265931,-0.1005988509661852
843,0,1.6508149784806512,6.684619357064335,-224.45958641193255,-1.591911960368316
843,1,0.2119809711952588,1.171177037792599,-18.80182675826724,-0.1516276351473164
843,2,0.2973746294001896,1.5077269818208163,-33.12185664323631,-0.240013453936495
843,3,0.458082275862717,2.964436528389365,-73.3571527901296,-0.4121188358996045
843,4,0.2506026929205381,2.3010919373867385,-28.839383735948463,-0.1716629984282646
843,5,0.2398653722201528,1.121034849745298,-23.284438394640823,-0.1663174171045773
843,6,0.3716015672667602,2.6846401333476013,-61.24194970392381,-0.306209748519619
843,7,0.1480634280760295,0.7276525401283368,-11.967196473103964,-0.0860949386554242
844,0,1.9880593195288836,11.347944121611354,-273.5913934257848,-1.9266999537027096
844,1,0.1500128821932693,0.756792271512242,-11.34185479296239,-0.0900147205790665
844,2,0.4845404178727167,2.322575887187148,-50.82176083329789,-0.4200145523413048
844,3,0.6030518699335182,3.9187799905355214,-96.04585409542015,-0.5551783473723709
844,4,0.2113023962618123,0.9281150096062584,-18.83896627324321,-0.1239405675871263
844,5,0.1593921940117099,0.6970632539580409,-18.822499990664188,-0.1028551912058152
844,6,0.3221153433370549,1.592294693987807,-51.46213572680027,-0.2573106786340013
844,7,0.1404584198469919,0.8169503746081928,-10.232966327946292,-0.0763654203578081
845,0,0.9180456890921184,5.4124568887431606,-115.11525063691988,-0.8590690346038796
845,1,0.1431477596427479,0.4766705056132772,-9.048497588438176,-0.0780042895555015
845,2,0.2850642003301114,1.4720783290371824,-27.75818412056148,-0.2220654729644918
845,3,0.7043970213320038,6.243095120084636,-117.69940449669691,-0.6575385726072455
845,4,0.3695078328903748,1.719254229986424,-46.745055742737165,-0.2885497268070195
845,5,0.1449811442556234,0.6705468841280532,-12.671461500944016,-0.0796947264210315
845,6,1.8806364302660168,15.994776445960024,-363.61671322211424,-1.8180835661105712
845,7,0.1726231773992047,0.9734722338378068,-14.187040795674308,-0.1074775817854114
846,0,1.1184101658210062,4.686027833360765,-140.70866502337662,-1.0579598873938092
846,1,0.1150380008191189,0.4112027594411478,-7.026810875909283,-0.0553292194953486
846,2,0.4100092983102003,2.137722000278538,-45.84380403723883,-0.3499527025743422
846,3,0.3476794258892362,2.191429381285801,-54.12618917552614,-0.3023809451146712
846,4,0.2929580628683453,1.5622851763009669,-35.54550364684397,-0.2128473272266106
846,5,0.2270364807306749,1.3797144829413297,-24.12834300414,-0.1587390987114473
846,6,0.4964981094759673,2.8013269712522155,-85.97102332973907,-0.4298551166486953
846,7,0.2526023129078251,1.0214463754647145,-28.25061610404596,-0.1934973705756572
847,0,1.17703292674284,6.153914502793808,-150.87979356226117,-1.117628100461194
847,1,0.1902686387929154,0.7840423232239718,-18.73793689421998,-0.1357821514073911
847,2,0.363353219120032,2.1207911465282017,-38.69529422293776,-0.3023069861167012
847,3,0.714121556764255,5.784043306315887,-122.94674316602776,-0.6681888215544988
847,4,0.2775871892055866,1.2720313067699236,-30.871131308203445,-0.19415805854216
847,5,0.1215829150397563,0.8165064107674341,-14.101825390560762,-0.0705091269528038
847,6,0.3121347637885231,2.436220687476496,-51.24151242008829,-0.2562075621004414
847,7,0.1763376504356847,0.9258158370142312,-14.34268267230065,-0.1103283282484665
848,0,0.8066866169797482,4.739236189091,-98.69490297663094,-0.7476886589138708
848,1,0.264984225928315,1.5581462520338396,-24.578256990239076,-0.2031260908284221
848,2,0.5046511040995704,4.4352533477977545,-57.99769020172485,-0.4427304595551515
848,3,0.5397259004993875,3.2320321184407383,-90.47166490694288,-0.4943806825516004
848,4,0.2195291482340506,0.9816745074870964,-22.83056492974845,-0.1383670601802936
848,5,0.1858420755520713,0.976743778961208,-18.29521220658469,-0.1188000792635369
848,6,0.5272936828723535,4.238565341605689,-93.5574536885342,-0.467787268442671
848,7,0.151087373791645,0.6300012076963077,-12.221816974254718,-0.0885638911177878
849,0,0.8930785474356352,4.89313321395462,-102.13641369122112,-0.8303773470830985
849,1,0.2362431550973197,1.2218011429053377,-26.04840736380536,-0.1834394884775025
849,2,0.2953348936971239,1.277349812844118,-26.916812464721204,-0.2281085802095017
849,3,0.36377692273802,2.557059084627999,-57.71179987685232,-0.3188497230765321
849,4,0.1963115770235727,0.8619850512662337,-16.71419312744957,-0.1092430923362716
849,5,0.1532363556199285,0.5521482016467522,-12.418204497892702,-0.0833436543482731
849,6,0.3342844432735355,1.9034604504197743,-52.68518258918455,-0.2660867807534573
849,7,0.1064273025319154,0.5051778906295394,-7.679821330683102,-0.0501949106580594
850,0,1.3563337473791477,8.880593591235517,-176.41075083920003,-1.2971378738176471
850,1,0.1694958499032035,0.5792917621517,-12.544175155672932,-0.1054132366022935
850,2,0.1984961152917124,0.9798749551226758,-18.633393297013008,-0.139055173858306
850,3,0.4241226677688367,2.3003411546236103,-66.01568050992745,-0.3772324600567283
850,4,0.4466805080489358,5.421693877996221,-62.35882416112656,-0.3668166127125091
850,5,0.1616419001015538,0.608077254749524,-15.16721823385402,-0.0959950521130001
850,6,0.3408028708781668,2.063535297428773,-50.9329131357519,-0.2694863128875762
850,7,0.1707639823507848,1.1828635409128625,-14.196530063591537,-0.106740827545801
851,0,0.6634103401099729,4.944841747008495,-81.94347632097329,-0.606988713488691
851,1,0.1639325587677621,1.0996091556687109,-11.34138559219124,-0.0986207442799238
851,2,0.2884879434532936,2.362092026746714,-32.99460651288002,-0.2323563838935212
851,3,0.2092194212290512,0.987880241654718,-32.853366869117785,-0.1684788044570142
851,4,0.3326916335334168,2.292102559226201,-43.522517113338914,-0.2545176439376544
851,5,0.1569097875576647,1.4066038825845095,-19.195165879013917,-0.1021019461649676
851,6,0.5014482045534476,3.948030553663278,-86.79245012491877,-0.4339622506245938
851,7,0.2584556987319129,2.007040311784251,-29.16720227738465,-0.1997753580642784
852,0,1.0729875489592922,6.468225544785599,-148.5703397295788,-1.0176050666409506
852,1,0.3867709340894311,3.041781282715285,-38.922083838685495,-0.3243506986557125
852,2,0.4961321079944452,2.698055422105151,-56.57464492604149,-0.4351895763541653
852,3,0.1933770463666047,1.0687777846828044,-27.45200708557658,-0.1500109676807463
852,4,0.3553217350587729,1.614344311291357,-42.81708808207748,-0.270994228367579
852,5,0.0766445102254239,0.3373995329138364,-8.182249189706049,-0.0409112459485302
852,6,0.3598041726070741,2.362695901635084,-59.34286014431524,-0.2967143007215762
852,7,0.1086909602602777,0.4629789988670407,-7.441584608383505,-0.0502809770836723
853,0,1.3410434603317605,5.275935305263823,-162.3484986643192,-1.2783346351521196
853,1,0.1631140167953673,0.9562868332500224,-16.261979194933797,-0.1113834191433821
853,2,0.4120440425736559,2.984604289403507,-42.7309135814598,-0.3474058014752829
853,3,0.2008601197811997,1.5712919098412617,-32.51333729631242,-0.1625666864815621
853,4,0.3377460765298791,1.574555381705072,-38.33593389437013,-0.2505616594403276
853,5,0.1862231043614067,1.4840913371447857,-23.21218166718704,-0.1289565648177057
853,6,0.5508438851968883,4.539278330845864,-94.91263956078008,-0.4817900485318785
853,7,0.1377068048208722,0.9066420979561384,-12.29967169034035,-0.0809188926996075
854,0,0.954268813692756,5.511013213341579,-112.45054230417664,-0.8924646214617195
854,1,0.1797636730769352,0.7978278312022695,-13.412501025195375,-0.1146367608991057
854,2,5.6376465224744745,29.70878836148009,-936.1249282224396,-5.572172191800235
854,3,0.2523648794590336,2.222828459077784,-36.922409105877165,-0.2074292646397593
854,4,0.242523471359015,1.007551285904121,-25.670029949842085,-0.1594411798126837
854,5,0.3684309758027754,3.2335970087370622,-52.74070436516554,-0.3084251717261143
854,6,0.3178548201376189,2.223040089183394,-50.61553069722312,-0.2530776534861155
854,7,0.1742891660826504,1.3655282633846733,-15.77906173037724,-0.1127075837884088
855,0,1.110154643145555,5.534315359675557,-147.52920214960594,-1.0537800153543282
855,1,0.2315089222329718,1.1839583211190563,-19.774684879542946,-0.1675820752503639
855,2,0.3557044428429467,2.7362196677105106,-37.73628032670416,-0.2925293048581718
855,3,0.7657010383724145,4.501690349076273,-115.71951283973286,-0.7143179804921781
855,4,0.2565010198309957,2.187131088323902,-31.758933916188784,-0.1804484881601635
855,5,0.3295197239301308,1.5330082084949022,-38.52287278217069,-0.2602896809606128
855,6,0.478470053222487,3.2972015101613787,-75.95270994049048,-0.4061642242806977
855,7,0.1961700822354409,0.8154285377538064,-18.345257568698955,-0.1339069895525471
856,0,0.5929392383469698,4.34593293166911,-75.29928786735255,-0.5378520561953753
856,1,0.1803870820509601,1.4858318070065744,-12.767422399308913,-0.1129860389319372
856,2,0.5337193204652873,2.167201856046741,-58.16017144806209,-0.4690336407101781
856,3,0.4542344453960519,2.757489617693181,-71.3734983515481,-0.4078485620088462
856,4,0.2713041841334027,1.4180357887348225,-30.32736014214792,-0.1883686965350802
856,5,0.4220547538231102,2.49969251335625,-63.94952748282349,-0.363349587970588
856,6,0.5936466569008925,5.048874375043924,-101.46719310152343,-0.5230267685645538
856,7,0.2135989401992396,1.4025115763660707,-17.7481157277288,-0.1442936238026731
857,0,0.6650534984948027,3.3889509267554403,-82.11754142555606,-0.6082780846337486
857,1,0.1947998233258494,0.6603518718479444,-13.69539838275612,-0.1256458567225332
857,2,0.8396493219750142,3.6681496516054657,-86.67861952489531,-0.7670674294238523
857,3,0.445231847927346,2.6070654583394632,-70.7146821468348,-0.3995179782307051
857,4,0.2492677609900338,0.9240890453752232,-25.243666323854747,-0.162862363379708
857,5,0.2074229358304946,1.1198248017640908,-23.88164524419757,-0.1447372439042277
857,6,0.4250665158143876,2.5620182043124164,-72.19973885358445,-0.3609986942679222
857,7,0.1005011357513795,0.4441270836542324,-9.109021340399106,-0.0514633974033847
858,0,0.7906739294490616,5.4635117262470345,-101.40450397661736,-0.7348152462073722
858,1,0.2370921780438489,1.0488926327625825,-18.443487993566272,-0.1676680726687842
858,2,0.4319517807297273,2.9461075568205843,-50.71243849943112,-0.3728855772016994
858,3,0.5279556797443365,2.583829928405812,-82.60827810445916,-0.4802806866538323
858,4,0.267211356889319,0.8244276381536698,-29.338878785957878,-0.1833679924122367
858,5,0.2488409485644359,1.434794742961487,-27.04316165368525,-0.1802877443579016
858,6,0.4594646156691004,3.809933750215329,-73.30821597444172,-0.3878741585949297
858,7,0.1385120697794237,0.462356015165797,-10.917686756276352,-0.0774304025267826
859,0,0.5916165869390384,4.225227921875864,-71.7322516383375,-0.535315310733862
859,1,0.2242793457419132,1.3027220249049465,-17.496616140065644,-0.1562197869648718
859,2,0.713086128963632,3.169330281085798,-83.95119839779488,-0.6507844837038363
859,3,0.720740086312656,5.644475713139753,-119.69857226740628,-0.6762631201548378
859,4,0.3461929209293174,1.379054580064939,-41.8371376364192,-0.2631266518013786
859,5,0.3432117064069126,4.1050446857841525,-43.758417605419005,-0.2769520101608798
859,6,0.4449160591589568,2.626474464443773,-76.7082045279941,-0.3835410226399705
859,7,0.158050080607272,0.8122199010698239,-11.128825850221917,-0.0890306068017753
860,0,1.2491550074925537,9.56851854681124,-171.71593852357785,-1.192471795302624
860,1,0.1348035298036196,0.7416894238849553,-10.249361976753477,-0.0776466816420717
860,2,0.4663502409906838,2.387069892488091,-48.53565762168908,-0.4011211373693312
860,3,0.4687303518267199,2.886491692934872,-75.6867453787925,-0.4228309797697904
860,4,0.3493799576527626,1.57316125433346,-39.7563199290567,-0.261554736375373
860,5,0.2756438551618445,2.3990452544476453,-32.112520746351976,-0.2085228619892985
860,6,0.7045751216192575,4.147337349083386,-124.36814006890714,-0.6345313268821793
860,7,0.1335105230188548,0.7360812140550236,-10.133757102538302,-0.0718706177484986
861,0,0.8268172755485212,4.198905338851165,-99.64327930874911,-0.7664867639134547
861,1,0.1299141243175696,0.6505728740681399,-8.902794011365843,-0.0701007402469751
861,2,0.3375924052966885,1.5878576316784083,-32.19394977784726,-0.2705373930911534
861,3,0.6311778302168133,7.0070860807317965,-110.3342277756977,-0.5868841902962644
861,4,0.3046173200302681,2.045813551745903,-35.0407779932337,-0.2203822515297716
861,5,0.1800891772035093,0.7490817522075606,-14.98867680313568,-0.1063026723626644
861,6,0.55017212883016,3.1176051923101604,-88.17588666210543,-0.476626414389759
861,7,0.2456945435226595,1.2355420487655568,-25.54583679689889,-0.1837829985388409
862,0,0.9460396222250572,4.2158784720712825,-110.4592195790392,-0.8836737566323137
862,1,0.2114839690537781,1.003042172356707,-20.4243901411656,-0.1547302283421636
862,2,0.3582707984122831,2.2662484471481914,-40.463970550089485,-0.299733115185848
862,3,0.6881154143233219,5.994299277498937,-116.1974748193498,-0.6419749990019327
862,4,0.2418985279638076,1.7002299606525093,-27.45332794207477,-0.162445727467898
862,5,0.2015293810726768,1.1090056811174331,-20.88081509760586,-0.1347149361135862
862,6,0.4809796234777684,3.3785176226972067,-79.755663899143,-0.4111116695832113
862,7,0.1453683926390252,0.6183917064606511,-12.075128016467144,-0.0850361127920221
863,0,1.7344472488955571,7.649679399458058,-222.22751398931288,-1.6708835638294202
863,1,0.2144000904048907,0.9827639669015916,-16.737235144707096,-0.1481171251743991
863,2,0.5352574443753241,3.4498654691167974,-58.27067212509425,-0.4699247752023729
863,3,0.3857227746159408,3.11600869283243,-69.21857072544167,-0.3460928536272083
863,4,0.2410856358556242,1.5245711553575254,-23.96776188852044,-0.1546307218614222
863,5,0.1624612579682077,0.9379691151818564,-12.984715455538348,-0.0901716351079052
863,6,0.5631930614964807,5.855357256657194,-99.66699713987455,-0.4983349856993728
863,7,0.1499359676060123,0.853876026029229,-13.846748908873725,-0.0923116593924914
864,0,1.099385316759009,6.269383889356122,-141.41996679666664,-1.0398526970343136
864,1,0.1726838511803506,0.6782906002743946,-15.378332542690067,-0.1156265604713538
864,2,0.260789513979799,0.964063302182362,-24.731502326512523,-0.1978520186121002
864,3,0.4211274737285689,3.134745140068618,-64.752957250015,-0.3742945505781214
864,4,0.2672344861929878,2.1416604700497723,-32.84834274255525,-0.1898748135407818
864,5,0.2816710097291662,1.7842538424753545,-30.28517532861303,-0.2103137175598127
864,6,0.4670558976969329,3.9755424223321967,-79.93638980618458,-0.3996819490309229
864,7,0.1910877192735367,1.2681018866414135,-19.101179007451098,-0.1317322690169041
865,0,0.7217682414382691,3.065495871906373,-82.54533329920335,-0.6603626663936268
865,1,0.2400635435466047,1.263157870717256,-22.04421873885342,-0.1792212905597839
865,2,0.4951835399007164,2.859295374041978,-54.34600205221552,-0.431317476604885
865,3,0.6773717468312086,4.03845304746816,-108.78609197355742,-0.6288213408876151
865,4,0.2115525972272924,0.868004425683432,-19.6080543565184,-0.1256926561315282
865,5,0.2524189405782384,2.5952271491803467,-35.06878787965212,-0.1948265993314006
865,6,0.5026877622417887,4.601115072493572,-86.00174324957398,-0.434352238634212
865,7,0.1233519044614768,0.5353517079921523,-10.364046068562317,-0.0672990004452098
866,0,0.8935684844221076,5.613919298707609,-112.59915262164483,-0.8340677971973692
866,1,0.1890258613227706,1.077170768905657,-18.131928216568127,-0.1333230015924127
866,2,0.4396804570815856,2.142860615330504,-46.657670879150594,-0.3762715393479887
866,3,0.4282068947917679,2.990697747440334,-68.50199614980184,-0.3826927159206806
866,4,0.3805412923043615,2.6418842022661986,-48.20417160724167,-0.2975566148595164
866,5,0.2612239582096234,2.444051725146176,-30.415826357919933,-0.1949732458841021
866,6,0.3985141159661721,3.360157981886225,-60.08829311024429,-0.3248015843796988
866,7,0.1671437207624313,0.6990359794323927,-15.072290941804974,-0.106142893956373
867,0,1.117410154608574,4.848412050728747,-124.98402602571912,-1.0502859329892364
867,1,0.1904714745687557,0.9613648088412337,-16.07705690284296,-0.1296536847003464
867,2,0.4145926471145361,2.4037184764717883,-44.60373256152881,-0.351210492610463
867,3,0.4209191847296271,2.926751371148349,-66.00383027857555,-0.375021762946452
867,4,0.271386341902176,1.601096086428978,-28.923860418353037,-0.1854093616561092
867,5,0.1987866003609109,0.8815206493875094,-22.443904463492046,-0.1360236634151033
867,6,0.7846487172988723,8.44362647012353,-141.45960686841084,-0.7144424589313679
867,7,0.1428690718383449,0.8858440353034046,-11.231781248562733,-0.0808041816443362
868,0,0.9343443136191882,4.351629921311153,-111.81004790570888,-0.8735159992633507
868,1,0.187835189056324,1.1758675851865212,-16.474038502311714,-0.1287034257993102
868,2,0.4378203269664698,2.2629332330523715,-52.3733236446095,-0.3795168380044166
868,3,0.504725876932469,2.586419445666985,-75.59496523167388,-0.4553913568173125
868,4,0.2637869891750509,1.3039533569248327,-28.565652450321195,-0.179658191511454
868,5,0.2439063719067972,1.9814938711046133,-29.637133649461145,-0.180714229569885
868,6,0.6936714260598249,4.60855740722526,-125.5656643259503,-0.6278283216297514
868,7,0.1366627720766321,0.5555217950459991,-10.97500178984382,-0.0767482642646421
869,0,1.3169278250085672,7.404898605843898,-168.3444429528132,-1.2563018130806956
869,1,0.2072529221503019,1.25971707691805,-18.902373395505872,-0.1488375857913848
869,2,0.2963812575485636,1.3670790807760616,-27.664702926712504,-0.2305391910559375
869,3,0.4359456767525326,2.7757462970802784,-65.95254506037065,-0.387956147413945
869,4,0.3189756585200856,1.845464010304192,-37.89447915545831,-0.2353694357481882
869,5,0.3752874698106144,2.1996899823343896,-41.5756376397892,-0.3012727365202116
869,6,0.5960452305470524,4.7160220918238585,-103.5975319137859,-0.5258757965166797
869,7,0.1927928667815524,0.5103366801303225,-16.024447807200474,-0.1251909984937537
870,0,0.7170962694223951,5.2647251360117,-86.17563885029772,-0.6578293042007459
870,1,0.1773617162917604,0.9870962804437912,-13.640958373318917,-0.1136746531109909
870,2,0.5115015430177026,2.352526570597666,-52.92559300106342,-0.4447528823618775
870,3,0.4468453706600172,2.638088797166148,-68.29737702608867,-0.3993998656496413
870,4,0.3232365250047772,1.5387720461668597,-35.20226035089651,-0.2346817356726434
870,5,0.2562757299315932,2.081927957714563,-32.71188163585412,-0.1947135811657983
870,6,0.4544615467536287,2.5058706503196304,-77.49732594434737,-0.3874866297217368
870,7,0.2372137459185137,1.436173163878913,-22.82605672860584,-0.1729246721864079
871,0,1.121569047644407,5.623838802680948,-134.43794489186718,-1.0585664952115523
871,1,0.1416909372373855,0.6176348539111467,-10.17670750883786,-0.0814136600707028
871,2,0.4399981623977035,3.0071341123162947,-43.5063186607812,-0.3718488774425744
871,3,0.6780916599191851,5.5791471902474745,-114.34862223520626,-0.6317603438409186
871,4,0.3836107758686536,2.152110347142397,-47.73491273244428,-0.3002195769336118
871,5,0.1730334018604836,0.8500980833305725,-16.226505975081107,-0.105366921916111
871,6,0.6821040355068742,6.340916944769445,-122.06017615556124,-0.6133677193746797
871,7,0.1493942295980244,0.8055904767930907,-11.065462712946378,-0.0844691810148578
872,0,1.3477084874561345,5.921532782270177,-161.7049486029472,-1.2833726079598986
872,1,0.1049450969193303,0.3639999343361734,-6.355263332010477,-0.0477839348271464
872,2,0.4133617711193317,1.937885286632243,-43.441840642052846,-0.3503374245326842
872,3,0.446425183782219,3.863043763173253,-70.37724756850105,-0.3998707248210287
872,4,0.3252949463801903,1.6318137589939814,-38.39533189877348,-0.2414800748350533
872,5,0.1637400525092288,1.158215316905393,-14.045351004654428,-0.0942641007023787
872,6,0.3495891835083323,2.53795914337789,-55.77079491629971,-0.281670681395453
872,7,0.1666503403556873,0.7158143756331828,-15.405067319590811,-0.1069796341638251
873,0,0.957964819546382,5.630038948917876,-109.06279221437408,-0.8939573132325743
873,1,0.1691263265369018,0.9800722170849542,-15.11950805473217,-0.1128321496621803
873,2,0.3927236944886854,2.2554947765082423,-38.31185728988736,-0.3246767566939606
873,3,0.4204625181382572,3.049951241589678,-62.94126218085327,-0.3724335040287176
873,4,0.2795532058289348,1.3091010374059828,-28.436806874426814,-0.1895787124961787
873,5,0.1230442441804841,0.534632064409983,-11.58119746440302,-0.0646994271754358
873,6,0.4162230292985065,1.9161441613406245,-68.10064683758671,-0.3474522797836056
873,7,0.1485610083173321,0.5506708060568394,-11.169985055015356,-0.0839848500377094
874,0,0.9563627980761784,4.516912162990347,-111.70120598975296,-0.8936096479180236
874,1,0.1575761464125055,0.6171235797494505,-12.407102736324411,-0.097693722333263
874,2,6.9416883368952345,34.810850946395064,-1376.2930959063626,-6.881465479531813
874,3,0.6252079825680695,3.538235324636916,-102.92268270373842,-0.5782173185603282
874,4,0.2329200014229838,1.1919797228035862,-24.75709993893569,-0.1509579264569249
874,5,0.2299766141718255,1.858990692625492,-26.422236609782583,-0.1651389788111411
874,6,0.6199373277116063,4.3554877989286185,-110.49541656246193,-0.5524770828123096
874,7,0.1589368591711315,0.7224762571575222,-13.380083811767124,-0.0969571290707762
875,0,0.750215752714799,4.738415440070439,-91.33867233975695,-0.6919596389375526
875,1,0.1534080764148417,0.6097411380691083,-11.355805536857686,-0.0915790769101426
875,2,0.344490965153678,2.5680284199259558,-36.18702396326602,-0.2827111247130158
875,3,0.4364835105591831,2.203464214594739,-64.3561063167402,-0.3876873874502421
875,4,0.2263285914694213,0.9425592850946124,-21.19204357388311,-0.1385100887181902
875,5,0.2084151030415462,0.94814775855568,-20.7638831056962,-0.1393549201724577
875,6,0.5345077753680259,5.040931997056853,-91.61164100845698,-0.4650337107028273
875,7,0.2286511257258906,1.3147501280351876,-25.35912569576011,-0.171345443890271
876,0,0.8524558758716146,4.222366361552459,-96.32219760807112,-0.7895262099022222
876,1,0.1775283383893968,0.5810781512030188,-12.978335288209053,-0.1118822007604228
876,2,0.4901135238823051,2.876518812454337,-52.82207308608962,-0.4259844603716904
876,3,0.4602224884429386,2.411808655004047,-67.31807707055954,-0.4104760796985338
876,4,0.2700204693841589,1.3452072494029703,-28.118109663359363,-0.1825851276841517
876,5,0.1653551411582375,1.411623935885319,-20.516561035876745,-0.1097142301383783
876,6,0.5262934445718135,4.412532347019442,-92.12795108921442,-0.4606397554460721
876,7,0.1950942263386108,0.7037942136084349,-17.601413848219906,-0.1313538346882082
877,0,1.1243899788489538,8.328811918954804,-153.88076241092762,-1.0686164056314418
877,1,0.1540896773532462,0.9509992690518267,-13.523029859222945,-0.0987082471476127
877,2,0.5321499136369422,3.702010470168106,-69.54721471374066,-0.4763507857105524
877,3,0.6875643882221532,5.498982075950606,-110.54379257358048,-0.638981459962893
877,4,0.2570379231268677,1.794198390238539,-27.23639053123676,-0.1723822185521314
877,5,0.2615279673417807,1.7014450537271566,-29.72162393747201,-0.1942589799834772
877,6,0.5433186165854641,3.150516694914999,-87.44607831529005,-0.470140205996183
877,7,0.1549837510101113,0.5874749938219173,-11.915684798402363,-0.090270339381836
878,0,1.680529308758424,12.846237793824644,-235.2595567383213,-1.6224797016435952
878,1,0.1742583194868308,0.6012896225776238,-13.162838330429476,-0.1106120868103317
878,2,0.5911279123732569,3.874133133605291,-62.843027607922174,-0.5236918967326848
878,3,0.6361108816379071,3.947173211969068,-102.99910226937246,-0.5885662986821283
878,4,0.2959759219450988,1.1050629640454457,-32.21460285914711,-0.2091857328516045
878,5,0.2850223047271983,2.1521708500020846,-34.78065476625561,-0.2201307263687063
878,6,0.7709058477676194,8.01390537540821,-138.70632308996142,-0.7005369853028355
878,7,0.1737020947189782,1.0558803198773286,-13.007494253974574,-0.1048991472094723
879,0,0.8977456821472609,5.3695826566483245,-111.5404585787854,-0.8386500645021457
879,1,0.1781314630280988,0.7979983770108927,-14.88229791173568,-0.1181134754899657
879,2,0.3837315154815335,1.928539809056896,-38.88211928506536,-0.3187058957792242
879,3,0.4019454739345796,2.34064490212287,-63.386140585713,-0.356101913402882
879,4,0.2540805850277514,1.7325208434192625,-26.60015403212225,-0.1694277326886767
879,5,0.2290820605016169,0.7626777534137928,-23.18022957973368,-0.1587686957516005
879,6,0.5053985686731989,2.6778221422235755,-87.57599730446952,-0.4378799865223476
879,7,0.2544477040149511,2.1527176410962743,-27.04213690802607,-0.1931581207716148
880,0,0.9740722497120182,6.131287562967636,-117.75208624892493,-0.9128068701467048
880,1,0.1232211117906479,0.6066050078197767,-7.858905899112119,-0.0628712471928969
880,2,0.3409024796570526,1.9477503599332409,-37.42695987745396,-0.2814057133643154
880,3,0.5835348939167523,4.519886041433422,-94.37054791254968,-0.5361962949576686
880,4,0.4371021797543558,2.2632221718466305,-63.67520465385426,-0.3617909355332628
880,5,0.1842676342332561,0.8794854557800122,-18.909158851913197,-0.1189255273705232
880,6,0.4250580882644471,2.136986374072805,-71.59294011374242,-0.3579647005687121
880,7,0.1269380480694554,0.5535138858765397,-9.527860152565372,-0.0666283926752823
881,0,0.8755727140523294,3.625895356131719,-101.66210890088271,-0.8132968712070617
881,1,0.254879241256,1.3565721339509156,-21.525631567273177,-0.188821329537484
881,2,0.4848716718949393,3.4905893918032262,-56.35854981156193,-0.4237484948237739
881,3,0.6547143213648992,4.068956601410876,-101.01125726754488,-0.6048578279493705
881,4,0.3527084694855775,2.0538720085772777,-44.52737770279997,-0.2715084006268291
881,5,0.1608898545007942,0.5531435830094075,-16.71026353682129,-0.099465854385841
881,6,0.3518734883633698,1.8635507775826228,-57.38359541360502,-0.2869179770680251
881,7,0.2091963898550783,0.7983366742312661,-20.334140453280494,-0.1473488438643514
882,0,0.7945768488830114,3.779934665631313,-96.2758576529886,-0.7349302110915161
882,1,0.1666377544332242,1.4180847486232806,-14.235686984346431,-0.1086693662927208
882,2,0.1540599726513928,0.5782145128109207,-13.904984402934844,-0.0979224253727806
882,3,0.478380496577196,3.3743008010779416,-73.59336989317526,-0.4303705841706156
882,4,0.2114925436513389,0.8447318283937179,-24.3812383270691,-0.1362080353467547
882,5,0.350043508566198,4.365308782712934,-47.00553909183714,-0.286619140803885
882,6,0.5055575128806753,3.2774445317662058,-83.4085438417286,-0.4344194991756698
882,7,0.1730174391286096,1.1320334497132662,-17.073181252245625,-0.1153593327854434
883,0,0.980949057534908,5.794558343065808,-127.49576256326527,-0.9238823374149658
883,1,0.1356120065767133,0.7598158324534354,-11.397232726188532,-0.0814088051870609
883,2,0.388219952228055,1.931665464859727,-40.14937119050302,-0.3237852515363146
883,3,0.3713578885697671,2.681597598302814,-56.51219657971968,-0.3247827389639062
883,4,0.4755229017972252,5.1639364277385225,-70.60782424138985,-0.3989142612507901
883,5,0.2504751995629344,1.6562532248088824,-24.96119689879229,-0.1770297652396616
883,6,0.4542606650462215,3.318508614131602,-78.18990674199625,-0.3909495337099812
883,7,0.1794158017948516,1.1327925759220243,-16.662455187069593,-0.1181734410430467
884,0,0.6172568404409262,4.064416787785953,-75.564086927196,-0.5597339772384889
884,1,0.1676363108170025,0.5007904018761777,-11.502699822032096,-0.1009008756318604
884,2,0.2933398994189788,1.620681766483053,-31.099855595269617,-0.2338335007163129
884,3,0.6507388002426397,4.2454224487603005,-101.0107193122472,-0.601254281620519
884,4,0.2430161542019725,0.8456925410804453,-25.00047542459586,-0.1582308571176953
884,5,0.2054238002195685,0.9301683859657378,-21.58582503604257,-0.1392633873293069
884,6,0.4249384149263181,1.8068058448390647,-71.13102299252007,-0.3574423265955782
884,7,0.1335032937336034,0.7088987274046233,-12.553022947044422,-0.0789498298556252
885,0,0.9574297607840744,6.027143995604188,-119.42161470901264,-0.8979068775113731
885,1,0.1754373263545603,1.0730001704764445,-14.048726289235226,-0.1142172869043514
885,2,0.2988711818415061,1.3735904406507664,-31.1489934399104,-0.2377785758771786
885,3,0.6962709587436351,4.571182235275236,-107.94881492868328,-0.6464000893933132
885,4,0.2970852217546801,1.3235626124892246,-38.56656736883619,-0.2203803849647782
885,5,0.1624725112738939,0.6936831237674417,-19.09072719155529,-0.1054736308925706
885,6,0.3213500090929708,2.191719448690216,-50.44102926970376,-0.2534725088929837
885,7,0.1643876530809402,0.8805011593317392,-14.708175418370068,-0.1035787001293666
886,0,0.9307593372459791,5.276845896547911,-119.58113270568911,-0.8728549832532053
886,1,0.1186331695655633,0.5566116938591718,-6.7800196705306695,-0.0560332204176088
886,2,0.2204792211044967,0.7833072396203365,-21.095402941804647,-0.1598136586500352
886,3,0.7407628712142346,5.086941252625326,-124.9188022185452,-0.6939933456585845
886,4,0.285843638735994,1.247661820408842,-36.92112290496341,-0.2097791074145648
886,5,0.2616944568420647,2.516218624136939,-33.82417150340996,-0.2001430266473962
886,6,0.566143873463767,3.9450157229583,-101.13565104571492,-0.5056782552285746
886,7,0.1528087378692562,0.6427306519927208,-11.989841940364318,-0.0888136440026986
887,0,0.9461814898477102,5.538940437906414,-114.1425793030364,-0.884826196147569
887,1,0.1366029964976414,0.4790604077939288,-7.8645974971613875,-0.0695982079394813
887,2,0.2890897651475616,1.4302288763069582,-29.04163450672599,-0.2268877695837968
887,3,0.3992953630783835,2.560396620585242,-63.44959541676829,-0.3544670135014988
887,4,0.2601807107076301,1.0431940315442405,-31.40188526695402,-0.1825691003892675
887,5,0.1938101000744003,0.9790691229072656,-20.43751802679761,-0.1285378492251422
887,6,0.8023981432187614,7.920838889170456,-148.0560031495113,-0.7402800157475565
887,7,0.1454341724334966,0.8022230905181237,-11.58519987494763,-0.0833467616902707
888,0,0.9414783475607308,6.334540348497975,-121.0416989099115,-0.8835160504373102
888,1,0.2193689585038701,1.2067055289881687,-18.652616755236224,-0.1567446786154304
888,2,0.3244761076598023,1.626647275856992,-31.2317819872539,-0.2581139007211066
888,3,0.5451309332767559,4.499247155672231,-85.50018991419279,-0.4970941274080976
888,4,0.2633249460097234,0.8487333361369317,-27.95865559501966,-0.1780806088854755
888,5,0.2479516870028157,1.2117683747336097,-29.879967147863084,-0.1844442416534758
888,6,0.6631955823381306,7.511903395132486,-121.03224286318844,-0.6051612143159422
888,7,0.1532278982222224,0.6240237114693806,-11.757481744810873,-0.0884021183820366
889,0,0.7808955223551929,4.408810874209442,-97.6440435134272,-0.7232892112105718
889,1,0.2346161360789498,1.8392278675240687,-21.37370982669261,-0.1737699985909968
889,2,0.3806491667369675,1.5032044125205954,-37.68832227599077,-0.3140693522999231
889,3,0.5043508824594528,3.6000403635560296,-77.5171173628112,-0.4559830433106541
889,4,0.2534012699272899,0.9773378255684284,-26.322285764962565,-0.1676578711144112
889,5,0.2068144119480016,0.9809570525722796,-23.17187927925577,-0.1430362918472578
889,6,0.4481240388836738,2.981185808271332,-77.24285089168824,-0.3862142544584411
889,7,0.2059369427048346,1.0896793560651294,-19.58333692735327,-0.1429440651631625
890,0,0.5367022961277692,2.6793664653053373,-60.58828199563428,-0.4770730865797974
890,1,0.1999987727503848,1.0002936921448389,-15.628206953317136,-0.1347259220113546
890,2,1.0489198512952882,8.708522131324552,-120.67587587772934,-0.9811046819327588
890,3,0.4424159592914115,3.196501095009114,-65.25731528540778,-0.3931163571410107
890,4,0.4324075018028263,1.5520997116685038,-56.05432840267591,-0.3503395525167244
890,5,0.2221330705205547,1.3471555626442606,-22.99179230139673,-0.1532786153426449
890,6,0.424888197067055,2.2308999741839117,-71.94034769850981,-0.359701738492549
890,7,0.2616671475424619,1.422127517665968,-25.16965551057225,-0.1951136086090872
891,0,0.5253664548389354,4.075851881065792,-63.276731456823015,-0.4687165293098001
891,1,0.1683822554626653,0.6491362989812077,-11.678799994535334,-0.102445613987152
891,2,0.4771409229389179,2.6115477370665725,-44.02615644862304,-0.4039096921892021
891,3,0.6617877331018489,5.616255991326769,-102.1321966819962,-0.6115700400119534
891,4,0.332442851138174,1.770165913738723,-40.9288549769511,-0.251097269797246
891,5,0.3525482811812073,4.500415492836621,-50.19707622558918,-0.291843466427844
891,6,0.3682423863819041,2.9805180651912213,-61.2694170487209,-0.3063470852436045
891,7,0.1275172512603005,0.4819699994343462,-8.232563910954559,-0.0623679084163224
892,0,0.8395116696499563,5.209943828423926,-100.5768686281144,-0.7796656482799565
892,1,0.2198313059237779,0.9642188289995496,-19.80382742068567,-0.1597082856506909
892,2,0.4506682006335618,2.5405456242444644,-50.50817876261733,-0.3885244520201333
892,3,0.4293074665026694,3.330987201420061,-66.54160210065746,-0.3824230005784911
892,4,0.3227659875001707,2.019557721615865,-39.65010886964299,-0.2417689565222133
892,5,0.2642335064690099,2.0314597233284943,-28.97661409282448,-0.1944739200860703
892,6,0.4783263092868561,4.0407602085011805,-82.23269574877004,-0.4111634787438502
892,7,0.152202385988743,0.9679860566583988,-11.159060814477195,-0.0858389293421322
893,0,0.545339653862389,3.3231806067385024,-65.54860563561363,-0.489168698773236
893,1,0.1602189310473462,0.7716863725459168,-10.635705809762646,-0.0932956649979179
893,2,0.678902328077405,3.3206273650570592,-71.44513551989405,-0.6106421839307183
893,3,0.4668912286122623,3.2795352695553603,-69.30110280673865,-0.4174765229321606
893,4,0.2785760430831417,1.418312092807106,-28.21408527544868,-0.1893562770164341
893,5,0.1984797357625211,0.866137290306009,-22.73368160800148,-0.1361298299880327
893,6,0.5208921865452436,3.4880785898996147,-91.46319721920376,-0.4573159860960188
893,7,0.1917265598933367,0.8767875434607635,-16.093031593622516,-0.1247521828962985
894,0,1.0350979030409198,5.293682130144756,-127.68288137441574,-0.974678483774166
894,1,0.1301398367004277,0.3757682926220443,-8.192571228557055,-0.0677072002360087
894,2,0.417217825374209,2.0644767318846142,-42.668346049046576,-0.3526309590830295
894,3,0.7038696031698385,4.56104170734341,-110.60872498462152,-0.6544894969504232
894,4,0.3988654105682745,3.7706677387072074,-52.87304012662123,-0.318512289919405
894,5,0.16523660182781,0.6431867139024352,-13.94690962568726,-0.094876936229165
894,6,0.4350316401273369,2.341076924680949,-69.2876527846202,-0.364671856761159
894,7,0.2641615912503826,2.482106227806884,-35.72220053899995,-0.2126321460654759
895,0,0.9472700649732096,5.9258263793003065,-114.3277323348356,-0.8862614909677179
895,1,0.1800883400713298,1.017297774149866,-14.611993659710835,-0.1187966964204133
895,2,0.4087250190505799,2.311808520050808,-41.03237645433358,-0.3419364704527798
895,3,0.5693902469021925,3.7285576043044175,-91.3908202071498,-0.5222332583265702
895,4,0.425916790347521,1.8322584680047616,-52.3615861731172,-0.3400102998254363
895,5,0.2023080058032594,0.86240570317041,-19.649115647334757,-0.132764294914424
895,6,0.4376656169888624,2.846643472739493,-74.95901423162344,-0.3747950711581172
895,7,0.1670249091676386,0.930753973370234,-14.95912756335906,-0.1060931032862344
896,0,1.1899600027886337,7.017519990934977,-157.29138537700084,-1.1315927005539628
896,1,0.3153874783396193,2.768038716906149,-28.763804073248863,-0.2501200354195553
896,2,0.2005426384574207,0.8981396612466382,-18.665551216050968,-0.1403424903462478
896,3,0.6613353243383587,3.044696981995175,-106.0807963443672,-0.6131837938980763
896,4,0.2844351085078004,0.9284855647279798,-29.10748598503502,-0.1953522549331209
896,5,0.2717192891912096,1.4302598450834012,-31.2848674529309,-0.2044762578622934
896,6,0.4162197342283142,2.356086689031354,-67.18604929802385,-0.3463198417423909
896,7,0.1760079939225765,1.284892521754954,-14.829399495470886,-0.1114992443268487
897,0,0.6967660908077855,5.026126240363587,-85.657837159574,-0.6392375907430896
897,1,0.1693992714164046,0.8444304363746802,-13.616443555172198,-0.1089315484413775
897,2,0.3615402137544839,1.545176017357009,-34.33084655829615,-0.2934260389597962
897,3,0.7293784781602388,4.898726841445558,-114.14350549540026,-0.6794256279488111
897,4,0.2381914539813463,1.161882087819415,-21.68613300025649,-0.1475247142874591
897,5,0.2063764452927076,1.2296617915022698,-21.028587686727167,-0.138345971623205
897,6,0.406726337406673,2.10231074284783,-67.94539369144215,-0.3397269684572107
897,7,0.1385396130364299,0.4735778844164984,-10.980340813825288,-0.077326343759333
898,0,1.12902477210823,6.918285812849488,-153.3499633473139,-1.072377366065132
898,1,0.3158171318417633,2.2697190106386227,-35.05851427758529,-0.2596926983524836
898,2,0.4451686015905261,3.4323801410632737,-43.11544451334844,-0.3749169088117255
898,3,0.5391047038452758,3.3870773647582517,-83.45684218577043,-0.4909226010927672
898,4,0.2840494671942835,1.387335898070346,-29.331625033822533,-0.1955441668921502
898,5,0.2216747363258644,1.568461246145768,-23.83117888674417,-0.1547479148489881
898,6,0.5928963802899707,5.829292037247544,-105.20709902423316,-0.5260354951211659
898,7,0.1241575845872118,0.5989157135910063,-7.692234491733653,-0.0582745037252549
899,0,0.7238616773018892,4.07400399702513,-88.63154209037205,-0.6664025721080605
899,1,0.217247003306012,0.9285101753860348,-21.875907598222227,-0.1620437599868313
899,2,0.3380704287640763,1.2747727576221213,-34.756827171369494,-0.2758478346934087
899,3,0.5929674302264955,4.390506310289435,-92.49967118023508,-0.5441157128249122
899,4,0.2383853244059653,0.8151084534245786,-21.905949155071216,-0.1480131699666974
899,5,0.3549190925288473,2.12629725025086,-42.56257352505646,-0.2856548558728621
899,6,0.4380895616513024,3.460000240515152,-74.73718603954659,-0.3736859301977329
899,7,0.1671523027933107,1.0455899135194444,-14.220750018954709,-0.1038010950288664
900,0,0.5662057651131658,2.9232709052408827,-67.1659472109488,-0.5088329334162788
900,1,0.1586090545603604,0.5786477225431836,-11.42946045451301,-0.0952455037876084
900,2,0.2231467618356394,1.6047951406973144,-20.431861351123235,-0.1608807980403404
900,3,0.3820244504759893,3.783908830582961,-59.84655654965482,-0.3362166098295214
900,4,0.3421993371775527,1.316853221873057,-39.10713241997414,-0.2556021726795696
900,5,0.2566377344850614,2.73266172788446,-30.238851536217613,-0.1913851363051747
900,6,0.4912344752931266,3.3688619614667075,-85.35228509320726,-0.4267614254660363
900,7,0.2000692417435529,0.7044382931276394,-18.39073978713926,-0.1362277021269574
901,0,1.1435978068705337,7.856602639800292,-135.0787120706306,-1.0806296965650446
901,1,0.2488747286648802,1.614013141842625,-20.30783582409684,-0.1813199627151503
901,2,0.2601483921493267,1.9041072983956229,-24.79575729836435,-0.1967917245901932
901,3,0.5504983285125868,3.882793471933221,-87.49727705894418,-0.5028579141318631
901,4,0.3717059173449402,2.174475948182227,-50.365340592674,-0.2945341555127134
901,5,0.2831909920948697,0.9819583306507536,-28.98104338822433,-0.2084967150231966
901,6,0.3367766542874602,1.7926414939582416,-54.0067332903866,-0.270033666451933
901,7,0.1975861170577621,1.944680106307353,-22.50571025179557,-0.143348472941373
902,0,1.0388716352380982,6.973268108916842,-132.30683697930223,-0.9800506442911276
902,1,0.1704375558135587,1.026597740985438,-14.671433964519304,-0.1119956791184679
902,2,0.35086942038033,1.7233429478348057,-41.92622741160126,-0.2952551226169103
902,3,0.42621252726926,2.8502321499506675,-66.86130350895773,-0.3798937699372598
902,4,0.3743791525876081,1.6850998651895523,-48.000720947168666,-0.2944829505961268
902,5,0.2940017454784869,2.016609916214176,-34.65161519475831,-0.2264811450637797
902,6,0.2835800299709876,1.5401433890858696,-44.059526315244746,-0.2202976315762237
902,7,0.143582462953997,0.554346190656828,-9.925607869393668,-0.0769426966619664
903,0,1.4875668757344027,7.679946866788421,-196.95257851593684,-1.4271925979415712
903,1,0.13961975055487,0.6402918989912102,-8.052854151831175,-0.0719004834984926
903,2,0.3171257816149568,1.843707635766368,-34.90504163033659,-0.2585558639284191
903,3,0.5087912341430023,2.958685670101778,-77.20401794342453,-0.4595477258537174
903,4,0.355614634263909,2.029060602468167,-40.065252941156544,-0.2671016862743769
903,5,0.2461835424056058,1.0207830588703526,-32.13761793383403,-0.1857665776522198
903,6,0.529751350416936,4.582004662306151,-93.56735282422063,-0.4678367641211032
903,7,0.1810190063409397,0.9816050405890646,-22.21968901437665,-0.130704053025745
904,0,1.1522017390518682,6.4698403106752735,-151.00739088491855,-1.0942564556878156
904,1,0.3127244875746089,3.31302654857308,-33.66622824227147,-0.2550471836535717
904,2,0.4669110966485333,3.069387946251276,-58.38661447295728,-0.4111733413588541
904,3,0.775584854195772,5.858097384166245,-131.8501846520702,-0.7284540588512166
904,4,0.3234280675277006,1.393346542687174,-35.91567028223578,-0.2362873044883933
904,5,0.243041196940975,1.3086122859011124,-24.32897658433092,-0.1701327033869294
904,6,0.3944219059404076,2.552028102345313,-64.54909825830059,-0.3260055467590939
904,7,0.3970539400987237,2.598754369934018,-53.3190507945606,-0.3417887871446192
905,0,1.365541841155318,7.933474713778436,-159.78606518845237,-1.2990737007191249
905,1,0.1449236363350045,0.864582663514928,-10.109947827175729,-0.0828684248129158
905,2,0.4217014646308918,3.478129348883031,-50.25086900184865,-0.364136731897454
905,3,0.5777945285592362,3.986208746360082,-98.57689772211148,-0.5328480957951971
905,4,0.378670447754906,1.7538099436123546,-48.92102484742608,-0.2982989319965005
905,5,0.2238710775833987,1.1813853764539324,-21.617153358362884,-0.1511689046039362
905,6,0.5032891034961174,2.1923502368589918,-87.77262239006207,-0.4388631119503103
905,7,0.2486186027250337,1.804332113569259,-30.40564541245148,-0.1936665312894998
906,0,1.1377710986138674,4.655511826078809,-135.410420264747,-1.0746858751170396
906,1,0.2063391561351386,1.4129803517510504,-18.767833738706567,-0.1477782184150123
906,2,0.4558991626545083,2.34514034104114,-51.45767124130449,-0.3958282403177268
906,3,0.2776764495238658,2.3627920057667446,-45.06659260274568,-0.2359507466112339
906,4,0.3037895489269379,1.2652428713981796,-33.57126131671087,-0.2179952033552653
906,5,0.2297289584944409,1.2592917688345329,-22.84325165727818,-0.1575396666019184
906,6,0.3834247484649855,2.4819075599449203,-61.129934032298415,-0.3134868411912739
906,7,0.2054923703448982,2.080042263670243,-24.497039406485523,-0.1521555242638852
907,0,1.2530222308249948,7.523473704577813,-148.41774972135775,-1.187341997770862
907,1,0.1451051839862016,0.585484939868238,-9.97575923941408,-0.0824442912348271
907,2,0.7090654977334806,3.679971233613902,-87.6012408524499,-0.6488980803885178
907,3,0.533855115471482,4.126741373061039,-90.02091531693873,-0.4892441049833626
907,4,0.3111451181693122,1.2427004220182991,-35.23993260701891,-0.2258970038911468
907,5,0.2213376177426584,0.9019040765825944,-20.861215654100025,-0.1479518840716313
907,6,0.355196542734607,3.048353709393447,-55.29820296137376,-0.2850422833060503
907,7,0.1554060284988956,0.8956732088098366,-13.16951803391193,-0.0940679859565137
908,0,0.8157482563479608,4.283132803596829,-95.87619899072006,-0.7549307007143311
908,1,0.2205007784463327,2.2169897914511023,-24.026159131743977,-0.1680150988233844
908,2,0.3307594281564647,1.8970562292582869,-35.662891255447455,-0.2701734186018746
908,3,0.5702982666805808,3.159541962482096,-94.36619388071382,-0.5242566326706324
908,4,0.4947975206371013,2.1466131262079657,-67.83755095238578,-0.413643603368206
908,5,0.2602667882754174,1.877604005608772,-29.707712884701305,-0.1929072265240344
908,6,0.4866941337170001,4.126182444517791,-82.7508422743075,-0.4179335468399369
908,7,0.1861507888405734,0.8979916325876695,-15.749996599830515,-0.1202289816780955
909,0,1.2667941788875403,6.086692761952705,-169.07621450595929,-1.2076872464711377
909,1,0.1768897232790754,0.8538606945849866,-13.115987038694612,-0.1121024533221761
909,2,0.2893513629689881,1.6917113345288983,-29.33808601930485,-0.2274270234054639
909,3,0.4866030955253196,2.7103725707232,-77.47199341105863,-0.4401817807446513
909,4,0.3519215056294304,2.367646400023512,-45.92023645890223,-0.273334740826799
909,5,0.2157945395521191,0.8700924835750936,-20.043924715595335,-0.1421554944368463
909,6,0.4936673523216165,3.143280724781554,-85.95274720037968,-0.4297637360018984
909,7,0.213871981286474,1.1958560995708305,-20.7694281824841,-0.1516016655655773
910,0,0.707869236513019,3.6037393592948166,-80.12710573206773,-0.6461863365489333
910,1,0.1336483495980278,0.6268126804108178,-8.148871142426744,-0.0690582300205656
910,2,0.2696521440827825,1.8694584088125143,-27.03727722771625,-0.2079790555978173
910,3,0.3254145771175489,2.586545040842842,-48.83316256456845,-0.2790466432261054
910,4,0.323403998150762,1.4921807334477766,-41.42555332163636,-0.245121617287789
910,5,0.1758520580280452,0.8560546604353965,-15.088354117093058,-0.1040576146006417
910,6,0.5427346911415929,3.784705153101244,-95.04876955608448,-0.4752438477804223
910,7,0.3496387463688657,2.899751521442542,-40.38924023426874,-0.2884945731019195
911,0,1.012362815432305,5.097529756737383,-121.77914642398731,-0.951399581437401
911,1,0.151242827594224,0.5677761184935446,-10.888248270644484,-0.0892479366446269
911,2,0.4948030406391711,3.266831469715518,-51.74460760780089,-0.4276413851884371
911,3,0.4848689857563018,2.8361900207158808,-76.63944452664488,-0.4379396830093993
911,4,0.3238388903588245,1.365161633756644,-38.78756337679392,-0.2409165427130057
911,5,0.3339203945145237,2.9860681603139194,-46.28290069359104,-0.2738633177135564
911,6,0.630156275897851,5.449520702820117,-105.21679510011744,-0.5567026195773409
911,7,0.385608822847396,2.78509208960393,-47.7020818603114,-0.3267265880843246
912,0,1.522600705593497,7.060872141631629,-204.81196187261236,-1.4629425848043738
912,1,0.1652512064827882,0.7010642568315766,-12.58607084023516,-0.1031645150838947
912,2,0.4596413856729461,1.9228801575240624,-48.62544407564091,-0.3953288136230968
912,3,0.5961619383724198,4.603149126013139,-88.87734877395337,-0.5452598084291618
912,4,0.2611288119095948,1.522870823985526,-31.06030348050955,-0.1827076675324091
912,5,0.1833170052972437,0.7245317567625766,-19.84272136389994,-0.1202589173569693
912,6,0.4094687746875024,2.304593356473862,-68.81403175483472,-0.3440701587741736
912,7,0.140613641011199,0.4807592334465455,-11.933762111076406,-0.0817380966512082
913,0,1.0859329355310656,5.662198842360542,-133.1639253857392,-1.0243378875826092
913,1,7.578468012729569,34.012540757013426,-1504.4976169127106,-7.522488084563553
913,2,0.6008167730000161,5.522857688169383,-71.06504251973406,-0.5383715342404096
913,3,0.5502955032971596,3.374238211280208,-81.47599072182811,-0.4998527038148964
913,4,0.3120127447440983,1.1388158244386375,-35.1418967565547,-0.2267219145584174
913,5,0.2605098231506947,1.5681051787543014,-31.73810008762515,-0.1971310564448767
913,6,0.4928648748118718,2.349430054251979,-79.21844603898437,-0.4213747129733211
913,7,0.249292001708446,0.9748237494680182,-26.383876249850445,-0.1884562589275031
914,0,1.2445994197479369,5.788321152738916,-157.3830092471697,-1.183330896595261
914,1,0.264457788061552,1.3420785093863985,-26.9005094293554,-0.2069269956104261
914,2,0.2378659488190189,1.7734357350854442,-21.9162243758873,-0.1739382886975182
914,3,0.8080307638224906,6.810821435521486,-136.08699885928704,-0.7602625634597041
914,4,0.2616658526815491,0.9378520287535526,-28.77699305552957,-0.1787390873014259
914,5,0.2341763012292169,1.204614258503231,-25.56485458582116,-0.1670905528485043
914,6,0.3377340336068926,3.265254756551158,-54.03409979422327,-0.2701704989711164
914,7,0.2641974694287513,1.6402507093181125,-27.8745766131593,-0.2019896856026036
915,0,0.9402757712865178,6.158161115978784,-125.65209331371886,-0.884873896575485
915,1,0.3034055856453879,1.697539057550569,-32.01764884785861,-0.2462896065219893
915,2,0.6295322392994629,4.099084985395394,-72.53446534247546,-0.5666755104880895
915,3,0.5828901601790727,3.1936504944312984,-91.44918556744793,-0.5347905588739645
915,4,0.2579216169204032,0.9861246261618568,-26.048885720484268,-0.1702541550358449
915,5,0.3221238020982285,1.587372749763618,-38.01079408145967,-0.2534052938763978
915,6,0.4137265351305643,2.8893174928005547,-66.58398410941963,-0.3432164129351527
915,7,0.1835813151113657,0.7422781386040641,-14.693252535151732,-0.1156949018515884
916,0,0.9895571330619618,5.796265156306612,-113.89655443380956,-0.925988247429346
916,1,0.3893708379813977,2.816630963258996,-46.875519965425504,-0.3348251426101821
916,2,0.3848923263969392,2.3803866634261768,-38.79645514408291,-0.3180037306892042
916,3,0.6576416186356494,4.371615326746876,-105.4103246359044,-0.6093082348896207
916,4,0.4686594830876172,4.222519235495393,-65.89928329328396,-0.3899365875342246
916,5,0.2072754952961832,0.8034624349222277,-20.721692404082383,-0.1381446160272159
916,6,0.7822231674383157,6.822078609530885,-130.1715976132464,-0.7074543348546001
916,7,0.2383363732403811,1.4861033573975195,-22.86390364458049,-0.1732113912468219
917,0,1.2150089458735416,7.517084769649195,-159.478708841004,-1.1556428176884348
917,1,0.1990927213693462,0.901412252773984,-15.340551146250975,-0.1333960969239215
917,2,0.2789463445013314,1.621580655474724,-27.212175112383875,-0.2159696437490783
917,3,0.4572569054939113,3.628114435695984,-73.18925673383359,-0.4111755996282786
917,4,0.3541429553270873,2.224566477625329,-48.65750320365368,-0.2780428754494496
917,5,0.1998471760741701,1.037174814658665,-18.26569050216368,-0.127732101413732
917,6,0.4392394076252502,2.485341295508554,-71.25994403993325,-0.3692225079789287
917,7,0.1447925976389078,0.9644414371929078,-13.10120165739277,-0.0873413443826184
918,0,0.9340354663779424,4.771865985597291,-111.79308168334032,-0.8733834506510962
918,1,0.2262785020848504,0.7407334536270097,-18.40002661099788,-0.1600002313999815
918,2,0.4711519118209351,3.721536493563245,-49.37615786484118,-0.4047226054495179
918,3,0.635913989994821,4.628895020977999,-109.25645846321902,-0.5905754511525353
918,4,0.2947302159188034,1.6257024358619436,-35.00919556735455,-0.2134707046789911
918,5,0.3645103297692186,1.7468062562583295,-44.03291221050265,-0.2955229007416285
918,6,0.3795361819051261,3.3504511068400946,-62.37664598830212,-0.3118832299415106
918,7,0.2064561994040857,1.1588833246516794,-24.15782477698789,-0.1528976251708094
919,0,0.8763123385367758,4.1820179281256085,-102.75808796632847,-0.8155403806851467
919,1,0.3185010396036789,1.870933932771872,-32.92059901692721,-0.259217315093915
919,2,0.3518577335445405,2.043817393204604,-42.32379406493062,-0.2959705878666476
919,3,0.3820481582163103,2.024018117526747,-58.73598432992839,-0.3356341961710193
919,4,0.2136158293524376,1.5468878111858149,-21.811286517692395,-0.1321896152587418
919,5,0.3411506996398282,1.5071958967107373,-48.46973605306807,-0.2818007910062097
919,6,0.4484517338958865,2.379322132703811,-72.2912388558571,-0.37848816154899
919,7,0.2806699833823567,1.6479862660159557,-33.7933519441352,-0.2237970327426172
920,0,0.6766620098606189,4.258548750837306,-76.288768220436,-0.6152320017777096
920,1,0.2668327459100675,1.7028563641006995,-26.09871926651992,-0.2071326925914279
920,2,0.289784683518457,1.3618133398975942,-25.665769574839096,-0.2212566342658543
920,3,0.4812224258572485,2.7559635287073045,-70.26238347920076,-0.4310575673570599
920,4,0.4337877264879529,1.757876725474622,-60.50067622171552,-0.3558863307159736
920,5,0.1836093504786063,0.6701990088290922,-16.1426865162208,-0.1121019896959777
920,6,0.4429177458458669,2.804518614517893,-69.30361461432791,-0.3706075647825022
920,7,0.1901624395349233,0.7314428080506444,-16.4984865342564,-0.1249885343504272
921,0,1.2897184011803422,7.304432265242271,-162.13449371132282,-1.228291619025173
921,1,0.1817050008390005,1.06340661845581,-14.48482427569175,-0.1197092915346425
921,2,0.2824527477090012,1.0445564523666178,-27.18413413953782,-0.2192268882220792
921,3,0.5398453018565418,4.402298873504388,-79.75249419108415,-0.4892791054667739
921,4,0.4288692783720307,1.8242595532554755,-57.992774796292345,-0.3493540650379056
921,5,0.2714327380198726,1.9549473539732904,-36.15377158425059,-0.2114255648201789
921,6,0.5237171534606503,4.096418491952962,-91.1777362138811,-0.4558886810694055
921,7,0.2514479560045173,1.2749419724263682,-24.597154856222332,-0.1863420822441086
922,0,0.9484071056043116,5.681029316854427,-120.99368108255126,-0.8896594197246417
922,1,0.2544031942413545,1.3207755612093182,-25.814438087872947,-0.19705677929674
922,2,0.2879619867203191,1.8523431093131577,-34.98678777736573,-0.234810656223931
922,3,0.5595869101416967,4.279897338268714,-82.99508893207296,-0.509172324736644
922,4,0.4111087726163346,2.465543541873793,-51.56674986452833,-0.3263718345856223
922,5,0.2484483105489532,1.551122628175054,-35.700348190206554,-0.1929748550821975
922,6,0.4363781219745974,3.261569923545617,-75.48160600096291,-0.3774080300048145
922,7,0.1176483784499348,0.4585014720926815,-9.063442132437958,-0.0604229475495863
923,0,0.9839721724518892,7.500929622326088,-117.08959302688136,-0.9219652994242628
923,1,0.2607943205308257,1.3228297834734173,-22.898576700193413,-0.1974015232775294
923,2,0.5380541900225012,3.776696342463569,-63.54706994170077,-0.4777975183586524
923,3,0.4339579604580419,2.255273539992752,-63.90483572318859,-0.3849688898987264
923,4,0.3211719574569158,2.3618157825731987,-35.845440032152226,-0.2342839217787727
923,5,0.2390207740104095,1.335038456994949,-27.67311361783556,-0.1740447397348148
923,6,0.573407670435002,4.229877531612438,-101.33683139967874,-0.5066841569983938
923,7,0.1358465824555425,0.3990807792529335,-10.509016230098254,-0.0745320300006968
924,0,0.911008891151153,5.047562128629473,-104.23953819936342,-0.8474759203200278
924,1,0.226524278717454,1.17006488719055,-21.536204370599464,-0.1682515966453083
924,2,0.2009082024505113,0.8244292057995509,-20.848667696863675,-0.1457948789990466
924,3,0.5906731378003531,4.590117215969569,-90.2661717480003,-0.5405159984910198
924,4,0.2311113217230854,0.8639527302065281,-24.35320527112253,-0.1494061673075001
924,5,0.1961937025440947,0.6930681767568898,-17.554086516069543,-0.122755849762724
924,6,0.3597945050652485,2.9734204864608937,-56.1498178029949,-0.2894320505309015
924,7,0.1757938661393675,0.8260934354035936,-16.734536466754836,-0.1162120587969085
925,0,0.7558400254745056,3.8985797773588335,-92.0047396052668,-0.697005603070203
925,1,0.1554763434672679,0.7312007406134404,-12.687224668415244,-0.0975940359108864
925,2,0.2358821157429209,1.5469011732912246,-23.352382869372036,-0.175581826085504
925,3,0.5274104727981243,3.5872555268427604,-78.74034939117308,-0.4772142387343823
925,4,0.2070630818629635,1.2221745872939282,-19.50216494936912,-0.1234314237301843
925,5,0.1780436163483044,0.7599220194335241,-15.363832899829056,-0.1059574682746831
925,6,0.4702352353489741,2.5212080159272783,-73.52462453889561,-0.3974304029129492
925,7,0.1312077606277948,0.4860529751334251,-9.49849948447429,-0.0688297064092339
926,0,0.5316482415358046,2.6788737984963,-60.49574766242628,-0.4726230286127053
926,1,0.2084922940167959,1.0039850230640763,-17.34003203579184,-0.1457145549226205
926,2,0.3110158664200542,2.18200198855585,-36.32939527878004,-0.254051715236224
926,3,0.6275581112486966,4.6761778271339285,-98.29308121089603,-0.5781945953582119
926,4,0.2732994743673799,0.9751259448797328,-29.576583773588062,-0.1883858839082042
926,5,0.2852594052743604,1.7866924248066702,-32.12604976311034,-0.2156110722356398
926,6,0.4501523114811476,2.966311422145103,-76.71321111373871,-0.3835660555686935
926,7,0.1483130816728699,0.7225942936167548,-12.012630298355289,-0.086421800707592
927,0,0.6629970704493274,3.430684092832872,-80.48027397658916,-0.6051148419292418
927,1,0.2241007151338776,1.6611639382558296,-19.121579540643296,-0.160685542358347
927,2,0.6688817727744113,3.181010501057002,-76.85705837266057,-0.6051736879737053
927,3,0.5952458755481912,4.462121523043379,-93.48179349879152,-0.5466771549636931
927,4,0.3258282818293421,1.4729062578191976,-36.573172520895845,-0.239040343273829
927,5,0.2940463770894818,1.480332882171557,-33.8205828013718,-0.2254705520091453
927,6,0.5521490877087929,4.733714588764941,-96.613790689583,-0.483068953447915
927,7,0.1853656582913705,1.299758144109497,-18.81372820129001,-0.1271197851438514
928,0,0.6992245704846983,3.4298913500100703,-82.54349977563275,-0.6398720912839748
928,1,0.1615740476792852,0.9620981533916684,-11.901783473013095,-0.0991815289417758
928,2,0.2824456458160822,2.06293649076232,-25.30078210661433,-0.2144134076831723
928,3,0.5729091779764306,3.513997752221888,-82.3334195200257,-0.5210975918988968
928,4,0.2802315597167299,0.9066854283590556,-30.15745540009607,-0.1945642283877166
928,5,0.2062266878647294,0.8204032607428275,-18.970728213489444,-0.1335966775597848
928,6,0.4253697144692399,2.984171278678346,-66.7972321556529,-0.3534245087600683
928,7,0.3285907566508032,2.3160757081711965,-37.05211492825994,-0.2665619779011506
929,0,1.4148673916391648,9.178011144720898,-182.9011959390223,-1.354823673622387
929,1,0.2312337376400843,1.3440317344251096,-20.975738431498797,-0.1705344587926731
929,2,0.4720248302856183,2.9953436368825326,-50.90184778355898,-0.4072147822684718
929,3,0.6148278193824502,4.885317978893462,-96.83149321847227,-0.5662660422132881
929,4,0.333222823264904,3.5859429747096567,-45.20242772879651,-0.2568319757317983
929,5,0.1911355688781137,1.7715859196162165,-23.61041677755289,-0.1326427908851286
929,6,0.8600361255517335,7.672149330225495,-158.67209944082023,-0.7933604972041012
929,7,0.2967933921186461,1.767283714394468,-27.38127599755994,-0.2262915371699168
930,0,0.5767871126211888,3.526078443348012,-65.08241436355765,-0.5165270981234734
930,1,0.1291976859221962,0.5980643813237282,-9.63691757388873,-0.0719172953275278
930,2,0.302928721346811,1.334744298375259,-30.31178988754199,-0.240569761012238
930,3,0.3202942028844987,2.178976148146968,-49.88220376666912,-0.2755922860036968
930,4,0.3414136417964839,2.4325394799609805,-43.13998309677305,-0.2614544430107458
930,5,0.1993346166348347,0.8562525192611526,-19.053762497212325,-0.1287416384946778
930,6,0.3867540169831178,2.8427174888154725,-60.29999393373394,-0.3157067745221672
930,7,0.112704556696095,0.6006335583749389,-7.902012951038364,-0.0537551901431181
931,0,0.8929645331212399,6.053207067053385,-115.3116891930492,-0.8355919506742695
931,1,0.2120970273929,0.9318529078957016,-16.926263984884542,-0.1471849042163873
931,2,0.2243825252857361,0.9566424126340723,-22.87708604890397,-0.1669860295540435
931,3,0.5482657017866778,3.1763878138999075,-87.67338810125223,-0.5009907891500127
931,4,0.2861546187928182,2.5261109279843748,-35.86500735826002,-0.2085174846410466
931,5,0.2130417311088434,1.1504949856577082,-21.0101489494805,-0.1429261833297993
931,6,0.3231517443814456,1.844004028549576,-52.977342988683546,-0.2648867149434177
931,7,0.2711679002314321,2.60973457479476,-29.437506018952917,-0.2102679001353779
932,0,1.073061139903985,6.787351554054188,-142.2208385344577,-1.0158631323889835
932,1,0.1394607617293559,0.8119771031162585,-9.736878613356676,-0.0785232146238441
932,2,0.3221734753617887,1.929735870917645,-33.66234044825947,-0.2609483755679029
932,3,0.5471192787501993,3.0497823493454077,-84.7591171014362,-0.4985830417731541
932,4,0.316767878303287,1.9572196698879336,-35.10964858735915,-0.2294748273683604
932,5,0.1755538452596566,0.8427840775577786,-17.436225004402917,-0.1103558544582463
932,6,0.3535232724058778,2.330142165959296,-54.03345157557728,-0.2828976522281533
932,7,0.1309695685278156,0.4769596284345612,-9.900362181754652,-0.0702153346223734
933,0,0.8817070212811214,4.797432595186699,-112.06026963183996,-0.8239725708223528
933,1,0.1261422261742035,0.6644151526158514,-7.905144592209301,-0.0642694682293439
933,2,0.5091889202637637,2.250173624356551,-61.27330450939734,-0.4505390037455687
933,3,0.4808079591023057,2.9602845754758302,-67.7750385659048,-0.4289559402905367
933,4,0.3706508824851676,2.814827831383945,-48.65900726360604,-0.2913713009796769
933,5,0.2497009530847236,2.438296833650383,-30.61028502035851,-0.1866480793924299
933,6,0.426696418183819,1.6756759215393828,-72.56346231872628,-0.3628173115936314
933,7,0.1087136024289695,0.5660611111586172,-7.831591115243099,-0.0518648418228019
934,0,0.8483015328916976,4.63012131920997,-99.05871012813576,-0.7861802391121886
934,1,0.1858266876596147,0.9703772550489812,-16.76851565016852,-0.1280039362608284
934,2,0.3365546866890477,2.2020617942540226,-35.84433601635994,-0.2757256616643072
934,3,0.3678617368621205,2.58934755340522,-59.51814414560263,-0.3234681747043621
934,4,0.2918912653022286,2.709389473859209,-32.811484315739825,-0.2076676222515178
934,5,0.1567949084440032,0.6429418082891613,-13.157357478859366,-0.0877157165257291
934,6,0.5325054287643477,4.877671815326552,-88.59558361235858,-0.4614353313143676
934,7,0.1957174439614081,0.9518468980887912,-19.78875717871308,-0.1364741874394005
935,0,1.2957427599113274,7.838574506331555,-165.41652924916494,-1.2344517108146638
935,1,0.2603403274638554,1.1123510603486917,-26.858409396756485,-0.2034727984602764
935,2,0.4315740301398856,1.8058977702911967,-50.3322284848227,-0.3728313221097978
935,3,0.5332137446692068,3.882679932947175,-83.56885240194107,-0.4858654209415178
935,4,0.3172406759573161,1.5509955791022842,-37.63468130631455,-0.2352167581644659
935,5,0.1975304636680842,1.3685981781184406,-17.735126271839558,-0.1248952554354898
935,6,0.4861110637669626,3.605512445654624,-82.18214871510611,-0.4171682675893711
935,7,0.1657540708210555,1.0719899519686922,-15.27296992224695,-0.1060622911267149
936,0,1.5739128895091712,9.078950479848222,-200.8783740113496,-1.5103637143710498
936,1,0.1709081263138695,0.9607160471657732,-13.473898322905258,-0.1095438888041077
936,2,0.439212177119715,2.103677439792292,-44.95700384402714,-0.3746416987002262
936,3,0.7783292094128659,7.0657298177985775,-130.80442021100794,-0.7307509508994857
936,4,0.3995635163070979,1.808781484384892,-52.67913773731841,-0.3192675014382934
936,5,0.1896277051507945,0.9886819517692306,-17.05582965753808,-0.1184432615106811
936,6,0.4604029459442106,4.132987438019731,-79.42101000947933,-0.3971050500473966
936,7,0.1152126512116146,0.4179708674874753,-8.183545184818534,-0.0560516793480721
937,0,0.5750345942152875,3.455345287791729,-66.63014512698368,-0.5165127529223541
937,1,0.1811840881929837,1.3726880909082793,-15.49137958119974,-0.1219793667811003
937,2,0.4865025787063062,2.750816525178339,-56.26351195464407,-0.4262387269291217
937,3,0.6267476740081831,5.738842713242447,-103.15325754221033,-0.5795126828214063
937,4,0.3171899244220258,1.2644452419769607,-33.63717518342638,-0.2272782106988269
937,5,0.2171636578314277,0.9852001755036665,-20.30432150119858,-0.1440022801503445
937,6,0.3920264878510631,2.635028497973505,-65.98681320825594,-0.3299340660412796
937,7,0.1646520462941639,0.9040406293333036,-13.813149919005486,-0.1015672788162168
938,0,1.2353298837077578,8.952335399835095,-159.95778290859906,-1.1761601684455814
938,1,0.2003080124485971,0.8145033229789044,-16.85855868639257,-0.1381849072655128
938,2,0.3826149395230234,2.233978702086209,-40.997693750487706,-0.3202944824256852
938,3,0.7197991684230206,3.806405184309354,-114.04705648497612,-0.6708650381469183
938,4,0.2608909504336399,1.1654967963991487,-25.2891686607917,-0.1708727612215655
938,5,0.2240819523466246,1.3236456128613374,-20.59983802396671,-0.1492741885794689
938,6,0.3600686666962049,2.685291349940188,-58.190965843523145,-0.2924169137865485
938,7,0.2037024751129585,1.3309336643144738,-25.008503675930605,-0.1515666889450339
939,0,1.039512498877808,5.32662813328681,-125.20326664979564,-0.9781505207015284
939,1,0.1652016040715951,0.6210139141033021,-13.362449407864135,-0.1052161370697963
939,2,0.3826591590116153,1.966347079859713,-39.54699772675721,-0.3189274010222356
939,3,0.3144057849952501,2.0787470528722327,-46.72234482975873,-0.2685192231595329
939,4,0.3337884341273846,1.7590384407607615,-42.49407955146346,-0.2544555661764279
939,5,0.2459286567479418,0.9743094668819712,-26.30281085716239,-0.1765289319272643
939,6,0.371309769759962,2.677567952868801,-61.39908443034792,-0.3069954221517396
939,7,0.1612308849077292,0.7415502853885296,-18.673815769924683,-0.1104959513013294
940,0,0.7898502181299725,4.678463886175128,-96.48720946085096,-0.7309637080367497
940,1,0.1293256773243094,0.51366570840721,-8.57664795479893,-0.0686131836383914
940,2,0.2436557936992107,1.0737581186309912,-22.275460979990655,-0.1796408143547633
940,3,0.2615006728485551,2.553371540428817,-41.36357479182809,-0.2188548930784555
940,4,0.3059813500390186,1.3624181921258576,-34.54773886777465,-0.2214598645370169
940,5,0.210226646981213,1.296103434267253,-28.213546365523843,-0.1541723845110592
940,6,0.2975227558158466,2.036966521124985,-47.43937555367031,-0.2371968777683515
940,7,4.813172650859704,36.52761891395797,-951.793433715314,-4.75896716857657
941,0,0.872249667504247,3.969994455278837,-102.92538602722333,-0.8104361104505773
941,1,0.2278136853042028,1.2460055179012297,-21.2046732428208,-0.1682910574827047
941,2,0.250191952913007,1.1226478638219364,-23.14637004384861,-0.1866642745471661
941,3,0.350593958955955,2.4943346404268985,-52.28979859313979,-0.3040104569368592
941,4,0.3314029916418862,1.5362451490202529,-39.46652605396277,-0.2482171449934765
941,5,0.1529370711356987,0.6548697531339078,-15.37835866719376,-0.0915378492094866
941,6,0.3492248508764683,2.6234221448974955,-58.11495406086677,-0.2905747703043339
941,7,0.5681466784867695,2.9229618238256254,-83.30407231659005,-0.5142226686209262
942,0,0.8350527690885565,4.051395041211722,-99.98539501531992,-0.775080581514108
942,1,0.1256743736576908,0.5255517726695244,-7.226942616163373,-0.0612452764081641
942,2,0.27065201793925,2.0525689897625927,-26.936713926840078,-0.2088117358669773
942,3,0.3649313622185999,3.1297304330949047,-55.75532536350495,-0.3186018592200283
942,4,0.3844459332573289,1.661823983401445,-49.84690825056116,-0.3039445625034216
942,5,0.1200760177971232,0.4959006269855676,-10.127921071515424,-0.0592276086053533
942,6,0.3309291079794345,2.140714412306797,-53.344050200471024,-0.2667202510023551
942,7,0.3506682962359685,1.7907140599390623,-42.14360717554796,-0.2906455667279169
943,0,1.3694021852826523,6.939636200493135,-168.4794090356339,-1.3060419305087898
943,1,0.1767013406229559,1.051280101568408,-12.647912049782729,-0.1099818439111541
943,2,0.1675246868078299,0.9861805097597086,-16.87872989044198,-0.114045472232716
943,3,0.4131124300884195,2.892854748582374,-67.81876106894373,-0.3685802232007811
943,4,0.3287579411930054,1.9262539446775797,-35.59467360709404,-0.2388904268932485
943,5,0.2097952716759485,1.3497453934170294,-24.151089409053576,-0.1472627402991071
943,6,0.3575325988323409,1.707552572289783,-51.26750457852376,-0.2832458816493025
943,7,0.3755080369632744,1.4592162380697844,-45.45288826286357,-0.315645057380997
944,0,1.755530604304269,10.104226414205735,-230.2249801875952,-1.692830736673494
944,1,0.1605918699584438,0.7152704434335362,-12.52558883326602,-0.1002047106661281
944,2,0.2822725991362411,1.5328650863792614,-28.499182116232376,-0.2209238923738944
944,3,0.4980684612870641,3.562842187544337,-78.97758853907979,-0.4513005059375988
944,4,0.288540771306389,1.8572296218553008,-31.167466118722498,-0.2023861436280681
944,5,0.1880033788724032,0.9077357184436332,-19.747001068307867,-0.1234187566769241
944,6,0.4839328961017133,3.939476872802,-84.35666274174109,-0.4217833137087055
944,7,0.5478875083631826,2.4384985706892395,-70.21816862367228,-0.4876261709977242
945,0,1.2748306777424168,7.629745774017823,-165.2399242796299,-1.2149994432325728
945,1,0.1798573945116859,1.0374273808216656,-13.638848080108756,-0.1155834583060064
945,2,0.2564321973582371,1.9541574175778,-27.658030465596728,-0.1989786364431419
945,3,0.3820176507921993,2.4321639411581257,-61.0440786661912,-0.3372601031281282
945,4,0.2629091681944629,1.1619902480500253,-26.42103917611989,-0.1749737693782774
945,5,0.2449020697716149,1.038181428669028,-29.344788155623693,-0.1811406676273067
945,6,0.2272387974247527,1.4063821549532496,-33.82888462156713,-0.1691444231078356
945,7,0.4167765055224046,1.7772690191844749,-53.57346082762853,-0.3595534283733458
946,0,1.4393647979147854,8.245755659750131,-198.979025015675,-1.3817987848310764
946,1,0.1164814775449606,0.4256558121527017,-5.889754409376533,-0.0507737449084183
946,2,0.2014403910539922,0.748213255976097,-19.13293939810351,-0.1427831298365933
946,3,0.5267750470496999,3.909792819761842,-92.9001593995772,-0.4838549968727978
946,4,0.3620658367344072,1.302845378209312,-43.622807970425136,-0.2778522800664021
946,5,0.177795885577229,0.7092509098331973,-19.722807197391077,-0.1167030011679945
946,6,0.2584361487431781,1.306170016037636,-39.82034409388816,-0.1991017204694408
946,7,0.2909789809216422,0.9888732340575664,-36.445381623495855,-0.2351314943451345
947,0,1.2380294700750618,6.992884467172487,-155.4015510512478,-1.177284477660968
947,1,0.167727897707521,0.7699254849525381,-13.7525602641795,-0.1082878760959015
947,2,0.3394149060787936,2.4704814311623315,-37.60670139904109,-0.2806470253659783
947,3,0.6053270496388901,5.813114095440729,-99.95608343116868,-0.5584138739171435
947,4,0.2492973082824471,1.16930399251728,-26.486721170685176,-0.1665831520168879
947,5,0.1591016790795675,0.9665782909813364,-14.071989147478495,-0.0913765529057045
947,6,0.2824392386281747,2.079414653065523,-43.87119340148942,-0.2193559670074471
947,7,0.2624374420653551,1.315837249814234,-32.87198132467325,-0.2080505147131218
948,0,0.8856284527285397,6.13465648496357,-104.65484990450368,-0.8240539362559346
948,1,0.2283995600816065,1.8019483685711444,-20.099870633846088,-0.1661146333375709
948,2,0.2280644789803991,1.0983770019206176,-24.330139926382422,-0.1725541838750526
948,3,0.3540726026930751,1.9774133225372643,-51.40453789025349,-0.3059793922038898
948,4,0.4560010122404809,2.1029190928495884,-58.434247114551845,-0.372192656780585
948,5,0.1252063107082352,0.574157147550897,-8.435112520847957,-0.0558616723234964
948,6,0.3648002100026931,2.2769492932702566,-60.29379615196496,-0.3014689807598248
948,7,0.2858696037129129,1.7369415855538493,-27.47411061693858,-0.21804849695983
949,0,0.7753602454439233,5.713625443526037,-100.00052123438024,-0.7194282103192823
949,1,0.1648425083998567,0.7779518196685724,-12.742767433728783,-0.1035997352335673
949,2,0.2379949784677276,1.5543522548872797,-24.50926116680368,-0.1802151556382623
949,3,0.346979896293895,2.372636505930513,-49.21636596476019,-0.2982810058470315
949,4,0.4320173774783372,2.587503596365936,-51.23673556734593,-0.3438707085056774
949,5,0.202228291557903,0.7918156305619843,-23.950437033261966,-0.1408849237250704
949,6,0.3414459244838809,2.1321713788854093,-57.22733444884688,-0.2861366722442344
949,7,0.3859082019500965,2.6473363573393045,-46.90001064812386,-0.325694518389749
950,0,0.7183676255520332,3.243441257983914,-83.54866144246972,-0.6578634759249584
950,1,0.2533032411086895,1.3264483473552722,-26.428012229023437,-0.1972239718583838
950,2,0.2776703762020548,1.0605192075178551,-24.598156506744544,-0.2102406539037995
950,3,0.4021530665171442,2.360820437324196,-65.42263660291118,-0.3575007464639955
950,4,0.3672023232433267,2.527104687112052,-48.49724938979396,-0.2886741035106783
950,5,0.2631924411471006,1.611672524786019,-34.7676799227846,-0.2033197656303193
950,6,0.353746926184395,2.1438853878239668,-58.06209200539433,-0.2903104600269716
950,7,0.2219247372201524,1.6316804165791512,-23.24241539592533,-0.1625343733980792
951,0,0.8757661442517497,4.414932775691657,-102.59848331233148,-0.8142736770819957
951,1,0.1967202018749916,1.050788104257567,-18.45526835123638,-0.139812639024518
951,2,0.4307034267410191,2.6045046141008656,-53.15943775094663,-0.3743622376827227
951,3,0.5746803274782135,4.967914336746254,-87.76910467422731,-0.5255635010432773
951,4,0.4464055715766666,2.023162151309944,-58.71682447030405,-0.3647007731074786
951,5,0.2447597208308011,1.8622926563260227,-27.55957154847634,-0.1778036874095248
951,6,0.554979857291797,3.5078207648267967,-97.76928938639352,-0.4888464469319675
951,7,0.2614488670873713,2.7633767346785403,-29.838832546565676,-0.2029852554188141
952,0,1.935342311846465,8.342411692740571,-258.6115808097262,-1.87399696238932
952,1,0.1786011372603648,1.2747009200801978,-17.291576614850957,-0.1243998317615176
952,2,0.4552341284710721,2.8387572441276,-48.47185486737072,-0.3909020553820219
952,3,0.668446364493164,4.257448648419732,-105.9182703887238,-0.619405089992537
952,4,0.250158598404737,1.1701752479806922,-27.25803927851737,-0.168259501719243
952,5,0.2203582146585493,1.239348053872857,-24.9060742715004,-0.1556629641968774
952,6,0.4227873412840864,2.5929222854435268,-72.13912791532586,-0.3606956395766293
952,7,0.2230567828164041,1.099222304412108,-24.44368340096968,-0.1651600229795248
953,0,1.77501781959439,9.260753422198102,-220.5657462896454,-1.7098119867414372
953,1,0.2669550750349385,2.2296505502291257,-26.394886213431118,-0.207833749712056
953,2,0.3388943101334132,2.142575886169676,-40.493289426737554,-0.2831698561310318
953,3,0.4190343847275712,2.8900989851715213,-59.38959990371706,-0.3688795025075594
953,4,0.4293646188553611,1.5382941513388366,-52.0757091183383,-0.342603349462752
953,5,0.2151580110361534,1.1076682441496473,-24.92478312877553,-0.1519803849315581
953,6,0.3546183346022958,2.3556655376984272,-58.90274989958044,-0.2945137494979022
953,7,0.1581136091903984,0.9868267651836946,-13.04934355802894,-0.0952506829053207
954,0,1.0653392957697485,5.115603905798127,-128.41426848598817,-1.0032364725467826
954,1,0.1644735436982853,0.8986122775710889,-15.03150247698204,-0.1097189961823506
954,2,0.3459016981177361,2.0087842112286536,-39.48334135214599,-0.2881995719134743
954,3,0.9712063314592698,6.458177732585031,-160.3541627387511,-0.9215756479238568
954,4,0.3480049797036359,1.5045347773478617,-39.97744115178415,-0.2612904650443408
954,5,0.2398218277446462,1.2497478954976626,-26.38166469342413,-0.1724291810027721
954,6,0.5840710858992265,4.0355965921355015,-105.1215910896757,-0.5256079554483786
954,7,0.1671036678098984,0.5898424423358404,-13.946701864779929,-0.1033089027020735
955,0,1.442103831495789,7.575634544797682,-174.99889124275686,-1.3779440255335185
955,1,0.1770276871630605,1.2064215532242903,-16.077271487392427,-0.1208817405067099
955,2,0.3647605199255285,2.0899764664421445,-39.27146720341151,-0.3044299783210195
955,3,0.430310195002164,2.7719336516833897,-66.71188848222404,-0.3834016579438163
955,4,0.2876081136798166,1.316035799817535,-34.15183489712776,-0.20698081755835
955,5,0.1981426227624609,1.1166258821581825,-19.502518742760504,-0.1291557532633146
955,6,0.4411831655964809,2.473950886950267,-74.92784943647902,-0.3746392471823951
955,7,0.2330972810219226,1.0421033611368504,-23.50111975729388,-0.1702979692557527
956,0,1.078285253396143,5.532576662041335,-126.92983002917649,-1.0154386402334117
956,1,0.1305153722199725,0.5585953552726591,-9.029262648776191,-0.0710965562895763
956,2,0.2906150448430397,2.190701662618209,-31.50407406584317,-0.2316476034253174
956,3,0.6497615480114834,4.077573293338924,-99.61331877832072,-0.6000802336043417
956,4,0.2037800673735234,0.6178085113646766,-19.59452689129685,-0.1209538696993633
956,5,0.2162276169218054,1.617242449388898,-23.116480045324952,-0.1491385809375803
956,6,0.6137821725951228,5.960224226745466,-110.88968539319644,-0.5544484269659822
956,7,0.2751098201245459,1.2768096486086955,-27.772083242533057,-0.2103945700191898
957,0,0.9453079114779304,5.051317041588948,-121.72184537183082,-0.8884806231520498
957,1,0.1980879641543246,0.9483153329640776,-17.850621253528473,-0.1394579785431912
957,2,0.1539708823996125,0.5339402509784641,-13.5640641562798,-0.0968861725448557
957,3,0.7559562233668364,7.141370509501922,-129.89804167068465,-0.7098253643206811
957,4,0.2741824371385282,1.3385081052477117,-32.02855640056444,-0.1941124630337238
957,5,0.3102749219502553,2.3082450023447323,-34.923928754324194,-0.2392049914679739
957,6,0.4255350688234337,2.5541029990994955,-71.80809220897976,-0.3590404610448988
957,7,0.2631030611819324,1.1925033199013169,-28.307790054020327,-0.2021985003858595
958,0,1.215572259856553,7.055401238565684,-140.42785102838835,-1.151047959249085
958,1,0.158165318563008,0.7966887127680863,-13.76582294842546,-0.1019690588772256
958,2,0.3416577032331994,1.4704178954903486,-36.89728539266832,-0.2816586671196055
958,3,0.4016732894140061,3.1745503839614098,-66.13564704764688,-0.3574899840413345
958,4,0.2973512764121057,1.346911920415367,-34.882994711434115,-0.2153271278483587
958,5,0.2883515446259377,1.926558711882154,-34.08005191015692,-0.2212990383776423
958,6,0.5124783863789536,3.6026530342452663,-89.59850687971779,-0.4479925343985889
958,7,0.1576303699438139,0.7161439433574079,-12.208529853450427,-0.0924888625261396
959,0,1.6347613326851134,6.712410588689421,-207.50431668836387,-1.5720023991542718
959,1,0.3949072144308999,2.2695445672894543,-43.07576920314732,-0.3365294468995884
959,2,0.350432344894864,1.272056078407659,-38.79549919632096,-0.2916954826791049
959,3,0.4577541757059198,4.299533170784805,-72.83070121429536,-0.4114728882163579
959,4,0.3228803221317549,3.2527120381872,-38.047184214918666,-0.2392904667604947
959,5,0.1965738738197321,0.9955099038985458,-18.7085952393668,-0.1264094272930189
959,6,0.3506508725097035,1.9196027118531669,-56.78880173987543,-0.2839440086993771
959,7,0.2022477097968164,1.1839012393522108,-20.2074694587141,-0.1423061229486908
960,0,2.031907689750222,14.970095651341705,-269.79092136904137,-1.9692767983141704
960,1,0.1350090918281823,0.4546861275147529,-9.635352182042825,-0.0752761889222095
960,2,0.3954913369855423,3.119692565226467,-43.49646376804867,-0.3345881828311436
960,3,0.3232440739546314,2.419010057278651,-50.365335261299336,-0.2782615207806593
960,4,0.3255225909819883,2.2953043938564077,-39.383700938921216,-0.2431092650550692
960,5,0.2059790776660774,1.5118367339694918,-23.129478129943944,-0.1418986388340119
960,6,0.4291055107438722,2.4784570588182477,-73.38932333733761,-0.3669466166866881
960,7,0.2340217089221537,1.087721983579232,-23.01497331886288,-0.1704812838434287
961,0,0.7780393087062362,4.206300039493419,-91.8544500098896,-0.7176128907022625
961,1,0.1724454422592043,0.5861197381575127,-13.930947655429524,-0.1114475812434361
961,2,0.3022125815798557,1.618284754756733,-29.067448703216005,-0.2382577762558688
961,3,0.4954666585779016,4.622679563433027,-75.07465404869778,-0.4468729407660582
961,4,0.2086733031216062,0.821060823425013,-20.14125171678137,-0.1258828232298836
961,5,0.2440215341258775,2.3386053904300805,-35.07433542921589,-0.1885716958559994
961,6,0.4449902992775945,3.37780282324398,-72.73122390641181,-0.374903216012432
961,7,0.1320753410599055,0.7523161407738749,-11.701690394950491,-0.0759850025646135
962,0,1.0088120088139774,5.240871346914586,-124.17331351668123,-0.9478878894403148
962,1,0.2493658050920832,1.770154223530228,-28.12069549739072,-0.1966482202614735
962,2,0.4483245578013334,2.199598217223377,-46.24767034729339,-0.3822121516305239
962,3,0.6131314534095649,4.248995487676159,-94.0706880561888,-0.5632975332705916
962,4,0.3083398498569983,1.464794283177499,-36.122264770448304,-0.2257641548153019
962,5,0.2052350963253409,1.0921598464356144,-24.54446339564601,-0.1443791964449765
962,6,0.7090616813185241,5.980863392780814,-129.04718993937243,-0.6452359496968622
962,7,0.1611786466947211,0.7816610031994171,-15.501275832124882,-0.1033418388808325
963,0,0.8242292401293059,4.188915432846916,-98.47209981432049,-0.7633496109637247
963,1,0.1452180660349375,0.8203005058963773,-12.062722397892584,-0.0893534992436487
963,2,0.234473084319181,1.3445723286811926,-21.99105503743517,-0.1718051174799623
963,3,0.7456251341566718,5.598428990564748,-117.62463378362254,-0.69600375019895
963,4,0.2441105063125794,1.1661437940688804,-25.89718349380055,-0.1608520713900655
963,5,0.2813036238655297,1.326113360704343,-34.33356823629635,-0.2159343914232475
963,6,0.2784389531820099,1.9215064556199697,-42.331437341355446,-0.2116571867067772
963,7,0.1202844348984982,0.4398537582679395,-8.534799524583669,-0.0596839127593263
964,0,1.01279800981625,5.8816627784125854,-128.76113996259895,-0.9537862219451776
964,1,0.1295932970822864,0.4927605379635864,-9.094217037953335,-0.0704978064957623
964,2,0.6647675186071929,4.654253625900696,-73.03355645377857,-0.5986357086375292
964,3,0.8155290677619109,6.3514086689632165,-132.568939677204,-0.7662944490011793
964,4,0.239633732638182,1.150505229726435,-24.013867678451945,-0.1539350492208458
964,5,0.1825956207259879,0.7423208863567433,-16.5578152079248,-0.1118771297832756
964,6,0.3721278810866127,1.999444210977796,-61.94857863008897,-0.3097428931504448
964,7,0.2674214064014309,2.1564152393289837,-31.015178855702693,-0.2095620192952884
965,0,0.8569317466292705,6.484652030695787,-109.57580042469483,-0.7998233607641959
965,1,0.2591350888757584,2.279662107660102,-26.153086193468532,-0.2011775861036041
965,2,0.3687552640932507,2.2145145112144577,-36.53693511049064,-0.3019581414090135
965,3,1.146453021547863,8.930215662367576,-197.5796833687323,-1.0976649076040683
965,4,0.2327455156028832,1.388675476620936,-22.05603092803231,-0.1451054666317915
965,5,0.1791745048237027,1.271910673013754,-18.652308650402063,-0.1151377077185312
965,6,0.3405083705270504,2.8685177937376825,-55.95199243674176,-0.2797599621837088
965,7,0.2346878703383156,1.436197681435599,-24.52671559663552,-0.1739483375647909
966,0,1.0387732597075174,6.751181921098601,-123.90374247124642,-0.9756200194586332
966,1,0.1563536455194884,0.7234761881416301,-12.48209292302916,-0.0975163509611653
966,2,0.3940646327780825,1.6147356397966095,-37.00026634072633,-0.3245637398309327
966,3,0.546273859051265,3.7585803212738154,-83.51791449992936,-0.4971304434519605
966,4,0.2412846571747496,1.256013773998941,-24.2709930139052,-0.1555832885506743
966,5,0.2157424855611069,1.0571367087768215,-20.91369430551984,-0.1442323745208264
966,6,0.4687053021866442,3.1396501890218302,-82.10887497823846,-0.4105443748911923
966,7,0.1677738833836156,0.8993503323883736,-13.741286423892406,-0.103317943036785
967,0,1.2809212912777348,6.403530392609033,-173.75471991335726,-1.2236247881222342
967,1,0.2518775289487617,2.966361182401206,-30.97849799514404,-0.2024738431055165
967,2,0.3912972748857041,1.768930276001136,-42.11765672957132,-0.3290441931997759
967,3,0.6374798520326486,4.632783989944557,-95.05396745277184,-0.5867528855109373
967,4,0.3275446721938753,2.105060995972055,-38.60326417123429,-0.2443244567799639
967,5,0.1284159660855162,0.5323845400813384,-14.282060591387436,-0.0743857322468095
967,6,0.4594508071587312,3.4167760530105142,-79.67843081072131,-0.3983921540536065
967,7,0.2599902014120286,1.6817206600417685,-26.29109382653589,-0.1962021927353424
968,0,1.375416187900771,8.893935765154406,-194.13418241841205,-1.3206406967238915
968,1,0.2638946445346687,2.1522411945821927,-28.816597569953792,-0.208815924419955
968,2,0.6704817076478443,3.707354443305254,-72.3880148291739,-0.6032334569097825
968,3,0.7089539434676091,5.209242921993164,-114.99585446328076,-0.6608957153062112
968,4,0.2367167123271878,1.127396259405853,-23.804637534698795,-0.15162189512547
968,5,0.1962797553522447,0.8866952456814547,-21.001033624807405,-0.1312564601550462
968,6,0.6026754643599667,6.982921329820268,-108.44730411942496,-0.5422365205971248
968,7,0.2047935013672597,0.8251134793611162,-18.451613034605028,-0.1397849472318562
969,0,1.066636633377673,5.719823227197387,-131.77942217046794,-1.005949787560824
969,1,0.1731177880593212,1.0370974231943373,-15.364664795901623,-0.1163989757265274
969,2,0.4326769395100382,1.8324423966137693,-43.12070148580437,-0.3654296736085116
969,3,0.7903979138507184,6.249711572369105,-124.37106065681856,-0.740303932481063
969,4,0.2367213481596726,1.331815352916437,-24.903218338171165,-0.1546783747712494
969,5,0.2063935671352714,0.9676035043508868,-20.032723028829945,-0.1362770274070064
969,6,0.3663833129916326,2.7299301232984505,-60.32856457224885,-0.3016428228612442
969,7,0.2550849009645568,2.249194897192177,-30.986858650940714,-0.1999152171028433
970,0,0.948007251754218,6.277040919303315,-112.56933670797429,-0.8863727299840494
970,1,0.2024923895855513,0.7243633822110164,-16.88979396321134,-0.1395850740761267
970,2,0.290865166072798,1.2721784054298242,-24.929327926343184,-0.2206135214720636
970,3,0.4040544343689048,3.0704552828870764,-59.7611542361349,-0.3557211561674696
970,4,0.4149455046482192,1.9666050731487263,-60.68477961735376,-0.3409257281873807
970,5,0.2934868373971963,2.098377941479608,-36.42591271661747,-0.2290937906705501
970,6,0.4477180063774867,3.7550317486554583,-75.99746291167875,-0.3799873145583937
970,7,0.1854107228099282,1.1028715089075858,-15.894251157246458,-0.1204109936155034
971,0,0.8746309481474482,5.478438451236823,-106.82591229609037,-0.8154649793594684
971,1,0.1325606839802806,0.5845969782512077,-7.895813260636063,-0.0674855834242398
971,2,0.5090304850823568,2.7737401341660464,-57.10560889335062,-0.4461375694793017
971,3,0.3649202947280858,2.0231704161763373,-57.213215169193504,-0.3196269003865559
971,4,0.3833066010347603,1.7947571992746496,-48.86392201631695,-0.30162914824887
971,5,0.2061324017976034,1.0603567892856007,-20.31956901888837,-0.1363729464354924
971,6,0.3956805170919245,2.8168899481402843,-65.8661195214263,-0.3293305976071315
971,7,0.224844101877328,0.8551847154602404,-24.398246362859204,-0.1671112764579397
972,0,1.632846595364779,8.319622554285335,-205.58536701125183,-1.5693539466507775
972,1,0.1423953913538715,0.5620459476995253,-10.677409205217948,-0.0834172594157652
972,2,0.5993879612586763,5.129323968445204,-64.84145495509928,-0.531487335697535
972,3,0.5691455775779476,4.370709901571296,-90.21577761206063,-0.5214784833067089
972,4,0.2327279178360513,0.7813917915799204,-24.50235673505416,-0.1512491156484824
972,5,0.2479496209267661,1.4862042780429066,-27.881752338978984,-0.1810503398634999
972,6,0.761440346545229,7.347142383676117,-138.7218924659668,-0.6936094623298339
972,7,0.1584514229110204,0.8303728525887403,-14.574882139639543,-0.0998279598605448
973,0,1.5489232887818816,7.36364409084958,-203.85764485301664,-1.4880120062263988
973,1,0.1437055336573296,0.5722536876708182,-9.81482006872296,-0.0811142154439914
973,2,0.5013506364118083,2.1430024497922373,-48.61878572221935,-0.430254740904596
973,3,0.3983943867692346,2.201114696780701,-60.46300259067979,-0.3515290848295336
973,4,0.3345039741881361,1.6518783698129351,-38.709293252646034,-0.2497373758235228
973,5,0.2512577212181204,0.9417788220086094,-24.70961752244272,-0.1777670325355591
973,6,0.4831551273812475,3.875624683970423,-82.56783072136713,-0.4149137222179253
973,7,0.2307040109441051,1.7251618624550058,-24.92471767100733,-0.1718946046276367
974,0,1.1028582340200834,5.50572214089219,-127.78010913921088,-1.0388626759285438
974,1,0.2480964537869303,1.8499396868786584,-22.07883211081724,-0.1855364042925818
974,2,0.4276066745028739,1.7082353673566488,-43.768238987910415,-0.3617209833711604
974,3,0.5720726318148004,3.5977298691292146,-93.51525759357854,-0.5253666156942615
974,4,0.3125094891987425,1.6377264481768403,-34.269504667144574,-0.2254572675470037
974,5,0.1573412563623174,0.5289016577205765,-12.771574336945564,-0.0868814580744596
974,6,0.4294518494885581,3.0839968799833346,-71.00204014881618,-0.3604164474559196
974,7,0.3375999735444769,2.7282189234176766,-37.43936303302228,-0.2752894340663402
975,0,0.8621218786539864,4.22309977998033,-100.9124612931179,-0.8008925499453802
975,1,0.1571053222407118,0.5792380906170387,-12.299862275878503,-0.0976179545704643
975,2,0.2931247362570907,1.4086730792116349,-27.152944714851984,-0.2262745392904332
975,3,0.5321614342860669,3.092746238407112,-83.89329645313276,-0.4849323494400738
975,4,0.3089393013989286,1.3112096659271884,-35.32209169300161,-0.2249814757516026
975,5,0.2395630418276971,1.6769718215310665,-24.889869618706005,-0.1693188409435782
975,6,0.534042613855592,5.605415480101764,-93.29805955056692,-0.4664902977528345
975,7,0.2194927319287435,1.0064163117768117,-23.09521955679282,-0.1603834691443945
976,0,1.2795845201410716,6.076277174674546,-163.57648723729994,-1.220720054009701
976,1,0.112981816157123,0.7732858855911282,-6.918700164128103,-0.0540523450322508
976,2,0.4392633715820254,2.220675843150984,-48.13023433108374,-0.3760174557115917
976,3,0.4259935963749859,3.4384274190056776,-65.93957396868001,-0.3789630687855173
976,4,0.3403234214713901,1.5020358717073985,-41.29977006197199,-0.2581235628873249
976,5,0.2642078400014577,1.312838868870978,-28.81330183291644,-0.1946844718440299
976,6,0.6353829026746984,6.40788467385657,-114.26119525906462,-0.5713059762953231
976,7,0.226608995775507,1.185346199095436,-21.854416438200676,-0.1630926599865721
977,0,1.4431492061647957,6.49319013711026,-188.06778717926517,-1.382851376318126
977,1,0.278604281589294,1.6919837014675083,-25.384125493893173,-0.2151197075753658
977,2,0.3376572415696967,1.885421482375663,-31.532501536608677,-0.2695085601419544
977,3,0.644533577355122,4.564566361737885,-103.1290936275531,-0.596121928482966
977,4,0.4159111633614877,3.416061287294258,-64.85764917428074,-0.3449874956078763
977,5,0.1367693563697281,0.5532940930638831,-12.346731207771338,-0.074377898841996
977,6,0.4612561649514599,3.233382986285972,-73.6759876111459,-0.3898200402706132
977,7,0.2629929867305832,1.4062850147280248,-24.808751274808053,-0.195344498226835
978,0,1.3400641793744728,8.506853976763434,-174.2424927382855,-1.2811947995462172
978,1,0.3071102884676983,2.087239004675796,-29.934140042520838,-0.2453618036272199
978,2,0.4239480236638223,1.7989610825466824,-42.0546596795438,-0.3563954210130831
978,3,0.4650762834206475,2.648007931078302,-70.93136441063685,-0.4172433200625697
978,4,0.3260120786831411,1.4240279230946151,-38.753859681824025,-0.2437349665523523
978,5,0.220781809063307,1.306507477230378,-23.45673015245073,-0.1533119617807237
978,6,1.89002100404908,16.532890668518863,-365.1400450001297,-1.825700225000648
978,7,0.3324377590675134,2.3501809609344675,-34.22481247200514,-0.2653086238139933
979,0,0.9853390940820372,5.307112200099013,-119.33291491745204,-0.9250613559492408
979,1,0.1765489514133238,0.8581019206393726,-11.98531451549245,-0.1079758064458779
979,2,0.3182372987881436,1.1620806220210094,-28.031839926308,-0.2480693798788318
979,3,0.4834363772937507,3.259307658514465,-79.78279834959805,-0.4383670238988904
979,4,0.2937805208422646,1.616186866264461,-32.02366867898444,-0.2079459005128859
979,5,0.2234043434008284,1.1927520964626483,-24.81016604322336,-0.1580265353071551
979,6,0.4282284393522493,3.005812008694491,-72.37507977102659,-0.361875398855133
979,7,0.1615603560792267,1.3030812790972506,-16.29033325320436,-0.1057813847610672
980,0,0.6087323735525251,3.550720965090072,-74.56833847467874,-0.5523580627753981
980,1,0.148893525542932,0.6876999056226895,-14.01916815612442,-0.0966839183180994
980,2,0.2278389727703892,0.9861159183062548,-19.64984873051957,-0.1623954440538807
980,3,0.4714669952951374,3.3249101094419475,-71.47093199530887,-0.4229049230491649
980,4,0.33593156593118,1.7785696025950704,-42.559406136937966,-0.2563819646803492
980,5,0.1969806362429067,1.1430141345607472,-18.204196484696254,-0.1255461826530776
980,6,0.4298493624269293,3.088447164423596,-71.612379266652,-0.3616786831649091
980,7,0.1665619870321284,1.1255816960362195,-15.18563853704956,-0.106193276482864
981,0,1.0363964651797093,5.428784107505608,-134.09207944309114,-0.9787743025043149
981,1,0.1975569122136531,0.7172562448272262,-16.595789410710225,-0.1360310607435264
981,2,0.5107585375301961,3.5080137035695103,-55.25564284367859,-0.4456100229328918
981,3,0.4914266572963504,2.949828305599326,-75.28918945381373,-0.4428775850224337
981,4,0.2615158213949928,1.1297508716572735,-27.79642860125292,-0.1770473159315472
981,5,0.2244485524131761,1.3002617177988645,-25.597174438692424,-0.1599823402418276
981,6,0.3887305473081188,1.8495104631596224,-64.62459467698156,-0.3231229733849078
981,7,0.1817529845798074,0.7883145693932528,-16.727751912468214,-0.1203435389386202
982,0,1.0429022400020822,7.422864578017187,-129.69971508729216,-0.9825735991461528
982,1,0.1916051265242376,0.8270651680282118,-16.018932005232827,-0.1302352195547384
982,2,0.4070981348983661,1.8704780604595788,-39.23781232830934,-0.3382570028302529
982,3,0.4271996288609185,3.259604609078473,-73.02207231211389,-0.3843266963795468
982,4,0.2740981541141481,2.1297295207923623,-30.79190026143819,-0.1912540388909204
982,5,0.3986131492995697,2.8786719206131144,-51.98886868396811,-0.3332619787433853
982,6,0.5628702213790098,5.062863965475387,-94.06037146562387,-0.4924626778304916
982,7,0.1695697201729923,0.8298990037874979,-14.003739273367074,-0.1052912727320832
983,0,0.7783801430051135,3.765200727442264,-88.18457280076478,-0.7169477463476812
983,1,0.2386646565330417,2.001939147110224,-21.635810050674525,-0.1773427053333977
983,2,0.4665533722697768,1.7471263389080836,-51.34747082630901,-0.404310793907945
983,3,0.4631399027426948,3.4000525973757125,-80.7550434358915,-0.4205991845619348
983,4,0.2215566756633696,1.3059467047786677,-24.050182657258976,-0.1423087731198756
983,5,0.2226178154571727,1.6710576733383726,-21.704421072229923,-0.15072514633493
983,6,0.4793427398021686,4.441927641049627,-78.92732408111074,-0.408949865705237
983,7,0.207995961009088,1.3907500260527863,-20.52860865756484,-0.146632918982606
984,0,0.750210236667408,3.689463386898691,-89.13841097139533,-0.6909954338867855
984,1,0.229189835087561,1.4528474497199335,-19.761319064366305,-0.166061504742574
984,2,0.3902276562884988,3.237403196952508,-47.042917820609375,-0.3336377150397828
984,3,0.2935256997531562,1.9227739990064745,-45.06531606318587,-0.2489796467579329
984,4,0.2404821089947891,1.1886712157015358,-23.710806925203737,-0.1539662787350892
984,5,0.1775681060098292,0.9011861605412528,-16.11969102796059,-0.1081858458252388
984,6,0.7318690870712169,4.056668944142368,-133.0069382604799,-0.6650346913023994
984,7,0.1827749137639814,0.6700710454693329,-16.258700416917595,-0.1195492677714529
985,0,0.9754681270416468,5.457470162988512,-121.84543444923244,-0.9161310860844544
985,1,0.1977641579499436,0.9796976901465688,-16.322858851981454,-0.134899659933731
985,2,0.3483388935838594,2.354602455257864,-36.3193165713714,-0.2859788706407196
985,3,0.5205028543425257,3.111749381274993,-82.28528076425293,-0.4729039124382352
985,4,0.2063036890019676,1.1993657243240072,-20.46490391963441,-0.1247859995099659
985,5,0.2431131931008352,1.1810420485314317,-27.89080063527186,-0.1776484116896296
985,6,0.4265547796050893,3.3493974945275014,-72.29155595334124,-0.3614577797667062
985,7,0.2026907714690009,0.8786334943969426,-19.114032801306184,-0.1405443588331337
986,0,0.883835989848343,4.524012629596967,-111.4272918948633,-0.8253873473693578
986,1,0.1513563234901399,0.4416049858279927,-10.925417127591103,-0.0895525994064844
986,2,0.3784000765232756,2.931982777045352,-42.72502295486096,-0.3188434548870221
986,3,0.3642745398339,3.405424608460196,-56.68097692392185,-0.3184324546287744
986,4,0.3274989600048091,3.2004375891864982,-36.46380245681709,-0.2398934372159019
986,5,0.2392993740109865,1.9011092974401809,-24.1531088100628,-0.1677299222921028
986,6,0.5458378993382075,3.939052020986652,-95.6188610440834,-0.478094305220417
986,7,0.2016531384540064,1.4915195467931548,-24.697905399477577,-0.1496842751483489
987,0,0.7161053772762507,3.9634564356318345,-86.07865139731149,-0.6570889419642099
987,1,0.2024096182811824,0.9164479210941386,-17.03283548501288,-0.1396134056148596
987,2,0.4503817199949536,3.068378742572095,-42.39204249467345,-0.3785003794167272
987,3,0.6401840739430928,3.6554415627061054,-110.86726827628348,-0.5960605821305562
987,4,0.3052421794521939,1.3238709628646417,-32.416913861073105,-0.2161127590738207
987,5,0.4736422675046592,4.199237942293972,-65.04678734793663,-0.4090992914964568
987,6,0.6604751317084842,3.63091032805908,-116.47104940078678,-0.5912236010192222
987,7,0.2556913220638765,1.3855407969414146,-28.99353130757816,-0.1972349068542731
988,0,1.6524770480340758,9.299750278859657,-221.22402025373157,-1.591539714055623
988,1,0.14897831479329,0.6457361893075767,-10.87339917436094,-0.0876887030190398
988,2,0.3842705187442292,3.0998425503279674,-45.466982784362905,-0.3271005955709561
988,3,0.913858499229764,9.770377739450945,-113.4044966374888,-0.8656831804388458
988,4,0.2740715682131002,1.7922181102265566,-28.58699150893387,-0.1868430817577377
988,5,0.3068860130228322,2.62094400095614,-38.82850045640454,-0.2426781278525283
988,6,0.4502067957750607,3.11438846608023,-76.05607136353197,-0.3821913133845828
988,7,0.2047557166034164,1.6586416098815635,-22.25868476590391,-0.1474085083834696
989,0,0.6760811704308416,5.770061929544077,-80.27354567830527,-0.6174888129100405
989,1,0.1835704012009001,0.9646830237483328,-13.15682808534461,-0.1164321069499523
989,2,0.4522298875228187,2.8951202558545246,-48.067186924416006,-0.3876386042291613
989,3,0.322960725156675,3.046919190222816,-52.32302784350669,-0.2798022879331908
989,4,0.2447658752876552,1.1702725195234205,-28.970016868846557,-0.1674567449066274
989,5,0.2566568314420733,1.024728859730277,-26.430882012854617,-0.1848313427472351
989,6,0.4266426938566505,3.927028162116336,-72.9736224008481,-0.3648681120042405
989,7,0.4080972217623194,3.3726232217996457,-57.045466177248045,-0.3543196656971928
990,0,0.8712824678300125,6.123229984623955,-108.92495634186736,-0.8128728085213982
990,1,0.2349842466235667,1.3415446127863366,-20.521711907076572,-0.1724513605636687
990,2,0.3379085112500828,2.480915050525872,-36.65579550891587,-0.2776954205220899
990,3,0.5235672198660466,4.206799145237299,-84.87760650941934,-0.4768404860079738
990,4,0.2384014300526425,1.6285002760588834,-24.08663749821727,-0.1534180732370526
990,5,0.2645323580217351,1.6903808891878185,-26.154286077629287,-0.1895238121567339
990,6,0.4078398782911964,2.473386900270941,-69.23336107206863,-0.3461668053603431
990,7,0.2592899154217261,1.683197143323261,-28.2116172170324,-0.1986733606833267
991,0,0.8418079010463978,4.77515586813165,-101.66792975960044,-0.7820609981507725
991,1,0.1815005569802063,0.9327840529074006,-13.654660294980577,-0.1167064982476972
991,2,0.3956149653914989,2.865370428590308,-38.71330809087815,-0.328078882126086
991,3,0.4980996646973187,3.520786979935446,-78.89731383976323,-0.4508417933700755
991,4,0.3255019199445855,3.07098851628199,-38.80559070983272,-0.2425349419364545
991,5,0.2301342101115115,1.0564843493476188,-20.7234723287536,-0.1535072024352118
991,6,0.4002137756669103,2.1224368294765066,-60.18592451005335,-0.3270974158155073
991,7,0.2058086360964841,1.057190999725512,-19.96971772912117,-0.1436670340224545
992,0,0.7225965420585706,3.2511965930142708,-79.74397881573483,-0.659041147237478
992,1,0.2214246751680874,0.8854546113596703,-17.97726581009834,-0.1563240505225942
992,2,0.5022776746573013,4.193906012346692,-52.15746513321357,-0.4346455427767797
992,3,0.4496629287114583,3.804208382037996,-71.44933257814829,-0.4036685456392558
992,4,0.2776661277202776,1.2465505265605787,-29.78443053667848,-0.1921576163656676
992,5,0.275447573420319,1.964406510764321,-32.68800930142435,-0.2095385211629766
992,6,0.406248900208279,2.61809679690668,-67.7620104413609,-0.3388100522068045
992,7,0.2177891009455607,0.9647163853766392,-18.80992812916213,-0.1492851438822391
993,0,0.9965156630560628,4.763037429679377,-120.60311344499796,-0.9349078561627748
993,1,0.2988883058041665,2.4247486407082723,-29.249545822849555,-0.2378011855516224
993,2,0.391848798136685,3.0488729380957875,-39.72145167755863,-0.3255856694881855
993,3,0.4186545724287347,2.3965752666836013,-70.57990261413661,-0.375425013904982
993,4,0.5494838006901052,3.955157560487748,-80.77694047480647,-0.4723797688585173
993,5,0.2015287568408081,0.8677045914879528,-18.92038480055923,-0.1304854124176498
993,6,0.639243563609054,5.960991251553522,-114.56944765028751,-0.5728472382514376
993,7,0.1780186394576583,0.8641524688748831,-15.60687131591262,-0.1147564067346516
994,0,0.8316306794756151,4.7676277664075295,-100.24563383150368,-0.7711202602423359
994,1,0.1574908020499806,0.7749297507614873,-9.35020954826945,-0.0865760143358282
994,2,0.5916754583556825,3.452961588384283,-65.27858943953227,-0.5264402374155828
994,3,0.5082412190576893,3.5376838742075822,-80.73489054086727,-0.4613422316620987
994,4,0.3279920313145776,1.7249905710012774,-34.68526463371669,-0.2375703057103882
994,5,0.2550200775075817,1.1697978176966315,-24.396430274844192,-0.1793855167267955
994,6,0.3765133266192494,2.4321346612705894,-58.04889441676912,-0.3055204969303638
994,7,0.2782821723581052,2.4347286687759624,-30.934995934045546,-0.2178520840425742
995,0,0.8379172313056223,4.3914329442316165,-105.24614185452576,-0.7796010507742648
995,1,0.1527147822903082,0.8076668383514639,-10.666821337202215,-0.0888901778100184
995,2,0.5026438849584193,2.4628809961274607,-49.76374341816764,-0.4327282036362403
995,3,0.4176206614992783,3.0306654113325577,-64.13975201145401,-0.3707500116269018
995,4,0.2423395649870875,1.1496492698126433,-24.68937453844738,-0.1572571626652699
995,5,0.2104073060985731,1.3764595427211566,-23.60268462731415,-0.1466005256354916
995,6,0.4384951186495333,3.0278203103313546,-74.37519644388928,-0.3718759822194464
995,7,0.1412071346846175,0.4964964287661344,-9.876213191405563,-0.0753909403924089
996,0,0.7754868251817111,5.652762196382494,-97.68512655717552,-0.7182729893909965
996,1,0.2132572155699015,1.0682351016932885,-16.908693067257527,-0.1470321136283263
996,2,0.6021342087802245,3.390164826444276,-68.451844198324,-0.5389908991994016
996,3,0.3486115096306654,2.4251235734944454,-53.26083907533339,-0.3026184038371215
996,4,0.3032128105223713,2.255941137026305,-35.144466076660606,-0.2196529129791287
996,5,0.2096638701163165,1.2400848693955415,-21.59065433657352,-0.1420437785300889
996,6,0.4360789254155043,3.2630735775054363,-74.65733646073,-0.37328668230365
996,7,0.1807482432726226,0.7481158226787025,-17.99844233983449,-0.1224383832641802
997,0,0.8737593037442306,4.883861265324264,-104.01734279493787,-0.8126354905854521
997,1,0.1535695237145436,0.5130971684620833,-10.501569473376552,-0.0889963514692928
997,2,0.3798920159962805,1.6945110764313147,-36.07303174205987,-0.3109744115694816
997,3,0.3752665065126861,2.525585254969584,-59.47739800400503,-0.330429988911139
997,4,0.2410403140023954,0.977009679469553,-25.249205812354607,-0.1578075363272162
997,5,0.2162967613356502,1.3790066602490385,-25.55020532418564,-0.1539168995432869
997,6,0.5494405397253059,4.486350195068056,-97.47195264061136,-0.4873597632030567
997,7,0.1288980823994966,0.5820714029655331,-9.086619371205783,-0.0663256888409181
998,0,0.6310505938147647,3.3117386184490583,-76.85437157140768,-0.5735400863537887
998,1,0.2309654887469961,1.1130518918190735,-18.58102295886117,-0.1644338314943466
998,2,0.3428579878234075,1.5001518881370084,-34.109333420724546,-0.2773116538270288
998,3,0.5462583685505394,3.0120200731812785,-89.56902065746974,-0.500385590265194
998,4,0.3660864620125306,2.4044151587619087,-46.00713602134299,-0.2839946667984135
998,5,0.1948005577737737,0.9803127526637798,-16.958057519834806,-0.1211289822845343
998,6,0.4870903098579843,2.2960828826645163,-72.70039605626141,-0.4107367008828328
998,7,0.30440190128595,2.0068509933102074,-30.735328763589084,-0.2382583625084425
999,0,0.7785568613266153,4.722660804088653,-93.4743256862376,-0.71903327450952
999,1,0.1929049772412264,1.02351847007868,-15.996174304564567,-0.1311161828242997
999,2,0.2049907801867159,0.7804502287501568,-19.01953121959668,-0.1440873577242172
999,3,0.4272673751039445,2.925239477984811,-68.33708199439069,-0.3817714077898921
999,4,0.2766690940773638,1.1401446214330515,-29.441507730708885,-0.1899452111658637
999,5,0.4291625110307042,4.837283285316744,-60.430935848084914,-0.3662480960489995
999,6,0.5021300758424623,3.1415263268848164,-87.33963881954932,-0.4366981940977466
999,7,0.1578101647653637,0.5741732762107588,-14.273589753013027,-0.0984385500207795
