episode,path_id,avg_lateral_error,max_lateral_error,total_reward,avg_reward
0,0,54.940876618369714,138.08582622493634,-10973.559196717184,-54.86779598358592
0,1,76.99524390071207,163.44098899912413,-15387.15982853204,-76.9357991426602
0,2,41.83350942389088,85.67179169224977,-8354.83726254681,-41.774186312734045
0,3,58.1455944900252,114.01153434293089,-11619.210017062982,-58.09605008531491
1,0,8.892321171972942,26.741984142258516,-1765.8340777037106,-8.829170388518554
1,1,11.540605720600896,23.74390993577804,-2297.806919997437,-11.489034599987187
1,2,15.90170711344382,47.433831701613606,-3169.847986893093,-15.849239934465468
1,3,7.524812885744758,20.710185368526265,-1494.2224402244046,-7.471112201122023
2,0,60.37014407286706,119.55330875063164,-12061.125124025244,-60.30562562012622
2,1,9.114766395066898,25.989729633644547,-1812.793469163205,-9.063967345816025
2,2,47.03502146984521,99.37635656279927,-9395.96776737438,-46.97983883687189
2,3,33.04079810502744,57.874510779119845,-6596.767945485733,-32.983839727428666
3,0,48.38164821575717,98.83298028242368,-9663.232011984928,-48.31616005992464
3,1,20.21276811326036,46.96351648375048,-4032.6726883235674,-20.163363441617832
3,2,51.39107614484754,130.79525784038708,-10265.689784073653,-51.32844892036827
3,3,44.63299865760116,129.10503465941576,-8915.445592471908,-44.57722796235954
4,0,42.32691734844245,99.1644738216096,-8451.548258937368,-42.25774129468684
4,1,22.29657929157949,45.2160879845914,-4448.873487084013,-22.244367435420063
4,2,41.0925038681746,70.05842926665552,-8207.265271587577,-41.03632635793789
4,3,45.01868840034415,83.53087500931578,-8993.89611864836,-44.9694805932418
5,0,106.44767095103096,193.0164649934008,-21276.034352765146,-106.38017176382571
5,1,17.186928110732723,61.281530217483066,-3426.825808744951,-17.134129043724755
5,2,12.603459926842566,27.526331565268283,-2509.5308269570646,-12.547654134785324
5,3,11.04939923790228,36.43258197946364,-2199.069107305946,-10.995345536529731
6,0,53.82304665470358,96.8680105223434,-10752.624849187972,-53.76312424593986
6,1,16.09976530979302,60.05082184831262,-3209.0610502586533,-16.045305251293268
6,2,33.009597782620375,93.23612085325531,-6590.436820952158,-32.95218410476079
6,3,11.231968803584328,34.53689828231933,-2235.756438458509,-11.178782192292545
7,0,16.210057491187875,59.90132752890776,-3229.743602342123,-16.148718011710613
7,1,47.20586374638775,121.42922344385092,-9430.489986160634,-47.152449930803165
7,2,35.31180569739615,66.92746617331906,-7051.508043207486,-35.25754021603743
7,3,27.266078352715745,65.98866082355579,-5443.648674196978,-27.218243370984894
8,0,43.16667500174971,86.19135994943542,-8621.268862374965,-43.10634431187483
8,1,35.90904636484437,90.38081525643078,-7172.5485035569,-35.8627425177845
8,2,27.263868111680846,51.66130241640752,-5442.375867738945,-27.211879338694725
8,3,22.93130188882241,69.82569435430409,-4575.485008706838,-22.87742504353419
9,0,63.1072772871792,155.81808671267436,-12609.070864264851,-63.045354321324254
9,1,6.583896329652978,16.71220246210308,-1307.128485868007,-6.535642429340035
9,2,21.067842064455487,46.378843565138204,-4203.684719270067,-21.01842359635033
9,3,7.858520909792625,29.12712157584755,-1562.7396127886109,-7.813698063943053
10,0,9.210593464941674,22.683370235712434,-1832.0482268705732,-9.160241134352868
10,1,17.07451813242503,45.4799800858782,-3406.115366968429,-17.030576834842144
10,2,7.914401596577403,21.947100912939053,-1574.5001317430692,-7.872500658715346
10,3,52.40247751661805,128.64263447232972,-10471.892881147212,-52.35946440573606
11,0,5.0076900160588025,19.640398064837782,-989.67976086892,-4.9483988043446
11,1,20.83098281160792,51.293152408144216,-4156.63475725316,-20.7831737862658
11,2,13.164301118433606,47.92424870792822,-2622.637899107966,-13.11318949553983
11,3,11.435388192536022,24.17085657423788,-2281.803624638594,-11.40901812319297
12,0,10.305480743051072,23.22710987772044,-1516.7785311928994,-10.248503589141212
12,1,8.72509692929249,23.02480769241429,-1735.8889581795204,-8.679444790897602
12,2,10.31745607252052,23.379489407095143,-2054.8562623019934,-10.274281311509966
12,3,24.37440958887557,49.396419327131184,-4867.6221077776645,-24.338110538888323
13,0,5.591247328657986,18.14326664194188,-1107.1310585130766,-5.535655292565383
13,1,9.805018050443472,27.7856579860131,-1951.693406982072,-9.75846703491036
13,2,49.69035493213748,85.04488021600534,-9929.254168642774,-49.64627084321387
13,3,8.595231271962978,16.34528375774,-1712.5026683780827,-8.562513341890414
14,0,7.088222569683264,28.51008331924467,-1405.9600860302223,-7.029800430151112
14,1,20.675297333685936,85.44919116014665,-4124.020009874493,-20.620100049372464
14,2,11.53425183355688,32.30729932958698,-2297.621566178339,-11.488107830891694
14,3,37.87300809629468,70.87229161311316,-7566.92161178603,-37.83460805893015
15,0,6.419204887195844,25.44651367737882,-1272.560265462972,-6.36280132731486
15,1,71.25991381951822,123.59853956286842,-14240.035746389596,-71.20017873194799
15,2,41.79791642987464,74.49751420044892,-8352.398998058756,-41.76199499029378
15,3,26.922241995014105,70.62064953816216,-5376.810787575862,-26.88405393787931
16,0,6.930434972124955,18.595491994413827,-1374.410643190776,-6.87205321595388
16,1,46.760006152958304,78.01043686451057,-9343.992867207497,-46.71996433603747
16,2,16.922345211135838,34.961461776852325,-3373.7546759023035,-16.868773379511516
16,3,13.009722089349824,32.508886728448765,-2592.373388971053,-12.961866944855265
17,0,24.05662955680716,60.39307195788565,-4799.139946414232,-23.995699732071163
17,1,12.326791113383964,27.982219922947905,-2458.276051057372,-12.29138025528686
17,2,8.852541688182407,23.34147702766646,-1760.410107865167,-8.802050539325835
17,3,9.620715032765244,28.812936264217623,-1911.4975340402257,-9.557487670201128
18,0,15.760096837488318,58.9736361948577,-3140.9266530943846,-15.704633265471925
18,1,10.545548303205646,40.75837982997083,-2099.9763931731263,-10.499881965865631
18,2,12.9523496311892,44.787405621615086,-2580.05033632028,-12.9002516816014
18,3,5.407713045090949,12.432175557265833,-1071.9157730913803,-5.359578865456903
19,0,11.298644831005149,44.49548763250776,-2247.35595319817,-11.23677976599085
19,1,13.846673316138297,32.52152919093367,-2759.8112477221034,-13.799056238610516
19,2,13.693124306999074,48.509202649873615,-2727.536900997179,-13.637684504985897
19,3,7.854926630137673,22.767212509941867,-1560.3294490118726,-7.801647245059363
20,0,15.292978958773828,41.34555367693499,-3046.014506636621,-15.230072533183105
20,1,15.878582507289495,42.40579096334967,-3166.063934018643,-15.830319670093216
20,2,11.930998640908456,36.67396838167205,-2374.890292573108,-11.87445146286554
20,3,6.101141892869234,14.436728035499042,-1210.6757565216303,-6.053378782608153
21,0,17.004918638399005,52.921350623721146,-3388.104828493664,-16.94052414246832
21,1,15.15892768796479,53.59462224042833,-3020.4506063869944,-15.102253031934971
21,2,9.729068622195824,29.451983384936103,-1934.3942817838329,-9.671971408919164
21,3,16.20695215702489,58.30559113288927,-3229.8530073564875,-16.149265036782438
22,0,10.88134492187114,24.96993662961124,-2162.9575770813635,-10.814787885406815
22,1,22.93582117899085,70.91865384259744,-4575.516166622789,-22.877580833113942
22,2,18.484405398804952,37.60195997104031,-3685.383178023578,-18.42691589011789
22,3,11.21242792262467,21.190775225574185,-2233.0130459121106,-11.165065229560552
23,0,8.769011759101103,28.96192717143228,-1741.309969325575,-8.706549846627874
23,1,54.02722613552243,129.18936728127113,-10796.583964001156,-53.98291982000578
23,2,44.923145764054446,101.86586000978863,-8972.299592154342,-44.86149796077172
23,3,5.529525418478414,15.877892403295656,-1098.8950209213867,-5.494475104606933
24,0,13.594354751553242,30.838302007873267,-2708.241547812648,-13.54120773906324
24,1,20.02852102367057,52.70713445842799,-3996.5340342090185,-19.982670171045093
24,2,13.452170690789169,41.253809439232704,-2677.6169024389374,-13.388084512194688
24,3,10.499348273560956,32.40177128741409,-2090.567698175318,-10.45283849087659
25,0,12.615173768899076,34.76111275777042,-2509.070014686171,-12.545350073430855
25,1,74.16771326149484,127.0085916845195,-14823.3784524203,-74.1168922621015
25,2,9.878736293182437,28.391498578329116,-1963.4324386152696,-9.81716219307635
25,3,8.448057178247407,26.46536370127297,-1681.1863399970175,-8.40593169998509
26,0,9.191751068897648,28.556521008489053,-1826.4431280241104,-9.132215640120553
26,1,17.761207026584607,32.00943106784487,-3543.9016910568826,-17.719508455284412
26,2,14.723023421562676,37.29527348729682,-2931.4107353757786,-14.657053676878894
26,3,17.515165210433867,60.73939029266559,-3494.620223691867,-17.473101118459336
27,0,57.19108659187958,125.88648732521348,-11425.276090910746,-57.126380454553725
27,1,29.43195328506982,67.27947576995511,-5876.968449695491,-29.38484224847745
27,2,14.805587001033487,40.54918966384858,-2949.619626630863,-14.748098133154317
27,3,5.482338232144128,15.274264053850452,-782.8320958451476,-5.436333998924636
28,0,31.826925422701294,76.39643588373858,-6351.419513694281,-31.757097568471405
28,1,11.877675237434405,39.48178734278427,-2366.696885990579,-11.833484429952897
28,2,7.582478411290737,22.142943642124607,-1504.395264608508,-7.521976323042541
28,3,23.362212636714005,50.05661000388319,-4663.967885702136,-23.319839428510683
29,0,27.01742244221622,53.78901916400575,-5391.399943967513,-26.95699971983756
29,1,29.38646991262833,103.93462844885612,-5866.259948233259,-29.33129974116629
29,2,10.47900302823158,25.53590045387332,-2083.283471206641,-10.416417356033206
29,3,6.121054249556287,20.98475023592167,-1215.7812996418104,-6.078906498209052
30,0,9.720879201790506,22.437068022878528,-1931.6844923290168,-9.658422461645085
30,1,5.883432031340691,20.16883492699108,-1167.8607486752046,-5.839303743376023
30,2,8.298595207662052,22.3312157600598,-1648.7934660091032,-8.243967330045516
30,3,13.683152316188693,44.56805680436855,-2726.118503632244,-13.630592518161215
31,0,19.967096683012084,48.67245702907955,-3978.940277326552,-19.89470138663276
31,1,6.503055094403447,15.724233818749374,-1294.9613492838043,-6.474806746419022
31,2,7.09070541261678,18.94424966424444,-1408.0336533581192,-7.040168266790596
31,3,7.820804475607831,27.23105117303276,-1555.142988631255,-7.775714943156276
32,0,7.977390552203127,23.82267722546615,-1582.3123142514976,-7.911561571257488
32,1,15.80828274346388,33.21908415471659,-3154.6517850235546,-15.773258925117773
32,2,7.95965371318217,22.476130046022558,-1580.7163580627405,-7.9035817903137024
32,3,8.052360092395723,29.394608422594608,-1601.4409782998928,-8.007204891499464
33,0,33.978149203635326,75.9024465570656,-6783.33738609602,-33.9166869304801
33,1,14.105475251938222,36.49231584775436,-2813.1150777847306,-14.065575388923651
33,2,20.736296373660867,44.49277131451787,-4135.302868241627,-20.676514341208136
33,3,8.046150658776124,29.551216481039123,-1366.2294256905916,-7.989645764272465
34,0,8.301889613596467,20.00623457001544,-1647.141760258263,-8.235708801291315
34,1,18.134470654481238,40.89271371908185,-3617.983818648517,-18.089919093242585
34,2,6.728108285578432,19.82380312934969,-1334.2613284933518,-6.671306642466759
34,3,13.478776088824793,46.12258836752347,-2685.503297071607,-13.427516485358035
35,0,8.85225772433959,26.861740282564845,-1757.482303533996,-8.78741151766998
35,1,11.200313710017143,50.50562704897697,-2232.7542822902465,-11.163771411451233
35,2,9.902518980141805,44.167466909455456,-1972.9785262033492,-9.864892631016748
35,3,65.60242890653537,122.01289340786056,-13109.863152692298,-65.5493157634615
36,0,5.6204301784603095,21.347509802445767,-1111.5043350925505,-5.557521675462753
36,1,18.76757873679474,55.9786557444701,-3743.500339419401,-18.717501697097003
36,2,20.708302680035693,75.38589957217853,-4127.582240885042,-20.637911204425208
36,3,13.102056261693711,27.25576584926009,-2615.09026737969,-13.07545133689845
37,0,6.243892047486053,17.44604560552391,-1162.7738574594223,-6.184967326911821
37,1,13.8881215167921,46.65220748470464,-2767.94791810723,-13.839739590536151
37,2,18.507415196639457,43.29192514222673,-3688.918936834045,-18.444594684170223
37,3,19.393866097870973,51.74580750096909,-3868.977135845952,-19.34488567922976
38,0,5.213320981299026,18.22948789878304,-1030.9212988281652,-5.154606494140825
38,1,37.09736686342417,96.00184373335344,-7409.344265618029,-37.04672132809014
38,2,10.89673204700986,34.707335035919314,-2167.1083851169838,-10.835541925584916
38,3,8.461124782553641,26.336384385233718,-1682.0843837715634,-8.410421918857816
39,0,8.238967641769293,38.52082789752032,-1635.4083488308331,-8.177041744154165
39,1,4.013692454968161,12.24115248062866,-792.7947213277203,-3.963973606638601
39,2,16.850527585081025,36.433337820835504,-3360.6794286505365,-16.80339714325268
39,3,32.39208010846924,75.88860065058657,-6466.506120692445,-32.332530603462224
40,0,91.12283336570248,140.95094326964397,-18210.01504810704,-91.0500752405352
40,1,18.687518118006228,49.13940036843,-3728.571232897099,-18.642856164485494
40,2,22.355340523955505,58.38974459598477,-4459.35078650746,-22.2967539325373
40,3,17.25341282825908,54.18905063132612,-3441.868386685863,-17.209341933429315
41,0,20.925043792983,60.60531842416286,-4174.599012132093,-20.872995060660465
41,1,5.109444911042428,13.82055671719853,-1011.7503805785346,-5.0587519028926735
41,2,9.18510326273264,23.481443527139213,-1825.787223916244,-9.12893611958122
41,3,5.381253946158508,16.06845949722491,-1013.9404503388768,-5.336528685994089
42,0,75.69496025901311,120.2723735304547,-15125.937561551153,-75.62968780775576
42,1,8.545977838161923,30.12909906539787,-1698.219634768191,-8.491098173840957
42,2,17.427016253310587,51.05141302189145,-3472.261369691502,-17.36130684845751
42,3,9.922942698142124,21.95709956553564,-1974.712623517093,-9.873563117585467
43,0,7.284660574839152,28.438967220733765,-1445.1851210435968,-7.225925605217984
43,1,28.464465434936383,58.27273510828554,-5679.804091868836,-28.39902045934418
43,2,22.4209850070673,49.780721209844174,-4474.543282751837,-22.372716413759186
43,3,15.705702456825463,42.275894465879055,-3132.091276971423,-15.660456384857117
44,0,8.488243693155525,29.45447972855929,-1684.677731379968,-8.42338865689984
44,1,36.12651624433924,97.6783422376684,-7216.262053979622,-36.08131026989811
44,2,31.1988460874626,76.55913578922839,-6229.240176412796,-31.14620088206398
44,3,14.185963924080063,29.85951609279857,-2829.922104004628,-14.149610520023138
45,0,7.823619582605899,18.70507196111344,-1550.1660736225017,-7.750830368112507
45,1,44.56067468321745,111.0494702366512,-8901.616619919627,-44.50808309959813
45,2,14.439163350664412,32.82958996495996,-2876.877772030037,-14.384388860150183
45,3,7.873289539112105,22.687986527986663,-1566.268372386431,-7.831341861932157
46,0,12.364502833710358,23.61160816070968,-2456.3896814707746,-12.281948407353871
46,1,10.095476107321367,30.23397932877592,-2012.126117400892,-10.06063058700446
46,2,13.335801264392863,30.081106625086477,-2655.9297355394738,-13.279648677697368
46,3,14.694519241990536,44.82313924574124,-2929.7107681560487,-14.648553840780243
47,0,14.83099390803373,31.18956003591852,-2950.4549074518945,-14.752274537259472
47,1,24.816866311149514,46.45988462056339,-4957.648822145728,-24.78824411072864
47,2,78.62655789002798,186.0256894220393,-15711.512616424274,-78.55756308212136
47,3,10.618688042732156,27.484034688041795,-2113.5766945459345,-10.567883472729672
48,0,15.54054481327684,62.43780573540944,-3094.552467611506,-15.47276233805753
48,1,23.29852015143295,57.36027706171638,-4651.432455268797,-23.257162276343983
48,2,38.97943246914937,97.5807887600477,-7783.760035141801,-38.91880017570901
48,3,4.554215893097492,12.706339820358242,-901.2342372026436,-4.506171186013217
49,0,15.850348297851376,36.16259604800115,-3156.3410260460123,-15.781705130230062
49,1,14.154315070652649,38.991749243895,-2822.36202839659,-14.111810141982954
49,2,39.97800227644613,139.04460463398505,-7982.682761430903,-39.91341380715451
49,3,8.180763030349464,24.56456017537893,-1625.4415900768065,-8.127207950384031
50,0,14.531457654014494,34.40788864215384,-2894.132366745738,-14.470661833728691
50,1,20.187749786732905,92.34406832805112,-4024.357226643784,-20.12178613321892
50,2,6.677324440423137,23.87672034977137,-1325.2914139297282,-6.626457069648641
50,3,6.086027401205359,19.204256597037904,-1207.1194668300418,-6.035597334150209
51,0,25.535040319395765,83.14941185914913,-5095.565651670737,-25.47782825835368
51,1,23.66069391424899,57.98026750854442,-4721.054162295072,-23.60527081147536
51,2,3.6756487146055217,15.066428545235333,-726.4023924985418,-3.632011962492709
51,3,23.407932676288997,42.49688779728399,-4671.261152117405,-23.356305760587023
52,0,55.88424760751799,81.75487470274646,-11162.756305990912,-55.81378152995456
52,1,6.231458465095188,20.193466606611796,-1235.5236546394967,-6.177618273197484
52,2,26.75092011230949,63.60033558629086,-5339.813934473598,-26.69906967236799
52,3,9.374130299058308,20.80090551739888,-1270.7719798373205,-9.343911616450884
53,0,17.53225631629591,49.45079755950053,-3493.7687491083097,-17.468843745541548
53,1,9.212177255025155,31.708205085921392,-1831.0443475067127,-9.155221737533564
53,2,6.3135440439319215,20.652699139029608,-1252.3340853942773,-6.261670426971387
53,3,5.3949943751487,15.510366135302686,-1068.4280293578347,-5.342140146789173
54,0,58.5832122509394,84.57721396543555,-11702.122456016365,-58.51061228008182
54,1,5.021643189487737,24.79850890029877,-808.057180999084,-4.957406018399289
54,2,7.253017015537008,22.373077461032395,-1439.035128014218,-7.195175640071089
54,3,8.90628389039854,39.69030749814388,-1771.1355519016267,-8.855677759508133
55,0,40.599433105118486,92.77636551978216,-8105.49002766948,-40.5274501383474
55,1,16.858483005540023,45.54730169853962,-3360.276664984898,-16.80138332492449
55,2,11.953659993135554,36.469669898979525,-2379.9906164428053,-11.899953082214026
55,3,5.718947312998549,22.51412685180652,-1133.1419554897682,-5.665709777448841
56,0,10.67418365067885,24.376143586230068,-2119.922896388789,-10.599614481943943
56,1,17.904541004834385,47.75861178070864,-3568.8056134462995,-17.8440280672315
56,2,3.67456533921582,9.973168748811757,-725.5839059593562,-3.627919529796781
56,3,5.146034457335191,15.984331057001643,-1018.915507424689,-5.094577537123445
57,0,5.204503521835545,17.322899981777475,-1029.9245800408792,-5.149622900204395
57,1,4.834987304504435,20.809683691741327,-956.7948511510364,-4.783974255755182
57,2,9.516409958423315,28.10970101781089,-1893.91127604098,-9.469556380204898
57,3,6.12985279082594,22.23310524503188,-1215.7306669699012,-6.078653334849506
58,0,12.363070634276644,37.70010468414772,-2458.971524038953,-12.294857620194763
58,1,33.60816825121967,77.47721509905007,-6713.082310828855,-33.56541155414428
58,2,3.600755418005615,15.654721907874045,-710.7397350117543,-3.553698675058772
58,3,7.457790833490187,19.08034339694771,-1481.0335438856089,-7.405167719428043
59,0,22.110634653474197,47.20208832314681,-4406.445983442758,-22.03222991721379
59,1,21.48611581895449,62.44696926581834,-4284.639305652865,-21.423196528264324
59,2,3.845010355663581,11.873933170569432,-759.5909115666955,-3.7979545578334775
59,3,5.344674136602306,14.301013805872602,-1059.1230900165178,-5.29561545008259
60,0,6.15301907793299,19.30856200070976,-1219.3360578214122,-6.096680289107061
60,1,13.730166171751634,40.44477671533082,-2735.7767730021715,-13.678883865010857
60,2,19.35937097190567,59.753471677489856,-3860.5895931372447,-19.302947965686226
60,3,15.679585571620644,40.82397735907502,-3125.502378009606,-15.627511890048032
61,0,8.553464070681848,29.519766690532844,-1696.0471920534762,-8.48023596026738
61,1,11.125741529347977,21.54379148891913,-2215.297217906893,-11.076486089534464
61,2,10.11539205050274,31.974451830288995,-2011.5925445867035,-10.057962722933516
61,3,7.32363306513004,21.84073106543641,-1456.3956399927445,-7.281978199963722
62,0,15.98935448962729,62.037451693314615,-3185.047910285488,-15.92523955142744
62,1,12.156056140726774,27.798818528245334,-2420.812502630946,-12.104062513154728
62,2,7.339346040208763,22.69968307270896,-1456.163607258986,-7.280818036294931
62,3,6.741460317054842,16.047356196395867,-1337.3136822781194,-6.6865684113905965
63,0,5.739678587738657,19.63097382177965,-1137.082108888541,-5.685410544442704
63,1,12.427947233871498,26.46203545521965,-2475.375438884601,-12.376877194423004
63,2,9.462043813056969,29.570353452338622,-1879.3283098187685,-9.39664154909384
63,3,17.486980215299795,55.51436524021602,-3485.505096792092,-17.42752548396046
64,0,56.68568545978823,87.64425246707714,-11323.377330906556,-56.61688665453277
64,1,20.291795126256797,58.29204893829881,-4048.914928470605,-20.244574642353022
64,2,8.882445392438175,33.46543211775186,-1765.5033630464209,-8.827516815232105
64,3,30.15885199983835,62.21818966432326,-6021.663797632428,-30.10831898816214
65,0,10.296609464813958,23.1117949060442,-2047.769651077223,-10.238848255386117
65,1,12.963151100337214,34.47269501561124,-2582.684388887967,-12.913421944439836
65,2,8.341752718331543,32.28609152624463,-1657.8498070888495,-8.289249035444248
65,3,8.131255928347572,23.92456883260238,-1615.4494725385316,-8.077247362692658
66,0,11.834754676977218,23.23183051123526,-2355.512187334449,-11.777560936672248
66,1,8.412888019103157,22.060551153335524,-1673.49074957607,-8.36745374788035
66,2,4.538880575346679,14.73212935848378,-897.3486184882266,-4.486743092441134
66,3,23.14037731953216,57.00869808645346,-4617.610069895802,-23.08805034947901
67,0,6.14743268611744,18.52703930669023,-1216.6233395639993,-6.083116697819996
67,1,5.374234989428439,14.086632555036486,-1064.7619382911805,-5.323809691455901
67,2,7.264550157382747,28.74835219346375,-1442.1756804174531,-7.210878402087267
67,3,6.38700916591671,29.095302506843225,-1266.7013845268243,-6.333506922634122
68,0,26.49514404185689,60.19103299986704,-5283.910291176273,-26.419551455881365
68,1,6.236930867796595,20.535642324475425,-1237.1239534437486,-6.185619767218743
68,2,9.887745526170631,29.56546501698585,-1966.5012881769048,-9.832506440884524
68,3,6.656927730937295,19.23251951063628,-1320.7701969126203,-6.603850984563102
69,0,7.905025192341526,18.289008270070365,-1568.7923301926307,-7.843961650963154
69,1,6.09954787175227,17.057241630910994,-1210.9247314263694,-6.054623657131847
69,2,8.990131862589681,20.077526172160795,-1787.325429890401,-8.936627149452004
69,3,11.692934316310982,29.968802112414583,-1861.4984338748045,-11.634365211717526
70,0,10.69234868137531,24.89214217174528,-2126.426128960389,-10.632130644801943
70,1,5.394201431243122,14.492343492934376,-1068.266599274487,-5.341332996372435
70,2,5.746729229672448,16.976009468781925,-1139.251794290122,-5.69625897145061
70,3,3.732085032098375,15.619647404104796,-737.5085290480122,-3.687542645240061
71,0,7.580026664149128,32.52979853013403,-1504.3258296907495,-7.521629148453748
71,1,4.422773397643985,17.842734982353026,-874.3283041513862,-4.371641520756931
71,2,4.726344971960637,15.50163843005046,-935.90899433822,-4.6795449716911
71,3,12.490515340134545,27.193996166881693,-1840.8928848493804,-12.43846543817149
72,0,5.664473487331517,16.670815301942522,-896.2040829901902,-5.601275518688689
72,1,1.393847412937165,4.9899095462728,-213.3918065000555,-1.3420868333336824
72,2,6.8914791343412025,17.79158660076755,-1369.25681917992,-6.8462840958996
72,3,3.5321721422227745,10.812827811282752,-697.2923491735997,-3.4864617458679987
73,0,6.113119440983806,27.701039025197428,-1210.5185793774278,-6.052592896887139
73,1,0.9729802179212363,3.728037477601561,-186.7010062522284,-0.933505031261142
73,2,5.903102000651029,19.50505247981148,-1171.0019754057337,-5.855009877028668
73,3,6.9141062641463975,34.325666132428374,-1374.3632648981277,-6.871816324490637
74,0,4.592255148233206,16.114986202584404,-904.4454593984746,-4.522227296992373
74,1,0.7798008167582194,2.9990654008973774,-120.12570383201272,-0.7324738038537362
74,2,7.038651720678027,21.72625670784942,-1398.6811571319115,-6.993405785659559
74,3,5.03472170176323,16.35165495520843,-807.8268689060055,-4.9865856105308985
75,0,9.768287259262202,40.50061410652386,-1755.3555603600894,-9.69809701856403
75,1,1.1405618534983826,6.566642068155963,-172.38635098955066,-1.0910528543642448
75,2,4.732704577250417,17.09018504629882,-936.7316756881752,-4.683658378440876
75,3,4.048385682689339,10.290894994245212,-798.8126138441438,-3.994063069220719
76,0,6.987582810720933,23.98084835574133,-1385.3900551436905,-6.926950275718452
76,1,1.2953227411772794,5.619018807467191,-164.29664913323532,-1.2353131513777091
76,2,3.561342353826617,9.942418270268288,-703.6043195887257,-3.5180215979436285
76,3,2.3004080429697025,9.766288605458843,-333.4215448619452,-2.252848276094224
77,0,4.919322661263784,12.826679728293373,-971.738570626495,-4.8586928531324745
77,1,9.354852161835296,22.717390299838428,-1858.8774480496363,-9.29438724024818
77,2,3.0545772777299205,10.431280367025725,-600.2137412581988,-3.0010687062909938
77,3,5.616852763729903,16.414694612856955,-1112.6200890972973,-5.563100445486486
78,0,10.95375632688836,37.59786795341397,-2178.4059416118184,-10.892029708059091
78,1,5.25498702235532,21.822249645988297,-1041.0989016548713,-5.205494508274357
78,2,2.819196386317268,11.3647661760702,-485.8270090441395,-2.7603807332053383
78,3,5.859579566706392,20.98210407642697,-1161.9413899470655,-5.809706949735328
79,0,6.694916536595303,22.41528447017248,-1326.1513916228298,-6.630756958114149
79,1,4.6294599632704685,23.99965458924012,-915.5111829291984,-4.577555914645992
79,2,3.0080872645044816,7.9993003236378994,-591.1984494674882,-2.955992247337441
79,3,10.282334604107536,25.421293974319536,-2045.7588946537137,-10.228794473268568
80,0,4.095854271733958,14.21774191489942,-807.2612002087922,-4.036306001043961
80,1,4.376163141622486,18.342744020053043,-866.0190627559617,-4.330095313779808
80,2,13.219312507856683,44.610251831307146,-2635.053346402776,-13.175266732013876
80,3,3.4551088151378893,13.747106728871511,-681.5123198390761,-3.4075615991953807
81,0,7.422003405601605,22.17871020967603,-1470.512923786944,-7.35256461893472
81,1,5.897861237416459,24.00218691632401,-1170.5842679279788,-5.852921339639894
81,2,6.822885612178233,26.657944241708503,-1355.0264512701558,-6.775132256350779
81,3,4.162887981394694,15.399626706630142,-822.6691915439642,-4.113345957719821
82,0,5.914204036069155,17.698309781023724,-1170.9935738500524,-5.854967869250262
82,1,2.5245531646487414,14.17874049205658,-494.61022147614017,-2.4730511073807007
82,2,10.298523956068586,38.236238560329205,-2049.806821833139,-10.249034109165695
82,3,5.133860238508736,18.534666313063767,-1016.203115048975,-5.081015575244875
83,0,5.714251271362364,19.95050509917857,-1130.528409572755,-5.652642047863775
83,1,4.730668491797517,18.470562988675105,-934.4737770469148,-4.672368885234574
83,2,5.760063881758819,18.11253996090034,-1142.6545597442714,-5.713272798721357
83,3,6.881496445915804,23.371963374836422,-1365.7024712590246,-6.828512356295123
84,0,6.040505742742621,17.027845950978044,-1195.851977386188,-5.97925988693094
84,1,6.348422802203499,25.38196947364778,-1259.6765466607865,-6.298382733303932
84,2,5.747832629754556,15.511436420621258,-1141.0142379606236,-5.705071189803118
84,3,7.424460382900556,27.289518475744806,-1474.6014809355024,-7.373007404677512
85,0,6.009469501773801,19.178761879254296,-1190.225455017296,-5.95112727508648
85,1,3.181008153685528,15.633701737728757,-625.3539600481282,-3.126769800240641
85,2,6.788264758301995,21.221411323130905,-1347.0774218172555,-6.735387109086278
85,3,4.240051120467751,15.025994960874206,-837.4710538946929,-4.187355269473464
86,0,3.870881443005021,14.869252133254808,-762.420811971655,-3.812104059858275
86,1,3.5675037933226137,17.127039074485722,-703.0397102844994,-3.515198551422497
86,2,10.853743441699796,29.37296726792102,-2160.4578697254387,-10.802289348627191
86,3,6.971348412791985,30.85071814591561,-1342.9896955232623,-6.922627296511663
87,0,15.446015174811166,41.80314641716832,-3077.165744153942,-15.385828720769709
87,1,1.257989212465756,4.548442969420607,-188.3528418812625,-1.2073900120593748
87,2,6.145033982794168,22.88405924067441,-1218.8931287655234,-6.0944656438276175
87,3,9.222457045458816,25.493695975177484,-1835.3055753040733,-9.176527876520366
88,0,9.243335911558532,48.80812283189937,-1836.75980779181,-9.18379903895905
88,1,0.675385971011942,1.8463548953658004,-84.80259039754473,-0.6189970102010565
88,2,36.40354941097699,87.86129085944994,-7269.295674456626,-36.34647837228313
88,3,3.76794656003376,14.408770099116746,-743.8846633484741,-3.7194233167423705
89,0,5.352860687436122,32.495873978981706,-1057.918252143736,-5.28959126071868
89,1,0.7262357137689102,2.872962375017769,-138.4274796386543,-0.6921373981932715
89,2,8.811069497725025,36.05945708967523,-1753.8476359453923,-8.769238179726962
89,3,3.997030423450593,28.10602454850129,-790.1569565833154,-3.950784782916577
90,0,7.166456463534405,23.728188222963883,-1419.3701453816386,-7.096850726908193
90,1,2.803164184537944,13.637617395906233,-552.536515100813,-2.7626825755040647
90,2,11.031015429829072,31.36000094667493,-2193.9162052224237,-10.969581026112117
90,3,11.400629790729068,47.24884644928368,-2268.014814018461,-11.340074070092308
91,0,4.129437672293838,15.746058443873014,-700.3640077674346,-4.071883766089736
91,1,2.8661026414095363,18.4195805506246,-563.9583431031467,-2.8197917155157337
91,2,10.903743266657964,38.38759328534277,-2168.432306179191,-10.842161530895956
91,3,8.468799232151241,21.570802734876104,-1684.7959356355548,-8.423979678177774
92,0,3.31483819570635,10.866414673135615,-651.6852524118171,-3.2584262620590856
92,1,0.6078604793839758,2.37675328242952,-91.9950759163612,-0.5609455848558609
92,2,12.013143187648945,30.30499447915499,-2392.389188795205,-11.961945943976026
92,3,8.322950024327271,38.12240625927679,-1656.98249089176,-8.2849124544588
93,0,2.9785929491110354,12.71480340071097,-561.3233676607114,-2.923559206566205
93,1,0.7614671110594147,4.43273553862735,-146.97630791785485,-0.7348815395892742
93,2,6.042495255125037,25.784354776788412,-1197.7660839677703,-5.988830419838852
93,3,6.439618867183288,23.36775904913577,-1276.677221826283,-6.383386109131415
94,0,4.558978014528913,11.932430578532337,-899.7550430882312,-4.498775215441156
94,1,1.0808396715307111,2.61930338408239,-200.74017203968225,-1.0401045183403226
94,2,8.91840282350074,21.602289351329475,-1771.620046888146,-8.85810023444073
94,3,13.028032988150066,32.777007941052474,-2595.8108624862152,-12.979054312431076
95,0,3.2872802159698256,8.483898754891527,-519.5338440725759,-3.226918286165068
95,1,1.5733860595039462,7.416324142431738,-270.2115607568831,-1.5266189873270233
95,2,11.21553923043955,37.451331087461845,-2232.6327972907643,-11.16316398645382
95,3,4.229396277896489,17.031138907908694,-836.1123558438252,-4.180561779219126
96,0,2.420496092316012,7.328705497464829,-366.24638987195664,-2.362879934657785
96,1,2.8005095667872077,11.281833414158251,-552.3141192285765,-2.7615705961428825
96,2,6.0963222474567305,17.720652231869668,-1209.2718204667683,-6.0463591023338426
96,3,5.083973491586713,19.685477229456712,-1006.2188573481974,-5.031094286740987
97,0,4.031886531057517,13.205145533958834,-599.5241101394354,-3.970358345294274
97,1,10.81689490264372,32.44959475667406,-2155.259994439464,-10.776299972197318
97,2,5.129654711125454,17.874989185506752,-1014.8957725154828,-5.074478862577413
97,3,5.574648723035738,25.271553121730225,-1103.8682807844636,-5.519341403922319
98,0,2.23110672805075,8.041261103761522,-308.44737315323977,-2.1721645996707024
98,1,2.261312250514361,8.072388258987761,-443.2276505280845,-2.2161382526404223
98,2,3.835260593675528,18.616338650486824,-756.1570043336998,-3.780785021668499
98,3,15.549412084051236,64.84389776148092,-3097.1832689490666,-15.485916344745332
99,0,19.885670647407096,43.39971461595171,-3966.152240045321,-19.830761200226604
99,1,1.587162021911206,4.05235039137493,-174.61443426760667,-1.5183863849357102
99,2,5.110776532355349,19.240835092397955,-1011.7573646640072,-5.058786823320037
99,3,16.359850264180707,50.9683584745679,-3261.3527291157934,-16.306763645578968
100,0,3.486228179481305,11.802321217136436,-685.8351821101088,-3.429175910550544
100,1,2.6945780532489727,14.899776442891252,-529.7390738688407,-2.648695369344204
100,2,3.648833083665827,13.206749536244116,-719.1889692741795,-3.5959448463708976
100,3,3.1163070093256824,14.586414245197172,-613.6158759022181,-3.0680793795110906
101,0,2.673289975378358,9.8677808132092,-450.377597364029,-2.6184744032792384
101,1,0.487516093928289,1.9613502159278573,-62.0633716949546,-0.4340095922724097
101,2,4.503723138296741,18.534809597132515,-891.1206496233023,-4.455603248116511
101,3,3.5498741035804504,15.290068724845067,-699.9109501085279,-3.4995547505426394
102,0,2.8321555769515148,15.905524650103168,-440.89222777331713,-2.772907092913944
102,1,0.2489247999255528,0.8992684152760695,-44.164281808023134,-0.2208214090401156
102,2,2.967548671197494,12.501086449701,-583.6091026115499,-2.91804551305775
102,3,2.743619212190971,10.629086542360302,-540.5899624215562,-2.702949812107781
103,0,1.7199926422721314,6.791586510083502,-251.1222082824681,-1.6630609820031002
103,1,0.4916441090781114,2.196021968990555,-92.34376891647624,-0.4617188445823812
103,2,2.84361763369972,10.347132013926386,-559.4958072078629,-2.7974790360393142
103,3,1.882028601183341,8.104229667602835,-322.9742559197581,-1.83508099954408
104,0,7.488916301920913,33.85611065105691,-1484.4076455527857,-7.422038227763928
104,1,4.876391920879913,28.717660505216195,-966.1125410851116,-4.830562705425558
104,2,2.677171429025931,8.318407967677143,-505.8611860770575,-2.6210424149070337
104,3,3.528172749408121,13.35778567298732,-653.0641062311853,-3.47374524591056
105,0,3.818353603293729,20.64637025518933,-627.0238812802651,-3.754634019642306
105,1,11.054038825910329,38.290481855838266,-2199.25252799726,-10.9962626399863
105,2,3.45331500300824,10.143242391794258,-679.1960824087571,-3.395980412043785
105,3,8.579233699452063,31.85027287098057,-1705.7089509575742,-8.528544754787871
106,0,5.05370432433334,30.63819798323473,-1000.0203487687336,-5.000101743843668
106,1,14.063342628521898,40.42983514892748,-2799.282381698816,-13.996411908494078
106,2,3.48549190313058,11.092293231415956,-471.6163125210679,-3.417509511022231
106,3,5.815882739779202,15.95160121386072,-1141.5612082148168,-5.76546064754958
107,0,2.179244775945317,6.396290124281001,-298.7151480828892,-2.118547149524036
107,1,3.1598641944337835,7.523980794847954,-506.7735772860701,-3.109040351448283
107,2,5.692953458129071,19.173397062953438,-1128.5107102781833,-5.642553551390916
107,3,2.3077253867452323,9.22980465747663,-452.2285976018349,-2.2611429880091745
108,0,2.861578560074464,10.425921984724008,-425.3612855078367,-2.7984295099199783
108,1,6.303429134082774,18.762106972095854,-1248.562193174164,-6.242810965870819
108,2,3.826458403679912,10.966078286749296,-754.3950649321915,-3.7719753246609575
108,3,2.66312103478221,18.54766522188587,-523.1971892802173,-2.6159859464010866
109,0,4.959541650524003,27.55305751246575,-979.0747529412714,-4.895373764706357
109,1,6.528263567048795,33.306909250318135,-1294.7656765774311,-6.473828382887156
109,2,7.4056365616089455,21.21324292267941,-1469.3074960753058,-7.346537480376529
109,3,27.884089506455545,68.97643060254374,-5566.580907665832,-27.83290453832916
110,0,5.910642073314085,28.02146491573824,-1170.4300330805577,-5.852150165402787
110,1,0.5834109864745113,1.969699799945914,-87.91614159907039,-0.5360740341406731
110,2,2.8386039844158244,11.39671319489082,-521.4053926251961,-2.7882641316855405
110,3,2.283188836934721,7.689594462921365,-447.7713387296116,-2.238856693648058
111,0,4.105995740144029,14.51916358699739,-809.4209074743987,-4.047104537371994
111,1,0.8838189783802636,2.996029962867908,-124.75379152330233,-0.8316919434886821
111,2,1.735906589111292,5.501998433961686,-208.3279424531036,-1.6666235396248286
111,3,2.1086954307878933,8.526459066280449,-413.14104911545286,-2.065705245577264
112,0,3.944257973093072,10.538810964573283,-777.176049717464,-3.88588024858732
112,1,0.8698056836885577,5.953812703428192,-123.41648528754088,-0.8173277171360323
112,2,1.3099363421320085,3.858943095049154,-186.6152287140133,-1.2524511994229082
112,3,0.8876050999353023,3.5586047358907744,-169.54723807659593,-0.8477361903829796
113,0,3.721935269074375,16.038860533295193,-732.8153541300348,-3.6640767706501753
113,1,1.130722480692795,4.040522262281226,-158.22359790370697,-1.0763510061476662
113,2,3.2596512624267104,16.11901869380547,-527.87144507361,-3.199220879234
113,3,2.446614525795484,10.395469706271152,-480.34883423036354,-2.401744171151817
114,0,3.997944372863452,15.098553289454816,-396.3924537294219,-3.9246777596972464
114,1,0.7491799900416514,1.6850819349417197,-72.50562763490724,-0.6776226881767032
114,2,1.8048516377791195,6.237911354585641,-260.2063306051895,-1.746351212115366
114,3,1.3282442527960392,5.357993485226235,-244.9267681760962,-1.2823391003984097
115,0,2.8925487932581,11.824775221249288,-521.2773196763349,-2.8330289112844285
115,1,1.06567090818876,3.8187840418539953,-148.84957078826352,-1.0125821142058742
115,2,4.502813724014645,16.136183186361578,-842.5449640004637,-4.434447178949808
115,3,3.610407250139649,10.13535971360963,-712.6195163362087,-3.5630975816810437
116,0,2.9214836421184742,8.022784896803309,-431.74213904151713,-2.859219463851107
116,1,0.8119888663268953,3.753476555640018,-104.29158503451306,-0.7557361234385005
116,2,1.2175624740127824,5.510096717888621,-181.20744313623112,-1.1615861739501996
116,3,2.6305339657352294,7.940380806865593,-516.3617208138099,-2.5818086040690496
117,0,4.078423094241038,11.76577271567334,-714.7353072237368,-4.015366894515375
117,1,0.8116976373194313,3.488245699502069,-124.36440308947364,-0.7629717980949302
117,2,1.446014931858512,6.242283945553416,-182.27220425529265,-1.3808500322370656
117,3,2.85068113526771,11.555428284468857,-562.2582518107746,-2.811291259053873
118,0,4.9795654401127,22.934705964475874,-983.4640656044224,-4.917320328022112
118,1,1.1068184536724222,4.909170993759636,-164.512897355324,-1.0545698548418203
118,2,1.0354149288597192,3.874689857127513,-124.07342825104644,-0.9693236582113004
118,3,2.5083644037140083,9.44724892018703,-491.9655661164592,-2.459827830582296
119,0,4.859447797802088,24.216692564922475,-767.2934353349057,-4.79558397084316
119,1,0.6863605548143435,3.9137322170284703,-98.6386900354093,-0.6363786453897374
119,2,1.1091226599231234,3.856843295938431,-130.31160601609923,-1.0424928481287938
119,3,1.9830117520818584,12.035462970465742,-387.53505008492704,-1.9376752504246355
120,0,7.512518666571196,27.815728900736183,-1490.2196578803168,-7.451098289401584
120,1,0.3285847433216909,1.8995247425577373,-40.644475666638655,-0.2764930317458411
120,2,1.6866866078404854,7.443406382356467,-251.9571757179823,-1.6255301659224664
120,3,1.6217771848261815,6.861225753366412,-297.3094030426039,-1.5730656245640418
121,0,1.4604702601795216,5.8395330444719935,-193.40737287241848,-1.401502701974047
121,1,1.6830490204233082,7.987504110438568,-237.5023892034876,-1.6267286931745726
121,2,1.035092564382988,3.388273981397771,-150.94056282644175,-0.9801335248470244
121,3,1.7829084221117666,7.568021030134982,-333.11694990161686,-1.7349841140709212
122,0,1.3961577353813832,5.005390882852869,-191.35095089732,-1.3381185377434963
122,1,0.7084720953438359,3.5678594101794667,-81.56827591661191,-0.6473672691794596
122,2,1.361360313420221,4.785513431732977,-169.82320735680088,-1.2963603615022967
122,3,1.4108315790140915,7.869117934353651,-257.3483855817807,-1.3616316697448714
123,0,3.198459537166251,12.005317083675106,-521.0824036573866,-3.1390506244420884
123,1,1.2599909679416172,5.001027905591588,-118.22613689351098,-1.1822613689351098
123,2,1.6862801279325357,5.276512963279826,-213.89685710914543,-1.6204307356753445
123,3,1.509232842078751,10.285884934036943,-231.15854537807743,-1.4630287682156802
124,0,1.7590153207551993,9.222247159472964,-232.5426986164093,-1.6973919607037176
124,1,0.8498871120600019,3.330216248625244,-84.25476373435964,-0.7801367012440708
124,2,0.7723652597888554,2.9126445817797277,-109.0879670063806,-0.7176839934630302
124,3,4.52820694165154,16.26220647587106,-896.9230709503394,-4.484615354751697
125,0,3.3754927154995964,15.373465597145644,-477.3913370732422,-3.3152176185641817
125,1,0.768468717339051,3.1898387174993923,-81.44387406019344,-0.7021023625878745
125,2,0.7983262470229934,3.066577249605952,-88.44735137468471,-0.7309698460717745
125,3,1.1032013890157566,5.194650544426531,-212.18643010575715,-1.060932150528786
126,0,2.799399780340863,10.125732876599432,-455.177975698039,-2.742035998180958
126,1,2.833058836059986,14.060216263115525,-376.0948802440804,-2.765403531206473
126,2,0.7188584447713114,2.6201070707131398,-73.13601067411082,-0.6472213333992108
126,3,2.077410016414821,12.546613613051743,-313.0783298506898,-2.032976167861622
127,0,3.801193519962294,15.385781365696236,-590.6301878426692,-3.7381657458396784
127,1,0.972298421177927,3.4234784279949744,-90.56386835634623,-0.8966719639242203
127,2,1.7582981690752422,9.676544969818272,-270.6346090639264,-1.7021044595215498
127,3,1.3617053579894582,11.009832277468949,-205.6515834247053,-1.318279380927598
128,0,2.02577117015514,9.873534294676505,-286.98370669800846,-1.965641826698688
128,1,1.450900550548922,6.754618250154629,-163.36012019050457,-1.3844077982246148
128,2,0.9272900173387688,3.320463810801935,-107.68774540449024,-0.861501963235922
128,3,0.991667823775524,6.696102448758802,-188.66877848434524,-0.9480843139916846
129,0,3.550970928856012,16.470320161064045,-376.6303678329893,-3.487318220675826
129,1,1.368693904978361,6.461345329475141,-217.9710406952692,-1.3130785584052362
129,2,0.9978054406772944,4.680385067994915,-110.48811546891189,-0.9284715585622846
129,3,1.0166394689509313,4.693759805305906,-195.15866866466956,-0.9757933433233476
130,0,1.5273732435966083,6.4801469404809415,-194.8412894921716,-1.4649721014448993
130,1,0.430445580062361,2.5132198605164797,-55.75384608782296,-0.3792778645430134
130,2,1.7809079038193685,7.986323291791362,-296.56844276291883,-1.724235132342551
130,3,0.8893732464352382,3.762228003855336,-164.84206219564186,-0.8453439086955993
131,0,3.2035758827459224,11.190645174488182,-490.1183452460327,-3.141784264397645
131,1,1.0742307909224456,4.159736675316966,-99.66163721216452,-0.9966163721216452
131,2,1.3855274179473884,8.029982793271433,-211.8187637544494,-1.3238672734653087
131,3,2.1860593401521213,9.683177984911609,-410.1093559267912,-2.135986228785371
132,0,1.8415266141976103,10.934619784532345,-236.48198215593064,-1.7780600162100049
132,1,0.7966170262889348,2.805572380711346,-77.59860902588619,-0.7252206451017401
132,2,1.015208758892029,4.826334965186561,-123.69337998528034,-0.9514875383483103
132,3,2.0779892676510983,9.551906054627198,-408.3568812769198,-2.041784406384599
133,0,1.6978301138585836,7.117219069850052,-232.60500224509528,-1.6380633960922202
133,1,0.7121006650852663,2.922663438366048,-67.92944370747345,-0.6408438085610703
133,2,1.5422805042615075,6.740346943255287,-283.2184320126009,-1.4906233263821098
133,3,2.864126618900942,12.811450632950478,-484.7681910365011,-2.8184197153284947
134,0,1.528230538624061,7.718047316285813,-216.08881166071237,-1.4699919160592676
134,1,0.8301459710299814,4.036312819318867,-96.87507585589007,-0.7688498083800801
134,2,0.7089774375955901,2.9015727588166658,-92.54799490283936,-0.6517464429777419
134,3,5.570683900559431,29.269609147508685,-1054.5093792380849,-5.520991514335523
135,0,1.2129495338879437,5.308953549228268,-154.43446454634935,-1.1524960040772338
135,1,2.257273818521196,9.393724567701174,-440.3564125687116,-2.201782062843558
135,2,0.7756978382594512,3.0946297232990743,-93.5242872235888,-0.7139258566686169
135,3,1.2004754802954394,4.827383358792302,-231.93032200075248,-1.1596516100037624
136,0,1.618122229055267,6.108090639204807,-231.0086757222778,-1.5608694305559312
136,1,1.0417181173367396,5.159845158444233,-145.0804562192494,-0.986941879042513
136,2,1.123770743796233,5.061747574068317,-137.74469163035465,-1.059574551002728
136,3,1.2175924619687044,6.7000313242408485,-235.1636132552696,-1.175818066276348
137,0,1.4620257869161688,6.911903798579586,-186.2940790714728,-1.4007073614396448
137,1,4.405806246871689,21.164497498865757,-695.1589186861158,-4.344743241788224
137,2,0.7088733681886003,3.526834518256321,-90.45144672174102,-0.650729832530511
137,3,1.129641219517969,5.228847186724521,-185.72644180679504,-1.0798048942255525
138,0,1.6939211363952416,10.267823885123908,-226.95438283724164,-1.6327653441528176
138,1,0.5920309027181099,2.499257603041812,-63.93911261904664,-0.5284224183392284
138,2,1.081603623704264,4.038476445478295,-153.8369079961208,-1.0255793866408054
138,3,0.8258273425062038,3.714413784541785,-139.29627894311534,-0.7781915024755047
139,0,1.8035964707336865,7.458424439962376,-234.80033719380825,-1.739261756991172
139,1,1.02215127135745,4.169038817033871,-129.22286776795312,-0.9643497594623368
139,2,0.5005539995545375,1.8864465894985183,-56.5508973426858,-0.438379049168107
139,3,1.350834749311658,6.213943817399638,-234.1844967529774,-1.3010249819609856
140,0,1.2428681207770362,4.560231339634279,-159.64828575488102,-1.1825798944806
140,1,0.5574628768528447,3.842720211516101,-79.82794500204086,-0.5084582484206425
140,2,0.983190553889194,5.469161900537881,-132.24360189850336,-0.9247804328566668
140,3,0.7539092877614777,4.377280139892708,-133.26408438111162,-0.7088515126654873
141,0,1.789647463882009,6.406213899764736,-227.8634608501851,-1.7262383397741297
141,1,0.5217217409706298,2.530796340747629,-55.52230399549085,-0.4588620164916598
141,2,0.7844760982200601,3.0722700919237247,-114.13105318060128,-0.7316093152602646
141,3,1.3595847200161264,7.364168695172226,-233.0998470150379,-1.3095497023316736
142,0,2.7489228233983902,9.442578507358451,-448.8706981127538,-2.6878484916931367
142,1,0.4300035832940659,1.2224696438051208,-75.02267954729236,-0.3907431226421476
142,2,0.7126308608408652,4.321168986170663,-90.8355905213705,-0.653493456988277
142,3,0.9007134696398965,3.952428531736216,-157.12958469923572,-0.8539651342349768
143,0,3.1406394860541726,18.366250420644,-480.4638743687345,-3.0798966305688107
143,1,0.277612856544704,1.0482619336263983,-37.35662834406115,-0.2305964712596367
143,2,0.9978624530178012,4.150491963038014,-127.37048139970511,-0.9365476573507728
143,3,0.7614458474240495,3.476140123419406,-126.38380314246866,-0.7140327861156421
144,0,1.8417332528360413,6.921155783482297,-251.1191511554852,-1.7809868876275543
144,1,0.3714539634515665,1.3694604535244923,-41.80144961720053,-0.3142966136631619
144,2,1.2825129734594098,5.628865576316051,-169.64182860691065,-1.2204448101216594
144,3,1.10128887561181,6.07448335023154,-200.45522896074917,-1.055027520846048
145,0,1.5170742677815805,5.270434792864831,-193.4424453841195,-1.454454476572327
145,1,0.3370844173009394,1.4635152126519124,-41.55165690313876,-0.2846003897475258
145,2,0.9866088357482464,4.145415791917355,-109.1314732181177,-0.9170712035135942
145,3,1.3750195743101064,8.44546737314309,-261.7991033748743,-1.328929458755707
146,0,2.7166501930818647,10.528992024465246,-430.3944978275344,-2.656756159429224
146,1,0.2566081717570921,1.0513485104407103,-28.030015603840265,-0.2016547885168364
146,2,1.2894554646114882,4.870742618723964,-169.32918297184057,-1.2270230650133374
146,3,0.7542843505609385,3.5779269203984323,-133.25813264289602,-0.7088198544834895
147,0,1.327789510465919,5.100909263213966,-167.1391018972804,-1.2662053174036394
147,1,0.6241508349112979,3.313098717194542,-78.46533294488687,-0.5685893691658469
147,2,1.6537192676819616,9.669237928655487,-274.36917243127385,-1.5951696071585688
147,3,2.2375252602027844,14.581570810299247,-438.6780151104928,-2.193390075552464
148,0,2.7289126747894827,10.416441450616526,-445.6663788115246,-2.668660950967213
148,1,0.2139418427001599,0.9302473134866248,-23.711825618742967,-0.1624097645119381
148,2,0.736083478740129,3.254500730343172,-91.97999452479614,-0.6763234891529128
148,3,0.661650788783261,3.8662466281760217,-106.8044761333076,-0.6138188283523426
149,0,2.006833184596512,8.60770352836109,-272.1011599070849,-1.9435797136220347
149,1,0.2267311139608564,1.2026805359838422,-30.916295916026595,-0.1818605642119211
149,2,0.5970283833515295,3.472873641405521,-71.79998626234642,-0.5358207930025852
149,3,1.2220510497140014,6.207044126138257,-211.32608729818543,-1.1740338183232524
150,0,1.327914453854289,6.084108753946239,-169.76859910541882,-1.2669298440702896
150,1,0.4410117695025782,1.660663529042234,-59.07075646745306,-0.3911970626983646
150,2,0.6800442224741456,3.7541312748490303,-84.42053785809019,-0.6207392489565455
150,3,0.7903873453676276,4.802814880684057,-136.95215917927004,-0.7443052129308154
151,0,0.9359928455978986,4.645134383522058,-115.043476830994,-0.8781944796259085
151,1,0.4787947394975648,2.132715365193177,-51.18089653106673,-0.416104849846071
151,2,1.48680319953996,7.298315127253476,-241.6624844967836,-1.429955529566767
151,3,1.431922278710143,9.078651861016068,-261.5960911572072,-1.3841063024190856
152,0,1.5152912680777293,5.947449010860293,-192.0467633733152,-1.4548997225251152
152,1,0.4035753193055816,1.6642913566808626,-37.609120886490274,-0.335795722200806
152,2,0.9563235770466392,6.2014999519950464,-110.24453472233613,-0.8890688284059364
152,3,1.0697978243016726,7.228979847163015,-177.46719623224516,-1.0199264151278458
153,0,2.684549644522128,10.633160330695665,-475.4520176005533,-2.62680672707488
153,1,0.4884605071482785,1.8260410408831944,-57.81154123137387,-0.4314294121744318
153,2,1.613360021468743,8.222877337009896,-220.2607146846589,-1.551131793553936
153,3,1.0404363769650082,4.764568947423785,-170.26433957518137,-0.9899089510184964
154,0,1.0090848179019225,5.076519283308723,-132.2785157188717,-0.951643997977494
154,1,0.3894875789036658,1.5696531258516375,-49.26345137331921,-0.3374208998172548
154,2,1.038702455913646,4.388102324665252,-111.13592550138856,-0.9663993521859876
154,3,0.9472231650871528,4.44719422809353,-154.41838289570268,-0.8977812959052481
155,0,1.5402434492194972,8.560934879881103,-199.8574817728237,-1.4804257909098049
155,1,0.4720649474285189,3.670844838122087,-64.56552393299202,-0.4219968884509282
155,2,1.1374845819731274,4.631016745736003,-145.1858538621751,-1.0754507693494448
155,3,1.2263137441119192,7.175534835823756,-207.17064512729377,-1.17710593822326
156,0,2.124548289126265,8.125642296811847,-297.2975415768633,-2.06456626095044
156,1,0.247464917008619,0.7469342538883703,-31.253350528855645,-0.1990659269353862
156,2,0.7231904745999468,2.5166253980096727,-73.680092718774,-0.6520362187502124
156,3,0.8130319064242293,3.534204930230245,-129.77796910021846,-0.7633998182365792
157,0,1.500040825574548,8.823579764527466,-200.60212708660964,-1.4431807704072637
157,1,0.1226750679607267,0.6826439276893456,-17.592649091796602,-0.087963245458983
157,2,0.8076849852255278,3.9679324696703553,-104.92532407153584,-0.7494666005109704
157,3,1.3223729549844647,8.279825642017,-237.08870959616831,-1.2746704816998295
158,0,1.2605663154010929,6.318515561050791,-160.8237197246195,-1.2001770128702949
158,1,0.3210521954412042,1.250512751676086,-38.0529530188224,-0.2679785423860732
158,2,0.5207670910966515,2.756579405179856,-60.85177508370412,-0.4609982960886675
158,3,1.721702046374244,5.869905149091291,-292.1460649463413,-1.6694060854076649
159,0,2.7202303043181817,9.652649784910416,-428.72436370793326,-2.662884246633126
159,1,0.2444314918671188,0.7431746916559198,-26.671688837537683,-0.1905120631252691
159,2,0.9024543800981524,4.226531672942054,-112.60066950685125,-0.840303503782472
159,3,1.9461470463169392,11.388282536355367,-325.3291708413917,-1.89144866768251
160,0,2.227189612266979,14.966341851747162,-325.31918105168364,-2.1687945403445577
160,1,0.3836712311992657,1.6078112629377312,-54.62246958502463,-0.3371757381791644
160,2,0.5732416717022513,2.676646050684436,-62.50280299488572,-0.5081528698771197
160,3,0.6135903456240607,4.011692813081522,-113.16205254296985,-0.5715255178937871
161,0,1.4365204311683664,6.238357475516088,-181.90088661582772,-1.3780370198168768
161,1,0.4241730487290425,1.9649665688777227,-48.010749148354016,-0.3664942683080459
161,2,0.4343933585431243,2.4921406583532675,-51.12786154885693,-0.3759401584474774
161,3,1.093948658840347,5.631885190002597,-172.85282032022872,-1.0412820501218598
162,0,1.0906831819937892,5.331280479373273,-136.48088408404928,-1.0339460915458278
162,1,0.2029469518326906,1.9409537808481072,-30.00466072466204,-0.1621873552684434
162,2,0.4164993135370539,2.627486154780662,-50.24068241528347,-0.3588620172520248
162,3,1.5123711529248558,8.655583408305766,-263.1316445972254,-1.4618424699845851
163,0,1.5536052224714094,7.56901825721859,-196.7053622871724,-1.4901921385391843
163,1,0.2018563678145764,0.8154958254309816,-27.76013082471592,-0.1586293189983767
163,2,0.6495369785046977,2.911747998939191,-91.2008131155417,-0.5960837458532138
163,3,0.9208611122818156,4.184805343810339,-147.1953609869137,-0.8709784673781875
164,0,1.3182856095977509,6.15261100823154,-167.2093679135606,-1.2572132925831625
164,1,0.1886369241983342,0.6040192612157995,-22.419011051586526,-0.1410000695068335
164,2,0.4863048400003003,3.5938440143473023,-51.70771315172372,-0.4203879118026318
164,3,1.675878275186833,8.047816749706596,-299.19816073724235,-1.626076960528491
165,0,1.6884366251896834,7.415582736411297,-227.8474708807792,-1.6274819348627088
165,1,0.1964510365312808,0.7282950433054957,-25.80520703308457,-0.1517953354887327
165,2,0.3970656542874312,2.076791725320052,-44.063120505205966,-0.3363596985130226
165,3,1.4080716856800068,7.525437157290372,-240.38656640679093,-1.3581161943886493
166,0,0.9634594788066398,3.5212802359333204,-124.1540776854801,-0.9062341436896358
166,1,0.1448771420099138,0.4864600836008149,-19.59279096375474,-0.1047742832286349
166,2,0.6384052281491756,4.041240757414015,-71.5957042125161,-0.5727656337001288
166,3,0.7546756036313863,3.496513142256941,-123.7718605113083,-0.7072677743503332
167,0,1.08935145990595,3.574689795941658,-134.88456482622357,-1.0296531666123936
167,1,0.1379130729707357,0.4831858831789238,-18.15326014561333,-0.0975981728258781
167,2,0.931319976549749,6.974751181627502,-125.65675633712152,-0.8726163634522327
167,3,0.7214398473927021,4.789265580644977,-112.83441941172973,-0.6716334488793435
168,0,1.088677055184111,3.840923781706081,-131.5134398622848,-1.0274487489241
168,1,0.1425404943109103,0.4674399538326501,-17.371347269365863,-0.0992648415392335
168,2,0.7514262340021567,5.164429930575973,-94.72912083829702,-0.6914534367758907
168,3,0.5649647739424539,3.8190070326564514,-94.50909601685356,-0.5192807473453491
169,0,1.889385547072244,7.913598457455696,-268.94935421676195,-1.8295874436514417
169,1,0.1619990922442143,1.0052975792383176,-20.337664998680754,-0.1182422383644229
169,2,0.7057911222332601,4.510141999211186,-87.30214699935203,-0.6466825703655706
169,3,0.7550436105446668,5.620660823759258,-123.60525096212402,-0.7063157197835658
170,0,1.296051232660517,6.998415239198481,-179.82337400901682,-1.2401612000621849
170,1,0.1743167628116685,1.0309388898371012,-25.01964374131542,-0.1337948863171947
170,2,0.5751907358125616,2.24456210589586,-73.11132936555,-0.5185200664223405
170,3,0.8426125140338722,5.76160080777048,-154.98383832659496,-0.7988857645700771
171,0,1.0923886887338077,4.531704604169418,-139.68910667127116,-1.0347341234908976
171,1,0.1566289340018999,0.4192151619961859,-18.766986609756383,-0.1117082536295022
171,2,0.5613831103758005,2.844892295372287,-83.9284167604128,-0.5117586387830049
171,3,0.737853230273254,5.570686159585369,-127.3291098570914,-0.6920060318320185
172,0,2.828633533704973,9.223761954595894,-370.25290696652615,-2.7630813952725832
172,1,0.2879568301182533,1.1646462722440911,-35.92095220504684,-0.2378871006956744
172,2,0.6222504730970787,3.6643254521785744,-74.80361116700865,-0.562433166669238
172,3,0.6485012667431433,2.9560123871105213,-114.9227544901044,-0.6048566025794968
173,0,1.1709357853372515,5.48323724701971,-150.2173737098694,-1.112721286739773
173,1,0.1523372032301862,0.6018154741563179,-21.37930790997592,-0.1125226732103995
173,2,0.5781218377739035,2.7017009889287014,-59.0791292301906,-0.5093028381912983
173,3,0.4916867151650309,3.737902790234525,-86.68041566576618,-0.449121324693089
174,0,1.521176313400361,6.656535027160567,-188.13118026429467,-1.4583812423588731
174,1,0.1497368305696113,0.9773153932654486,-14.68503634085974,-0.0985572908782532
174,2,0.5876439824945249,2.806608065070362,-71.08615291280829,-0.5265640956504317
174,3,0.6177929485594895,3.3755974652769667,-103.51409268445268,-0.5719010645549871
175,0,1.164718239991236,5.470674702167464,-147.00269207074697,-1.1052833990281727
175,1,0.3073493431608298,1.3985008928757938,-29.614674689045287,-0.2447493775954156
175,2,0.6025669480739572,3.3911789805147907,-82.22880776094317,-0.5481920517396212
175,3,0.4331790793024361,2.713078656405664,-74.61032103810388,-0.3906299530790779
176,0,1.0742272654680831,5.984360913196368,-136.03477047275507,-1.0151848542742916
176,1,0.1722930573656224,0.8470410152544238,-20.630671823811813,-0.1257967794134866
176,2,0.6966174004557543,2.578109882410963,-79.65713472557442,-0.6321994819490033
176,3,0.6140971815506927,3.446538686783366,-96.72065544978464,-0.5656178681273956
177,0,0.7003939985724339,3.690506592475065,-94.56069008900438,-0.6476759595137287
177,1,0.1950061811980011,0.8620286926704908,-18.93607441398358,-0.139235841279291
177,2,0.4771350492744728,2.560295291319779,-52.48572494488137,-0.4132734247628454
177,3,0.4559202275354874,2.6593840456325517,-74.34620061100219,-0.410752489563548
178,0,1.014420880397818,4.104649437969626,-132.11623914555014,-0.9573640517793488
178,1,0.1414285250719287,0.6061298428780583,-12.82781710984719,-0.0890820632628277
178,2,0.8291596821826331,3.732129411240381,-98.78539587589653,-0.7657782626038491
178,3,0.8196158600422371,5.116967002102392,-138.20960509107744,-0.7721206988328349
179,0,1.213168198220578,6.874464309357731,-154.6542739458699,-1.1541363727303724
179,1,0.2436793390516953,0.9881461729305692,-23.37883356764161,-0.1840853036822174
179,2,0.92747294426743,3.0013920880966647,-104.139301177725,-0.8606553816340908
179,3,0.3951297409099542,1.9301144112834925,-62.626502808688585,-0.3498687307747966
180,0,2.238239488353675,11.115165469727378,-306.8675784909939,-2.176365804900666
180,1,0.2448413940150044,1.164182793234166,-34.028692174029906,-0.2001687774942935
180,2,1.2355942413048149,7.479383493221156,-188.2895596411805,-1.176809747757378
180,3,0.7433106604149315,4.109961564633656,-132.7891797894646,-0.6988904199445506
181,0,1.491958925448227,7.549095939765741,-202.2194035312181,-1.4341801668880718
181,1,0.3094648907968488,1.7307639070753411,-41.00742402559143,-0.2611937836024932
181,2,1.484441553030004,9.29609512418375,-209.52792996065543,-1.4253600677595608
181,3,1.147399083617733,7.664718171053823,-211.66350387646608,-1.1024140826899276
182,0,1.043913623671985,3.886086212537157,-123.91586902917987,-0.9834592780093642
182,1,0.3137262124396207,1.1430299081805158,-35.67067341053692,-0.2584831406560646
182,2,0.7585550867464806,3.0922441881991856,-89.71922602762241,-0.6954978761831194
182,3,0.7462455911249429,3.9477662660396593,-125.85170341826507,-0.6991761301014727
183,0,1.2705177307812758,7.126363885332752,-150.911101319416,-1.207288810555328
183,1,0.3176287638451958,1.3099428591695992,-34.0538149448819,-0.2599527858387931
183,2,0.7310142208143854,3.0162226096113844,-78.87347858204693,-0.6628023410256044
183,3,0.3846278417392818,2.995324504652301,-69.30002008788694,-0.3465001004394347
184,0,1.275325979724603,6.085872876896215,-162.76477067700884,-1.214662467738872
184,1,0.3392111770954375,1.0011803572851037,-36.85230616951797,-0.2813153142711295
184,2,0.6756060531088293,2.430910822356922,-65.57345987302668,-0.6015913749818961
184,3,0.3704415968715882,2.210157363189271,-64.64037479959305,-0.3297978306101686
185,0,1.3959604450830538,7.214565295321596,-185.793612873783,-1.3366446969336905
185,1,0.2563319202115565,1.5202600751463866,-32.16785285185346,-0.2075345345280868
185,2,0.6509591332269766,3.2213165119061755,-64.1126630406108,-0.5775915589244216
185,3,0.4736428279491547,2.5374365023754795,-79.47906660226577,-0.4296165762284636
186,0,1.8987161930276348,8.376478395810269,-231.083457623154,-1.833995695421857
186,1,0.2186214635133657,1.147567119287965,-22.635013965199636,-0.1640218403275335
186,2,1.546426756525622,6.382673520892155,-200.29268670735124,-1.4836495311655646
186,3,0.7051166888797403,4.341959878227551,-119.91723645434544,-0.6588859145843157
187,0,1.5247750178959945,8.93795905122036,-190.10080248552757,-1.4623138652732888
187,1,0.2556898911173449,1.041880750276087,-27.808371215771597,-0.2015099363461709
187,2,1.402326922822304,7.413710600608991,-203.13751215102872,-1.3452815374240312
187,3,0.4380417015893797,2.6168281909977527,-69.81373089646509,-0.3922119713284555
188,0,1.3404763158200284,4.893108373126873,-155.4092480059564,-1.2738462951307905
188,1,0.4586225426997941,4.939150549830145,-60.696911162762405,-0.4073618198843114
188,2,0.7478417224406967,2.7633205837323573,-91.39159436528314,-0.6871548448517529
188,3,1.0137259708127095,5.339647386719106,-182.7669357335149,-0.9670208239868514
189,0,1.5609913124438493,7.029288609537679,-203.89302110915992,-1.4992133905085288
189,1,0.4297512857190067,4.23038304459256,-55.13624049423873,-0.3776454828372516
189,2,0.5442405815243394,2.984422978790612,-55.08876743452959,-0.4749031675390482
189,3,1.3252722440564144,8.800705004310323,-230.16506629014515,-1.2786948127230289
190,0,1.0201032192993558,5.98793528281562,-119.69357391635717,-0.9575485913308572
190,1,0.2822468314112429,1.9329646832841536,-34.527402946411975,-0.2317275365531005
190,2,0.5333663086401904,2.684469778963352,-62.9390390018823,-0.4732258571570097
190,3,0.4108945591490153,3.053649140215551,-65.86146761642827,-0.3658970423134904
191,0,1.5946426450351316,8.569378141409294,-210.07270011347677,-1.5333773730910711
191,1,0.3798417407283662,2.6098774375889624,-40.295076313550425,-0.3198021929646859
191,2,0.6417296003950638,3.864405847908978,-84.49477455875108,-0.5867692677691047
191,3,0.8321231759609952,5.767997460377449,-142.04240831278517,-0.7847646868109678
192,0,2.403858562171349,12.124845417348334,-313.4433055951239,-2.339129146232268
192,1,0.4386286646075628,4.3496595644996185,-52.02533801667455,-0.382539250122607
192,2,0.4896098844147611,2.550728042458553,-50.21894494726987,-0.4220079407333602
192,3,0.6652926645099508,5.17731401426665,-118.1294559824742,-0.6217339788551274
193,0,2.079900376110898,8.033974741864405,-263.9748135287986,-2.0150749124335774
193,1,0.4307618775652385,2.222230863598334,-50.51849451575186,-0.3742110704870508
193,2,0.6995227243458315,3.2222375176265725,-80.79403302602523,-0.6361734883938994
193,3,0.5067035116380153,3.01057626619999,-83.02007051405207,-0.4612226139669559
194,0,1.2389885642755054,5.54063575310736,-151.83635509261464,-1.177026008469881
194,1,0.3177273448960909,1.6684941965363538,-30.88865818694258,-0.2552781668342362
194,2,0.6745852411258138,3.59434002528719,-83.70059650769998,-0.6154455625566175
194,3,0.7336509994504176,5.8936065692083695,-123.59984588102716,-0.686665810450151
195,0,0.978657367490617,4.758549801835023,-125.32569818629598,-0.921512486663941
195,1,0.4289918485200432,1.5162544376247915,-40.09815168353236,-0.3612446097615527
195,2,0.456901425992905,2.1954570710517545,-51.42941634705806,-0.3956108949773697
195,3,0.3330893831375978,2.830692680511281,-53.92288439124742,-0.2899079805981044
196,0,0.5917112170465597,2.8686126612837723,-72.31866452697967,-0.5356938113109605
196,1,0.3338417780151281,1.5900281201766342,-27.164877777334038,-0.2612007478589811
196,2,0.5162728207454992,2.2793514438640363,-58.13902295343088,-0.4542111168236787
196,3,0.5306646869256985,3.171085522027853,-86.29776723038013,-0.4848189170246075
197,0,0.6160982041338462,3.241817724988045,-78.0291264026629,-0.5613606216018914
197,1,0.4499632143586491,1.85570399258804,-40.60983765085106,-0.379531192998608
197,2,0.6338735859095036,4.670564250887529,-81.36597420458621,-0.577063646841037
197,3,0.525312904791228,3.272600034031598,-90.11501501288166,-0.4818984760047147
198,0,0.5672351358323936,2.8807027681585478,-65.70921077495662,-0.5093737269376482
198,1,7.997530836901359,35.79420913214155,-1570.6651781430342,-7.932652414863809
198,2,0.6360010449678161,4.72414549293052,-81.62014198812467,-0.5788662552349267
198,3,0.6073830623561252,4.581783021657071,-103.38491786594852,-0.5618745536192854
199,0,1.4615610587296533,7.496734227676064,-189.12550795469895,-1.4009296885533258
199,1,0.3297819615904096,1.600363972622947,-36.27234078070201,-0.2727243667721956
199,2,0.7055675014758601,4.708023260151808,-73.65373048216283,-0.6349459524324381
199,3,0.6007257437145527,2.990982650901504,-93.84838981742502,-0.5520493518672059
200,0,1.1407128113247054,7.066039009009418,-141.55435969959836,-1.080567631294644
200,1,0.2011414860340218,0.8669610101651625,-24.517010217478127,-0.1541950328143278
200,2,0.3705929585886599,1.532278430458957,-37.970334980525344,-0.3062123788752043
200,3,0.4262053312079479,3.218245175150397,-74.5332522509765,-0.38419202191225
201,0,1.1522078280537922,4.841396933076165,-144.1677529801368,-1.0921799468192184
201,1,0.3022004160119467,1.299983386187532,-30.603691728975665,-0.2428864422934576
201,2,0.3149907974130379,1.43972016910603,-39.16886406732492,-0.2628782823310397
201,3,0.5320252156468744,3.633096882417772,-90.71448927868688,-0.4877123079499295
202,0,1.4179657063771651,6.6960841779127,-176.18180167582932,-1.35524462827561
202,1,0.2125987117243775,1.3924630960336308,-19.61251699246901,-0.1532227890036641
202,2,0.7350231599206742,2.921683227040663,-98.38330595697316,-0.6785055583239529
202,3,0.3212876167415734,3.5297282401286445,-54.340714888085735,-0.2801067777736378
203,0,1.4385333957769575,8.228182932264163,-187.47164848413172,-1.3784680035597925
203,1,0.1876485947915457,0.6429163146597447,-15.880621524692044,-0.1270449721975363
203,2,0.5259846072175085,2.9019217660639844,-66.66492878290902,-0.4694713294571057
203,3,0.542564002279766,4.478791248831151,-90.61324325245558,-0.4978749629255801
204,0,1.0206714107356278,5.407994823718197,-121.76148872605748,-0.958751879732736
204,1,0.1613007588546549,0.9318682443928572,-16.359533017732858,-0.1105373852549517
204,2,0.7803237527597009,4.203642126551553,-98.63197883431864,-0.7199414513453914
204,3,0.7173012466332566,4.23305997382626,-118.62600100792538,-0.6702033955250022
205,0,1.6610338699193978,11.04366739590949,-204.36134673806995,-1.5965730213911713
205,1,0.1261845658844581,0.4198984857674762,-13.930373518444217,-0.0819433736379071
205,2,0.4222785896229512,1.9056283460937085,-46.94390364850309,-0.3611069511423314
205,3,0.3965334904307303,3.160096835214514,-66.81444275777415,-0.3535155701469532
206,0,2.3180045302314527,11.63539675290082,-320.30709566769167,-2.255683772307688
206,1,0.1254134559908097,0.4799187038482563,-13.425110451894149,-0.0803898829454739
206,2,0.5086055867868426,3.438205089884397,-56.54348003940772,-0.4452242522788009
206,3,0.4496953505899616,2.8248752825614214,-72.40285669746525,-0.4044852329467333
207,0,1.9799955426665912,8.57017951292343,-253.1235998878344,-1.9176030294532909
207,1,0.2286404918784868,1.7676493262825916,-27.93934748321684,-0.1802538547304312
207,2,0.5581260277363118,2.83027334213534,-65.70005810856509,-0.4977277129436749
207,3,0.2268435825194356,1.4896288924047731,-38.83716627243417,-0.1941858313621708
208,0,1.6255256542157894,9.507401701210965,-204.64062880068064,-1.5621422045853484
208,1,0.1995806408050251,0.6838624104770826,-21.79818237882956,-0.1482869549580242
208,2,0.8485702213052705,4.355508610940571,-107.9829888724176,-0.7881969990687415
208,3,0.2897381644418001,2.1528021220518734,-46.426058189792215,-0.2469471180308096
209,0,1.1442341654436747,4.679418300689184,-134.09508722215935,-1.0814119937270916
209,1,0.4090328858090939,2.203384669808466,-47.71713135794469,-0.3534602322810717
209,2,0.5692031724238183,3.5897722137878145,-71.4887105655648,-0.5106336468968914
209,3,0.335541316930788,3.102972141040091,-55.734082429786845,-0.2933372759462465
210,0,1.759560635036615,8.631528120379375,-234.46166073884757,-1.6989975415858518
210,1,0.2589374631890582,1.5434984268864798,-30.304156833938297,-0.2075627180406732
210,2,0.5683974275228392,2.9208355401108395,-64.80444186867497,-0.5062847020990232
210,3,0.5240713415957364,3.4758988407037643,-83.50410989605754,-0.4771663422631859
211,0,2.215945124207665,10.478010430666124,-297.1369681226905,-2.1531664356716704
211,1,0.4054275204015568,2.497667413511018,-52.43947917684651,-0.3543208052489629
211,2,0.7980499937497031,5.127742238529117,-96.49232601974992,-0.7365826413721367
211,3,0.5400303609021854,3.6249522368030216,-85.74187545208824,-0.4927693991499324
212,0,1.2607591081739205,5.175145683060854,-140.94306662171968,-1.1944327679806752
212,1,0.2577485468707556,1.7225074884410243,-29.31424514389604,-0.2049947212859862
212,2,0.6634039386409916,3.4155255260994064,-81.50539898580062,-0.6037436961911158
212,3,0.5774655905062862,3.019010723277769,-95.68015878374212,-0.5315564376874563
213,0,1.7433964373756776,8.627486729079175,-207.84175412057655,-1.6761431783917466
213,1,0.2180483397646021,0.781527942508677,-27.790316157745067,-0.1715451614675621
213,2,2.418452773981966,15.131949027089346,-424.1375667892741,-2.356319815495967
213,3,0.5318237397002014,4.05204523489145,-91.7705490630548,-0.4881412184205043
214,0,2.132161488764715,9.319607614634522,-287.64713755816945,-2.06940386732496
214,1,0.1133874819194968,0.3823865151006642,-11.811662873480543,-0.069074051891699
214,2,0.4617244824209207,2.235717784326707,-53.89829994291867,-0.402226118977005
214,3,0.7949660294822474,4.630197971058274,-144.21015636169108,-0.7510945643838077
215,0,1.1374544430052551,5.501434018549985,-135.3978298264841,-1.074585951003842
215,1,0.1637795755993376,0.6978972284254454,-18.632211055192805,-0.116451319094955
215,2,0.4323212480232483,1.9196724477466287,-46.5049062088676,-0.3690865572132348
215,3,0.598552894710494,3.147483855354965,-96.49176520657558,-0.5513815154661461
216,0,1.0238848011193318,4.03609466751592,-121.1950204749516,-0.9618652418646952
216,1,0.163923145799683,0.749497514498609,-16.59341626025165,-0.1128803827228003
216,2,0.6754444693834056,3.996641219431017,-83.85504617608049,-0.6165812218829448
216,3,0.8300192125162428,7.517451630090941,-135.901952732498,-0.7810457053591838
217,0,1.0072807830584782,5.179708751766508,-117.1424467382372,-0.9446971511148162
217,1,0.1530882674074881,0.6178336572246492,-14.697894758730651,-0.1013647914395217
217,2,0.7614041206712702,3.361508681764285,-100.74546221842016,-0.704513721807134
217,3,1.4318411335005088,10.332220242121554,-272.3970785523578,-1.382726287067806
218,0,2.690189698770115,8.186224949755042,-346.5418585953246,-2.625317110570641
218,1,0.1164806638771848,0.7072895180861147,-10.32212803438152,-0.0674648891136047
218,2,0.7561018928352651,3.424670651477631,-87.17019465908598,-0.6918269417387776
218,3,0.5565665029145539,2.7793671098272044,-87.03202639785331,-0.5089592187008966
219,0,1.352547563106304,6.933669673146067,-162.41200419858313,-1.288984160306215
219,1,0.1044533528182297,0.3703541602445904,-11.884770185113382,-0.063896613898459
219,2,0.9038638514468712,5.917013049901132,-98.40468595217816,-0.8339380165438827
219,3,0.7459390075963003,5.451919601459581,-122.22309599365528,-0.6984176913923159
220,0,1.262813011723102,5.712310724614967,-146.06195788964763,-1.1972291630298986
220,1,0.4496592627052924,3.493121793674736,-54.51628721879384,-0.3950455595564771
220,2,0.6560302146229825,3.380660370873612,-83.8298109239248,-0.59878436374232
220,3,0.5236527131657752,3.3601861561521327,-82.92600315752593,-0.4765862250432524
221,0,2.0114749365304734,9.907800148801128,-264.9817027193725,-1.9483948729365623
221,1,0.4271300876139507,3.4342002589426577,-56.506862917025614,-0.3767124194468374
221,2,0.4159583119313306,3.582284847664173,-55.76801999558343,-0.3644968627162315
221,3,0.5588793485280895,3.032207039661113,-91.27848183450698,-0.5128004597444212
222,0,1.3705823991448245,6.048826486130121,-168.70445833012965,-1.307786498683175
222,1,0.3288177138276567,1.8702917073244056,-31.356286730736272,-0.2657312434808159
222,2,0.3367734550683012,1.563662322138343,-37.61419429361912,-0.2786236614342157
222,3,0.7353377253777065,6.090586145094385,-122.5118760750847,-0.688268966713959
223,0,0.86067523460929,4.074768958930233,-108.34340980499786,-0.8025437763333175
223,1,0.1951241490473538,0.7111527055584165,-15.478718796542497,-0.1311755830215465
223,2,0.4051204019578035,1.5801309627830054,-41.47836177713582,-0.3399865719437362
223,3,0.6125753806828448,4.528601626433874,-110.69600249619582,-0.5705979510113186
224,0,1.0197151577772905,4.569815995032493,-134.9113103921515,-0.9636522170867964
224,1,0.2932891411096032,1.2285070766187212,-27.31053687581325,-0.2295003098807836
224,2,0.3669268345488372,2.113635534270568,-35.72890748643384,-0.3002429200540659
224,3,0.5622595337370948,3.8633231489530906,-100.93961657329396,-0.5203073019241957
225,0,2.2684474919366573,10.13595657572636,-315.4992376172465,-2.20628837494578
225,1,0.3663822042779829,1.9633139378112945,-48.492553814367085,-0.3169447961723339
225,2,0.5757377898614754,3.4650147840351906,-64.5166416936223,-0.5120368388382722
225,3,0.7399915344529799,6.251002837004335,-133.63049093063583,-0.6959921402637282
226,0,1.3335467103188137,5.76494645641916,-181.227195429528,-1.276247855137521
226,1,0.389988486189238,2.331760492194816,-40.4753514168323,-0.3290678976978236
226,2,0.448601155941992,3.464273296544374,-50.44330416123632,-0.3880254166248947
226,3,0.41879832276285,3.186289859925898,-63.57809313926577,-0.3718017142647121
227,0,0.9321555343470018,4.934639715939492,-113.36419150105878,-0.8720322423158368
227,1,0.2380693713126717,1.1963192299157677,-23.85984735127481,-0.1807564193278394
227,2,0.6845781130115499,3.796933254215951,-72.68304694293822,-0.6159580249401544
227,3,0.5590650894327558,2.8036272373848408,-86.27748477813687,-0.5105176614090939
228,0,0.9480430303131,5.795402665879954,-127.69588891717328,-0.8929782441760369
228,1,0.3508542514260541,1.4195975060085304,-35.29940183182934,-0.2893393592772897
228,2,0.2567829052599235,1.332115640954568,-27.475203476579978,-0.1990956773665216
228,3,0.7269505572202697,4.616612850281388,-129.6928219327426,-0.6825937996460136
229,0,1.5125086743482927,10.09336000946058,-203.47798905265265,-1.4534142075189471
229,1,0.3219472125299903,2.271588007100014,-35.56836304507934,-0.2654355451125323
229,2,0.5525966279333842,2.824062312303383,-70.33857095882756,-0.4953420490058279
229,3,0.7112366822987286,6.191310608847175,-123.22158808804592,-0.6660626383137618
230,0,1.3568604114009533,6.477461304199778,-173.70913484284372,-1.296336827185401
230,1,0.5332790447615233,4.5899354342402825,-64.3830354249997,-0.4769113735185163
230,2,0.6387162601946705,3.9384312014827256,-77.45515139485808,-0.5780235178720752
230,3,0.4054031763940104,2.542863909528561,-62.53595464092276,-0.3594020381662227
231,0,1.5600457206369336,6.159024478858695,-257.1843453649409,-1.5040020196780168
231,1,0.1804688546769108,0.7681095167178756,-17.550885406389618,-0.1262653626358965
231,2,0.3354106863787596,1.4087844173285502,-36.35052804299061,-0.2753827882044743
231,3,0.6032313149912238,4.755959051766545,-99.71076426594834,-0.5570433757874209
232,0,1.1908528492244386,4.588011262130463,-140.81803834602024,-1.126544306768162
232,1,0.2350501413549842,1.3388299479723675,-25.653158262931136,-0.1819372926449016
232,2,0.3755051888467661,1.7874495662444765,-43.11257645802016,-0.3170042386619129
232,3,1.311306019659228,9.85125209581956,-230.92808908891303,-1.2619021261689238
233,0,1.45814652035989,6.789468606201992,-178.38804577128295,-1.393656607588148
233,1,0.1296633731234049,0.723314990587366,-15.549006632945945,-0.0873539698480109
233,2,0.4283391000322313,3.090103983579404,-48.08438134370615,-0.3670563461351614
233,3,0.4427650634103765,2.4220087976760007,-71.50368620499358,-0.3972427011388532
234,0,2.646625911229133,15.865487286660535,-385.2109656020842,-2.585308493973719
234,1,0.1405790211458176,0.5489018435605942,-16.105255657357933,-0.0958646170080829
234,2,0.5388100295707393,3.051793722986769,-65.22584977949231,-0.479601836613914
234,3,0.7717994048957928,6.8605749540852345,-130.4651639764094,-0.7248064665356078
235,0,0.9396288594286646,4.918406238354702,-117.06171485830755,-0.880163269611335
235,1,0.1047410713314874,0.4231700354341987,-9.718493415462111,-0.0588999600937097
235,2,0.3333533924817222,2.0999259105697883,-35.38906054069082,-0.2722235426206986
235,3,0.4394429975499742,2.461545028817331,-71.38858269672068,-0.3944120590979043
236,0,1.3396429562008858,9.700917380183506,-184.853516460815,-1.2837049754223264
236,1,0.1379450429290451,0.6107710196502978,-13.973325629748716,-0.0895726001906968
236,2,0.4721676094316158,2.272178147863422,-56.29579031184461,-0.4139396346459162
236,3,0.6522738684166112,3.585179942765101,-103.83256315832531,-0.6036776927809612
237,0,0.6963409338550752,3.0607803528648807,-82.29988378333601,-0.637983595219659
237,1,0.2011604405385641,0.8327212818030496,-22.619749551748622,-0.1507983303449908
237,2,0.4806654341950859,2.7039296966610085,-51.53422955047518,-0.4155986254070579
237,3,0.5677777988464008,4.031579421361277,-96.12712438023928,-0.5224300238056483
238,0,0.7144633975764634,3.499716712577402,-87.38635205827468,-0.6570402410396593
238,1,0.1799447401141728,0.6852656257001656,-18.574546524259027,-0.1281003208569588
238,2,0.3267080596748108,1.6378588351202776,-37.184269588910745,-0.2694512289051503
238,3,1.0052340919997331,5.084879902020632,-169.23323560401658,-0.9561199751639357
239,0,0.7840432770459193,4.387083853901797,-96.55114793548609,-0.7259484807179404
239,1,0.139575926974939,0.5169559143349225,-13.230500860454436,-0.0887953077882848
239,2,0.3918892973157878,1.9477166050922967,-46.994316108148645,-0.335673686486776
239,3,0.5505579801704205,3.962185501310123,-90.82231746563689,-0.5045684303646493
240,0,1.5148214514492335,7.759158267230082,-200.6954766370644,-1.4543150480946694
240,1,0.1852334828246767,0.6523355114849002,-23.20505941981969,-0.139789514577227
240,2,0.3401315085006887,1.6204132810159142,-37.7548138948732,-0.2817523424990537
240,3,0.3410352861077975,3.686239285640801,-58.13803403710356,-0.2996805878201214
241,0,0.7016517225783194,4.632110699768184,-91.95744446836356,-0.6475876371011517
241,1,0.3336367288806141,1.5801511732226856,-34.19496784135851,-0.2735597427308681
241,2,0.324135959669053,1.864202574543235,-37.46116440448168,-0.2675797457462977
241,3,0.6623199463497026,4.475711656078089,-109.67039646039244,-0.6161258228111934
242,0,1.258010885779328,7.714390552551661,-162.94509153928254,-1.19812567308296
242,1,0.4759391721881249,3.682917563019962,-50.580855547800674,-0.414597176621317
242,2,0.6470455405526319,5.212457172066252,-72.14083018246895,-0.5817808885682979
242,3,0.2710107378489379,2.038973934048744,-46.494746093080565,-0.2324737304654028
243,0,1.5219272381488371,7.662906895047256,-209.12847043111412,-1.4624368561616374
243,1,0.284328208356821,1.5524696228168966,-28.28545446205913,-0.2244877338258661
243,2,0.5200855549003357,2.5723893775103264,-63.29996551724372,-0.462043543921487
243,3,0.7665734948777249,5.920979856475799,-132.71399197615762,-0.7212716955225957
244,0,1.098051619660843,8.125434753388431,-136.01808198387155,-1.038305969342531
244,1,0.4678422354103098,3.1747161492071783,-57.5405677073196,-0.4139609187576949
244,2,0.3551975874172217,1.90231994404617,-36.877717201296925,-0.2926802952483883
244,3,0.3910676423600552,2.4028975551397185,-62.72272139476908,-0.3465343723467905
245,0,2.6435306896710755,16.30244420132067,-376.9253326129139,-2.581680360362424
245,1,0.2134131374028429,0.8208727932317605,-19.71087960243191,-0.1552037763971016
245,2,0.7388337225639238,3.941575871082093,-99.05772941245012,-0.6831567545686216
245,3,0.3669208096394214,2.771866350699917,-63.84549778457858,-0.325742335635605
246,0,1.1192016314540814,4.895061607897756,-140.95021183277476,-1.0597760288178553
246,1,1.9882659478804043,13.16683928911589,-350.2868897181223,-1.9352866835255376
246,2,0.5948920206486641,2.761454101884918,-72.22939332356616,-0.5350325431375271
246,3,0.3463934309400891,1.9031635678618952,-56.42761756410464,-0.3033742879790572
247,0,0.561998583111677,3.6410302670208248,-71.14443187722418,-0.5081745134087441
247,1,0.2223596736133368,0.96599550960587,-28.495511241798965,-0.1758982175419689
247,2,0.3477745055813023,1.895298544595344,-34.5247972725543,-0.2829901415783139
247,3,0.3848817774938931,2.9522010673654626,-65.82404496901945,-0.3428335675469763
248,0,0.6958402323752542,3.283911398899443,-82.20055258686367,-0.6372135859446796
248,1,0.3194470804519602,2.193571525576355,-33.358863960567874,-0.2606161246919365
248,2,0.7190083499675012,3.63100089462499,-79.65736657930829,-0.6529292342566253
248,3,0.5900266776256766,4.25684696483454,-98.50568053349514,-0.5442302791905809
249,0,0.5725574019817038,3.772540406693672,-73.76142865557942,-0.5194466806730945
249,1,0.2430143653622423,1.372191030723278,-20.93534823648769,-0.1789346003118606
249,2,0.698758076156706,4.08167472708936,-84.06630773292906,-0.636865967673705
249,3,0.854592913719364,5.01403892927835,-147.05239702706407,-0.807980203445407
250,0,0.5953899752291619,2.6375902421777058,-69.86622053911923,-0.5374324656855325
250,1,0.1454875589900309,0.8902298042469211,-18.202157245726585,-0.1028370465860259
250,2,3.614446197367757,20.88637694168104,-711.6308022871955,-3.558154011435977
250,3,0.3506067190163936,3.8094865863285703,-62.26942145568956,-0.3113471072784478
251,0,0.906487348972484,6.666478989987891,-120.03637101553792,-0.8513217802520419
251,1,0.1766874119330245,0.6764096448763256,-17.337359412591166,-0.1229599958339799
251,2,0.8695159074156038,4.696455631863501,-111.79838508417126,-0.8101332252476178
251,3,0.4441122625590202,2.7966689856906903,-72.1983438686427,-0.3988858777273077
252,0,1.048380048969014,5.905489177295065,-132.65045520772293,-0.9899287702068876
252,1,0.1981334574783171,0.9208742619749252,-15.63920593035387,-0.1336684267551613
252,2,0.5084726537940922,1.9234513273535945,-62.632341979535774,-0.450592388341984
252,3,0.4040261377748591,2.2078551136766067,-67.07044409671083,-0.3605937854661872
253,0,0.8334537124672458,4.489919817027306,-108.04076164628653,-0.777271666520047
253,1,0.204367210702608,1.131021767399543,-19.5772027261923,-0.1471970129788894
253,2,0.8439159715449531,3.62536483640151,-102.27752334954714,-0.7807444530499782
253,3,0.5081203369568603,3.6004252817907654,-84.80434078093057,-0.4634116982564512
254,0,0.6875570471020789,2.9464038871863703,-84.52823291477846,-0.6308077083192423
254,1,0.2177896215614415,0.9422653967191988,-21.218248096529223,-0.160744303761585
254,2,0.6760805067226792,3.62562960157226,-104.08913298209517,-0.6270429697716576
254,3,0.6801821977951653,4.518164235354693,-115.56166505576718,-0.6349542036031164
255,0,1.1190933776800918,6.759961638058911,-153.01676988786795,-1.0626164575546386
255,1,0.3131859125411736,2.565530426692817,-39.3979142261272,-0.2626527615075146
255,2,2.629663339232051,12.096276053817588,-483.8072701060405,-2.57344292609596
255,3,0.6412044684281912,3.481871878823194,-96.28795554873604,-0.5907236536732273
256,0,0.5799593308045059,2.827564239972354,-71.3938246032519,-0.5249545926709699
256,1,0.314902017116934,1.2811418274471098,-33.068530346275864,-0.2563451964827586
256,2,0.7221046463777975,3.10196116899561,-97.35380759548914,-0.6668069013389667
256,3,0.6667443935799755,2.918587155655865,-105.06917213628007,-0.618053953742824
257,0,1.0995811307486494,8.415976181197209,-150.39498235535615,-1.0444095996899732
257,1,0.216953785930704,1.1361106305911908,-22.19434517315014,-0.1620025195120448
257,2,1.0334236318378218,6.771353175095557,-129.03833737674603,-0.9702130629830528
257,3,0.7002748064531904,3.621455215232424,-117.67284644401308,-0.6537380358000727
258,0,0.6828770501399296,4.04079584142071,-89.96630360760811,-0.6291349902629938
258,1,0.2101522080729826,0.7962888552130403,-21.42762471895749,-0.1552726428909963
258,2,0.6412270395683873,3.86762067522396,-70.06332912854336,-0.5742895830208472
258,3,0.7726423513146886,4.732172046328039,-133.75296259361778,-0.726918274965314
259,0,1.1730508853950874,8.822195984966083,-159.7088760600064,-1.1168452871329118
259,1,0.1838865140941501,1.0767311994366415,-18.964188495197305,-0.1316957534388702
259,2,0.6783099357325858,3.852104223662334,-89.49532863161377,-0.6214953377195401
259,3,0.5002140939260193,3.0316003227512773,-83.40078724341005,-0.4557420067945904
260,0,0.7805710356057077,5.22274049477934,-101.54001767807247,-0.7252858405576607
260,1,0.1323698897349532,0.5138044227587872,-17.688126196529716,-0.0930954010343669
260,2,0.2184029474640661,0.9033182555119588,-23.51830190860817,-0.1633215410320011
260,3,0.2179677528043131,1.4810553470338896,-37.12482823302637,-0.1856241411651318
261,0,0.9808043494690918,5.041387993404712,-127.36036850359238,-0.9229012210405244
261,1,0.1420006413888918,0.9643361093275116,-16.047279471699756,-0.0966703582632515
261,2,0.4285467124065669,2.402364685818561,-51.11941348435968,-0.37043053249536
261,3,0.2737643487481744,2.3501883905276078,-48.54245796771681,-0.242712289838584
262,0,0.697572849676818,4.419622392681057,-85.79702962943567,-0.6402763405181766
262,1,0.1384664919863552,0.572015739668855,-16.4227819618378,-0.0949293755019526
262,2,0.8445823680407297,5.322915126270814,-120.1554583667406,-0.7904964366232934
262,3,0.334776325885222,2.9399461113996987,-60.107701064293806,-0.300538505321469
263,0,0.5120792482313754,2.675806893540292,-61.16212430126633,-0.456433763442286
263,1,0.1029816404580539,0.3622513374207389,-13.34318569456124,-0.0667159284728062
263,2,0.4514624062836939,3.0278703109076983,-56.0409957770849,-0.394654899838626
263,3,0.3845796719977163,2.5394963681891114,-69.8644482725479,-0.3493222413627395
264,0,0.7167577957290195,3.6730975036460247,-87.67199699401387,-0.6591879473234126
264,1,0.1195774089348289,0.5696849098607021,-12.45309640706086,-0.0745694395632386
264,2,0.2895822655578509,1.3095723363333722,-29.37970722731202,-0.2277496684287753
264,3,0.5110435260373174,2.39475029105452,-94.21366578503236,-0.4710683289251617
265,0,0.6149518048303513,4.4932144326142565,-89.50930708113044,-0.5665146017793066
265,1,0.1044293312710129,0.3296071730223732,-13.246915559160284,-0.0665674148701521
265,2,0.4387111170917567,2.1724957703832946,-51.67345504854849,-0.3799518753569741
265,3,0.3556560707377451,3.298493135488598,-63.90210278105826,-0.3195105139052913
266,0,0.9054675364465536,4.503164481686097,-130.67570944665644,-0.8540896042265127
266,1,0.1477479744980894,0.5719311001894517,-15.640340378771608,-0.099620002412558
266,2,0.8139443406671042,6.480902092973877,-102.40117166054036,-0.7529497916216202
266,3,0.95674609963301,6.346920253872989,-183.64417594286508,-0.9182208797143254
267,0,0.7201092444067356,4.167787040755334,-83.12897329544369,-0.6597537563130451
267,1,0.1980668039022312,0.9763073804836808,-20.15894128678634,-0.1439924377627595
267,2,0.4538180344166555,2.757800714485358,-50.10171389859187,-0.3914196398327489
267,3,0.3406510091571065,1.5331625594237244,-57.38921266003097,-0.2989021492709946
268,0,0.7082245801348277,3.759338150414137,-91.53785673275272,-0.6538418338053766
268,1,0.1317315347441747,0.8126812012846809,-13.293499700170202,-0.0841360740517101
268,2,0.3690035971723509,2.902676783985139,-38.85159971845592,-0.3059181080193379
268,3,0.5282025173206918,3.899799123170284,-87.89584708421809,-0.482944214748451
269,0,0.6811660874975402,4.02280827299206,-86.97557651533936,-0.6257235720528012
269,1,0.1532611130571214,0.6924448312533956,-16.960176011867684,-0.106001100074173
269,2,0.3815201816881586,2.0215770003945286,-45.81487030224616,-0.3249281581719586
269,3,0.3715339563034306,1.7571386614333673,-60.71079456709807,-0.328166457119449
270,0,0.9887482322650908,6.8920211133108245,-128.5388528294937,-0.931440962532563
270,1,0.1011726099528254,0.3800310066275975,-12.768713360062035,-0.0638435668003101
270,2,0.3180543414324098,2.730508172222716,-44.537366223073846,-0.269923431654993
270,3,0.349266772479743,2.6923297559976627,-61.94167349786836,-0.3097083674893418
271,0,1.2325977215913606,8.68337343443922,-164.47820588552693,-1.174844327753764
271,1,0.1646897216724871,0.6441124609434954,-17.493576090628746,-0.1150893163857154
271,2,0.2832273237049076,1.5769914220006496,-32.741082978490525,-0.2289586222272064
271,3,0.2486865559979299,1.894470567102838,-42.58141417010879,-0.2129070708505439
272,0,1.683876557432519,9.056395688129786,-240.72056112836165,-1.6264902778943355
272,1,0.2293666687674727,0.8126426593962373,-22.04026224709837,-0.1708547461015377
272,2,0.3742746519896708,2.5249921041887373,-42.27020857775418,-0.3154493177444342
272,3,0.214459323403029,1.3314220244995547,-36.44456482903708,-0.1822228241451854
273,0,0.6132845308978861,3.249158474841223,-81.28836481070327,-0.5606094124876088
273,1,0.0978036840350195,0.3025660269298266,-7.1150595881567975,-0.0474337305877119
273,2,0.3652603743598101,3.338578294582617,-48.22403346769936,-0.3131430744655802
273,3,0.3233395654935955,2.512027850982834,-57.95696908313288,-0.2897848454156644
274,0,0.8406156012888821,4.592482436536368,-113.22056621803394,-0.7862539320696801
274,1,0.1133846672333231,0.3733320687639119,-11.407512038465946,-0.0683084553201553
274,2,1.2097068823322197,8.321135647142073,-156.10994747077444,-1.147867260814518
274,3,0.1824207823649044,1.610471543675425,-29.996626883185048,-0.1499831344159252
275,0,0.8492281156933357,4.868477480100634,-111.8832510936343,-0.7934982347066263
275,1,0.1559679563785707,0.6153899772475482,-15.722341701027082,-0.1055190718189737
275,2,0.5915536875563763,2.2038275248370005,-62.92824358027721,-0.5244020298356434
275,3,0.3202190047428304,2.5330657809065014,-57.13505224491494,-0.2856752612245747
276,0,1.317404177388764,8.428795370809748,-178.76483501572875,-1.2589072888431605
276,1,0.1561834044420433,0.9043720176078872,-17.07224601368415,-0.1080521899600262
276,2,0.5235659611210189,2.6716297491290075,-57.50702570211995,-0.4600562056169596
276,3,0.2017644345569409,1.3933534752281618,-33.320814010434866,-0.1666040700521743
277,0,1.0514880979191392,7.703104470657526,-130.92047506522422,-0.9918217807971532
277,1,0.1555518734497414,0.954052661652779,-16.54044071355382,-0.1067125207326053
277,2,0.3687723166632719,2.3985778946252814,-42.59238815562789,-0.3108933442016634
277,3,0.3264470221791068,2.989084352198981,-58.23815423438063,-0.2911907711719032
278,0,0.6007330629162129,2.2194490267851763,-69.89771870217729,-0.5418427806370332
278,1,0.1203625862265342,0.3516212591852589,-10.020928478184596,-0.0686364964259218
278,2,0.6224090820944429,4.8581472307182825,-86.47541604796267,-0.5689172108418596
278,3,0.3930178897575968,2.847772986855216,-70.78754414142702,-0.3539377207071351
279,0,1.89692767255476,12.48083408182701,-314.8088824125463,-1.8409876164476395
279,1,0.1323708584043145,0.642508528852435,-12.045625557164955,-0.0813893618727361
279,2,0.4189622870882131,1.680169550334099,-48.21309271962861,-0.3597991994002135
279,3,0.2259318196111565,1.2814615773635392,-37.43954142537355,-0.1871977071268677
280,0,0.5913088132672447,4.018493077021241,-84.06890111253311,-0.542380007177633
280,1,0.1111080453336756,0.4893749050206324,-13.52530403504722,-0.07156245521189
280,2,0.2171884232446757,0.8594554082691677,-22.728077985074165,-0.1611920424473345
280,3,0.2426081753800421,2.0829924584506987,-41.421174750661926,-0.2071058737533096
281,0,0.7282708018151857,3.844899899567807,-97.25774940826096,-0.6754010375573677
281,1,0.1090077589569431,0.3299260945640235,-16.268564059063465,-0.0813428202953173
281,2,0.3919292980641499,2.823582548823814,-47.628666923331615,-0.3354131473474057
281,3,0.1816523947596293,1.666750289458456,-29.305209790307632,-0.1465260489515381
282,0,0.7872515205731849,5.4796531414454765,-107.95424503790407,-0.7343826193054699
282,1,0.0883512476611941,0.3770864768268543,-12.048840107157666,-0.0602442005357883
282,2,0.3070120662385735,2.0258620063164248,-36.855704240114,-0.2524363304117397
282,3,0.3948657418553122,3.234506927448069,-66.5447295021487,-0.3520885158843846
283,0,0.6281103639822082,2.9144214966785125,-80.93478072420149,-0.5740055370510744
283,1,0.1097879508599709,0.4104745843593458,-13.910788499984209,-0.0713373769229959
283,2,0.2738599741144385,1.581052366071105,-30.413234641061056,-0.2172373902932932
283,3,0.4594694791019281,3.051748611786505,-77.35307456534926,-0.415876744974996
284,0,0.5719640153955372,3.148180570569937,-86.81597667449938,-0.5261574343909053
284,1,0.1507178223413401,0.7651907117684702,-18.993364730831164,-0.1079168450615407
284,2,0.3883578623728148,1.9773774176664691,-46.80004927112689,-0.3319152430576375
284,3,0.5947195881750607,3.6692254987962745,-97.59247076433756,-0.5482723076648177
285,0,1.7101822122941317,8.366998631510087,-260.1238583670936,-1.6568398622107872
285,1,0.1063139267866348,0.3760082472681281,-11.263162307620282,-0.0636336853537869
285,2,0.2509413911049649,1.8415327605075051,-25.921229340455955,-0.1920091062255996
285,3,0.5217021377150176,5.259026750301161,-93.99884378879996,-0.479585937697959
286,0,0.8285943393927487,3.741277080975492,-106.6276866306604,-0.7726643958743508
286,1,0.0913129741214188,0.3269049984786134,-9.887882270819398,-0.0517690171247088
286,2,0.3819087366656429,2.3162752252413137,-47.12017852898509,-0.3272234620068409
286,3,0.4790911684539102,3.0554327327453503,-81.4494141634698,-0.4355583645105336
287,0,0.674933553789215,4.177267257164231,-86.17960482887946,-0.6199971570422983
287,1,0.1250670850360316,0.7966913032944484,-13.451662295306438,-0.080069418424443
287,2,0.6391177144365069,3.632537839732695,-80.03908302482738,-0.5799933552523723
287,3,0.3652728501988475,2.804305015973796,-61.299359872348525,-0.3226282098544659
288,0,0.6674793995435031,3.329764564782181,-87.12035068635053,-0.6135235963827502
288,1,0.0937346722378792,0.3243949761177456,-10.942437342201286,-0.0555453672192958
288,2,0.6415325419442398,3.1735712642806866,-82.35071945257485,-0.5840476556920202
288,3,0.5696762962495955,3.653675350280089,-105.948935344924,-0.52974467672462
289,0,0.778075103729336,4.1290080132131575,-104.27555415685988,-0.7241357927559713
289,1,0.0872022691839379,0.367942590720047,-10.687444331238815,-0.053437221656194
289,2,0.406865185412756,1.8851585408317,-44.972319319053724,-0.3459409178388748
289,3,0.4903950594650992,3.5109769621274918,-84.54826936234907,-0.4473453405415294
290,0,0.4173969856274782,2.6342203004774443,-51.37875255897722,-0.364388316021115
290,1,0.102891114877507,0.2925678399954554,-13.8067466691785,-0.0690337333458925
290,2,0.271702641432695,1.374216663567411,-30.174595167169148,-0.2155328226226367
290,3,0.3200565144040292,2.918492341099471,-53.47845770173424,-0.2785336338631992
291,0,1.6506698882288586,9.098361778343962,-245.7674015995284,-1.5958922181787558
291,1,0.1015973882281977,0.436480201806708,-12.825559113115231,-0.0641277955655761
291,2,0.334892287625756,2.024943647186317,-40.65824745480364,-0.2804017065848526
291,3,0.6374872989728807,3.470219317647153,-108.39402520592336,-0.5923170776279965
292,0,0.8890316802770544,4.10572887250622,-115.71021053862566,-0.8324475578318393
292,1,0.1151680048388164,0.4345663117199606,-13.906626595418045,-0.0747668096527851
292,2,0.4980421673708833,3.583468948690486,-59.706625005165485,-0.4390193015085697
292,3,0.9470360213341784,5.533903723536152,-155.34047253963226,-0.8979218065874697
293,0,0.7354185484741615,3.4667383361536017,-93.71513463797828,-0.6790951785360745
293,1,0.0961898879620568,0.4085188329966534,-11.910324719076742,-0.0595516235953837
293,2,0.4291966638777296,2.6972045094198185,-55.49360229819205,-0.3749567722850814
293,3,1.0681502320140903,4.919803535123844,-184.8588079491895,-1.0213193809347485
294,0,1.0576085165647335,8.191000044457859,-141.06130893492954,-1.0004348151413442
294,1,0.097009361723214,0.4497141333384005,-11.892138938226378,-0.0594606946911318
294,2,0.3851768855412823,1.6890799735695563,-47.13025600470162,-0.3295822098230883
294,3,0.4399697342980651,3.4601819203751485,-71.90806985122818,-0.3950992848968581
295,0,0.6752029700356809,3.067943008942977,-88.9222896518502,-0.6218341933695819
295,1,0.0886452894594722,0.3423540101521264,-9.08805892569741,-0.0483407389664755
295,2,0.310802043338611,2.225416611196001,-36.10188226948695,-0.2542386075315982
295,3,0.7068488023699319,3.052000842461956,-120.33468143721488,-0.6611795683363455
296,0,1.0231326405833474,5.665053413521384,-131.10482521038324,-0.964006067723406
296,1,0.1026788251789354,0.4252107453263897,-9.745764808889648,-0.0580105048148193
296,2,0.2424456457043211,1.021000959460851,-25.858572984615957,-0.1860328991698989
296,3,0.4226276596152123,2.2568244220229965,-66.35254256342841,-0.3770030827467523
297,0,0.9180878226950554,5.304347934068045,-122.4879180987721,-0.862590972526564
297,1,0.1483780601266397,0.5532789882071218,-15.772551431946129,-0.1004621110315039
297,2,0.4427962022083728,2.5614920545702797,-58.8026049294655,-0.389421224698447
297,3,0.5262699663667383,2.848824758733603,-83.88554331100858,-0.4793459617771918
298,0,1.2638709036742015,6.332534448059743,-158.68252107217884,-1.20214031115287
298,1,0.1575598446089031,0.8718088690815856,-16.566355680208094,-0.108276834511164
298,2,0.4880941494606174,3.037088810899464,-56.78269746508145,-0.4269375749254244
298,3,0.4608542901000483,4.68719003014052,-78.10341384902372,-0.4176653147006616
299,0,1.2253537045324063,7.73533423273332,-172.08773586558974,-1.1706648698339437
299,1,0.1742377339248824,0.7278064679656869,-19.35292281751697,-0.1256683299838764
299,2,0.4129818832051372,2.54407873005387,-53.90055240422237,-0.3593370160281491
299,3,0.5859413543659941,4.96133534172559,-100.69753777216204,-0.5413846116782906
300,0,0.4193575802660956,2.5050863245592567,-48.859291224059504,-0.3646215762989515
300,1,0.1812760827157714,0.7909008501310489,-21.6935426546132,-0.1347425009603304
300,2,0.4288477488554576,2.814488331083151,-51.69082863728379,-0.3718764650164302
300,3,0.4104677777647558,2.437942525393664,-68.25182184192998,-0.3669452787200536
301,0,0.7842698310028391,4.405067415447131,-100.6217220441376,-0.729142913363316
301,1,0.1529306835618429,0.6333303755663139,-15.072983197903,-0.1018444810669121
301,2,0.4098520761605447,2.8760382807931637,-45.80649360631043,-0.3496678901245071
301,3,0.4887185310702769,3.304096139144893,-80.24053873904018,-0.4433178935858573
302,0,0.6814170747460473,3.4579178746859918,-86.38325515385856,-0.6259656170569461
302,1,0.1566861082879428,0.6876687911306155,-15.807485383805796,-0.1060905059315825
302,2,0.545014805180936,2.156821427819338,-60.16368107096609,-0.4813094485677287
302,3,0.8114499332126991,5.533458560513374,-147.3428743135373,-0.76741080371634
303,0,0.6844786432414078,3.888799278019991,-88.9297314859465,-0.6307073155031667
303,1,0.1101648447820315,0.3298884198401397,-11.529686067640746,-0.067033058532795
303,2,0.2859788557609528,1.2409917267462085,-29.46922055316581,-0.2249558820852351
303,3,0.6485901626362437,3.4504498912192463,-107.17189653083686,-0.602089306353016
304,0,1.0172392608348382,8.046383431733215,-147.71177964817377,-0.9654364682887174
304,1,0.1246617532699901,0.5011289607584769,-13.036880893815958,-0.0790113993564603
304,2,0.4488822917958244,3.031961958985793,-53.52164498713503,-0.3906689415119345
304,3,0.4745819912137922,3.552022469561898,-82.04440453294093,-0.4318126554365312
305,0,0.7421147826353134,4.648412479904572,-94.0817256215985,-0.6867279242452445
305,1,0.1187706734162536,0.6251432056117283,-13.847566719414925,-0.0769309262189718
305,2,0.4268148029200717,1.9937325103227648,-45.42348032927401,-0.363387842634192
305,3,0.4650713740681154,4.629812074218851,-83.90638554345136,-0.423769623956825
306,0,0.6812170427957214,4.601553513177247,-87.11229846774636,-0.6267071832211968
306,1,0.1077310796780962,0.3684610679017337,-10.554983425443387,-0.0628272822943058
306,2,0.3328007465070923,1.8878769382635257,-34.5971353574991,-0.2702901199804617
306,3,0.553835917306163,3.2627135737877717,-94.22107455790253,-0.509303105718392
307,0,0.8865138070840407,4.599966674651109,-120.75037504400768,-0.832761207200053
307,1,0.1546922754108953,0.5326519442965603,-17.6260271299934,-0.1081351357668306
307,2,0.4008883094850866,1.7309637538717386,-42.4837001754207,-0.33717222361445
307,3,0.3449283467313091,3.0122948444865747,-53.033701522686535,-0.2996254323315623
308,0,0.7122112867813222,4.123990231865983,-96.2061687326692,-0.6589463611826658
308,1,0.1124362850032162,0.4056025512143439,-12.6337541402446,-0.0705796320684055
308,2,0.6024786936305212,4.771743420331181,-75.65358462845612,-0.5442703930104756
308,3,0.6921479149572232,4.722008530865879,-114.87218068405764,-0.6453493296857171
309,0,0.6059905842609086,4.091573424332029,-76.61072738729916,-0.5511563121388429
309,1,0.1520570388599952,0.5135421478003876,-14.970885946201651,-0.1011546347716327
309,2,0.4608159186764961,3.291975110182197,-57.36048833891961,-0.4039471009783071
309,3,0.6658072925650986,4.167154109242761,-112.86395381137474,-0.6201316143482128
310,0,0.5333449313198526,4.653046382217054,-74.05514596051468,-0.4840205618334293
310,1,0.1220004661694504,0.4504211029491766,-12.317206026057846,-0.0755656811414591
310,2,0.3302262507925339,1.7258855669759492,-40.96385651046268,-0.2767828142598829
310,3,0.4525081799909566,4.4412615470168495,-83.33867700861569,-0.4166933850430784
311,0,1.8846034863244183,11.814171234127969,-287.21307912045444,-1.8293826695570343
311,1,0.1288093847611855,0.4804926766939593,-15.678090380027164,-0.087100502111262
311,2,0.3235687294112763,1.4807803852173895,-36.41844907651975,-0.2658280954490493
311,3,0.8793920216529751,5.546253374225925,-151.58321421691454,-0.8328748033896404
312,0,0.7184427708961661,4.365189380296044,-97.8615011846014,-0.6657244978544313
312,1,0.1602290159746607,1.0384442264087057,-16.64535751772607,-0.1102341557465302
312,2,0.3592191587517385,2.790715827408525,-44.79917723901124,-0.3047563077483757
312,3,0.3259200640261842,3.3989782052787656,-55.924444125237066,-0.2853287965573319
313,0,0.5128123740896371,3.534033058620404,-67.37043444439323,-0.4614413318109125
313,1,0.1737097190700445,0.9021634063099012,-19.38451313379842,-0.125061375056764
313,2,0.3331660799115317,2.456737066612864,-39.28132297499201,-0.276629035035155
313,3,0.4077518490449192,3.787639372386118,-74.33692655748905,-0.3716846327874452
314,0,0.5257339660087937,2.8830277774126527,-67.17614528599925,-0.4730714456760511
314,1,0.1266432219920805,0.7562832694832681,-16.57810655365225,-0.0872531923876434
314,2,0.2450738196667876,1.2049983767053076,-30.753792503503437,-0.1946442563512875
314,3,0.4423604016273855,2.483235972795577,-75.09168508189329,-0.3994238568185813
315,0,0.8286594742086851,5.000984265813987,-109.85744688244776,-0.7736439921299137
315,1,0.1027818894999973,0.5222194293674713,-12.730077282287285,-0.064619681635976
315,2,0.3794632033956631,2.841370872358385,-42.4769554494989,-0.3193756048834504
315,3,0.2390005882606868,1.979200254934808,-39.20204854896265,-0.1989951702993028
316,0,0.6230420815666491,3.943034875635606,-85.83068413880588,-0.5722045609253725
316,1,0.1011824300289981,0.4267055549092791,-9.895308841325326,-0.0575308653565425
316,2,0.2554927179999406,0.8846225768935868,-27.924136495402188,-0.1994581178243013
316,3,0.3649867852545199,3.2686083756067776,-63.19619109740345,-0.3240830312687356
317,0,1.0484508699143056,6.9836650504254365,-143.87959715428516,-0.9922730838226564
317,1,0.135258534698909,0.7765896645930694,-14.40844986130235,-0.0889410485265577
317,2,0.2192442693599438,1.4441358103439064,-26.023603138737396,-0.1678942137983057
317,3,0.2855414179278408,2.028987741739393,-50.255751615413,-0.251278758077065
318,0,0.6224949235492613,3.554718382491757,-77.69557081216595,-0.5671209548333281
318,1,0.1405592120251306,0.5864354666197652,-15.22808557490201,-0.0940005282401358
318,2,0.2243294192493829,1.107568082724948,-24.37558782775881,-0.1692749154705473
318,3,0.2992761235866853,2.2077212772909203,-49.518875007984434,-0.2579108073332523
319,0,0.4849849837428918,2.516094802872197,-61.814272679131626,-0.4322676411128086
319,1,0.1410947108025821,0.8025273779279626,-13.082791600140968,-0.0896081616448011
319,2,0.27503880752108,1.9011256290326863,-30.469979993679512,-0.2176427142405679
319,3,0.328009886835834,3.5729101786110395,-57.74629475564036,-0.2887314737782018
320,0,0.6315607490595792,4.189557004358507,-83.93894376062626,-0.5788892673146638
320,1,0.1314911946646988,0.877811130263545,-17.314601565400046,-0.0916116484941801
320,2,0.3180366791447704,2.1329819920668247,-35.7267951737042,-0.2607795268153591
320,3,0.2979965612085403,3.2771034967100303,-48.65121220999288,-0.2560590116315414
321,0,0.7819909406009377,5.3598882945838895,-88.53362141836327,-0.7197855399866933
321,1,0.1118607717943802,0.3333793679044455,-12.848748414228092,-0.070597518759495
321,2,0.3270882423685339,1.5847161104668004,-37.51394596843648,-0.2698845033700466
321,3,0.4399415128420706,2.8560572669770683,-74.58055096996333,-0.3967050583508688
322,0,1.5055914884689725,6.683268033177019,-196.4474089709851,-1.444466242433714
322,1,0.0947498845334988,0.3533352525297217,-8.221346934448116,-0.049526186352097
322,2,0.716817568708916,3.7560088592487295,-95.8445276604072,-0.660996742485567
322,3,0.3409392720349321,2.3542521217916352,-50.60553644774812,-0.2942182351613263
323,0,0.9961939895021076,4.992162186865349,-112.77143193361673,-0.931995305236502
323,1,0.0966481451845492,0.3157437627823091,-10.841625378858716,-0.0570611862045195
323,2,0.4293499288482934,2.675333435658714,-55.08190809934101,-0.3747068578186463
323,3,0.4501484794626816,4.934115548885669,-80.50304469360053,-0.4086448969218301
324,0,1.1556777460863723,4.992194717974434,-134.20912419594532,-1.0911310910239458
324,1,0.0907721775477784,0.31031430298871,-9.95181262615539,-0.0515637959904424
324,2,0.5581657252195095,3.38619469775899,-65.7227957768516,-0.4978999680064515
324,3,0.2296801774292841,1.9188355480061872,-35.03180455174719,-0.1873358532178994
325,0,2.2805048730892823,13.61788455303708,-305.97882740406817,-2.2172378797396246
325,1,0.1276724578206568,0.6417656100778792,-13.311486932263715,-0.0816655640016178
325,2,0.5842143151226651,3.592136435244573,-73.20609262347615,-0.5266625368595407
325,3,0.2750058822361927,2.057833789639137,-42.37766876785604,-0.2315719604800876
326,0,1.0795845004115117,5.821606105199978,-124.97101652051506,-1.016024524557033
326,1,0.095697655132791,0.3506993458598696,-9.273625388196114,-0.0526910533420233
326,2,0.4084923712926751,3.4685792902273658,-45.5979540149996,-0.3480759848473252
326,3,0.2207380108548781,1.7012926575319964,-36.23984283275146,-0.1811992141637572
327,0,3.015227192060271,14.47302929716064,-472.4485177201404,-2.9528032357508773
327,1,0.086613633321857,0.3879564029465127,-9.509819392847442,-0.0482731948875504
327,2,0.490656412838501,1.9682001091272847,-54.85057722288222,-0.4285201345537673
327,3,0.3015353737344651,2.4306253068064425,-49.60599705877081,-0.2597172620878052
328,0,1.268096874676199,7.74014780020183,-149.28155616542088,-1.2038835174630715
328,1,0.0842703011675123,0.3706210687186812,-7.3787933775219745,-0.0416880981780902
328,2,0.4222800028453895,3.7593843124208535,-54.99530466853005,-0.3690960044867789
328,3,0.2722347373312696,2.074183966564241,-44.54160438066634,-0.2307855149257323
329,0,1.3208125479194428,5.846304576826101,-179.30818209574298,-1.2627336767305843
329,1,0.2250492614183797,1.467231555599524,-27.579738993886902,-0.1767931986787622
329,2,0.5082609683027488,2.6222222366169508,-56.57726845122041,-0.445490302765515
329,3,0.3896426186103752,3.3399490606693334,-68.28814338047394,-0.3484088947983364
330,0,0.8238540153863845,4.857183121712621,-103.4930493198772,-0.7666151801472384
330,1,0.2257327758095961,1.0949564174412505,-27.48410412209327,-0.1773168007876985
330,2,0.3342318226798049,2.616866084399185,-41.231066160977406,-0.2804834432719551
330,3,0.3179394456634644,2.461298811976349,-53.69032382638928,-0.2767542465277797
331,0,0.7215717399568975,3.0714557555897204,-89.84221816012419,-0.6654979122972162
331,1,0.2324510379330407,0.9677558693979328,-27.378067267414277,-0.1825204484494285
331,2,0.3548204434426684,1.8092113135758028,-39.27368252858481,-0.295290846079585
331,3,0.3986820939990082,3.1771552481325287,-70.9178522018888,-0.3581709707166101
332,0,1.1328222457523682,7.7208118815627635,-147.3073186233516,-1.0752359023602307
332,1,0.1293613240682154,0.5641549064546049,-11.960972669000666,-0.0792117395298057
332,2,0.379526464959024,2.742115103833364,-42.63333674872312,-0.3205514041257378
332,3,0.4930387923577077,3.036521294366271,-83.99218163170933,-0.449156051506467
333,0,0.9239882895556746,4.639487409391268,-114.0384498056053,-0.8639276500424644
333,1,0.1285607657075266,0.4459911107949529,-11.318746776103016,-0.0769982773884559
333,2,0.5413167284235635,3.218335883961501,-73.78274000894588,-0.4886274172777873
333,3,0.278031042250993,1.590199485917138,-46.01836591501624,-0.2372080717268878
334,0,1.390328660066047,7.363087726747125,-190.5453001476957,-1.3324846164174526
334,1,0.2766707318688726,1.5281040875759635,-31.4266886579135,-0.2228843167227907
334,2,0.4265308243084577,3.047452642267903,-47.63215720393954,-0.3664012092610734
334,3,0.2715391142646728,2.0571013824940065,-47.39765872801139,-0.2369882936400569
335,0,1.0939770830152733,8.088467638204387,-153.83310211015635,-1.0394128520956512
335,1,0.4721818728577184,1.7515078054702429,-62.7305407865954,-0.4210103408496335
335,2,0.3846983954434196,1.6158596453241587,-41.678973750610815,-0.3230928197721768
335,3,0.4538523439594789,3.56854669345939,-80.36826267156015,-0.4121449367772315
336,0,0.6393506330960781,3.621448283533604,-73.0026521824176,-0.5793861284318857
336,1,0.3862910474664427,4.210749298188426,-48.01014624437063,-0.3334037933636849
336,2,0.508686935767986,2.979701264807762,-63.15695375761168,-0.4511210982686548
336,3,0.5177017295567934,4.424577431328737,-88.16061170207229,-0.4739817833444746
337,0,2.655354055223251,18.05910320445142,-399.86988287809663,-2.5965576810266016
337,1,0.1607617102605258,0.6169140963382006,-13.330873863319404,-0.1025451835639954
337,2,0.4904286572701842,2.6397892564519063,-60.12008143002839,-0.4325185714390531
337,3,0.3642668151921244,2.977649990051876,-63.72084622299443,-0.3234560721979412
338,0,0.8637587284457665,5.3759932696713175,-105.36459963794653,-0.804309920900355
338,1,0.2829091093575328,1.582706622845443,-31.238477426565808,-0.2280180834055898
338,2,0.4889923255519925,2.582780096678678,-60.571223795829496,-0.4326515985416392
338,3,0.5046246942875561,3.3877717153490945,-87.19859549146264,-0.4613682301135589
339,0,0.7388394463872233,4.957991402621052,-89.08353206165825,-0.6800269623027347
339,1,0.3733453972253339,2.3370253628395896,-44.22930555256147,-0.3181964428241832
339,2,0.3869212921961082,1.8620003313914653,-40.91247279731225,-0.3247021650580337
339,3,0.3673155164845707,2.1812923316221537,-60.32663681860607,-0.3243367570892799
340,0,0.7581162175548336,4.645042018930753,-93.92817480839722,-0.7009565284208747
340,1,0.2784398992364417,2.5486104873217887,-36.4834005070583,-0.2309075981459386
340,2,0.5299095477027835,3.6524714459402254,-63.66677175395533,-0.4716057166959654
340,3,0.3900674510917815,3.9283346925680673,-70.22295046257176,-0.3511147523128588
341,0,0.943673634899174,6.244235014597343,-114.87356517676795,-0.8836428090520613
341,1,0.2680849118923739,1.5923818812966477,-31.688991756143945,-0.2170478887407119
341,2,0.6310556055963437,2.8881004557150587,-79.03003106572027,-0.5726813845342048
341,3,0.2538834422613931,2.569682982075108,-43.80218177751829,-0.2190109088875914
342,0,1.324966404934851,9.061234611874353,-173.4562984150034,-1.2661043679927255
342,1,0.1513152842833231,1.088104516822574,-16.31823008136855,-0.1039377712189079
342,2,0.3727067106376813,2.481487300571126,-40.44547097048712,-0.3111190074652855
342,3,0.2296439978338373,1.5136430362605071,-38.20533566646269,-0.1910266783323134
343,0,1.2700374541760346,8.114437284916884,-170.89327065765914,-1.212009011756448
343,1,0.1661827393775282,0.7847726015024092,-18.312580986959723,-0.1181456837868369
343,2,2.008787652085026,12.481881962168805,-331.7314162107184,-1.9513612718277555
343,3,0.2952518858815823,1.987846953633968,-44.32649995868295,-0.2504322031564008
344,0,0.7057507963135071,4.005928361092604,-84.13909986495227,-0.6472238451150175
344,1,0.1693375682051902,1.0325507616258074,-18.052664838817616,-0.1195540717802491
344,2,0.4631959972476186,2.915215843071966,-49.86009394528677,-0.3988807515622942
344,3,0.3770472773892726,4.596436458763493,-67.40177473524867,-0.3370088736762433
345,0,0.9145639636040576,4.742891023342137,-112.05028461289518,-0.8553456840679021
345,1,0.1068935147131499,0.3459141189761969,-9.669837023151524,-0.0600610995226802
345,2,0.5997302976915568,5.051832343687366,-79.45349105786588,-0.5442019935470266
345,3,0.3056689572295916,1.738320972606186,-51.63941608621011,-0.264817518390821
346,0,0.7961663060198034,3.7430799605431218,-100.59032117420408,-0.7396347145162064
346,1,0.1465916159702794,0.5875198430330247,-14.010490701147884,-0.0953094605520264
346,2,0.2705878114416217,1.313161713081663,-27.70713676558928,-0.2099025512544642
346,3,0.240387098262453,1.983182914300302,-40.23130789730708,-0.2011565394865354
347,0,0.9728883763399,6.5377167696679,-127.243495533216,-0.915420831174216
347,1,0.0980932138082375,0.3458332665463523,-9.28775325660373,-0.0539985654453705
347,2,0.4729524618546294,2.179582452511238,-52.03056729540271,-0.4096895062630135
347,3,0.3727906445380329,2.241237201144886,-59.79371961845228,-0.328536920980507
348,0,1.5096262384892918,7.828622381097719,-217.9308669967205,-1.4528724466448033
348,1,0.1170646521527803,0.4364209319147517,-10.326254509638307,-0.0674918595401196
348,2,0.4588606682570728,2.494997855580458,-54.88306180073737,-0.4006062905163312
348,3,0.4117105451877174,2.672922950286632,-69.64614893764409,-0.3684981425272174
349,0,0.8295355382032789,5.485259895638427,-106.6157810200842,-0.7725781233339434
349,1,0.1403734945159911,0.4506966918017088,-12.992615009974422,-0.0889905137669481
349,2,0.3081091496017448,1.6582436076240172,-31.88191972106311,-0.2471466645043651
349,3,0.6175030811513365,5.151168527149385,-99.08673837979772,-0.5694640136769984
350,0,0.9370533817822904,5.938653908614096,-116.73097418342137,-0.8776764976197096
350,1,0.1709728431947549,1.2127191839940528,-18.337382467242985,-0.1214396189883641
350,2,0.3904878444830078,2.975777657026054,-48.27920804245125,-0.3352722780725781
350,3,0.3589379097989644,2.9631563569189754,-63.782015001886215,-0.3189100750094311
351,0,0.8648157739816441,5.898641052376331,-115.95673211119988,-0.8108862385398593
351,1,0.1640631350196477,1.0379119017736855,-13.910152029163248,-0.1061843666348339
351,2,0.6107609488136141,5.381433965816968,-81.03874203787767,-0.5550598769717648
351,3,0.5381409699642067,2.7047327457309,-82.76735149774403,-0.4897476419984853
352,0,0.4825428580818886,2.772409381068973,-55.80092461649314,-0.4259612566144514
352,1,0.5475512791350493,5.112930064852079,-75.02080274981036,-0.4968265082768898
352,2,0.4117385394622898,1.953480026209954,-48.450496299892606,-0.3536532576634497
352,3,0.4185182462142299,2.7707814689962493,-64.71410998965888,-0.3719201723543613
353,0,0.9862339802365911,6.830969187615495,-138.9797860282948,-0.9327502418006364
353,1,0.1364572604629458,0.4319625927495416,-14.212008565489953,-0.0893837016697481
353,2,0.5238615736724432,4.058129852371663,-75.23284076151972,-0.4731625205127027
353,3,0.4720928138771356,2.831390685448007,-79.2388067415599,-0.4283178742787021
354,0,1.611944756607709,7.730317385375723,-233.3893464658756,-1.5559289764391706
354,1,0.1494075933166304,0.5934553016189679,-12.241015218097946,-0.0927349637734692
354,2,0.5642866606196835,3.4158196452311262,-68.70389558614269,-0.5051757028392845
354,3,0.5241580350314311,4.3841572534288495,-91.86632995877775,-0.4809755495223967
355,0,0.6370997728460495,3.8448921366607367,-83.4740909011352,-0.5837349014065398
355,1,0.2881719862764407,1.6500683837246213,-29.151544703816903,-0.2295397220772984
355,2,0.510012225369381,2.896512524092426,-66.37555256007073,-0.4546270723292516
355,3,0.431237788369395,2.579949366642376,-72.59701771219504,-0.3882193460545189
356,0,1.00037552348683,5.642146414907771,-143.07529599894943,-0.947518516549334
356,1,0.1742569527796857,0.874962920998089,-18.070297499955405,-0.1229271938772476
356,2,0.4716598222645048,3.155885873811848,-61.75927242396753,-0.4172923812430238
356,3,0.5688031593342097,4.5936536235566745,-96.97809754620292,-0.524205932682178
357,0,1.044476433810079,7.866813819604773,-141.4372639780256,-0.9890717760701092
357,1,0.1504024884939165,0.5188799517166442,-15.070460606685304,-0.100469737377902
357,2,0.2671189102668418,2.046338359214884,-31.56250327191185,-0.2132601572426476
357,3,0.4176692352932418,4.449677046212012,-69.97201734018998,-0.3741819109101068
358,0,0.7456759178000948,4.725826875478849,-92.90458655796849,-0.6881821226516184
358,1,0.2290700528261602,1.3134628223776628,-26.62937347765232,-0.1787206273667941
358,2,0.5077018382322682,5.648263060165598,-74.57592410498906,-0.457521006779074
358,3,0.465197449581381,3.379916706090052,-77.51114666842459,-0.4212562318936119
359,0,0.72847087881519,4.608262177784197,-87.78235619702703,-0.6700943221147101
359,1,0.150958819858335,0.5351953849844505,-15.67775377696923,-0.1018035959543456
359,2,0.4596981692363607,3.466465882804802,-64.1077703442486,-0.4083297474155962
359,3,0.4943081690854988,2.6631556807016628,-79.85184886444107,-0.4486058924968599
360,0,0.6405555102731371,3.2247298692067727,-75.66307621036674,-0.5820236631566672
360,1,0.1167939564318768,0.3847420261544875,-9.011789855565898,-0.0634633088420133
360,2,0.3433333797172308,1.776794215399675,-35.400753269407886,-0.280958359281015
360,3,0.4195616113098998,3.1475135171200117,-69.53307404824454,-0.3758544543148354
361,0,0.8618505974072374,3.768870831200424,-101.66942384499517,-0.8005466444487808
361,1,0.2179681767697497,0.9877962101065108,-25.82930114023089,-0.1688189617008554
361,2,0.7687473585640517,6.37198683942675,-109.98716073938598,-0.7142023424635453
361,3,0.4314287062795414,3.178563354623766,-76.02868838774691,-0.3898907096807534
362,0,0.7382574012782412,5.384562031921364,-88.32233476063938,-0.6794025750818413
362,1,0.3823737655524052,2.1273856886569806,-41.0905379998522,-0.3235475433059228
362,2,0.3342508987726014,1.6277900410269464,-39.17478148143334,-0.2778353296555556
362,3,0.382881108619212,1.8306758147731363,-64.68350661445508,-0.340439508497132
363,0,0.7017206677524633,5.5859644863971445,-96.1571274850622,-0.6497103208450149
363,1,0.1462802233688168,0.5808083067006741,-14.57617807159541,-0.0965309806065921
363,2,0.3446776151910922,2.489704603333283,-42.98396996197712,-0.2904322294728184
363,3,0.2297592998510278,1.673561022749796,-37.608395042266864,-0.1899413891023579
364,0,0.5238203848841484,4.255325473808228,-69.44878699151484,-0.4724407278334342
364,1,0.2987334428822161,1.977547568005044,-29.798959879954044,-0.2383916790396323
364,2,0.3415125149924432,1.5269605010772564,-40.23393252929686,-0.2853470392148713
364,3,0.3157916628480299,2.982149983343994,-55.75358062627396,-0.2787679031313698
365,0,0.3802625079003626,4.500731011119026,-52.68279328862923,-0.3334354005609444
365,1,0.1120382536733421,0.454769190034582,-12.911883148759598,-0.070556738517812
365,2,0.3598881248505066,1.8291062913951268,-33.80505567481767,-0.2914228937484282
365,3,0.3417621642495065,2.0996384892672784,-54.54124590840823,-0.2980395951279138
366,0,0.67668554549899,3.650841463652784,-83.03884015857203,-0.6196928370042689
366,1,0.1350880914850909,0.5143528577889833,-13.29047420765259,-0.0863017805691726
366,2,0.3191424489712222,2.387955130323799,-37.14746961704208,-0.2634572313265395
366,3,0.2760183633266743,1.9175165701587185,-44.20829056126324,-0.233906299265943
367,0,0.9477274747800448,5.936336193400009,-127.66811796830751,-0.8927840417364161
367,1,0.1302191363305443,0.7888436407714576,-13.589948392952646,-0.0838885703268681
367,2,0.1260113640087625,0.7985770594356538,-17.54937525892718,-0.0877468762946359
367,3,0.442839008120794,3.8699313979445,-76.84360045804765,-0.4002270857189982
368,0,0.701752930242227,6.005435524528973,-91.34585072963053,-0.647842912976103
368,1,0.1256499049772851,0.5201408919718944,-11.453932682445233,-0.0758538588241406
368,2,0.1530136443151339,0.5928193744318032,-18.92867977717692,-0.1081638844410109
368,3,0.2676625926867534,2.37052346383573,-45.800455279286645,-0.2290022763964332
369,0,0.6884044232030274,3.231442618528188,-82.59976729218002,-0.6305325747494658
369,1,0.1968292053534799,1.3619565947764398,-18.877394236287,-0.1408760763902015
369,2,0.2792889279947322,1.2686789418302882,-30.3996800407363,-0.2218954747498999
369,3,0.416010146264509,2.6462339577976626,-68.50953489877804,-0.3723344287977067
370,0,0.5277633615183107,4.405479960400814,-69.99898288987053,-0.4761835570739492
370,1,0.134298286022384,0.4498882542765875,-10.37293721516008,-0.0779920091365419
370,2,0.4377326739527973,2.5392758984134254,-53.39388239407693,-0.3813848742434066
370,3,0.2291175039746044,1.5603405647883983,-37.21590136921693,-0.1889132049198829
371,0,0.4654082848488423,3.0338003686196666,-61.36606960663938,-0.414635605450266
371,1,0.1180120689169619,0.4923495253308796,-11.935403963663006,-0.0723357815979576
371,2,0.4489841462802771,3.207624110443279,-58.89331346145844,-0.3952571373252244
371,3,0.4527802637923906,2.917475444989497,-75.21706991913553,-0.4087884234735626
372,0,0.7806232990845707,3.848421762992664,-97.81834858885836,-0.7245803599174694
372,1,0.0942597989292444,0.3120502890947027,-11.40671223736054,-0.0570335611868026
372,2,0.1391918119116995,0.6316608022604059,-14.550007844904192,-0.0903727195335664
372,3,0.2592069233138308,2.565063765273201,-44.6787473055734,-0.2233937365278669
373,0,1.4727273392830362,9.959990926228118,-203.70806066659637,-1.4146393101846968
373,1,0.1679135820407372,1.2724243101313686,-19.341367347017943,-0.1208835459188621
373,2,0.2024064144320056,0.6968297361035078,-19.470909098671928,-0.1442289562864587
373,3,0.2072429196692699,1.567250522467417,-34.095589843239736,-0.1704779492161987
374,0,1.0209790837996084,7.815229991413114,-140.0560665617734,-0.9659039073225753
374,1,0.2455020753432173,1.5728636937808522,-29.966317495115344,-0.1958582842817996
374,2,0.5085603235859456,2.460427744491911,-54.602751573556894,-0.4439248095411129
374,3,0.3930920770383192,2.7191075406278107,-64.62157083300539,-0.3493057882865156
375,0,0.9816426215439662,6.208831834468046,-134.3517951477275,-0.9265641044670864
375,1,0.1215210811449048,0.3995405742905613,-12.60412973083223,-0.0763886650353468
375,2,0.6542484442042058,3.7282933009195336,-88.74602727360325,-0.5996353194162382
375,3,0.2674157300329189,1.7201362099653663,-41.263835035170246,-0.2242599730172296
376,0,0.5716449835901893,3.677629363177545,-71.28440708178775,-0.5165536745057083
376,1,0.1244835929283997,0.5537895203177566,-12.242349842473752,-0.0769959109589544
376,2,0.4837993371892266,4.410040200052474,-61.72949979426871,-0.4286770819046437
376,3,0.4356735066381018,3.562190942751649,-75.57543526475305,-0.3936220586705888
377,0,0.8828859204480569,4.650809077803192,-113.09334501475944,-0.8254988687208719
377,1,0.1887034849537002,0.7642332629831522,-19.080437044955744,-0.1353222485457854
377,2,0.2826500122451415,1.3230950828864685,-29.9617567581746,-0.2235951996878701
377,3,0.284140780557135,2.557642922893807,-49.40921877497998,-0.2470460938748999
378,0,0.7443029144747905,5.157931455802331,-96.47974537290835,-0.6891410383779168
378,1,0.1292109211730097,0.4668520613937391,-12.40802441353443,-0.0805715871008729
378,2,0.3295198401011425,1.5981099649487298,-37.89873589646493,-0.2726527762335606
378,3,0.2341314021986849,2.283769462053791,-40.15885937121045,-0.2007942968560522
379,0,0.5916302050690331,3.1526723526871243,-75.85875405802392,-0.5380053479292477
379,1,0.1328791595399706,0.5502113612009195,-12.56798489584176,-0.0832316880519321
379,2,0.262069371116499,1.181251960134746,-29.15573178106197,-0.2067782395819997
379,3,0.2320162639605163,1.7103118455746933,-37.606889936998826,-0.1918718874336674
380,0,1.0943725518245466,5.144090199897221,-144.14508625191243,-1.0370150090065642
380,1,0.136998481040138,0.7714969073638432,-10.931840679229987,-0.0809765976239258
380,2,0.378378887609626,2.160522182905237,-43.64509484388812,-0.3209198150285891
380,3,0.3233678953881482,2.3351970248677154,-52.48817385912894,-0.2806854217065719
381,0,0.7253558049588059,3.4170968263898995,-92.47231887029258,-0.6700892671760332
381,1,0.1363451768246878,0.6753714164100756,-14.34322238480693,-0.0896451399050433
381,2,0.3759285333143379,1.9739744611022108,-45.84583539334575,-0.3206002475059143
381,3,0.4099952272468314,4.129008165075151,-71.05345548957497,-0.3681526191169688
382,0,1.4940726739403951,7.705405563354714,-202.3621381350741,-1.4351924690430788
382,1,0.3514596530162862,1.973848064878098,-40.96769580990048,-0.2968673609413078
382,2,3.0606336592700565,15.725336317036986,-601.1549723988757,-3.0057748619943783
382,3,0.3186638235132281,2.153044881127845,-51.90057598014875,-0.2760668935114295
383,0,0.6489903745133403,3.366720404163816,-82.10261099747686,-0.5949464565034555
383,1,0.1289333541760306,0.8849107356165333,-13.700838886834925,-0.0830353871929389
383,2,0.393759415486215,2.354527542685525,-47.940887999388345,-0.3376118873196362
383,3,0.5377593887972336,3.91231093236362,-91.27227959680876,-0.4933636734962635
384,0,0.9058400977435944,4.603895204957185,-115.58838974708726,-0.8499146304932887
384,1,0.1197721039702395,0.5072571306098989,-12.930024564146803,-0.0756141787377006
384,2,0.4158470796306197,2.2125289909215677,-51.51554654162799,-0.3602485772141817
384,3,0.3105081336004667,2.812215717021653,-50.38792784572328,-0.2680208927964004
385,0,0.8688185700380121,6.533525130501733,-118.201566295122,-0.8151832158284276
385,1,0.1435272845005885,0.7062058095978783,-15.17175404068762,-0.0960237597511874
385,2,0.3940083428017386,2.0517672206556314,-42.42967649105243,-0.3314818475863471
385,3,0.1965565269777061,1.591278271573472,-30.67724738601384,-0.1565165682959889
386,0,0.3354773131278366,1.5555660792705182,-44.30075936488583,-0.2876672686031547
386,1,0.1285804059896745,0.6253922699402772,-13.938589600981995,-0.0834646083891137
386,2,0.2051484481100486,1.2478073687175186,-22.624618483558606,-0.1518430770708631
386,3,0.4898223919657428,4.481002960192557,-90.43498869320386,-0.4521749434660193
387,0,0.2636351738453149,1.528249900886593,-37.87137787409666,-0.2214700460473488
387,1,0.1477960477295712,1.2174454483683097,-17.210138141280282,-0.1030547194088639
387,2,0.3907651098012391,3.426189576287634,-45.04579896117611,-0.3312191100086479
387,3,0.3393581588696036,2.2214348020953008,-60.30506502401428,-0.3015253251200713
388,0,0.4627654284334198,3.7965075124642578,-71.72848550116876,-0.419464827492215
388,1,0.1317272287873651,0.5947616839670312,-12.382191484237772,-0.0820012681075349
388,2,0.3802120879651678,1.421093987766082,-43.270214074580096,-0.3205201042561488
388,3,0.213647442316454,1.6014074839933026,-34.91103945096243,-0.1745551972548121
389,0,0.6178646649251708,4.375848848007346,-82.02805877644475,-0.5657107501823776
389,1,0.1291908475090178,0.5130047361626796,-13.639171958739253,-0.0831656826752393
389,2,0.4342428288517557,2.31669714672763,-44.50524068472686,-0.3678119064853459
389,3,0.7595375039527916,5.648505719786751,-144.17020697277565,-0.7208510348638782
390,0,0.6428632497926726,4.409730357721728,-74.1425815317369,-0.5837998545806055
390,1,0.1979750435996519,1.5488294333244113,-21.170936166238235,-0.1460064563188843
390,2,0.383016719162952,2.6326989072445905,-46.88664109041671,-0.3278786090238931
390,3,0.2211824715794419,1.8692910263768736,-34.327191328488105,-0.1797235148088382
391,0,0.8752646295611765,5.603549021149638,-112.8989029915295,-0.8181079926922428
391,1,0.1221048851646615,0.6174386292966813,-11.256107392445484,-0.0730916064444512
391,2,0.3615493552304778,2.6608492769325096,-45.93949800864674,-0.3083187785815217
391,3,0.2832497008216359,2.3719670398523447,-45.55971413369271,-0.2410566885380566
392,0,0.7919185624664528,5.4324752291686895,-104.77504990705508,-0.7378524641341907
392,1,0.0895866488280472,0.3479027408040101,-6.587685293568019,-0.0419597789399236
392,2,0.3101101592748428,1.3395106047715404,-33.303787350848154,-0.2504044161717906
392,3,0.2152911595215494,2.002366316538449,-35.07205692402392,-0.1753602846201196
393,0,0.3327010799411498,2.7350080942106736,-41.903144892149314,-0.2831293573793872
393,1,0.1127545620525417,0.6355106649749708,-9.926201985424589,-0.0640400128091908
393,2,0.3482161877784236,1.7400585364350492,-41.56546023786766,-0.2927145087173779
393,3,0.1937237856527265,1.1335636280018186,-28.331829194994125,-0.151507107994621
394,0,0.7409879224639536,4.682819701987751,-96.0241200109248,-0.6858865715066057
394,1,0.1487450760461006,0.8102112001276707,-14.3628970520529,-0.0977067826670265
394,2,3.3228883408303567,14.39606024575563,-652.8726430214679,-3.2643632151073394
394,3,0.3872794403750803,3.732929243186429,-65.83290140302205,-0.3446748764556128
395,0,0.4221998356475311,2.5239221162126437,-46.68012888401395,-0.364688506906359
395,1,0.1126149833107022,0.6625091011297624,-10.95422345373545,-0.0667940454496064
395,2,2.076811568129288,10.908052586098083,-256.1779656213021,-2.017149335600804
395,3,0.3325796185308887,1.8501119343241057,-53.27213791928157,-0.2895224886917477
396,0,0.726417520302531,5.462472276479494,-88.96689250295002,-0.6689240037815791
396,1,0.1470131933927607,0.7731247405605108,-16.242930376025985,-0.100265002321148
396,2,0.3331953197943794,1.766690767216702,-35.83070109439722,-0.273516802247307
396,3,0.3653761318448116,2.7246113600087254,-62.07502710996484,-0.3233074328644001
397,0,0.7678888165903753,4.041381253270759,-98.2369644072283,-0.7118620609219442
397,1,0.0932786648262001,0.3108885014868925,-7.295055063764339,-0.0458808494576373
397,2,0.4173679984303977,1.6937147220044433,-43.77301721417861,-0.3530082033401501
397,3,0.6033771488638789,4.149500646524848,-103.28322315200964,-0.5582876927135656
398,0,1.4934490943746117,9.599672743138049,-211.3066989971064,-1.4374605373952816
398,1,0.1007720027811667,0.3738300039705968,-8.489018039682843,-0.053390050564043
398,2,0.3829910583213454,1.568295856716729,-39.54615129140999,-0.3189205749307257
398,3,0.4899969165694632,2.7670513394602385,-79.09636603430788,-0.4443616069343139
399,0,1.3796889157753536,9.453627606005927,-183.615072689473,-1.3209717459674315
399,1,0.2692853830764311,0.7994768641462664,-25.877234181863468,-0.2086873724343828
399,2,0.3598465577590846,1.2766192393068356,-42.492101188190425,-0.3035150084870744
399,3,0.5409544538547367,4.698589368789368,-91.78869934326684,-0.4961551315852261
400,0,0.8449916138271486,4.3873225052038105,-104.6955410014718,-0.7871845188080587
400,1,0.2006345047109659,1.0382100119084965,-24.616084555070135,-0.1538505284691883
400,2,0.4773778608445792,2.5926641988002554,-52.22066701817624,-0.414449738239494
400,3,0.4500089432720686,3.5435153621091486,-82.00330913634897,-0.4100165456817449
401,0,1.01464731066544,7.362789670792375,-120.01360016153596,-0.9524888901709202
401,1,0.0976841215541146,0.4339801965672023,-9.470985154641491,-0.0544309491646062
401,2,0.50539879949587,1.986443432429093,-52.31781291968513,-0.4396454867200431
401,3,0.296439809072041,1.6431012260593865,-46.00962918055301,-0.2528001603327088
402,0,1.2657192642157604,7.209694990059456,-157.6534855528284,-1.203461721777316
402,1,0.1109468318631838,0.3608810965332161,-11.581824758799163,-0.0673361904581346
402,2,0.6825022569745797,3.568389866624403,-90.08009309923987,-0.6255562020780547
402,3,0.4216903236582605,3.397984316286827,-73.3055717320181,-0.3798216151918036
403,0,1.7067099018704128,8.31665189231091,-227.17300714475655,-1.6461812111938885
403,1,0.1083330302803888,0.5376617850864781,-11.284702426250911,-0.0648546116451201
403,2,0.2944580324160505,1.0182880587447285,-27.415394059904493,-0.2284616171658707
403,3,0.3783508644163318,3.7741223013243728,-60.826993127368254,-0.3342142479525728
404,0,1.3725406131522004,5.545688919215269,-175.71776349380684,-1.3113265932373646
404,1,0.0868087668336731,0.2752019553455458,-7.122413683489408,-0.0421444596656178
404,2,0.4854969491116014,2.2613917244086834,-50.38617790299333,-0.4198848158582777
404,3,0.3519189090657914,2.882694128157822,-58.10089539710121,-0.3090473159420277
405,0,2.341507854736614,11.403595238820982,-328.2879698846535,-2.2797775686434267
405,1,0.1185181516319633,0.4850967090484552,-11.444820386365246,-0.0715301274147827
405,2,1.7445442095909238,11.082903328703477,-273.0694013778889,-1.6856135887524004
405,3,0.5350880830880098,5.0011771355279455,-90.88131655429235,-0.4912503597529316
406,0,1.0409951232867285,4.101346915793757,-121.16941355447835,-0.9771726899554706
406,1,0.0970680154445896,0.467040366357403,-7.759692437891566,-0.0491119774550099
406,2,0.4232170907133454,3.6601483142643194,-45.63039071902879,-0.3592944151104629
406,3,0.3574113094297264,2.5769856961937485,-58.41044329763856,-0.3140346413851535
407,0,1.523950411562871,7.985002358390152,-186.87214275139917,-1.4599386152453058
407,1,0.0964124390825922,0.3982530749935546,-7.413882042263989,-0.0478314970468644
407,2,0.4051354544057377,1.675681413397421,-43.44591483243548,-0.3420938175782321
407,3,0.3052738185264562,2.6022617762047244,-47.869387704468,-0.2615813535763279
408,0,1.0422058820688431,4.749327059454116,-126.59073092100904,-0.981323495511698
408,1,0.1485115423245317,1.1332577661261038,-16.233675910594194,-0.1014604744412137
408,2,0.3415970437662771,2.0244565026553785,-36.39248995934428,-0.2799422304564944
408,3,0.5281985712533355,4.907793415211731,-91.13521397281508,-0.484761776451144
409,0,1.163064559596774,6.799415187453875,-163.91751361882348,-1.1075507676947531
409,1,0.104716763806379,0.3551399629998754,-9.687052395463368,-0.0587094084573537
409,2,0.590481712812185,4.3097043534145225,-65.15802309537007,-0.5254679281884683
409,3,0.3994314678478334,3.170057647895013,-68.3061303903044,-0.3576237193209655
410,0,0.8370157113770299,4.358150095967399,-96.00186716835582,-0.7742086061964178
410,1,0.1556718263517088,0.4863175492006878,-14.363190208226634,-0.1018665972214654
410,2,0.4614479678536478,2.054308359948642,-54.36395934756602,-0.4026959951671557
410,3,0.3358185368588393,2.696019387407898,-53.45012909512265,-0.2920772081700691
411,0,0.6589005811278943,3.0169664827778284,-81.99895196896438,-0.6029334703600322
411,1,0.1886476001587534,0.5861524787496921,-20.476542963637808,-0.1383550200245797
411,2,0.3834824712083498,1.994961446351126,-44.57786055215759,-0.3253858434464057
411,3,0.5122756071403152,4.293068207633631,-91.1967777698403,-0.4700864833496922
412,0,0.8558184664823771,4.802704868696837,-101.76292677931778,-0.7950228654634202
412,1,0.163593789593117,0.6672357727683764,-17.842494429270776,-0.1151128672856179
412,2,0.5172678769617102,3.269966491039971,-57.62166025135874,-0.4537138602469192
412,3,0.3544232941045857,2.284586123898676,-53.648769575895685,-0.3083262619304349
413,0,0.8220674796597912,4.664395744828377,-105.69582739560803,-0.7659117927217973
413,1,0.1428861734067664,0.7686479355061951,-16.789382542958762,-0.0987610737821103
413,2,0.4161935756435498,1.9917533707669168,-47.82457015421564,-0.356899777270266
413,3,0.392102538044725,3.5756730337234925,-64.88954351111182,-0.3488685135006012
414,0,1.00787638191797,5.157546097422906,-130.1360474429638,-0.9498981565179838
414,1,0.1502613314436369,0.8018391008064891,-15.24803464071852,-0.100980361859063
414,2,0.4069098386927014,1.5686351764740312,-42.94596355802978,-0.3435677084642382
414,3,0.4342596403512303,2.819358178421379,-76.63561109430425,-0.3930031338169449
415,0,0.8527967894462637,5.31000612403195,-119.2700280972456,-0.8004699872298362
415,1,0.2170260995753198,1.0266446753449436,-23.769731862572,-0.1650675823789722
415,2,0.4253115590278866,1.5336806905255267,-46.95895119559008,-0.3640228774851943
415,3,0.426116918158152,2.661070400438726,-69.08271330470467,-0.3816724491972633
416,0,0.6623332719222349,3.2374881890876828,-81.15134252955457,-0.605607033802646
416,1,0.1208053976347377,0.6635074483000999,-9.668259436695614,-0.0680863340612367
416,2,0.4626592191526943,1.9442951874644916,-47.07723084352437,-0.395606981878356
416,3,0.3697872159013206,2.167773300662239,-62.22580132018193,-0.3275042174746417
417,0,0.8825708838409924,5.669149704100649,-111.35868863108335,-0.8248791750450619
417,1,0.1785332653757087,0.7064643519144052,-15.367005288163943,-0.1200547288137808
417,2,0.4043323587155073,1.8339799600938085,-42.20003044617816,-0.340322826178856
417,3,0.3299889812051045,3.261168534211388,-54.69521500054571,-0.2878695526344511
418,0,1.1153724875226072,6.528078719515736,-151.39974022152555,-1.0587394421085703
418,1,0.2136832190320102,1.2900053779928635,-20.302227186239385,-0.1561709783556875
418,2,0.3837001970038539,2.3622936778474903,-43.9012551510492,-0.3251944826003644
418,3,0.3226321620489768,2.353181823865377,-49.44409676524738,-0.2777758245238617
419,0,0.9728260190056852,5.195667417552267,-133.98669453331055,-0.9177170858445928
419,1,0.1998363526970454,1.0588281570466935,-17.666185754915787,-0.1402078234517126
419,2,0.4198809457332465,1.6316476638133754,-42.88422013152779,-0.3544150424093206
419,3,0.4137916064648116,2.8333151550486178,-66.81148443508046,-0.3691242233982346
420,0,1.2743497496860792,9.13101422068515,-156.42747073683293,-1.212616052223511
420,1,0.1395025042589481,0.8478262056487555,-13.280982073505374,-0.0891341078758749
420,2,0.3345305417836656,1.5504894393462725,-36.6985557786943,-0.2759289908172503
420,3,0.3296445005783948,3.032412057483448,-57.98681708623385,-0.2899340854311692
421,0,0.7696558076557345,4.737907260750369,-92.42145305310969,-0.7109342542546898
421,1,0.1645573462317106,0.7164545371239059,-15.210338599920258,-0.1102198449269583
421,2,0.4277576622646696,3.5746918542051564,-52.5215684526655,-0.3724933932813156
421,3,0.3399669626710374,2.010355650310956,-53.46024529928055,-0.2953604712667433
422,0,0.8933354226306714,6.72002628407256,-119.9165374662554,-0.838577185078709
422,1,0.1899097436740609,0.7756886695541493,-20.97251617963077,-0.1398167745308717
422,2,0.2917019356945068,1.1029122946508236,-29.326362267713296,-0.2309162383284511
422,3,0.4918622194725214,4.037870592966336,-89.19980067839657,-0.4505040438302857
423,0,1.3164558614270565,8.305407734231988,-174.7895468709496,-1.2574787544672634
423,1,0.1716709092684359,0.6695846187947782,-15.484199842080685,-0.1155537301647812
423,2,0.332086696984501,1.6493386891184894,-33.52816536564077,-0.2682253229251261
423,3,0.4990708239945677,3.9955615756513336,-84.18979534010613,-0.4550799748113845
424,0,1.110333027174072,7.946753917382773,-155.18855213212967,-1.055704436272991
424,1,0.1564718454471925,0.7449510801941243,-16.086808909224583,-0.1065351583392356
424,2,0.3251184390533799,1.7751345138356462,-38.328324373081216,-0.2699177772752198
424,3,0.381402240787477,2.0108347047664346,-59.08507448211187,-0.3357106504665447
425,0,2.376953172358991,10.533375923361184,-326.0737287944201,-2.312579636839859
425,1,0.2245428313371663,1.0473604123717362,-23.957837857380422,-0.171127413267003
425,2,0.4887412254449953,1.620436323469362,-51.19727843600944,-0.4231180036033838
425,3,0.5468150575004967,3.1906836536202627,-88.55247100673365,-0.5002964463657269
426,0,0.6971310908747277,3.2138621694693543,-86.42509926885548,-0.6401859205100405
426,1,0.1344004410749282,0.6108136524198149,-12.246152077233916,-0.0833071569879858
426,2,0.645811147401961,4.778552976816848,-74.54740826829007,-0.5824016270960162
426,3,0.7201906266426057,4.226511783660614,-124.10613735593276,-0.6744898769344172
427,0,1.2210190351189336,6.137935781035459,-165.3530464926129,-1.16445807389164
427,1,0.1485147247827758,0.6506716402632041,-13.435915115974062,-0.0952901781274756
427,2,0.4175676116352825,2.0703187671208547,-44.70322178948819,-0.3547874745197475
427,3,0.3422033856931865,2.939424811493193,-57.39896421458189,-0.3005181372491198
428,0,1.063271900827292,5.612180591478422,-144.03582542356656,-1.0072435344305355
428,1,0.160294484910402,1.1906495957508103,-15.761279272534184,-0.108698477741615
428,2,0.4983607808240282,2.714764170666237,-59.809735385079655,-0.4397774660667621
428,3,0.7267464541188534,6.91182418807678,-123.83982402814335,-0.6804385935612273
429,0,0.7067929220214514,4.328451125137873,-91.9672870301134,-0.6522502626249177
429,1,0.1435726123277893,0.5880759437531763,-12.630463997033232,-0.0902175999788088
429,2,0.5232787937905762,3.166608291223166,-61.73690944621336,-0.4641872890692733
429,3,0.3827108270482819,2.733402193917578,-59.64301041113335,-0.3369661605148776
430,0,0.5992533007737822,3.7244104067632513,-75.64931365154148,-0.5442396665578524
430,1,0.1491509919290178,0.6454321655351966,-13.635892157794762,-0.0960274095619349
430,2,0.2984398572339853,1.790878044567377,-33.868859021585685,-0.2419204215827549
430,3,0.3817846920949482,2.676242699183503,-63.71251809053416,-0.3388963728219902
431,0,0.6937802384308278,3.996376382804416,-92.29802356039092,-0.6409584969471592
431,1,0.1572360782750865,0.6049280141681943,-12.655298041901377,-0.0988695159523545
431,2,0.3229795485559673,2.4006309271733284,-36.03480933629748,-0.2649618333551285
431,3,0.4042095141442058,4.149179119689157,-72.70150443444925,-0.3635075221722462
432,0,0.6420784806082289,5.207312485422723,-84.84176568997064,-0.5891789284025739
432,1,0.1282293957768344,0.6475738732371371,-14.36214499084623,-0.0839891519932528
432,2,0.3532658534782615,3.96473765304446,-43.06194699430447,-0.2990412985715588
432,3,0.3021663687263514,2.112287877092072,-46.66642503085887,-0.2578255526566788
433,0,0.9109059269368353,5.071041607239417,-118.70967101304458,-0.8540264101657884
433,1,0.2144502471913289,0.9358653602539608,-25.94001041550999,-0.1662821180481409
433,2,0.2260791955220195,1.0052219762824144,-22.864509349172145,-0.1681213922733246
433,3,0.5861835673451486,3.4087843861341685,-99.53530473060546,-0.5409527431011166
434,0,0.6121558287049758,2.526308246309769,-71.44494812837978,-0.5538368071967424
434,1,0.1287736691636814,0.8205103518078044,-13.885834633065748,-0.0836496062232876
434,2,0.3099680713444701,2.395674239990257,-42.2282605769128,-0.2606682751661284
434,3,0.5267501151683682,3.463112762542405,-97.46986967315075,-0.4873493483657538
435,0,0.7170955058223567,4.0010046535114,-84.9649069288427,-0.6586426893708736
435,1,0.1562685105474607,0.8115487861852085,-18.63839667572144,-0.1116071657228828
435,2,0.2607946126108459,1.1658215179415217,-27.58553272713772,-0.2028347994642479
435,3,0.7073632805417364,7.32586563102313,-116.09927893061064,-0.6596549939239241
436,0,0.6488626105690254,3.695309532035658,-85.18584109008086,-0.5957051824481179
436,1,0.1141363209285652,0.5628250523619904,-12.89555711016108,-0.0720422184925199
436,2,0.3072591543473569,2.686810741601964,-36.70342969497664,-0.2531271013446665
436,3,0.6798041634089187,5.281867078927772,-111.4737520988248,-0.6333735914705954
437,0,0.940983804791873,4.994590524796262,-118.23280257929022,-0.8823343476066434
437,1,0.140277858637162,1.0624079129524693,-15.753005113448433,-0.094897621165352
437,2,0.3656291136403017,2.6911811291401984,-47.23599278692866,-0.3128211442842957
437,3,0.2526554935012345,1.8806311512047595,-38.52541713346816,-0.2093772670297182
438,0,0.5912484977788839,3.6458436613139016,-73.31925346028105,-0.5351770325567959
438,1,0.1704768957039322,0.8415219126164861,-16.512708258847436,-0.1171114060911165
438,2,0.2310540453166424,1.2144659957719537,-19.77835952502564,-0.164819662708547
438,3,0.360673339410645,2.614603894516806,-59.77625793441413,-0.3179588188000751
439,0,1.3243277620648626,6.559443494266062,-171.97049465021695,-1.2644889312515952
439,1,0.1565059393184747,0.6332821844466855,-17.12585313021005,-0.1090818670714015
439,2,0.2402317901656387,1.4904771272030275,-24.579583759162837,-0.1820709908086135
439,3,0.3589545789319202,2.3218581394981164,-54.794209036849146,-0.3131097659248523
440,0,0.6999455117986416,4.076394464246224,-81.95672477841671,-0.6402869123313806
440,1,0.1457522907785733,0.5020805315297204,-12.609109098906256,-0.0913703557891757
440,2,0.3490422571822673,2.0648153276331507,-38.4980218024176,-0.2894588105444932
440,3,0.2529574504280422,2.468740589443609,-41.941602061392935,-0.2129015333065631
441,0,1.4304491763549072,8.457072568618262,-190.57887816978308,-1.3710710659696626
441,1,0.139393060693849,0.6400959438110861,-13.833844900447133,-0.090417286931027
441,2,0.2255122369925838,1.3185132471907872,-23.756432371697297,-0.1696888026549806
441,3,0.4005621302183895,3.511902714671542,-69.14705548947077,-0.3582748989091749
442,0,0.9278898386700112,5.600497902637267,-120.1535706206786,-0.870678047975932
442,1,0.1790517723227603,0.5769239840799331,-26.16743770955627,-0.1391884984550865
442,2,0.2642262996020015,2.2480271912769703,-33.90500200718535,-0.2145886202986414
442,3,0.5928556853692789,4.112007515063444,-105.64491829294272,-0.55023394944241
443,0,0.6102572686922464,3.2394120123960315,-76.60130532239997,-0.5550819226260867
443,1,0.0997659222260433,0.3239517764706319,-12.554291834418152,-0.0627714591720907
443,2,0.1971649773754812,0.962518591660354,-20.39728827071556,-0.1426383795154934
443,3,0.3066905075179444,2.9772992487680274,-53.61127650820611,-0.2680563825410305
444,0,0.8505693295453812,5.110388781609842,-105.3705014426061,-0.792259409342903
444,1,0.1189285289827716,0.6733534577402676,-13.272018024682469,-0.0758401029981855
444,2,0.2664970726924742,2.637790010952239,-31.84483527697372,-0.2137237266910988
444,3,0.400146764854235,4.578711865220571,-72.1141743025045,-0.3605708715125225
445,0,0.7280760438602581,4.63307231328665,-91.28572052957406,-0.6712185333056917
445,1,0.0988093319643296,0.4472693075603683,-8.366504286498065,-0.0519658651335283
445,2,0.1209159365025241,0.5072600357000516,-13.179492150604656,-0.0757442077620957
445,3,0.269552852731267,2.0276059729828164,-43.850730661179256,-0.2283892221936419
446,0,0.6001196167075867,4.910988378414898,-74.61695035652399,-0.5446492726753576
446,1,0.1183041029325332,0.4902360667039892,-12.497390604195806,-0.0739490568295609
446,2,0.3306436258972868,1.683272743079092,-39.086461499939375,-0.2752567711263336
446,3,0.2790367174369347,2.7853360980123583,-46.99964345648391,-0.2385768703374817
447,0,0.5480865606158202,2.973136723383685,-68.15442529372584,-0.4938726470559843
447,1,0.0920659073622776,0.3218531577630488,-9.28408157326301,-0.050732686192694
447,2,0.196271412523971,0.7037690694253189,-18.67276494917609,-0.1383167774013044
447,3,0.2830837277619069,2.679872836147268,-46.16068772331649,-0.2416789933157931
448,0,0.9255054761174684,5.211845562043775,-118.87203116750013,-0.8676790596167892
448,1,0.1154635755566357,0.4933744529306107,-11.031229080384296,-0.0685169508098403
448,2,0.3266146509484608,1.410943388570379,-37.56320830573218,-0.2702389086743322
448,3,0.4315127147189964,3.530611526074777,-75.18505966777751,-0.3895598946516969
449,0,0.7740061049233422,6.787619540815767,-100.55193640801392,-0.7182281172000994
449,1,0.1053216487298933,0.6222069439113321,-11.882930061461302,-0.0642320543862773
449,2,0.2058666538669555,1.3573349084443551,-21.94940676170453,-0.1513752190462381
449,3,0.369875085992829,3.972793897158773,-65.53447823643673,-0.3293189861127473
450,0,0.4646940104242885,2.2848428581391604,-52.99421920016904,-0.4076478400013003
450,1,0.1300563197622027,0.3813571810251991,-12.67118252563087,-0.0817495646814894
450,2,0.3137070765215711,1.736533593326103,-35.771925078096785,-0.2573519789791135
450,3,0.3088560248975127,2.375729307759848,-54.06842081032303,-0.2703421040516152
451,0,0.605914287366873,3.7569909800251913,-79.61067917651033,-0.5528519387257662
451,1,0.1259622742118394,0.5170797301099569,-17.878873259907216,-0.089394366299536
451,2,0.2660315002668424,3.0362813937043147,-34.02079101055462,-0.2153214620921178
451,3,0.2831674662831339,1.6685953898227863,-45.8781731714197,-0.2414640693232615
452,0,1.0420502391359854,5.381993835739543,-135.9511944106744,-0.9851535826860462
452,1,0.1157896867286448,0.4385258966178373,-10.538661708544744,-0.0675555237727227
452,2,0.2088404547429756,1.263914257067933,-22.13218650758685,-0.1536957396360198
452,3,0.2731246187885467,2.287132306274932,-46.7552510422898,-0.2337762552114489
453,0,0.7971623440281449,4.07582002654489,-101.53088214523954,-0.7411013295272959
453,1,0.1027914137886,0.3149542874156907,-10.06889355748725,-0.0588824184648377
453,2,0.441994335828644,3.5604324787986146,-56.9281219813778,-0.3872661359277401
453,3,0.3578108112408829,3.430791053497202,-61.02434777118286,-0.3161883304206366
454,0,1.0741136454241775,8.89420854544091,-136.174821086881,-1.0162300081110522
454,1,0.1065919722117919,0.4260868080774552,-11.04181531412836,-0.0634587087018871
454,2,0.295435535498363,1.651734250985589,-39.06352026027783,-0.2456825173602379
454,3,0.5244062199755811,3.9079915843264046,-87.77760653473543,-0.4796590521023793
455,0,0.8360468645256574,4.246685722292431,-108.38736671942588,-0.7797652281973085
455,1,0.1032870315229115,0.3446808000906378,-11.37983365193807,-0.0621848833439238
455,2,0.4453421789046077,3.0739136834310883,-52.54043069912049,-0.3863266963170624
455,3,0.3687362591810528,2.139239988503666,-61.301267679695016,-0.3260705727643352
456,0,0.7548400331068171,3.690535357991167,-94.29601892513944,-0.698489029075107
456,1,0.1054169987541692,0.5218243626784995,-8.585700365797011,-0.0561156886653399
456,2,0.2282887766476251,1.221670005186306,-24.84671688809455,-0.1737532649517101
456,3,0.428951552854053,3.3695022612294143,-71.61953597351993,-0.3850512686748383
457,0,0.478980694680407,2.7135381963036176,-59.5735459196642,-0.4255253279976014
457,1,0.1567315906576837,0.6811965920675012,-16.750600309531336,-0.1080683890937505
457,2,0.4316313240842446,2.8254371303000982,-58.93858574642239,-0.3802489402994993
457,3,0.3084067339405071,2.13846282229597,-53.77118610633578,-0.2688559305316789
458,0,0.3917094275015404,2.456329684150102,-45.88273262862642,-0.3373730340340178
458,1,0.0951842904904782,0.4364665719922649,-8.718564968584,-0.0509857600501988
458,2,0.3495565206194884,1.81166382586378,-37.89316591675841,-0.2892608085248734
458,3,0.6162589052092778,5.616638187666839,-111.40531856281136,-0.5742542193959348
459,0,0.4752983060487377,2.6319231271991868,-57.66063247074047,-0.420880528983507
459,1,0.1051275692445788,0.4561894653844874,-10.652083292420503,-0.0615727357943381
459,2,0.3131342735449985,1.329071404610079,-36.57469640015062,-0.257568284508103
459,3,0.2069825402772865,1.1354569066855988,-33.11631420746174,-0.1672541121588976
460,0,0.5571646667291156,3.645476468092461,-69.30605612647201,-0.5022177980179131
460,1,0.1135936560944771,0.4491385863495429,-15.452769343889454,-0.0772638467194472
460,2,0.2262815953962308,1.053677339508224,-25.911504962918507,-0.1739027178719362
460,3,0.3008040395658669,2.929280592815129,-53.45443608208386,-0.2672721804104193
461,0,1.1531245827939085,8.141383239643146,-144.54245765504666,-1.0950186185988384
461,1,0.1008744768943308,0.4657617839796066,-9.56760607356647,-0.0566130536897424
461,2,0.2838939787573841,1.6667252391792369,-39.76813377432168,-0.23671508199001
461,3,0.1913760123250468,1.808666118633516,-32.31996409463179,-0.1615998204731589
462,0,1.2327174469769813,5.028473952499289,-152.26307081945447,-1.1712543909188806
462,1,0.0897167211323485,0.3226766645831808,-8.538983436767724,-0.0477038180825012
462,2,0.2166614972304341,1.4859433941949347,-28.71138445348371,-0.1698898488371817
462,3,0.2042237397860092,1.3340544840104296,-35.04202501170682,-0.1752101250585341
463,0,1.0558995673557643,8.212044939728102,-149.3235134818197,-1.002171231421609
463,1,0.1054977038212345,0.6278443105247214,-12.194821974700949,-0.0652129517363687
463,2,0.2900852388164886,1.6929915335268897,-38.15656769491433,-0.2399784131755618
463,3,0.2171542678146491,1.7719331679011276,-38.04972274102618,-0.1902486137051309
464,0,0.7818903502708436,4.872414018171556,-98.62748702484892,-0.7252021104768304
464,1,0.1490526725678865,1.013037422477035,-16.944617960734426,-0.1033208412239904
464,2,0.2793520448536306,1.6089629888193604,-35.12823932521678,-0.2281054501637453
464,3,0.2429654458340815,2.386915475757308,-42.18535498345129,-0.2109267749172564
465,0,0.5912969559926358,3.9849603299906855,-74.64694863742929,-0.5370284074635201
465,1,0.0917578866016893,0.4967274866989244,-9.550689390543305,-0.0513477924222758
465,2,0.2691297426541703,1.153835442456429,-32.49332016947138,-0.2166221344631425
465,3,0.2125489756156226,1.416075474719497,-35.22484281727712,-0.1761242140863856
466,0,0.7506409684784903,4.219617887717305,-98.09494151608529,-0.695708805078619
466,1,0.183880363395227,1.5386489887265509,-25.873095635255154,-0.1421598661277755
466,2,0.2740760281226375,1.2961197341225672,-35.3784614329808,-0.223914312866967
466,3,0.2209925877040368,2.2563299600366715,-36.88591488227207,-0.1844295744113603
467,0,0.7949127772873964,5.845060115987217,-103.59239032446524,-0.7399456451747516
467,1,0.0951520119874876,0.415897789878042,-9.257721826991874,-0.0523035131468467
467,2,0.176970594303741,1.1000196060938072,-18.616972837649666,-0.1241131522509977
467,3,0.1965584055881963,1.667387691021754,-32.69986620863402,-0.1634993310431701
468,0,0.4026326421086136,2.2604425403295143,-48.63833368689874,-0.349916069689919
468,1,0.1023493588265363,0.8111132595064419,-10.81222068293706,-0.0604034675024416
468,2,0.222299032634178,0.9664219077868552,-23.37846602688624,-0.1658047235949378
468,3,0.2289679984744349,1.8794900876943723,-39.776997611863024,-0.1988849880593151
469,0,0.6160030707317856,3.8648292366277617,-79.85562706967124,-0.5623635709131778
469,1,0.1124724150981592,0.5878145088689469,-11.833807613729148,-0.0688012070565648
469,2,0.2947532977177912,1.540925788040998,-36.85622450795672,-0.2424751612365573
469,3,0.22372783165599,1.9356092148942607,-38.30868291327505,-0.1915434145663752
470,0,0.6333086865991829,3.2272931572786137,-81.00158180701538,-0.578582727192967
470,1,0.0946070889362761,0.3462279645581262,-9.694727083741832,-0.0532677312293507
470,2,0.3109510794052211,1.740481087477621,-38.1764416494679,-0.2579489300639723
470,3,0.2067376489640276,1.5902134917289767,-34.11645571619962,-0.1705822785809981
471,0,0.8526707954689924,4.469320384327333,-116.63356930217552,-0.798860063713531
471,1,0.0786009259135517,0.338416364323356,-9.412016781705203,-0.047060083908526
471,2,0.4133975189715784,3.407221230238939,-49.93399409090477,-0.3566713863636055
471,3,0.2571368163200055,1.9442249228151007,-44.36023537904595,-0.2218011768952297
472,0,0.8452913143895896,4.10017801049556,-110.54933557658714,-0.7896381112613368
472,1,0.0852962298945771,0.4138314269925534,-10.283589173455637,-0.0514179458672781
472,2,0.2498866154452515,1.1490858865681293,-27.10789204754129,-0.1936278003395806
472,3,0.2817583476669818,2.500501420987095,-50.207007809044704,-0.2510350390452235
473,0,0.5462558033423317,3.418468211052076,-71.62130789886521,-0.4939400544749325
473,1,0.1004570084610599,0.6046058549383634,-13.05110005685818,-0.0652555002842908
473,2,0.2425155273805756,3.1754209656768144,-36.09214812134881,-0.1983085061612571
473,3,0.3449721144531081,4.112172935619454,-61.67369796594375,-0.3083684898297187
474,0,0.9051603402767152,4.339279813833794,-119.85781921836666,-0.850055455449409
474,1,0.0866270669922567,0.4979248444745745,-7.521440139314332,-0.0432266674673237
474,2,0.3044846219685831,1.7857122953737117,-38.26702880752402,-0.2517567684705528
474,3,0.2280892744493177,2.1521701570917053,-38.427566009662485,-0.1921378300483124
475,0,0.5158033335335204,3.923908148504549,-74.51160162519817,-0.4686264253157117
475,1,0.0898340444206181,0.342657853521662,-7.7987106296653055,-0.0456064949103234
475,2,0.2742588501860966,1.29552088054547,-30.47271002925017,-0.217662214494644
475,3,0.3483466554920455,3.3719746955186127,-59.8820690188705,-0.3070875334301051
476,0,0.850158340393144,5.260363400096878,-118.75358115678662,-0.7970039003811182
476,1,0.1242008605408592,0.6817025573107449,-13.07239231188135,-0.0787493512763936
476,2,0.334022518207278,2.913903201248245,-43.12035071257776,-0.2818323575985474
476,3,0.49545564586205,3.7387540504507353,-83.92627475879999,-0.4512165309612903
477,0,0.513499392082406,2.878687874457156,-69.54777346044854,-0.4636518230696569
477,1,0.1098836350123784,0.483243410770006,-12.88408407552012,-0.0692692692232264
477,2,0.4124132612862779,2.365476702108974,-51.81691731339233,-0.3573580504371885
477,3,0.319294754881369,2.6234539815139484,-52.02046598035379,-0.2767046062784776
478,0,0.7572584636880576,5.930134930189726,-102.087386213856,-0.7040509394059034
478,1,0.0970079321475205,0.6339572092913579,-9.884150664552294,-0.0549119481364016
478,2,0.3148232893377855,3.0592021713592485,-43.95636799732179,-0.2664022302867987
478,3,0.291687821351746,2.5505974042979043,-50.32640616025407,-0.2516320308012703
479,0,0.7323177299216255,4.744367465576364,-102.82684167361312,-0.6809724614146565
479,1,0.1161370353849404,0.6184358189493415,-12.098110500119317,-0.0715864526634279
479,2,0.198834503264991,0.6892145625592797,-20.002278246459216,-0.1428734160461372
479,3,0.3894414393141307,3.349281371827237,-67.53818085072628,-0.3481349528387952
480,0,0.4312780423097981,3.5961678420533536,-53.81315968530853,-0.3789659132768206
480,1,0.0984557556127335,0.5966704039578379,-10.987646038278353,-0.0584449257355231
480,2,0.1607196838717802,0.7899100038228812,-17.40425548229138,-0.1108551304604546
480,3,0.2417647779089578,1.736390534221048,-40.380589189513806,-0.201902945947569
481,0,0.3461990772339971,1.696591567219392,-39.00908061342223,-0.2911125418912106
481,1,0.0861038484231353,0.2739758684858892,-8.805248937325683,-0.0463434154596088
481,2,0.2217651613631477,2.1115086119165265,-31.32087950680275,-0.1769541215073601
481,3,0.2754849906032026,2.326952379462111,-46.34167981624065,-0.2352369533819322
482,0,0.387497524261558,2.2251059816154,-47.67212431143927,-0.3357191852918258
482,1,0.149493245163375,1.1126677328129442,-15.31445882325271,-0.1000945021127628
482,2,0.1815297752192562,0.8136795778824162,-19.375522488454404,-0.1291701499230293
482,3,0.2144609607068782,1.7940753915239005,-35.230979836405425,-0.1761548991820271
483,0,0.3217642376605202,2.1772660104119743,-40.30867120036057,-0.2723558864889228
483,1,0.1153541133900008,0.4463542828315489,-11.109306079474113,-0.0685759634535439
483,2,0.153354194656512,0.9110362945249316,-19.788515481360097,-0.1099361971186672
483,3,0.3504965647595477,3.689089786151623,-59.2011197963847,-0.3083391656061703
484,0,1.2856788318528032,7.079835345617453,-187.15508778747025,-1.2312834722859884
484,1,0.1274018938816377,0.5231788367003716,-15.136370086098534,-0.0850357870005535
484,2,0.1597368113436755,1.0360060515949563,-18.44528404399181,-0.111789600266617
484,3,0.4445294011700712,2.60373573618532,-70.11014108858642,-0.3983530743669682
485,0,0.7115266281217911,5.625813062108284,-91.96688718720898,-0.6569063370514927
485,1,0.1350190758376373,0.593063469959956,-12.572832321466947,-0.0843814249762882
485,2,0.1953298456843065,1.0694815163113631,-20.441551346196093,-0.1409762161806627
485,3,0.3896711848021816,2.3238333216486664,-62.0916523915367,-0.3449536243974261
486,0,0.3547048137135801,2.0149786222797315,-46.528192096991496,-0.3061065269538914
486,1,0.1285716926855783,0.5350351823857435,-12.023652866209453,-0.0791029793829569
486,2,0.243057372462333,2.730796034993336,-31.79696677196263,-0.1950734157789118
486,3,0.3839849649968937,2.125508263080049,-61.83191533977008,-0.3397357985701653
487,0,0.723390446991096,5.6975747680146,-97.14682652357396,-0.6699781139556825
487,1,0.1498949352275707,0.6664802123261728,-15.251395933134589,-0.1003381311390433
487,2,0.4513675740469262,3.047189385152823,-63.21017110836704,-0.4000643741035888
487,3,0.5498120591233115,4.337324007708253,-96.1991786220701,-0.5063114664319479
488,0,0.513830369004712,4.310081972138877,-69.53407160439544,-0.4635604773626362
488,1,0.100616071163664,0.4553584288301246,-8.756822772194063,-0.0540544615567534
488,2,0.2748153901925425,1.939403362556641,-33.05271486322989,-0.2218303010955026
488,3,0.4075091414015439,3.122073888163923,-72.99096170004769,-0.3667887522615461
489,0,1.6303342221494384,13.680051602666756,-173.18913260609884,-1.574446660055444
489,1,0.1031813219134087,0.3476732200533,-9.089132613106546,-0.0564542398329599
489,2,0.2715267035194375,0.953938985052726,-27.982436184332894,-0.2119881529116128
489,3,0.3783379275235002,3.94412830274718,-65.29840099773384,-0.3365896958646074
490,0,0.3382572144703828,2.0506761482705853,-38.62768505166533,-0.2840270959681273
490,1,0.1201223732311172,0.6103045993510442,-12.191109165654792,-0.074336031497895
490,2,0.2770474510116623,1.6642449300518345,-30.315397922233696,-0.2196767965379253
490,3,0.2277785086139878,1.889331836716155,-37.14245106933989,-0.1875881367138378
491,0,0.6731322159575257,4.254505765248108,-85.19647577199281,-0.617365766463716
491,1,0.1087121166923955,0.3309991741439785,-10.182788349837558,-0.0624710941707825
491,2,0.3270142798537345,3.0584970302637053,-37.448962152623736,-0.2694169939037679
491,3,0.5443908935274894,6.6884888165360845,-100.95445490923608,-0.5047722745461803
492,0,0.5388509170833684,3.688864416884672,-65.70952185564535,-0.4831582489385687
492,1,0.1051629493548927,0.346642416306483,-9.356781856587792,-0.0581166574943341
492,2,0.4018550188743996,2.263687022351495,-44.70851289024601,-0.3412863579408092
492,3,0.3731727412221719,3.919046634093282,-64.67362463509816,-0.3316596135133239
493,0,0.8230967777040482,5.4892178809468,-104.18244497530682,-0.7660473895243148
493,1,0.1095637620990184,0.4495179690499091,-10.83179222986922,-0.0644749537492215
493,2,0.2150848581582641,0.9240251144680016,-26.088801709083672,-0.1651189981587574
493,3,0.2999160518362135,2.572205834799762,-52.01389634415321,-0.260069481720766
494,0,0.6952437204957681,4.237245547201316,-86.11853858047007,-0.6379151005960746
494,1,0.1116698555270311,0.5443968362325088,-13.483067138560887,-0.0717184422263877
494,2,0.2548730764343743,2.084177704978281,-30.04938230694625,-0.2016737067580284
494,3,0.4206881670795021,2.93691050171823,-70.96829293175577,-0.3774909198497647
495,0,0.7289148917683415,5.014781098568734,-90.66915999049284,-0.6716234073369839
495,1,0.0965032554921357,0.3703891350870615,-12.156517669670558,-0.0607825883483527
495,2,0.4852510626308124,3.5492893962093266,-65.24379915478859,-0.4320781400979376
495,3,0.4217817213982283,3.202409686778152,-67.34332796549754,-0.3762197093044555
496,0,0.793773288713087,4.069323224380401,-104.87506392513488,-0.7385567882051751
496,1,0.0933613897422116,0.4071430199396673,-12.557354230696651,-0.0627867711534832
496,2,0.2494268640367571,1.222791834829131,-27.3371137806532,-0.1938802395791007
496,3,0.3112218815802918,2.4293670419700173,-50.51987600720077,-0.268722744719153
497,0,0.4607521716302001,3.977033022945241,-60.17324052950572,-0.4093417723095627
497,1,0.1259235221046298,0.6567830741021258,-14.101615911072662,-0.0819861390178643
497,2,0.1328810463408806,0.5630062457153228,-13.50141617703479,-0.0838597278076695
497,3,0.5855827159421336,3.569110044195743,-103.00026472897537,-0.5421066564682914
498,0,0.6329239729191418,3.6802482074737113,-84.62978382842427,-0.5796560536193442
498,1,0.082692353990105,0.3180191911545906,-8.935341582770711,-0.0449012139837724
498,2,0.3441609828113707,3.424282735477301,-44.87430030325481,-0.2913915604107455
498,3,0.4024214789654982,3.785386610874488,-66.78898765306357,-0.3590805787799117
499,0,0.5010454837600496,3.303070098734745,-63.12531203822856,-0.4476972484980749
499,1,0.0795558801700089,0.3681585565755542,-7.675975633195481,-0.0401883541004999
499,2,0.3176763518013096,2.42582922328597,-40.949716431871735,-0.2659072495576087
499,3,0.4189943986248896,2.435965505280917,-67.71502661229418,-0.3741161691286971
500,0,0.6123936941975223,4.221231263581185,-80.56948946164152,-0.5595103434836217
500,1,0.1263420560360109,0.6319683217083125,-11.65781088050664,-0.0766961242138594
500,2,0.266429117618668,1.6945165006245162,-29.49881409613281,-0.2107058149723772
500,3,0.3024851922456666,2.0826794488371694,-52.65679090963631,-0.2632839545481815
501,0,0.423870566109024,4.053367242125808,-59.17566232854256,-0.376915046678615
501,1,0.1415904715839276,0.9877944400707296,-16.065897815410683,-0.0962029809306029
501,2,0.392501634434875,2.59389831505215,-49.26462762588766,-0.3374289563416963
501,3,0.3607082435227433,1.855924560379356,-64.13130238056264,-0.3206565119028132
502,0,0.585802560439169,3.550381823963824,-77.4390843470415,-0.5340626506692517
502,1,0.1138504262875886,0.4752507594906519,-9.2565406221526,-0.0625441933929229
502,2,0.2947884400409443,1.7247418784536557,-32.418381473714234,-0.2366305217059433
502,3,0.3976795456356341,3.1596026325166653,-71.48279247616334,-0.3574139623808167
503,0,0.5812967771366485,4.563118807502563,-70.94493645026577,-0.5255180477797464
503,1,0.2142908432355996,1.2161796582121736,-23.789675329126364,-0.1629429817063449
503,2,0.4190100635836751,2.8568150237416967,-48.64145686897741,-0.3603070879183511
503,3,0.4458760083925457,3.0458606063207654,-77.98135934114667,-0.4040484939955786
504,0,0.3524784390237773,2.7713238780901546,-44.7838011698276,-0.3025932511474837
504,1,0.1184610896302821,0.624963015383313,-10.562732532416822,-0.069037467532136
504,2,0.2781908696698961,2.187323271538914,-32.36275660553078,-0.2231914248657295
504,3,0.2715238643301799,1.419896600105904,-47.10441275908853,-0.2355220637954426
505,0,0.7705861437260952,5.97780309251445,-110.1258149013134,-0.7197765679824405
505,1,0.11333433919955,0.5815293512385294,-10.283856558527209,-0.0655022710734217
505,2,0.2748325676712143,1.8567332802462704,-28.035639585314588,-0.2140125159184319
505,3,0.3713078719447485,2.522991823125502,-66.41529382784958,-0.3320764691392479
506,0,0.5845879247054653,4.2449486446982485,-72.02405750849182,-0.5295886581506751
506,1,0.1604329764561023,0.9004861571204045,-15.62147120820728,-0.1084824389458838
506,2,0.2965779789037654,1.3028510195277003,-32.41844684236031,-0.238370932664414
506,3,0.3826426604430835,1.804331792455165,-63.92606128771835,-0.3400322408921188
507,0,0.9094544192659186,7.590716438740374,-133.12969428190854,-0.858901253431668
507,1,0.15619353466555,1.1439318826972211,-14.647365869800105,-0.1031504638718317
507,2,0.4078109608098751,2.6768939259604103,-46.27049018813455,-0.347898422467177
507,3,0.3493777478763655,2.344143860541475,-59.10306154044863,-0.3078284455231699
508,0,0.8860968551776521,4.86072781740002,-122.47631475454796,-0.8331722092146121
508,1,0.1622836694435827,0.5708291330135636,-13.454548442672852,-0.1042988251369988
508,2,0.4071601423642644,2.1007892065493263,-47.02335491952397,-0.3483211475520293
508,3,0.3753230233911728,2.270429376063352,-64.81798587941718,-0.3341133292753462
509,0,0.9295224703484016,5.39659770982649,-120.50455401704828,-0.8732214059206398
509,1,0.1579982029881366,1.5413090295922394,-18.57303587419575,-0.1125638537830045
509,2,0.2433163335125555,1.899300194922004,-22.94985200355584,-0.1807074960909908
509,3,0.3369046527652734,3.1897582850649155,-59.31831110864154,-0.2965915555432077
510,0,0.443911853597653,2.842656518684564,-53.85450829784343,-0.3902500601293002
510,1,0.1028884619411835,0.4627355202960849,-10.553853904151026,-0.0599650790008581
510,2,0.3338591288173341,1.4817942435985805,-40.54962250185867,-0.2796525689783357
510,3,0.2182553424565046,2.682212316012601,-36.27005408755263,-0.1813502704377631
511,0,0.1925059648621813,1.8836507069099064,-23.964275642452183,-0.1479276274225443
511,1,0.1241304140152932,0.6395436981842969,-13.253315925434263,-0.0793611732061932
511,2,0.2293444637459056,0.9650271545508048,-23.941568981966547,-0.1722415034673852
511,3,0.3514094764862579,3.975878847480044,-62.61327284332928,-0.3130663642166464
512,0,0.8077175068007779,6.65692665677535,-113.45781670144034,-0.7563854446762689
512,1,0.1275449878466111,0.6110872049832288,-11.36679514395562,-0.076802669891592
512,2,0.4151441497934932,1.9867205042399665,-48.446855916097086,-0.3562268817360079
512,3,0.4097323139780854,2.495032684450397,-72.19732558513883,-0.368353701964994
513,0,0.2678040675677159,1.9150450206134,-33.65238475813395,-0.219950227177346
513,1,0.1253530217758428,0.3944521913724814,-11.924769510784268,-0.0769339968437694
513,2,0.3490149001042752,3.126624876140589,-45.45113310707628,-0.2970662294580149
513,3,1.0062604531787558,9.549235484301477,-181.9905700488963,-0.9680349470685974
514,0,0.4427649371726277,2.458675439588823,-57.55683010776677,-0.3915430619575971
514,1,0.1624946964998529,1.2647929382551255,-18.614093057770447,-0.1156154848308723
514,2,0.2797679311878028,1.4483637118193693,-28.395167045938024,-0.2184243618918309
514,3,0.2726831765260472,1.4455780519403232,-47.22649368236801,-0.23613246841184
515,0,0.3279749724735797,2.440607304921161,-43.14044941036156,-0.2801327883789711
515,1,0.1067512895169337,0.5731466824254248,-9.495638007985509,-0.0593477375499094
515,2,0.4617955536108352,1.835711126982479,-51.13957335113929,-0.3995279168057757
515,3,0.3796805200358406,2.006398989858625,-64.80440984180493,-0.3375229679260673
516,0,0.3151271768250477,2.5832061092866407,-41.8010765842031,-0.267955619129507
516,1,0.0976497626350382,0.3769951479495638,-7.871828758258585,-0.0498217010016366
516,2,0.3897589656265874,1.99518466337537,-47.35331610020714,-0.3334740570437122
516,3,0.2741868306723557,2.76494839317111,-46.9153191646013,-0.2345765958230065
517,0,0.4025015641496935,4.380869878224143,-53.76364794538779,-0.3537082101670249
517,1,0.1049832491282765,0.5535392830146343,-9.061499359523594,-0.0573512617691366
517,2,0.2693515045617213,2.2153584664908985,-29.941238353525385,-0.2123492081810311
517,3,0.2250877212961807,1.536882945609104,-37.44718362362056,-0.1872359181181028
518,0,0.5029358408493757,3.16134331966481,-67.39762912172802,-0.4523330813538793
518,1,0.0972554452214383,0.3341151622456872,-8.615594497612022,-0.0519011716723615
518,2,0.3071823914236888,2.157468734794524,-32.48397480438998,-0.2460907182150756
518,3,0.2959257126585521,1.966200675716239,-46.17886980077759,-0.2523435508239212
519,0,0.3501470705383802,2.462548649574656,-48.97999747373934,-0.304223586793412
519,1,0.1131757329710878,0.5130219775666341,-12.875230478444,-0.0715290582135777
519,2,0.3309058412664855,2.9508988862666574,-41.04833781184173,-0.2773536338637955
519,3,0.2429391083956254,1.767891688575019,-41.388357772424456,-0.2069417888621222
520,0,0.577716555931471,4.958826593707904,-72.65176146756416,-0.5226745429321162
520,1,0.1030331642426538,0.4755222148244111,-11.16875449210782,-0.0613667829236693
520,2,0.2304022839611377,1.1776857226832989,-26.39021407871232,-0.1771155307296129
520,3,0.2481814049291222,1.6419699723620362,-38.23748006172544,-0.2055778497942228
521,0,1.124169247366631,7.137989707606646,-146.08926970357646,-1.0663450343326748
521,1,0.0890155889828743,0.3412999670114561,-7.539393319795245,-0.0443493724693837
521,2,0.3969092329708058,2.2388926824215,-51.56021928316814,-0.3437347952211209
521,3,0.5152305633505275,3.5828614346776586,-88.01804401288932,-0.4706847273416541
522,0,3.222610825039609,19.53213348214146,-544.5037293967632,-3.1657193569579256
522,1,0.1537010343439271,0.7732521849208924,-16.876679676469617,-0.1061426394746516
522,2,0.2577827301793537,1.4801831913446175,-27.143924542522768,-0.1995876804597262
522,3,0.3459709894363961,2.906555496466797,-51.4346865005787,-0.2990388750033645
523,0,0.7101625161843346,4.225422752515669,-95.94231908603808,-0.6571391718221786
523,1,0.1267511966992238,0.5758809479467714,-14.823489022863203,-0.0837485255528994
523,2,0.1444188052811168,0.4765290893693079,-14.77887374181476,-0.0941329537695207
523,3,0.2721176916404229,2.1844563683864178,-45.58206453766461,-0.2313810382622569
524,0,0.6576131329954842,4.192485404530053,-85.71981081814094,-0.6036606395643729
524,1,0.1347997234306662,0.5034542710245722,-15.106165084850618,-0.089917649314587
524,2,0.3084625704323172,3.2179934815336395,-41.67897123708485,-0.2588755977458686
524,3,0.4414898878062534,2.5139396495060624,-74.38418892337529,-0.397776411354948
525,0,0.23583461784779,2.2569766598763845,-37.312463764738446,-0.1974204431996743
525,1,0.2102916022994476,1.3350152775523156,-30.934453159503605,-0.1690407276475606
525,2,0.1891565850197573,0.9475151562785848,-18.731833046055744,-0.1328498797592606
525,3,0.6090029972955778,3.0851183694617035,-103.13397102197852,-0.5635736121419591
526,0,1.0000733747483472,5.615476308247707,-145.05115677798,-0.9480467763266668
526,1,0.1187743213791509,0.429669391175336,-10.559130906205375,-0.0694679664881932
526,2,0.2850254528135916,1.4003648722253994,-32.45338374617431,-0.228544955958974
526,3,0.3391827344517797,2.451933596155388,-56.710714218263305,-0.296914734127033
527,0,0.4239899649822322,3.3539624056693795,-58.8115535188317,-0.3769971379412288
527,1,0.1983242185684409,1.393682762241211,-24.89712737617121,-0.1518117522937269
527,2,0.2892124252333602,1.5260679927203935,-31.576779872426386,-0.2304874443242802
527,3,0.5734669725429853,4.646177403917196,-98.95850705557932,-0.5291898773025633
528,0,0.785296780891797,4.043950247487635,-93.62193065807443,-0.7257514004501895
528,1,0.1295766032043226,0.4472171642868734,-11.08738562592862,-0.0769957335133932
528,2,0.2898494171174206,1.3524642081557885,-36.74060850933618,-0.2385753799307544
528,3,0.2865152558666056,2.044470959536179,-44.13098194997411,-0.2424779228020555
529,0,0.7115463790751134,4.112485085215034,-90.48089290246338,-0.6556586442207492
529,1,0.2096990162045106,1.398827573491331,-20.36153813978041,-0.1530942717276722
529,2,0.337086060661076,2.3354010296169374,-37.52288164574544,-0.2779472714499661
529,3,0.3405019689619415,2.9616805219718416,-53.598034118996566,-0.2961217354640694
530,0,1.0440864115766606,6.908353220588888,-136.19140954620664,-0.9868942720739612
530,1,0.1188964151537354,0.4554304283807204,-11.225126488244475,-0.0710451043559777
530,2,0.2341288555104846,1.347768152918971,-25.464585646739792,-0.1793280679347872
530,3,0.2862612044693748,2.812847150661993,-48.34963445033711,-0.2454296164991731
531,0,0.8053329068172198,5.714066968726618,-104.30821529816768,-0.7504188150947314
531,1,0.1378381097494101,0.4576877497442944,-11.881776088876917,-0.0842679155239497
531,2,0.1510439392614367,0.547807086952702,-16.55968802931695,-0.1022202964772651
531,3,0.4808860839388595,5.833747503731569,-88.55691588634471,-0.4427845794317235
532,0,0.9371606807845432,4.7992704641332775,-124.27591786642172,-0.8813894884143384
532,1,0.1624315878538727,0.4668086935243147,-16.35111116505285,-0.1112320487418561
532,2,0.1791290493422812,0.8088255701279061,-20.04476075699396,-0.1284920561345766
532,3,0.2131915920292406,1.262769775530339,-34.77567108047567,-0.1738783554023783
533,0,0.7258121975702574,3.171432157044002,-97.56211956420351,-0.6728422038910588
533,1,0.106307276550195,0.4957536182691359,-10.218411233042888,-0.0611880912158256
533,2,0.1235110752077716,0.4374790965724244,-11.527374084739115,-0.0734227648709497
533,3,0.4704416289303241,5.72983371029974,-85.99917075406692,-0.4299958537703346
534,0,0.817584904419106,7.172919997516113,-109.93446288663044,-0.7634337700460447
534,1,0.1305329528578388,0.9742691450019358,-13.831622054764953,-0.0843391588705179
534,2,0.2324515760830635,1.0516442166958846,-25.739575096402405,-0.1775143110096717
534,3,0.1682545852226755,0.9760496955843714,-26.04651930520328,-0.1302325965260163
535,0,1.0384001762230133,7.809917937359886,-141.50431521409598,-0.9826688556534444
535,1,0.1024548720468555,0.5441679014746695,-10.152117995498482,-0.05868276297976
535,2,0.1436509072213037,0.6030990241454609,-16.774139941740025,-0.097524069428721
535,3,0.638969824579808,4.93341090928668,-119.6805513876223,-0.5984027569381115
536,0,0.5448524986821899,4.4702545329517855,-71.42518944657307,-0.4925875134246418
536,1,0.1148493471487493,0.7238797252635154,-11.3385575341214,-0.0687185305098266
536,2,0.1497867160127528,0.712449078191736,-14.632905183269132,-0.0969066568428419
536,3,0.2968314907234249,2.1687347712358958,-51.474199598017776,-0.2573709979900889
537,0,0.9393578169461216,5.147154183381122,-126.42583125077805,-0.8840967220334128
537,1,0.1350832313859199,0.5456812415056427,-13.13040886692928,-0.0858196657969233
537,2,0.5421118993101394,4.423932178228136,-71.62466671881518,-0.4872426307402393
537,3,0.4960565610644728,3.755741191249853,-91.08078011620816,-0.4554039005810408
538,0,1.0561891954371352,7.408552296654925,-135.643927102545,-0.997381816930478
538,1,0.3631437786185527,2.433470731894484,-44.66674952143198,-0.3101857605654998
538,2,0.4412049653275726,3.406035022357917,-57.75179502255583,-0.3875959397486968
538,3,0.2376755166131031,1.4974302514189748,-39.39215622570688,-0.197950533797522
539,0,0.4301152879348376,2.087501646004571,-51.538298870642045,-0.376191962559431
539,1,0.1393918923782273,1.0190096073773267,-20.40018662389986,-0.1020009331194993
539,2,0.2113987672821241,0.6694646376780854,-20.853999941991788,-0.1533382348675867
539,3,0.1944970110196725,1.1374362890428922,-30.786855271306216,-0.1547078154336995
540,0,0.3716599691325307,2.731438547384138,-46.12380134224091,-0.3203041759877841
540,1,0.1696630368674216,1.0607986236316185,-18.73161467207294,-0.1208491269165996
540,2,0.3493640244496793,2.954357487584949,-48.61078230220375,-0.3000665574210108
540,3,0.2435905899246058,2.4506353251454387,-41.41295016947362,-0.207064750847368
541,0,0.530780089735187,2.67098614865665,-69.85564867122238,-0.478463347063167
541,1,0.1297500226348148,0.540910455340061,-12.67761692839212,-0.0812667751820007
541,2,0.3104956335367669,1.9417477201668152,-38.132135791379845,-0.2576495661579719
541,3,0.231323756567879,1.8156461872246743,-39.98525155596575,-0.1999262577798287
542,0,0.2977210597522642,1.957965623284509,-37.06257212554774,-0.2487420948023338
542,1,0.1411251898911684,0.4526837070286157,-10.722366892043024,-0.0831191231941319
542,2,0.2692181988410322,2.301636910440956,-36.89182063925823,-0.2222398833690254
542,3,0.3140246297716033,3.0448026900030563,-52.61448457927699,-0.2726139097371864
543,0,0.3844108242949553,4.064199211875852,-62.9638003038792,-0.344064482534859
543,1,0.1139712839519935,0.438941082000367,-9.228080585498471,-0.0623518958479626
543,2,0.3485908144645496,2.1012747897564497,-43.66145054682876,-0.2950098009920862
543,3,0.3757941340209069,4.507250408506482,-67.3222188786676,-0.336611094393338
544,0,0.2659364394857258,2.252142403018301,-35.243698368814606,-0.2202731148050913
544,1,0.1025982384697431,0.3602488723195444,-8.516935994122425,-0.0542479999625632
544,2,0.2590962214887013,1.614315837187736,-26.582605070055383,-0.199869211053048
544,3,0.3083913592916981,2.4509558442852746,-54.57150153268655,-0.2728575076634327
545,0,5.273829316492382,15.967845950524136,-1013.5048604437592,-5.224251857957523
545,1,0.1229194588857478,0.5115499978187542,-10.681654209704964,-0.07168895442755
545,2,0.1497580576161123,0.9863535276213898,-15.1578690260781,-0.098427720948559
545,3,0.5649636910711787,3.885192268341175,-103.17000085911069,-0.523705588117313
546,0,0.966255290447079,8.48246510948127,-139.95333441626502,-0.9147276759233008
546,1,0.1237011261762555,0.6060468115231975,-11.25508853981646,-0.0740466351303714
546,2,0.2071576550801167,1.6279452923719229,-26.669877242832413,-0.1596998637295354
546,3,0.3659307097760163,3.0417138485412005,-56.668857206191525,-0.3201630350632289
547,0,0.6844033045107039,6.989259473585419,-96.3273013140662,-0.6337322454872776
547,1,0.1219598656999895,0.3640270967242784,-10.77118826259599,-0.0718079217506399
547,2,0.5759806405404023,4.7989855211839325,-79.931132876485,-0.5224257050750654
547,3,0.8676268723627778,5.860306437886068,-165.15691928924065,-0.8257845964462033
548,0,0.6815472707976489,5.60411428352652,-95.24048564980004,-0.6307316930450334
548,1,0.1043576158787045,0.2878711861645608,-7.924642969022932,-0.0535448849258306
548,2,0.284812909699184,1.5955829873569651,-31.744520150671622,-0.2283778428105872
548,3,0.4746879929737844,2.413480611690825,-79.23502056677644,-0.4306251117759589
549,0,0.6404695912818682,5.37953768459308,-83.87913181588067,-0.5865673553558088
549,1,0.1415721868710671,0.934246024258206,-12.873269525266345,-0.0893977050365718
549,2,0.5275324623293318,4.734151116986432,-65.30049916808264,-0.4697877637991556
549,3,0.4792447221348062,3.5238835498987293,-77.60400509538222,-0.4335419279071632
550,0,0.5080229890270621,4.495542965307566,-64.13844507263914,-0.4548825891676535
550,1,0.1001472310248051,0.414437821225813,-10.55320503418254,-0.0583050001888538
550,2,0.1854937857901079,0.8580556785133496,-16.968113453199454,-0.1266277123373093
550,3,0.2851436394087404,1.8944172541652355,-45.86059374071127,-0.2426486441307474
551,0,1.5439665678270036,7.256373033388944,-218.61036683094184,-1.487145352591441
551,1,0.1002596510905588,0.3769206093876889,-11.26769502631024,-0.0599345480122885
551,2,0.1379155189407382,0.6247672626401474,-15.804573843648074,-0.091887057230512
551,3,0.5242472464744705,3.2568529147328915,-86.60871924715059,-0.4785012113102243
552,0,1.1153930555463998,8.537135872167017,-172.65164987530986,-1.0657509251562336
552,1,0.1381872853627959,0.6023212380566014,-15.31458724144403,-0.0922565496472532
552,2,0.3160059975601248,2.24499776037831,-39.08736789484925,-0.2623313281533506
552,3,0.242795677224562,1.7579481960150949,-38.428062476514,-0.2011940443796544
553,0,1.337469303379676,7.035501808353654,-190.96663079772992,-1.2816552402532209
553,1,0.0965845830090691,0.3609527988100611,-8.98015194615254,-0.0525155084570324
553,2,0.3008081308619555,1.686049669066411,-34.44181686672402,-0.2442682047285391
553,3,0.7517007231308582,6.236541980661796,-139.2719544551935,-0.7105711961999669
554,0,1.0534515655702992,8.01196614662665,-137.56784265353355,-0.9968684250256054
554,1,0.1892810325546569,1.11293153640437,-22.530612020016328,-0.1417019623900398
554,2,0.2834084235115106,1.5757477585854462,-32.56600669440144,-0.2277343125482618
554,3,0.442096468935701,3.073028783383165,-74.9288033818766,-0.398557464797216
555,0,0.4991372555747956,3.5748725244929043,-62.90756975902791,-0.4461529770143823
555,1,0.1574624759086427,0.8087249648353467,-14.584143352206144,-0.1034336407957882
555,2,0.5532043656588025,3.427423365332698,-75.40339222528051,-0.4993602134124537
555,3,0.2881259377831607,2.682222070775112,-44.12287523740811,-0.2437727913668956
556,0,0.6567771299976682,4.46591605816933,-84.29638543328183,-0.6021170388091559
556,1,0.1867646105711085,0.9838883667317064,-19.187234458149643,-0.1341764647423051
556,2,0.3687332152459557,2.7438373494073605,-48.03236396863731,-0.3160023945305086
556,3,0.3631884462113645,2.420471316581938,-60.13083589441041,-0.3198448717787788
557,0,1.283489231173555,6.169297395924681,-180.44018553116155,-1.2274842553140242
557,1,0.1315719279053588,0.5260891097414644,-11.307303611618435,-0.0790720532281009
557,2,0.3340965255873733,2.366720033876028,-41.26904423053725,-0.280741797486648
557,3,0.6238031518712519,5.831865612865217,-116.08602953593856,-0.5833468820901435
558,0,0.9791581741326923,4.16411470582138,-126.35405903508703,-0.9222924017159638
558,1,0.2990668116787432,1.915980658280576,-37.89879035731282,-0.2493341470875843
558,2,0.4537446587330834,3.9716532805202514,-55.49648842828664,-0.396403488773476
558,3,0.397125087303818,3.500305809468198,-71.38084608624311,-0.3569042304312155
559,0,1.12929892371151,5.351176412800534,-153.5146014512031,-1.0735286814769447
559,1,0.2672277948722397,2.331498445555013,-32.466156942343346,-0.2164410462822889
559,2,0.397499111865951,2.609541905114141,-46.28081636597357,-0.3378161778538217
559,3,0.2768399218471968,1.694850703041567,-44.90677622278592,-0.2351140116376226
560,0,0.5391041522841016,4.643405451429108,-71.10605448332758,-0.4870277704337505
560,1,0.1422089703749799,1.0753380118995626,-12.62961580026851,-0.088940956339919
560,2,0.360660926565543,1.8321895901599845,-43.28966998099307,-0.3048568308520639
560,3,0.2980586293700756,2.2833780837969355,-49.14737646362921,-0.2559759190814021
561,0,0.6359255155193368,3.0464696102869278,-80.81354990815973,-0.5813924453824441
561,1,0.1848247276341033,0.9134900178168216,-17.236842686481033,-0.1286331543767241
561,2,0.4052916755058345,2.204896325815267,-58.48943307434029,-0.3566428845996359
561,3,0.2948188184963822,1.9211971760863085,-48.618561318866334,-0.2532216735357621
562,0,0.7917881774162266,5.216170180594837,-106.32174151563116,-0.7383454271918831
562,1,0.2036420397304471,0.8892046373133661,-19.02983580309328,-0.1463833523314867
562,2,0.1695978158485562,1.0519042556585414,-17.728499520732747,-0.1174072815942566
562,3,0.2841172905604801,2.3545072801740834,-47.37094273931402,-0.2429279114836616
563,0,0.8609611707856898,6.132361095458664,-111.83449714091996,-0.8045647276325176
563,1,0.2207680935726569,1.649764189961636,-26.08597774382376,-0.1716182746304194
563,2,0.1654206451435467,0.7034117946942969,-18.376463694055055,-0.1155752433588368
563,3,0.3642247219756007,2.8103401312864595,-59.97640967446621,-0.3207294634998193
564,0,1.0372254098988734,7.040052171552247,-138.22607855475707,-0.9803267982606884
564,1,0.2221706306474923,1.1289227740370418,-23.84087139430804,-0.1690841942858726
564,2,0.2936425029683375,2.591412032904428,-38.03079159719249,-0.2422343413833916
564,3,0.9647935952652864,6.452066260938894,-185.36208663301431,-0.9268104331650716
565,0,0.9778420243646816,7.952811463550018,-129.92725746010217,-0.9214699110645544
565,1,0.267421730519496,1.7950781649949932,-28.03822174429861,-0.2108136973255534
565,2,0.2753841426500348,1.1691521917205012,-32.52142002050476,-0.221234149799352
565,3,0.3825120790134443,3.154494463585208,-61.947019103074346,-0.3385083011096959
566,0,1.1641538198743766,8.110871894078805,-158.51819429585302,-1.108518841229741
566,1,0.2438814579653623,1.261193283000123,-26.34758087090227,-0.1895509415172825
566,2,0.2595777232017029,1.3764774656294134,-31.038692399265603,-0.206924615995104
566,3,0.3678285935924149,2.473324656555008,-65.1060789197608,-0.3271662257274412
567,0,0.6226470232277695,4.702613095505431,-92.6456166591991,-0.5754386127900566
567,1,0.1550926178854582,0.950858139293591,-12.664045562095778,-0.0974157350930444
567,2,0.3742370447869612,3.2269397596712768,-48.875887946670886,-0.3215518943859927
567,3,0.3425786182707137,3.5843421128083306,-59.79559499240643,-0.3019979545071031
568,0,0.5177203866251635,2.819538809914733,-66.50472759704472,-0.4650680251541589
568,1,0.2360499858207175,1.1609258548052996,-27.908226256380598,-0.1860548417092039
568,2,0.3848702820583363,3.762801916592251,-51.12958759668512,-0.3320103090693839
568,3,0.2678714242101682,1.7198833923000023,-42.70790786029331,-0.2259677664565783
569,0,0.3951670674818999,2.061975356383404,-49.45221845639336,-0.3434181837249539
569,1,0.2836722681902097,1.6772747108367196,-31.89015227668097,-0.2294255559473451
569,2,0.3735043593538319,2.5918163868833504,-47.597612670410285,-0.3194470649020824
569,3,0.467057481561136,3.5389616589509867,-77.24961229026063,-0.422129028908528
570,0,0.5771774733346877,4.139393615356097,-73.79337253910171,-0.5233572520503668
570,1,0.1137524414002689,0.4030118399032613,-9.80783310264421,-0.0641034843310079
570,2,0.3128872346213266,2.7448955897263305,-37.78549912110269,-0.2588047885007033
570,3,0.3245226484959419,2.8895255457514333,-56.89969297464415,-0.2844984648732207
571,0,1.333331853113486,7.081117313381895,-193.0009337884268,-1.278151879393555
571,1,0.0990522635031673,0.4626761701334969,-8.694559151813069,-0.053015604584226
571,2,0.40989726271518,2.802673776788045,-50.28489484007937,-0.3541189777470378
571,3,0.1988804898019319,1.2336474024989823,-32.58413698659361,-0.162920684932968
572,0,1.036842206466245,5.295176381439002,-139.21047657994075,-0.9803554688728224
572,1,0.1692701567504738,1.085487665385619,-20.255550766902164,-0.1235094558957449
572,2,0.2590225149695054,1.1475662257236885,-31.469890701847174,-0.2070387546174156
572,3,0.2372481107332393,1.9377993510879397,-40.148268997492856,-0.2007413449874643
573,0,1.250435378857958,7.706861765527513,-168.2598897051271,-1.1933325511001922
573,1,0.1134076408001656,0.5516916460106405,-10.251968598012024,-0.0652991630446625
573,2,0.1540491570343844,0.5174439630103529,-14.448289096079256,-0.0996433730764086
573,3,0.2885705531538743,2.338464785328139,-49.43835752788484,-0.248433957426557
574,0,1.328530298477018,10.262922152940476,-180.53620637348936,-1.271381735024573
574,1,0.0944114867682864,0.4428626849684641,-9.232247752752064,-0.0518665604087194
574,2,0.2109851351598753,1.124476830113777,-23.61398883684896,-0.1584831465560332
574,3,0.316019964398379,2.247368651232444,-55.40333487130775,-0.2770166743565387
575,0,1.13205256851973,5.641586155776603,-142.53971277775835,-1.071727163742544
575,1,0.0873140022400457,0.3444445287946321,-6.371695747575313,-0.0398230984223457
575,2,0.6047843824042075,3.876509330054521,-69.9264322971231,-0.5420653666443651
575,3,0.4342968641366353,2.990415251294513,-75.71442857995196,-0.3923027387562277
576,0,0.4089960632138106,2.512775810219054,-49.84552233044936,-0.3560394452174955
576,1,0.1320662028898684,0.6834339624225667,-11.743652182028947,-0.0804359738495133
576,2,0.2038793162670567,1.4402164045846693,-20.60858248034832,-0.1472041605739165
576,3,0.3009370127820346,2.956720519308411,-49.20105789526644,-0.258952936290876
577,0,0.2544038909060408,1.191339371172033,-28.539127804737884,-0.2024051617357296
577,1,0.160836542587177,0.8367633812970307,-16.443322786648928,-0.110357871051335
577,2,0.4478538772853218,2.7504727912678533,-48.80299424097086,-0.384275545204495
577,3,0.1883702311506798,1.1820610670082905,-29.93916549302264,-0.1496958274651132
578,0,0.568094674383422,4.569720130696476,-70.85110640482625,-0.5134138145277265
578,1,0.1461372790031264,0.8614462319629581,-12.544218178219262,-0.0915636363373668
578,2,0.2314315693087201,1.1999229618610694,-23.224015163586152,-0.17202974195249
578,3,0.5027066374004474,3.544262172252962,-92.6994015139326,-0.463497007569663
579,0,0.6295914049562565,6.047656050923435,-82.36844423786417,-0.5760031065584906
579,1,0.1537720163652556,0.8371255492688505,-15.84883627466061,-0.1042686597017145
579,2,0.3566653946784768,2.0684066552277103,-34.09664086929728,-0.2889545836381125
579,3,0.4825291699550457,4.659002330414622,-80.16795450488044,-0.4380762541250297
580,0,0.5352131766847865,3.04067436457916,-66.3452013232552,-0.4807623284293855
580,1,0.1225005418294555,0.648941795565929,-10.962177482047212,-0.0725972018678623
580,2,0.3380536303995858,1.440157294606199,-36.35076258826315,-0.2774867373149859
580,3,0.4534914027746016,3.920502604441513,-77.50220911199872,-0.4100645984761837
581,0,0.5149463984963524,3.9823806945626905,-61.98300044249595,-0.4591333366110811
581,1,0.1339943752816864,0.5893928182463852,-11.779503602189688,-0.0818021083485394
581,2,0.1573426956598471,0.6336044841888406,-15.02483659345421,-0.1029098396811932
581,3,0.7130073528269898,7.446390718365677,-125.5223542236657,-0.667672096934392
582,0,0.5311886953273559,2.7710407252585383,-62.63020629583201,-0.4744712598169092
582,1,0.1033517499955352,0.3678249062316762,-9.99557495606851,-0.0587974997415794
582,2,0.2118634100814147,1.35278549418825,-22.91329648653991,-0.1580227343899304
582,3,0.4212395621675026,2.297658964051339,-66.82135703090793,-0.375400882196112
583,0,0.6548817183695762,2.8515604560930154,-79.54880965906975,-0.5981113508200733
583,1,0.2416319861169045,1.3420280549240071,-29.711709218293866,-0.1929331767421679
583,2,0.2894725306233681,2.065569361531874,-29.127626975658124,-0.2275595857473291
583,3,0.3792593451662664,2.7251471294390397,-63.8759334945223,-0.3361891236553805
584,0,0.6181297333020499,3.0376876629100664,-77.13946042214263,-0.5630617549061506
584,1,0.1371683389668655,0.5261545108515532,-15.04328959455414,-0.0911714520882069
584,2,0.825454689721597,5.279261957449693,-104.8571102392733,-0.7653803667100241
584,3,0.3089854853625303,2.568584531297,-49.44637765160746,-0.2658407400624057
585,0,0.7608302447325328,5.693827147705295,-100.30568587899396,-0.7063780695703801
585,1,0.1072098725876866,0.3413488153943694,-14.158943633601812,-0.070794718168009
585,2,4.421902977045525,24.238836862204607,-872.8275594598108,-4.364137797299054
585,3,0.3223543853870458,2.467379647696363,-48.06084769755015,-0.276211768376725
586,0,0.5135566174086408,2.4807903213472957,-62.86288076065959,-0.4588531442383912
586,1,0.094231772238414,0.5325161858995152,-7.2123459518792385,-0.0459385092476384
586,2,12.27767244138138,29.42514035616989,-2442.633932564463,-12.213169662822317
586,3,0.4123305595178584,3.0434529090137343,-68.56328276355701,-0.3686197998040699
587,0,0.951713432592692,6.9389235125187865,-134.89258043275336,-0.899283869551689
587,1,0.2154016751458274,0.9811919422011888,-20.32644806572898,-0.1575693648506122
587,2,0.6012360229459673,2.1554896702741715,-74.23915601452987,-0.5418916497410939
587,3,0.3081587942865668,1.89660752864432,-49.63807460141031,-0.2654442492054027
588,0,0.5283035499659177,2.968926284095836,-65.89037214570374,-0.4740314542856383
588,1,0.1429552755590157,0.477131098160838,-12.355513012550244,-0.0888885828241024
588,2,1.8675970935092767,8.535281605135426,-215.72672985754605,-1.7977227488128835
588,3,0.3198535415963078,2.3660760152142064,-50.15796808811237,-0.2755932312533646
589,0,0.5155454963304723,3.742873001426689,-71.42131403015745,-0.4668059740533166
589,1,0.2256763192120599,0.9399098179385332,-24.759267212766275,-0.1731417287606033
589,2,8.65662608676301,34.06199152562973,-1718.533637114634,-8.59266818557317
589,3,0.3822402921883858,2.4323030613189447,-68.36771055494445,-0.3418385527747222
590,0,1.0339054258730769,5.661374099434709,-131.6309386226943,-0.9750439897977354
590,1,0.3236958366136558,1.862405683845176,-34.42926295673922,-0.2648404842826094
590,2,0.1883982174040884,0.7688372461025633,-18.49443268562081,-0.1321030906115772
590,3,0.4372613500536644,2.8580692600010407,-73.59933164828831,-0.3935793136272102
591,0,0.6291655736938379,5.089012420893128,-84.20881380992361,-0.5767726973282439
591,1,0.2270276131918004,1.213113374942426,-19.50670728229174,-0.1639219099352247
591,2,0.3035718052559468,1.8262701385971511,-37.84519988842797,-0.2506304628372713
591,3,0.3062522911235747,2.419975901652442,-49.56289466041498,-0.2636324184064627
592,0,0.6832751658643588,3.717707097308939,-82.5681040026161,-0.6255159394137583
592,1,0.2013285482401306,0.7638790568467342,-16.61232569762482,-0.1384360474802068
592,2,0.2108389951324723,0.9282585249998592,-20.74363367658473,-0.1525267182101818
592,3,0.8547051785616939,10.193287074516489,-138.1629228389321,-0.8127230755231301
593,0,1.4548252322632604,8.775969484977255,-195.73794154882677,-1.398128153920191
593,1,0.1586969799460412,0.6488361600655315,-11.75558750928728,-0.0963572746662891
593,2,0.2976292886223977,2.0036475003303336,-38.448044576727405,-0.246461824209791
593,3,0.3465413335987815,2.2928008018767847,-55.72209281533726,-0.3028374609529199
594,0,0.9134514066962472,7.2099209597331395,-122.70281177804864,-0.8580616208255148
594,1,0.1891033735566727,0.7354357078815861,-14.95398313982978,-0.1256637238641157
594,2,0.2622383465802603,0.8121063877321276,-27.01016594828765,-0.2030839544984033
594,3,0.373720919664316,2.973435767110438,-62.18957928334914,-0.3307956344858996
595,0,0.6627881072358102,4.608286868329837,-83.8646252324521,-0.6077146755974789
595,1,0.1350260642486673,0.5038594992495441,-11.447593562009589,-0.081188606822763
595,2,0.4074692347437469,3.554416204225926,-52.78383381207752,-0.3542539182018625
595,3,0.322037053568267,2.386259861089419,-54.45032073274293,-0.280671756354345
596,0,0.7270850652427383,3.743983183078909,-90.4954215129732,-0.6703364556516533
596,1,0.1931944112125318,0.9509985227762876,-17.313039768116532,-0.1342096106055545
596,2,0.3350607627007494,2.1164227270186964,-38.98215547959196,-0.2784439677113711
596,3,0.3416772813079406,2.4527386383399583,-54.48168602204017,-0.2977141312679791
597,0,0.9820355756230238,4.402518846834474,-125.72956130252412,-0.9244820684009126
597,1,0.2523235338123288,1.8019822432413253,-26.93938841167644,-0.1966378716180762
597,2,0.1890856764213587,1.256331111444661,-19.96051300395231,-0.1357858027479749
597,3,0.5421667087510734,3.72842939056726,-89.96279413516801,-0.4970320117965083
598,0,0.6058947563951352,4.97369243712593,-80.22909561838158,-0.5533041077129764
598,1,0.1678895763082292,0.5901751513582624,-12.101771947913816,-0.1034339482727676
598,2,0.3289133384632072,1.8400468212159715,-36.79801424399528,-0.270573634147024
598,3,0.4726488137956355,3.9395353963978414,-82.59193690885819,-0.4301663380669697
599,0,0.8094083080592636,4.882674703744571,-108.1129439472894,-0.756034573057968
599,1,0.2020182635570953,0.7349417061882159,-16.53394893336225,-0.1389407473391785
599,2,0.2260649693648031,0.9028923927238988,-23.84528572525263,-0.1703234694660902
599,3,0.3199107614575402,2.734694028985731,-54.01337579678356,-0.2784194628700183
600,0,0.4941642423967901,2.3144974384696204,-61.69783725173824,-0.440698837512416
600,1,0.1313751808085038,0.6138583455326936,-13.845373902525049,-0.0849409441872702
600,2,0.2983700872409776,1.3797227437728623,-33.97907565952041,-0.2427076832822886
600,3,0.2858303294246976,2.111691738590775,-49.474673091239566,-0.2473733654561978
601,0,0.7602520676299364,5.32304594521711,-103.30598879976957,-0.7075752657518464
601,1,0.1291037522495535,0.4255167039403271,-11.4619545515198,-0.0779724799423115
601,2,0.2823902004933318,1.8246360225361096,-31.065996868374405,-0.2251159193360464
601,3,0.3573533562144607,2.064755564771778,-62.323245724286586,-0.3163616534227745
602,0,0.615742674838894,2.740795136029246,-73.04518874922542,-0.55759686068111
602,1,0.2036823985481342,0.7797218771808948,-17.375613479542665,-0.1424230613077267
602,2,0.31154073845943,2.016969202929467,-39.009652197557855,-0.2583420675334957
602,3,0.2820968410723887,2.185893086200893,-47.33140677449086,-0.2414867692576064
603,0,0.7505931613342626,4.165207781575348,-98.11086370214215,-0.6958217283839869
603,1,0.1898232077284971,1.279835923791249,-18.443729149357477,-0.1346257602142881
603,2,0.2616141594623894,1.5055079813296,-29.51978865288793,-0.2064320884817337
603,3,0.2432032113446464,1.6243038130134846,-38.44721502869904,-0.2012943195219844
604,0,0.6800007056407087,3.6920147806524577,-88.82133492192595,-0.6255023586051124
604,1,0.1230060133334604,0.7980501677510199,-11.093243424561196,-0.072981864635271
604,2,0.703081881392197,3.747996206277832,-110.6266153749333,-0.654595357248126
604,3,0.5155521353657542,3.759937107532775,-88.19501610327502,-0.4716311021565509
605,0,0.8125154835466095,5.138337569554199,-102.8037680519644,-0.7559100592056206
605,1,0.1669006248544365,0.761185576611733,-15.448537020699678,-0.1119459204398527
605,2,0.4822861242969669,2.4264219296542504,-58.56958621951857,-0.4244172914457867
605,3,0.3806720619811115,3.3835345232187515,-65.31121393847026,-0.3384000722200531
606,0,0.870045806835378,4.072428040668659,-114.82878533705286,-0.8143885484897366
606,1,0.1781582374652365,0.9105631666370516,-17.375388088255455,-0.1241099149161104
606,2,0.5686337343690967,5.019012324996953,-69.81197622332398,-0.5095764687833867
606,3,1.0922888685952807,9.209067666726511,-207.70795917764,-1.0490300968567674
607,0,0.7209586096623889,3.606512938724846,-99.68534901327136,-0.6690291880085325
607,1,0.2438689450761133,2.1081853134601616,-29.578892391715414,-0.1945979762612856
607,2,0.2834304999492544,1.0781157678368931,-30.047603679814724,-0.2242358483568263
607,3,0.3499177523570818,3.429678603898173,-59.41681127622121,-0.3078591257835296
608,0,0.6700805756375475,3.8830591764113462,-82.76212270120241,-0.6130527607496475
608,1,0.1220365267635959,0.5155061006164613,-12.719729092464034,-0.0766248740509881
608,2,0.3113453908407249,1.5652737247033996,-36.89270405394143,-0.2561993337079266
608,3,0.3753454711224028,3.676628229976668,-62.10035194059655,-0.3320874435326019
609,0,0.6998155359285892,6.511032798235911,-93.08973008606648,-0.6464564589310171
609,1,0.2197093035312708,1.5345196376584032,-29.87704424429352,-0.1757473190840795
609,2,0.2493487181740476,1.155329949336266,-25.662679759645403,-0.1900939241455215
609,3,0.3494071987758749,2.433131873349016,-58.32230038938145,-0.3069594757335865
610,0,0.8837765125786781,7.463589394047837,-114.95799380011464,-0.8270359266195297
610,1,0.1847832909645173,1.2863518612005005,-16.473880365167464,-0.1267221566551343
610,2,0.2916707381533626,1.6954907334248908,-32.698263299677805,-0.2352393043142288
610,3,0.3659370588393603,2.6060031156853314,-57.76071076798648,-0.3208928375999249
611,0,1.0297900428060347,6.592443303591015,-132.2881789194944,-0.972707197937459
611,1,0.1336965779568228,0.6162924344561829,-11.187653551520276,-0.0799118110822876
611,2,0.2677609011917296,2.4316481268822643,-27.612426882629588,-0.2076122322002224
611,3,0.314491439563096,2.758079890598905,-49.83966383866185,-0.270867738253597
612,0,0.5007668739065353,3.6198586158971313,-65.01975618108779,-0.4484121115937088
612,1,0.1462855695220054,0.676172386376549,-13.534539914787564,-0.093989860519358
612,2,0.319645934981675,2.3018794077664246,-35.8644954158104,-0.2617846380716088
612,3,0.7374223045529799,4.900497898099944,-131.6025706305551,-0.692645108581869
613,0,0.6755608609521825,3.5715894780334554,-83.56932595358828,-0.6190320441006539
613,1,0.1937320019856314,1.7289129958413574,-18.832267557913628,-0.1384725555728943
613,2,0.6599019664609502,3.132968284592813,-94.77735209736306,-0.6075471288292504
613,3,0.353017856786077,2.230553006304802,-56.16169766498604,-0.3085807564010222
614,0,0.8917136595949661,6.79891833295661,-127.64630480609976,-0.8397783210927616
614,1,0.2369271053593951,1.788438792520231,-23.36960419160368,-0.1797661860892591
614,2,0.5488270396042937,5.76901471408622,-71.37297783614231,-0.4922274333527056
614,3,0.3785106160549121,2.1879598782250698,-62.26698912513527,-0.3347687587372864
615,0,0.9503571399712007,5.117814463011235,-127.9561287134693,-0.8947981028913937
615,1,0.1365236448019489,0.5821171062260063,-14.00159115594322,-0.0886176655439444
615,2,0.3945672514867852,1.3786434866790505,-48.06624922583039,-0.3384947128579605
615,3,0.3777537567045601,2.796714963553838,-61.76998492093034,-0.3338918103834072
616,0,0.5437804409145156,3.805618400608008,-66.39279800835486,-0.4881823382967269
616,1,0.0982347500939208,0.437386057648946,-7.598543969358196,-0.049341194606222
616,2,0.4870599311770018,1.928255062003807,-64.527944855462,-0.4330734554057852
616,3,0.3090432944436039,1.751122545973245,-46.06190311190672,-0.2632108749251812
617,0,0.5022117464262508,3.346809415511785,-64.33158306295958,-0.4498712102304866
617,1,0.1309085085154022,0.469478125224461,-10.394142124288518,-0.0758696505422519
617,2,0.364453365660806,2.016171032137556,-44.4535078753744,-0.3087049158012111
617,3,0.3604045457117583,2.364052822511437,-54.64172478820653,-0.3140329010816467
618,0,0.5816094491833321,5.203296652706437,-80.18286452786417,-0.5310123478666501
618,1,0.1183686954738468,0.5775781310128904,-10.580095713651136,-0.0691509523768048
618,2,0.3282223970847316,1.6751303508923463,-36.944288532856696,-0.2696663396558882
618,3,0.3483820883709289,2.761013507606609,-58.19670860181625,-0.3062984663253487
619,0,0.7743321930905062,4.929323733604047,-99.09502010482367,-0.7180798558320557
619,1,0.1343125541593817,0.3947695955671269,-12.210678360604858,-0.0830658391877881
619,2,0.4585899449528832,3.144943216974727,-50.72218148119393,-0.3962670428218275
619,3,0.4523482414558195,3.2344001937783333,-74.57596639710341,-0.4075189420606744
620,0,0.6239403843593634,4.942234179742952,-77.83401810577544,-0.5681315190202587
620,1,0.2491086883509446,2.6566621483290622,-30.410689523553813,-0.1987626766245347
620,2,2.125085912451645,10.888517848868911,-414.820962397225,-2.074104811986125
620,3,0.270280174986346,1.6485588568734908,-39.79304469154029,-0.2248194615341259
621,0,0.6162452633010099,4.251367630562827,-79.29312377542593,-0.5623625799675598
621,1,0.1486163634812882,0.5597592420144083,-10.409857242915203,-0.0860318780406215
621,2,0.3026987247042372,1.250934928664506,-30.785416364861536,-0.2405110653504807
621,3,0.3647381078093979,2.284618374726464,-58.25615257930537,-0.3200887504357438
622,0,1.07250470273804,5.419440664926999,-145.46853148489024,-1.0172624579362954
622,1,0.1002892787785942,0.3511511630560904,-7.236801524685991,-0.0488973075992296
622,2,0.3167775842631303,1.7082081103447648,-35.00530310118375,-0.2573919345675275
622,3,0.3059048413269287,1.99450768901714,-44.55481914720564,-0.2590396462046839
623,0,1.114631397017459,6.667645150592401,-141.46259242469944,-1.0556909882440255
623,1,0.1999644954285419,0.9798099351467376,-24.784526032952016,-0.1529909014379754
623,2,0.3689848231469287,1.3087390486302688,-39.36167769229933,-0.3075131069710884
623,3,0.5069650240243311,4.46179001393397,-82.52447199422247,-0.4610305698001255
624,0,0.8392338429531878,6.62510814010853,-103.85377312517822,-0.7808554370314152
624,1,0.1533858347108051,0.7962040269891231,-15.554504520594651,-0.1030099637125473
624,2,0.4899099190306253,2.868222887180111,-64.48445481978683,-0.4357057758093705
624,3,0.3650695567433514,2.754033693549669,-55.08184026388122,-0.3183921402536486
625,0,0.6545541403665713,3.576251149119821,-84.70362726187177,-0.600734945119658
625,1,0.1772994058930189,0.9655780865063426,-18.064591954556903,-0.1254485552399785
625,2,0.3364345949219887,1.9949066278138656,-41.23656226999215,-0.2824422073287133
625,3,0.5107034672697875,4.203962403209975,-85.72163919429185,-0.4658784738820209
626,0,0.9211597077587816,5.205230358612546,-120.26910525469088,-0.8652453615445387
626,1,0.2835756130999032,2.135559823452547,-33.12223847858894,-0.2316240453048177
626,2,0.4699289902380394,2.2499634768917414,-59.71880918178712,-0.4147139526512994
626,3,0.3587668220915641,3.1537264130603138,-55.80655945360687,-0.3135199969303757
627,0,0.7938277744555825,4.149103986848625,-95.4785618831222,-0.7344504760240169
627,1,0.2353295807409342,1.1160856988691068,-26.106310361364063,-0.1825616109186298
627,2,0.2881881402343317,1.4615222388020626,-32.16141001774643,-0.2313770504873843
627,3,0.3713181382532922,2.284204758283974,-60.23104614629216,-0.3273426420994139
628,0,0.6715187172596623,3.904218895190738,-83.07526134349273,-0.6153723062480942
628,1,0.2174740539328228,1.5888267197482298,-23.116188468968435,-0.1639445990706981
628,2,0.3660670554621079,2.568063469088385,-44.35560269817521,-0.3101790398473791
628,3,0.5530518024225781,5.210590638985992,-90.70229938020329,-0.5067167563139848
629,0,0.8475682778960558,7.56175352776375,-103.2840939822395,-0.788428198337706
629,1,0.1664403369301969,1.3155535338201076,-17.776752451762977,-0.1169523187615985
629,2,0.3403632103582075,2.085135214551842,-37.65733236369121,-0.2810248683857553
629,3,0.45248153010666,3.654321080084011,-68.31463633250121,-0.4042286173520781
630,0,0.8185570912714036,5.267498815126429,-102.7624600082524,-0.7612034074685363
630,1,0.1771583880441647,0.7608288582015047,-16.375795193042197,-0.1213021866151273
630,2,0.2893747497011913,1.743537093290818,-33.99459856367472,-0.2344455073356877
630,3,0.409764616505441,3.512569112142148,-63.567947450618846,-0.3632454140035362
631,0,1.0672092242544782,6.518523130416518,-144.59135135717486,-1.0111283311690549
631,1,0.1253989790490317,0.8497645397628836,-10.622521426563196,-0.0732587684590565
631,2,0.419247980134572,2.696034219765602,-53.18566466551381,-0.3642853744213274
631,3,0.2568475745756721,2.1854011355905985,-42.86556541508663,-0.2164927546216496
632,0,1.264827319052198,6.348771032154925,-162.61447461907846,-1.2045516638450258
632,1,0.1414572805038577,0.6296066227959598,-11.39864663855196,-0.0850645271533728
632,2,0.4049565298509689,3.13644985283694,-51.15122662258701,-0.3503508672779932
632,3,0.3022193845044342,2.363345767928337,-47.028055608031046,-0.2583959099342365
633,0,0.8765839063309588,3.8615295028436023,-113.10343419938891,-0.8195901028941227
633,1,0.1194287902101549,0.3770850154471049,-10.363262576566196,-0.0690884171771079
633,2,0.2413857992246921,1.0046138151573587,-26.3048245551981,-0.1852452433464655
633,3,0.2960241251356377,2.444797416703913,-47.593709526176085,-0.2531580293945536
634,0,0.6249685648657312,4.0273133218354245,-78.53817353786829,-0.5691171995497702
634,1,0.1037602685880599,0.3792563006164458,-8.38851974837141,-0.0544709074569572
634,2,0.4480514660770371,2.6937626521330715,-49.45245901388289,-0.38634733604596
634,3,0.3318904884625554,2.5404188589318686,-51.6868711004954,-0.287149283891641
635,0,0.6727659123855217,4.399384796761087,-77.20027310701441,-0.6127005802144001
635,1,0.1501847297248326,1.08156772646302,-12.91702477279133,-0.094978123329348
635,2,0.4601900214913584,2.5233364402890825,-55.45588140524885,-0.4018542130815134
635,3,0.4897019345562227,3.9590774273197527,-80.90294528948687,-0.444521677414763
636,0,0.5619852514084356,3.8506644029778654,-69.45429937153824,-0.5069656888433448
636,1,0.1437517232575781,0.562866011891821,-12.915623122696775,-0.0909550924133575
636,2,0.2452392268591786,1.1611442270957868,-25.915685192928624,-0.1877948202386132
636,3,0.4359280528958391,2.5952447823773297,-76.43326449683808,-0.3939858994682375
637,0,0.7347361084458164,2.828830138892921,-95.91840891407442,-0.6802724036459179
637,1,0.1621538348177069,0.9090113214520484,-15.04127116141064,-0.1082105838950405
637,2,0.3841014095876922,3.4431275054143105,-44.339045666569625,-0.3260223946071296
637,3,0.3140628564281743,3.6688832668946496,-50.71505253920024,-0.2712034895144398
638,0,0.8168881037526333,4.359206050957648,-104.1559739438781,-0.7602625835319569
638,1,0.1877390609963775,0.99283615566593,-22.152940290620087,-0.1402084828520258
638,2,0.4054218775888836,2.366372890416822,-47.600431334805485,-0.3474484039036897
638,3,0.3240310760581482,2.3888073857230165,-49.29490787859113,-0.2785023043988199
639,0,0.5469396198969613,3.12365256390119,-66.91372462908078,-0.4920126810961822
639,1,0.1604579850546917,0.6496458824187195,-18.479462150412125,-0.1140707540148896
639,2,0.6807500899909708,4.996717566995059,-91.85674037279033,-0.6248757848489138
639,3,0.299014489179686,2.2345196630431,-42.23706533871118,-0.2514111032066142
640,0,0.4706049856218667,3.0040508436077573,-55.06585304805509,-0.4140289702861285
640,1,0.1048282260246039,0.3331593932488059,-7.496100722310393,-0.0520562550160444
640,2,0.308246448490224,2.1523479828721723,-36.146482187845706,-0.2527726027122077
640,3,0.3507398783664472,2.8422536391837108,-55.02818896728436,-0.3057121609293575
641,0,0.6363269250302865,3.479065351842921,-78.22160344696252,-0.579419284792315
641,1,0.1211183187949273,0.5748460010247085,-10.299369417813658,-0.0700637375361473
641,2,0.3034925282805657,2.21654922334117,-37.01926102866748,-0.2501301420855911
641,3,0.389844799745465,2.5355237382246907,-63.25874536977809,-0.3456762042064376
642,0,0.4766389379374718,2.703625913772379,-54.03084726696234,-0.4188437772632739
642,1,0.1911817133019365,1.013125433577382,-21.590948520038893,-0.1420457139476243
642,2,0.2113415792471112,1.2754178808384211,-24.52201334237376,-0.1602745970089788
642,3,0.5063437797149998,3.8611960782483705,-81.92845633348598,-0.4602722265926179
643,0,1.0815821011167002,5.336188100081284,-148.84172049763487,-1.0264946241216195
643,1,0.1115883860499241,0.2931048557778862,-8.686884070123387,-0.0594992059597492
643,2,0.2833194955564546,1.5893354079341493,-33.11313487178231,-0.2283664473916021
643,3,0.3719327543192746,2.467278026833689,-60.73282403615245,-0.3282855353305537
644,0,0.9289482327173756,5.287021838470238,-121.32614156968364,-0.872849939350242
644,1,0.1754647926185588,1.1700456855772876,-18.296970161295626,-0.1244691847707185
644,2,0.1799840051775409,0.9019958014359324,-20.54201499011993,-0.1300127531020248
644,3,0.4611033413558824,2.5426181270009525,-73.90898631807563,-0.4152190242588519
645,0,0.5964253633570018,4.476378796202141,-71.69840094712244,-0.5390857214069357
645,1,0.0873782463037606,0.3533612497564103,-6.509161250039291,-0.0404295729816105
645,2,0.3076390202859386,1.60578700940701,-33.66147791365435,-0.2493442808418841
645,3,0.3649991210828316,3.251535922886231,-60.57315462216114,-0.3221976309689422
646,0,1.3244435643964112,9.82362688862976,-170.63411495255716,-1.263956407055979
646,1,0.1810483979791167,1.261174173537254,-20.68889737077105,-0.1326211369921221
646,2,0.4054368972212457,4.321560646462043,-51.0968658943066,-0.3499785335226479
646,3,0.5992918136613773,4.995466100459888,-99.5458306345212,-0.5530323924140067
647,0,0.6224923401649298,4.6030124646385415,-85.66611224032084,-0.5711074149354722
647,1,0.1895432176774142,0.8396369583991701,-19.231931841065485,-0.1363966797238686
647,2,0.3585668209278633,2.415495318002192,-44.450481500023365,-0.304455352739886
647,3,0.4921799118722385,3.944639571746493,-76.4275704625767,-0.4443463398987017
648,0,1.0873700880692363,6.532077311257317,-142.00585144536467,-1.0290279090243817
648,1,0.1468588575868288,0.8057750448160192,-14.605801044588024,-0.0967271592356822
648,2,0.2704398798350927,1.282813540189384,-29.73365501878733,-0.2139111871855203
648,3,0.3693735523568414,2.671026044708398,-61.34709004055935,-0.3263143087263795
649,0,0.5370186391977321,3.385916305894318,-64.86600626436197,-0.4804889352915701
649,1,0.159086249466623,1.0202601918088317,-16.163115103828872,-0.1084772825760327
649,2,0.3931181804062504,2.102587310095775,-46.77301222644647,-0.3364964908377443
649,3,0.2984005588829231,2.9555838588867496,-48.118899312963606,-0.2559515920902319
650,0,0.4416766152381379,2.418954397015628,-52.1938337866488,-0.3866209910122133
650,1,0.1280047164731886,0.4356801030893131,-10.033833706508462,-0.0732396620913026
650,2,0.3089347767809557,2.3734050695184323,-36.36458288609003,-0.2542977824202099
650,3,0.4387283898310122,4.000878585922998,-74.6915523572476,-0.3951933987155958
651,0,0.5845059711707188,4.988477743440944,-74.84132143158223,-0.5307895136991647
651,1,0.1150706304639366,0.5300976266512185,-8.464236028467846,-0.0608937843774665
651,2,0.4957670161315732,3.769750101048592,-64.73327043728229,-0.4403623839270904
651,3,0.2212762474574125,1.5880144400656262,-32.121047243120536,-0.1774643494095057
652,0,0.6030590971212519,3.3805753415297866,-81.65017524781092,-0.5516903732960198
652,1,0.0916379152476708,0.3135710948723893,-6.9875962876732745,-0.0439471464633539
652,2,0.3427846052691722,1.4837061773714968,-36.61173761324928,-0.2816287508711482
652,3,0.301874316969132,2.3382604342894857,-45.73359316726551,-0.2569302986925029
653,0,0.7672109997729955,5.102656656239318,-99.65669914221776,-0.7118335653015554
653,1,0.4341663963323229,3.869434162395856,-57.90063901438593,-0.383447940492622
653,2,0.4058058622527577,2.844905573252292,-46.02504420493534,-0.3460529639468823
653,3,0.2043244277811584,1.8169456771457824,-27.83564744714285,-0.159060842555102
654,0,0.6504225287200571,4.445650736903565,-82.1186084285197,-0.5950623799168094
654,1,0.2441448657552864,1.8660959159449284,-26.918834832732905,-0.1909137222179638
654,2,0.4120465383085023,2.283590529572857,-46.40661077994467,-0.351565233181399
654,3,0.470250171445663,3.315582959086496,-79.26404019320806,-0.426150753726925
655,0,0.4821688853548674,2.8490593605912977,-60.9995714384367,-0.4295744467495542
655,1,0.1687903233469173,0.7881969937962344,-16.158243914426293,-0.1154160279601878
655,2,0.3397064008992498,2.9251967185758487,-42.662822891099886,-0.2863276704100663
655,3,0.2736141339525222,2.643457642895699,-41.52289881080127,-0.2294082807226589
656,0,0.7162437679665121,5.183093696021242,-93.27884938197452,-0.661552123276415
656,1,0.1588913540089902,1.2654473627935658,-18.23757240244174,-0.1125776074224798
656,2,0.2089901965399482,2.1873664121092915,-22.244643567042843,-0.153411334945123
656,3,0.4206108246136981,2.6281997420329124,-65.5452504618462,-0.3745442883534068
657,0,1.0810625123085733,8.36806504703189,-135.88342782143016,-1.0216799084318058
657,1,0.1649438337191858,1.1165221675966457,-18.61212042785905,-0.1177982305560699
657,2,0.2956767947382546,2.470512762376334,-33.51244555895108,-0.2393746111353648
657,3,0.4514070811574681,3.8967165281328295,-74.93065458724755,-0.407231818408954
658,0,1.007993421163778,7.96257156839389,-139.12765470607832,-0.9529291418224544
658,1,0.2044040010628836,1.501591533438961,-25.36618865944444,-0.1575539668288474
658,2,0.2777999455688988,1.3904202315537026,-27.24600944379036,-0.2145355074314201
658,3,0.3596144618856468,2.091120673929724,-59.52754557320972,-0.3166358807085623
659,0,0.8716172670891011,5.676582929256537,-115.94941694640222,-0.816545189763396
659,1,0.2018924728104534,0.92752661964615,-20.75907753555422,-0.1482791252539587
659,2,0.3173881637595354,2.011059212858102,-34.32576785946146,-0.2580884801463267
659,3,0.3167987844140105,2.391317994779302,-46.83691897126719,-0.2707336356720646
660,0,0.9026610133764262,6.934535763259857,-120.35059908741836,-0.8475394301930871
660,1,0.269047276151185,2.714429961136921,-33.09376241087637,-0.2191639894760024
660,2,0.2788924706825246,1.2146623944675217,-33.391955504995785,-0.2256213209797012
660,3,0.1989808674856014,0.9385203166557844,-26.10160012421048,-0.1526409363988917
661,0,0.5572344224716924,3.1805104593492763,-65.58291292259894,-0.5006329230732743
661,1,0.1448982844989556,0.5619003140117269,-12.839675369009218,-0.0910615274397816
661,2,0.662624655457777,4.1033995700560775,-85.93103527017412,-0.6051481357054516
661,3,0.5106905026697972,3.922082735550619,-86.66757546961779,-0.465954706825902
662,0,1.0081174517109768,5.725338972580055,-136.14882804890902,-0.9520897066357276
662,1,0.2902663887776479,1.1973947464794303,-31.0663264816209,-0.2335814021174503
662,2,0.5008736274803711,4.076411177089804,-61.23944844932883,-0.443764119198035
662,3,0.3586215476638351,2.4621314682796878,-55.046035110113245,-0.3127615631256434
663,0,0.4207440800253297,2.3088679980722997,-52.31304594461092,-0.3684017320043022
663,1,0.1299101116644892,0.5805500835588757,-13.533156741934116,-0.0835380045798402
663,2,0.2945831040677395,2.225204204513376,-35.39138927285509,-0.2407577501554768
663,3,0.3009953332128989,2.2084133564445176,-44.03242656490638,-0.2545226969069733
664,0,0.4875816197471392,3.198483215926955,-59.79821898938652,-0.4333204274593226
664,1,0.1942652163369411,0.7344673390780687,-17.714126496388577,-0.1362625115106813
664,2,0.3553297168685183,2.147692006299913,-43.52596320814399,-0.3001790566078895
664,3,0.4935379023074491,3.165566743615186,-79.6398859456008,-0.4474150895820269
665,0,0.807008927239568,5.878711067901191,-102.82648720071512,-0.7505583007351468
665,1,0.2159704384644247,0.97243408235008,-18.816914649050936,-0.1542370053200896
665,2,0.3213622527747803,1.777385935554554,-42.84062300236624,-0.2711431835592799
665,3,0.5619679361768101,3.503482637004714,-90.63018180176856,-0.514944214782776
666,0,0.6626778888759699,3.2284091304378704,-79.95036712410892,-0.6056845994250676
666,1,0.2163937582814886,1.4177719981616723,-19.05629866145881,-0.1549292574102342
666,2,0.1714534421215628,0.5539305400823837,-13.85926757310872,-0.1091280911268403
666,3,0.3300675940267936,1.7905188235486331,-49.35821824298816,-0.2836679209367135
667,0,1.182669178836686,5.066441061482906,-145.94120185362536,-1.122624629643272
667,1,0.1297432062958479,0.4431111084426318,-11.268812500601902,-0.0777159482800131
667,2,0.3642512882265349,2.070394429885269,-40.91558975368844,-0.305340222042451
667,3,0.490902877502473,3.263423930132152,-74.77916800276505,-0.4424802840400298
668,0,0.5919012140550555,4.445217248316622,-78.74956609299615,-0.5393805896780558
668,1,0.2667379259233366,1.5138529407671195,-23.674051815351145,-0.2023423232081294
668,2,0.2871276294147276,2.447177920448095,-34.0012717111184,-0.2328854226788931
668,3,0.284875772807895,1.2814977546346915,-42.434366075131926,-0.2397421812154346
669,0,0.7510115021518328,5.884521409995429,-98.22642583549668,-0.6966413179822459
669,1,0.2595255047289285,2.1499134113643383,-30.832652362984263,-0.2083287321823261
669,2,0.2017575894592374,1.2552223126391646,-21.31417960903526,-0.1469943421312776
669,3,0.4858988757527242,4.097075386464498,-84.00614066330631,-0.4421375824384542
670,0,1.2447475124931575,7.446775131648934,-163.83393636867353,-1.187202437454156
670,1,0.1430607647755544,0.4459202696891331,-10.744426326113617,-0.0839408306727626
670,2,0.3492785017125642,2.190275247840624,-45.46471336046096,-0.2971549892840585
670,3,0.2825331070243427,1.558430733243234,-38.88675179419819,-0.2342575409289047
671,0,0.9676474480135082,4.656748984187879,-118.92434321685224,-0.9078194138691013
671,1,0.2312310786887051,1.621405224187971,-29.65972860446692,-0.1842219167979311
671,2,0.2679809193536172,1.358672637445514,-28.79598859207243,-0.2101896977523535
671,3,0.7635139537040871,5.335289183559727,-130.41765105980008,-0.7165805003285719
672,0,1.078234759517225,4.915244213354634,-137.7134540655141,-1.0200996597445489
672,1,0.2274841918671495,1.5556820816312862,-21.37038924533802,-0.1682707814593545
672,2,0.2316354626386151,1.4678345322912545,-22.238567384800035,-0.1710659029600002
672,3,0.5824301189061477,3.3773869301764003,-86.08851355537722,-0.5314105775023286
673,0,0.7270837525533376,3.498540882625684,-89.05223176834708,-0.6695656523935871
673,1,0.1528974602216124,0.7014958113353744,-13.171260442677596,-0.0975648921679822
673,2,0.5071778751364396,4.228393550710473,-65.43444964075515,-0.4512720664879665
673,3,2.979917530577912,14.48554885439726,-579.6428117142549,-2.9274889480517925
674,0,0.5403703130994897,2.939444884611172,-66.4884685882585,-0.4853172889653905
674,1,0.1440829515044084,0.5357241436550515,-11.962644916103564,-0.0886121845637301
674,2,0.3569947919913198,2.4654671302973736,-47.02012117908056,-0.3053254622018218
674,3,0.7355636595641935,4.526866698869645,-115.1540045235852,-0.6854405031165784
675,0,0.6387511236037083,5.504935658575174,-81.7911969593955,-0.5842228354242536
675,1,0.2783381271602188,1.6234243341471737,-33.42049545821772,-0.2273503092395763
675,2,0.2662828917651395,1.652101883661833,-28.27971481027366,-0.2079390794873063
675,3,0.6137492142930348,3.2531181143363845,-89.33472255355083,-0.5618536009657286
676,0,1.0018321241088637,6.025765116815919,-128.3569043542266,-0.9438007673104896
676,1,0.2744090964683409,2.121154621162963,-28.87451238572962,-0.2171015968851851
676,2,0.2419820137342942,1.445699320363529,-29.14639232266479,-0.1904992962265672
676,3,0.824637498150035,6.772325898109953,-126.73457664621998,-0.7727718088184145
677,0,0.6258119562626672,3.603157544426436,-80.66895412090261,-0.5721202419922171
677,1,0.1568334705034001,0.7763957030148295,-11.876795283697836,-0.0957806071265954
677,2,0.5406720029101748,4.217486043690737,-72.4501381825855,-0.4862425381381577
677,3,1.5891830367347246,10.424677030546995,-283.22846788373465,-1.539285151542036
678,0,0.4333381326361995,2.1965805870313004,-50.2090183134824,-0.3775114158908451
678,1,0.2496344353968758,2.227696665369276,-27.412343199795345,-0.1958024514271096
678,2,0.2097703420177277,0.847790825156888,-18.071158417620527,-0.1457351485291978
678,3,0.743246387576333,4.520635010559502,-120.1694366475516,-0.6946210210841133
679,0,0.5266415673447312,3.3770579267836647,-62.50127168430839,-0.4699343735662284
679,1,0.1869992228626857,1.174755988272412,-19.90737492908685,-0.1354243192454887
679,2,0.4195631527332844,1.9164886528705416,-47.48373667837419,-0.3597252778664712
679,3,0.8538561096409889,4.149979452840254,-139.27908545793716,-0.8050814188320067
680,0,0.8986226291925256,4.948911299070124,-114.39218478185175,-0.8411190057489101
680,1,0.3651371417911526,3.498210416185235,-39.82080369256622,-0.3063138745582017
680,2,0.4335964297678203,3.002852299846633,-50.58558977427517,-0.3747080724020382
680,3,0.4523273562086745,4.255303306496448,-74.46477916296163,-0.4069113615462384
681,0,0.8123997957352469,6.2961652878977,-102.79996885452508,-0.7558821239303315
681,1,0.2101128048777949,1.6056540137824642,-22.67277305819543,-0.1574498129041349
681,2,0.2447250537464207,1.4648171482963046,-25.203329519409763,-0.1866913297734056
681,3,0.2968300603221117,2.466877364307997,-45.72634745616961,-0.2526317539014895
682,0,0.7189008683956556,4.176742606648045,-87.25812080397156,-0.6610463697270573
682,1,0.3626051473538897,2.5920837282095586,-41.67859112057454,-0.306460228827754
682,2,0.4950054741378669,3.039346399141721,-65.61303120039167,-0.4403559140965884
682,3,0.3309563893285263,2.5960156771857563,-48.55749556894772,-0.2839619623915071
683,0,1.0288458970443422,7.074302313121432,-132.98691820196757,-0.9707074321311502
683,1,0.2167656218310222,0.9314455800508276,-22.625622189617157,-0.1627742603569579
683,2,0.4473592337525019,2.5453868142544303,-55.182408388949646,-0.391364598503189
683,3,0.388664073546174,2.8969673855436358,-58.71453504533118,-0.3413635758449487
684,0,1.0219273786097551,4.976071282430176,-138.12241517031808,-0.9658910151770496
684,1,0.2088087386551404,1.4357063281724614,-20.66312668886413,-0.1530601976952898
684,2,0.4563398170631643,2.686636379235939,-59.10836549174517,-0.4020977244336406
684,3,0.4054856383596457,3.7857989501710647,-62.37967903319157,-0.3585039024896067
685,0,0.8111527961977084,4.825699416382035,-104.95649191337104,-0.7550826756357629
685,1,0.2756965835165533,1.5203490617879298,-25.3404800328418,-0.2129452103600151
685,2,0.2684457964838439,1.3395213540177804,-29.443351077628208,-0.2118226696232245
685,3,0.4850815500571778,2.6857100351647425,-78.64248301638555,-0.4393434805384668
686,0,0.9508474254302725,7.958638479102729,-129.94440383940773,-0.896168302340743
686,1,0.1923626964740724,0.9228224232010852,-16.567050320925986,-0.1325364025674079
686,2,0.1978683672619999,0.7448623072509785,-19.44216790271619,-0.1408852746573637
686,3,0.5442316920564572,3.9204421036052928,-88.64486130823677,-0.4980048388103189
687,0,0.6186967877837686,4.16149538517189,-78.31707902679865,-0.5634322232143788
687,1,0.2062299582103711,1.1677766363843274,-20.77388553955357,-0.1516342010186392
687,2,0.2165344881417253,1.3288379221571014,-22.33516083083504,-0.1595368630773931
687,3,0.6697252046817027,4.487545866809876,-110.35980905281352,-0.6235017460610934
688,0,0.7737403904751567,4.850571847217261,-95.89599785047577,-0.7156417750035504
688,1,0.1973984226268251,1.0684957250335734,-18.13713394386869,-0.1395164149528361
688,2,0.4248578668617357,2.6238222532852995,-48.99170083713459,-0.3656097077398103
688,3,0.534739953015395,3.3824299939910625,-92.244995057387,-0.4906648673265265
689,0,0.7873556927060827,4.4493315922628165,-99.31840813911444,-0.7302824127876062
689,1,0.240597966420324,1.1200598425085888,-22.929193399311966,-0.1805448299158422
689,2,0.2878792984964836,0.9985023149491072,-28.694717191155384,-0.2259426550484675
689,3,0.8494481006771083,7.7812125841834705,-146.87026468671056,-0.8025697523863965
690,0,1.0642503608136125,8.594167752431796,-137.80837323059268,-1.0059005345298735
690,1,0.3032764044895675,2.157483883037288,-32.19998168889101,-0.2458013869380993
690,2,0.4036747227947008,1.958696860516496,-45.329638302714,-0.3434063507781363
690,3,0.4840418260685199,2.914546698307773,-76.47544222751745,-0.4370025270143854
691,0,0.9277178658909594,5.31171944455409,-114.73537436614812,-0.869207381561728
691,1,0.1881276041166497,0.7360783523295059,-16.385780594202036,-0.1290218944425357
691,2,0.3882687915006818,2.879259579031398,-41.692797543660646,-0.3257249808098488
691,3,0.3668096020749215,3.462554406233447,-52.46970926727801,-0.3179982379835031
692,0,2.201924878350072,12.520123631873153,-332.37412102420154,-2.1443491678980746
692,1,0.1516135790948027,0.5815255546343912,-12.957550900001056,-0.0952761095588313
692,2,0.3048589251183097,1.353424137378627,-36.91487977020551,-0.2511216310898334
692,3,0.5170396309956721,3.2378847439940093,-81.63956913224968,-0.4691929260474119
693,0,0.872564361102309,6.01058269303145,-109.21407497662597,-0.8150304102733281
693,1,0.1984227385750542,0.8764201652929868,-16.438141661089734,-0.1358524104222292
693,2,0.1560536660938182,0.9987184464385496,-16.13079279540872,-0.1047454077623942
693,3,0.5341964500854967,3.611123136149817,-81.99004248511231,-0.4851481803852799
694,0,0.7135891050856736,4.31678273255535,-89.44740279374241,-0.657701491130459
694,1,0.1696558217017363,1.6156374204050217,-13.25790472328478,-0.107787843278738
694,2,0.2185304444530967,1.7057103407320735,-26.616447501025952,-0.168458528487506
694,3,0.436825086468153,2.322538235814668,-67.88049162040441,-0.3901177679333587
695,0,0.7091052503029507,2.572279025348748,-87.38520527487513,-0.652128397573695
695,1,0.2305314277212147,1.664654780938045,-23.708470088121828,-0.1743269859420722
695,2,0.2560975326476701,1.2337079316845132,-26.85123842159244,-0.1974355766293561
695,3,0.6574502279430631,3.338652232721823,-106.01332567412317,-0.6092719866328917
696,0,1.3100116059699825,7.548887286430182,-164.9160565638177,-1.249364064877407
696,1,0.2719014223871001,1.735648765366069,-29.925218302493164,-0.2168494079890809
696,2,0.1972512555083554,1.3159144660682984,-20.77384583477674,-0.1432679023088051
696,3,0.530404503883109,3.8391283935132106,-88.80937593644828,-0.4852971362647447
697,0,0.7778691091321126,4.617930935575865,-88.86692098419081,-0.7166687176144421
697,1,0.2166031085510173,2.0147361935512373,-23.880448251035997,-0.1646927465588689
697,2,0.3447676597759572,1.6833813160371704,-35.82747425451622,-0.2821060964922537
697,3,0.4063264997404942,2.770935564118616,-60.18603936468421,-0.3582502343135965
698,0,1.4281915965529193,8.944036064659304,-193.17394294407612,-1.370027964142384
698,1,0.3137646995308436,1.676222573010607,-37.33545951314526,-0.2610871294625542
698,2,0.3854663273303558,3.228363879610535,-46.746333361427965,-0.3291995307142814
698,3,0.5333606332107405,4.541318062481133,-86.64784499223705,-0.4867856460238037
699,0,0.6934909190531044,3.2422670319519358,-83.16977460331182,-0.6348837755978002
699,1,0.2445001007032036,1.2106353754976638,-25.981001151853896,-0.189642344174116
699,2,0.588692798710601,3.5129119736879217,-69.02748624301746,-0.5269273759008967
699,3,0.4386205157336844,3.0946410726016667,-64.6947017403769,-0.3897271189179331
700,0,0.6181095642198413,3.551388230190013,-74.03636276127517,-0.5608815360702665
700,1,0.391021078920036,3.937405224652606,-41.25933711491259,-0.3300746969193007
700,2,0.4546438358588925,2.720030918223015,-56.48801252464956,-0.3978029051031659
700,3,0.329122597808749,2.480198543494184,-52.14293471873337,-0.2849340695012752
701,0,1.1150336838813844,6.319323160985681,-135.78733506877884,-1.0526150005331694
701,1,0.3357795667444396,1.6432197833350204,-37.14389083546247,-0.2792773747027253
701,2,0.2971592459918402,1.2726762366885802,-30.18455849592149,-0.2358168632493866
701,3,0.4322740152033895,2.643592458363102,-73.53187541567742,-0.3890575418818911
702,0,0.9418943806772594,7.007204534192124,-115.58968408392398,-0.8823640006406411
702,1,0.1794800569299632,0.7094420731953375,-14.472485588990985,-0.1186269310573031
702,2,0.5318651563737532,3.137515856948489,-62.7047585101226,-0.4714643497001698
702,3,0.3894104123981894,2.206416982127581,-60.3627781967775,-0.3429703306635085
703,0,0.7850649159387678,4.325130427022662,-94.2906877601194,-0.7253129827701493
703,1,0.1750813267638836,0.8260974840367462,-12.73338358813758,-0.1097705481735998
703,2,0.5779020364627705,4.3595518021578,-71.71668109549528,-0.5196860948948933
703,3,0.4161133186857181,4.367286183934117,-63.90391355404181,-0.3693867835493746
704,0,0.8437967580685556,4.327712302114232,-107.02660444876814,-0.7869603268291775
704,1,0.1400084392675817,0.6677512923898589,-11.440242824779206,-0.0841194325351412
704,2,0.3457662170682904,1.3161177741875056,-34.25520044035421,-0.2807803314783131
704,3,0.4887216579542608,4.604671581747207,-85.60512213696519,-0.445860011130027
705,0,1.1502597415699995,6.139011716617322,-142.6927482104657,-1.0892576199272193
705,1,0.1815906655927275,1.3852875784477428,-22.597159711501053,-0.1361274681415726
705,2,0.4759281031324068,1.969058426365,-50.9365734358202,-0.410778818030808
705,3,0.453643206418464,2.947112052175841,-70.7681895687036,-0.406713733153469
706,0,0.979255333064764,4.860887234078668,-124.2469102696471,-0.9203474834788674
706,1,0.1250055446229397,0.5817231552892511,-10.448962076885024,-0.0725622366450348
706,2,0.3174953624592695,2.093048150368014,-30.6959847684455,-0.2516064325282418
706,3,0.9151668976148168,9.938420692953844,-124.27470205106978,-0.8690538604969915
707,0,1.1857696761915408,7.129115863643036,-150.87099080085898,-1.1259029164243206
707,1,0.1527530040574017,0.6096573094275475,-12.409938583675396,-0.0954610660282722
707,2,0.2839738299589853,0.9176572766703184,-28.739720698271903,-0.2227885325447434
707,3,0.514141074367682,3.795681187249228,-83.35513904177128,-0.4682872979874791
708,0,1.099506021926124,6.50947586042171,-136.10144096481972,-1.0389422974413718
708,1,0.2074850813438072,1.2521981745893973,-20.56165070922756,-0.152308523772056
708,2,0.3687353012397975,1.6578784092547512,-39.30996283074536,-0.3071090846151981
708,3,0.3155886518893031,1.687882224369102,-48.4871454829972,-0.2708779077262413
709,0,0.7789710163614746,3.822119644344676,-85.90167932992921,-0.7158473277494101
709,1,0.1362572979125879,0.592566545463377,-10.597123173587882,-0.0796776178465254
709,2,0.4699827378582356,2.4929184629281886,-52.63254316134808,-0.4080042105530858
709,3,0.5272577287706184,4.244439070828681,-95.591341862315,-0.4852352378797716
710,0,0.7667789477505167,4.423617563124333,-94.97292305257976,-0.7087531571088042
710,1,0.1407820693994622,0.7933885129089563,-9.747109160147549,-0.0792447899198987
710,2,0.4718775612709707,3.342557788963128,-59.43071361322143,-0.4155993958966533
710,3,0.4109997209831385,2.7832776612721952,-61.71002741913678,-0.3630001612890399
711,0,1.1002005158344337,6.802770808081721,-143.8954492270896,-1.0427206465731131
711,1,0.2681765831136105,2.039175057923544,-32.648848133187606,-0.217658987554584
711,2,0.2648158964092413,0.9103952221746652,-28.627072459380678,-0.2074425540534831
711,3,0.3800027434201506,1.8131191518785137,-54.95454331249818,-0.3310514657379408
712,0,0.697765247682237,5.172075918641776,-93.52404488701164,-0.6449934130138734
712,1,0.1651623327071164,1.3700309998842033,-18.107018165854537,-0.1168194720377712
712,2,0.3707121085600074,1.9629687613498024,-40.64004727513681,-0.3102293685124947
712,3,0.4412041058701272,2.652979396998138,-67.74704163383184,-0.393878149033906
713,0,1.8457339695614456,12.393457069974742,-244.75824630054507,-1.786556542339745
713,1,0.2744761039219507,1.676806085741158,-33.11316996408445,-0.2237376348924624
713,2,0.4706315968633957,2.9459224320917587,-55.05439114644018,-0.4108536652719416
713,3,0.7535839795896095,3.932693845899992,-125.65186415852094,-0.7059093492051738
714,0,0.6200261683105608,2.88510709113888,-76.76056858189423,-0.5644159454551047
714,1,0.5999237976180141,3.888563012344408,-76.39718659359207,-0.545694189954229
714,2,0.2728973509842708,1.4075358058920784,-31.177674517715488,-0.2180256959280803
714,3,0.6081510523054853,4.374696445872328,-96.86970227034664,-0.5599404755511367
715,0,0.8631124456071683,4.410430439428059,-110.44039140692315,-0.8061342438461544
715,1,0.2321555770345157,1.2275740690400838,-24.83303005361553,-0.1786548924720541
715,2,0.4063813958435321,2.109014488357072,-50.99352784723679,-0.3516795023947365
715,3,0.510431944777872,4.349362568229152,-80.65187347934436,-0.4635165142491055
716,0,0.911607240620974,5.423667899022184,-123.32862614831728,-0.8564487926966478
716,1,0.2051517149134577,1.080099926251413,-20.219767960194314,-0.1497760589644023
716,2,0.6038204436731915,4.116810242094024,-76.37378995963613,-0.545527071140258
716,3,0.522032239446154,3.3363308015684736,-81.55810355553619,-0.474175020671722
717,0,0.9548852997998272,7.750884710785423,-127.71427251765184,-0.8993962853355763
717,1,0.1687825789830174,1.089799963431405,-17.31293320605978,-0.1177750558235359
717,2,0.4474601434125996,1.9589109613583615,-48.91964394097713,-0.3851940467793475
717,3,0.6087350610148579,4.990570956072721,-103.046415643948,-0.5630951674532678
718,0,1.0937480509047115,4.962856304670884,-138.76116586991034,-1.0355310885814204
718,1,0.2569411154121707,2.9291904423069277,-27.66346490979732,-0.2019231015313672
718,2,1.5632947684706644,12.091918906196602,-203.7611917881412,-1.5093421613936382
718,3,0.9498994849484944,9.694858550603298,-138.69004464656268,-0.9005847054971603
719,0,1.011784095191612,7.172977445843919,-126.70491769947166,-0.952668554131366
719,1,0.2911592473120136,1.739233147083072,-24.887675279957243,-0.2242132908104256
719,2,0.5534055596263342,3.16915861356326,-70.01426505900704,-0.4965550713404755
719,3,0.4664285545408299,2.4778830617397105,-77.35760649266554,-0.4227191611621068
720,0,0.5925927002395153,3.841232978922622,-71.76539561633555,-0.5355626538532504
720,1,0.295790507782749,3.402937271513419,-33.57931432678667,-0.2415778009121343
720,2,0.4361063099938317,2.247337300998482,-50.924923701801454,-0.3772216570503811
720,3,0.8084593680334049,5.133576498245044,-144.17877990094945,-0.7628506873066109
721,0,0.724968323084099,4.788292325951922,-91.55994906565836,-0.6683207960996961
721,1,0.2703483468850638,2.608532341084812,-29.6794427003586,-0.2150684253649173
721,2,0.4461880728053233,1.9240786099696532,-50.87236898533179,-0.385396734737362
721,3,0.3676337811822707,2.487658758195286,-52.28809465950756,-0.3188298454848022
722,0,1.421312244403886,7.715346429727172,-186.603152597652,-1.3620668072821316
722,1,0.2050619604991488,1.3545939708208294,-19.50807554662314,-0.1477884511107813
722,2,0.3698483919366699,2.114605157575825,-42.430929476316,-0.3119921285023235
722,3,0.6463597844570885,3.622493345958669,-99.17158866584528,-0.5974192088303933
723,0,1.4047394668657616,7.493397658526598,-182.71245890152647,-1.343473962511224
723,1,0.1350836846051504,0.7096827725760506,-11.639823445942175,-0.0819705876474801
723,2,0.2900811897222428,1.4250186244283805,-30.657734742990865,-0.2305092837818862
723,3,0.5608559637872428,4.721324147936307,-89.30983379046083,-0.5132749068417289
724,0,1.1393285756445592,5.302368009852325,-140.1848187406875,-1.07834475954375
724,1,0.1129003432858532,0.7292659184748217,-9.306995907212327,-0.0624630597799485
724,2,0.3107824563340635,1.1526107306219089,-32.159241601317426,-0.2492964465218405
724,3,0.4348199608685997,2.415515598476829,-66.20095833493194,-0.3871401072218242
725,0,0.9068319716190064,6.200425470589435,-111.7881667952456,-0.8468800514791333
725,1,0.1887969539998328,1.4680460576230685,-18.08870539311612,-0.1330051867140891
725,2,0.5346195249757443,2.555886309903763,-66.86610410467418,-0.4776150293191012
725,3,0.4979911692722711,3.1987808173022403,-79.36987416733119,-0.4509651941325636
726,0,1.1569631373012197,8.210463424239956,-153.89209153017717,-1.099229225215551
726,1,0.1810194197997993,0.6601177951028024,-13.65476425096248,-0.116707386760363
726,2,0.4621094955769881,2.8427613283399804,-57.150203126547794,-0.4053205895499843
726,3,0.401294269441419,2.62399921813458,-60.98387964127366,-0.3545574397748469
727,0,0.8605200276045935,4.946670475538032,-109.97655513182572,-0.8027485776045673
727,1,0.3108247023128028,1.4832798707419403,-31.270258046508435,-0.2501620643720674
727,2,0.8251584660728531,5.951103556950526,-108.07711810652997,-0.7665043837342551
727,3,1.1426000112498005,7.793315915007359,-202.61184391827396,-1.0951991563149943
728,0,0.812168426840529,4.179439106619108,-100.17568351176018,-0.7532006279079713
728,1,0.1873757341164399,0.7775830043414144,-15.772877800049194,-0.1261830224003935
728,2,0.2830348741252841,1.667852548825235,-29.787408931162947,-0.2239654806854357
728,3,0.2786136418104333,2.4099466807024683,-43.75972344319752,-0.2352673303397716
729,0,0.6885625221881546,4.075745406846455,-82.44675936620666,-0.6293645753145547
729,1,0.2085315014908134,0.8176925102760392,-16.79321445540523,-0.143531747482096
729,2,0.3855307392373872,1.662251206798815,-44.52039057298991,-0.3273558130366905
729,3,0.364671475011889,2.97668830865855,-51.34768651102543,-0.3150164816627327
730,0,0.8747350131795453,5.019206297670342,-106.08692912083028,-0.8160533009294638
730,1,0.4044540623883825,4.3056287578959465,-49.4668705902337,-0.3508288694342815
730,2,0.3697759497269815,2.2014585045631847,-45.28553684335152,-0.3144828947454966
730,3,0.9909633474744072,10.304439786697934,-153.79431082281062,-0.9435233792810468
731,0,1.1380110390523632,5.415638688144806,-139.9158357955388,-1.076275659965683
731,1,0.2599327042680507,1.3682259313064948,-24.997630905019623,-0.1999810472401569
731,2,2.072884503160293,14.166564987797054,-300.05073478850386,-2.0137633207282137
731,3,0.4536355281919089,2.834296340827572,-70.7276348632939,-0.406480660133873
732,0,0.631709500246738,3.573525152193023,-80.77130086352071,-0.5769378633108622
732,1,0.3511269816890142,2.29126314625613,-37.1351198242654,-0.2924025183013023
732,2,0.2435620850285877,1.3222113853350388,-26.877993648834032,-0.1879579975442939
732,3,0.5396272692276055,3.149016609892117,-85.58534584257835,-0.491869803692979
733,0,1.115734900407828,4.746247185142421,-149.20687355314715,-1.0582047769726748
733,1,0.1864113303130923,0.8650957274044515,-16.669992631508077,-0.1282307125500621
733,2,0.3461312730831476,2.040923381942584,-42.65401375124943,-0.2921507791181468
733,3,0.4444999594837919,2.475959656793613,-71.7887018632756,-0.3988261214626422
734,0,0.6233116578623407,3.956267280459469,-79.04387849996121,-0.5686609964025986
734,1,0.2510157975396846,1.641851903842108,-24.10426668575852,-0.1913037038552263
734,2,0.4654926925368547,2.781380544658444,-51.12596031976992,-0.4025666166911018
734,3,0.7198443042960802,4.463723200648456,-124.04063815253046,-0.6741339030028829
735,0,0.8769066101385083,6.477862337893079,-117.60421191775914,-0.8224070763479661
735,1,0.3236116208134782,2.2459988284350336,-37.41974014900482,-0.2692067636619051
735,2,0.3050813768502219,2.223156805031442,-35.11767302521357,-0.2490615108171175
735,3,0.6142679935234079,4.367899081600677,-95.55317600184944,-0.565403408294967
736,0,0.783503876189219,3.8889679312616714,-97.3176372586354,-0.7262510243181748
736,1,0.2874818544766048,1.3822999953759978,-24.99932579471509,-0.2212329716346468
736,2,0.4906821510719056,2.285246155078327,-61.62826838903922,-0.4340018900636564
736,3,0.5095496725757953,4.973137113719927,-81.9144216104606,-0.4627933424319807
737,0,1.9497756168351197,14.678582351439838,-268.5312360930429,-1.8910650429087528
737,1,0.1999753905275649,1.828555464325716,-18.460227110803157,-0.1420017470061781
737,2,0.2328892362416513,1.0479936244742842,-28.82938562361237,-0.1824644659722302
737,3,0.3938101494220763,2.3416065141456524,-66.21524504527633,-0.3503452118797689
738,0,0.6222280445247199,4.868868219422661,-78.80850489416763,-0.5669676611091196
738,1,0.1749834125528623,0.7319059682285639,-13.777546260559363,-0.1129307070537652
738,2,0.2715457899525966,1.2963448664765005,-27.464103948594325,-0.2112623380661102
738,3,0.7424703234673687,6.8532301840815215,-135.53070306062543,-0.6986118714465228
739,0,1.1043985987508929,7.750003712847434,-151.93653372197508,-1.0478381635998282
739,1,0.2330462387182568,0.9600157289360924,-20.20459703909072,-0.1697865297402581
739,2,0.4119686775219202,4.214272849239511,-59.92217986618891,-0.3631647264617509
739,3,0.6377023411608815,3.902031684247156,-107.10609720576282,-0.5917463934020045
740,0,0.5155641309011014,4.282264173852434,-69.73365795146437,-0.4648910530097624
740,1,0.2149366394210718,1.1201292556932738,-21.093024266475577,-0.1585941674171096
740,2,0.24016533587214,1.416666879887914,-25.866785431450488,-0.1847627530817892
740,3,0.4574166665137614,2.9449379980160897,-79.12800057224801,-0.4142827255091519
741,0,1.0201352834950763,5.290049923393366,-128.7342753478407,-0.9607035473719456
741,1,0.1227460750567491,0.3885252489090223,-7.878940034573067,-0.0625312701156592
741,2,0.3232089462492209,1.8232595281999369,-34.42950560465225,-0.2628206534706278
741,3,0.4376768525121823,2.9374040324679456,-66.62076589837213,-0.3895951222127025
742,0,0.9471833025314206,5.526365127262476,-132.25021256820497,-0.8935825173527363
742,1,0.3335797346979917,3.6320400171819416,-41.8324178306307,-0.2826514718285858
742,2,0.3275607712366494,1.8232707751544064,-31.46318945249964,-0.262193245437497
742,3,0.4490680081810893,2.6485651382434314,-72.59208522004066,-0.4032893623335592
743,0,0.577162552638069,2.9800811205728213,-71.47285265133284,-0.5216996543892908
743,1,0.1074903995491246,0.4130903004429012,-9.028310885814818,-0.0582471670052568
743,2,0.3321593057134716,1.6095103479353607,-36.99247719992586,-0.2740183496290804
743,3,0.4861702941234664,2.3937310485827283,-77.80544469905004,-0.4395787836104522
744,0,0.5513052621212683,2.276228070827793,-75.64063085802512,-0.5009313301855968
744,1,0.1879988291524161,0.8943795334829091,-17.07278374839924,-0.1303265934992308
744,2,0.4254368059081577,1.8193297958401295,-48.58506545990112,-0.3653012440594069
744,3,0.5502703099407261,3.3134108663440194,-85.82125608870592,-0.5018786905772277
745,0,0.6029343094623006,4.687912471832884,-82.2106554081865,-0.5517493651556141
745,1,0.1649066160007961,0.705762938066426,-14.607912710990917,-0.1090142739626187
745,2,0.752801325060117,3.494032260642395,-98.10630821922511,-0.6957894199945045
745,3,0.3824765341810476,1.9902760331032463,-61.869912411192935,-0.338086953066628
746,0,0.6972378487484212,4.853760120007136,-89.88695519222476,-0.6420496799444626
746,1,0.2337770376118687,0.8981051296509287,-21.47489279327121,-0.1731846193005742
746,2,0.4712792756809045,3.0389226697371168,-58.075245071488055,-0.4148231790820575
746,3,0.4701172167924823,2.893360634332282,-74.96464568192225,-0.4235290716492782
747,0,0.5999796988461588,3.160139231303908,-75.12954340242892,-0.5444169811770212
747,1,0.1375816872713956,0.5372597073986941,-10.487586673973682,-0.0800579135417838
747,2,0.2795866152518626,2.4965108236749622,-34.29724842301408,-0.2271340955166495
747,3,0.3207759461718876,2.693284545625276,-49.04850378874055,-0.2755533920715761
748,0,0.56253183543649,3.966053364347548,-68.92950480367986,-0.5068345941447049
748,1,0.2045646482058237,1.2363314478923315,-17.442021801934096,-0.1429673918191319
748,2,0.4729028966687764,3.497098049530658,-54.04448660081975,-0.4125533328306851
748,3,0.5044677227179155,3.291842329881968,-81.530893797874,-0.4580387292015393
749,0,1.1132518487408445,8.367564768221326,-149.88930132173982,-1.0555584600122525
749,1,0.2339513914307907,1.0587225888324483,-28.72486658955913,-0.1853217199326395
749,2,0.416077662080501,2.2479169357684907,-42.670547153115855,-0.3497585832222611
749,3,0.3679112240660803,2.8132674742785646,-57.3845840347417,-0.3223853035659646
750,0,0.8793635387125608,4.38606140054711,-100.41973769065382,-0.8164206316313318
750,1,0.1473217563228636,0.6040834926002686,-12.033294184610403,-0.0904758961248902
750,2,0.3787939595229895,1.6271359886343342,-42.20822245501243,-0.3197592610228215
750,3,0.4367059759269328,5.019743112942486,-71.33451974358529,-0.39194791067904
751,0,1.5614321564401774,10.091643054999004,-204.1417912424897,-1.501042582665365
751,1,0.2471286942023999,1.5023605937611917,-23.701592418624305,-0.1881078763382881
751,2,0.4938210838801564,3.498534429640224,-61.169917417038135,-0.4369279815502724
751,3,0.4054460076646574,3.710729411446832,-62.01219048230151,-0.3584519681057891
752,0,0.9061674469678692,5.973448138127702,-111.77035582588306,-0.8467451198930535
752,1,0.1223723710055339,0.6317123630785143,-9.017401369133037,-0.0663044218318605
752,2,0.4458996487576032,2.3640204226922066,-54.46109252478979,-0.3890078037484985
752,3,0.4208931668437479,3.596711457819615,-67.94420212558431,-0.3753823321855487
753,0,0.5301536210525913,2.4068574404394543,-64.05028626045346,-0.4744465648922478
753,1,0.1717937292868702,0.7845194890408799,-15.814788564687683,-0.1162852100344682
753,2,0.5569976441816554,4.0140669385066765,-67.6482567954259,-0.4974136529075433
753,3,0.5461041598529329,3.3788323305543924,-90.56921319259936,-0.5003823933292781
754,0,0.4125179867144228,3.2009344737552667,-50.32992404490447,-0.3594994574636034
754,1,0.1582060051520721,0.6949006901463961,-14.265367116436876,-0.1033722254814266
754,2,0.4715230633177478,2.1097279178076005,-58.13975018431622,-0.415283929887973
754,3,0.2348465080917992,1.472042268911788,-36.2414994119974,-0.1927739330425393
755,0,0.5383351071172173,3.726772756962367,-66.65925613292139,-0.4830380879197202
755,1,0.1807963125722335,0.8097799751121166,-15.269016164605416,-0.1211826679730588
755,2,0.4925924828773459,2.94814238139388,-64.36099586452296,-0.4378299038402922
755,3,0.319079412178819,1.8958552499903616,-52.539584053228495,-0.2765241265959394
756,0,0.5484566513287281,3.992453785348984,-66.99176713595419,-0.4925865230584867
756,1,0.1764836840059521,0.9806533208167016,-15.738431771712245,-0.1192305437250927
756,2,0.8961949430310021,5.382499574364908,-119.01483505232788,-0.8381326412135767
756,3,0.6705049733907188,5.956207901774097,-113.08819420709578,-0.6247966530778772
757,0,0.6700153138620324,4.442307666675484,-79.41200799681489,-0.6108615999754992
757,1,0.2262127780338239,1.0705584649555369,-24.33173969446665,-0.1725655297479904
757,2,0.4561563122445556,2.789317075153588,-54.99522179442714,-0.3985160999596169
757,3,0.2582434736911172,1.8261467996596576,-41.06226546464906,-0.2161171866560476
758,0,0.5128972129281074,4.008297084748311,-64.71744692334873,-0.4589889852719768
758,1,0.1508358228809099,0.5515107888473904,-12.169974029427648,-0.0929005651101347
758,2,0.4615041812743308,2.340670119653697,-51.20005672337788,-0.4000004431513896
758,3,0.3859941006326488,3.031585001088782,-62.97826327347273,-0.3422731699645256
759,0,0.655795025883119,3.749321060622399,-78.24551094341432,-0.5972939766672849
759,1,0.1611544063771704,0.6152532570443994,-11.74898384855597,-0.0979081987379664
759,2,0.3935811056240307,2.449172614512255,-49.53853351400598,-0.3393050240685341
759,3,0.3755419404556943,4.2555342690687565,-61.302520157265405,-0.3313649738230562
760,0,0.4006425859538783,2.598725101929225,-49.408543730975936,-0.3479474910632108
760,1,0.2017899282196837,1.3057643037357989,-22.16836575314118,-0.150805209205042
760,2,0.267562107465663,1.3654818746557014,-29.26087917123898,-0.2105099220952444
760,3,0.2897813937215581,2.028438279936325,-44.71656085707321,-0.2456953893245781
761,0,0.7011305056719935,4.298371167353095,-87.72805166475698,-0.6450592034173307
761,1,0.1441941656313783,0.6962862308946232,-13.178488837223217,-0.0915172835918279
761,2,0.3210197396945775,2.6106450767983382,-34.14503644016774,-0.2606491331310515
761,3,0.4086901701662379,2.5412331462974453,-64.19533236916614,-0.3626854936111081
762,0,1.1262193889211691,5.777807448675961,-165.44814311798044,-1.0743385916751975
762,1,0.1299393281298091,0.5341687653566505,-10.230285124410145,-0.0746736140467893
762,2,0.2856416135127587,1.1634676364580152,-34.94937153990589,-0.2329958102660392
762,3,0.3191290128157677,1.8177871371016605,-50.36928950804755,-0.2752420191696587
763,0,0.8599507103822763,4.61466084064637,-113.57862674121014,-0.8055221754695755
763,1,0.1434354310712631,0.6921859512644141,-12.492728855197983,-0.0892337775371284
763,2,0.344634790663913,2.7783110548250134,-38.4872730186734,-0.2850909112494326
763,3,0.3577460151781086,2.4620595369860103,-54.8838437523175,-0.3118400213199858
764,0,1.342701512964546,8.808412690530217,-170.36832620103198,-1.2809648586543758
764,1,0.2527668758385527,1.6138167719563803,-27.863660569961716,-0.1990261469282979
764,2,0.3888477084584135,2.408483973561277,-46.94630684666807,-0.3329525308274331
764,3,0.3575025050943809,2.7907211088798296,-53.762017165631626,-0.310763105003651
765,0,0.8740336580445361,5.264009715845581,-116.23494173606666,-0.8185559277187793
765,1,7.090930692799101,50.16909845206666,-1407.8131156110649,-7.039065578055324
765,2,0.441239495415389,2.4181743748675526,-51.10521168310437,-0.3813821767395848
765,3,0.2797341786133362,2.510254346689061,-42.06233501422326,-0.2349851118113031
766,0,0.90361802151085,5.954681758019181,-129.35193680988442,-0.8509995842755554
766,1,0.4073189087367763,1.7658648377514443,-51.43240716968477,-0.3547062563426536
766,2,0.351453620141723,2.330065195053037,-37.62580631260589,-0.2894292793277376
766,3,0.3947160998513109,2.8225450004816324,-57.39526868386751,-0.3457546306257079
767,0,0.5537916124811233,3.1370148835914557,-68.87261819385745,-0.4990769434337496
767,1,0.2597813295417196,2.1041417646067395,-32.00157609990046,-0.2105366848677662
767,2,0.4327420814503807,2.0227099737374665,-50.39267936410745,-0.3732791064007959
767,3,0.3695235630105554,3.1453785088614663,-56.64062403392813,-0.3236607087653036
768,0,0.6558037203624782,4.242181856111336,-84.85087848414805,-0.6017792800294188
768,1,0.3025029203464774,1.4389074359664575,-32.721937316228185,-0.2460296038814149
768,2,0.4211708758185516,2.1138881710681905,-51.06808875549604,-0.3647720625392573
768,3,0.3123325534517059,3.420738207776553,-46.94694460634744,-0.2667440034451559
769,0,0.5877724058691057,3.940693207148219,-71.69000988557421,-0.5310371102635126
769,1,0.2369328257752787,1.1251635772395006,-23.351953710150497,-0.1796304131550038
769,2,0.4711915715665432,2.558943416783681,-57.12468937947578,-0.4139470244889549
769,3,0.2899069290328943,2.0918632614468247,-43.58145700196292,-0.2448396460784433
770,0,0.4715269290105746,2.6325316422806964,-51.45786695630115,-0.4116629356504092
770,1,0.1050276281902138,0.3380105134238539,-7.431578317146444,-0.0519690791408842
770,2,0.3442528836534135,1.7924446061424628,-40.25592552104782,-0.2875423251503415
770,3,0.3463067236462587,2.1790309031854256,-60.41623951983161,-0.3051325228274324
771,0,1.4702270256493946,9.16017005662083,-194.6531576542536,-1.4105301279293736
771,1,0.0996302557205321,0.3601305539050187,-8.999886929739366,-0.0542161863237311
771,2,0.2381457759494768,1.2899003121316197,-25.170873199989003,-0.1810854187049568
771,3,0.3788676313749137,3.1478659908550704,-59.00898077325897,-0.3333840721653049
772,0,0.9883948695413024,5.6021643884825725,-138.31392428181476,-0.9345535424446944
772,1,0.1478351508596748,0.6048774812942699,-12.573971046815196,-0.0924556694618764
772,2,0.4298828466870448,1.9094551842407448,-52.708063965640775,-0.3738160564939062
772,3,0.3315333005547706,2.4365910973158984,-53.53819392830606,-0.2878397523027207
773,0,0.7655662092450312,4.352961429738102,-101.68617124257416,-0.7110921065914276
773,1,0.208192106488976,1.469769522967893,-23.893956380141784,-0.1582381217227932
773,2,0.4194958950203393,2.497950775575904,-49.475355362916446,-0.3611339807512149
773,3,0.4415139061314343,3.796708792334331,-68.70188845378905,-0.3948384393895922
774,0,0.8633214100864113,4.9498557781967225,-107.8969443831654,-0.805201077486309
774,1,0.1814473145336847,0.7797360247298275,-21.303771992078502,-0.1339859873715629
774,2,0.3296903422139079,1.7956716111154665,-33.62745064461084,-0.2668845289254828
774,3,0.5810931200097371,4.084714716953086,-102.66099463940202,-0.5374921185309006
775,0,0.8430279466851693,6.419476643998743,-106.90893910092144,-0.7860951404479518
775,1,0.2523666071444358,1.292853433712893,-30.046223375764097,-0.2016525058776113
775,2,0.4156109027660994,3.0993328833433345,-47.32393629361998,-0.355819069876842
775,3,0.5451966828850293,5.084589048465626,-86.12927538184813,-0.4978570831320701
776,0,0.7369169444568469,3.199180197610929,-89.54994140336507,-0.6784086469951899
776,1,0.171547473871529,0.8966924118972068,-19.01893211903493,-0.1227027878647414
776,2,0.5894865893575613,3.487157536481818,-64.94972977373546,-0.5237881433365763
776,3,0.3567514391714348,3.1651521257099167,-61.16870172216437,-0.3153025861967235
777,0,0.8076749899771963,4.3016604056247765,-94.0919293421669,-0.7467613439854517
777,1,0.1961815565834688,1.7727682894221284,-20.89034784533419,-0.1440713644505806
777,2,0.706832789551032,2.979605888813269,-81.69571852057598,-0.6432733741777636
777,3,0.4369025281647895,2.6021245273332863,-79.46414524652008,-0.3973207262326004
778,0,0.5215393317150953,2.9800393792125863,-60.75287841147871,-0.4637624306219749
778,1,0.2145468359945685,0.8596461774469986,-21.245857178956367,-0.1585511729772863
778,2,0.3343725328928209,1.7268858966138858,-34.91728238789816,-0.2727912686554544
778,3,0.5924464026489592,3.3939032929570825,-101.44078219314808,-0.5483285523953949
779,0,0.4694997368873234,2.5382577011333143,-49.852170347713454,-0.4086243471124053
779,1,0.273420747591116,1.4942794185336885,-32.83694958547733,-0.2218712809829549
779,2,0.2507326908183424,1.312775196555495,-29.95104610405677,-0.1983512987023627
779,3,0.4659594582400791,3.424427398757748,-71.06636637870042,-0.4180374492864731
780,0,0.3797688006215481,2.3285824687756724,-43.07182318534575,-0.3238482946266597
780,1,0.1121891025073018,0.3816899276853311,-8.495299338804395,-0.0594076876839468
780,2,0.1981874929691925,0.6730116406099892,-20.311479529592003,-0.1430385882365634
780,3,0.2238217055181853,1.4263834209616018,-33.40220923392295,-0.1805524823455294
781,0,0.5755331740802878,4.025742695538374,-68.44692400465345,-0.5185373030655565
781,1,0.1776345988885584,1.2398432631526304,-16.961462429258482,-0.1229091480381049
781,2,0.4555146585875995,4.3144543581596775,-53.40899141730808,-0.3956221586467265
781,3,0.2491031135304705,2.2640365548062378,-37.87341375724547,-0.2058337704198123
782,0,0.6332479030823444,4.474571759085449,-82.1567716523622,-0.5785688144532549
782,1,0.1169771591440414,0.3878733374401782,-8.354464605035414,-0.0614298868017309
782,2,0.2974898132560246,1.47793636317002,-32.308271519551404,-0.2393205297744548
782,3,0.3237154345679943,2.7942892069069845,-48.6470240675834,-0.2779829946719052
783,0,0.7886025265522568,5.1774606245517285,-94.80717257483576,-0.7292859428833521
783,1,0.1343120189014268,1.5752951320620718,-11.411921375829737,-0.0809356125945371
783,2,0.4040654234446699,1.8679687663356384,-49.783396855240106,-0.3481356423443364
783,3,0.7589284563384169,5.7192412847506295,-122.14811781530908,-0.7101634756704017
784,0,0.7576850998356454,5.195772185565181,-96.10930061014044,-0.7015277416798573
784,1,0.3080808983687495,1.144642368139439,-33.450859757809766,-0.2515102237429306
784,2,0.2966897559204265,1.4159873234903462,-26.79611249443417,-0.2290266025165313
784,3,0.3652850028319231,2.673235265405064,-57.31954559375404,-0.3202209251047712
785,0,0.7061642089509652,4.669857357714559,-96.72053007418138,-0.6535170950958201
785,1,0.1763640352371269,0.6967399032118202,-14.450218854414922,-0.1156017508353193
785,2,0.2507776378590678,1.2010579271674622,-26.13192720794745,-0.1921465235878489
785,3,0.268570107867504,2.577155717422857,-40.01916964428228,-0.2235707801356551
786,0,0.6444543516841454,3.812674557576125,-83.83315636152884,-0.5903743405741467
786,1,0.2137364735648063,1.843414689145416,-20.66313715530145,-0.1565389178431928
786,2,0.2228002479091747,1.1921803102300967,-22.400956905923582,-0.1647129184259086
786,3,0.4716194429240311,2.954482572382044,-74.40417391043097,-0.4251667080596055
787,0,0.5660879943263865,3.3097317818696665,-63.822923232326886,-0.5065311367644991
787,1,0.215056608984742,1.1167915429805857,-21.088984597645386,-0.1585637939672585
787,2,0.1778669520895681,0.6724806527223629,-14.529490171870451,-0.1153134140624639
787,3,0.3209773391708018,1.976226056151504,-49.77905252542315,-0.2765502918079063
788,0,1.266107946340117,7.900452600902176,-151.75078153586117,-1.2043712820306445
788,1,0.3232086622091799,1.9967096836321372,-32.57889204870413,-0.2627330003927752
788,2,0.3735276092899328,1.8111066411217671,-41.4097384737576,-0.3137101399527091
788,3,0.443726117710128,3.2435353996783167,-71.70823326584629,-0.398379073699146
789,0,0.5302493605343181,2.971479330259958,-59.34859281153943,-0.4710205778693605
789,1,0.1654831027709603,0.6484705209872356,-12.726793867885522,-0.1034698688445977
789,2,0.2671866842767117,1.419990908420829,-28.684695844743672,-0.2093773419324355
789,3,0.713686846350445,5.312272360841619,-134.5639992228352,-0.6728199961141761
790,0,0.7810657134725543,4.3544187258227165,-97.77806847291689,-0.7242819886882732
790,1,0.1183837636145233,0.4448156043935766,-8.31966412840523,-0.0620870457343673
790,2,0.1450693656897308,1.187018293302294,-13.89704849876324,-0.0920334337666439
790,3,0.4044228933281361,3.1704245641798123,-66.63987997554567,-0.3602155674353819
791,0,0.9911825148335136,6.243597793843356,-131.81111420406538,-0.934830597191953
791,1,0.1552542118732815,0.9148896752139803,-14.80787422402208,-0.1035515680001544
791,2,0.1445818640214578,0.8758860659143654,-15.076372149021651,-0.0948199506227776
791,3,0.3945744783598554,3.855161012966465,-67.68476318287853,-0.352524808244159
792,0,0.5494785334675899,3.996890667198981,-71.52079742110553,-0.4966722043132328
792,1,0.1156455121353344,0.578874069838847,-10.59949178337522,-0.0675126865183135
792,2,0.1892244987118412,1.3391390044722922,-19.71294786860248,-0.1350201908808389
792,3,0.4974482791930762,3.393458515496849,-80.93786784385787,-0.4521668594628931
793,0,0.8189946670629609,6.427217195054787,-106.84135230482516,-0.763152516463037
793,1,0.2264000463635305,1.2730154939021896,-26.46732804155937,-0.1764488536103958
793,2,0.1610918615487565,0.9559791826998588,-17.42177953630472,-0.1109667486388835
793,3,0.4346668393655544,3.938793250397852,-71.34989067079505,-0.3898901129551642
794,0,0.8590408608196078,5.230129053478119,-102.22002760380268,-0.7985939656547084
794,1,0.1693473938588416,0.6509849911149359,-16.12456365837998,-0.1151754547027141
794,2,0.1967140980354335,0.742908789586931,-20.618024401276703,-0.1421932717329428
794,3,0.3409715322083191,3.4086516658136325,-56.76251154638173,-0.2987500607704301
795,0,0.8273907899761465,6.410012812389223,-103.97192651241326,-0.7701624186104686
795,1,0.1648904871523666,1.0044188668566607,-16.39558653320733,-0.1130730105738436
795,2,0.3518185128887287,1.676436512700502,-39.15421458669268,-0.2921956312439752
795,3,0.545122967501591,4.689957269046726,-93.75960138923452,-0.5013882427231793
796,0,0.7495176042558842,4.477033728810441,-86.76121428793178,-0.6885810657772363
796,1,0.1815274430843644,0.794545650325262,-18.207505966819408,-0.1282218730057704
796,2,0.2429430839217627,0.8604877541669398,-24.70020103256781,-0.1843298584519986
796,3,0.2960959573359948,3.2162005473706934,-46.46656023524775,-0.2525356534524334
797,0,0.4680265649920226,2.6837032831356065,-59.92252121459043,-0.4161286195457669
797,1,0.2788501719090978,1.6460064871978897,-25.992896275123183,-0.2166074689593599
797,2,0.3832265772448098,1.7839464696170984,-42.517655773883234,-0.3221034528324487
797,3,0.3394042574328566,2.4978619545082354,-55.09512942546309,-0.2962103732551779
798,0,0.7666137030179161,5.157673134811061,-101.1208019545046,-0.7121183236232719
798,1,0.2114474035618903,1.6557173010614237,-24.2156118702768,-0.1614374124685119
798,2,0.2132417534954779,1.0500440719018822,-20.842226429876536,-0.1543868624435299
798,3,0.5994255709449283,3.3559038900057843,-97.90976506242212,-0.5531625144769611
799,0,1.0850113109311024,8.464408659514117,-148.2910085554998,-1.0297986705243043
799,1,0.1723913758120851,0.9068066231886016,-16.630713459147998,-0.1187908104224857
799,2,0.1645260668128309,0.9276638041245038,-15.678714483490795,-0.1096413600244111
799,3,0.3260622554301504,2.9650245361610645,-48.10191617709798,-0.2796623033552208
800,0,0.5633640351768627,3.832486733570039,-69.66015786148584,-0.5084683055582908
800,1,0.1034450829360839,0.317627214998662,-8.120178891908274,-0.0534222295520281
800,2,0.2510983334432065,2.2135919731659706,-28.97231046420217,-0.1970905473755249
800,3,0.2630175463715034,2.0206145231599115,-39.02784636425272,-0.2180326612528084
801,0,0.4775470862970605,2.836243431704865,-55.54149577856497,-0.420768907413371
801,1,0.1019242059495178,0.3804835293482653,-8.63101969665812,-0.0542831427462774
801,2,0.1306304280080706,0.6123668299940775,-13.42272094477705,-0.0823479812563009
801,3,0.4833817267249404,4.684865899674358,-76.89639838640382,-0.4369113544682035
802,0,0.5297948839148465,3.0020070012266302,-64.61216326197804,-0.4750894357498385
802,1,0.1552828183100074,0.8800115204327709,-14.86782215085146,-0.1032487649364684
802,2,0.4181620868214278,2.1360011521531805,-48.1377589867742,-0.3592370073639865
802,3,0.3504364071395478,2.755812372637039,-52.96729459159869,-0.3044097390321764
803,0,0.4899132510698946,2.418152465773647,-58.65436050094577,-0.4344767444514502
803,1,0.1116789529613361,0.4262455174597487,-8.478176656134268,-0.0588762267787102
803,2,0.325456787014577,1.8291471164130972,-35.31351461005571,-0.2655151474440279
803,3,0.2673259564826082,2.4220195821917017,-41.44418301303505,-0.2240226108812705
804,0,0.6585958655928509,4.777858735740259,-81.92375940983135,-0.6023805838958187
804,1,0.1542906810433228,0.7917147283568311,-16.140435395214787,-0.1048080220468492
804,2,0.490830267829028,2.661624223053917,-60.75242300466187,-0.4339458786047276
804,3,0.4192870673714223,3.8345108326437054,-68.13266137827723,-0.3743552822982265
805,0,0.9138613602165928,7.6021239467938,-117.419810503415,-0.8570789087840511
805,1,0.0812790415610362,0.3418672952661667,-6.158772855792279,-0.0364424429336821
805,2,0.4768251544286914,3.673867712243612,-55.04254561313186,-0.4169889819176656
805,3,0.397262138501965,2.5955835870123862,-61.0139592746704,-0.3506549383601747
806,0,0.8189628547080302,5.8887681750534,-103.72710199266152,-0.7626992793578053
806,1,0.1359064391867569,0.842540378484989,-12.450622588867711,-0.0846981128494402
806,2,0.4450890672840464,2.9098337865777086,-49.42840713640056,-0.3831659467938028
806,3,0.9564052271192937,5.851529310671653,-161.77811430444865,-0.9088658106991496
807,0,0.6713009360145614,4.796754407422959,-83.00016003451816,-0.61481600025569
807,1,0.1423879198239795,0.8018777727535701,-12.225681452188642,-0.087954542821501
807,2,0.5252705523572505,3.552271232605181,-60.86962017190075,-0.464653589098479
807,3,0.4503017068141078,4.306605636300394,-67.51832022135278,-0.4018947632223379
808,0,0.5100724418932192,2.94167481891784,-60.7765260119643,-0.4535561642683903
808,1,0.1249461353680436,0.4957559889408929,-11.581028321394449,-0.0756929955646696
808,2,0.4255741369096295,3.5349733130296,-51.691367115726,-0.3692240508266142
808,3,0.4721064357516086,3.2529345203096938,-74.4150617170153,-0.4252289240972303
809,0,0.9905013742196936,4.945746358890358,-136.66357235604366,-0.936051865452354
809,1,0.1841151246294191,1.1751576279294675,-19.14040555181116,-0.1320027969090424
809,2,0.7019478908239124,5.680294780960183,-80.50505458471407,-0.6389290046405879
809,3,0.3818133119910516,1.917826611619072,-60.33145612913302,-0.3370472409448772
810,0,0.4524983651505171,2.3504702532429143,-47.34974043657776,-0.3913201688973369
810,1,0.3812077618147427,2.994328584776618,-49.83657415308255,-0.3300435374376328
810,2,0.2882992077855664,2.1039775648172574,-32.71665197849187,-0.2320329927552614
810,3,0.2657924845040817,2.0279450548127733,-39.86822196592868,-0.221490122032937
811,0,0.5221026209324434,3.239753885241907,-59.3688615396141,-0.4638192307782351
811,1,0.203413017076575,0.9682537302862048,-17.863648511934638,-0.1429091880954771
811,2,0.3892561315894555,2.315674092167363,-44.45311247491095,-0.32928231462897
811,3,0.2544282285293062,1.3834271040549124,-36.29301878050083,-0.2085805677040277
812,0,1.101821634233301,6.567530198348557,-132.01390767189343,-1.0394795879676648
812,1,0.1145892117372488,0.4754654443862446,-8.433462624761132,-0.0602390187482938
812,2,0.3989257070794225,1.5224529236009074,-36.87723285469453,-0.3292610076312012
812,3,0.3148683718487958,2.3306397761334265,-46.79666014569987,-0.268946322676436
813,0,0.9476909959420378,7.456179674190599,-123.81340346775627,-0.8907439098399733
813,1,0.176455577874435,0.5016727707786492,-13.20186593542988,-0.1118802197917786
813,2,0.6908589001665895,5.814203961286184,-98.20496501474749,-0.6376945780178407
813,3,0.4722691530779173,2.9963882057601783,-77.25649492300727,-0.4268314636630236
814,0,0.6933057585869009,5.59505154138843,-86.70361511436568,-0.637526581723277
814,1,0.2035970959070702,0.9430197912050547,-17.056754281857778,-0.1409649114203122
814,2,0.3618030900416328,1.8186891031250003,-43.71373921824544,-0.3056904840436744
814,3,0.7888494105988944,4.407921561888779,-133.70994764302063,-0.7428330424612257
815,0,0.7322071105502475,6.110519108428507,-94.1133886514248,-0.677074738499459
815,1,0.1433338299554496,0.6163789942665191,-10.703598279920342,-0.0836218615618776
815,2,0.287281717235874,2.7567758810265977,-42.37428345122099,-0.2421387625784056
815,3,0.4061609301165986,2.967148342561896,-61.34979181839087,-0.3587707123882507
816,0,0.6682558318684385,4.388627948443807,-85.19528592710117,-0.612915726094253
816,1,0.1497139503741799,0.7240927771195198,-11.58148632986321,-0.0904803619520563
816,2,0.4843913411546516,4.202023420171539,-58.19573765857904,-0.4247864062670003
816,3,0.4266298312751108,3.3578277907008336,-67.43637750631612,-0.3809964830865318
817,0,1.6030990905302949,8.524470947927826,-213.2197130405124,-1.5450703843515392
817,1,0.1488905281888098,0.7050211695959578,-11.14213421599912,-0.0884296366349136
817,2,0.4346881015215028,3.217251414936091,-51.57007369228244,-0.3764238955641054
817,3,0.8647706170933636,5.757088954361195,-149.79133861861118,-0.8185319050197332
818,0,0.4899559000660229,3.693992928442584,-59.10476984337824,-0.4345938959071929
818,1,0.1619121827921379,1.1041831765790469,-13.520616064588287,-0.1040047389583714
818,2,0.3865009534569135,1.2701855767513146,-41.643490431333134,-0.3253397689947901
818,3,0.5052063538978517,3.4964165308382844,-77.69140506313484,-0.4570082650772638
819,0,1.0453902527139944,6.492039179821448,-137.40002187987793,-0.9884893660422872
819,1,0.1637577582178667,0.6599983171598444,-12.1058594282122,-0.1008821619017683
819,2,0.4474150515949368,2.120187964911236,-49.75730763815908,-0.3857155630865044
819,3,0.5491755389870709,3.691342172194549,-91.75765670230253,-0.50416294891375
820,0,1.6252106208308028,8.283506096698988,-215.94399377913143,-1.5648115491241408
820,1,0.1420825782585349,1.067381662778881,-12.16602470063372,-0.0875253575585159
820,2,0.4954979491217015,2.766767627557569,-56.38060167692628,-0.433696935976356
820,3,0.2478240025336251,1.5849258734819478,-37.64801767116956,-0.2046087916911388
821,0,1.06326639618345,5.601008557569491,-124.96996170073588,-0.9997596936058868
821,1,0.1294322607155825,0.5203016756450021,-9.131253164798377,-0.0707849082542509
821,2,0.4528738106546708,1.929558518234121,-46.5313287102197,-0.3877610725851641
821,3,0.4687160824995035,3.397690302178044,-71.00340920793946,-0.4201385160233103
822,0,0.961066520871747,4.238988084992189,-114.22268035568273,-0.8993911839030136
822,1,0.1526576823826305,0.7661236769007107,-13.238131256725463,-0.097339200417099
822,2,0.2705209999797275,1.0245472588097868,-29.44659399983204,-0.2133811159408118
822,3,0.4633195406621349,4.017278340319232,-72.92923719977023,-0.4167384982844013
823,0,0.911450724234242,5.352957773592861,-107.04054690893211,-0.8495281500708899
823,1,0.1952664878920773,1.5016860208511158,-19.03269827739328,-0.1399463108631858
823,2,0.3615826942247934,1.8252760669600836,-37.88876324527891,-0.2983367184667631
823,3,0.6317465339401481,3.401723773506234,-97.81220274009496,-0.5822154925005653
824,0,0.7680069706319977,4.875734918189917,-96.66268030379211,-0.7107550022337655
824,1,0.2305120324054007,0.9767361688889884,-26.163514646503685,-0.1792021551130389
824,2,0.4321458481467182,1.9730531607499984,-49.46355004215694,-0.371906391294413
824,3,0.4602513663759666,2.3958573495187605,-63.20384773634382,-0.4077667595893149
825,0,1.2396166575619378,6.62694650506211,-149.4175868012203,-1.1765164315056715
825,1,0.3905644210158058,3.155652430759808,-44.02101137370699,-0.3334925104068711
825,2,0.5302623279252583,2.9990551656084365,-62.60550241809182,-0.4707180632939234
825,3,0.5397642216663182,4.023409497257148,-87.26849643655632,-0.4930423527489057
826,0,1.7515703926763406,9.25867874446245,-231.60793255850453,-1.6905688507920038
826,1,0.2137764348537747,1.533658358321126,-24.08513072409773,-0.1627373697574171
826,2,0.1676111828757804,0.6337832636700851,-15.824065269469278,-0.1122274132586473
826,3,0.5577861481448966,4.802874627375082,-89.98008118018865,-0.5112504612510719
827,0,0.8535071832343464,7.072566270805539,-107.51826923050076,-0.7964316239296353
827,1,0.1504458540659924,0.4638994424919077,-10.540301024953694,-0.0871099258260635
827,2,0.4019000182332246,2.8673393509862555,-43.41953463788123,-0.3392151143584471
827,3,0.3528230142963577,2.85266553125765,-54.743679710944974,-0.3075487624210392
828,0,0.6346644382460406,5.403748200744008,-81.91004576097436,-0.5809223103615202
828,1,0.1411916186250511,0.5594102629679952,-10.143510345589458,-0.0811480827647156
828,2,0.3868598878935517,2.4626722651640227,-45.44694896917403,-0.3293257171679277
828,3,1.0920131538460238,8.086871113858953,-179.4916238834077,-1.0435559528105098
829,0,0.9628450217661488,5.4912206982806895,-128.8750697419472,-0.9075709136756844
829,1,0.2787202608431328,2.1036022154280296,-35.02840845679181,-0.2289438461228223
829,2,0.3326560719286846,1.5316807953025522,-35.25198590206818,-0.2711691223236013
829,3,0.3848759749073106,2.206183673381045,-55.80967767348528,-0.3362028775511161
830,0,0.7162044717811603,4.869314415152538,-84.05122703978111,-0.6566502112482899
830,1,0.1853129604167969,1.273428589294606,-16.219385299301948,-0.1267139476507964
830,2,0.3122229468835478,1.7533109362222865,-32.127113839502194,-0.2509930768711109
830,3,0.4405309602475975,2.792163492995925,-66.26344205218942,-0.3920913730898782
831,0,0.8796805718598928,5.389418641823352,-106.4905357411012,-0.8191579672392401
831,1,0.1576796177057637,0.7963323811996215,-11.928356750607485,-0.0961964254081248
831,2,0.3926191433257605,2.4410175511243413,-50.1721954432286,-0.3390013205623554
831,3,0.3643213978998618,1.3894807531849718,-51.40588816425021,-0.3153735470199399
832,0,0.736270889179714,5.477254646822847,-91.71342044796664,-0.6793586699849381
832,1,0.1984077168842399,0.9939905860155044,-20.841437825563872,-0.1457443204584886
832,2,0.2714897338918713,1.3339650814592838,-23.847693112027272,-0.2038264368549339
832,3,0.4183304307220091,2.9862177793256013,-73.4394498886526,-0.3766125635315518
833,0,0.6152499461175894,4.178296487019765,-80.3194085662282,-0.5616741857778196
833,1,0.2313805972832626,0.8346810160521201,-21.66886954662711,-0.1719751551319611
833,2,0.4652389119456578,2.6437084603401977,-59.98703332453246,-0.410870091263921
833,3,0.7768108914111879,5.108909914696993,-132.18662956748315,-0.730312870538581
834,0,0.998601978500138,6.861219362191113,-123.9255435432097,-0.9388298753273462
834,1,0.2539192957925644,2.0872327237316144,-28.91907608338865,-0.2008269172457545
834,2,0.4787637900995171,4.03187148206617,-61.31900211669063,-0.4228896697702802
834,3,0.5621736075658694,3.849728822962694,-87.2391581600125,-0.5131715185883088
835,0,1.2308937220367375,5.221350936062335,-155.6630296665722,-1.1703987192975354
835,1,0.1185697712477199,0.5093410381656047,-7.941028520347431,-0.0606185383232628
835,2,0.4901941598503055,2.20389263497094,-59.18850943940924,-0.4320329156161258
835,3,0.3346500976578616,1.932951527825556,-50.51728848424803,-0.2886702199099887
836,0,0.6422548888497953,3.946113709784473,-86.06926259659949,-0.5895154972369828
836,1,0.1709148022018389,1.0974722158920465,-14.878423589358263,-0.113575752590521
836,2,0.3834952602572236,3.327551793637165,-38.80792953148343,-0.3180977830449462
836,3,0.5218474079007445,3.171044207852113,-79.46104618961859,-0.4729824177953487
837,0,0.9970988937767816,6.195751023494784,-127.69742148376852,-0.9389516285571212
837,1,0.1743584117575915,1.0015553993995334,-15.32385346517268,-0.1169759806501731
837,2,0.4351724343114873,1.6279434436742717,-48.72254572239501,-0.3747888132491924
837,3,0.5118823917518701,3.4295146984551184,-74.28585278015576,-0.4614028122991041
838,0,0.8180791002312262,6.799161984334379,-109.9774031874054,-0.7637319665792042
838,1,0.2774975360935969,1.945046987964828,-33.51007405087802,-0.2264194192626893
838,2,0.49546281436056,3.618019741211112,-59.79308949147884,-0.4364459086969258
838,3,0.8953935217829567,8.519975078568889,-153.53118894609014,-0.848238612961824
839,0,1.193212961801956,7.602391779548757,-153.07579189813805,-1.1338947548010223
839,1,0.1434240619427449,0.7116317906949539,-11.655290648160122,-0.0869797809564188
839,2,0.4825097959202449,2.7641724749318577,-51.46985506122525,-0.4184541061888231
839,3,0.2693327714336812,1.3269945218419,-39.05345807470645,-0.2231626175697511
840,0,0.4958576267043844,2.5687621252241803,-55.058272144190056,-0.4369704138427782
840,1,0.1268767315985211,0.3908280487952283,-9.94381411576758,-0.0720566240273013
840,2,0.341639425879625,1.7688526548047978,-38.533101693976384,-0.2833316301027675
840,3,0.3110581708531066,2.255980721434121,-47.00936239779385,-0.2655896180666319
841,0,0.842905673090464,4.479979149798592,-108.5200514390913,-0.7863771843412414
841,1,0.1286267611970885,0.6688298522377053,-11.820832575576466,-0.0782836594409037
841,2,0.628101409799771,4.750438411827126,-94.23827165389145,-0.5781489058520947
841,3,0.4554699351224696,4.202204530240529,-71.49967763273163,-0.4085695864727522
842,0,0.8680209274247574,6.210838198907693,-99.08122938866096,-0.8055384503143167
842,1,0.1364353460458937,0.426604417326215,-10.14874659178776,-0.0780672814752904
842,2,0.2410704067939632,1.5038022734089225,-25.04646861483646,-0.1828209387944267
842,3,0.3588789537081984,3.1827699326584957,-55.46688428766043,-0.3133722276139007
843,0,1.1530516222564922,5.984756791408267,-144.1405775669838,-1.09197407247715
843,1,0.2209988406284438,1.427652483615935,-20.605576184120547,-0.1622486313710279
843,2,0.5249683424535576,3.117556007412732,-59.76555961762533,-0.4632989117645374
843,3,0.3868192012653684,2.4959951524311608,-58.83304321277147,-0.3400753942934767
844,0,1.4075032662958658,7.498015056149716,-186.0878430190475,-1.348462630572808
844,1,0.2425060440295928,1.6470119325820238,-22.774966673079124,-0.182199733384633
844,2,0.4052279487392744,2.963634429007207,-43.92204872172589,-0.3431410056384835
844,3,0.6074665325383581,3.5145633655515414,-99.95313171834565,-0.5615344478558744
845,0,0.7132713496100463,4.744958174902965,-83.59856618385018,-0.6531137983113295
845,1,0.1924557008227915,0.6092108337447799,-18.10550717976059,-0.1361316329305307
845,2,0.2301695334177685,0.9333182962563832,-23.60463275374048,-0.1722965894433611
845,3,0.4884660119327585,4.566783121232369,-82.13502428514332,-0.4439731042440179
846,0,0.571673482910492,3.206588252323707,-73.54458652015127,-0.517919623381347
846,1,0.2800459915800573,1.9740179280864392,-28.93408611911384,-0.2225698932239526
846,2,0.2245918202900618,1.1581716214378244,-20.863022498209425,-0.1629923632672611
846,3,0.3198903483022091,2.7984537211106733,-48.928346242892665,-0.2748783496791723
847,0,1.2406798177745832,6.104747572272332,-172.84688887849197,-1.1838828005376163
847,1,0.1648130871275491,1.0700597485516945,-14.919711237933186,-0.1097037591024499
847,2,0.4275298176523402,2.379978352204265,-49.83118741651841,-0.3691199067890253
847,3,0.2910012920408751,2.190965290411559,-45.54638139074364,-0.2475346814714328
848,0,0.8287036220681173,4.599843154339993,-100.77726075284752,-0.7692920668156299
848,1,0.315206106801177,1.8870197602450745,-33.51430307674974,-0.2578023313596134
848,2,0.5162410152403237,4.391139957576531,-64.66701316844039,-0.4586312990669531
848,3,0.2162974102699764,2.437654642575945,-31.265339977851,-0.1727366849605027
849,0,0.5024143811399605,3.0475357289829685,-60.79730671066476,-0.4470390199313585
849,1,0.2023546628218099,1.0926181636173216,-20.637682979345165,-0.1484725394197494
849,2,0.4485642397523264,2.490773788969619,-50.80406573667516,-0.3878172956998103
849,3,0.8521158620280366,6.990936146544261,-155.15916669307666,-0.8081206598597742
850,0,0.3968154274218305,2.357460499155967,-47.71723030780375,-0.3432894266748471
850,1,0.1468956692306116,0.5345689657596541,-10.750689496295667,-0.0860055159703653
850,2,0.4188870713505275,2.3193355833510902,-47.87488035064281,-0.3599615063958106
850,3,0.4321876073447931,2.160564676967937,-65.76277945827769,-0.3845776576507467
851,0,0.6620051114638114,5.819383237168648,-84.35617838837258,-0.6068789812113136
851,1,0.155564598218631,0.8445334919068451,-13.33028840676622,-0.0994797642295986
851,2,0.3742555466948673,2.81995639529626,-44.75647460269979,-0.3174218056929063
851,3,0.3472064551871285,2.320139033733831,-53.0259163817009,-0.3012836158051187
852,0,1.1924866139837644,8.33389987901763,-152.9051205301661,-1.1326305224456747
852,1,0.1264105282924945,0.7395515265327108,-11.193719019679742,-0.075125631004562
852,2,0.3308888607756471,1.2765431657525634,-33.845188724754735,-0.2686126089266248
852,3,0.5034329536479867,3.35022665213683,-81.91892872535387,-0.4576476465103568
853,0,1.1496756168026765,5.147167226302426,-150.41476578306768,-1.0899620708917948
853,1,0.2763345115030808,1.5441058922238922,-28.76948368622014,-0.2196143792841232
853,2,0.2262490456064053,0.9663546307132655,-21.559635349101946,-0.1658433488392457
853,3,0.2468497158866004,1.3977422534708777,-35.05750631725757,-0.2014799213635492
854,0,1.1810395020204787,5.286494622620394,-156.01045588136836,-1.122377380441499
854,1,0.2388150956782134,1.5868829942356393,-28.2595878535024,-0.1883972523566826
854,2,0.3171656034921639,2.177648335813561,-37.47298123303951,-0.262048819811465
854,3,0.2670720051664648,1.311784576599325,-37.96424804447574,-0.2207223723516031
855,0,1.5932216977894662,11.278569283277829,-206.87559357944983,-1.5324118042922212
855,1,0.1655432758511083,0.6581901055087986,-15.835865450997394,-0.1123111024893432
855,2,0.2473132450196865,1.0709219698505577,-25.16705384053653,-0.1878138346308696
855,3,0.5282456988880028,3.1304638402003397,-84.6947886834352,-0.4812203902467909
856,0,0.6334177261264243,4.176058868529814,-77.2071789597344,-0.5761729773114508
856,1,0.612593235576796,3.490221095525111,-67.18659940115077,-0.5507098311569736
856,2,0.3973562787151668,2.578621774437647,-43.9288900871725,-0.3353350388333778
856,3,0.3783386966569479,2.7769083494543594,-57.7378438722538,-0.3318266889209988
857,0,0.9573814054822416,7.079514089019843,-124.16139085649417,-0.8997202235977838
857,1,0.2436629549431388,0.9482782362663286,-26.55893299500461,-0.1897066642500329
857,2,0.3527490003624944,1.5629723752976354,-35.923361007332375,-0.2897045242526804
857,3,0.5265971475072733,4.636534254746196,-83.41721885607183,-0.4794093037705277
858,0,0.7326372402289972,4.6976913745705176,-88.99908914879495,-0.6742355238545072
858,1,0.2497375122783861,1.3998727232694794,-24.71912899363438,-0.1916211549894138
858,2,0.4631410809950849,2.11850584408432,-54.09482538482618,-0.4036927267524342
858,3,0.3284399981679728,1.6970646852660607,-51.39130141176972,-0.2839298420539763
859,0,0.9017929865049644,6.016779738371123,-117.41000789317924,-0.844676315778268
859,1,0.324440987361239,1.514538173217717,-32.08785097828044,-0.2630151719531183
859,2,0.3791186880227848,2.335925346179472,-41.283132578933056,-0.317562558299485
859,3,0.5714199225681584,3.713848139616381,-93.3751631275174,-0.5245795681321203
860,0,1.736332190646569,12.936452538599593,-238.1912820813512,-1.677403394939093
860,1,0.192815076383939,0.9700179835486146,-19.90867645741855,-0.1402019468832292
860,2,0.3625161178842763,2.821983551405912,-40.70324861903335,-0.3037555867092041
860,3,0.3007282122387207,2.400924963504264,-46.06412660920172,-0.2559118144955651
861,0,0.5139198988301074,2.78541688862192,-59.87556978166968,-0.4570654181806845
861,1,0.140228003220126,0.5307213215226689,-9.112458816174236,-0.0765752841695314
861,2,0.285041517894694,2.1894425557226884,-33.95649484407576,-0.2309965635651412
861,3,0.4509121143401412,4.537559903331966,-72.98592359461807,-0.4054773533034337
862,0,1.3611056170257805,7.676795643693201,-178.44490504865402,-1.3025175550996644
862,1,0.3413958928223118,2.293835450703023,-38.18347232588324,-0.284951286014054
862,2,0.3029653025095366,1.3794849591019305,-29.94816828345836,-0.2395853462676669
862,3,0.3617311479466847,2.224018637166624,-57.761089152520455,-0.3173686217171453
863,0,0.850279813290322,4.821829027451135,-107.82851220853462,-0.7928567074156957
863,1,0.1298152454673996,0.5117135700911775,-6.490898714501332,-0.0601009140231604
863,2,1.044917433768538,4.673325167778888,-121.35595199699696,-0.9786770322338464
863,3,0.4061854805199211,3.852590741054576,-67.48062886808383,-0.3627990799359346
864,0,0.8153102112535524,4.760813249246743,-91.06964091010808,-0.7526416604141165
864,1,0.5900878024504832,4.127932474525304,-77.2036833611743,-0.5361366900081549
864,2,0.6756904327691365,4.706488976117354,-91.12355278469816,-0.61988811418162
864,3,0.4340271059191552,2.9033312633673294,-69.478681778831,-0.3881490602169329
865,0,0.6145204212230704,4.696295205345629,-76.5193108788155,-0.5585351159037628
865,1,0.2501791164506904,2.034354775464647,-26.67944357795964,-0.1947404640726981
865,2,0.886810599581576,3.753708025722317,-122.02793656823856,-0.8301220174710107
865,3,0.4637661181475503,3.142103363580139,-75.72335457923427,-0.4183610750233937
866,0,0.6187499615194767,3.70346680967075,-75.25030212314546,-0.5615694188294438
866,1,0.2966148484476291,1.4314220523520629,-32.1548993012133,-0.2399619350836813
866,2,0.5636835913192868,5.015532299835301,-70.92218121119633,-0.5065870086514024
866,3,0.3147160393820659,2.478500608227667,-46.0830985597642,-0.267924991626536
867,0,1.231309807050959,6.664616754073928,-167.83097934422727,-1.1736432121973934
867,1,0.2729969873703887,2.202317914032429,-29.789840582568797,-0.2174440918435678
867,2,0.4458107431685308,2.0063898818812387,-48.14871084085085,-0.3821326257210385
867,3,0.4834490121612973,3.0873734199442224,-80.23868822240752,-0.4384627771716258
868,0,1.3615963345843765,9.678412352592265,-195.902113035338,-1.3060140869022534
868,1,0.2693117917791835,0.952624696524084,-22.95946446769556,-0.2031811014840315
868,2,0.4621289391237111,2.620325514175221,-52.52324744445293,-0.4009408201866636
868,3,0.3024066174133936,2.209336223727452,-46.73096391992057,-0.2581821211045335
869,0,1.4664948120099683,9.158536662715866,-201.47781898138416,-1.4089357970726164
869,1,0.1693928416656136,0.7321767675245279,-12.643535061469237,-0.1062481937938591
869,2,0.6697969515619637,4.670699906637091,-81.04589584288743,-0.6093676379164469
869,3,0.5323361807243976,5.726149464875713,-92.82875249094546,-0.4885723815312919
870,0,0.7638715689294642,6.687287769841142,-91.63334570457695,-0.7048718900352073
870,1,0.1221128387994773,0.4629920726572351,-8.943177197338953,-0.0657586558627864
870,2,0.3619467895621608,1.4191843420148695,-42.40068435837575,-0.3050408946645737
870,3,0.3287706896402145,2.49719384653268,-57.032671389407135,-0.2880437948959956
871,0,0.8439414767833557,4.431276244905413,-99.45468363222942,-0.7831077451356647
871,1,0.1155721592983153,0.3966242552977498,-7.569317315012776,-0.0577810482062043
871,2,3.075144131165292,18.95934705641236,-604.4900629345415,-3.0224503146727075
871,3,0.3256924080701619,2.6374493147951457,-52.80893031836877,-0.2824006968896725
872,0,0.875616308606556,6.098153378556787,-108.63906902787032,-0.8168351054727093
872,1,0.1112099659675559,0.5840627390497446,-7.231262862659799,-0.0543703974636075
872,2,1.2805983299230117,7.652595190586993,-178.18217630858132,-1.2288425952315951
872,3,0.5938268134793677,4.888987453225584,-97.31165498617372,-0.5466946909335603
873,0,0.7702429710623091,6.499479047623202,-104.69763955684935,-0.7171071202523929
873,1,0.1072835139766645,0.4383911529659465,-7.872962853376601,-0.0546733531484486
873,2,0.3809902410585171,1.9054691738737888,-41.65655163283356,-0.3204350125602582
873,3,0.5634488075487716,3.045949800603426,-94.29176504005824,-0.5180866210992212
874,0,1.190347807057219,7.179028638395319,-162.1953854915332,-1.1342334649757566
874,1,0.2003835654733446,1.8598149448558876,-26.887927860822845,-0.1563251619815281
874,2,0.3554243095696074,1.614588391537999,-39.77923789918333,-0.2968599843222636
874,3,0.4984042421463879,4.347700352812258,-83.01542835304232,-0.453636220508428
875,0,1.1704394571745955,6.728364696028745,-158.4197516470648,-1.115632053852569
875,1,0.3109532409326584,1.891331386329236,-33.90843866284752,-0.2549506666379512
875,2,0.4337516568064937,2.6094883951030483,-55.32646078352095,-0.3789483615309654
875,3,1.0210511290269029,5.925753402175345,-170.2171908404318,-0.9726696619453248
876,0,0.6919012442405883,3.4350697253679106,-82.37632078638569,-0.6336640060491207
876,1,0.1918925506430976,0.9276047125647164,-22.51700701645896,-0.1443397885670446
876,2,0.3211492053672798,1.824528719256825,-41.8677620717797,-0.2701145940114819
876,3,0.4432109688292697,3.519507320070183,-72.0674062905001,-0.3981624656933707
877,0,1.0776776159389767,5.612935709928294,-145.07853983991848,-1.021679858027595
877,1,0.3928578636096924,3.6230693973714456,-43.88766852382452,-0.3350203704108742
877,2,0.2910654015789173,1.3222920492737311,-34.62859511070938,-0.2371821582925299
877,3,1.104434167427117,6.668207152451933,-195.75771470877143,-1.0581498092366024
878,0,1.4469328320641242,8.486922784912382,-185.7864739952254,-1.3864662238449657
878,1,0.4000057811659645,3.518881569014432,-50.43780954457747,-0.3478469623763963
878,2,0.477298223611304,2.92064377042344,-60.74608143911503,-0.4218477877716322
878,3,0.5290872035818778,3.28265113075376,-92.23103176677368,-0.4854264829830193
879,0,0.8435892262037207,4.889504820485326,-108.58038248200062,-0.7868143658115987
879,1,0.5587691230296792,5.040989874258168,-63.97322265220721,-0.4997908019703688
879,2,0.2700609868219838,1.4612485951412817,-31.02559311650102,-0.2154555077534793
879,3,0.4742466891109994,2.427028659571704,-77.15313434297487,-0.4286285241276381
880,0,0.583879202168481,3.12744613141061,-73.57251943056785,-0.5292987009393371
880,1,0.1356709244473088,0.5983415608530519,-12.001877548885384,-0.0833463718672596
880,2,0.2736987724259347,1.4268287213391635,-31.58728424349179,-0.2193561405798041
880,3,0.2281893938392991,1.2214487603512587,-36.06968919805418,-0.1868895813370683
881,0,0.481669589037745,3.3091467166203987,-61.85018279545329,-0.4295151583017589
881,1,0.2194748143827063,1.565713262862951,-25.75471968505085,-0.1694389452963872
881,2,0.3599261762643417,1.9245639339602685,-43.13313949545597,-0.3037545034891266
881,3,0.2873340201059015,4.168056334612186,-50.19612944794726,-0.2509806472397363
882,0,1.440295604664253,6.542861110744589,-194.74506449404493,-1.3811706701705315
882,1,0.112810814722317,0.3833546909047559,-8.400725802391781,-0.0591600408619139
882,2,0.2287993911522965,1.0529534461431644,-27.29946007298596,-0.1772692212531555
882,3,0.2293073850341963,2.165241675395309,-38.000983535490015,-0.19000491767745
883,0,0.6233340655556666,4.063965615374463,-79.03952126310324,-0.5686296493748434
883,1,0.2659103088719477,1.3854528540412063,-29.48810204525031,-0.2121446190305777
883,2,0.3665442354652513,1.9865063328950516,-42.085565561158,-0.3094526879496911
883,3,0.3938985640121442,3.535448866516616,-65.98234366294363,-0.350969913100764
884,0,0.8006639888029908,4.75691467900695,-100.1854134159151,-0.7421141734512229
884,1,0.1345453807568755,0.6892746845938088,-11.951978442636332,-0.0824274375354229
884,2,0.3664649556436394,2.425659124863809,-43.01426814591204,-0.3094551665173528
884,3,0.2579138030936794,2.04588795030646,-39.721851601443866,-0.214712711359156
885,0,1.2771603049700668,9.060650395169334,-174.4324470769629,-1.2198073222165238
885,1,0.1791209958529052,1.4203550743487865,-17.39464501359041,-0.1251413310330245
885,2,0.2955659716066884,1.7385642859881565,-35.79871689564384,-0.2418832222678638
885,3,0.6374722282469404,3.909857575575145,-104.56590865022372,-0.59076784548149
886,0,0.670101922145868,4.802182303451175,-89.45958629592181,-0.6169626641098056
886,1,0.2686447610700543,1.321339729994038,-26.315092049862603,-0.2088499369036714
886,2,0.4868516077913705,3.3779715619226742,-63.002331190834646,-0.4315228163755797
886,3,0.3377188654192051,2.057860187242786,-53.78595704607658,-0.2939123335851179
887,0,0.7725100791607211,6.25979287581236,-108.83111737168896,-0.7207358766337018
887,1,0.2344487053228121,1.473929452545406,-25.48924721421355,-0.1807748029376847
887,2,0.4660582980181353,2.658663077154487,-53.53772227221267,-0.4055888050925202
887,3,0.3638680114086594,2.484498415439948,-56.39079044770595,-0.3185920364277173
888,0,0.5319334158737039,3.0286203885769853,-66.93400439095336,-0.4781000313639525
888,1,0.1361235082450675,0.7263245768931211,-10.773604829838243,-0.079804480221024
888,2,0.3416995143611278,1.8172091827359151,-38.54867720631928,-0.2834461559288182
888,3,0.4980897201617719,3.902383547614797,-86.94341603763554,-0.4552011310870971
889,0,0.4776470080621347,3.1814531785997264,-59.78164702262632,-0.423983312217208
889,1,0.1639745677939133,0.8927787053278131,-14.528766116122023,-0.107620489749052
889,2,0.3355450910152016,1.7876402214642046,-36.91385059736808,-0.2754764969952841
889,3,0.3669436283373117,2.6561699219616117,-62.71052822634395,-0.324925016716808
890,0,0.4815916464554712,3.2029783913603924,-57.07202770569196,-0.4259106545200892
890,1,0.1310604609768262,0.4798048115025978,-10.096645087091993,-0.0747899636080888
890,2,0.469673604335499,4.071570332337475,-60.47397708021859,-0.4142053224672506
890,3,0.3058344037414223,1.9990518128325157,-49.43203360486777,-0.2629363489620626
891,0,0.7512719432035679,4.581253253804007,-85.5558704249542,-0.689966696975437
891,1,0.1336381033166178,0.4426423164742358,-11.557610180432023,-0.0808224488142099
891,2,0.1717589691373303,0.5554629594756679,-14.910171253600923,-0.1121065507789543
891,3,0.3370778131246008,2.571181419003866,-54.916586085090366,-0.2936715833427292
892,0,0.6673092896053365,4.410175944543169,-80.51173707236781,-0.6099374020633925
892,1,0.1126849728011267,0.4522174674733509,-8.637970374477058,-0.0599859053783129
892,2,0.43204026671422,3.041485217833584,-53.34709207549032,-0.3756837470104952
892,3,0.3319718681069168,3.2625358139393703,-50.405039167866086,-0.2863922679992391
893,0,0.726180406189647,4.803118352922929,-88.15915181072809,-0.6678723622024856
893,1,0.1563978092811541,0.4771225587562218,-14.183433890464055,-0.1020390927371514
893,2,0.4469947276054339,2.656259661481402,-53.78755095597351,-0.389764861999808
893,3,0.33245262179276,2.205554666538628,-52.20402850439684,-0.2884200469856179
894,0,0.6151130837340865,3.822030490709704,-76.60923395125816,-0.5591914886953151
894,1,0.1381014705198874,0.6205628740338547,-9.745382187518148,-0.0773443030755408
894,2,0.3754526220129296,1.855265652253792,-37.91606753858715,-0.3107874388408783
894,3,0.5670840973619823,3.1346486500025343,-93.85270350642234,-0.5214039083690131
895,0,1.3799622990587057,10.488691903869125,-191.88190988521723,-1.323323516449774
895,1,0.1522584079550528,0.8554564599716588,-13.491937226081228,-0.0977676610585596
895,2,0.4286551940945002,1.6990991159149025,-49.09375517601852,-0.3691259787670565
895,3,0.5742190214477981,5.427792058378943,-94.60014128888795,-0.5284924094351283
896,0,1.3723282134436807,7.6191070464177795,-193.43414020316573,-1.3158785047834405
896,1,0.1826860420557451,0.8519390081697215,-16.923122788608023,-0.126291961109015
896,2,0.3392891406119857,1.824820270890626,-37.284768819350674,-0.2803366076642908
896,3,0.6567043412330044,6.056380220166583,-114.38767381612568,-0.6116987904605652
897,0,0.6583778801431577,3.602811269372649,-79.32909983702173,-0.6009780290683464
897,1,0.1784945406883413,0.5832783968271235,-14.678358979577885,-0.1183738627385313
897,2,0.4160301190682375,2.738635583632031,-44.082602255374695,-0.3526608180429975
897,3,0.7928846703513373,6.3019371878773,-129.5503520438695,-0.7445422531256868
898,0,1.0285737776071078,5.567798122092794,-125.90783292630864,-0.9685217917408356
898,1,0.3894858287741133,2.714476867960853,-44.673194337399295,-0.3333820472940246
898,2,0.1716657800037994,1.054234922545026,-16.620655425612796,-0.1162283596196699
898,3,0.6436487761739035,6.216791001990035,-101.1268142830392,-0.5948636134296423
899,0,1.1130148186568851,7.306442232343436,-140.16589338433275,-1.053878897626562
899,1,0.1791117073590133,1.0937104174764951,-18.05633667620937,-0.1262680886448207
899,2,0.4134857058214874,2.192330679210152,-48.65116156348463,-0.3551179676166761
899,3,0.4723248042826372,2.189703152631325,-73.4925737499092,-0.4248125650283769
900,0,0.5658289446374674,2.948334726850941,-66.50533190945212,-0.5076742893851307
900,1,0.2194254930057351,2.0060609015359363,-23.224646229823588,-0.1658903302130256
900,2,0.1913547454308692,0.839635256064007,-17.893759155658035,-0.1325463641159854
900,3,0.2175144198774422,1.7939065718019709,-33.10234564309829,-0.175144685942319
901,0,0.4902614392372781,3.3263437711853534,-65.00012114491608,-0.4391900077359194
901,1,0.1266858956117077,0.409791023416604,-9.510118032860468,-0.0704453187619294
901,2,0.4553831570701106,3.31717102407784,-57.51089586587411,-0.3993812212907924
901,3,0.2432648547337048,1.8834844935023405,-40.20763774201209,-0.2030688774849095
902,0,0.4298485282151136,2.6417774786221506,-48.88272446435102,-0.3731505684301605
902,1,0.0992662430502992,0.414055888089895,-7.018563461241905,-0.0477453296683122
902,2,0.2376453023688679,1.130422392352387,-24.429072144044344,-0.1796255304709142
902,3,0.2804119082892709,3.27747865252099,-46.10705957166079,-0.2388966817184497
903,0,0.5476416042322623,4.279290932409163,-65.85600816630343,-0.491462747509727
903,1,0.1599306587652594,0.8796729784749797,-15.985464465113742,-0.1087446562252635
903,2,0.3234367652445992,1.32597760372107,-35.111415995826654,-0.2639956089911778
903,3,0.7900535388538444,8.124881392060585,-140.98042706441947,-0.7459281855260289
904,0,0.5528472950446787,3.653472024606266,-68.79513775310537,-0.4985154909645316
904,1,0.1143730043369739,0.3707421589935852,-8.816454436352,-0.061653527526937
904,2,0.3417863982064595,1.7275788643260006,-40.18505570211718,-0.2850003950504765
904,3,0.5053705097965058,4.390505823914827,-85.75388996336582,-0.4610424191578807
905,0,1.1661803516900298,7.4718870261208865,-156.38604881890927,-1.1091209136092857
905,1,0.1452366100751272,0.4398470333463829,-11.37858287815641,-0.0875275606012031
905,2,4.920790623488258,23.93393888929354,-972.7063751248088,-4.863531875624044
905,3,0.4612085054461993,3.8223052416038814,-76.78917626856398,-0.4173324797204564
906,0,0.4719342042332027,2.4777556254561066,-51.01580549473775,-0.411417786247885
906,1,0.1256848033467291,0.42957990474833,-8.14690545886011,-0.0651752436708808
906,2,0.4278416870968912,1.894067427421746,-52.3740572349115,-0.3714472144319964
906,3,0.3228822849898373,2.541645151336944,-51.65921172888197,-0.2792389823182809
907,0,0.7354281648607813,3.9526584794103647,-92.3209620265561,-0.678830603136442
907,1,0.1440435382742684,0.7356173297003892,-10.76579359761126,-0.0847700283276477
907,2,0.5756741156293198,4.505556714677423,-71.87433531358603,-0.5170815490186045
907,3,0.4406617075434605,4.373555515780611,-79.06655154661432,-0.3993260179121935
908,0,0.4848692851296679,2.7454345693798152,-55.55598444939751,-0.427353726533827
908,1,0.1825010229958854,0.9220023529875124,-19.09296178290839,-0.1307737108418382
908,2,0.3705722588627902,1.4158584229912363,-40.30750805174313,-0.3100577542441779
908,3,0.2560099157146478,1.573691669476285,-39.898891753730666,-0.2133630575065811
909,0,0.4645962503021132,3.481978397196903,-58.46146250129685,-0.4117004401499778
909,1,0.2306743275113544,0.7290562736321584,-23.96227230733165,-0.1761931787303797
909,2,0.4227940991207281,2.6381362263206247,-52.37146136442628,-0.3662339955554285
909,3,0.3129467141852907,2.1842611139350363,-49.63718371295652,-0.2697673027878072
910,0,0.6216137291956239,4.146207509582581,-71.97550571307235,-0.5623086383833777
910,1,0.1184430221371098,0.4109662959602473,-8.862448668703587,-0.0637586235158531
910,2,0.2741957928052683,2.3185133143597167,-32.18668343219082,-0.2204567358369234
910,3,0.3341965269891789,3.949323714392165,-54.68280465093667,-0.2908659821858333
911,0,0.7131461716622202,5.646229952266103,-98.5504158242287,-0.6614121867397899
911,1,0.1479098563272992,0.8798587792487169,-15.792630301472604,-0.0999533563384342
911,2,0.5561919231864256,2.6187274258993285,-69.86020445901386,-0.4990014604215275
911,3,0.7316987589790765,4.636490499359999,-129.85411727558943,-0.6870588215639652
912,0,0.637734768482964,3.5194695437801418,-76.54219257462844,-0.5798650952623366
912,1,0.1364383768771831,0.5634367962992951,-12.343679111657297,-0.0845457473401184
912,2,0.3504382721614708,1.4843650375180584,-39.80348659057328,-0.2926726955189211
912,3,0.4743695396963442,3.8978527193083834,-75.34852051721332,-0.4281165938478029
913,0,0.8746063357826822,6.008402863897398,-110.23192926701016,-0.8165328093852605
913,1,0.1285411252449892,0.5646202496702115,-9.430250022328336,-0.0714412880479419
913,2,0.1564426051683271,0.8911437651862131,-18.386265611370785,-0.1094420572105403
913,3,0.3113124113794549,1.9585222538759264,-48.67319359061764,-0.2674351296187782
914,0,1.0009318767159914,6.17644462079266,-131.15017563777656,-0.9435264434372416
914,1,0.1675172290764136,0.6726764197337642,-14.064995346248084,-0.1090309716763417
914,2,0.2181648418138145,0.923418721494832,-22.9198734376382,-0.1625522938839589
914,3,0.2893690495377617,2.688510574793255,-46.32882252245891,-0.2464299070343558
915,0,0.5803908924934473,3.056314690070071,-73.59944044507256,-0.5257102888933755
915,1,0.1674980770087707,0.8184110038939815,-14.119510913973985,-0.1094535729765425
915,2,0.4065156352077667,2.2934618902540733,-46.206535228711374,-0.3474175581106118
915,3,0.3414021131842943,2.160162820780135,-54.45478195025156,-0.2975671144822489
916,0,0.5867803057369291,3.138055583640419,-67.50152026365747,-0.527355627059824
916,1,0.1913329552101289,1.0985302827589924,-20.37832393518883,-0.1395775611999235
916,2,0.4847343987800843,2.9822648973505665,-59.90797799729105,-0.4279141285520789
916,3,0.4427074957067028,3.754862828915184,-73.71257621473747,-0.3984463579174998
917,0,1.1399928654697746,6.548128563503375,-149.25657106812886,-1.0815693555661512
917,1,0.2296168886325421,1.175406723358985,-20.775385816190624,-0.1689055757413872
917,2,4.514879160133706,24.47140056855383,-891.3376219469283,-4.456688109734642
917,3,0.4336818798378147,2.329909486951065,-67.32921345465834,-0.386949502612979
918,0,0.6115168379229999,3.1879528117271727,-73.09542357769853,-0.5537532089219586
918,1,0.2911118752131147,2.004718962325562,-35.23342080772802,-0.2396831347464491
918,2,0.2882139663284258,0.8631331015918904,-30.44531503764444,-0.2289121431401837
918,3,0.5229612280897907,3.751377750403393,-84.30056508159339,-0.476274378992053
919,0,1.231255357821616,6.49491213823916,-169.08719374746664,-1.174216623246296
919,1,0.2340562178823563,1.433522173341891,-22.187021611871607,-0.1747009575737921
919,2,0.3862277628369803,2.3634745774954955,-49.084488980884686,-0.3316519525735452
919,3,0.3227691046099122,1.899636895662154,-52.64438905321706,-0.2800233460277503
920,0,0.6359425601169043,3.8415256859987386,-76.96591343166526,-0.5786910784335734
920,1,0.1482837710768541,0.6917132316511745,-11.569404633967295,-0.0896853072400565
920,2,0.3173461373853629,2.125036550684188,-34.89601919519924,-0.2584890310755499
920,3,0.3130642216609343,2.531382981153886,-49.19556162282842,-0.2688282055892263
921,0,0.8712495246652519,4.369263230116717,-111.5642149093534,-0.8143373351047694
921,1,0.212035011590291,1.4881488624286678,-21.386937499935623,-0.1572568933818796
921,2,0.5603640650562371,4.391614451978509,-67.42997187717273,-0.4994812731642424
921,3,0.3870063530106356,3.351170266496507,-58.7783696427278,-0.3397593620966924
922,0,0.5508860035528407,3.7594133436025374,-64.61561427166495,-0.4932489639058393
922,1,0.2384816638775439,1.3576877181908924,-23.77118004816108,-0.1814593896806189
922,2,0.3717137733365267,1.8619934388213104,-42.5927981630614,-0.313182339434275
922,3,0.4111895672222376,2.9168309102651064,-67.48758473876788,-0.3667803518411298
923,0,0.7495319389613058,4.609743340127496,-100.06788768662148,-0.6949158867126493
923,1,0.2372240899559789,0.9259140684162622,-22.88329134900428,-0.1787757136640959
923,2,0.4234290424908492,2.880850599000151,-47.13391483353367,-0.3625685756425666
923,3,0.3806390276188443,3.7627059198582153,-64.50802577515114,-0.3377383548437232
924,0,0.6438956485243877,3.510670412781953,-82.52585942978956,-0.5894704244984968
924,1,0.1811549412268882,0.8729528480686614,-15.486607874430725,-0.1219417942868561
924,2,0.336305865459046,2.063090827344209,-37.59306917046844,-0.2784671790405069
924,3,0.2311305219892415,1.4046589349214833,-35.50104594990684,-0.1888353507973768
925,0,1.4108790289089663,9.7825019644551,-192.03945931111235,-1.3523905585289602
925,1,0.2388632709683689,1.3224777986285738,-24.32588589994352,-0.1829013977439362
925,2,0.3961120947998408,2.376694110199499,-44.69123444545962,-0.3360243191387941
925,3,0.3405096255934719,2.509965122118383,-55.901399359384655,-0.2973478689328971
926,0,0.5085348017685893,3.383259081134764,-61.65934200664167,-0.4533775147547181
926,1,0.2775709369898507,1.1052859947005138,-26.64894871617561,-0.2166581196437041
926,2,0.3069905321386219,1.4431386149354808,-34.70321194226977,-0.2496633952681278
926,3,0.252506372868436,1.994844372313757,-37.94668209657056,-0.2084982532778602
927,0,0.6214416043635236,4.312302771582987,-79.36705678680048,-0.5669075484771463
927,1,0.2716283917227364,1.4350888257027363,-26.42828087473728,-0.2114262469978982
927,2,0.4973796649267448,4.229676315813362,-59.70901063668132,-0.4390368429167744
927,3,0.2774029922736962,1.5671093049310558,-43.88522705820702,-0.2346803586000375
928,0,0.4515446653820641,3.161821691087644,-56.20552361219131,-0.3986207348382362
928,1,0.1823305411516372,0.731043136535258,-13.046253564838102,-0.1154535713702486
928,2,0.4824688123907031,2.87308498006859,-56.11511137637842,-0.4219181306494618
928,3,0.2248303477118351,1.8099133504507825,-37.11051429219502,-0.1855525714609751
929,0,0.6196142075590786,4.158625832432223,-84.65922958906981,-0.5681827489199316
929,1,0.2616841614603133,1.903618622946444,-25.712208899088623,-0.2024583377880994
929,2,0.7702344173959577,3.9015762493999326,-92.68204787112876,-0.7074965486345708
929,3,0.3223912026385553,2.017514582558417,-50.92909742942815,-0.2783010788493341
930,0,0.6196375238824341,4.604781933016497,-73.61397593664329,-0.561938747607964
930,1,0.1288981667861995,0.4779597771617306,-9.54611942980841,-0.0717753340587098
930,2,0.3195968034878501,1.9353170967195887,-37.7429052512169,-0.2639364003581601
930,3,0.2941158982123253,3.073075616645991,-47.57999096973028,-0.2517459839668269
931,0,0.7956306022713137,3.87931891141636,-99.6316416314818,-0.7380121602331985
931,1,0.1750224650622813,1.3942719978977265,-18.23128669329236,-0.1240223584577711
931,2,0.3340629446266474,1.7408951596875104,-37.87656489270094,-0.2764712765890579
931,3,0.3475145548891051,3.031793004718021,-54.78001665400677,-0.3026520257127446
932,0,0.6382004529695826,3.729827793818239,-81.09366579616349,-0.5834076675982985
932,1,0.189475149787103,1.2637620628605144,-17.70127710883448,-0.133092309088981
932,2,0.3133686766429561,1.8709180245434975,-34.12053403343889,-0.2546308509958125
932,3,0.3296075943316719,2.5269971468313006,-51.30019256133338,-0.2850010697851854
933,0,0.6480203401245467,4.163986873384813,-88.25688050279913,-0.5963302736675617
933,1,0.1411627568374352,0.8735184829194647,-12.612878925251932,-0.0882019505262372
933,2,0.4275727222009152,2.270041473853447,-49.27889157760198,-0.3677529222209103
933,3,0.429446722616859,4.001158281130087,-67.4045740114494,-0.3829805341559625
934,0,0.6058392894204657,3.5988546404984247,-73.6526535595443,-0.5496466683548082
934,1,0.1742193268541863,0.8576608252149079,-15.416448810613923,-0.1167912788682873
934,2,0.3279807667831627,1.9415389109878216,-36.26709151713773,-0.2686451223491684
934,3,0.3049181187415896,1.8354482459468389,-45.34069540067251,-0.2590896880038429
935,0,0.9078749799199846,5.468731881368912,-106.56399577394848,-0.8457459982059403
935,1,0.1588372516448745,0.9836293202899102,-13.81367428510215,-0.1023235132229788
935,2,0.282038238789439,1.4355414824356705,-30.438210881855728,-0.2238103741312921
935,3,0.2506468580680031,2.354294707832751,-36.13798888193953,-0.2053294822837473
936,0,0.6383565260330605,4.062890716222245,-76.0415963518469,-0.5804702011591367
936,1,0.118983730423736,0.5703026275244722,-11.00483475113651,-0.0705438125072853
936,2,0.3597222295916745,1.5404301188578873,-35.22307996102889,-0.2935256663419074
936,3,0.3352875491652576,2.2775003564454024,-52.37028841748779,-0.2909460467638211
937,0,0.7384080294783651,3.7693297266375834,-104.46918735439095,-0.6872972852262563
937,1,0.2445790531015537,1.5681965415913068,-24.49228010346625,-0.1869639702554675
937,2,0.5300898385776531,5.089164151732053,-74.02709697421028,-0.4775941740271631
937,3,0.4512543010865138,5.129652348758813,-75.75292110319491,-0.4072737693720156
938,0,1.440817570939427,7.381409367037354,-199.2982217460463,-1.384015428791988
938,1,0.2709309932008251,1.3605978800257097,-26.315504149667973,-0.2105240331973437
938,2,0.5609240397632975,3.89073661959945,-74.28673830896851,-0.5053519612855001
938,3,0.3699700795217467,2.193205946521158,-58.131405511141,-0.3247564553695027
939,0,0.8315251487744818,5.50819228149385,-99.5521040390732,-0.7717217367370015
939,1,0.1967880618413517,0.8802497449288925,-18.654072975508917,-0.1402561877857813
939,2,0.6148979589216986,5.6011909867240295,-75.40086793316905,-0.5544181465674195
939,3,0.2532674878674115,2.079267116226624,-38.607916298930704,-0.209825632059406
940,0,0.683540283677376,4.935154629312962,-83.94124175103764,-0.6264271772465495
940,1,0.3252770948042688,3.1214753934051664,-35.0771955582243,-0.2677648515894984
940,2,0.5151178984497417,3.926722140539393,-58.987782780457806,-0.4537521752342908
940,3,0.2436771035784036,2.2519075910157302,-37.316344857431005,-0.2006255099861882
941,0,0.8344781286739236,5.32525774624032,-118.91613837179317,-0.7823430156039023
941,1,0.285755138484789,1.2817310283719563,-29.027480135499523,-0.22677718855859
941,2,0.312271364991397,1.236208548319189,-32.10612527612023,-0.2508291037196893
941,3,0.4757720556613659,3.1979725634283143,-80.32030872719568,-0.43182961681288
942,0,0.8316474913660532,5.593114833969008,-97.01732749640934,-0.7699787896540423
942,1,0.1251242717066397,0.6183580099164259,-11.57900320405247,-0.0756797595036109
942,2,0.358110954012334,3.181655451086152,-41.02315391214043,-0.2994390796506601
942,3,0.3662099603780629,3.590610765870926,-57.10418029464726,-0.3208100016553217
943,0,0.7022479075747876,4.575364853412122,-93.4598072996114,-0.6490264395806347
943,1,0.1525349837203541,0.7759412586070445,-17.288342923454273,-0.1060634535181243
943,2,0.3654077124439062,2.8013140262096963,-43.965503881745846,-0.3096162245193369
943,3,0.2130642226169965,2.508888121074001,-34.4864834562118,-0.1732989118402603
944,0,0.5107333087991145,2.7674577482183054,-61.36982436453126,-0.4545912915891205
944,1,0.1133916035451308,0.6984187912499688,-9.343690363865464,-0.0627093313011105
944,2,0.2765033912004141,1.3504585270946388,-29.69745505667859,-0.2183636401226366
944,3,0.2703516666485228,2.28282457109612,-45.75816333635248,-0.2299405192781531
945,0,0.7162723131262696,2.8572549271792997,-83.41331086507707,-0.6567977233470635
945,1,0.1648640766107324,0.6734581584553985,-13.242167716605517,-0.1050965691794088
945,2,0.2676627238069141,1.1510101494148834,-29.814326244472635,-0.2114491223012243
945,3,0.408764616101023,3.9479596666689862,-65.16732606801918,-0.3640632741230121
946,0,0.8126438001512162,4.340715052528257,-109.1937804995659,-0.7582901423580966
946,1,0.1390615913569339,0.5673063721727557,-11.32099613298288,-0.0832426186248741
946,2,0.2947807323003643,1.6344812138467384,-31.28096561001973,-0.2351952301505243
946,3,0.3047763329254275,2.538128506547319,-50.21058033808468,-0.2628826195711239
947,0,1.0364884225321265,7.766755437067128,-143.28238648096806,-0.9813862087737538
947,1,0.1169192030057055,0.3767466269189139,-9.098736061012763,-0.0636275249021871
947,2,0.2764134055093845,1.8094210777415527,-28.032873388374,-0.2156374876028769
947,3,0.3796494407529361,3.569173921310136,-67.09963695314063,-0.338887055318892
948,0,0.5501610262543256,5.2372801664034805,-71.12311073121529,-0.4973644107077992
948,1,0.3225123294223352,1.4896153447045142,-31.56716099470195,-0.260885628055388
948,2,0.3194959891499871,1.615714373059432,-34.203287883071724,-0.2591158172959979
948,3,0.4312793325233002,4.36997479150905,-78.19183682599225,-0.3909591841299613
949,0,1.2159579425191198,8.471532508754208,-158.57952930013298,-1.1575148124097296
949,1,0.1817797771191284,0.6933806386522858,-15.169738425756451,-0.1213579074060516
949,2,0.1494189488398471,0.5153614795170723,-14.62005168842215,-0.0968215343604115
949,3,0.5255551307694278,5.144966781982172,-85.76789745661475,-0.4791502651207527
950,0,0.4013978080130494,2.8834825320146997,-46.75226099346228,-0.3463130443960169
950,1,0.167068727074535,0.8726674690325195,-18.012810844413124,-0.1177307898327655
950,2,0.1982012398894725,1.0223148157452624,-18.88135697537129,-0.1398619035212688
950,3,0.3417440671233381,2.1914535002148097,-57.19238342019306,-0.2994365624093877
951,0,0.5454470387508005,3.4896386441062206,-68.74123403679377,-0.4910088145485269
951,1,0.1355496601101894,0.6098906425220377,-10.7052823326972,-0.0792983876496088
951,2,0.2116891860900962,1.3650599769544915,-20.44087750590869,-0.1525438619843932
951,3,0.3351562718187367,3.303432461810773,-56.9521665672779,-0.2935678689034943
952,0,0.5682379850287618,3.2291823227283896,-69.1366852997477,-0.5121235948129459
952,1,0.1514522711797788,0.8411076388591872,-13.504992271842262,-0.0971582177830378
952,2,0.2988299878959577,1.638490204344994,-36.56823960566605,-0.2454244268836647
952,3,0.463000578860992,4.251362898948682,-81.20978475933134,-0.4207760868359136
953,0,0.4796738129310953,2.150009859981328,-53.03273555501669,-0.4208947266271166
953,1,0.1397995114014851,0.6680143516372185,-12.340628574197876,-0.0869058350295625
953,2,0.3230278095333047,1.850537301760283,-30.43144584140432,-0.2557264356420531
953,3,0.2928717427057714,1.8331509306456268,-43.795981043842566,-0.2474349211516529
954,0,0.3676284991244462,2.6206922322017565,-43.69544175903122,-0.3143556961081382
954,1,0.1660394009920074,1.0605842475386074,-15.431059999394162,-0.1118192753579287
954,2,0.3691754163542847,1.9744874826269143,-41.55255039549207,-0.3100936596678512
954,3,0.3841388604893571,2.6710096640212537,-64.08048521001918,-0.3408536447341445
955,0,0.711295430782835,3.783045004273352,-89.07209517327958,-0.6549418762741146
955,1,0.1694407240278247,0.5178752607363749,-13.304985815078409,-0.1081706163827512
955,2,0.3509862470224377,2.416225294364682,-36.20169966437648,-0.2873150767014006
955,3,0.3577908305074934,2.4469767164469487,-56.31703441312103,-0.3128724134062279
956,0,0.513051824907453,3.957601610571833,-68.35516634322966,-0.461859232048849
956,1,0.1395713535220626,0.8711920027017299,-12.337789670003382,-0.0868858427465026
956,2,0.3269293519395869,1.85901804486092,-34.859709404843855,-0.2661046519453729
956,3,0.4970683666036838,4.552507113120464,-82.28402811876852,-0.4521100446086182
957,0,0.5142804839885158,2.699352386341266,-67.00381176288239,-0.4620952535371199
957,1,0.1051609254064225,0.4315300475279713,-6.794276831767153,-0.0495932615457456
957,2,0.2934992701999168,1.179958014062234,-31.462135087002945,-0.2347920528880817
957,3,0.3071122273065215,2.4008309365326763,-46.975512596575065,-0.2624330312657825
958,0,0.4886913163106511,3.638787874168472,-62.40636614754867,-0.4364081548779627
958,1,0.1450691387524416,0.5188329186191901,-10.998071449764335,-0.0859224332012838
958,2,0.4372104936669786,3.039577570316524,-46.318190437234925,-0.3735337938486687
958,3,0.425678554476012,3.4769586959468035,-66.35691216367917,-0.3791823552210238
959,0,0.6488310012540035,5.46567903050701,-87.09669453606294,-0.596552702301801
959,1,0.171018780780616,0.6298328618247334,-18.346300527038892,-0.1214986789870125
959,2,0.3744778893051409,2.2157949364167875,-39.35271133269591,-0.3123231058150469
959,3,0.6858541103295357,4.913471385126203,-120.52755739303656,-0.6411040286863646
960,0,0.7709522271841247,5.807882140118441,-97.17959338758118,-0.7145558337322145
960,1,0.2421695569191269,2.5886612402269558,-26.1765789559737,-0.1883207119134798
960,2,0.3463221544600431,3.351477806984533,-39.6763893656756,-0.2875100678672145
960,3,0.294422994158312,2.3075547556568328,-47.52529899730098,-0.2514566084513279
961,0,0.712095868382072,4.039736757396769,-87.64985262055808,-0.6541033777653588
961,1,0.1725339969278186,1.071862677586414,-13.178723855889949,-0.1098226987990829
961,2,0.2384557108058937,1.8839561724278795,-25.77600293587249,-0.1828085314600886
961,3,0.36868736784811,2.682505854938136,-55.24787371049813,-0.3212085680842915
962,0,0.9182895108505706,4.2398174234578425,-115.30342796596165,-0.8604733430295646
962,1,0.1222087612892938,0.6252740006117342,-10.045205909917833,-0.0697583743744293
962,2,0.2893094266484073,1.95502122691558,-35.68597470309496,-0.2363309582986421
962,3,0.3791773785909352,2.9194348450070566,-58.61878160025394,-0.3330612590923519
963,0,0.6099140392861389,2.469432668863897,-71.67662250807433,-0.5513586346774949
963,1,0.1182787753823966,0.4265194035813785,-9.90870182228806,-0.0669506879884328
963,2,0.4049893740358766,4.713140508541976,-53.13279617660474,-0.3518728223616208
963,3,0.6797648599052497,6.438866542503221,-109.24052941016356,-0.6314481468795581
964,0,0.5948316111256808,2.913904211083532,-69.73666765632619,-0.536435905048663
964,1,0.113443378006131,0.4845941255495404,-9.300298645526803,-0.0624181117149449
964,2,0.4519419474197951,2.206828815924548,-51.80503918300652,-0.3924624180530797
964,3,0.501723413096373,4.936243415516406,-81.55340187646483,-0.4556055970752225
965,0,0.6137732880364648,3.7976856164062704,-75.26634147609066,-0.5575284553784493
965,1,0.1428248497019641,0.7119255520751687,-12.868290401629965,-0.0899880447666431
965,2,0.3286536554961537,2.959571073675514,-38.43996551026483,-0.2726238688671264
965,3,0.5039205705383513,4.019466520221773,-80.03031590270267,-0.4573160908725867
966,0,0.8554128528753145,5.056005813950804,-116.16338552995052,-0.8011267967582796
966,1,0.151736178048665,0.5520902124460053,-12.13767021373502,-0.0933666939518078
966,2,0.4362056645747733,3.321965958354264,-50.87876940126775,-0.3768797733427241
966,3,0.4741455397408274,3.161150160896242,-80.88253657215414,-0.430226258362522
967,0,0.834976068526264,5.015656848571542,-110.686034046852,-0.7794791130060001
967,1,0.1724317778583652,0.63280898049576,-16.662766257845732,-0.1190197589846123
967,2,1.2076633497495608,9.13577755391636,-154.6359901016469,-1.145451778530718
967,3,0.3694649739364148,3.1751680664829705,-56.88854733005886,-0.3232303825571526
968,0,0.9430165448947496,4.817887982723586,-124.95012420382204,-0.8861710936441279
968,1,0.1780338445719495,1.1299290178366277,-19.021241539570347,-0.1276593391917473
968,2,0.3802850422840828,1.5691306433273104,-36.168326500210895,-0.3117959181052663
968,3,0.3256776321887347,2.2008986413537897,-50.32418146719145,-0.2811406785876617
969,0,0.8438267402091276,5.436332628298864,-106.07266143007293,-0.7857234180005402
969,1,0.1056314796525488,0.3025391498362919,-7.332668810856188,-0.0520047433394055
969,2,0.4663062597518257,1.997995386561085,-49.552434214792605,-0.4028653188194521
969,3,0.5230900038667865,3.1788613808051047,-84.65957676740159,-0.4783026936011389
970,0,0.6370327622532926,5.454748834986656,-78.40639892094062,-0.5807881401551157
970,1,0.3688420163380484,4.115775815152242,-43.29845363762978,-0.3137569104176071
970,2,0.2896246146234626,1.8515972339748097,-29.676125135170626,-0.2282778856551586
970,3,0.4577317303576044,3.850307089037084,-73.28479964290244,-0.4117123575443957
971,0,0.6622524864971581,3.586162553729137,-83.03065739895662,-0.606063192693114
971,1,0.2901546806076021,2.0335970540178256,-29.069825803763777,-0.2307129032044744
971,2,0.4146393193825191,3.02563662013385,-55.04400788859492,-0.3621316308460192
971,3,0.5087724905888343,2.97195645503746,-80.78320589120425,-0.46161831937831
972,0,0.5366562033746953,4.459716120475561,-70.2261632110009,-0.48431836697242
972,1,0.2932725134173996,2.476685552056991,-32.66922254341614,-0.2384614784190959
972,2,0.297580904248492,1.7861433479202296,-33.94400335619433,-0.2407376124552789
972,3,0.8097588132259284,5.646976275645468,-133.06974685068698,-0.7603985534324971
973,0,0.7675241689573088,5.565329440661921,-98.1730489717339,-0.7113989055922747
973,1,0.1895619614639885,0.8411797917303803,-13.41160964509432,-0.1208253121179668
973,2,0.2661408876046631,1.9194304844178365,-28.01910615133181,-0.2075489344543097
973,3,1.2737151367931858,6.652781251641882,-228.01404434390923,-1.2258819588382217
974,0,0.5696052471783004,3.64989630752526,-70.4589786553406,-0.5142991142725591
974,1,0.1860581907931358,1.0203440657668987,-13.060555339710342,-0.1176626607181112
974,2,0.2652744229063346,1.34911044827935,-29.993630943093372,-0.2097456709307229
974,3,0.2809304395440761,1.6161575482025874,-44.1488840256639,-0.2373595915358274
975,0,0.7031282146369322,4.980705096772406,-92.80810131605318,-0.6490077015108614
975,1,0.2066299570757573,0.7950463892842015,-19.96351399805401,-0.1501016090079249
975,2,0.2687796075510208,1.629789296887725,-28.32558840647785,-0.2098191733813174
975,3,0.5134315628025063,3.805497475399228,-80.6066254383694,-0.4659342510888405
976,0,0.79766683990464,5.901707412195349,-99.06762829691368,-0.7393106589321915
976,1,0.1729420562676323,0.8586052706119883,-16.29847887644104,-0.1181049193945003
976,2,0.3064105867906817,1.4311961649708995,-34.76319352329286,-0.2500949174337616
976,3,0.4250070198623002,4.031403409955636,-65.34935612320155,-0.3777419429086794
977,0,1.0565901753151732,8.107824221366116,-143.0279965431463,-1.000195780022002
977,1,0.2279347110104879,0.9355750488859886,-18.867191589480854,-0.1626482033575935
977,2,0.4450806387835904,2.4472360388842462,-59.14402159583915,-0.3916822622241003
977,3,0.4620158164072853,3.648280932063434,-76.79636504119462,-0.4173715491369272
978,0,0.6509153660989723,5.55321512153145,-82.87802629733791,-0.5962447935060281
978,1,0.1619717101181109,0.9058961637104744,-12.189960727565946,-0.099917710881688
978,2,0.2722148951581223,1.436349929254625,-28.82488553666489,-0.2135176706419621
978,3,0.5249723473145961,4.735945942747377,-80.47703062176282,-0.4761954474660522
979,0,0.9209777651272772,7.635833574507416,-127.36749521682913,-0.866445545692715
979,1,0.244888845332778,0.9761644736568575,-23.33027534979825,-0.1851609154745892
979,2,0.3512398570750665,3.0079770918373816,-38.259225446939375,-0.289842617022268
979,3,0.715657279860943,5.107696233508237,-115.99228392765647,-0.6666223214233131
980,0,0.592745506863416,3.160800379502183,-68.88923791887308,-0.5340251001463029
980,1,0.2612696744092036,1.6187367892814448,-28.51874344862796,-0.2066575612219417
980,2,0.3087681876547763,2.708144682175051,-38.987133425212654,-0.2564942988500832
980,3,0.3034358551868121,2.7482722685758403,-50.17856763600517,-0.2613467064375269
981,0,0.6713358717856233,3.964163028472061,-88.92309480828006,-0.617521491724167
981,1,0.2271783745279458,1.8630433266654525,-20.809262205132736,-0.1664740976410618
981,2,0.1929617387386794,0.9224562330079203,-18.50921758640949,-0.1351037780029889
981,3,0.2844320291073204,2.427306010207918,-49.01558533635468,-0.2450779266817734
982,0,0.7384694336554121,4.388727315861843,-98.61644362187,-0.6848364140407638
982,1,0.1835821636492195,0.8963757689324922,-15.502697573240484,-0.1230372823273054
982,2,0.1879381201513405,0.878531133217085,-21.95643131948436,-0.1380907630156249
982,3,0.3792726260888815,3.079933837495707,-63.24598212801858,-0.3364147985532903
983,0,0.9858052435249286,5.619343222178785,-138.13678777693542,-0.9333566741684826
983,1,0.1363977967458668,0.7724199732747129,-11.500987576240645,-0.0821499112588617
983,2,0.2935978761432777,1.485995134578389,-32.244678780090545,-0.2353626188327777
983,3,0.2588081698626339,1.974013566586536,-40.13400937296713,-0.2157742439406834
984,0,0.5503533503023471,3.455275605154897,-67.8111409468389,-0.4949718317287511
984,1,0.147553453459595,0.6052505660868458,-11.358727320052884,-0.0887400571879131
984,2,0.2726826358669461,1.4598643808814535,-31.11457652603119,-0.2175844512309873
984,3,0.4355301435038562,2.772842312233439,-71.51103222659809,-0.3907706679049076
985,0,0.4218373499906104,3.1938818853305384,-57.92881964189728,-0.373734320270305
985,1,0.1954887448844761,1.0158915797121668,-18.06922623994268,-0.1379330247323868
985,2,0.4321184697612079,3.485089177744977,-53.26975959163399,-0.3751391520537604
985,3,0.2587847956872235,2.66573480102406,-39.57359837890371,-0.2150739042331723
986,0,0.7342820822461988,5.387552796932185,-95.0354949518847,-0.6788249639420336
986,1,0.2115489509693316,0.8561257564799919,-19.573212222297748,-0.1529157204867011
986,2,0.2598474490813955,1.132714099061877,-24.21589943384064,-0.1952895115632309
986,3,0.3936007263089509,3.467775001301286,-62.70122906268461,-0.3483401614593589
987,0,0.9794994958727066,7.752934219412961,-126.40553518185556,-0.9226681400135442
987,1,0.230912738441254,1.5875228122036502,-26.87539796309457,-0.1803717984100306
987,2,0.4197365405913837,2.1588275761717446,-46.5623469594277,-0.3581718996879053
987,3,0.2811957912427861,1.958842420021204,-42.04247139229548,-0.236193659507278
988,0,0.4999868085887888,3.9169779561214537,-66.47175829507837,-0.4491335019937728
988,1,0.2268550408265209,1.442501666151743,-21.27331339599485,-0.1675064046928728
988,2,0.2726319091168653,1.7626073488127325,-29.04765377688081,-0.2135856895358883
988,3,0.595943361688561,4.670898477064247,-98.42442064316737,-0.5498570985651808
989,0,0.8911379556511244,5.053660111006659,-108.85098502212392,-0.8309235497872054
989,1,0.2430235217709528,0.9571766463756628,-23.07202806308622,-0.1831113338340176
989,2,0.2613280457035052,1.330989749718599,-25.47047087381774,-0.198988053701701
989,3,0.3634707986452917,2.772713532610814,-57.32857547751107,-0.3184920859861726
990,0,0.7959390159557137,5.830689565160127,-97.3234522474842,-0.7372988806627592
990,1,0.1322940008066429,0.6631151001511711,-12.710594506123634,-0.0830757810857753
990,2,0.4891669985201256,2.443768841194018,-59.996941114056746,-0.4316326698853003
990,3,0.3008693853934376,2.3178867800253227,-52.77159295756153,-0.2638579647878076
991,0,0.7135569329153726,4.874369044859172,-95.69135210070198,-0.659940359315186
991,1,0.1219340569912086,0.4259419148843602,-9.37743690541121,-0.0674635748590734
991,2,0.2076744202593281,1.0485392559496258,-23.44847531385202,-0.1552879159857749
991,3,0.3605416237425096,2.730189049165461,-63.57754455757116,-0.3194851485305083
992,0,0.4192456874261172,1.703174381852349,-47.46856136799244,-0.3623554302900186
992,1,0.2306849742982858,1.9109075540459315,-27.0312024145223,-0.1802080160968153
992,2,0.3015471639586109,1.2888294693839022,-32.79906678443971,-0.2429560502551089
992,3,0.5046669381681652,4.367216081858624,-81.60889679568174,-0.4584769482903468
993,0,0.8674393130143945,6.040597249703545,-117.94802259477918,-0.813434638584684
993,1,0.10915160107672,0.3162664726453713,-7.330105634468846,-0.0535044206895536
993,2,0.1917948468765267,0.830503517846793,-18.539402730682102,-0.134343498048421
993,3,0.3549159455859229,2.495286744169236,-56.10849082058359,-0.3099916619921745
994,0,0.5140493370953085,2.949598068904054,-62.94835318693156,-0.4594770305615442
994,1,0.1409223567434201,0.8545334860931675,-14.71881236526098,-0.0931570402864619
994,2,0.2058877960499069,1.016624835095738,-20.93159352816422,-0.1495113823440301
994,3,0.8951663736454458,6.26763947722609,-163.34527820802376,-0.8507566573334571
995,0,1.218694061870521,9.000619286213526,-167.39168308496286,-1.1624422436455757
995,1,0.1617553483559099,0.766183669655823,-12.439749792242118,-0.1003205628406622
995,2,0.2790187719655422,1.4328942652121226,-31.944192728647756,-0.2233859631373968
995,3,0.3511836316991349,2.4576339077956235,-56.55787269621243,-0.3073797429141979
996,0,0.6848314444897943,4.613187632561514,-84.16929234008889,-0.6281290473140961
996,1,0.1259246486065455,0.5813006714414413,-10.498373034411978,-0.0729053682945276
996,2,0.288258136895115,1.3226231996223137,-28.29121327882877,-0.2245334387208633
996,3,0.3982139340706747,3.8307147772405625,-65.11277099107568,-0.3538737553862808
997,0,0.5281818124285879,3.4802324302456027,-63.72166610341949,-0.4720123415068111
997,1,0.1287627687970851,0.6764140248159224,-9.274713940735058,-0.0707993430590462
997,2,0.2323903223330693,1.8014737123025089,-23.966096480084836,-0.1749350108035389
997,3,0.2384662409354639,1.7070290936071952,-34.75690395651435,-0.1941726478017561
998,0,0.71922534113555,5.258212820706424,-93.1946146241554,-0.6656758187439672
998,1,0.1192048280585802,0.3392451306660993,-8.078564642479002,-0.0616684323853358
998,2,0.3413031786279962,1.6399917687340333,-39.54610081799904,-0.2845043224316477
998,3,0.9756563680685144,5.978460602880209,-175.72558700677132,-0.9297650106178376
999,0,0.6004725200656592,3.977710060639432,-77.00630041322317,-0.5461439745618665
999,1,0.1777757500487142,1.00396435517838,-15.925913403228042,-0.1206508591153639
999,2,0.322692067104625,1.708097311355263,-32.72410003018924,-0.2597150796046765
999,3,0.3962682531365512,3.590923913458964,-65.58971573840728,-0.3526328803140176
