Warning: num_agents (8) is greater than the number of available vehicle parameters (4). Cycling vehicle templates.
[Main] Random seed fixed: 41
[Main] Experiment directory: C:\Users\syd79\FRL-Q\experiments\fast_parallel_fedadagrad_8errorlow4_20260916_run1_error_low_4of8
[Main] TensorFlow device=GPU, mixed_precision=mixed_float16
Create new CSV file.

============================================================================================
[Main] FL round started. (episode 0 ~ 9)
[Main] Client selection: mode=error_low, budget=4
[Main] Participating agents: [0, 1, 2, 3, 4, 5, 6, 7]
Warning: num_agents (8) is greater than the number of available vehicle parameters (4). Cycling vehicle templates.
[Worker 0] TensorFlow device=GPU, mixed_precision=mixed_float16
[Worker 0] Random seed fixed: 100041
[Worker 0] started on GPU.
  [Worker 0] episode 0 finished. (AvgLatErr: 54.9409, Steps: 200)
  [Worker 0] episode 1 finished. (AvgLatErr: 8.8923, Steps: 200)
  [Worker 0] episode 2 finished. (AvgLatErr: 60.3701, Steps: 200)
  [Worker 0] episode 3 finished. (AvgLatErr: 48.3816, Steps: 200)
  [Worker 0] episode 4 finished. (AvgLatErr: 42.3269, Steps: 200)
  [Worker 0] episode 5 finished. (AvgLatErr: 106.4477, Steps: 200)
  [Worker 0] episode 6 finished. (AvgLatErr: 53.8230, Steps: 200)
  [Worker 0] episode 7 finished. (AvgLatErr: 16.2101, Steps: 200)
  [Worker 0] episode 8 finished. (AvgLatErr: 43.1667, Steps: 200)
  [Worker 0] episode 9 finished. (AvgLatErr: 63.1073, Steps: 200)
[Worker 0].
Warning: num_agents (8) is greater than the number of available vehicle parameters (4). Cycling vehicle templates.
[Worker 1] TensorFlow device=GPU, mixed_precision=mixed_float16
[Worker 1] Random seed fixed: 200041
[Worker 1] started on GPU.
  [Worker 1] episode 0 finished. (AvgLatErr: 76.9952, Steps: 200)
  [Worker 1] episode 1 finished. (AvgLatErr: 11.5406, Steps: 200)
  [Worker 1] episode 2 finished. (AvgLatErr: 9.1148, Steps: 200)
  [Worker 1] episode 3 finished. (AvgLatErr: 20.2128, Steps: 200)
  [Worker 1] episode 4 finished. (AvgLatErr: 22.2966, Steps: 200)
  [Worker 1] episode 5 finished. (AvgLatErr: 17.1869, Steps: 200)
  [Worker 1] episode 6 finished. (AvgLatErr: 16.0998, Steps: 200)
  [Worker 1] episode 7 finished. (AvgLatErr: 47.2059, Steps: 200)
  [Worker 1] episode 8 finished. (AvgLatErr: 35.9090, Steps: 200)
  [Worker 1] episode 9 finished. (AvgLatErr: 6.5839, Steps: 200)
[Worker 1].
Warning: num_agents (8) is greater than the number of available vehicle parameters (4). Cycling vehicle templates.
[Worker 2] TensorFlow device=GPU, mixed_precision=mixed_float16
[Worker 2] Random seed fixed: 300041
[Worker 2] started on GPU.
  [Worker 2] episode 0 finished. (AvgLatErr: 41.8335, Steps: 200)
  [Worker 2] episode 1 finished. (AvgLatErr: 15.9017, Steps: 200)
  [Worker 2] episode 2 finished. (AvgLatErr: 47.0350, Steps: 200)
  [Worker 2] episode 3 finished. (AvgLatErr: 51.3911, Steps: 200)
  [Worker 2] episode 4 finished. (AvgLatErr: 41.0925, Steps: 200)
  [Worker 2] episode 5 finished. (AvgLatErr: 12.6035, Steps: 200)
  [Worker 2] episode 6 finished. (AvgLatErr: 33.0096, Steps: 200)
  [Worker 2] episode 7 finished. (AvgLatErr: 35.3118, Steps: 200)
  [Worker 2] episode 8 finished. (AvgLatErr: 27.2639, Steps: 200)
  [Worker 2] episode 9 finished. (AvgLatErr: 21.0678, Steps: 200)
[Worker 2].
Warning: num_agents (8) is greater than the number of available vehicle parameters (4). Cycling vehicle templates.
[Worker 3] TensorFlow device=GPU, mixed_precision=mixed_float16
[Worker 3] Random seed fixed: 400041
[Worker 3] started on GPU.
  [Worker 3] episode 0 finished. (AvgLatErr: 58.1456, Steps: 200)
  [Worker 3] episode 1 finished. (AvgLatErr: 7.5248, Steps: 200)
  [Worker 3] episode 2 finished. (AvgLatErr: 33.0408, Steps: 200)
  [Worker 3] episode 3 finished. (AvgLatErr: 44.6330, Steps: 200)
  [Worker 3] episode 4 finished. (AvgLatErr: 45.0187, Steps: 200)
  [Worker 3] episode 5 finished. (AvgLatErr: 11.0494, Steps: 200)
  [Worker 3] episode 6 finished. (AvgLatErr: 11.2320, Steps: 200)
  [Worker 3] episode 7 finished. (AvgLatErr: 27.2661, Steps: 200)
  [Worker 3] episode 8 finished. (AvgLatErr: 22.9313, Steps: 200)
  [Worker 3] episode 9 finished. (AvgLatErr: 7.8585, Steps: 200)
[Worker 3].
Warning: num_agents (8) is greater than the number of available vehicle parameters (4). Cycling vehicle templates.
[Worker 4] TensorFlow device=GPU, mixed_precision=mixed_float16
[Worker 4] Random seed fixed: 500041
[Worker 4] started on GPU.
  [Worker 4] episode 0 finished. (AvgLatErr: 28.3421, Steps: 200)
  [Worker 4] episode 1 finished. (AvgLatErr: 60.4508, Steps: 200)
  [Worker 4] episode 2 finished. (AvgLatErr: 59.2820, Steps: 200)
  [Worker 4] episode 3 finished. (AvgLatErr: 41.7274, Steps: 200)
  [Worker 4] episode 4 finished. (AvgLatErr: 61.2212, Steps: 200)
  [Worker 4] episode 5 finished. (AvgLatErr: 23.7377, Steps: 200)
  [Worker 4] episode 6 finished. (AvgLatErr: 24.2770, Steps: 200)
  [Worker 4] episode 7 finished. (AvgLatErr: 28.6968, Steps: 200)
  [Worker 4] episode 8 finished. (AvgLatErr: 16.5396, Steps: 200)
  [Worker 4] episode 9 finished. (AvgLatErr: 38.8938, Steps: 200)
[Worker 4].
Warning: num_agents (8) is greater than the number of available vehicle parameters (4). Cycling vehicle templates.
[Worker 5] TensorFlow device=GPU, mixed_precision=mixed_float16
[Worker 5] Random seed fixed: 600041
[Worker 5] started on GPU.
  [Worker 5] episode 0 finished. (AvgLatErr: 24.8862, Steps: 200)
  [Worker 5] episode 1 finished. (AvgLatErr: 25.1109, Steps: 200)
  [Worker 5] episode 2 finished. (AvgLatErr: 41.2827, Steps: 200)
  [Worker 5] episode 3 finished. (AvgLatErr: 29.3448, Steps: 200)
  [Worker 5] episode 4 finished. (AvgLatErr: 25.0737, Steps: 200)
  [Worker 5] episode 5 finished. (AvgLatErr: 56.7068, Steps: 200)
  [Worker 5] episode 6 finished. (AvgLatErr: 54.8781, Steps: 200)
  [Worker 5] episode 7 finished. (AvgLatErr: 37.1438, Steps: 200)
  [Worker 5] episode 8 finished. (AvgLatErr: 47.4779, Steps: 200)
  [Worker 5] episode 9 finished. (AvgLatErr: 51.7552, Steps: 200)
[Worker 5].
Warning: num_agents (8) is greater than the number of available vehicle parameters (4). Cycling vehicle templates.
[Worker 6] TensorFlow device=GPU, mixed_precision=mixed_float16
[Worker 6] Random seed fixed: 700041
[Worker 6] started on GPU.
  [Worker 6] episode 0 finished. (AvgLatErr: 19.0369, Steps: 200)
  [Worker 6] episode 1 finished. (AvgLatErr: 27.3619, Steps: 200)
  [Worker 6] episode 2 finished. (AvgLatErr: 55.4345, Steps: 200)
  [Worker 6] episode 3 finished. (AvgLatErr: 49.8868, Steps: 200)
  [Worker 6] episode 4 finished. (AvgLatErr: 23.1736, Steps: 200)
  [Worker 6] episode 5 finished. (AvgLatErr: 22.4525, Steps: 200)
  [Worker 6] episode 6 finished. (AvgLatErr: 39.5775, Steps: 200)
  [Worker 6] episode 7 finished. (AvgLatErr: 64.7929, Steps: 200)
  [Worker 6] episode 8 finished. (AvgLatErr: 13.5553, Steps: 200)
  [Worker 6] episode 9 finished. (AvgLatErr: 36.5440, Steps: 200)
[Worker 6].
Warning: num_agents (8) is greater than the number of available vehicle parameters (4). Cycling vehicle templates.
[Worker 7] TensorFlow device=GPU, mixed_precision=mixed_float16
[Worker 7] Random seed fixed: 800041
[Worker 7] started on GPU.
  [Worker 7] episode 0 finished. (AvgLatErr: 51.9459, Steps: 200)
  [Worker 7] episode 1 finished. (AvgLatErr: 16.0289, Steps: 200)
  [Worker 7] episode 2 finished. (AvgLatErr: 39.8200, Steps: 200)
  [Worker 7] episode 3 finished. (AvgLatErr: 24.6598, Steps: 200)
  [Worker 7] episode 4 finished. (AvgLatErr: 57.5926, Steps: 200)
  [Worker 7] episode 5 finished. (AvgLatErr: 29.1196, Steps: 200)
  [Worker 7] episode 6 finished. (AvgLatErr: 14.6944, Steps: 200)
  [Worker 7] episode 7 finished. (AvgLatErr: 27.7486, Steps: 200)
  [Worker 7] episode 8 finished. (AvgLatErr: 35.8316, Steps: 200)
  [Worker 7] episode 9 finished. (AvgLatErr: 24.3788, Steps: 200)
[Worker 7].
[Main] workers finished. (elapsed: 127.28s)
[Main] Aggregation-selected agents: [1, 2, 3, 7]
[Main] FedAdagrad update completed.
[Main] Replay buffers reset after global model update.
============================================================================================
9 EP / Agent 0 : Avg Lat Err 63.1073
9 EP / Agent 1 : Avg Lat Err 6.5839
9 EP / Agent 2 : Avg Lat Err 21.0678
9 EP / Agent 3 : Avg Lat Err 7.8585
9 EP / Agent 4 : Avg Lat Err 38.8938
9 EP / Agent 5 : Avg Lat Err 51.7552
9 EP / Agent 6 : Avg Lat Err 36.5440
9 EP / Agent 7 : Avg Lat Err 24.3788
============================================================================================

============================================================================================
[Main] FL round started. (episode 10 ~ 19)
[Main] Client selection: mode=error_low, budget=4
[Main] Participating agents: [0, 1, 2, 3, 4, 5, 6, 7]
Warning: num_agents (8) is greater than the number of available vehicle parameters (4). Cycling vehicle templates.
[Worker 0] TensorFlow device=GPU, mixed_precision=mixed_float16
[Worker 0] Random seed fixed: 100051
[Worker 0] started on GPU.
  [Worker 0] episode 10 finished. (AvgLatErr: 9.8326, Steps: 200)
  [Worker 0] episode 11 finished. (AvgLatErr: 7.3713, Steps: 200)
  [Worker 0] episode 12 finished. (AvgLatErr: 4.7107, Steps: 200)
  [Worker 0] episode 13 finished. (AvgLatErr: 8.2279, Steps: 200)
  [Worker 0] episode 14 finished. (AvgLatErr: 5.4292, Steps: 200)
  [Worker 0] episode 15 finished. (AvgLatErr: 5.9452, Steps: 200)
  [Worker 0] episode 16 finished. (AvgLatErr: 6.4777, Steps: 200)
  [Worker 0] episode 17 finished. (AvgLatErr: 4.4452, Steps: 200)
  [Worker 0] episode 18 finished. (AvgLatErr: 9.2700, Steps: 200)
  [Worker 0] episode 19 finished. (AvgLatErr: 4.9292, Steps: 200)
[Worker 0].
Warning: num_agents (8) is greater than the number of available vehicle parameters (4). Cycling vehicle templates.
[Worker 1] TensorFlow device=GPU, mixed_precision=mixed_float16
[Worker 1] Random seed fixed: 200051
[Worker 1] started on GPU.
  [Worker 1] episode 10 finished. (AvgLatErr: 50.9653, Steps: 200)
  [Worker 1] episode 11 finished. (AvgLatErr: 14.7727, Steps: 200)
  [Worker 1] episode 12 finished. (AvgLatErr: 12.6471, Steps: 200)
  [Worker 1] episode 13 finished. (AvgLatErr: 8.4423, Steps: 200)
  [Worker 1] episode 14 finished. (AvgLatErr: 16.1295, Steps: 200)
  [Worker 1] episode 15 finished. (AvgLatErr: 24.5210, Steps: 174)
  [Worker 1] episode 16 finished. (AvgLatErr: 11.3328, Steps: 200)
  [Worker 1] episode 17 finished. (AvgLatErr: 5.9846, Steps: 200)
  [Worker 1] episode 18 finished. (AvgLatErr: 5.1645, Steps: 200)
  [Worker 1] episode 19 finished. (AvgLatErr: 8.5178, Steps: 200)
[Worker 1].
Warning: num_agents (8) is greater than the number of available vehicle parameters (4). Cycling vehicle templates.
[Worker 2] TensorFlow device=GPU, mixed_precision=mixed_float16
[Worker 2] Random seed fixed: 300051
[Worker 2] started on GPU.
  [Worker 2] episode 10 finished. (AvgLatErr: 13.6501, Steps: 200)
  [Worker 2] episode 11 finished. (AvgLatErr: 6.2592, Steps: 200)
  [Worker 2] episode 12 finished. (AvgLatErr: 41.2123, Steps: 200)
  [Worker 2] episode 13 finished. (AvgLatErr: 35.7480, Steps: 200)
  [Worker 2] episode 14 finished. (AvgLatErr: 28.9233, Steps: 200)
  [Worker 2] episode 15 finished. (AvgLatErr: 38.0055, Steps: 200)
  [Worker 2] episode 16 finished. (AvgLatErr: 11.8696, Steps: 200)
  [Worker 2] episode 17 finished. (AvgLatErr: 4.4358, Steps: 200)
  [Worker 2] episode 18 finished. (AvgLatErr: 10.4737, Steps: 200)
  [Worker 2] episode 19 finished. (AvgLatErr: 7.7530, Steps: 200)
[Worker 2].
Warning: num_agents (8) is greater than the number of available vehicle parameters (4). Cycling vehicle templates.
[Worker 3] TensorFlow device=GPU, mixed_precision=mixed_float16
[Worker 3] Random seed fixed: 400051
[Worker 3] started on GPU.
  [Worker 3] episode 10 finished. (AvgLatErr: 11.8697, Steps: 200)
  [Worker 3] episode 11 finished. (AvgLatErr: 11.1449, Steps: 200)
  [Worker 3] episode 12 finished. (AvgLatErr: 3.4056, Steps: 200)
  [Worker 3] episode 13 finished. (AvgLatErr: 8.8929, Steps: 200)
  [Worker 3] episode 14 finished. (AvgLatErr: 6.9753, Steps: 200)
  [Worker 3] episode 15 finished. (AvgLatErr: 7.3668, Steps: 200)
  [Worker 3] episode 16 finished. (AvgLatErr: 7.4200, Steps: 200)
  [Worker 3] episode 17 finished. (AvgLatErr: 17.8526, Steps: 200)
  [Worker 3] episode 18 finished. (AvgLatErr: 9.1143, Steps: 200)
  [Worker 3] episode 19 finished. (AvgLatErr: 13.4182, Steps: 200)
[Worker 3].
Warning: num_agents (8) is greater than the number of available vehicle parameters (4). Cycling vehicle templates.
[Worker 4] TensorFlow device=GPU, mixed_precision=mixed_float16
[Worker 4] Random seed fixed: 500051
[Worker 4] started on GPU.
  [Worker 4] episode 10 finished. (AvgLatErr: 14.7288, Steps: 200)
  [Worker 4] episode 11 finished. (AvgLatErr: 13.9716, Steps: 200)
  [Worker 4] episode 12 finished. (AvgLatErr: 14.1622, Steps: 200)
  [Worker 4] episode 13 finished. (AvgLatErr: 9.6124, Steps: 200)
  [Worker 4] episode 14 finished. (AvgLatErr: 9.1338, Steps: 200)
  [Worker 4] episode 15 finished. (AvgLatErr: 6.4660, Steps: 200)
  [Worker 4] episode 16 finished. (AvgLatErr: 7.6156, Steps: 200)
  [Worker 4] episode 17 finished. (AvgLatErr: 12.2578, Steps: 200)
  [Worker 4] episode 18 finished. (AvgLatErr: 7.5557, Steps: 200)
  [Worker 4] episode 19 finished. (AvgLatErr: 15.4310, Steps: 200)
[Worker 4].
Warning: num_agents (8) is greater than the number of available vehicle parameters (4). Cycling vehicle templates.
[Worker 5] TensorFlow device=GPU, mixed_precision=mixed_float16
[Worker 5] Random seed fixed: 600051
[Worker 5] started on GPU.
  [Worker 5] episode 10 finished. (AvgLatErr: 19.3024, Steps: 200)
  [Worker 5] episode 11 finished. (AvgLatErr: 12.7843, Steps: 200)
  [Worker 5] episode 12 finished. (AvgLatErr: 9.7522, Steps: 200)
  [Worker 5] episode 13 finished. (AvgLatErr: 9.8627, Steps: 200)
  [Worker 5] episode 14 finished. (AvgLatErr: 13.8130, Steps: 200)
  [Worker 5] episode 15 finished. (AvgLatErr: 64.9934, Steps: 200)
  [Worker 5] episode 16 finished. (AvgLatErr: 47.4299, Steps: 200)
  [Worker 5] episode 17 finished. (AvgLatErr: 4.5463, Steps: 200)
  [Worker 5] episode 18 finished. (AvgLatErr: 7.5523, Steps: 200)
  [Worker 5] episode 19 finished. (AvgLatErr: 10.6575, Steps: 200)
[Worker 5].
Warning: num_agents (8) is greater than the number of available vehicle parameters (4). Cycling vehicle templates.
[Worker 6] TensorFlow device=GPU, mixed_precision=mixed_float16
[Worker 6] Random seed fixed: 700051
[Worker 6] started on GPU.
  [Worker 6] episode 10 finished. (AvgLatErr: 20.8341, Steps: 200)
  [Worker 6] episode 11 finished. (AvgLatErr: 13.9651, Steps: 200)
  [Worker 6] episode 12 finished. (AvgLatErr: 12.0009, Steps: 200)
  [Worker 6] episode 13 finished. (AvgLatErr: 10.2592, Steps: 200)
  [Worker 6] episode 14 finished. (AvgLatErr: 5.6891, Steps: 200)
  [Worker 6] episode 15 finished. (AvgLatErr: 8.0053, Steps: 200)
  [Worker 6] episode 16 finished. (AvgLatErr: 12.7043, Steps: 200)
  [Worker 6] episode 17 finished. (AvgLatErr: 14.8756, Steps: 200)
  [Worker 6] episode 18 finished. (AvgLatErr: 23.9955, Steps: 200)
  [Worker 6] episode 19 finished. (AvgLatErr: 7.8739, Steps: 200)
[Worker 6].
Warning: num_agents (8) is greater than the number of available vehicle parameters (4). Cycling vehicle templates.
[Worker 7] TensorFlow device=GPU, mixed_precision=mixed_float16
[Worker 7] Random seed fixed: 800051
[Worker 7] started on GPU.
  [Worker 7] episode 10 finished. (AvgLatErr: 20.6828, Steps: 200)
  [Worker 7] episode 11 finished. (AvgLatErr: 8.9976, Steps: 200)
  [Worker 7] episode 12 finished. (AvgLatErr: 43.0388, Steps: 200)
  [Worker 7] episode 13 finished. (AvgLatErr: 17.4744, Steps: 200)
  [Worker 7] episode 14 finished. (AvgLatErr: 18.1139, Steps: 200)
  [Worker 7] episode 15 finished. (AvgLatErr: 7.5910, Steps: 200)
  [Worker 7] episode 16 finished. (AvgLatErr: 10.3513, Steps: 200)
  [Worker 7] episode 17 finished. (AvgLatErr: 13.5255, Steps: 200)
  [Worker 7] episode 18 finished. (AvgLatErr: 53.5271, Steps: 200)
  [Worker 7] episode 19 finished. (AvgLatErr: 5.8583, Steps: 200)
[Worker 7].
[Main] workers finished. (elapsed: 125.89s)
[Main] Aggregation-selected agents: [0, 2, 6, 7]
[Main] FedAdagrad update completed.
[Main] Replay buffers reset after global model update.
============================================================================================
19 EP / Agent 0 : Avg Lat Err 4.9292
19 EP / Agent 1 : Avg Lat Err 8.5178
19 EP / Agent 2 : Avg Lat Err 7.7530
19 EP / Agent 3 : Avg Lat Err 13.4182
19 EP / Agent 4 : Avg Lat Err 15.4310
19 EP / Agent 5 : Avg Lat Err 10.6575
19 EP / Agent 6 : Avg Lat Err 7.8739
19 EP / Agent 7 : Avg Lat Err 5.8583
============================================================================================

============================================================================================
[Main] FL round started. (episode 20 ~ 29)
[Main] Client selection: mode=error_low, budget=4
[Main] Participating agents: [0, 1, 2, 3, 4, 5, 6, 7]
Warning: num_agents (8) is greater than the number of available vehicle parameters (4). Cycling vehicle templates.
[Worker 0] TensorFlow device=GPU, mixed_precision=mixed_float16
[Worker 0] Random seed fixed: 100061
[Worker 0] started on GPU.
  [Worker 0] episode 20 finished. (AvgLatErr: 13.6608, Steps: 200)
  [Worker 0] episode 21 finished. (AvgLatErr: 8.9925, Steps: 200)
  [Worker 0] episode 22 finished. (AvgLatErr: 10.6820, Steps: 200)
  [Worker 0] episode 23 finished. (AvgLatErr: 9.5797, Steps: 200)
  [Worker 0] episode 24 finished. (AvgLatErr: 7.6788, Steps: 200)
  [Worker 0] episode 25 finished. (AvgLatErr: 12.3234, Steps: 200)
  [Worker 0] episode 26 finished. (AvgLatErr: 11.7927, Steps: 200)
  [Worker 0] episode 27 finished. (AvgLatErr: 24.5628, Steps: 200)
  [Worker 0] episode 28 finished. (AvgLatErr: 6.3513, Steps: 200)
  [Worker 0] episode 29 finished. (AvgLatErr: 24.2027, Steps: 200)
[Worker 0].
Warning: num_agents (8) is greater than the number of available vehicle parameters (4). Cycling vehicle templates.
[Worker 1] TensorFlow device=GPU, mixed_precision=mixed_float16
[Worker 1] Random seed fixed: 200061
[Worker 1] started on GPU.
  [Worker 1] episode 20 finished. (AvgLatErr: 17.7445, Steps: 200)
  [Worker 1] episode 21 finished. (AvgLatErr: 7.8309, Steps: 200)
  [Worker 1] episode 22 finished. (AvgLatErr: 8.3359, Steps: 200)
  [Worker 1] episode 23 finished. (AvgLatErr: 11.7362, Steps: 200)
  [Worker 1] episode 24 finished. (AvgLatErr: 17.7147, Steps: 200)
  [Worker 1] episode 25 finished. (AvgLatErr: 19.6892, Steps: 200)
  [Worker 1] episode 26 finished. (AvgLatErr: 10.3270, Steps: 200)
  [Worker 1] episode 27 finished. (AvgLatErr: 10.5121, Steps: 200)
  [Worker 1] episode 28 finished. (AvgLatErr: 12.8447, Steps: 200)
  [Worker 1] episode 29 finished. (AvgLatErr: 12.3476, Steps: 200)
[Worker 1].
Warning: num_agents (8) is greater than the number of available vehicle parameters (4). Cycling vehicle templates.
[Worker 2] TensorFlow device=GPU, mixed_precision=mixed_float16
[Worker 2] Random seed fixed: 300061
[Worker 2] started on GPU.
  [Worker 2] episode 20 finished. (AvgLatErr: 22.8383, Steps: 200)
  [Worker 2] episode 21 finished. (AvgLatErr: 18.4075, Steps: 200)
  [Worker 2] episode 22 finished. (AvgLatErr: 42.0636, Steps: 200)
  [Worker 2] episode 23 finished. (AvgLatErr: 16.5143, Steps: 200)
  [Worker 2] episode 24 finished. (AvgLatErr: 42.5087, Steps: 200)
  [Worker 2] episode 25 finished. (AvgLatErr: 7.5806, Steps: 200)
  [Worker 2] episode 26 finished. (AvgLatErr: 11.6194, Steps: 200)
  [Worker 2] episode 27 finished. (AvgLatErr: 19.1097, Steps: 200)
  [Worker 2] episode 28 finished. (AvgLatErr: 5.9409, Steps: 200)
  [Worker 2] episode 29 finished. (AvgLatErr: 18.5242, Steps: 200)
[Worker 2].
Warning: num_agents (8) is greater than the number of available vehicle parameters (4). Cycling vehicle templates.
[Worker 3] TensorFlow device=GPU, mixed_precision=mixed_float16
[Worker 3] Random seed fixed: 400061
[Worker 3] started on GPU.
  [Worker 3] episode 20 finished. (AvgLatErr: 29.3684, Steps: 200)
  [Worker 3] episode 21 finished. (AvgLatErr: 11.7282, Steps: 200)
  [Worker 3] episode 22 finished. (AvgLatErr: 6.9049, Steps: 200)
  [Worker 3] episode 23 finished. (AvgLatErr: 11.8739, Steps: 200)
  [Worker 3] episode 24 finished. (AvgLatErr: 13.4026, Steps: 200)
  [Worker 3] episode 25 finished. (AvgLatErr: 28.5332, Steps: 200)
  [Worker 3] episode 26 finished. (AvgLatErr: 6.1048, Steps: 200)
  [Worker 3] episode 27 finished. (AvgLatErr: 5.0367, Steps: 89)
  [Worker 3] episode 28 finished. (AvgLatErr: 11.8449, Steps: 200)
  [Worker 3] episode 29 finished. (AvgLatErr: 6.5030, Steps: 200)
[Worker 3].
Warning: num_agents (8) is greater than the number of available vehicle parameters (4). Cycling vehicle templates.
[Worker 4] TensorFlow device=GPU, mixed_precision=mixed_float16
[Worker 4] Random seed fixed: 500061
[Worker 4] started on GPU.
  [Worker 4] episode 20 finished. (AvgLatErr: 20.4240, Steps: 200)
  [Worker 4] episode 21 finished. (AvgLatErr: 5.8600, Steps: 200)
  [Worker 4] episode 22 finished. (AvgLatErr: 15.9822, Steps: 200)
  [Worker 4] episode 23 finished. (AvgLatErr: 4.2174, Steps: 200)
  [Worker 4] episode 24 finished. (AvgLatErr: 10.3520, Steps: 200)
  [Worker 4] episode 25 finished. (AvgLatErr: 13.4591, Steps: 200)
  [Worker 4] episode 26 finished. (AvgLatErr: 16.3783, Steps: 200)
  [Worker 4] episode 27 finished. (AvgLatErr: 11.0416, Steps: 200)
  [Worker 4] episode 28 finished. (AvgLatErr: 15.8779, Steps: 200)
  [Worker 4] episode 29 finished. (AvgLatErr: 6.8539, Steps: 200)
[Worker 4].
Warning: num_agents (8) is greater than the number of available vehicle parameters (4). Cycling vehicle templates.
[Worker 5] TensorFlow device=GPU, mixed_precision=mixed_float16
[Worker 5] Random seed fixed: 600061
[Worker 5] started on GPU.
  [Worker 5] episode 20 finished. (AvgLatErr: 18.4335, Steps: 200)
  [Worker 5] episode 21 finished. (AvgLatErr: 12.7955, Steps: 200)
  [Worker 5] episode 22 finished. (AvgLatErr: 31.1789, Steps: 200)
  [Worker 5] episode 23 finished. (AvgLatErr: 8.8489, Steps: 200)
  [Worker 5] episode 24 finished. (AvgLatErr: 33.8610, Steps: 200)
  [Worker 5] episode 25 finished. (AvgLatErr: 14.2093, Steps: 200)
  [Worker 5] episode 26 finished. (AvgLatErr: 4.8390, Steps: 200)
  [Worker 5] episode 27 finished. (AvgLatErr: 20.5232, Steps: 200)
  [Worker 5] episode 28 finished. (AvgLatErr: 44.2807, Steps: 200)
  [Worker 5] episode 29 finished. (AvgLatErr: 12.3241, Steps: 200)
[Worker 5].
Warning: num_agents (8) is greater than the number of available vehicle parameters (4). Cycling vehicle templates.
[Worker 6] TensorFlow device=GPU, mixed_precision=mixed_float16
[Worker 6] Random seed fixed: 700061
[Worker 6] started on GPU.
  [Worker 6] episode 20 finished. (AvgLatErr: 9.3086, Steps: 200)
  [Worker 6] episode 21 finished. (AvgLatErr: 24.4857, Steps: 200)
  [Worker 6] episode 22 finished. (AvgLatErr: 8.0645, Steps: 200)
  [Worker 6] episode 23 finished. (AvgLatErr: 16.5496, Steps: 200)
  [Worker 6] episode 24 finished. (AvgLatErr: 5.6159, Steps: 200)
  [Worker 6] episode 25 finished. (AvgLatErr: 4.9074, Steps: 200)
  [Worker 6] episode 26 finished. (AvgLatErr: 8.4763, Steps: 200)
  [Worker 6] episode 27 finished. (AvgLatErr: 5.3284, Steps: 200)
  [Worker 6] episode 28 finished. (AvgLatErr: 6.9807, Steps: 200)
  [Worker 6] episode 29 finished. (AvgLatErr: 5.9133, Steps: 200)
[Worker 6].
Warning: num_agents (8) is greater than the number of available vehicle parameters (4). Cycling vehicle templates.
[Worker 7] TensorFlow device=GPU, mixed_precision=mixed_float16
[Worker 7] Random seed fixed: 800061
[Worker 7] started on GPU.
  [Worker 7] episode 20 finished. (AvgLatErr: 18.9281, Steps: 200)
  [Worker 7] episode 21 finished. (AvgLatErr: 7.2333, Steps: 200)
  [Worker 7] episode 22 finished. (AvgLatErr: 7.2274, Steps: 200)
  [Worker 7] episode 23 finished. (AvgLatErr: 10.2924, Steps: 200)
  [Worker 7] episode 24 finished. (AvgLatErr: 33.5134, Steps: 200)
  [Worker 7] episode 25 finished. (AvgLatErr: 16.6155, Steps: 200)
  [Worker 7] episode 26 finished. (AvgLatErr: 48.2943, Steps: 200)
  [Worker 7] episode 27 finished. (AvgLatErr: 15.4776, Steps: 200)
  [Worker 7] episode 28 finished. (AvgLatErr: 7.5491, Steps: 200)
  [Worker 7] episode 29 finished. (AvgLatErr: 15.4606, Steps: 200)
[Worker 7].
[Main] workers finished. (elapsed: 120.03s)
[Main] Aggregation-selected agents: [3, 4, 5, 6]
[Main] FedAdagrad update completed.
[Main] Replay buffers reset after global model update.
============================================================================================
29 EP / Agent 0 : Avg Lat Err 24.2027
29 EP / Agent 1 : Avg Lat Err 12.3476
29 EP / Agent 2 : Avg Lat Err 18.5242
29 EP / Agent 3 : Avg Lat Err 6.5030
29 EP / Agent 4 : Avg Lat Err 6.8539
29 EP / Agent 5 : Avg Lat Err 12.3241
29 EP / Agent 6 : Avg Lat Err 5.9133
29 EP / Agent 7 : Avg Lat Err 15.4606
============================================================================================

============================================================================================
[Main] FL round started. (episode 30 ~ 39)
[Main] Client selection: mode=error_low, budget=4
[Main] Participating agents: [0, 1, 2, 3, 4, 5, 6, 7]
Warning: num_agents (8) is greater than the number of available vehicle parameters (4). Cycling vehicle templates.
[Worker 0] TensorFlow device=GPU, mixed_precision=mixed_float16
[Worker 0] Random seed fixed: 100071
[Worker 0] started on GPU.
  [Worker 0] episode 30 finished. (AvgLatErr: 6.4163, Steps: 200)
  [Worker 0] episode 31 finished. (AvgLatErr: 18.3745, Steps: 200)
  [Worker 0] episode 32 finished. (AvgLatErr: 9.5448, Steps: 177)
  [Worker 0] episode 33 finished. (AvgLatErr: 11.3716, Steps: 200)
  [Worker 0] episode 34 finished. (AvgLatErr: 7.2825, Steps: 200)
  [Worker 0] episode 35 finished. (AvgLatErr: 10.2096, Steps: 200)
  [Worker 0] episode 36 finished. (AvgLatErr: 12.8067, Steps: 200)
  [Worker 0] episode 37 finished. (AvgLatErr: 21.9426, Steps: 200)
  [Worker 0] episode 38 finished. (AvgLatErr: 6.7156, Steps: 200)
  [Worker 0] episode 39 finished. (AvgLatErr: 6.4783, Steps: 200)
[Worker 0].
Warning: num_agents (8) is greater than the number of available vehicle parameters (4). Cycling vehicle templates.
[Worker 1] TensorFlow device=GPU, mixed_precision=mixed_float16
[Worker 1] Random seed fixed: 200071
[Worker 1] started on GPU.
  [Worker 1] episode 30 finished. (AvgLatErr: 3.3412, Steps: 200)
  [Worker 1] episode 31 finished. (AvgLatErr: 4.4992, Steps: 200)
  [Worker 1] episode 32 finished. (AvgLatErr: 6.8735, Steps: 200)
  [Worker 1] episode 33 finished. (AvgLatErr: 0.7946, Steps: 200)
  [Worker 1] episode 34 finished. (AvgLatErr: 9.7070, Steps: 200)
  [Worker 1] episode 35 finished. (AvgLatErr: 11.8385, Steps: 200)
  [Worker 1] episode 36 finished. (AvgLatErr: 15.8216, Steps: 200)
  [Worker 1] episode 37 finished. (AvgLatErr: 5.7201, Steps: 200)
  [Worker 1] episode 38 finished. (AvgLatErr: 9.2314, Steps: 200)
  [Worker 1] episode 39 finished. (AvgLatErr: 3.7481, Steps: 200)
[Worker 1].
Warning: num_agents (8) is greater than the number of available vehicle parameters (4). Cycling vehicle templates.
[Worker 2] TensorFlow device=GPU, mixed_precision=mixed_float16
[Worker 2] Random seed fixed: 300071
[Worker 2] started on GPU.
  [Worker 2] episode 30 finished. (AvgLatErr: 8.8753, Steps: 200)
  [Worker 2] episode 31 finished. (AvgLatErr: 28.2277, Steps: 200)
  [Worker 2] episode 32 finished. (AvgLatErr: 25.9356, Steps: 200)
  [Worker 2] episode 33 finished. (AvgLatErr: 10.8231, Steps: 200)
  [Worker 2] episode 34 finished. (AvgLatErr: 31.6102, Steps: 200)
  [Worker 2] episode 35 finished. (AvgLatErr: 18.8378, Steps: 200)
  [Worker 2] episode 36 finished. (AvgLatErr: 18.4946, Steps: 200)
  [Worker 2] episode 37 finished. (AvgLatErr: 21.4037, Steps: 200)
  [Worker 2] episode 38 finished. (AvgLatErr: 20.3131, Steps: 200)
  [Worker 2] episode 39 finished. (AvgLatErr: 25.1785, Steps: 200)
[Worker 2].
Warning: num_agents (8) is greater than the number of available vehicle parameters (4). Cycling vehicle templates.
[Worker 3] TensorFlow device=GPU, mixed_precision=mixed_float16
[Worker 3] Random seed fixed: 400071
[Worker 3] started on GPU.
  [Worker 3] episode 30 finished. (AvgLatErr: 4.5739, Steps: 200)
  [Worker 3] episode 31 finished. (AvgLatErr: 12.7517, Steps: 200)
  [Worker 3] episode 32 finished. (AvgLatErr: 6.6706, Steps: 145)
  [Worker 3] episode 33 finished. (AvgLatErr: 6.4037, Steps: 200)
  [Worker 3] episode 34 finished. (AvgLatErr: 6.8086, Steps: 200)
  [Worker 3] episode 35 finished. (AvgLatErr: 9.3969, Steps: 184)
  [Worker 3] episode 36 finished. (AvgLatErr: 4.9721, Steps: 170)
  [Worker 3] episode 37 finished. (AvgLatErr: 4.5425, Steps: 200)
  [Worker 3] episode 38 finished. (AvgLatErr: 6.2581, Steps: 200)
  [Worker 3] episode 39 finished. (AvgLatErr: 10.8819, Steps: 200)
[Worker 3].
Warning: num_agents (8) is greater than the number of available vehicle parameters (4). Cycling vehicle templates.
[Worker 4] TensorFlow device=GPU, mixed_precision=mixed_float16
[Worker 4] Random seed fixed: 500071
[Worker 4] started on GPU.
  [Worker 4] episode 30 finished. (AvgLatErr: 8.7410, Steps: 200)
  [Worker 4] episode 31 finished. (AvgLatErr: 21.0031, Steps: 200)
  [Worker 4] episode 32 finished. (AvgLatErr: 23.9527, Steps: 200)
  [Worker 4] episode 33 finished. (AvgLatErr: 7.0482, Steps: 200)
  [Worker 4] episode 34 finished. (AvgLatErr: 20.8194, Steps: 200)
  [Worker 4] episode 35 finished. (AvgLatErr: 14.2252, Steps: 200)
  [Worker 4] episode 36 finished. (AvgLatErr: 9.0050, Steps: 200)
  [Worker 4] episode 37 finished. (AvgLatErr: 36.1662, Steps: 200)
  [Worker 4] episode 38 finished. (AvgLatErr: 49.7875, Steps: 200)
  [Worker 4] episode 39 finished. (AvgLatErr: 25.7853, Steps: 200)
[Worker 4].
Warning: num_agents (8) is greater than the number of available vehicle parameters (4). Cycling vehicle templates.
[Worker 5] TensorFlow device=GPU, mixed_precision=mixed_float16
[Worker 5] Random seed fixed: 600071
[Worker 5] started on GPU.
  [Worker 5] episode 30 finished. (AvgLatErr: 5.5241, Steps: 200)
  [Worker 5] episode 31 finished. (AvgLatErr: 8.9423, Steps: 200)
  [Worker 5] episode 32 finished. (AvgLatErr: 14.2995, Steps: 200)
  [Worker 5] episode 33 finished. (AvgLatErr: 9.4426, Steps: 200)
  [Worker 5] episode 34 finished. (AvgLatErr: 8.6195, Steps: 200)
  [Worker 5] episode 35 finished. (AvgLatErr: 3.7590, Steps: 200)
  [Worker 5] episode 36 finished. (AvgLatErr: 10.5374, Steps: 200)
  [Worker 5] episode 37 finished. (AvgLatErr: 8.7631, Steps: 200)
  [Worker 5] episode 38 finished. (AvgLatErr: 12.3205, Steps: 200)
  [Worker 5] episode 39 finished. (AvgLatErr: 18.5902, Steps: 200)
[Worker 5].
Warning: num_agents (8) is greater than the number of available vehicle parameters (4). Cycling vehicle templates.
[Worker 6] TensorFlow device=GPU, mixed_precision=mixed_float16
[Worker 6] Random seed fixed: 700071
[Worker 6] started on GPU.
  [Worker 6] episode 30 finished. (AvgLatErr: 9.0106, Steps: 200)
  [Worker 6] episode 31 finished. (AvgLatErr: 8.2491, Steps: 200)
  [Worker 6] episode 32 finished. (AvgLatErr: 7.7242, Steps: 200)
  [Worker 6] episode 33 finished. (AvgLatErr: 4.4202, Steps: 200)
  [Worker 6] episode 34 finished. (AvgLatErr: 8.2030, Steps: 200)
  [Worker 6] episode 35 finished. (AvgLatErr: 5.6561, Steps: 200)
  [Worker 6] episode 36 finished. (AvgLatErr: 11.2838, Steps: 200)
  [Worker 6] episode 37 finished. (AvgLatErr: 6.7269, Steps: 200)
  [Worker 6] episode 38 finished. (AvgLatErr: 4.6397, Steps: 200)
  [Worker 6] episode 39 finished. (AvgLatErr: 4.9034, Steps: 200)
[Worker 6].
Warning: num_agents (8) is greater than the number of available vehicle parameters (4). Cycling vehicle templates.
[Worker 7] TensorFlow device=GPU, mixed_precision=mixed_float16
[Worker 7] Random seed fixed: 800071
[Worker 7] started on GPU.
  [Worker 7] episode 30 finished. (AvgLatErr: 4.8579, Steps: 200)
  [Worker 7] episode 31 finished. (AvgLatErr: 10.9631, Steps: 200)
  [Worker 7] episode 32 finished. (AvgLatErr: 5.9622, Steps: 200)
  [Worker 7] episode 33 finished. (AvgLatErr: 3.1379, Steps: 200)
  [Worker 7] episode 34 finished. (AvgLatErr: 6.9335, Steps: 200)
  [Worker 7] episode 35 finished. (AvgLatErr: 6.1691, Steps: 200)
  [Worker 7] episode 36 finished. (AvgLatErr: 4.8449, Steps: 200)
  [Worker 7] episode 37 finished. (AvgLatErr: 22.7910, Steps: 200)
  [Worker 7] episode 38 finished. (AvgLatErr: 8.9040, Steps: 200)
  [Worker 7] episode 39 finished. (AvgLatErr: 29.7478, Steps: 200)
[Worker 7].
[Main] workers finished. (elapsed: 118.35s)
[Main] Aggregation-selected agents: [0, 1, 3, 6]
[Main] FedAdagrad update completed.
[Main] Replay buffers reset after global model update.
============================================================================================
39 EP / Agent 0 : Avg Lat Err 6.4783
39 EP / Agent 1 : Avg Lat Err 3.7481
39 EP / Agent 2 : Avg Lat Err 25.1785
39 EP / Agent 3 : Avg Lat Err 10.8819
39 EP / Agent 4 : Avg Lat Err 25.7853
39 EP / Agent 5 : Avg Lat Err 18.5902
39 EP / Agent 6 : Avg Lat Err 4.9034
39 EP / Agent 7 : Avg Lat Err 29.7478
============================================================================================

============================================================================================
[Main] FL round started. (episode 40 ~ 49)
[Main] Client selection: mode=error_low, budget=4
[Main] Participating agents: [0, 1, 2, 3, 4, 5, 6, 7]
Warning: num_agents (8) is greater than the number of available vehicle parameters (4). Cycling vehicle templates.
[Worker 0] TensorFlow device=GPU, mixed_precision=mixed_float16
[Worker 0] Random seed fixed: 100081
[Worker 0] started on GPU.
  [Worker 0] episode 40 finished. (AvgLatErr: 7.7721, Steps: 200)
  [Worker 0] episode 41 finished. (AvgLatErr: 8.3658, Steps: 157)
  [Worker 0] episode 42 finished. (AvgLatErr: 6.8796, Steps: 200)
  [Worker 0] episode 43 finished. (AvgLatErr: 8.4774, Steps: 200)
  [Worker 0] episode 44 finished. (AvgLatErr: 12.0944, Steps: 200)
  [Worker 0] episode 45 finished. (AvgLatErr: 10.2492, Steps: 200)
  [Worker 0] episode 46 finished. (AvgLatErr: 5.6704, Steps: 200)
  [Worker 0] episode 47 finished. (AvgLatErr: 16.7879, Steps: 200)
  [Worker 0] episode 48 finished. (AvgLatErr: 6.9141, Steps: 200)
  [Worker 0] episode 49 finished. (AvgLatErr: 8.2015, Steps: 200)
[Worker 0].
Warning: num_agents (8) is greater than the number of available vehicle parameters (4). Cycling vehicle templates.
[Worker 1] TensorFlow device=GPU, mixed_precision=mixed_float16
[Worker 1] Random seed fixed: 200081
[Worker 1] started on GPU.
  [Worker 1] episode 40 finished. (AvgLatErr: 10.2732, Steps: 200)
  [Worker 1] episode 41 finished. (AvgLatErr: 15.5006, Steps: 200)
  [Worker 1] episode 42 finished. (AvgLatErr: 6.4213, Steps: 200)
  [Worker 1] episode 43 finished. (AvgLatErr: 5.8677, Steps: 200)
  [Worker 1] episode 44 finished. (AvgLatErr: 3.1974, Steps: 200)
  [Worker 1] episode 45 finished. (AvgLatErr: 2.6326, Steps: 182)
  [Worker 1] episode 46 finished. (AvgLatErr: 4.6742, Steps: 200)
  [Worker 1] episode 47 finished. (AvgLatErr: 3.3852, Steps: 169)
  [Worker 1] episode 48 finished. (AvgLatErr: 3.8694, Steps: 200)
  [Worker 1] episode 49 finished. (AvgLatErr: 6.4964, Steps: 200)
[Worker 1].
Warning: num_agents (8) is greater than the number of available vehicle parameters (4). Cycling vehicle templates.
[Worker 2] TensorFlow device=GPU, mixed_precision=mixed_float16
[Worker 2] Random seed fixed: 300081
[Worker 2] started on GPU.
  [Worker 2] episode 40 finished. (AvgLatErr: 5.0346, Steps: 200)
  [Worker 2] episode 41 finished. (AvgLatErr: 5.5300, Steps: 200)
  [Worker 2] episode 42 finished. (AvgLatErr: 9.5664, Steps: 200)
  [Worker 2] episode 43 finished. (AvgLatErr: 9.7208, Steps: 200)
  [Worker 2] episode 44 finished. (AvgLatErr: 4.7712, Steps: 200)
  [Worker 2] episode 45 finished. (AvgLatErr: 3.6211, Steps: 200)
  [Worker 2] episode 46 finished. (AvgLatErr: 7.4659, Steps: 173)
  [Worker 2] episode 47 finished. (AvgLatErr: 6.6561, Steps: 181)
  [Worker 2] episode 48 finished. (AvgLatErr: 4.2125, Steps: 200)
  [Worker 2] episode 49 finished. (AvgLatErr: 39.9708, Steps: 200)
[Worker 2].
Warning: num_agents (8) is greater than the number of available vehicle parameters (4). Cycling vehicle templates.
[Worker 3] TensorFlow device=GPU, mixed_precision=mixed_float16
[Worker 3] Random seed fixed: 400081
[Worker 3] started on GPU.
  [Worker 3] episode 40 finished. (AvgLatErr: 5.2190, Steps: 200)
  [Worker 3] episode 41 finished. (AvgLatErr: 13.1284, Steps: 200)
  [Worker 3] episode 42 finished. (AvgLatErr: 5.8648, Steps: 200)
  [Worker 3] episode 43 finished. (AvgLatErr: 13.5403, Steps: 200)
  [Worker 3] episode 44 finished. (AvgLatErr: 3.2691, Steps: 200)
  [Worker 3] episode 45 finished. (AvgLatErr: 8.5951, Steps: 200)
  [Worker 3] episode 46 finished. (AvgLatErr: 4.1833, Steps: 200)
  [Worker 3] episode 47 finished. (AvgLatErr: 6.3192, Steps: 200)
  [Worker 3] episode 48 finished. (AvgLatErr: 6.8036, Steps: 200)
  [Worker 3] episode 49 finished. (AvgLatErr: 4.7207, Steps: 200)
[Worker 3].
Warning: num_agents (8) is greater than the number of available vehicle parameters (4). Cycling vehicle templates.
[Worker 4] TensorFlow device=GPU, mixed_precision=mixed_float16
[Worker 4] Random seed fixed: 500081
[Worker 4] started on GPU.
  [Worker 4] episode 40 finished. (AvgLatErr: 6.2213, Steps: 200)
  [Worker 4] episode 41 finished. (AvgLatErr: 16.3088, Steps: 200)
  [Worker 4] episode 42 finished. (AvgLatErr: 2.8950, Steps: 200)
  [Worker 4] episode 43 finished. (AvgLatErr: 4.5783, Steps: 200)
  [Worker 4] episode 44 finished. (AvgLatErr: 2.5487, Steps: 200)
  [Worker 4] episode 45 finished. (AvgLatErr: 4.3531, Steps: 200)
  [Worker 4] episode 46 finished. (AvgLatErr: 5.3075, Steps: 200)
  [Worker 4] episode 47 finished. (AvgLatErr: 2.6328, Steps: 200)
  [Worker 4] episode 48 finished. (AvgLatErr: 2.0672, Steps: 200)
  [Worker 4] episode 49 finished. (AvgLatErr: 10.0999, Steps: 200)
[Worker 4].
Warning: num_agents (8) is greater than the number of available vehicle parameters (4). Cycling vehicle templates.
[Worker 5] TensorFlow device=GPU, mixed_precision=mixed_float16
[Worker 5] Random seed fixed: 600081
[Worker 5] started on GPU.
  [Worker 5] episode 40 finished. (AvgLatErr: 5.7787, Steps: 200)
  [Worker 5] episode 41 finished. (AvgLatErr: 6.5508, Steps: 200)
  [Worker 5] episode 42 finished. (AvgLatErr: 7.5965, Steps: 200)
  [Worker 5] episode 43 finished. (AvgLatErr: 5.0939, Steps: 200)
  [Worker 5] episode 44 finished. (AvgLatErr: 2.2728, Steps: 200)
  [Worker 5] episode 45 finished. (AvgLatErr: 0.3801, Steps: 200)
  [Worker 5] episode 46 finished. (AvgLatErr: 1.9789, Steps: 200)
  [Worker 5] episode 47 finished. (AvgLatErr: 4.4933, Steps: 200)
  [Worker 5] episode 48 finished. (AvgLatErr: 13.7180, Steps: 200)
  [Worker 5] episode 49 finished. (AvgLatErr: 17.6502, Steps: 200)
[Worker 5].
Warning: num_agents (8) is greater than the number of available vehicle parameters (4). Cycling vehicle templates.
[Worker 6] TensorFlow device=GPU, mixed_precision=mixed_float16
[Worker 6] Random seed fixed: 700081
[Worker 6] started on GPU.
  [Worker 6] episode 40 finished. (AvgLatErr: 7.2009, Steps: 200)
  [Worker 6] episode 41 finished. (AvgLatErr: 4.4450, Steps: 200)
  [Worker 6] episode 42 finished. (AvgLatErr: 5.4405, Steps: 200)
  [Worker 6] episode 43 finished. (AvgLatErr: 7.2727, Steps: 200)
  [Worker 6] episode 44 finished. (AvgLatErr: 3.7500, Steps: 200)
  [Worker 6] episode 45 finished. (AvgLatErr: 4.8634, Steps: 200)
  [Worker 6] episode 46 finished. (AvgLatErr: 5.8884, Steps: 200)
  [Worker 6] episode 47 finished. (AvgLatErr: 6.4613, Steps: 200)
  [Worker 6] episode 48 finished. (AvgLatErr: 3.1576, Steps: 200)
  [Worker 6] episode 49 finished. (AvgLatErr: 3.2515, Steps: 200)
[Worker 6].
Warning: num_agents (8) is greater than the number of available vehicle parameters (4). Cycling vehicle templates.
[Worker 7] TensorFlow device=GPU, mixed_precision=mixed_float16
[Worker 7] Random seed fixed: 800081
[Worker 7] started on GPU.
  [Worker 7] episode 40 finished. (AvgLatErr: 6.2151, Steps: 200)
  [Worker 7] episode 41 finished. (AvgLatErr: 8.0165, Steps: 200)
  [Worker 7] episode 42 finished. (AvgLatErr: 30.1646, Steps: 200)
  [Worker 7] episode 43 finished. (AvgLatErr: 10.1582, Steps: 200)
  [Worker 7] episode 44 finished. (AvgLatErr: 2.6559, Steps: 200)
  [Worker 7] episode 45 finished. (AvgLatErr: 5.4315, Steps: 200)
  [Worker 7] episode 46 finished. (AvgLatErr: 4.1954, Steps: 200)
  [Worker 7] episode 47 finished. (AvgLatErr: 2.4700, Steps: 200)
  [Worker 7] episode 48 finished. (AvgLatErr: 4.9321, Steps: 200)
  [Worker 7] episode 49 finished. (AvgLatErr: 7.1346, Steps: 200)
[Worker 7].
[Main] workers finished. (elapsed: 120.36s)
[Main] Aggregation-selected agents: [1, 3, 6, 7]
[Main] FedAdagrad update completed.
[Main] Replay buffers reset after global model update.
============================================================================================
49 EP / Agent 0 : Avg Lat Err 8.2015
49 EP / Agent 1 : Avg Lat Err 6.4964
49 EP / Agent 2 : Avg Lat Err 39.9708
49 EP / Agent 3 : Avg Lat Err 4.7207
49 EP / Agent 4 : Avg Lat Err 10.0999
49 EP / Agent 5 : Avg Lat Err 17.6502
49 EP / Agent 6 : Avg Lat Err 3.2515
49 EP / Agent 7 : Avg Lat Err 7.1346
============================================================================================
[Main] Model checkpoint saved: C:\Users\syd79\FRL-Q\experiments\fast_parallel_fedadagrad_8errorlow4_20260916_run1_error_low_4of8\checkpoints\global_model_episode_000050.weights.h5

============================================================================================
[Main] FL round started. (episode 50 ~ 59)
[Main] Client selection: mode=error_low, budget=4
[Main] Participating agents: [0, 1, 2, 3, 4, 5, 6, 7]
Warning: num_agents (8) is greater than the number of available vehicle parameters (4). Cycling vehicle templates.
[Worker 0] TensorFlow device=GPU, mixed_precision=mixed_float16
[Worker 0] Random seed fixed: 100091
[Worker 0] started on GPU.
  [Worker 0] episode 50 finished. (AvgLatErr: 8.6062, Steps: 200)
  [Worker 0] episode 51 finished. (AvgLatErr: 2.8535, Steps: 200)
  [Worker 0] episode 52 finished. (AvgLatErr: 4.7089, Steps: 200)
  [Worker 0] episode 53 finished. (AvgLatErr: 6.1013, Steps: 200)
  [Worker 0] episode 54 finished. (AvgLatErr: 3.9568, Steps: 200)
  [Worker 0] episode 55 finished. (AvgLatErr: 4.9888, Steps: 123)
  [Worker 0] episode 56 finished. (AvgLatErr: 6.3570, Steps: 200)
  [Worker 0] episode 57 finished. (AvgLatErr: 12.7512, Steps: 200)
  [Worker 0] episode 58 finished. (AvgLatErr: 10.0081, Steps: 200)
  [Worker 0] episode 59 finished. (AvgLatErr: 75.1865, Steps: 200)
[Worker 0].
Warning: num_agents (8) is greater than the number of available vehicle parameters (4). Cycling vehicle templates.
[Worker 1] TensorFlow device=GPU, mixed_precision=mixed_float16
[Worker 1] Random seed fixed: 200091
[Worker 1] started on GPU.
  [Worker 1] episode 50 finished. (AvgLatErr: 11.0620, Steps: 200)
  [Worker 1] episode 51 finished. (AvgLatErr: 6.7913, Steps: 200)
  [Worker 1] episode 52 finished. (AvgLatErr: 5.6817, Steps: 200)
  [Worker 1] episode 53 finished. (AvgLatErr: 6.0903, Steps: 200)
  [Worker 1] episode 54 finished. (AvgLatErr: 4.0224, Steps: 200)
  [Worker 1] episode 55 finished. (AvgLatErr: 6.2832, Steps: 200)
  [Worker 1] episode 56 finished. (AvgLatErr: 5.0082, Steps: 200)
  [Worker 1] episode 57 finished. (AvgLatErr: 7.0843, Steps: 200)
  [Worker 1] episode 58 finished. (AvgLatErr: 9.0341, Steps: 200)
  [Worker 1] episode 59 finished. (AvgLatErr: 4.7317, Steps: 200)
[Worker 1].
Warning: num_agents (8) is greater than the number of available vehicle parameters (4). Cycling vehicle templates.
[Worker 2] TensorFlow device=GPU, mixed_precision=mixed_float16
[Worker 2] Random seed fixed: 300091
[Worker 2] started on GPU.
  [Worker 2] episode 50 finished. (AvgLatErr: 8.1507, Steps: 200)
  [Worker 2] episode 51 finished. (AvgLatErr: 3.7330, Steps: 200)
  [Worker 2] episode 52 finished. (AvgLatErr: 6.0712, Steps: 200)
  [Worker 2] episode 53 finished. (AvgLatErr: 12.6483, Steps: 200)
  [Worker 2] episode 54 finished. (AvgLatErr: 4.6160, Steps: 200)
  [Worker 2] episode 55 finished. (AvgLatErr: 3.9053, Steps: 200)
  [Worker 2] episode 56 finished. (AvgLatErr: 4.7995, Steps: 200)
  [Worker 2] episode 57 finished. (AvgLatErr: 13.1286, Steps: 200)
  [Worker 2] episode 58 finished. (AvgLatErr: 5.9097, Steps: 200)
  [Worker 2] episode 59 finished. (AvgLatErr: 5.0921, Steps: 200)
[Worker 2].
Warning: num_agents (8) is greater than the number of available vehicle parameters (4). Cycling vehicle templates.
[Worker 3] TensorFlow device=GPU, mixed_precision=mixed_float16
[Worker 3] Random seed fixed: 400091
[Worker 3] started on GPU.
  [Worker 3] episode 50 finished. (AvgLatErr: 12.2579, Steps: 200)
  [Worker 3] episode 51 finished. (AvgLatErr: 2.5716, Steps: 200)
  [Worker 3] episode 52 finished. (AvgLatErr: 4.7110, Steps: 200)
  [Worker 3] episode 53 finished. (AvgLatErr: 3.4869, Steps: 159)
  [Worker 3] episode 54 finished. (AvgLatErr: 4.8008, Steps: 200)
  [Worker 3] episode 55 finished. (AvgLatErr: 8.9736, Steps: 200)
  [Worker 3] episode 56 finished. (AvgLatErr: 3.6251, Steps: 200)
  [Worker 3] episode 57 finished. (AvgLatErr: 9.4893, Steps: 200)
  [Worker 3] episode 58 finished. (AvgLatErr: 2.2304, Steps: 200)
  [Worker 3] episode 59 finished. (AvgLatErr: 2.9830, Steps: 200)
[Worker 3].
Warning: num_agents (8) is greater than the number of available vehicle parameters (4). Cycling vehicle templates.
[Worker 4] TensorFlow device=GPU, mixed_precision=mixed_float16
[Worker 4] Random seed fixed: 500091
[Worker 4] started on GPU.
  [Worker 4] episode 50 finished. (AvgLatErr: 13.0307, Steps: 200)
  [Worker 4] episode 51 finished. (AvgLatErr: 4.7884, Steps: 200)
  [Worker 4] episode 52 finished. (AvgLatErr: 9.2257, Steps: 200)
  [Worker 4] episode 53 finished. (AvgLatErr: 11.7382, Steps: 200)
  [Worker 4] episode 54 finished. (AvgLatErr: 4.0208, Steps: 200)
  [Worker 4] episode 55 finished. (AvgLatErr: 5.3810, Steps: 200)
  [Worker 4] episode 56 finished. (AvgLatErr: 6.0357, Steps: 200)
  [Worker 4] episode 57 finished. (AvgLatErr: 5.8210, Steps: 200)
  [Worker 4] episode 58 finished. (AvgLatErr: 3.7454, Steps: 200)
  [Worker 4] episode 59 finished. (AvgLatErr: 7.5815, Steps: 200)
[Worker 4].
Warning: num_agents (8) is greater than the number of available vehicle parameters (4). Cycling vehicle templates.
[Worker 5] TensorFlow device=GPU, mixed_precision=mixed_float16
[Worker 5] Random seed fixed: 600091
[Worker 5] started on GPU.
  [Worker 5] episode 50 finished. (AvgLatErr: 5.8653, Steps: 200)
  [Worker 5] episode 51 finished. (AvgLatErr: 4.1089, Steps: 200)
  [Worker 5] episode 52 finished. (AvgLatErr: 4.4403, Steps: 200)
  [Worker 5] episode 53 finished. (AvgLatErr: 8.0064, Steps: 200)
  [Worker 5] episode 54 finished. (AvgLatErr: 3.6206, Steps: 200)
  [Worker 5] episode 55 finished. (AvgLatErr: 0.9489, Steps: 200)
  [Worker 5] episode 56 finished. (AvgLatErr: 0.4899, Steps: 200)
  [Worker 5] episode 57 finished. (AvgLatErr: 1.3538, Steps: 200)
  [Worker 5] episode 58 finished. (AvgLatErr: 0.9057, Steps: 200)
  [Worker 5] episode 59 finished. (AvgLatErr: 14.2374, Steps: 200)
[Worker 5].
Warning: num_agents (8) is greater than the number of available vehicle parameters (4). Cycling vehicle templates.
[Worker 6] TensorFlow device=GPU, mixed_precision=mixed_float16
[Worker 6] Random seed fixed: 700091
[Worker 6] started on GPU.
  [Worker 6] episode 50 finished. (AvgLatErr: 8.1032, Steps: 200)
  [Worker 6] episode 51 finished. (AvgLatErr: 6.0954, Steps: 200)
  [Worker 6] episode 52 finished. (AvgLatErr: 7.5164, Steps: 200)
  [Worker 6] episode 53 finished. (AvgLatErr: 6.6954, Steps: 200)
  [Worker 6] episode 54 finished. (AvgLatErr: 8.6999, Steps: 200)
  [Worker 6] episode 55 finished. (AvgLatErr: 3.7835, Steps: 200)
  [Worker 6] episode 56 finished. (AvgLatErr: 3.0567, Steps: 200)
  [Worker 6] episode 57 finished. (AvgLatErr: 4.1963, Steps: 200)
  [Worker 6] episode 58 finished. (AvgLatErr: 4.5738, Steps: 200)
  [Worker 6] episode 59 finished. (AvgLatErr: 7.8468, Steps: 200)
[Worker 6].
Warning: num_agents (8) is greater than the number of available vehicle parameters (4). Cycling vehicle templates.
[Worker 7] TensorFlow device=GPU, mixed_precision=mixed_float16
[Worker 7] Random seed fixed: 800091
[Worker 7] started on GPU.
  [Worker 7] episode 50 finished. (AvgLatErr: 9.7434, Steps: 200)
  [Worker 7] episode 51 finished. (AvgLatErr: 3.2467, Steps: 200)
  [Worker 7] episode 52 finished. (AvgLatErr: 4.2917, Steps: 200)
  [Worker 7] episode 53 finished. (AvgLatErr: 1.6839, Steps: 200)
  [Worker 7] episode 54 finished. (AvgLatErr: 1.4513, Steps: 185)
  [Worker 7] episode 55 finished. (AvgLatErr: 14.9999, Steps: 200)
  [Worker 7] episode 56 finished. (AvgLatErr: 2.0809, Steps: 200)
  [Worker 7] episode 57 finished. (AvgLatErr: 11.5005, Steps: 200)
  [Worker 7] episode 58 finished. (AvgLatErr: 3.5304, Steps: 200)
  [Worker 7] episode 59 finished. (AvgLatErr: 2.7776, Steps: 200)
[Worker 7].
[Main] workers finished. (elapsed: 126.67s)
[Main] Aggregation-selected agents: [1, 2, 3, 7]
[Main] FedAdagrad update completed.
[Main] Replay buffers reset after global model update.
============================================================================================
59 EP / Agent 0 : Avg Lat Err 75.1865
59 EP / Agent 1 : Avg Lat Err 4.7317
59 EP / Agent 2 : Avg Lat Err 5.0921
59 EP / Agent 3 : Avg Lat Err 2.9830
59 EP / Agent 4 : Avg Lat Err 7.5815
59 EP / Agent 5 : Avg Lat Err 14.2374
59 EP / Agent 6 : Avg Lat Err 7.8468
59 EP / Agent 7 : Avg Lat Err 2.7776
============================================================================================

============================================================================================
[Main] FL round started. (episode 60 ~ 69)
[Main] Client selection: mode=error_low, budget=4
[Main] Participating agents: [0, 1, 2, 3, 4, 5, 6, 7]
Warning: num_agents (8) is greater than the number of available vehicle parameters (4). Cycling vehicle templates.
[Worker 0] TensorFlow device=GPU, mixed_precision=mixed_float16
[Worker 0] Random seed fixed: 100101
[Worker 0] started on GPU.
  [Worker 0] episode 60 finished. (AvgLatErr: 5.4319, Steps: 200)
  [Worker 0] episode 61 finished. (AvgLatErr: 4.5594, Steps: 200)
  [Worker 0] episode 62 finished. (AvgLatErr: 10.0410, Steps: 200)
  [Worker 0] episode 63 finished. (AvgLatErr: 5.2447, Steps: 200)
  [Worker 0] episode 64 finished. (AvgLatErr: 6.4260, Steps: 200)
  [Worker 0] episode 65 finished. (AvgLatErr: 17.6707, Steps: 200)
  [Worker 0] episode 66 finished. (AvgLatErr: 6.1913, Steps: 200)
  [Worker 0] episode 67 finished. (AvgLatErr: 5.3939, Steps: 200)
  [Worker 0] episode 68 finished. (AvgLatErr: 12.1802, Steps: 200)
  [Worker 0] episode 69 finished. (AvgLatErr: 13.5878, Steps: 200)
[Worker 0].
Warning: num_agents (8) is greater than the number of available vehicle parameters (4). Cycling vehicle templates.
[Worker 1] TensorFlow device=GPU, mixed_precision=mixed_float16
[Worker 1] Random seed fixed: 200101
[Worker 1] started on GPU.
  [Worker 1] episode 60 finished. (AvgLatErr: 3.6482, Steps: 200)
  [Worker 1] episode 61 finished. (AvgLatErr: 3.4620, Steps: 200)
  [Worker 1] episode 62 finished. (AvgLatErr: 1.7281, Steps: 175)
  [Worker 1] episode 63 finished. (AvgLatErr: 3.0299, Steps: 200)
  [Worker 1] episode 64 finished. (AvgLatErr: 3.8278, Steps: 200)
  [Worker 1] episode 65 finished. (AvgLatErr: 4.4599, Steps: 200)
  [Worker 1] episode 66 finished. (AvgLatErr: 5.5960, Steps: 200)
  [Worker 1] episode 67 finished. (AvgLatErr: 1.5069, Steps: 158)
  [Worker 1] episode 68 finished. (AvgLatErr: 3.6028, Steps: 200)
  [Worker 1] episode 69 finished. (AvgLatErr: 1.8126, Steps: 179)
[Worker 1].
Warning: num_agents (8) is greater than the number of available vehicle parameters (4). Cycling vehicle templates.
[Worker 2] TensorFlow device=GPU, mixed_precision=mixed_float16
[Worker 2] Random seed fixed: 300101
[Worker 2] started on GPU.
  [Worker 2] episode 60 finished. (AvgLatErr: 4.9181, Steps: 200)
  [Worker 2] episode 61 finished. (AvgLatErr: 2.9921, Steps: 184)
  [Worker 2] episode 62 finished. (AvgLatErr: 3.0397, Steps: 200)
  [Worker 2] episode 63 finished. (AvgLatErr: 7.7854, Steps: 200)
  [Worker 2] episode 64 finished. (AvgLatErr: 4.1334, Steps: 200)
  [Worker 2] episode 65 finished. (AvgLatErr: 3.2545, Steps: 200)
  [Worker 2] episode 66 finished. (AvgLatErr: 4.6200, Steps: 197)
  [Worker 2] episode 67 finished. (AvgLatErr: 5.9328, Steps: 200)
  [Worker 2] episode 68 finished. (AvgLatErr: 2.1265, Steps: 152)
  [Worker 2] episode 69 finished. (AvgLatErr: 5.5321, Steps: 200)
[Worker 2].
Warning: num_agents (8) is greater than the number of available vehicle parameters (4). Cycling vehicle templates.
[Worker 3] TensorFlow device=GPU, mixed_precision=mixed_float16
[Worker 3] Random seed fixed: 400101
[Worker 3] started on GPU.
  [Worker 3] episode 60 finished. (AvgLatErr: 2.3462, Steps: 200)
  [Worker 3] episode 61 finished. (AvgLatErr: 3.2285, Steps: 200)
  [Worker 3] episode 62 finished. (AvgLatErr: 1.3123, Steps: 196)
  [Worker 3] episode 63 finished. (AvgLatErr: 3.8628, Steps: 200)
  [Worker 3] episode 64 finished. (AvgLatErr: 4.2260, Steps: 200)
  [Worker 3] episode 65 finished. (AvgLatErr: 2.1330, Steps: 200)
  [Worker 3] episode 66 finished. (AvgLatErr: 5.9401, Steps: 200)
  [Worker 3] episode 67 finished. (AvgLatErr: 1.7707, Steps: 195)
  [Worker 3] episode 68 finished. (AvgLatErr: 3.8536, Steps: 200)
  [Worker 3] episode 69 finished. (AvgLatErr: 6.4162, Steps: 200)
[Worker 3].
Warning: num_agents (8) is greater than the number of available vehicle parameters (4). Cycling vehicle templates.
[Worker 4] TensorFlow device=GPU, mixed_precision=mixed_float16
[Worker 4] Random seed fixed: 500101
[Worker 4] started on GPU.
  [Worker 4] episode 60 finished. (AvgLatErr: 2.2112, Steps: 200)
  [Worker 4] episode 61 finished. (AvgLatErr: 2.1689, Steps: 200)
  [Worker 4] episode 62 finished. (AvgLatErr: 1.1457, Steps: 200)
  [Worker 4] episode 63 finished. (AvgLatErr: 3.0319, Steps: 200)
  [Worker 4] episode 64 finished. (AvgLatErr: 5.6750, Steps: 200)
  [Worker 4] episode 65 finished. (AvgLatErr: 4.1652, Steps: 200)
  [Worker 4] episode 66 finished. (AvgLatErr: 4.4476, Steps: 200)
  [Worker 4] episode 67 finished. (AvgLatErr: 4.2007, Steps: 200)
  [Worker 4] episode 68 finished. (AvgLatErr: 3.2522, Steps: 200)
  [Worker 4] episode 69 finished. (AvgLatErr: 1.0460, Steps: 200)
[Worker 4].
Warning: num_agents (8) is greater than the number of available vehicle parameters (4). Cycling vehicle templates.
[Worker 5] TensorFlow device=GPU, mixed_precision=mixed_float16
[Worker 5] Random seed fixed: 600101
[Worker 5] started on GPU.
  [Worker 5] episode 60 finished. (AvgLatErr: 1.4000, Steps: 200)
  [Worker 5] episode 61 finished. (AvgLatErr: 1.9099, Steps: 200)
  [Worker 5] episode 62 finished. (AvgLatErr: 0.8260, Steps: 195)
  [Worker 5] episode 63 finished. (AvgLatErr: 3.5440, Steps: 200)
  [Worker 5] episode 64 finished. (AvgLatErr: 4.0252, Steps: 200)
  [Worker 5] episode 65 finished. (AvgLatErr: 0.8738, Steps: 167)
  [Worker 5] episode 66 finished. (AvgLatErr: 2.1009, Steps: 200)
  [Worker 5] episode 67 finished. (AvgLatErr: 0.4526, Steps: 200)
  [Worker 5] episode 68 finished. (AvgLatErr: 3.2643, Steps: 200)
  [Worker 5] episode 69 finished. (AvgLatErr: 6.1263, Steps: 200)
[Worker 5].
Warning: num_agents (8) is greater than the number of available vehicle parameters (4). Cycling vehicle templates.
[Worker 6] TensorFlow device=GPU, mixed_precision=mixed_float16
[Worker 6] Random seed fixed: 700101
[Worker 6] started on GPU.
  [Worker 6] episode 60 finished. (AvgLatErr: 2.4786, Steps: 200)
  [Worker 6] episode 61 finished. (AvgLatErr: 3.8597, Steps: 200)
  [Worker 6] episode 62 finished. (AvgLatErr: 3.7760, Steps: 200)
  [Worker 6] episode 63 finished. (AvgLatErr: 1.5108, Steps: 200)
  [Worker 6] episode 64 finished. (AvgLatErr: 3.6070, Steps: 200)
  [Worker 6] episode 65 finished. (AvgLatErr: 1.8277, Steps: 200)
  [Worker 6] episode 66 finished. (AvgLatErr: 1.5137, Steps: 200)
  [Worker 6] episode 67 finished. (AvgLatErr: 2.2331, Steps: 200)
  [Worker 6] episode 68 finished. (AvgLatErr: 3.1419, Steps: 200)
  [Worker 6] episode 69 finished. (AvgLatErr: 1.3708, Steps: 200)
[Worker 6].
Warning: num_agents (8) is greater than the number of available vehicle parameters (4). Cycling vehicle templates.
[Worker 7] TensorFlow device=GPU, mixed_precision=mixed_float16
[Worker 7] Random seed fixed: 800101
[Worker 7] started on GPU.
  [Worker 7] episode 60 finished. (AvgLatErr: 0.7335, Steps: 200)
  [Worker 7] episode 61 finished. (AvgLatErr: 1.2450, Steps: 200)
  [Worker 7] episode 62 finished. (AvgLatErr: 3.8399, Steps: 200)
  [Worker 7] episode 63 finished. (AvgLatErr: 2.1905, Steps: 200)
  [Worker 7] episode 64 finished. (AvgLatErr: 1.9106, Steps: 200)
  [Worker 7] episode 65 finished. (AvgLatErr: 6.0194, Steps: 200)
  [Worker 7] episode 66 finished. (AvgLatErr: 1.8042, Steps: 192)
  [Worker 7] episode 67 finished. (AvgLatErr: 1.3820, Steps: 162)
  [Worker 7] episode 68 finished. (AvgLatErr: 1.2280, Steps: 154)
  [Worker 7] episode 69 finished. (AvgLatErr: 1.3509, Steps: 200)
[Worker 7].
[Main] workers finished. (elapsed: 127.77s)
[Main] Aggregation-selected agents: [1, 4, 6, 7]
[Main] FedAdagrad update completed.
[Main] Replay buffers reset after global model update.
============================================================================================
69 EP / Agent 0 : Avg Lat Err 13.5878
69 EP / Agent 1 : Avg Lat Err 1.8126
69 EP / Agent 2 : Avg Lat Err 5.5321
69 EP / Agent 3 : Avg Lat Err 6.4162
69 EP / Agent 4 : Avg Lat Err 1.0460
69 EP / Agent 5 : Avg Lat Err 6.1263
69 EP / Agent 6 : Avg Lat Err 1.3708
69 EP / Agent 7 : Avg Lat Err 1.3509
============================================================================================

============================================================================================
[Main] FL round started. (episode 70 ~ 79)
[Main] Client selection: mode=error_low, budget=4
[Main] Participating agents: [0, 1, 2, 3, 4, 5, 6, 7]
Warning: num_agents (8) is greater than the number of available vehicle parameters (4). Cycling vehicle templates.
[Worker 1] TensorFlow device=GPU, mixed_precision=mixed_float16
[Worker 1] Random seed fixed: 200111
[Worker 1] started on GPU.
  [Worker 1] episode 70 finished. (AvgLatErr: 0.5669, Steps: 141)
  [Worker 1] episode 71 finished. (AvgLatErr: 2.1598, Steps: 161)
  [Worker 1] episode 72 finished. (AvgLatErr: 0.9042, Steps: 148)
  [Worker 1] episode 73 finished. (AvgLatErr: 0.3839, Steps: 108)
  [Worker 1] episode 74 finished. (AvgLatErr: 1.0146, Steps: 143)
  [Worker 1] episode 75 finished. (AvgLatErr: 0.5011, Steps: 115)
  [Worker 1] episode 76 finished. (AvgLatErr: 0.5265, Steps: 120)
  [Worker 1] episode 77 finished. (AvgLatErr: 0.6219, Steps: 124)
  [Worker 1] episode 78 finished. (AvgLatErr: 1.0150, Steps: 157)
  [Worker 1] episode 79 finished. (AvgLatErr: 0.6367, Steps: 134)
[Worker 1].
Warning: num_agents (8) is greater than the number of available vehicle parameters (4). Cycling vehicle templates.
[Worker 0] TensorFlow device=GPU, mixed_precision=mixed_float16
[Worker 0] Random seed fixed: 100111
[Worker 0] started on GPU.
  [Worker 0] episode 70 finished. (AvgLatErr: 4.3595, Steps: 196)
  [Worker 0] episode 71 finished. (AvgLatErr: 6.1448, Steps: 200)
  [Worker 0] episode 72 finished. (AvgLatErr: 5.6219, Steps: 200)
  [Worker 0] episode 73 finished. (AvgLatErr: 4.6861, Steps: 200)
  [Worker 0] episode 74 finished. (AvgLatErr: 3.7266, Steps: 142)
  [Worker 0] episode 75 finished. (AvgLatErr: 3.5230, Steps: 200)
  [Worker 0] episode 76 finished. (AvgLatErr: 3.1915, Steps: 200)
  [Worker 0] episode 77 finished. (AvgLatErr: 6.9540, Steps: 200)
  [Worker 0] episode 78 finished. (AvgLatErr: 2.2428, Steps: 171)
  [Worker 0] episode 79 finished. (AvgLatErr: 3.8615, Steps: 187)
[Worker 0].
Warning: num_agents (8) is greater than the number of available vehicle parameters (4). Cycling vehicle templates.
[Worker 2] TensorFlow device=GPU, mixed_precision=mixed_float16
[Worker 2] Random seed fixed: 300111
[Worker 2] started on GPU.
  [Worker 2] episode 70 finished. (AvgLatErr: 1.5482, Steps: 179)
  [Worker 2] episode 71 finished. (AvgLatErr: 2.9009, Steps: 189)
  [Worker 2] episode 72 finished. (AvgLatErr: 0.9878, Steps: 169)
  [Worker 2] episode 73 finished. (AvgLatErr: 1.6279, Steps: 200)
  [Worker 2] episode 74 finished. (AvgLatErr: 0.8066, Steps: 166)
  [Worker 2] episode 75 finished. (AvgLatErr: 0.7943, Steps: 148)
  [Worker 2] episode 76 finished. (AvgLatErr: 1.1798, Steps: 151)
  [Worker 2] episode 77 finished. (AvgLatErr: 2.2163, Steps: 193)
  [Worker 2] episode 78 finished. (AvgLatErr: 0.7987, Steps: 146)
  [Worker 2] episode 79 finished. (AvgLatErr: 1.0699, Steps: 136)
[Worker 2].
Warning: num_agents (8) is greater than the number of available vehicle parameters (4). Cycling vehicle templates.
[Worker 3] TensorFlow device=GPU, mixed_precision=mixed_float16
[Worker 3] Random seed fixed: 400111
[Worker 3] started on GPU.
  [Worker 3] episode 70 finished. (AvgLatErr: 0.9118, Steps: 200)
  [Worker 3] episode 71 finished. (AvgLatErr: 2.2240, Steps: 200)
  [Worker 3] episode 72 finished. (AvgLatErr: 1.6139, Steps: 200)
  [Worker 3] episode 73 finished. (AvgLatErr: 3.0304, Steps: 200)
  [Worker 3] episode 74 finished. (AvgLatErr: 2.0391, Steps: 200)
  [Worker 3] episode 75 finished. (AvgLatErr: 4.7657, Steps: 200)
  [Worker 3] episode 76 finished. (AvgLatErr: 1.7580, Steps: 200)
  [Worker 3] episode 77 finished. (AvgLatErr: 2.0302, Steps: 200)
  [Worker 3] episode 78 finished. (AvgLatErr: 1.7725, Steps: 200)
  [Worker 3] episode 79 finished. (AvgLatErr: 1.3642, Steps: 200)
[Worker 3].
Warning: num_agents (8) is greater than the number of available vehicle parameters (4). Cycling vehicle templates.
[Worker 4] TensorFlow device=GPU, mixed_precision=mixed_float16
[Worker 4] Random seed fixed: 500111
[Worker 4] started on GPU.
  [Worker 4] episode 70 finished. (AvgLatErr: 1.6922, Steps: 200)
  [Worker 4] episode 71 finished. (AvgLatErr: 2.3844, Steps: 200)
  [Worker 4] episode 72 finished. (AvgLatErr: 2.8942, Steps: 200)
  [Worker 4] episode 73 finished. (AvgLatErr: 2.7301, Steps: 187)
  [Worker 4] episode 74 finished. (AvgLatErr: 1.2408, Steps: 200)
  [Worker 4] episode 75 finished. (AvgLatErr: 2.1446, Steps: 200)
  [Worker 4] episode 76 finished. (AvgLatErr: 1.0142, Steps: 191)
  [Worker 4] episode 77 finished. (AvgLatErr: 0.7446, Steps: 200)
  [Worker 4] episode 78 finished. (AvgLatErr: 0.8379, Steps: 191)
  [Worker 4] episode 79 finished. (AvgLatErr: 0.9331, Steps: 200)
[Worker 4].
Warning: num_agents (8) is greater than the number of available vehicle parameters (4). Cycling vehicle templates.
[Worker 7] TensorFlow device=GPU, mixed_precision=mixed_float16
[Worker 7] Random seed fixed: 800111
[Worker 7] started on GPU.
  [Worker 7] episode 70 finished. (AvgLatErr: 1.2132, Steps: 198)
  [Worker 7] episode 71 finished. (AvgLatErr: 0.8993, Steps: 126)
  [Worker 7] episode 72 finished. (AvgLatErr: 2.2288, Steps: 179)
  [Worker 7] episode 73 finished. (AvgLatErr: 0.6527, Steps: 158)
  [Worker 7] episode 74 finished. (AvgLatErr: 0.9271, Steps: 149)
  [Worker 7] episode 75 finished. (AvgLatErr: 0.9289, Steps: 138)
  [Worker 7] episode 76 finished. (AvgLatErr: 2.5250, Steps: 200)
  [Worker 7] episode 77 finished. (AvgLatErr: 1.0090, Steps: 134)
  [Worker 7] episode 78 finished. (AvgLatErr: 8.1347, Steps: 200)
  [Worker 7] episode 79 finished. (AvgLatErr: 0.8779, Steps: 145)
[Worker 7].
Warning: num_agents (8) is greater than the number of available vehicle parameters (4). Cycling vehicle templates.
[Worker 5] TensorFlow device=GPU, mixed_precision=mixed_float16
[Worker 5] Random seed fixed: 600111
[Worker 5] started on GPU.
  [Worker 5] episode 70 finished. (AvgLatErr: 1.5567, Steps: 200)
  [Worker 5] episode 71 finished. (AvgLatErr: 0.9769, Steps: 200)
  [Worker 5] episode 72 finished. (AvgLatErr: 0.3524, Steps: 200)
  [Worker 5] episode 73 finished. (AvgLatErr: 0.1726, Steps: 200)
  [Worker 5] episode 74 finished. (AvgLatErr: 0.1321, Steps: 200)
  [Worker 5] episode 75 finished. (AvgLatErr: 0.1488, Steps: 200)
  [Worker 5] episode 76 finished. (AvgLatErr: 0.3595, Steps: 200)
  [Worker 5] episode 77 finished. (AvgLatErr: 0.6177, Steps: 199)
  [Worker 5] episode 78 finished. (AvgLatErr: 0.7714, Steps: 200)
  [Worker 5] episode 79 finished. (AvgLatErr: 0.2680, Steps: 200)
[Worker 5].
Warning: num_agents (8) is greater than the number of available vehicle parameters (4). Cycling vehicle templates.
[Worker 6] TensorFlow device=GPU, mixed_precision=mixed_float16
[Worker 6] Random seed fixed: 700111
[Worker 6] started on GPU.
  [Worker 6] episode 70 finished. (AvgLatErr: 1.1523, Steps: 200)
  [Worker 6] episode 71 finished. (AvgLatErr: 2.4379, Steps: 200)
  [Worker 6] episode 72 finished. (AvgLatErr: 2.4252, Steps: 200)
  [Worker 6] episode 73 finished. (AvgLatErr: 1.8036, Steps: 200)
  [Worker 6] episode 74 finished. (AvgLatErr: 1.4129, Steps: 200)
  [Worker 6] episode 75 finished. (AvgLatErr: 1.3979, Steps: 200)
  [Worker 6] episode 76 finished. (AvgLatErr: 0.8807, Steps: 200)
  [Worker 6] episode 77 finished. (AvgLatErr: 1.1901, Steps: 200)
  [Worker 6] episode 78 finished. (AvgLatErr: 1.5679, Steps: 200)
  [Worker 6] episode 79 finished. (AvgLatErr: 1.0493, Steps: 200)
[Worker 6].
[Main] workers finished. (elapsed: 121.57s)
[Main] Aggregation-selected agents: [1, 4, 5, 7]
[Main] FedAdagrad update completed.
[Main] Replay buffers reset after global model update.
============================================================================================
79 EP / Agent 0 : Avg Lat Err 3.8615
79 EP / Agent 1 : Avg Lat Err 0.6367
79 EP / Agent 2 : Avg Lat Err 1.0699
79 EP / Agent 3 : Avg Lat Err 1.3642
79 EP / Agent 4 : Avg Lat Err 0.9331
79 EP / Agent 5 : Avg Lat Err 0.2680
79 EP / Agent 6 : Avg Lat Err 1.0493
79 EP / Agent 7 : Avg Lat Err 0.8779
============================================================================================

============================================================================================
[Main] FL round started. (episode 80 ~ 89)
[Main] Client selection: mode=error_low, budget=4
[Main] Participating agents: [0, 1, 2, 3, 4, 5, 6, 7]
Warning: num_agents (8) is greater than the number of available vehicle parameters (4). Cycling vehicle templates.
[Worker 0] TensorFlow device=GPU, mixed_precision=mixed_float16
[Worker 0] Random seed fixed: 100121
[Worker 0] started on GPU.
  [Worker 0] episode 80 finished. (AvgLatErr: 1.2898, Steps: 142)
  [Worker 0] episode 81 finished. (AvgLatErr: 3.7254, Steps: 167)
  [Worker 0] episode 82 finished. (AvgLatErr: 1.7444, Steps: 150)
  [Worker 0] episode 83 finished. (AvgLatErr: 1.5712, Steps: 148)
  [Worker 0] episode 84 finished. (AvgLatErr: 2.6455, Steps: 175)
  [Worker 0] episode 85 finished. (AvgLatErr: 3.9927, Steps: 165)
  [Worker 0] episode 86 finished. (AvgLatErr: 1.9084, Steps: 151)
  [Worker 0] episode 87 finished. (AvgLatErr: 1.6508, Steps: 125)
  [Worker 0] episode 88 finished. (AvgLatErr: 1.7812, Steps: 145)
  [Worker 0] episode 89 finished. (AvgLatErr: 1.6911, Steps: 151)
[Worker 0].
Warning: num_agents (8) is greater than the number of available vehicle parameters (4). Cycling vehicle templates.
[Worker 1] TensorFlow device=GPU, mixed_precision=mixed_float16
[Worker 1] Random seed fixed: 200121
[Worker 1] started on GPU.
  [Worker 1] episode 80 finished. (AvgLatErr: 0.4684, Steps: 151)
  [Worker 1] episode 81 finished. (AvgLatErr: 0.4714, Steps: 133)
  [Worker 1] episode 82 finished. (AvgLatErr: 0.4643, Steps: 123)
  [Worker 1] episode 83 finished. (AvgLatErr: 0.7426, Steps: 117)
  [Worker 1] episode 84 finished. (AvgLatErr: 0.1961, Steps: 163)
  [Worker 1] episode 85 finished. (AvgLatErr: 0.3609, Steps: 166)
  [Worker 1] episode 86 finished. (AvgLatErr: 2.5324, Steps: 188)
  [Worker 1] episode 87 finished. (AvgLatErr: 0.8821, Steps: 130)
  [Worker 1] episode 88 finished. (AvgLatErr: 0.3611, Steps: 122)
  [Worker 1] episode 89 finished. (AvgLatErr: 0.8513, Steps: 144)
[Worker 1].
Warning: num_agents (8) is greater than the number of available vehicle parameters (4). Cycling vehicle templates.
[Worker 2] TensorFlow device=GPU, mixed_precision=mixed_float16
[Worker 2] Random seed fixed: 300121
[Worker 2] started on GPU.
  [Worker 2] episode 80 finished. (AvgLatErr: 0.9646, Steps: 152)
  [Worker 2] episode 81 finished. (AvgLatErr: 1.3105, Steps: 113)
  [Worker 2] episode 82 finished. (AvgLatErr: 3.2880, Steps: 200)
  [Worker 2] episode 83 finished. (AvgLatErr: 1.2972, Steps: 130)
  [Worker 2] episode 84 finished. (AvgLatErr: 1.0464, Steps: 127)
  [Worker 2] episode 85 finished. (AvgLatErr: 1.1120, Steps: 132)
  [Worker 2] episode 86 finished. (AvgLatErr: 1.3484, Steps: 134)
  [Worker 2] episode 87 finished. (AvgLatErr: 1.1207, Steps: 147)
  [Worker 2] episode 88 finished. (AvgLatErr: 1.1869, Steps: 121)
  [Worker 2] episode 89 finished. (AvgLatErr: 1.1293, Steps: 134)
[Worker 2].
Warning: num_agents (8) is greater than the number of available vehicle parameters (4). Cycling vehicle templates.
[Worker 3] TensorFlow device=GPU, mixed_precision=mixed_float16
[Worker 3] Random seed fixed: 400121
[Worker 3] started on GPU.
  [Worker 3] episode 80 finished. (AvgLatErr: 1.2997, Steps: 184)
  [Worker 3] episode 81 finished. (AvgLatErr: 1.6099, Steps: 200)
  [Worker 3] episode 82 finished. (AvgLatErr: 4.1718, Steps: 159)
  [Worker 3] episode 83 finished. (AvgLatErr: 2.2851, Steps: 200)
  [Worker 3] episode 84 finished. (AvgLatErr: 2.3976, Steps: 200)
  [Worker 3] episode 85 finished. (AvgLatErr: 1.3155, Steps: 200)
  [Worker 3] episode 86 finished. (AvgLatErr: 1.2093, Steps: 200)
  [Worker 3] episode 87 finished. (AvgLatErr: 1.1779, Steps: 200)
  [Worker 3] episode 88 finished. (AvgLatErr: 1.4348, Steps: 200)
  [Worker 3] episode 89 finished. (AvgLatErr: 0.9835, Steps: 197)
[Worker 3].
Warning: num_agents (8) is greater than the number of available vehicle parameters (4). Cycling vehicle templates.
[Worker 7] TensorFlow device=GPU, mixed_precision=mixed_float16
[Worker 7] Random seed fixed: 800121
[Worker 7] started on GPU.
  [Worker 7] episode 80 finished. (AvgLatErr: 0.3419, Steps: 154)
  [Worker 7] episode 81 finished. (AvgLatErr: 1.0203, Steps: 147)
  [Worker 7] episode 82 finished. (AvgLatErr: 1.8050, Steps: 138)
  [Worker 7] episode 83 finished. (AvgLatErr: 0.8724, Steps: 145)
  [Worker 7] episode 84 finished. (AvgLatErr: 0.3934, Steps: 168)
  [Worker 7] episode 85 finished. (AvgLatErr: 1.0211, Steps: 157)
  [Worker 7] episode 86 finished. (AvgLatErr: 0.6455, Steps: 137)
  [Worker 7] episode 87 finished. (AvgLatErr: 0.5067, Steps: 141)
  [Worker 7] episode 88 finished. (AvgLatErr: 0.4816, Steps: 147)
  [Worker 7] episode 89 finished. (AvgLatErr: 0.4956, Steps: 151)
[Worker 7].
Warning: num_agents (8) is greater than the number of available vehicle parameters (4). Cycling vehicle templates.
[Worker 4] TensorFlow device=GPU, mixed_precision=mixed_float16
[Worker 4] Random seed fixed: 500121
[Worker 4] started on GPU.
  [Worker 4] episode 80 finished. (AvgLatErr: 1.0820, Steps: 200)
  [Worker 4] episode 81 finished. (AvgLatErr: 1.0810, Steps: 200)
  [Worker 4] episode 82 finished. (AvgLatErr: 0.6918, Steps: 200)
  [Worker 4] episode 83 finished. (AvgLatErr: 1.2574, Steps: 200)
  [Worker 4] episode 84 finished. (AvgLatErr: 1.1671, Steps: 174)
  [Worker 4] episode 85 finished. (AvgLatErr: 0.8912, Steps: 200)
  [Worker 4] episode 86 finished. (AvgLatErr: 0.7422, Steps: 200)
  [Worker 4] episode 87 finished. (AvgLatErr: 0.3331, Steps: 200)
  [Worker 4] episode 88 finished. (AvgLatErr: 0.4929, Steps: 200)
  [Worker 4] episode 89 finished. (AvgLatErr: 0.6199, Steps: 200)
[Worker 4].
Warning: num_agents (8) is greater than the number of available vehicle parameters (4). Cycling vehicle templates.
[Worker 5] TensorFlow device=GPU, mixed_precision=mixed_float16
[Worker 5] Random seed fixed: 600121
[Worker 5] started on GPU.
  [Worker 5] episode 80 finished. (AvgLatErr: 0.4965, Steps: 190)
  [Worker 5] episode 81 finished. (AvgLatErr: 1.1721, Steps: 178)
  [Worker 5] episode 82 finished. (AvgLatErr: 0.8854, Steps: 167)
  [Worker 5] episode 83 finished. (AvgLatErr: 1.1478, Steps: 200)
  [Worker 5] episode 84 finished. (AvgLatErr: 0.6660, Steps: 174)
  [Worker 5] episode 85 finished. (AvgLatErr: 0.3308, Steps: 195)
  [Worker 5] episode 86 finished. (AvgLatErr: 0.5488, Steps: 200)
  [Worker 5] episode 87 finished. (AvgLatErr: 0.3827, Steps: 192)
  [Worker 5] episode 88 finished. (AvgLatErr: 0.3230, Steps: 200)
  [Worker 5] episode 89 finished. (AvgLatErr: 0.6122, Steps: 200)
[Worker 5].
Warning: num_agents (8) is greater than the number of available vehicle parameters (4). Cycling vehicle templates.
[Worker 6] TensorFlow device=GPU, mixed_precision=mixed_float16
[Worker 6] Random seed fixed: 700121
[Worker 6] started on GPU.
  [Worker 6] episode 80 finished. (AvgLatErr: 1.8751, Steps: 200)
  [Worker 6] episode 81 finished. (AvgLatErr: 1.7990, Steps: 200)
  [Worker 6] episode 82 finished. (AvgLatErr: 1.1791, Steps: 200)
  [Worker 6] episode 83 finished. (AvgLatErr: 2.0794, Steps: 200)
  [Worker 6] episode 84 finished. (AvgLatErr: 4.8176, Steps: 200)
  [Worker 6] episode 85 finished. (AvgLatErr: 2.7831, Steps: 200)
  [Worker 6] episode 86 finished. (AvgLatErr: 0.8600, Steps: 200)
  [Worker 6] episode 87 finished. (AvgLatErr: 1.1032, Steps: 200)
  [Worker 6] episode 88 finished. (AvgLatErr: 1.3263, Steps: 200)
  [Worker 6] episode 89 finished. (AvgLatErr: 1.6486, Steps: 200)
[Worker 6].
[Main] workers finished. (elapsed: 114.52s)
[Main] Aggregation-selected agents: [1, 4, 5, 7]
[Main] FedAdagrad update completed.
[Main] Replay buffers reset after global model update.
============================================================================================
89 EP / Agent 0 : Avg Lat Err 1.6911
89 EP / Agent 1 : Avg Lat Err 0.8513
89 EP / Agent 2 : Avg Lat Err 1.1293
89 EP / Agent 3 : Avg Lat Err 0.9835
89 EP / Agent 4 : Avg Lat Err 0.6199
89 EP / Agent 5 : Avg Lat Err 0.6122
89 EP / Agent 6 : Avg Lat Err 1.6486
89 EP / Agent 7 : Avg Lat Err 0.4956
============================================================================================

============================================================================================
[Main] FL round started. (episode 90 ~ 99)
[Main] Client selection: mode=error_low, budget=4
[Main] Participating agents: [0, 1, 2, 3, 4, 5, 6, 7]
Warning: num_agents (8) is greater than the number of available vehicle parameters (4). Cycling vehicle templates.
[Worker 1] TensorFlow device=GPU, mixed_precision=mixed_float16
[Worker 1] Random seed fixed: 200131
[Worker 1] started on GPU.
  [Worker 1] episode 90 finished. (AvgLatErr: 0.2931, Steps: 149)
  [Worker 1] episode 91 finished. (AvgLatErr: 0.3041, Steps: 132)
  [Worker 1] episode 92 finished. (AvgLatErr: 1.7017, Steps: 151)
  [Worker 1] episode 93 finished. (AvgLatErr: 1.7980, Steps: 200)
  [Worker 1] episode 94 finished. (AvgLatErr: 1.1969, Steps: 132)
  [Worker 1] episode 95 finished. (AvgLatErr: 0.4368, Steps: 123)
  [Worker 1] episode 96 finished. (AvgLatErr: 1.2229, Steps: 168)
  [Worker 1] episode 97 finished. (AvgLatErr: 0.8251, Steps: 129)
  [Worker 1] episode 98 finished. (AvgLatErr: 0.5517, Steps: 102)
  [Worker 1] episode 99 finished. (AvgLatErr: 0.4503, Steps: 120)
[Worker 1].
Warning: num_agents (8) is greater than the number of available vehicle parameters (4). Cycling vehicle templates.
[Worker 0] TensorFlow device=GPU, mixed_precision=mixed_float16
[Worker 0] Random seed fixed: 100131
[Worker 0] started on GPU.
  [Worker 0] episode 90 finished. (AvgLatErr: 1.2431, Steps: 143)
  [Worker 0] episode 91 finished. (AvgLatErr: 3.3478, Steps: 161)
  [Worker 0] episode 92 finished. (AvgLatErr: 4.9239, Steps: 131)
  [Worker 0] episode 93 finished. (AvgLatErr: 2.4705, Steps: 141)
  [Worker 0] episode 94 finished. (AvgLatErr: 5.2667, Steps: 200)
  [Worker 0] episode 95 finished. (AvgLatErr: 3.3612, Steps: 200)
  [Worker 0] episode 96 finished. (AvgLatErr: 3.1200, Steps: 200)
  [Worker 0] episode 97 finished. (AvgLatErr: 3.0260, Steps: 200)
  [Worker 0] episode 98 finished. (AvgLatErr: 1.5023, Steps: 142)
  [Worker 0] episode 99 finished. (AvgLatErr: 1.0602, Steps: 144)
[Worker 0].
Warning: num_agents (8) is greater than the number of available vehicle parameters (4). Cycling vehicle templates.
[Worker 2] TensorFlow device=GPU, mixed_precision=mixed_float16
[Worker 2] Random seed fixed: 300131
[Worker 2] started on GPU.
  [Worker 2] episode 90 finished. (AvgLatErr: 0.7854, Steps: 128)
  [Worker 2] episode 91 finished. (AvgLatErr: 1.5304, Steps: 170)
  [Worker 2] episode 92 finished. (AvgLatErr: 0.8117, Steps: 133)
  [Worker 2] episode 93 finished. (AvgLatErr: 0.3405, Steps: 132)
  [Worker 2] episode 94 finished. (AvgLatErr: 1.0275, Steps: 166)
  [Worker 2] episode 95 finished. (AvgLatErr: 1.0651, Steps: 146)
  [Worker 2] episode 96 finished. (AvgLatErr: 0.8685, Steps: 139)
  [Worker 2] episode 97 finished. (AvgLatErr: 0.5146, Steps: 124)
  [Worker 2] episode 98 finished. (AvgLatErr: 0.5311, Steps: 148)
  [Worker 2] episode 99 finished. (AvgLatErr: 0.5268, Steps: 144)
[Worker 2].
Warning: num_agents (8) is greater than the number of available vehicle parameters (4). Cycling vehicle templates.
[Worker 3] TensorFlow device=GPU, mixed_precision=mixed_float16
[Worker 3] Random seed fixed: 400131
[Worker 3] started on GPU.
  [Worker 3] episode 90 finished. (AvgLatErr: 1.1071, Steps: 196)
  [Worker 3] episode 91 finished. (AvgLatErr: 0.6422, Steps: 175)
  [Worker 3] episode 92 finished. (AvgLatErr: 0.5884, Steps: 179)
  [Worker 3] episode 93 finished. (AvgLatErr: 0.9336, Steps: 180)
  [Worker 3] episode 94 finished. (AvgLatErr: 3.4404, Steps: 200)
  [Worker 3] episode 95 finished. (AvgLatErr: 2.2833, Steps: 200)
  [Worker 3] episode 96 finished. (AvgLatErr: 1.8866, Steps: 181)
  [Worker 3] episode 97 finished. (AvgLatErr: 5.5942, Steps: 200)
  [Worker 3] episode 98 finished. (AvgLatErr: 1.6642, Steps: 189)
  [Worker 3] episode 99 finished. (AvgLatErr: 8.6552, Steps: 200)
[Worker 3].
Warning: num_agents (8) is greater than the number of available vehicle parameters (4). Cycling vehicle templates.
[Worker 4] TensorFlow device=GPU, mixed_precision=mixed_float16
[Worker 4] Random seed fixed: 500131
[Worker 4] started on GPU.
  [Worker 4] episode 90 finished. (AvgLatErr: 0.8952, Steps: 171)
  [Worker 4] episode 91 finished. (AvgLatErr: 0.5813, Steps: 200)
  [Worker 4] episode 92 finished. (AvgLatErr: 1.1139, Steps: 200)
  [Worker 4] episode 93 finished. (AvgLatErr: 0.9882, Steps: 164)
  [Worker 4] episode 94 finished. (AvgLatErr: 0.4650, Steps: 188)
  [Worker 4] episode 95 finished. (AvgLatErr: 0.9314, Steps: 199)
  [Worker 4] episode 96 finished. (AvgLatErr: 0.7206, Steps: 174)
  [Worker 4] episode 97 finished. (AvgLatErr: 0.4013, Steps: 151)
  [Worker 4] episode 98 finished. (AvgLatErr: 0.6768, Steps: 164)
  [Worker 4] episode 99 finished. (AvgLatErr: 0.6188, Steps: 173)
[Worker 4].
Warning: num_agents (8) is greater than the number of available vehicle parameters (4). Cycling vehicle templates.
[Worker 5] TensorFlow device=GPU, mixed_precision=mixed_float16
[Worker 5] Random seed fixed: 600131
[Worker 5] started on GPU.
  [Worker 5] episode 90 finished. (AvgLatErr: 0.5230, Steps: 164)
  [Worker 5] episode 91 finished. (AvgLatErr: 0.6148, Steps: 194)
  [Worker 5] episode 92 finished. (AvgLatErr: 1.1218, Steps: 200)
  [Worker 5] episode 93 finished. (AvgLatErr: 0.8496, Steps: 200)
  [Worker 5] episode 94 finished. (AvgLatErr: 0.3334, Steps: 200)
  [Worker 5] episode 95 finished. (AvgLatErr: 0.4091, Steps: 185)
  [Worker 5] episode 96 finished. (AvgLatErr: 0.8545, Steps: 171)
  [Worker 5] episode 97 finished. (AvgLatErr: 1.8252, Steps: 200)
  [Worker 5] episode 98 finished. (AvgLatErr: 0.7351, Steps: 176)
  [Worker 5] episode 99 finished. (AvgLatErr: 1.0186, Steps: 200)
[Worker 5].
Warning: num_agents (8) is greater than the number of available vehicle parameters (4). Cycling vehicle templates.
[Worker 7] TensorFlow device=GPU, mixed_precision=mixed_float16
[Worker 7] Random seed fixed: 800131
[Worker 7] started on GPU.
  [Worker 7] episode 90 finished. (AvgLatErr: 1.6355, Steps: 199)
  [Worker 7] episode 91 finished. (AvgLatErr: 0.7475, Steps: 147)
  [Worker 7] episode 92 finished. (AvgLatErr: 0.3665, Steps: 145)
  [Worker 7] episode 93 finished. (AvgLatErr: 0.6555, Steps: 177)
  [Worker 7] episode 94 finished. (AvgLatErr: 0.6123, Steps: 173)
  [Worker 7] episode 95 finished. (AvgLatErr: 0.6110, Steps: 145)
  [Worker 7] episode 96 finished. (AvgLatErr: 0.5944, Steps: 148)
  [Worker 7] episode 97 finished. (AvgLatErr: 0.6507, Steps: 155)
  [Worker 7] episode 98 finished. (AvgLatErr: 1.2583, Steps: 194)
  [Worker 7] episode 99 finished. (AvgLatErr: 0.4414, Steps: 144)
[Worker 7].
Warning: num_agents (8) is greater than the number of available vehicle parameters (4). Cycling vehicle templates.
[Worker 6] TensorFlow device=GPU, mixed_precision=mixed_float16
[Worker 6] Random seed fixed: 700131
[Worker 6] started on GPU.
  [Worker 6] episode 90 finished. (AvgLatErr: 0.9779, Steps: 200)
  [Worker 6] episode 91 finished. (AvgLatErr: 1.3696, Steps: 200)
  [Worker 6] episode 92 finished. (AvgLatErr: 1.0242, Steps: 200)
  [Worker 6] episode 93 finished. (AvgLatErr: 0.6828, Steps: 200)
  [Worker 6] episode 94 finished. (AvgLatErr: 0.8281, Steps: 200)
  [Worker 6] episode 95 finished. (AvgLatErr: 0.9326, Steps: 200)
  [Worker 6] episode 96 finished. (AvgLatErr: 0.9250, Steps: 200)
  [Worker 6] episode 97 finished. (AvgLatErr: 0.7102, Steps: 200)
  [Worker 6] episode 98 finished. (AvgLatErr: 0.6264, Steps: 200)
  [Worker 6] episode 99 finished. (AvgLatErr: 0.8510, Steps: 192)
[Worker 6].
[Main] workers finished. (elapsed: 114.39s)
[Main] Aggregation-selected agents: [1, 2, 4, 7]
[Main] FedAdagrad update completed.
[Main] Replay buffers reset after global model update.
============================================================================================
99 EP / Agent 0 : Avg Lat Err 1.0602
99 EP / Agent 1 : Avg Lat Err 0.4503
99 EP / Agent 2 : Avg Lat Err 0.5268
99 EP / Agent 3 : Avg Lat Err 8.6552
99 EP / Agent 4 : Avg Lat Err 0.6188
99 EP / Agent 5 : Avg Lat Err 1.0186
99 EP / Agent 6 : Avg Lat Err 0.8510
99 EP / Agent 7 : Avg Lat Err 0.4414
============================================================================================
[Main] Model checkpoint saved: C:\Users\syd79\FRL-Q\experiments\fast_parallel_fedadagrad_8errorlow4_20260916_run1_error_low_4of8\checkpoints\global_model_episode_000100.weights.h5

============================================================================================
[Main] FL round started. (episode 100 ~ 109)
[Main] Client selection: mode=error_low, budget=4
[Main] Participating agents: [0, 1, 2, 3, 4, 5, 6, 7]
Warning: num_agents (8) is greater than the number of available vehicle parameters (4). Cycling vehicle templates.
[Worker 0] TensorFlow device=GPU, mixed_precision=mixed_float16
[Worker 0] Random seed fixed: 100141
[Worker 0] started on GPU.
  [Worker 0] episode 100 finished. (AvgLatErr: 0.9997, Steps: 140)
  [Worker 0] episode 101 finished. (AvgLatErr: 1.0532, Steps: 144)
  [Worker 0] episode 102 finished. (AvgLatErr: 1.1806, Steps: 141)
  [Worker 0] episode 103 finished. (AvgLatErr: 1.5696, Steps: 141)
  [Worker 0] episode 104 finished. (AvgLatErr: 1.3558, Steps: 144)
  [Worker 0] episode 105 finished. (AvgLatErr: 1.2444, Steps: 140)
  [Worker 0] episode 106 finished. (AvgLatErr: 1.1550, Steps: 143)
  [Worker 0] episode 107 finished. (AvgLatErr: 3.1415, Steps: 165)
  [Worker 0] episode 108 finished. (AvgLatErr: 1.1276, Steps: 124)
  [Worker 0] episode 109 finished. (AvgLatErr: 2.1744, Steps: 136)
[Worker 0].
Warning: num_agents (8) is greater than the number of available vehicle parameters (4). Cycling vehicle templates.
[Worker 1] TensorFlow device=GPU, mixed_precision=mixed_float16
[Worker 1] Random seed fixed: 200141
[Worker 1] started on GPU.
  [Worker 1] episode 100 finished. (AvgLatErr: 0.2316, Steps: 153)
  [Worker 1] episode 101 finished. (AvgLatErr: 0.2071, Steps: 155)
  [Worker 1] episode 102 finished. (AvgLatErr: 0.2187, Steps: 150)
  [Worker 1] episode 103 finished. (AvgLatErr: 0.3490, Steps: 132)
  [Worker 1] episode 104 finished. (AvgLatErr: 0.2328, Steps: 155)
  [Worker 1] episode 105 finished. (AvgLatErr: 0.3240, Steps: 142)
  [Worker 1] episode 106 finished. (AvgLatErr: 0.2045, Steps: 152)
  [Worker 1] episode 107 finished. (AvgLatErr: 0.1749, Steps: 167)
  [Worker 1] episode 108 finished. (AvgLatErr: 0.2578, Steps: 144)
  [Worker 1] episode 109 finished. (AvgLatErr: 0.2492, Steps: 150)
[Worker 1].
Warning: num_agents (8) is greater than the number of available vehicle parameters (4). Cycling vehicle templates.
[Worker 2] TensorFlow device=GPU, mixed_precision=mixed_float16
[Worker 2] Random seed fixed: 300141
[Worker 2] started on GPU.
  [Worker 2] episode 100 finished. (AvgLatErr: 0.6386, Steps: 128)
  [Worker 2] episode 101 finished. (AvgLatErr: 1.1591, Steps: 138)
  [Worker 2] episode 102 finished. (AvgLatErr: 0.7404, Steps: 141)
  [Worker 2] episode 103 finished. (AvgLatErr: 0.4482, Steps: 154)
  [Worker 2] episode 104 finished. (AvgLatErr: 0.3132, Steps: 152)
  [Worker 2] episode 105 finished. (AvgLatErr: 0.5344, Steps: 145)
  [Worker 2] episode 106 finished. (AvgLatErr: 0.3188, Steps: 200)
  [Worker 2] episode 107 finished. (AvgLatErr: 0.4392, Steps: 141)
  [Worker 2] episode 108 finished. (AvgLatErr: 0.4907, Steps: 155)
  [Worker 2] episode 109 finished. (AvgLatErr: 0.5227, Steps: 148)
[Worker 2].
Warning: num_agents (8) is greater than the number of available vehicle parameters (4). Cycling vehicle templates.
[Worker 3] TensorFlow device=GPU, mixed_precision=mixed_float16
[Worker 3] Random seed fixed: 400141
[Worker 3] started on GPU.
  [Worker 3] episode 100 finished. (AvgLatErr: 0.7379, Steps: 200)
  [Worker 3] episode 101 finished. (AvgLatErr: 2.9586, Steps: 200)
  [Worker 3] episode 102 finished. (AvgLatErr: 1.0784, Steps: 183)
  [Worker 3] episode 103 finished. (AvgLatErr: 0.8949, Steps: 188)
  [Worker 3] episode 104 finished. (AvgLatErr: 1.4370, Steps: 181)
  [Worker 3] episode 105 finished. (AvgLatErr: 0.8461, Steps: 188)
  [Worker 3] episode 106 finished. (AvgLatErr: 1.6178, Steps: 187)
  [Worker 3] episode 107 finished. (AvgLatErr: 1.1640, Steps: 180)
  [Worker 3] episode 108 finished. (AvgLatErr: 1.1268, Steps: 187)
  [Worker 3] episode 109 finished. (AvgLatErr: 0.8262, Steps: 194)
[Worker 3].
Warning: num_agents (8) is greater than the number of available vehicle parameters (4). Cycling vehicle templates.
[Worker 4] TensorFlow device=GPU, mixed_precision=mixed_float16
[Worker 4] Random seed fixed: 500141
[Worker 4] started on GPU.
  [Worker 4] episode 100 finished. (AvgLatErr: 1.0899, Steps: 200)
  [Worker 4] episode 101 finished. (AvgLatErr: 0.7371, Steps: 200)
  [Worker 4] episode 102 finished. (AvgLatErr: 4.1263, Steps: 200)
  [Worker 4] episode 103 finished. (AvgLatErr: 1.1386, Steps: 193)
  [Worker 4] episode 104 finished. (AvgLatErr: 0.8013, Steps: 173)
  [Worker 4] episode 105 finished. (AvgLatErr: 2.3603, Steps: 200)
  [Worker 4] episode 106 finished. (AvgLatErr: 1.5207, Steps: 200)
  [Worker 4] episode 107 finished. (AvgLatErr: 2.4595, Steps: 200)
  [Worker 4] episode 108 finished. (AvgLatErr: 1.1704, Steps: 177)
  [Worker 4] episode 109 finished. (AvgLatErr: 1.6315, Steps: 185)
[Worker 4].
Warning: num_agents (8) is greater than the number of available vehicle parameters (4). Cycling vehicle templates.
[Worker 7] TensorFlow device=GPU, mixed_precision=mixed_float16
[Worker 7] Random seed fixed: 800141
[Worker 7] started on GPU.
  [Worker 7] episode 100 finished. (AvgLatErr: 0.2043, Steps: 164)
  [Worker 7] episode 101 finished. (AvgLatErr: 0.2963, Steps: 151)
  [Worker 7] episode 102 finished. (AvgLatErr: 0.4968, Steps: 170)
  [Worker 7] episode 103 finished. (AvgLatErr: 0.3728, Steps: 156)
  [Worker 7] episode 104 finished. (AvgLatErr: 0.4286, Steps: 157)
  [Worker 7] episode 105 finished. (AvgLatErr: 0.5042, Steps: 160)
  [Worker 7] episode 106 finished. (AvgLatErr: 0.7466, Steps: 161)
  [Worker 7] episode 107 finished. (AvgLatErr: 0.3404, Steps: 138)
  [Worker 7] episode 108 finished. (AvgLatErr: 1.1104, Steps: 157)
  [Worker 7] episode 109 finished. (AvgLatErr: 0.5082, Steps: 142)
[Worker 7].
Warning: num_agents (8) is greater than the number of available vehicle parameters (4). Cycling vehicle templates.
[Worker 5] TensorFlow device=GPU, mixed_precision=mixed_float16
[Worker 5] Random seed fixed: 600141
[Worker 5] started on GPU.
  [Worker 5] episode 100 finished. (AvgLatErr: 0.2621, Steps: 200)
  [Worker 5] episode 101 finished. (AvgLatErr: 0.2340, Steps: 200)
  [Worker 5] episode 102 finished. (AvgLatErr: 0.1286, Steps: 200)
  [Worker 5] episode 103 finished. (AvgLatErr: 0.1413, Steps: 200)
  [Worker 5] episode 104 finished. (AvgLatErr: 0.3027, Steps: 189)
  [Worker 5] episode 105 finished. (AvgLatErr: 0.7681, Steps: 200)
  [Worker 5] episode 106 finished. (AvgLatErr: 0.3792, Steps: 194)
  [Worker 5] episode 107 finished. (AvgLatErr: 0.4994, Steps: 170)
  [Worker 5] episode 108 finished. (AvgLatErr: 3.1139, Steps: 200)
  [Worker 5] episode 109 finished. (AvgLatErr: 0.6441, Steps: 180)
[Worker 5].
Warning: num_agents (8) is greater than the number of available vehicle parameters (4). Cycling vehicle templates.
[Worker 6] TensorFlow device=GPU, mixed_precision=mixed_float16
[Worker 6] Random seed fixed: 700141
[Worker 6] started on GPU.
  [Worker 6] episode 100 finished. (AvgLatErr: 0.7029, Steps: 200)
  [Worker 6] episode 101 finished. (AvgLatErr: 0.5554, Steps: 200)
  [Worker 6] episode 102 finished. (AvgLatErr: 1.0813, Steps: 200)
  [Worker 6] episode 103 finished. (AvgLatErr: 1.2186, Steps: 200)
  [Worker 6] episode 104 finished. (AvgLatErr: 0.4409, Steps: 200)
  [Worker 6] episode 105 finished. (AvgLatErr: 0.4747, Steps: 200)
  [Worker 6] episode 106 finished. (AvgLatErr: 1.1204, Steps: 200)
  [Worker 6] episode 107 finished. (AvgLatErr: 0.4428, Steps: 200)
  [Worker 6] episode 108 finished. (AvgLatErr: 0.4735, Steps: 200)
  [Worker 6] episode 109 finished. (AvgLatErr: 0.6255, Steps: 200)
[Worker 6].
[Main] workers finished. (elapsed: 117.15s)
[Main] Aggregation-selected agents: [1, 2, 6, 7]
[Main] FedAdagrad update completed.
[Main] Replay buffers reset after global model update.
============================================================================================
109 EP / Agent 0 : Avg Lat Err 2.1744
109 EP / Agent 1 : Avg Lat Err 0.2492
109 EP / Agent 2 : Avg Lat Err 0.5227
109 EP / Agent 3 : Avg Lat Err 0.8262
109 EP / Agent 4 : Avg Lat Err 1.6315
109 EP / Agent 5 : Avg Lat Err 0.6441
109 EP / Agent 6 : Avg Lat Err 0.6255
109 EP / Agent 7 : Avg Lat Err 0.5082
============================================================================================

============================================================================================
[Main] FL round started. (episode 110 ~ 119)
[Main] Client selection: mode=error_low, budget=4
[Main] Participating agents: [0, 1, 2, 3, 4, 5, 6, 7]
Warning: num_agents (8) is greater than the number of available vehicle parameters (4). Cycling vehicle templates.
[Worker 0] TensorFlow device=GPU, mixed_precision=mixed_float16
[Worker 0] Random seed fixed: 100151
[Worker 0] started on GPU.
  [Worker 0] episode 110 finished. (AvgLatErr: 1.5143, Steps: 144)
  [Worker 0] episode 111 finished. (AvgLatErr: 2.0159, Steps: 160)
  [Worker 0] episode 112 finished. (AvgLatErr: 1.6393, Steps: 133)
  [Worker 0] episode 113 finished. (AvgLatErr: 1.4963, Steps: 145)
  [Worker 0] episode 114 finished. (AvgLatErr: 1.5906, Steps: 148)
  [Worker 0] episode 115 finished. (AvgLatErr: 1.6446, Steps: 142)
  [Worker 0] episode 116 finished. (AvgLatErr: 1.3756, Steps: 133)
  [Worker 0] episode 117 finished. (AvgLatErr: 1.7333, Steps: 148)
  [Worker 0] episode 118 finished. (AvgLatErr: 1.5308, Steps: 151)
  [Worker 0] episode 119 finished. (AvgLatErr: 1.4832, Steps: 136)
[Worker 0].
Warning: num_agents (8) is greater than the number of available vehicle parameters (4). Cycling vehicle templates.
[Worker 1] TensorFlow device=GPU, mixed_precision=mixed_float16
[Worker 1] Random seed fixed: 200151
[Worker 1] started on GPU.
  [Worker 1] episode 110 finished. (AvgLatErr: 0.1807, Steps: 143)
  [Worker 1] episode 111 finished. (AvgLatErr: 0.2559, Steps: 144)
  [Worker 1] episode 112 finished. (AvgLatErr: 0.1555, Steps: 155)
  [Worker 1] episode 113 finished. (AvgLatErr: 0.1703, Steps: 166)
  [Worker 1] episode 114 finished. (AvgLatErr: 0.2858, Steps: 161)
  [Worker 1] episode 115 finished. (AvgLatErr: 0.3967, Steps: 156)
  [Worker 1] episode 116 finished. (AvgLatErr: 0.4201, Steps: 142)
  [Worker 1] episode 117 finished. (AvgLatErr: 0.1384, Steps: 150)
  [Worker 1] episode 118 finished. (AvgLatErr: 0.4801, Steps: 129)
  [Worker 1] episode 119 finished. (AvgLatErr: 0.1798, Steps: 148)
[Worker 1].
Warning: num_agents (8) is greater than the number of available vehicle parameters (4). Cycling vehicle templates.
[Worker 2] TensorFlow device=GPU, mixed_precision=mixed_float16
[Worker 2] Random seed fixed: 300151
[Worker 2] started on GPU.
  [Worker 2] episode 110 finished. (AvgLatErr: 1.6806, Steps: 176)
  [Worker 2] episode 111 finished. (AvgLatErr: 0.7920, Steps: 143)
  [Worker 2] episode 112 finished. (AvgLatErr: 0.6566, Steps: 155)
  [Worker 2] episode 113 finished. (AvgLatErr: 1.3001, Steps: 159)
  [Worker 2] episode 114 finished. (AvgLatErr: 0.7636, Steps: 148)
  [Worker 2] episode 115 finished. (AvgLatErr: 0.5473, Steps: 134)
  [Worker 2] episode 116 finished. (AvgLatErr: 0.8417, Steps: 141)
  [Worker 2] episode 117 finished. (AvgLatErr: 0.7255, Steps: 129)
  [Worker 2] episode 118 finished. (AvgLatErr: 0.5675, Steps: 120)
  [Worker 2] episode 119 finished. (AvgLatErr: 0.7021, Steps: 120)
[Worker 2].
Warning: num_agents (8) is greater than the number of available vehicle parameters (4). Cycling vehicle templates.
[Worker 3] TensorFlow device=GPU, mixed_precision=mixed_float16
[Worker 3] Random seed fixed: 400151
[Worker 3] started on GPU.
  [Worker 3] episode 110 finished. (AvgLatErr: 0.4651, Steps: 200)
  [Worker 3] episode 111 finished. (AvgLatErr: 0.6225, Steps: 179)
  [Worker 3] episode 112 finished. (AvgLatErr: 1.6364, Steps: 164)
  [Worker 3] episode 113 finished. (AvgLatErr: 1.6826, Steps: 135)
  [Worker 3] episode 114 finished. (AvgLatErr: 1.8612, Steps: 200)
  [Worker 3] episode 115 finished. (AvgLatErr: 2.0376, Steps: 200)
  [Worker 3] episode 116 finished. (AvgLatErr: 3.7429, Steps: 200)
  [Worker 3] episode 117 finished. (AvgLatErr: 3.2127, Steps: 200)
  [Worker 3] episode 118 finished. (AvgLatErr: 3.2179, Steps: 200)
  [Worker 3] episode 119 finished. (AvgLatErr: 3.6355, Steps: 200)
[Worker 3].
Warning: num_agents (8) is greater than the number of available vehicle parameters (4). Cycling vehicle templates.
[Worker 4] TensorFlow device=GPU, mixed_precision=mixed_float16
[Worker 4] Random seed fixed: 500151
[Worker 4] started on GPU.
  [Worker 4] episode 110 finished. (AvgLatErr: 0.5791, Steps: 195)
  [Worker 4] episode 111 finished. (AvgLatErr: 0.6240, Steps: 200)
  [Worker 4] episode 112 finished. (AvgLatErr: 0.5413, Steps: 174)
  [Worker 4] episode 113 finished. (AvgLatErr: 0.4941, Steps: 165)
  [Worker 4] episode 114 finished. (AvgLatErr: 0.7517, Steps: 174)
  [Worker 4] episode 115 finished. (AvgLatErr: 0.6362, Steps: 166)
  [Worker 4] episode 116 finished. (AvgLatErr: 1.4589, Steps: 168)
  [Worker 4] episode 117 finished. (AvgLatErr: 2.6671, Steps: 200)
  [Worker 4] episode 118 finished. (AvgLatErr: 0.5916, Steps: 173)
  [Worker 4] episode 119 finished. (AvgLatErr: 0.6349, Steps: 179)
[Worker 4].
Warning: num_agents (8) is greater than the number of available vehicle parameters (4). Cycling vehicle templates.
[Worker 7] TensorFlow device=GPU, mixed_precision=mixed_float16
[Worker 7] Random seed fixed: 800151
[Worker 7] started on GPU.
  [Worker 7] episode 110 finished. (AvgLatErr: 0.4189, Steps: 176)
  [Worker 7] episode 111 finished. (AvgLatErr: 0.4664, Steps: 144)
  [Worker 7] episode 112 finished. (AvgLatErr: 0.3395, Steps: 156)
  [Worker 7] episode 113 finished. (AvgLatErr: 0.4098, Steps: 150)
  [Worker 7] episode 114 finished. (AvgLatErr: 0.3070, Steps: 135)
  [Worker 7] episode 115 finished. (AvgLatErr: 0.2056, Steps: 158)
  [Worker 7] episode 116 finished. (AvgLatErr: 0.5281, Steps: 148)
  [Worker 7] episode 117 finished. (AvgLatErr: 0.2483, Steps: 146)
  [Worker 7] episode 118 finished. (AvgLatErr: 0.1750, Steps: 144)
  [Worker 7] episode 119 finished. (AvgLatErr: 0.2590, Steps: 141)
[Worker 7].
Warning: num_agents (8) is greater than the number of available vehicle parameters (4). Cycling vehicle templates.
[Worker 5] TensorFlow device=GPU, mixed_precision=mixed_float16
[Worker 5] Random seed fixed: 600151
[Worker 5] started on GPU.
  [Worker 5] episode 110 finished. (AvgLatErr: 0.2189, Steps: 200)
  [Worker 5] episode 111 finished. (AvgLatErr: 0.2241, Steps: 200)
  [Worker 5] episode 112 finished. (AvgLatErr: 0.3527, Steps: 186)
  [Worker 5] episode 113 finished. (AvgLatErr: 0.3257, Steps: 191)
  [Worker 5] episode 114 finished. (AvgLatErr: 0.2534, Steps: 200)
  [Worker 5] episode 115 finished. (AvgLatErr: 0.1667, Steps: 200)
  [Worker 5] episode 116 finished. (AvgLatErr: 0.1407, Steps: 200)
  [Worker 5] episode 117 finished. (AvgLatErr: 0.1177, Steps: 200)
  [Worker 5] episode 118 finished. (AvgLatErr: 0.1051, Steps: 200)
  [Worker 5] episode 119 finished. (AvgLatErr: 0.1466, Steps: 200)
[Worker 5].
Warning: num_agents (8) is greater than the number of available vehicle parameters (4). Cycling vehicle templates.
[Worker 6] TensorFlow device=GPU, mixed_precision=mixed_float16
[Worker 6] Random seed fixed: 700151
[Worker 6] started on GPU.
  [Worker 6] episode 110 finished. (AvgLatErr: 0.6178, Steps: 200)
  [Worker 6] episode 111 finished. (AvgLatErr: 0.4479, Steps: 200)
  [Worker 6] episode 112 finished. (AvgLatErr: 0.4542, Steps: 200)
  [Worker 6] episode 113 finished. (AvgLatErr: 0.6230, Steps: 200)
  [Worker 6] episode 114 finished. (AvgLatErr: 0.8288, Steps: 200)
  [Worker 6] episode 115 finished. (AvgLatErr: 0.7076, Steps: 200)
  [Worker 6] episode 116 finished. (AvgLatErr: 0.7967, Steps: 200)
  [Worker 6] episode 117 finished. (AvgLatErr: 0.8568, Steps: 200)
  [Worker 6] episode 118 finished. (AvgLatErr: 0.7218, Steps: 200)
  [Worker 6] episode 119 finished. (AvgLatErr: 0.5004, Steps: 193)
[Worker 6].
[Main] workers finished. (elapsed: 114.69s)
[Main] Aggregation-selected agents: [1, 5, 6, 7]
[Main] FedAdagrad update completed.
[Main] Replay buffers reset after global model update.
============================================================================================
119 EP / Agent 0 : Avg Lat Err 1.4832
119 EP / Agent 1 : Avg Lat Err 0.1798
119 EP / Agent 2 : Avg Lat Err 0.7021
119 EP / Agent 3 : Avg Lat Err 3.6355
119 EP / Agent 4 : Avg Lat Err 0.6349
119 EP / Agent 5 : Avg Lat Err 0.1466
119 EP / Agent 6 : Avg Lat Err 0.5004
119 EP / Agent 7 : Avg Lat Err 0.2590
============================================================================================

============================================================================================
[Main] FL round started. (episode 120 ~ 129)
[Main] Client selection: mode=error_low, budget=4
[Main] Participating agents: [0, 1, 2, 3, 4, 5, 6, 7]
Warning: num_agents (8) is greater than the number of available vehicle parameters (4). Cycling vehicle templates.
[Worker 0] TensorFlow device=GPU, mixed_precision=mixed_float16
[Worker 0] Random seed fixed: 100161
[Worker 0] started on GPU.
  [Worker 0] episode 120 finished. (AvgLatErr: 1.1105, Steps: 129)
  [Worker 0] episode 121 finished. (AvgLatErr: 1.1646, Steps: 132)
  [Worker 0] episode 122 finished. (AvgLatErr: 1.2556, Steps: 138)
  [Worker 0] episode 123 finished. (AvgLatErr: 1.5028, Steps: 140)
  [Worker 0] episode 124 finished. (AvgLatErr: 2.1148, Steps: 158)
  [Worker 0] episode 125 finished. (AvgLatErr: 1.6564, Steps: 133)
  [Worker 0] episode 126 finished. (AvgLatErr: 1.5715, Steps: 141)
  [Worker 0] episode 127 finished. (AvgLatErr: 1.0750, Steps: 129)
  [Worker 0] episode 128 finished. (AvgLatErr: 1.3224, Steps: 123)
  [Worker 0] episode 129 finished. (AvgLatErr: 2.3487, Steps: 141)
[Worker 0].
Warning: num_agents (8) is greater than the number of available vehicle parameters (4). Cycling vehicle templates.
[Worker 1] TensorFlow device=GPU, mixed_precision=mixed_float16
[Worker 1] Random seed fixed: 200161
[Worker 1] started on GPU.
  [Worker 1] episode 120 finished. (AvgLatErr: 0.4716, Steps: 146)
  [Worker 1] episode 121 finished. (AvgLatErr: 0.4411, Steps: 149)
  [Worker 1] episode 122 finished. (AvgLatErr: 0.2358, Steps: 137)
  [Worker 1] episode 123 finished. (AvgLatErr: 0.4760, Steps: 145)
  [Worker 1] episode 124 finished. (AvgLatErr: 0.2400, Steps: 160)
  [Worker 1] episode 125 finished. (AvgLatErr: 0.2850, Steps: 136)
  [Worker 1] episode 126 finished. (AvgLatErr: 0.4841, Steps: 139)
  [Worker 1] episode 127 finished. (AvgLatErr: 0.4915, Steps: 135)
  [Worker 1] episode 128 finished. (AvgLatErr: 0.4837, Steps: 130)
  [Worker 1] episode 129 finished. (AvgLatErr: 0.5237, Steps: 132)
[Worker 1].
Warning: num_agents (8) is greater than the number of available vehicle parameters (4). Cycling vehicle templates.
[Worker 2] TensorFlow device=GPU, mixed_precision=mixed_float16
[Worker 2] Random seed fixed: 300161
[Worker 2] started on GPU.
  [Worker 2] episode 120 finished. (AvgLatErr: 0.5924, Steps: 137)
  [Worker 2] episode 121 finished. (AvgLatErr: 0.7325, Steps: 139)
  [Worker 2] episode 122 finished. (AvgLatErr: 2.0194, Steps: 161)
  [Worker 2] episode 123 finished. (AvgLatErr: 0.7100, Steps: 118)
  [Worker 2] episode 124 finished. (AvgLatErr: 0.4701, Steps: 139)
  [Worker 2] episode 125 finished. (AvgLatErr: 0.4457, Steps: 136)
  [Worker 2] episode 126 finished. (AvgLatErr: 0.3699, Steps: 157)
  [Worker 2] episode 127 finished. (AvgLatErr: 0.4555, Steps: 148)
  [Worker 2] episode 128 finished. (AvgLatErr: 0.6239, Steps: 145)
  [Worker 2] episode 129 finished. (AvgLatErr: 1.7464, Steps: 176)
[Worker 2].
Warning: num_agents (8) is greater than the number of available vehicle parameters (4). Cycling vehicle templates.
[Worker 3] TensorFlow device=GPU, mixed_precision=mixed_float16
[Worker 3] Random seed fixed: 400161
[Worker 3] started on GPU.
  [Worker 3] episode 120 finished. (AvgLatErr: 1.0403, Steps: 192)
  [Worker 3] episode 121 finished. (AvgLatErr: 1.1534, Steps: 166)
  [Worker 3] episode 122 finished. (AvgLatErr: 1.5927, Steps: 187)
  [Worker 3] episode 123 finished. (AvgLatErr: 1.3419, Steps: 179)
  [Worker 3] episode 124 finished. (AvgLatErr: 1.0136, Steps: 177)
  [Worker 3] episode 125 finished. (AvgLatErr: 1.5730, Steps: 187)
  [Worker 3] episode 126 finished. (AvgLatErr: 1.3935, Steps: 194)
  [Worker 3] episode 127 finished. (AvgLatErr: 1.3459, Steps: 178)
  [Worker 3] episode 128 finished. (AvgLatErr: 1.7944, Steps: 182)
  [Worker 3] episode 129 finished. (AvgLatErr: 1.2138, Steps: 181)
[Worker 3].
Warning: num_agents (8) is greater than the number of available vehicle parameters (4). Cycling vehicle templates.
[Worker 4] TensorFlow device=GPU, mixed_precision=mixed_float16
[Worker 4] Random seed fixed: 500161
[Worker 4] started on GPU.
  [Worker 4] episode 120 finished. (AvgLatErr: 0.6599, Steps: 196)
  [Worker 4] episode 121 finished. (AvgLatErr: 0.7943, Steps: 176)
  [Worker 4] episode 122 finished. (AvgLatErr: 0.4208, Steps: 170)
  [Worker 4] episode 123 finished. (AvgLatErr: 0.4726, Steps: 200)
  [Worker 4] episode 124 finished. (AvgLatErr: 0.6308, Steps: 178)
  [Worker 4] episode 125 finished. (AvgLatErr: 0.4558, Steps: 175)
  [Worker 4] episode 126 finished. (AvgLatErr: 0.5431, Steps: 167)
  [Worker 4] episode 127 finished. (AvgLatErr: 0.4616, Steps: 173)
  [Worker 4] episode 128 finished. (AvgLatErr: 0.4741, Steps: 159)
  [Worker 4] episode 129 finished. (AvgLatErr: 0.5304, Steps: 185)
[Worker 4].
Warning: num_agents (8) is greater than the number of available vehicle parameters (4). Cycling vehicle templates.
[Worker 7] TensorFlow device=GPU, mixed_precision=mixed_float16
[Worker 7] Random seed fixed: 800161
[Worker 7] started on GPU.
  [Worker 7] episode 120 finished. (AvgLatErr: 0.5278, Steps: 145)
  [Worker 7] episode 121 finished. (AvgLatErr: 0.4403, Steps: 147)
  [Worker 7] episode 122 finished. (AvgLatErr: 0.7258, Steps: 132)
  [Worker 7] episode 123 finished. (AvgLatErr: 0.6039, Steps: 161)
  [Worker 7] episode 124 finished. (AvgLatErr: 0.4313, Steps: 150)
  [Worker 7] episode 125 finished. (AvgLatErr: 0.3122, Steps: 151)
  [Worker 7] episode 126 finished. (AvgLatErr: 0.3675, Steps: 158)
  [Worker 7] episode 127 finished. (AvgLatErr: 1.2823, Steps: 185)
  [Worker 7] episode 128 finished. (AvgLatErr: 0.4668, Steps: 162)
  [Worker 7] episode 129 finished. (AvgLatErr: 0.7127, Steps: 117)
[Worker 7].
Warning: num_agents (8) is greater than the number of available vehicle parameters (4). Cycling vehicle templates.
[Worker 5] TensorFlow device=GPU, mixed_precision=mixed_float16
[Worker 5] Random seed fixed: 600161
[Worker 5] started on GPU.
  [Worker 5] episode 120 finished. (AvgLatErr: 0.7794, Steps: 191)
  [Worker 5] episode 121 finished. (AvgLatErr: 0.3504, Steps: 149)
  [Worker 5] episode 122 finished. (AvgLatErr: 0.3457, Steps: 163)
  [Worker 5] episode 123 finished. (AvgLatErr: 0.4137, Steps: 183)
  [Worker 5] episode 124 finished. (AvgLatErr: 0.4607, Steps: 170)
  [Worker 5] episode 125 finished. (AvgLatErr: 0.9274, Steps: 200)
  [Worker 5] episode 126 finished. (AvgLatErr: 0.7989, Steps: 177)
  [Worker 5] episode 127 finished. (AvgLatErr: 2.1381, Steps: 200)
  [Worker 5] episode 128 finished. (AvgLatErr: 0.9222, Steps: 166)
  [Worker 5] episode 129 finished. (AvgLatErr: 1.6061, Steps: 200)
[Worker 5].
Warning: num_agents (8) is greater than the number of available vehicle parameters (4). Cycling vehicle templates.
[Worker 6] TensorFlow device=GPU, mixed_precision=mixed_float16
[Worker 6] Random seed fixed: 700161
[Worker 6] started on GPU.
  [Worker 6] episode 120 finished. (AvgLatErr: 0.6725, Steps: 200)
  [Worker 6] episode 121 finished. (AvgLatErr: 0.6488, Steps: 200)
  [Worker 6] episode 122 finished. (AvgLatErr: 0.8923, Steps: 198)
  [Worker 6] episode 123 finished. (AvgLatErr: 0.7591, Steps: 200)
  [Worker 6] episode 124 finished. (AvgLatErr: 0.6036, Steps: 200)
  [Worker 6] episode 125 finished. (AvgLatErr: 0.4183, Steps: 200)
  [Worker 6] episode 126 finished. (AvgLatErr: 0.5148, Steps: 200)
  [Worker 6] episode 127 finished. (AvgLatErr: 0.5199, Steps: 200)
  [Worker 6] episode 128 finished. (AvgLatErr: 0.4396, Steps: 200)
  [Worker 6] episode 129 finished. (AvgLatErr: 0.4535, Steps: 200)
[Worker 6].
[Main] workers finished. (elapsed: 113.35s)
[Main] Aggregation-selected agents: [1, 4, 6, 7]
[Main] FedAdagrad update completed.
[Main] Replay buffers reset after global model update.
============================================================================================
129 EP / Agent 0 : Avg Lat Err 2.3487
129 EP / Agent 1 : Avg Lat Err 0.5237
129 EP / Agent 2 : Avg Lat Err 1.7464
129 EP / Agent 3 : Avg Lat Err 1.2138
129 EP / Agent 4 : Avg Lat Err 0.5304
129 EP / Agent 5 : Avg Lat Err 1.6061
129 EP / Agent 6 : Avg Lat Err 0.4535
129 EP / Agent 7 : Avg Lat Err 0.7127
============================================================================================

============================================================================================
[Main] FL round started. (episode 130 ~ 139)
[Main] Client selection: mode=error_low, budget=4
[Main] Participating agents: [0, 1, 2, 3, 4, 5, 6, 7]
Warning: num_agents (8) is greater than the number of available vehicle parameters (4). Cycling vehicle templates.
[Worker 0] TensorFlow device=GPU, mixed_precision=mixed_float16
[Worker 0] Random seed fixed: 100171
[Worker 0] started on GPU.
  [Worker 0] episode 130 finished. (AvgLatErr: 0.6978, Steps: 144)
  [Worker 0] episode 131 finished. (AvgLatErr: 1.9021, Steps: 136)
  [Worker 0] episode 132 finished. (AvgLatErr: 1.5846, Steps: 147)
  [Worker 0] episode 133 finished. (AvgLatErr: 1.3752, Steps: 135)
  [Worker 0] episode 134 finished. (AvgLatErr: 1.4992, Steps: 168)
  [Worker 0] episode 135 finished. (AvgLatErr: 2.2832, Steps: 140)
  [Worker 0] episode 136 finished. (AvgLatErr: 1.0402, Steps: 144)
  [Worker 0] episode 137 finished. (AvgLatErr: 1.5043, Steps: 142)
  [Worker 0] episode 138 finished. (AvgLatErr: 1.0628, Steps: 144)
  [Worker 0] episode 139 finished. (AvgLatErr: 0.9504, Steps: 137)
[Worker 0].
Warning: num_agents (8) is greater than the number of available vehicle parameters (4). Cycling vehicle templates.
[Worker 2] TensorFlow device=GPU, mixed_precision=mixed_float16
[Worker 2] Random seed fixed: 300171
[Worker 2] started on GPU.
  [Worker 2] episode 130 finished. (AvgLatErr: 1.0325, Steps: 138)
  [Worker 2] episode 131 finished. (AvgLatErr: 0.5273, Steps: 148)
  [Worker 2] episode 132 finished. (AvgLatErr: 0.4675, Steps: 134)
  [Worker 2] episode 133 finished. (AvgLatErr: 0.5309, Steps: 134)
  [Worker 2] episode 134 finished. (AvgLatErr: 0.6053, Steps: 134)
  [Worker 2] episode 135 finished. (AvgLatErr: 0.4989, Steps: 137)
  [Worker 2] episode 136 finished. (AvgLatErr: 0.3750, Steps: 133)
  [Worker 2] episode 137 finished. (AvgLatErr: 0.6345, Steps: 143)
  [Worker 2] episode 138 finished. (AvgLatErr: 0.4570, Steps: 125)
  [Worker 2] episode 139 finished. (AvgLatErr: 0.3136, Steps: 140)
[Worker 2].
Warning: num_agents (8) is greater than the number of available vehicle parameters (4). Cycling vehicle templates.
[Worker 1] TensorFlow device=GPU, mixed_precision=mixed_float16
[Worker 1] Random seed fixed: 200171
[Worker 1] started on GPU.
  [Worker 1] episode 130 finished. (AvgLatErr: 0.1441, Steps: 151)
  [Worker 1] episode 131 finished. (AvgLatErr: 0.2080, Steps: 147)
  [Worker 1] episode 132 finished. (AvgLatErr: 0.3441, Steps: 164)
  [Worker 1] episode 133 finished. (AvgLatErr: 0.3018, Steps: 140)
  [Worker 1] episode 134 finished. (AvgLatErr: 0.2306, Steps: 135)
  [Worker 1] episode 135 finished. (AvgLatErr: 0.5742, Steps: 131)
  [Worker 1] episode 136 finished. (AvgLatErr: 0.1827, Steps: 143)
  [Worker 1] episode 137 finished. (AvgLatErr: 1.7214, Steps: 197)
  [Worker 1] episode 138 finished. (AvgLatErr: 0.2547, Steps: 137)
  [Worker 1] episode 139 finished. (AvgLatErr: 0.9984, Steps: 139)
[Worker 1].
Warning: num_agents (8) is greater than the number of available vehicle parameters (4). Cycling vehicle templates.
[Worker 3] TensorFlow device=GPU, mixed_precision=mixed_float16
[Worker 3] Random seed fixed: 400171
[Worker 3] started on GPU.
  [Worker 3] episode 130 finished. (AvgLatErr: 0.5174, Steps: 182)
  [Worker 3] episode 131 finished. (AvgLatErr: 0.7558, Steps: 189)
  [Worker 3] episode 132 finished. (AvgLatErr: 1.0107, Steps: 176)
  [Worker 3] episode 133 finished. (AvgLatErr: 0.7877, Steps: 191)
  [Worker 3] episode 134 finished. (AvgLatErr: 1.3832, Steps: 152)
  [Worker 3] episode 135 finished. (AvgLatErr: 0.5841, Steps: 177)
  [Worker 3] episode 136 finished. (AvgLatErr: 0.8537, Steps: 193)
  [Worker 3] episode 137 finished. (AvgLatErr: 0.6162, Steps: 186)
  [Worker 3] episode 138 finished. (AvgLatErr: 1.4144, Steps: 179)
  [Worker 3] episode 139 finished. (AvgLatErr: 0.4797, Steps: 189)
[Worker 3].
Warning: num_agents (8) is greater than the number of available vehicle parameters (4). Cycling vehicle templates.
[Worker 4] TensorFlow device=GPU, mixed_precision=mixed_float16
[Worker 4] Random seed fixed: 500171
[Worker 4] started on GPU.
  [Worker 4] episode 130 finished. (AvgLatErr: 0.4091, Steps: 200)
  [Worker 4] episode 131 finished. (AvgLatErr: 0.3539, Steps: 188)
  [Worker 4] episode 132 finished. (AvgLatErr: 0.4791, Steps: 171)
  [Worker 4] episode 133 finished. (AvgLatErr: 0.6515, Steps: 180)
  [Worker 4] episode 134 finished. (AvgLatErr: 0.5572, Steps: 181)
  [Worker 4] episode 135 finished. (AvgLatErr: 0.4526, Steps: 158)
  [Worker 4] episode 136 finished. (AvgLatErr: 0.5096, Steps: 148)
  [Worker 4] episode 137 finished. (AvgLatErr: 0.5490, Steps: 174)
  [Worker 4] episode 138 finished. (AvgLatErr: 0.5373, Steps: 156)
  [Worker 4] episode 139 finished. (AvgLatErr: 0.3635, Steps: 147)
[Worker 4].
Warning: num_agents (8) is greater than the number of available vehicle parameters (4). Cycling vehicle templates.
[Worker 7] TensorFlow device=GPU, mixed_precision=mixed_float16
[Worker 7] Random seed fixed: 800171
[Worker 7] started on GPU.
  [Worker 7] episode 130 finished. (AvgLatErr: 0.1738, Steps: 157)
  [Worker 7] episode 131 finished. (AvgLatErr: 0.3765, Steps: 141)
  [Worker 7] episode 132 finished. (AvgLatErr: 0.1882, Steps: 161)
  [Worker 7] episode 133 finished. (AvgLatErr: 0.1524, Steps: 170)
  [Worker 7] episode 134 finished. (AvgLatErr: 0.1696, Steps: 136)
  [Worker 7] episode 135 finished. (AvgLatErr: 0.1797, Steps: 153)
  [Worker 7] episode 136 finished. (AvgLatErr: 0.1076, Steps: 178)
  [Worker 7] episode 137 finished. (AvgLatErr: 0.9607, Steps: 163)
  [Worker 7] episode 138 finished. (AvgLatErr: 0.1586, Steps: 164)
  [Worker 7] episode 139 finished. (AvgLatErr: 0.2764, Steps: 164)
[Worker 7].
Warning: num_agents (8) is greater than the number of available vehicle parameters (4). Cycling vehicle templates.
[Worker 5] TensorFlow device=GPU, mixed_precision=mixed_float16
[Worker 5] Random seed fixed: 600171
[Worker 5] started on GPU.
  [Worker 5] episode 130 finished. (AvgLatErr: 0.1307, Steps: 200)
  [Worker 5] episode 131 finished. (AvgLatErr: 0.2840, Steps: 200)
  [Worker 5] episode 132 finished. (AvgLatErr: 0.2268, Steps: 200)
  [Worker 5] episode 133 finished. (AvgLatErr: 0.1123, Steps: 200)
  [Worker 5] episode 134 finished. (AvgLatErr: 0.1058, Steps: 200)
  [Worker 5] episode 135 finished. (AvgLatErr: 0.0796, Steps: 200)
  [Worker 5] episode 136 finished. (AvgLatErr: 0.0953, Steps: 200)
  [Worker 5] episode 137 finished. (AvgLatErr: 0.1016, Steps: 200)
  [Worker 5] episode 138 finished. (AvgLatErr: 0.3218, Steps: 200)
  [Worker 5] episode 139 finished. (AvgLatErr: 0.2403, Steps: 200)
[Worker 5].
Warning: num_agents (8) is greater than the number of available vehicle parameters (4). Cycling vehicle templates.
[Worker 6] TensorFlow device=GPU, mixed_precision=mixed_float16
[Worker 6] Random seed fixed: 700171
[Worker 6] started on GPU.
  [Worker 6] episode 130 finished. (AvgLatErr: 0.3863, Steps: 200)
  [Worker 6] episode 131 finished. (AvgLatErr: 0.7304, Steps: 200)
  [Worker 6] episode 132 finished. (AvgLatErr: 0.9212, Steps: 200)
  [Worker 6] episode 133 finished. (AvgLatErr: 0.7027, Steps: 200)
  [Worker 6] episode 134 finished. (AvgLatErr: 0.4609, Steps: 200)
  [Worker 6] episode 135 finished. (AvgLatErr: 0.5904, Steps: 200)
  [Worker 6] episode 136 finished. (AvgLatErr: 0.8467, Steps: 200)
  [Worker 6] episode 137 finished. (AvgLatErr: 0.4622, Steps: 200)
  [Worker 6] episode 138 finished. (AvgLatErr: 0.4256, Steps: 200)
  [Worker 6] episode 139 finished. (AvgLatErr: 0.5542, Steps: 200)
[Worker 6].
[Main] workers finished. (elapsed: 111.28s)
[Main] Aggregation-selected agents: [2, 4, 5, 7]
[Main] FedAdagrad update completed.
[Main] Replay buffers reset after global model update.
============================================================================================
139 EP / Agent 0 : Avg Lat Err 0.9504
139 EP / Agent 1 : Avg Lat Err 0.9984
139 EP / Agent 2 : Avg Lat Err 0.3136
139 EP / Agent 3 : Avg Lat Err 0.4797
139 EP / Agent 4 : Avg Lat Err 0.3635
139 EP / Agent 5 : Avg Lat Err 0.2403
139 EP / Agent 6 : Avg Lat Err 0.5542
139 EP / Agent 7 : Avg Lat Err 0.2764
============================================================================================

============================================================================================
[Main] FL round started. (episode 140 ~ 149)
[Main] Client selection: mode=error_low, budget=4
[Main] Participating agents: [0, 1, 2, 3, 4, 5, 6, 7]
Warning: num_agents (8) is greater than the number of available vehicle parameters (4). Cycling vehicle templates.
[Worker 0] TensorFlow device=GPU, mixed_precision=mixed_float16
[Worker 0] Random seed fixed: 100181
[Worker 0] started on GPU.
  [Worker 0] episode 140 finished. (AvgLatErr: 1.8805, Steps: 130)
  [Worker 0] episode 141 finished. (AvgLatErr: 1.6690, Steps: 143)
  [Worker 0] episode 142 finished. (AvgLatErr: 1.2150, Steps: 137)
  [Worker 0] episode 143 finished. (AvgLatErr: 1.1720, Steps: 132)
  [Worker 0] episode 144 finished. (AvgLatErr: 1.0790, Steps: 140)
  [Worker 0] episode 145 finished. (AvgLatErr: 0.7578, Steps: 153)
  [Worker 0] episode 146 finished. (AvgLatErr: 0.9032, Steps: 148)
  [Worker 0] episode 147 finished. (AvgLatErr: 1.0432, Steps: 143)
  [Worker 0] episode 148 finished. (AvgLatErr: 0.6659, Steps: 129)
  [Worker 0] episode 149 finished. (AvgLatErr: 1.0071, Steps: 136)
[Worker 0].
Warning: num_agents (8) is greater than the number of available vehicle parameters (4). Cycling vehicle templates.
[Worker 1] TensorFlow device=GPU, mixed_precision=mixed_float16
[Worker 1] Random seed fixed: 200181
[Worker 1] started on GPU.
  [Worker 1] episode 140 finished. (AvgLatErr: 0.1340, Steps: 142)
  [Worker 1] episode 141 finished. (AvgLatErr: 0.1264, Steps: 158)
  [Worker 1] episode 142 finished. (AvgLatErr: 0.1537, Steps: 140)
  [Worker 1] episode 143 finished. (AvgLatErr: 0.2141, Steps: 152)
  [Worker 1] episode 144 finished. (AvgLatErr: 0.1426, Steps: 160)
  [Worker 1] episode 145 finished. (AvgLatErr: 0.2756, Steps: 172)
  [Worker 1] episode 146 finished. (AvgLatErr: 0.2038, Steps: 165)
  [Worker 1] episode 147 finished. (AvgLatErr: 0.1686, Steps: 159)
  [Worker 1] episode 148 finished. (AvgLatErr: 0.1312, Steps: 175)
  [Worker 1] episode 149 finished. (AvgLatErr: 0.2098, Steps: 154)
[Worker 1].
Warning: num_agents (8) is greater than the number of available vehicle parameters (4). Cycling vehicle templates.
[Worker 2] TensorFlow device=GPU, mixed_precision=mixed_float16
[Worker 2] Random seed fixed: 300181
[Worker 2] started on GPU.
  [Worker 2] episode 140 finished. (AvgLatErr: 0.5753, Steps: 130)
  [Worker 2] episode 141 finished. (AvgLatErr: 0.8496, Steps: 156)
  [Worker 2] episode 142 finished. (AvgLatErr: 0.5183, Steps: 137)
  [Worker 2] episode 143 finished. (AvgLatErr: 0.6172, Steps: 141)
  [Worker 2] episode 144 finished. (AvgLatErr: 0.7000, Steps: 133)
  [Worker 2] episode 145 finished. (AvgLatErr: 0.6273, Steps: 134)
  [Worker 2] episode 146 finished. (AvgLatErr: 1.2992, Steps: 176)
  [Worker 2] episode 147 finished. (AvgLatErr: 0.7164, Steps: 132)
  [Worker 2] episode 148 finished. (AvgLatErr: 0.5727, Steps: 142)
  [Worker 2] episode 149 finished. (AvgLatErr: 0.4532, Steps: 136)
[Worker 2].
Warning: num_agents (8) is greater than the number of available vehicle parameters (4). Cycling vehicle templates.
[Worker 3] TensorFlow device=GPU, mixed_precision=mixed_float16
[Worker 3] Random seed fixed: 400181
[Worker 3] started on GPU.
  [Worker 3] episode 140 finished. (AvgLatErr: 0.3724, Steps: 189)
  [Worker 3] episode 141 finished. (AvgLatErr: 0.7273, Steps: 185)
  [Worker 3] episode 142 finished. (AvgLatErr: 0.8209, Steps: 188)
  [Worker 3] episode 143 finished. (AvgLatErr: 0.8738, Steps: 198)
  [Worker 3] episode 144 finished. (AvgLatErr: 0.5687, Steps: 189)
  [Worker 3] episode 145 finished. (AvgLatErr: 0.6379, Steps: 189)
  [Worker 3] episode 146 finished. (AvgLatErr: 0.7074, Steps: 187)
  [Worker 3] episode 147 finished. (AvgLatErr: 0.4424, Steps: 192)
  [Worker 3] episode 148 finished. (AvgLatErr: 0.8111, Steps: 182)
  [Worker 3] episode 149 finished. (AvgLatErr: 1.3617, Steps: 195)
[Worker 3].
Warning: num_agents (8) is greater than the number of available vehicle parameters (4). Cycling vehicle templates.
[Worker 4] TensorFlow device=GPU, mixed_precision=mixed_float16
[Worker 4] Random seed fixed: 500181
[Worker 4] started on GPU.
  [Worker 4] episode 140 finished. (AvgLatErr: 0.5396, Steps: 164)
  [Worker 4] episode 141 finished. (AvgLatErr: 0.5927, Steps: 184)
  [Worker 4] episode 142 finished. (AvgLatErr: 0.3659, Steps: 169)
  [Worker 4] episode 143 finished. (AvgLatErr: 0.3149, Steps: 180)
  [Worker 4] episode 144 finished. (AvgLatErr: 0.3696, Steps: 176)
  [Worker 4] episode 145 finished. (AvgLatErr: 0.3109, Steps: 176)
  [Worker 4] episode 146 finished. (AvgLatErr: 0.6337, Steps: 175)
  [Worker 4] episode 147 finished. (AvgLatErr: 0.5152, Steps: 185)
  [Worker 4] episode 148 finished. (AvgLatErr: 0.4151, Steps: 190)
  [Worker 4] episode 149 finished. (AvgLatErr: 0.3782, Steps: 190)
[Worker 4].
Warning: num_agents (8) is greater than the number of available vehicle parameters (4). Cycling vehicle templates.
[Worker 5] TensorFlow device=GPU, mixed_precision=mixed_float16
[Worker 5] Random seed fixed: 600181
[Worker 5] started on GPU.
  [Worker 5] episode 140 finished. (AvgLatErr: 0.2424, Steps: 192)
  [Worker 5] episode 141 finished. (AvgLatErr: 0.2743, Steps: 158)
  [Worker 5] episode 142 finished. (AvgLatErr: 0.1840, Steps: 164)
  [Worker 5] episode 143 finished. (AvgLatErr: 0.3259, Steps: 163)
  [Worker 5] episode 144 finished. (AvgLatErr: 0.3233, Steps: 185)
  [Worker 5] episode 145 finished. (AvgLatErr: 0.2483, Steps: 175)
  [Worker 5] episode 146 finished. (AvgLatErr: 0.1882, Steps: 200)
  [Worker 5] episode 147 finished. (AvgLatErr: 0.2770, Steps: 194)
  [Worker 5] episode 148 finished. (AvgLatErr: 0.6929, Steps: 195)
  [Worker 5] episode 149 finished. (AvgLatErr: 0.5725, Steps: 174)
[Worker 5].
Warning: num_agents (8) is greater than the number of available vehicle parameters (4). Cycling vehicle templates.
[Worker 7] TensorFlow device=GPU, mixed_precision=mixed_float16
[Worker 7] Random seed fixed: 800181
[Worker 7] started on GPU.
  [Worker 7] episode 140 finished. (AvgLatErr: 0.1838, Steps: 161)
  [Worker 7] episode 141 finished. (AvgLatErr: 0.3816, Steps: 149)
  [Worker 7] episode 142 finished. (AvgLatErr: 0.2313, Steps: 165)
  [Worker 7] episode 143 finished. (AvgLatErr: 0.1564, Steps: 142)
  [Worker 7] episode 144 finished. (AvgLatErr: 0.1655, Steps: 166)
  [Worker 7] episode 145 finished. (AvgLatErr: 0.2396, Steps: 139)
  [Worker 7] episode 146 finished. (AvgLatErr: 0.1968, Steps: 144)
  [Worker 7] episode 147 finished. (AvgLatErr: 0.3633, Steps: 159)
  [Worker 7] episode 148 finished. (AvgLatErr: 0.2722, Steps: 167)
  [Worker 7] episode 149 finished. (AvgLatErr: 0.2316, Steps: 141)
[Worker 7].
Warning: num_agents (8) is greater than the number of available vehicle parameters (4). Cycling vehicle templates.
[Worker 6] TensorFlow device=GPU, mixed_precision=mixed_float16
[Worker 6] Random seed fixed: 700181
[Worker 6] started on GPU.
  [Worker 6] episode 140 finished. (AvgLatErr: 0.6211, Steps: 200)
  [Worker 6] episode 141 finished. (AvgLatErr: 0.6109, Steps: 200)
  [Worker 6] episode 142 finished. (AvgLatErr: 0.8317, Steps: 200)
  [Worker 6] episode 143 finished. (AvgLatErr: 0.3984, Steps: 200)
  [Worker 6] episode 144 finished. (AvgLatErr: 0.5045, Steps: 200)
  [Worker 6] episode 145 finished. (AvgLatErr: 0.4082, Steps: 200)
  [Worker 6] episode 146 finished. (AvgLatErr: 0.7958, Steps: 200)
  [Worker 6] episode 147 finished. (AvgLatErr: 0.4296, Steps: 200)
  [Worker 6] episode 148 finished. (AvgLatErr: 0.6378, Steps: 200)
  [Worker 6] episode 149 finished. (AvgLatErr: 0.4494, Steps: 200)
[Worker 6].
[Main] workers finished. (elapsed: 113.53s)
[Main] Aggregation-selected agents: [1, 4, 6, 7]
[Main] FedAdagrad update completed.
[Main] Replay buffers reset after global model update.
============================================================================================
149 EP / Agent 0 : Avg Lat Err 1.0071
149 EP / Agent 1 : Avg Lat Err 0.2098
149 EP / Agent 2 : Avg Lat Err 0.4532
149 EP / Agent 3 : Avg Lat Err 1.3617
149 EP / Agent 4 : Avg Lat Err 0.3782
149 EP / Agent 5 : Avg Lat Err 0.5725
149 EP / Agent 6 : Avg Lat Err 0.4494
149 EP / Agent 7 : Avg Lat Err 0.2316
============================================================================================
[Main] Model checkpoint saved: C:\Users\syd79\FRL-Q\experiments\fast_parallel_fedadagrad_8errorlow4_20260916_run1_error_low_4of8\checkpoints\global_model_episode_000150.weights.h5

============================================================================================
[Main] FL round started. (episode 150 ~ 159)
[Main] Client selection: mode=error_low, budget=4
[Main] Participating agents: [0, 1, 2, 3, 4, 5, 6, 7]
Warning: num_agents (8) is greater than the number of available vehicle parameters (4). Cycling vehicle templates.
[Worker 0] TensorFlow device=GPU, mixed_precision=mixed_float16
[Worker 0] Random seed fixed: 100191
[Worker 0] started on GPU.
  [Worker 0] episode 150 finished. (AvgLatErr: 0.9529, Steps: 127)
  [Worker 0] episode 151 finished. (AvgLatErr: 1.1755, Steps: 130)
  [Worker 0] episode 152 finished. (AvgLatErr: 1.1769, Steps: 127)
  [Worker 0] episode 153 finished. (AvgLatErr: 1.1256, Steps: 136)
  [Worker 0] episode 154 finished. (AvgLatErr: 1.1411, Steps: 136)
  [Worker 0] episode 155 finished. (AvgLatErr: 0.8122, Steps: 134)
  [Worker 0] episode 156 finished. (AvgLatErr: 5.1712, Steps: 163)
  [Worker 0] episode 157 finished. (AvgLatErr: 1.8080, Steps: 131)
  [Worker 0] episode 158 finished. (AvgLatErr: 1.0080, Steps: 125)
  [Worker 0] episode 159 finished. (AvgLatErr: 1.5785, Steps: 133)
[Worker 0].
Warning: num_agents (8) is greater than the number of available vehicle parameters (4). Cycling vehicle templates.
[Worker 2] TensorFlow device=GPU, mixed_precision=mixed_float16
[Worker 2] Random seed fixed: 300191
[Worker 2] started on GPU.
  [Worker 2] episode 150 finished. (AvgLatErr: 0.7888, Steps: 142)
  [Worker 2] episode 151 finished. (AvgLatErr: 0.5551, Steps: 146)
  [Worker 2] episode 152 finished. (AvgLatErr: 0.6874, Steps: 116)
  [Worker 2] episode 153 finished. (AvgLatErr: 0.8122, Steps: 135)
  [Worker 2] episode 154 finished. (AvgLatErr: 0.6318, Steps: 129)
  [Worker 2] episode 155 finished. (AvgLatErr: 0.5331, Steps: 123)
  [Worker 2] episode 156 finished. (AvgLatErr: 1.7643, Steps: 160)
  [Worker 2] episode 157 finished. (AvgLatErr: 0.6905, Steps: 137)
  [Worker 2] episode 158 finished. (AvgLatErr: 2.4096, Steps: 178)
  [Worker 2] episode 159 finished. (AvgLatErr: 0.3084, Steps: 124)
[Worker 2].
Warning: num_agents (8) is greater than the number of available vehicle parameters (4). Cycling vehicle templates.
[Worker 1] TensorFlow device=GPU, mixed_precision=mixed_float16
[Worker 1] Random seed fixed: 200191
[Worker 1] started on GPU.
  [Worker 1] episode 150 finished. (AvgLatErr: 0.1048, Steps: 170)
  [Worker 1] episode 151 finished. (AvgLatErr: 0.2202, Steps: 151)
  [Worker 1] episode 152 finished. (AvgLatErr: 0.1871, Steps: 138)
  [Worker 1] episode 153 finished. (AvgLatErr: 0.1684, Steps: 147)
  [Worker 1] episode 154 finished. (AvgLatErr: 0.1831, Steps: 163)
  [Worker 1] episode 155 finished. (AvgLatErr: 0.2519, Steps: 155)
  [Worker 1] episode 156 finished. (AvgLatErr: 0.2247, Steps: 151)
  [Worker 1] episode 157 finished. (AvgLatErr: 0.3428, Steps: 131)
  [Worker 1] episode 158 finished. (AvgLatErr: 0.2951, Steps: 151)
  [Worker 1] episode 159 finished. (AvgLatErr: 0.8878, Steps: 182)
[Worker 1].
Warning: num_agents (8) is greater than the number of available vehicle parameters (4). Cycling vehicle templates.
[Worker 3] TensorFlow device=GPU, mixed_precision=mixed_float16
[Worker 3] Random seed fixed: 400191
[Worker 3] started on GPU.
  [Worker 3] episode 150 finished. (AvgLatErr: 0.6376, Steps: 189)
  [Worker 3] episode 151 finished. (AvgLatErr: 0.3187, Steps: 189)
  [Worker 3] episode 152 finished. (AvgLatErr: 0.6090, Steps: 184)
  [Worker 3] episode 153 finished. (AvgLatErr: 0.4236, Steps: 195)
  [Worker 3] episode 154 finished. (AvgLatErr: 0.5951, Steps: 185)
  [Worker 3] episode 155 finished. (AvgLatErr: 0.3966, Steps: 193)
  [Worker 3] episode 156 finished. (AvgLatErr: 0.4822, Steps: 193)
  [Worker 3] episode 157 finished. (AvgLatErr: 0.6427, Steps: 179)
  [Worker 3] episode 158 finished. (AvgLatErr: 1.1317, Steps: 135)
  [Worker 3] episode 159 finished. (AvgLatErr: 0.5386, Steps: 200)
[Worker 3].
Warning: num_agents (8) is greater than the number of available vehicle parameters (4). Cycling vehicle templates.
[Worker 4] TensorFlow device=GPU, mixed_precision=mixed_float16
[Worker 4] Random seed fixed: 500191
[Worker 4] started on GPU.
  [Worker 4] episode 150 finished. (AvgLatErr: 0.4585, Steps: 181)
  [Worker 4] episode 151 finished. (AvgLatErr: 0.4003, Steps: 165)
  [Worker 4] episode 152 finished. (AvgLatErr: 0.4759, Steps: 188)
  [Worker 4] episode 153 finished. (AvgLatErr: 0.3103, Steps: 175)
  [Worker 4] episode 154 finished. (AvgLatErr: 0.3293, Steps: 182)
  [Worker 4] episode 155 finished. (AvgLatErr: 0.3954, Steps: 177)
  [Worker 4] episode 156 finished. (AvgLatErr: 0.5103, Steps: 173)
  [Worker 4] episode 157 finished. (AvgLatErr: 0.4810, Steps: 176)
  [Worker 4] episode 158 finished. (AvgLatErr: 0.4423, Steps: 178)
  [Worker 4] episode 159 finished. (AvgLatErr: 0.5990, Steps: 166)
[Worker 4].
Warning: num_agents (8) is greater than the number of available vehicle parameters (4). Cycling vehicle templates.
[Worker 5] TensorFlow device=GPU, mixed_precision=mixed_float16
[Worker 5] Random seed fixed: 600191
[Worker 5] started on GPU.
  [Worker 5] episode 150 finished. (AvgLatErr: 0.1539, Steps: 188)
  [Worker 5] episode 151 finished. (AvgLatErr: 0.2120, Steps: 197)
  [Worker 5] episode 152 finished. (AvgLatErr: 0.2319, Steps: 184)
  [Worker 5] episode 153 finished. (AvgLatErr: 0.1754, Steps: 200)
  [Worker 5] episode 154 finished. (AvgLatErr: 0.2365, Steps: 180)
  [Worker 5] episode 155 finished. (AvgLatErr: 0.1659, Steps: 200)
  [Worker 5] episode 156 finished. (AvgLatErr: 0.2123, Steps: 170)
  [Worker 5] episode 157 finished. (AvgLatErr: 0.3995, Steps: 181)
  [Worker 5] episode 158 finished. (AvgLatErr: 0.3184, Steps: 176)
  [Worker 5] episode 159 finished. (AvgLatErr: 0.2529, Steps: 186)
[Worker 5].
Warning: num_agents (8) is greater than the number of available vehicle parameters (4). Cycling vehicle templates.
[Worker 7] TensorFlow device=GPU, mixed_precision=mixed_float16
[Worker 7] Random seed fixed: 800191
[Worker 7] started on GPU.
  [Worker 7] episode 150 finished. (AvgLatErr: 0.3426, Steps: 158)
  [Worker 7] episode 151 finished. (AvgLatErr: 0.1879, Steps: 149)
  [Worker 7] episode 152 finished. (AvgLatErr: 0.0924, Steps: 200)
  [Worker 7] episode 153 finished. (AvgLatErr: 0.1276, Steps: 200)
  [Worker 7] episode 154 finished. (AvgLatErr: 0.1314, Steps: 162)
  [Worker 7] episode 155 finished. (AvgLatErr: 0.1227, Steps: 194)
  [Worker 7] episode 156 finished. (AvgLatErr: 0.1435, Steps: 159)
  [Worker 7] episode 157 finished. (AvgLatErr: 0.3372, Steps: 172)
  [Worker 7] episode 158 finished. (AvgLatErr: 0.2439, Steps: 160)
  [Worker 7] episode 159 finished. (AvgLatErr: 0.1751, Steps: 164)
[Worker 7].
Warning: num_agents (8) is greater than the number of available vehicle parameters (4). Cycling vehicle templates.
[Worker 6] TensorFlow device=GPU, mixed_precision=mixed_float16
[Worker 6] Random seed fixed: 700191
[Worker 6] started on GPU.
  [Worker 6] episode 150 finished. (AvgLatErr: 0.3915, Steps: 200)
  [Worker 6] episode 151 finished. (AvgLatErr: 0.4766, Steps: 200)
  [Worker 6] episode 152 finished. (AvgLatErr: 0.4684, Steps: 200)
  [Worker 6] episode 153 finished. (AvgLatErr: 0.5151, Steps: 200)
  [Worker 6] episode 154 finished. (AvgLatErr: 0.4582, Steps: 200)
  [Worker 6] episode 155 finished. (AvgLatErr: 0.6236, Steps: 200)
  [Worker 6] episode 156 finished. (AvgLatErr: 0.6415, Steps: 200)
  [Worker 6] episode 157 finished. (AvgLatErr: 0.5876, Steps: 200)
  [Worker 6] episode 158 finished. (AvgLatErr: 0.3566, Steps: 200)
  [Worker 6] episode 159 finished. (AvgLatErr: 0.3932, Steps: 200)
[Worker 6].
[Main] workers finished. (elapsed: 112.82s)
[Main] Aggregation-selected agents: [2, 5, 6, 7]
[Main] FedAdagrad update completed.
[Main] Replay buffers reset after global model update.
============================================================================================
159 EP / Agent 0 : Avg Lat Err 1.5785
159 EP / Agent 1 : Avg Lat Err 0.8878
159 EP / Agent 2 : Avg Lat Err 0.3084
159 EP / Agent 3 : Avg Lat Err 0.5386
159 EP / Agent 4 : Avg Lat Err 0.5990
159 EP / Agent 5 : Avg Lat Err 0.2529
159 EP / Agent 6 : Avg Lat Err 0.3932
159 EP / Agent 7 : Avg Lat Err 0.1751
============================================================================================

============================================================================================
[Main] FL round started. (episode 160 ~ 169)
[Main] Client selection: mode=error_low, budget=4
[Main] Participating agents: [0, 1, 2, 3, 4, 5, 6, 7]
Warning: num_agents (8) is greater than the number of available vehicle parameters (4). Cycling vehicle templates.
[Worker 0] TensorFlow device=GPU, mixed_precision=mixed_float16
[Worker 0] Random seed fixed: 100201
[Worker 0] started on GPU.
  [Worker 0] episode 160 finished. (AvgLatErr: 0.8043, Steps: 135)
  [Worker 0] episode 161 finished. (AvgLatErr: 1.2154, Steps: 139)
  [Worker 0] episode 162 finished. (AvgLatErr: 0.9020, Steps: 140)
  [Worker 0] episode 163 finished. (AvgLatErr: 0.9074, Steps: 129)
  [Worker 0] episode 164 finished. (AvgLatErr: 1.6723, Steps: 143)
  [Worker 0] episode 165 finished. (AvgLatErr: 0.7003, Steps: 136)
  [Worker 0] episode 166 finished. (AvgLatErr: 0.9259, Steps: 140)
  [Worker 0] episode 167 finished. (AvgLatErr: 1.2316, Steps: 140)
  [Worker 0] episode 168 finished. (AvgLatErr: 0.9781, Steps: 133)
  [Worker 0] episode 169 finished. (AvgLatErr: 1.3592, Steps: 138)
[Worker 0].
Warning: num_agents (8) is greater than the number of available vehicle parameters (4). Cycling vehicle templates.
[Worker 1] TensorFlow device=GPU, mixed_precision=mixed_float16
[Worker 1] Random seed fixed: 200201
[Worker 1] started on GPU.
  [Worker 1] episode 160 finished. (AvgLatErr: 0.1608, Steps: 154)
  [Worker 1] episode 161 finished. (AvgLatErr: 0.1543, Steps: 144)
  [Worker 1] episode 162 finished. (AvgLatErr: 0.1128, Steps: 154)
  [Worker 1] episode 163 finished. (AvgLatErr: 0.2867, Steps: 138)
  [Worker 1] episode 164 finished. (AvgLatErr: 0.2285, Steps: 134)
  [Worker 1] episode 165 finished. (AvgLatErr: 0.1368, Steps: 141)
  [Worker 1] episode 166 finished. (AvgLatErr: 0.2580, Steps: 132)
  [Worker 1] episode 167 finished. (AvgLatErr: 0.2893, Steps: 127)
  [Worker 1] episode 168 finished. (AvgLatErr: 0.1702, Steps: 156)
  [Worker 1] episode 169 finished. (AvgLatErr: 0.2387, Steps: 134)
[Worker 1].
Warning: num_agents (8) is greater than the number of available vehicle parameters (4). Cycling vehicle templates.
[Worker 2] TensorFlow device=GPU, mixed_precision=mixed_float16
[Worker 2] Random seed fixed: 300201
[Worker 2] started on GPU.
  [Worker 2] episode 160 finished. (AvgLatErr: 0.3750, Steps: 136)
  [Worker 2] episode 161 finished. (AvgLatErr: 0.5179, Steps: 157)
  [Worker 2] episode 162 finished. (AvgLatErr: 0.5246, Steps: 123)
  [Worker 2] episode 163 finished. (AvgLatErr: 0.6275, Steps: 137)
  [Worker 2] episode 164 finished. (AvgLatErr: 0.7875, Steps: 132)
  [Worker 2] episode 165 finished. (AvgLatErr: 0.8033, Steps: 122)
  [Worker 2] episode 166 finished. (AvgLatErr: 0.7169, Steps: 128)
  [Worker 2] episode 167 finished. (AvgLatErr: 0.5201, Steps: 132)
  [Worker 2] episode 168 finished. (AvgLatErr: 0.5455, Steps: 116)
  [Worker 2] episode 169 finished. (AvgLatErr: 0.4182, Steps: 121)
[Worker 2].
Warning: num_agents (8) is greater than the number of available vehicle parameters (4). Cycling vehicle templates.
[Worker 3] TensorFlow device=GPU, mixed_precision=mixed_float16
[Worker 3] Random seed fixed: 400201
[Worker 3] started on GPU.
  [Worker 3] episode 160 finished. (AvgLatErr: 0.3911, Steps: 188)
  [Worker 3] episode 161 finished. (AvgLatErr: 0.4130, Steps: 168)
  [Worker 3] episode 162 finished. (AvgLatErr: 0.4653, Steps: 174)
  [Worker 3] episode 163 finished. (AvgLatErr: 1.0815, Steps: 151)
  [Worker 3] episode 164 finished. (AvgLatErr: 0.7569, Steps: 190)
  [Worker 3] episode 165 finished. (AvgLatErr: 0.3617, Steps: 183)
  [Worker 3] episode 166 finished. (AvgLatErr: 0.5717, Steps: 169)
  [Worker 3] episode 167 finished. (AvgLatErr: 0.5876, Steps: 169)
  [Worker 3] episode 168 finished. (AvgLatErr: 0.5134, Steps: 184)
  [Worker 3] episode 169 finished. (AvgLatErr: 0.7067, Steps: 181)
[Worker 3].
Warning: num_agents (8) is greater than the number of available vehicle parameters (4). Cycling vehicle templates.
[Worker 4] TensorFlow device=GPU, mixed_precision=mixed_float16
[Worker 4] Random seed fixed: 500201
[Worker 4] started on GPU.
  [Worker 4] episode 160 finished. (AvgLatErr: 0.4487, Steps: 188)
  [Worker 4] episode 161 finished. (AvgLatErr: 0.4505, Steps: 152)
  [Worker 4] episode 162 finished. (AvgLatErr: 0.3820, Steps: 157)
  [Worker 4] episode 163 finished. (AvgLatErr: 0.3695, Steps: 166)
  [Worker 4] episode 164 finished. (AvgLatErr: 0.3540, Steps: 178)
  [Worker 4] episode 165 finished. (AvgLatErr: 0.3107, Steps: 190)
  [Worker 4] episode 166 finished. (AvgLatErr: 0.2218, Steps: 157)
  [Worker 4] episode 167 finished. (AvgLatErr: 0.3714, Steps: 170)
  [Worker 4] episode 168 finished. (AvgLatErr: 0.3751, Steps: 151)
  [Worker 4] episode 169 finished. (AvgLatErr: 0.4978, Steps: 171)
[Worker 4].
Warning: num_agents (8) is greater than the number of available vehicle parameters (4). Cycling vehicle templates.
[Worker 7] TensorFlow device=GPU, mixed_precision=mixed_float16
[Worker 7] Random seed fixed: 800201
[Worker 7] started on GPU.
  [Worker 7] episode 160 finished. (AvgLatErr: 0.2178, Steps: 173)
  [Worker 7] episode 161 finished. (AvgLatErr: 0.4296, Steps: 150)
  [Worker 7] episode 162 finished. (AvgLatErr: 0.5874, Steps: 154)
  [Worker 7] episode 163 finished. (AvgLatErr: 0.3772, Steps: 149)
  [Worker 7] episode 164 finished. (AvgLatErr: 0.2751, Steps: 136)
  [Worker 7] episode 165 finished. (AvgLatErr: 0.5452, Steps: 150)
  [Worker 7] episode 166 finished. (AvgLatErr: 0.2834, Steps: 132)
  [Worker 7] episode 167 finished. (AvgLatErr: 0.2342, Steps: 135)
  [Worker 7] episode 168 finished. (AvgLatErr: 0.1777, Steps: 129)
  [Worker 7] episode 169 finished. (AvgLatErr: 0.1860, Steps: 153)
[Worker 7].
Warning: num_agents (8) is greater than the number of available vehicle parameters (4). Cycling vehicle templates.
[Worker 5] TensorFlow device=GPU, mixed_precision=mixed_float16
[Worker 5] Random seed fixed: 600201
[Worker 5] started on GPU.
  [Worker 5] episode 160 finished. (AvgLatErr: 0.3050, Steps: 200)
  [Worker 5] episode 161 finished. (AvgLatErr: 0.1928, Steps: 200)
  [Worker 5] episode 162 finished. (AvgLatErr: 0.2222, Steps: 179)
  [Worker 5] episode 163 finished. (AvgLatErr: 0.3402, Steps: 174)
  [Worker 5] episode 164 finished. (AvgLatErr: 0.2931, Steps: 158)
  [Worker 5] episode 165 finished. (AvgLatErr: 0.2182, Steps: 184)
  [Worker 5] episode 166 finished. (AvgLatErr: 0.7201, Steps: 180)
  [Worker 5] episode 167 finished. (AvgLatErr: 0.4349, Steps: 168)
  [Worker 5] episode 168 finished. (AvgLatErr: 0.3215, Steps: 160)
  [Worker 5] episode 169 finished. (AvgLatErr: 0.2727, Steps: 176)
[Worker 5].
Warning: num_agents (8) is greater than the number of available vehicle parameters (4). Cycling vehicle templates.
[Worker 6] TensorFlow device=GPU, mixed_precision=mixed_float16
[Worker 6] Random seed fixed: 700201
[Worker 6] started on GPU.
  [Worker 6] episode 160 finished. (AvgLatErr: 0.3225, Steps: 200)
  [Worker 6] episode 161 finished. (AvgLatErr: 0.3747, Steps: 200)
  [Worker 6] episode 162 finished. (AvgLatErr: 0.2907, Steps: 200)
  [Worker 6] episode 163 finished. (AvgLatErr: 0.2951, Steps: 200)
  [Worker 6] episode 164 finished. (AvgLatErr: 0.9546, Steps: 200)
  [Worker 6] episode 165 finished. (AvgLatErr: 1.4775, Steps: 200)
  [Worker 6] episode 166 finished. (AvgLatErr: 0.4092, Steps: 200)
  [Worker 6] episode 167 finished. (AvgLatErr: 0.2433, Steps: 200)
  [Worker 6] episode 168 finished. (AvgLatErr: 0.3715, Steps: 200)
  [Worker 6] episode 169 finished. (AvgLatErr: 0.4197, Steps: 200)
[Worker 6].
[Main] workers finished. (elapsed: 108.85s)
[Main] Aggregation-selected agents: [1, 2, 5, 7]
[Main] FedAdagrad update completed.
[Main] Replay buffers reset after global model update.
============================================================================================
169 EP / Agent 0 : Avg Lat Err 1.3592
169 EP / Agent 1 : Avg Lat Err 0.2387
169 EP / Agent 2 : Avg Lat Err 0.4182
169 EP / Agent 3 : Avg Lat Err 0.7067
169 EP / Agent 4 : Avg Lat Err 0.4978
169 EP / Agent 5 : Avg Lat Err 0.2727
169 EP / Agent 6 : Avg Lat Err 0.4197
169 EP / Agent 7 : Avg Lat Err 0.1860
============================================================================================

============================================================================================
[Main] FL round started. (episode 170 ~ 179)
[Main] Client selection: mode=error_low, budget=4
[Main] Participating agents: [0, 1, 2, 3, 4, 5, 6, 7]
Warning: num_agents (8) is greater than the number of available vehicle parameters (4). Cycling vehicle templates.
[Worker 0] TensorFlow device=GPU, mixed_precision=mixed_float16
[Worker 0] Random seed fixed: 100211
[Worker 0] started on GPU.
  [Worker 0] episode 170 finished. (AvgLatErr: 0.9921, Steps: 119)
  [Worker 0] episode 171 finished. (AvgLatErr: 1.8902, Steps: 136)
  [Worker 0] episode 172 finished. (AvgLatErr: 0.8984, Steps: 128)
  [Worker 0] episode 173 finished. (AvgLatErr: 1.2177, Steps: 125)
  [Worker 0] episode 174 finished. (AvgLatErr: 0.9813, Steps: 123)
  [Worker 0] episode 175 finished. (AvgLatErr: 2.0037, Steps: 146)
  [Worker 0] episode 176 finished. (AvgLatErr: 1.1207, Steps: 133)
  [Worker 0] episode 177 finished. (AvgLatErr: 1.3457, Steps: 141)
  [Worker 0] episode 178 finished. (AvgLatErr: 0.8663, Steps: 125)
  [Worker 0] episode 179 finished. (AvgLatErr: 1.6847, Steps: 130)
[Worker 0].
Warning: num_agents (8) is greater than the number of available vehicle parameters (4). Cycling vehicle templates.
[Worker 2] TensorFlow device=GPU, mixed_precision=mixed_float16
[Worker 2] Random seed fixed: 300211
[Worker 2] started on GPU.
  [Worker 2] episode 170 finished. (AvgLatErr: 0.4386, Steps: 135)
  [Worker 2] episode 171 finished. (AvgLatErr: 0.4054, Steps: 131)
  [Worker 2] episode 172 finished. (AvgLatErr: 0.3799, Steps: 117)
  [Worker 2] episode 173 finished. (AvgLatErr: 0.6264, Steps: 113)
  [Worker 2] episode 174 finished. (AvgLatErr: 0.3776, Steps: 145)
  [Worker 2] episode 175 finished. (AvgLatErr: 0.5342, Steps: 129)
  [Worker 2] episode 176 finished. (AvgLatErr: 0.5358, Steps: 116)
  [Worker 2] episode 177 finished. (AvgLatErr: 0.6738, Steps: 118)
  [Worker 2] episode 178 finished. (AvgLatErr: 0.4481, Steps: 120)
  [Worker 2] episode 179 finished. (AvgLatErr: 0.4487, Steps: 108)
[Worker 2].
Warning: num_agents (8) is greater than the number of available vehicle parameters (4). Cycling vehicle templates.
[Worker 1] TensorFlow device=GPU, mixed_precision=mixed_float16
[Worker 1] Random seed fixed: 200211
[Worker 1] started on GPU.
  [Worker 1] episode 170 finished. (AvgLatErr: 0.2483, Steps: 124)
  [Worker 1] episode 171 finished. (AvgLatErr: 0.1566, Steps: 130)
  [Worker 1] episode 172 finished. (AvgLatErr: 0.1205, Steps: 145)
  [Worker 1] episode 173 finished. (AvgLatErr: 0.1382, Steps: 139)
  [Worker 1] episode 174 finished. (AvgLatErr: 0.1819, Steps: 129)
  [Worker 1] episode 175 finished. (AvgLatErr: 0.1075, Steps: 135)
  [Worker 1] episode 176 finished. (AvgLatErr: 0.1648, Steps: 137)
  [Worker 1] episode 177 finished. (AvgLatErr: 0.2895, Steps: 127)
  [Worker 1] episode 178 finished. (AvgLatErr: 0.1859, Steps: 149)
  [Worker 1] episode 179 finished. (AvgLatErr: 0.1499, Steps: 142)
[Worker 1].
Warning: num_agents (8) is greater than the number of available vehicle parameters (4). Cycling vehicle templates.
[Worker 3] TensorFlow device=GPU, mixed_precision=mixed_float16
[Worker 3] Random seed fixed: 400211
[Worker 3] started on GPU.
  [Worker 3] episode 170 finished. (AvgLatErr: 0.4873, Steps: 172)
  [Worker 3] episode 171 finished. (AvgLatErr: 0.4760, Steps: 174)
  [Worker 3] episode 172 finished. (AvgLatErr: 0.7698, Steps: 166)
  [Worker 3] episode 173 finished. (AvgLatErr: 0.4227, Steps: 169)
  [Worker 3] episode 174 finished. (AvgLatErr: 0.4871, Steps: 176)
  [Worker 3] episode 175 finished. (AvgLatErr: 0.7220, Steps: 172)
  [Worker 3] episode 176 finished. (AvgLatErr: 0.7690, Steps: 164)
  [Worker 3] episode 177 finished. (AvgLatErr: 0.5370, Steps: 186)
  [Worker 3] episode 178 finished. (AvgLatErr: 0.4609, Steps: 199)
  [Worker 3] episode 179 finished. (AvgLatErr: 0.7898, Steps: 170)
[Worker 3].
Warning: num_agents (8) is greater than the number of available vehicle parameters (4). Cycling vehicle templates.
[Worker 4] TensorFlow device=GPU, mixed_precision=mixed_float16
[Worker 4] Random seed fixed: 500211
[Worker 4] started on GPU.
  [Worker 4] episode 170 finished. (AvgLatErr: 0.4027, Steps: 168)
  [Worker 4] episode 171 finished. (AvgLatErr: 0.3665, Steps: 171)
  [Worker 4] episode 172 finished. (AvgLatErr: 0.4148, Steps: 180)
  [Worker 4] episode 173 finished. (AvgLatErr: 0.5975, Steps: 183)
  [Worker 4] episode 174 finished. (AvgLatErr: 0.7373, Steps: 178)
  [Worker 4] episode 175 finished. (AvgLatErr: 0.3741, Steps: 155)
  [Worker 4] episode 176 finished. (AvgLatErr: 0.3589, Steps: 172)
  [Worker 4] episode 177 finished. (AvgLatErr: 0.3461, Steps: 200)
  [Worker 4] episode 178 finished. (AvgLatErr: 0.3806, Steps: 160)
  [Worker 4] episode 179 finished. (AvgLatErr: 0.4120, Steps: 169)
[Worker 4].
Warning: num_agents (8) is greater than the number of available vehicle parameters (4). Cycling vehicle templates.
[Worker 7] TensorFlow device=GPU, mixed_precision=mixed_float16
[Worker 7] Random seed fixed: 800211
[Worker 7] started on GPU.
  [Worker 7] episode 170 finished. (AvgLatErr: 0.1719, Steps: 150)
  [Worker 7] episode 171 finished. (AvgLatErr: 0.1391, Steps: 183)
  [Worker 7] episode 172 finished. (AvgLatErr: 0.2158, Steps: 147)
  [Worker 7] episode 173 finished. (AvgLatErr: 0.2759, Steps: 156)
  [Worker 7] episode 174 finished. (AvgLatErr: 0.1806, Steps: 139)
  [Worker 7] episode 175 finished. (AvgLatErr: 0.3609, Steps: 125)
  [Worker 7] episode 176 finished. (AvgLatErr: 0.3699, Steps: 146)
  [Worker 7] episode 177 finished. (AvgLatErr: 0.3760, Steps: 148)
  [Worker 7] episode 178 finished. (AvgLatErr: 0.2254, Steps: 150)
  [Worker 7] episode 179 finished. (AvgLatErr: 0.1845, Steps: 169)
[Worker 7].
Warning: num_agents (8) is greater than the number of available vehicle parameters (4). Cycling vehicle templates.
[Worker 5] TensorFlow device=GPU, mixed_precision=mixed_float16
[Worker 5] Random seed fixed: 600211
[Worker 5] started on GPU.
  [Worker 5] episode 170 finished. (AvgLatErr: 0.3172, Steps: 162)
  [Worker 5] episode 171 finished. (AvgLatErr: 0.2155, Steps: 174)
  [Worker 5] episode 172 finished. (AvgLatErr: 0.2416, Steps: 187)
  [Worker 5] episode 173 finished. (AvgLatErr: 0.2718, Steps: 194)
  [Worker 5] episode 174 finished. (AvgLatErr: 0.2333, Steps: 172)
  [Worker 5] episode 175 finished. (AvgLatErr: 0.2972, Steps: 179)
  [Worker 5] episode 176 finished. (AvgLatErr: 0.1948, Steps: 189)
  [Worker 5] episode 177 finished. (AvgLatErr: 0.2226, Steps: 185)
  [Worker 5] episode 178 finished. (AvgLatErr: 0.2988, Steps: 161)
  [Worker 5] episode 179 finished. (AvgLatErr: 0.2479, Steps: 184)
[Worker 5].
Warning: num_agents (8) is greater than the number of available vehicle parameters (4). Cycling vehicle templates.
[Worker 6] TensorFlow device=GPU, mixed_precision=mixed_float16
[Worker 6] Random seed fixed: 700211
[Worker 6] started on GPU.
  [Worker 6] episode 170 finished. (AvgLatErr: 0.5248, Steps: 200)
  [Worker 6] episode 171 finished. (AvgLatErr: 0.4293, Steps: 200)
  [Worker 6] episode 172 finished. (AvgLatErr: 0.4834, Steps: 200)
  [Worker 6] episode 173 finished. (AvgLatErr: 0.5437, Steps: 200)
  [Worker 6] episode 174 finished. (AvgLatErr: 0.2655, Steps: 200)
  [Worker 6] episode 175 finished. (AvgLatErr: 0.5180, Steps: 200)
  [Worker 6] episode 176 finished. (AvgLatErr: 0.3667, Steps: 200)
  [Worker 6] episode 177 finished. (AvgLatErr: 0.2285, Steps: 200)
  [Worker 6] episode 178 finished. (AvgLatErr: 0.3233, Steps: 200)
  [Worker 6] episode 179 finished. (AvgLatErr: 0.5096, Steps: 200)
[Worker 6].
[Main] workers finished. (elapsed: 110.04s)
[Main] Aggregation-selected agents: [1, 4, 5, 7]
[Main] FedAdagrad update completed.
[Main] Replay buffers reset after global model update.
============================================================================================
179 EP / Agent 0 : Avg Lat Err 1.6847
179 EP / Agent 1 : Avg Lat Err 0.1499
179 EP / Agent 2 : Avg Lat Err 0.4487
179 EP / Agent 3 : Avg Lat Err 0.7898
179 EP / Agent 4 : Avg Lat Err 0.4120
179 EP / Agent 5 : Avg Lat Err 0.2479
179 EP / Agent 6 : Avg Lat Err 0.5096
179 EP / Agent 7 : Avg Lat Err 0.1845
============================================================================================

============================================================================================
[Main] FL round started. (episode 180 ~ 189)
[Main] Client selection: mode=error_low, budget=4
[Main] Participating agents: [0, 1, 2, 3, 4, 5, 6, 7]
Warning: num_agents (8) is greater than the number of available vehicle parameters (4). Cycling vehicle templates.
[Worker 0] TensorFlow device=GPU, mixed_precision=mixed_float16
[Worker 0] Random seed fixed: 100221
[Worker 0] started on GPU.
  [Worker 0] episode 180 finished. (AvgLatErr: 1.0781, Steps: 128)
  [Worker 0] episode 181 finished. (AvgLatErr: 0.8053, Steps: 134)
  [Worker 0] episode 182 finished. (AvgLatErr: 1.0331, Steps: 139)
  [Worker 0] episode 183 finished. (AvgLatErr: 2.9459, Steps: 147)
  [Worker 0] episode 184 finished. (AvgLatErr: 1.6984, Steps: 152)
  [Worker 0] episode 185 finished. (AvgLatErr: 0.8709, Steps: 147)
  [Worker 0] episode 186 finished. (AvgLatErr: 2.0623, Steps: 166)
  [Worker 0] episode 187 finished. (AvgLatErr: 1.6353, Steps: 148)
  [Worker 0] episode 188 finished. (AvgLatErr: 1.1891, Steps: 132)
  [Worker 0] episode 189 finished. (AvgLatErr: 0.8745, Steps: 133)
[Worker 0].
Warning: num_agents (8) is greater than the number of available vehicle parameters (4). Cycling vehicle templates.
[Worker 2] TensorFlow device=GPU, mixed_precision=mixed_float16
[Worker 2] Random seed fixed: 300221
[Worker 2] started on GPU.
  [Worker 2] episode 180 finished. (AvgLatErr: 0.2682, Steps: 127)
  [Worker 2] episode 181 finished. (AvgLatErr: 0.5190, Steps: 134)
  [Worker 2] episode 182 finished. (AvgLatErr: 0.3781, Steps: 132)
  [Worker 2] episode 183 finished. (AvgLatErr: 0.5223, Steps: 127)
  [Worker 2] episode 184 finished. (AvgLatErr: 0.4616, Steps: 129)
  [Worker 2] episode 185 finished. (AvgLatErr: 0.5332, Steps: 126)
  [Worker 2] episode 186 finished. (AvgLatErr: 0.7792, Steps: 132)
  [Worker 2] episode 187 finished. (AvgLatErr: 0.6459, Steps: 126)
  [Worker 2] episode 188 finished. (AvgLatErr: 1.2804, Steps: 123)
  [Worker 2] episode 189 finished. (AvgLatErr: 0.7412, Steps: 122)
[Worker 2].
Warning: num_agents (8) is greater than the number of available vehicle parameters (4). Cycling vehicle templates.
[Worker 1] TensorFlow device=GPU, mixed_precision=mixed_float16
[Worker 1] Random seed fixed: 200221
[Worker 1] started on GPU.
  [Worker 1] episode 180 finished. (AvgLatErr: 0.1887, Steps: 135)
  [Worker 1] episode 181 finished. (AvgLatErr: 0.1421, Steps: 179)
  [Worker 1] episode 182 finished. (AvgLatErr: 0.2376, Steps: 154)
  [Worker 1] episode 183 finished. (AvgLatErr: 0.2141, Steps: 145)
  [Worker 1] episode 184 finished. (AvgLatErr: 0.2200, Steps: 140)
  [Worker 1] episode 185 finished. (AvgLatErr: 0.2385, Steps: 143)
  [Worker 1] episode 186 finished. (AvgLatErr: 0.1241, Steps: 146)
  [Worker 1] episode 187 finished. (AvgLatErr: 0.2062, Steps: 152)
  [Worker 1] episode 188 finished. (AvgLatErr: 0.1175, Steps: 138)
  [Worker 1] episode 189 finished. (AvgLatErr: 0.2362, Steps: 138)
[Worker 1].
Warning: num_agents (8) is greater than the number of available vehicle parameters (4). Cycling vehicle templates.
[Worker 3] TensorFlow device=GPU, mixed_precision=mixed_float16
[Worker 3] Random seed fixed: 400221
[Worker 3] started on GPU.
  [Worker 3] episode 180 finished. (AvgLatErr: 0.5453, Steps: 181)
  [Worker 3] episode 181 finished. (AvgLatErr: 0.4755, Steps: 185)
  [Worker 3] episode 182 finished. (AvgLatErr: 0.5950, Steps: 174)
  [Worker 3] episode 183 finished. (AvgLatErr: 0.4079, Steps: 199)
  [Worker 3] episode 184 finished. (AvgLatErr: 0.7482, Steps: 182)
  [Worker 3] episode 185 finished. (AvgLatErr: 0.6900, Steps: 187)
  [Worker 3] episode 186 finished. (AvgLatErr: 3.1913, Steps: 200)
  [Worker 3] episode 187 finished. (AvgLatErr: 0.4020, Steps: 178)
  [Worker 3] episode 188 finished. (AvgLatErr: 0.7087, Steps: 171)
  [Worker 3] episode 189 finished. (AvgLatErr: 0.6559, Steps: 199)
[Worker 3].
Warning: num_agents (8) is greater than the number of available vehicle parameters (4). Cycling vehicle templates.
[Worker 4] TensorFlow device=GPU, mixed_precision=mixed_float16
[Worker 4] Random seed fixed: 500221
[Worker 4] started on GPU.
  [Worker 4] episode 180 finished. (AvgLatErr: 0.3939, Steps: 169)
  [Worker 4] episode 181 finished. (AvgLatErr: 0.4203, Steps: 155)
  [Worker 4] episode 182 finished. (AvgLatErr: 0.6012, Steps: 170)
  [Worker 4] episode 183 finished. (AvgLatErr: 0.4455, Steps: 154)
  [Worker 4] episode 184 finished. (AvgLatErr: 0.4510, Steps: 185)
  [Worker 4] episode 185 finished. (AvgLatErr: 0.3343, Steps: 177)
  [Worker 4] episode 186 finished. (AvgLatErr: 0.3268, Steps: 159)
  [Worker 4] episode 187 finished. (AvgLatErr: 0.3783, Steps: 186)
  [Worker 4] episode 188 finished. (AvgLatErr: 0.3451, Steps: 173)
  [Worker 4] episode 189 finished. (AvgLatErr: 0.4615, Steps: 188)
[Worker 4].
Warning: num_agents (8) is greater than the number of available vehicle parameters (4). Cycling vehicle templates.
[Worker 7] TensorFlow device=GPU, mixed_precision=mixed_float16
[Worker 7] Random seed fixed: 800221
[Worker 7] started on GPU.
  [Worker 7] episode 180 finished. (AvgLatErr: 0.1044, Steps: 170)
  [Worker 7] episode 181 finished. (AvgLatErr: 0.2065, Steps: 175)
  [Worker 7] episode 182 finished. (AvgLatErr: 0.1195, Steps: 170)
  [Worker 7] episode 183 finished. (AvgLatErr: 0.2586, Steps: 147)
  [Worker 7] episode 184 finished. (AvgLatErr: 0.2252, Steps: 152)
  [Worker 7] episode 185 finished. (AvgLatErr: 0.1595, Steps: 142)
  [Worker 7] episode 186 finished. (AvgLatErr: 0.2136, Steps: 157)
  [Worker 7] episode 187 finished. (AvgLatErr: 0.1847, Steps: 153)
  [Worker 7] episode 188 finished. (AvgLatErr: 0.2003, Steps: 150)
  [Worker 7] episode 189 finished. (AvgLatErr: 0.1861, Steps: 153)
[Worker 7].
Warning: num_agents (8) is greater than the number of available vehicle parameters (4). Cycling vehicle templates.
[Worker 5] TensorFlow device=GPU, mixed_precision=mixed_float16
[Worker 5] Random seed fixed: 600221
[Worker 5] started on GPU.
  [Worker 5] episode 180 finished. (AvgLatErr: 0.2021, Steps: 197)
  [Worker 5] episode 181 finished. (AvgLatErr: 0.0940, Steps: 200)
  [Worker 5] episode 182 finished. (AvgLatErr: 0.1629, Steps: 200)
  [Worker 5] episode 183 finished. (AvgLatErr: 0.1327, Steps: 200)
  [Worker 5] episode 184 finished. (AvgLatErr: 0.1485, Steps: 200)
  [Worker 5] episode 185 finished. (AvgLatErr: 0.1225, Steps: 200)
  [Worker 5] episode 186 finished. (AvgLatErr: 0.2173, Steps: 200)
  [Worker 5] episode 187 finished. (AvgLatErr: 0.1394, Steps: 195)
  [Worker 5] episode 188 finished. (AvgLatErr: 0.1315, Steps: 200)
  [Worker 5] episode 189 finished. (AvgLatErr: 0.2617, Steps: 190)
[Worker 5].
Warning: num_agents (8) is greater than the number of available vehicle parameters (4). Cycling vehicle templates.
[Worker 6] TensorFlow device=GPU, mixed_precision=mixed_float16
[Worker 6] Random seed fixed: 700221
[Worker 6] started on GPU.
  [Worker 6] episode 180 finished. (AvgLatErr: 0.4963, Steps: 200)
  [Worker 6] episode 181 finished. (AvgLatErr: 0.7711, Steps: 200)
  [Worker 6] episode 182 finished. (AvgLatErr: 0.5425, Steps: 200)
  [Worker 6] episode 183 finished. (AvgLatErr: 0.5444, Steps: 200)
  [Worker 6] episode 184 finished. (AvgLatErr: 0.6061, Steps: 200)
  [Worker 6] episode 185 finished. (AvgLatErr: 0.5067, Steps: 195)
  [Worker 6] episode 186 finished. (AvgLatErr: 0.7615, Steps: 200)
  [Worker 6] episode 187 finished. (AvgLatErr: 0.8383, Steps: 200)
  [Worker 6] episode 188 finished. (AvgLatErr: 0.8433, Steps: 200)
  [Worker 6] episode 189 finished. (AvgLatErr: 0.7014, Steps: 200)
[Worker 6].
[Main] workers finished. (elapsed: 111.84s)
[Main] Aggregation-selected agents: [1, 4, 5, 7]
[Main] FedAdagrad update completed.
[Main] Replay buffers reset after global model update.
============================================================================================
189 EP / Agent 0 : Avg Lat Err 0.8745
189 EP / Agent 1 : Avg Lat Err 0.2362
189 EP / Agent 2 : Avg Lat Err 0.7412
189 EP / Agent 3 : Avg Lat Err 0.6559
189 EP / Agent 4 : Avg Lat Err 0.4615
189 EP / Agent 5 : Avg Lat Err 0.2617
189 EP / Agent 6 : Avg Lat Err 0.7014
189 EP / Agent 7 : Avg Lat Err 0.1861
============================================================================================

============================================================================================
[Main] FL round started. (episode 190 ~ 199)
[Main] Client selection: mode=error_low, budget=4
[Main] Participating agents: [0, 1, 2, 3, 4, 5, 6, 7]
Warning: num_agents (8) is greater than the number of available vehicle parameters (4). Cycling vehicle templates.
[Worker 0] TensorFlow device=GPU, mixed_precision=mixed_float16
[Worker 0] Random seed fixed: 100231
[Worker 0] started on GPU.
  [Worker 0] episode 190 finished. (AvgLatErr: 0.9552, Steps: 122)
  [Worker 0] episode 191 finished. (AvgLatErr: 1.5360, Steps: 145)
  [Worker 0] episode 192 finished. (AvgLatErr: 1.2489, Steps: 143)
  [Worker 0] episode 193 finished. (AvgLatErr: 0.9897, Steps: 128)
  [Worker 0] episode 194 finished. (AvgLatErr: 1.1300, Steps: 140)
  [Worker 0] episode 195 finished. (AvgLatErr: 0.8177, Steps: 133)
  [Worker 0] episode 196 finished. (AvgLatErr: 0.5647, Steps: 150)
  [Worker 0] episode 197 finished. (AvgLatErr: 1.5629, Steps: 140)
  [Worker 0] episode 198 finished. (AvgLatErr: 0.7388, Steps: 145)
  [Worker 0] episode 199 finished. (AvgLatErr: 0.9553, Steps: 147)
[Worker 0].
Warning: num_agents (8) is greater than the number of available vehicle parameters (4). Cycling vehicle templates.
[Worker 2] TensorFlow device=GPU, mixed_precision=mixed_float16
[Worker 2] Random seed fixed: 300231
[Worker 2] started on GPU.
  [Worker 2] episode 190 finished. (AvgLatErr: 0.4431, Steps: 133)
  [Worker 2] episode 191 finished. (AvgLatErr: 0.3703, Steps: 132)
  [Worker 2] episode 192 finished. (AvgLatErr: 0.3994, Steps: 130)
  [Worker 2] episode 193 finished. (AvgLatErr: 0.5501, Steps: 118)
  [Worker 2] episode 194 finished. (AvgLatErr: 0.5676, Steps: 127)
  [Worker 2] episode 195 finished. (AvgLatErr: 0.6461, Steps: 139)
  [Worker 2] episode 196 finished. (AvgLatErr: 0.6928, Steps: 123)
  [Worker 2] episode 197 finished. (AvgLatErr: 0.5052, Steps: 119)
  [Worker 2] episode 198 finished. (AvgLatErr: 0.5581, Steps: 120)
  [Worker 2] episode 199 finished. (AvgLatErr: 0.4756, Steps: 140)
[Worker 2].
Warning: num_agents (8) is greater than the number of available vehicle parameters (4). Cycling vehicle templates.
[Worker 1] TensorFlow device=GPU, mixed_precision=mixed_float16
[Worker 1] Random seed fixed: 200231
[Worker 1] started on GPU.
  [Worker 1] episode 190 finished. (AvgLatErr: 0.1482, Steps: 133)
  [Worker 1] episode 191 finished. (AvgLatErr: 0.2369, Steps: 148)
  [Worker 1] episode 192 finished. (AvgLatErr: 0.1766, Steps: 142)
  [Worker 1] episode 193 finished. (AvgLatErr: 0.4474, Steps: 149)
  [Worker 1] episode 194 finished. (AvgLatErr: 0.2022, Steps: 172)
  [Worker 1] episode 195 finished. (AvgLatErr: 0.3648, Steps: 155)
  [Worker 1] episode 196 finished. (AvgLatErr: 0.3241, Steps: 156)
  [Worker 1] episode 197 finished. (AvgLatErr: 0.1719, Steps: 143)
  [Worker 1] episode 198 finished. (AvgLatErr: 0.2851, Steps: 136)
  [Worker 1] episode 199 finished. (AvgLatErr: 0.1646, Steps: 144)
[Worker 1].
Warning: num_agents (8) is greater than the number of available vehicle parameters (4). Cycling vehicle templates.
[Worker 3] TensorFlow device=GPU, mixed_precision=mixed_float16
[Worker 3] Random seed fixed: 400231
[Worker 3] started on GPU.
  [Worker 3] episode 190 finished. (AvgLatErr: 0.3724, Steps: 173)
  [Worker 3] episode 191 finished. (AvgLatErr: 0.5059, Steps: 180)
  [Worker 3] episode 192 finished. (AvgLatErr: 0.8657, Steps: 179)
  [Worker 3] episode 193 finished. (AvgLatErr: 0.9398, Steps: 200)
  [Worker 3] episode 194 finished. (AvgLatErr: 0.5475, Steps: 178)
  [Worker 3] episode 195 finished. (AvgLatErr: 0.6389, Steps: 191)
  [Worker 3] episode 196 finished. (AvgLatErr: 0.8772, Steps: 173)
  [Worker 3] episode 197 finished. (AvgLatErr: 0.4818, Steps: 173)
  [Worker 3] episode 198 finished. (AvgLatErr: 0.7514, Steps: 173)
  [Worker 3] episode 199 finished. (AvgLatErr: 0.5295, Steps: 172)
[Worker 3].
Warning: num_agents (8) is greater than the number of available vehicle parameters (4). Cycling vehicle templates.
[Worker 4] TensorFlow device=GPU, mixed_precision=mixed_float16
[Worker 4] Random seed fixed: 500231
[Worker 4] started on GPU.
  [Worker 4] episode 190 finished. (AvgLatErr: 0.3779, Steps: 184)
  [Worker 4] episode 191 finished. (AvgLatErr: 0.3459, Steps: 176)
  [Worker 4] episode 192 finished. (AvgLatErr: 0.4834, Steps: 175)
  [Worker 4] episode 193 finished. (AvgLatErr: 0.5063, Steps: 170)
  [Worker 4] episode 194 finished. (AvgLatErr: 0.4425, Steps: 171)
  [Worker 4] episode 195 finished. (AvgLatErr: 0.3120, Steps: 158)
  [Worker 4] episode 196 finished. (AvgLatErr: 0.3079, Steps: 176)
  [Worker 4] episode 197 finished. (AvgLatErr: 0.3792, Steps: 165)
  [Worker 4] episode 198 finished. (AvgLatErr: 0.2981, Steps: 157)
  [Worker 4] episode 199 finished. (AvgLatErr: 0.4892, Steps: 172)
[Worker 4].
Warning: num_agents (8) is greater than the number of available vehicle parameters (4). Cycling vehicle templates.
[Worker 7] TensorFlow device=GPU, mixed_precision=mixed_float16
[Worker 7] Random seed fixed: 800231
[Worker 7] started on GPU.
  [Worker 7] episode 190 finished. (AvgLatErr: 0.1200, Steps: 151)
  [Worker 7] episode 191 finished. (AvgLatErr: 0.2443, Steps: 139)
  [Worker 7] episode 192 finished. (AvgLatErr: 0.1633, Steps: 141)
  [Worker 7] episode 193 finished. (AvgLatErr: 0.3872, Steps: 160)
  [Worker 7] episode 194 finished. (AvgLatErr: 0.4266, Steps: 191)
  [Worker 7] episode 195 finished. (AvgLatErr: 0.1565, Steps: 155)
  [Worker 7] episode 196 finished. (AvgLatErr: 0.2816, Steps: 148)
  [Worker 7] episode 197 finished. (AvgLatErr: 0.3602, Steps: 161)
  [Worker 7] episode 198 finished. (AvgLatErr: 0.2515, Steps: 148)
  [Worker 7] episode 199 finished. (AvgLatErr: 0.1379, Steps: 150)
[Worker 7].
Warning: num_agents (8) is greater than the number of available vehicle parameters (4). Cycling vehicle templates.
[Worker 5] TensorFlow device=GPU, mixed_precision=mixed_float16
[Worker 5] Random seed fixed: 600231
[Worker 5] started on GPU.
  [Worker 5] episode 190 finished. (AvgLatErr: 0.1710, Steps: 169)
  [Worker 5] episode 191 finished. (AvgLatErr: 0.2435, Steps: 192)
  [Worker 5] episode 192 finished. (AvgLatErr: 0.1677, Steps: 196)
  [Worker 5] episode 193 finished. (AvgLatErr: 0.1753, Steps: 166)
  [Worker 5] episode 194 finished. (AvgLatErr: 0.1169, Steps: 200)
  [Worker 5] episode 195 finished. (AvgLatErr: 0.1114, Steps: 197)
  [Worker 5] episode 196 finished. (AvgLatErr: 0.1140, Steps: 200)
  [Worker 5] episode 197 finished. (AvgLatErr: 0.1644, Steps: 189)
  [Worker 5] episode 198 finished. (AvgLatErr: 0.3299, Steps: 172)
  [Worker 5] episode 199 finished. (AvgLatErr: 0.2081, Steps: 156)
[Worker 5].
Warning: num_agents (8) is greater than the number of available vehicle parameters (4). Cycling vehicle templates.
[Worker 6] TensorFlow device=GPU, mixed_precision=mixed_float16
[Worker 6] Random seed fixed: 700231
[Worker 6] started on GPU.
  [Worker 6] episode 190 finished. (AvgLatErr: 0.3960, Steps: 200)
  [Worker 6] episode 191 finished. (AvgLatErr: 0.3710, Steps: 200)
  [Worker 6] episode 192 finished. (AvgLatErr: 0.4597, Steps: 200)
  [Worker 6] episode 193 finished. (AvgLatErr: 0.3924, Steps: 200)
  [Worker 6] episode 194 finished. (AvgLatErr: 0.5055, Steps: 200)
  [Worker 6] episode 195 finished. (AvgLatErr: 0.4247, Steps: 200)
  [Worker 6] episode 196 finished. (AvgLatErr: 0.6276, Steps: 200)
  [Worker 6] episode 197 finished. (AvgLatErr: 0.4110, Steps: 200)
  [Worker 6] episode 198 finished. (AvgLatErr: 0.3184, Steps: 200)
  [Worker 6] episode 199 finished. (AvgLatErr: 0.4274, Steps: 189)
[Worker 6].
[Main] workers finished. (elapsed: 113.26s)
[Main] Aggregation-selected agents: [1, 5, 6, 7]
[Main] FedAdagrad update completed.
[Main] Replay buffers reset after global model update.
============================================================================================
199 EP / Agent 0 : Avg Lat Err 0.9553
199 EP / Agent 1 : Avg Lat Err 0.1646
199 EP / Agent 2 : Avg Lat Err 0.4756
199 EP / Agent 3 : Avg Lat Err 0.5295
199 EP / Agent 4 : Avg Lat Err 0.4892
199 EP / Agent 5 : Avg Lat Err 0.2081
199 EP / Agent 6 : Avg Lat Err 0.4274
199 EP / Agent 7 : Avg Lat Err 0.1379
============================================================================================
[Main] Model checkpoint saved: C:\Users\syd79\FRL-Q\experiments\fast_parallel_fedadagrad_8errorlow4_20260916_run1_error_low_4of8\checkpoints\global_model_episode_000200.weights.h5

============================================================================================
[Main] FL round started. (episode 200 ~ 209)
[Main] Client selection: mode=error_low, budget=4
[Main] Participating agents: [0, 1, 2, 3, 4, 5, 6, 7]
Warning: num_agents (8) is greater than the number of available vehicle parameters (4). Cycling vehicle templates.
[Worker 0] TensorFlow device=GPU, mixed_precision=mixed_float16
[Worker 0] Random seed fixed: 100241
[Worker 0] started on GPU.
  [Worker 0] episode 200 finished. (AvgLatErr: 0.8216, Steps: 132)
  [Worker 0] episode 201 finished. (AvgLatErr: 1.2469, Steps: 134)
  [Worker 0] episode 202 finished. (AvgLatErr: 1.7001, Steps: 145)
  [Worker 0] episode 203 finished. (AvgLatErr: 0.8443, Steps: 137)
  [Worker 0] episode 204 finished. (AvgLatErr: 1.5641, Steps: 141)
  [Worker 0] episode 205 finished. (AvgLatErr: 0.6591, Steps: 140)
  [Worker 0] episode 206 finished. (AvgLatErr: 0.5487, Steps: 142)
  [Worker 0] episode 207 finished. (AvgLatErr: 4.2151, Steps: 164)
  [Worker 0] episode 208 finished. (AvgLatErr: 0.5648, Steps: 135)
  [Worker 0] episode 209 finished. (AvgLatErr: 0.8690, Steps: 138)
[Worker 0].
Warning: num_agents (8) is greater than the number of available vehicle parameters (4). Cycling vehicle templates.
[Worker 1] TensorFlow device=GPU, mixed_precision=mixed_float16
[Worker 1] Random seed fixed: 200241
[Worker 1] started on GPU.
  [Worker 1] episode 200 finished. (AvgLatErr: 0.2949, Steps: 124)
  [Worker 1] episode 201 finished. (AvgLatErr: 0.1371, Steps: 149)
  [Worker 1] episode 202 finished. (AvgLatErr: 0.2221, Steps: 130)
  [Worker 1] episode 203 finished. (AvgLatErr: 0.2277, Steps: 137)
  [Worker 1] episode 204 finished. (AvgLatErr: 0.1973, Steps: 133)
  [Worker 1] episode 205 finished. (AvgLatErr: 0.2513, Steps: 128)
  [Worker 1] episode 206 finished. (AvgLatErr: 0.2378, Steps: 137)
  [Worker 1] episode 207 finished. (AvgLatErr: 0.2909, Steps: 129)
  [Worker 1] episode 208 finished. (AvgLatErr: 0.3071, Steps: 134)
  [Worker 1] episode 209 finished. (AvgLatErr: 0.1587, Steps: 159)
[Worker 1].
Warning: num_agents (8) is greater than the number of available vehicle parameters (4). Cycling vehicle templates.
[Worker 2] TensorFlow device=GPU, mixed_precision=mixed_float16
[Worker 2] Random seed fixed: 300241
[Worker 2] started on GPU.
  [Worker 2] episode 200 finished. (AvgLatErr: 0.4202, Steps: 136)
  [Worker 2] episode 201 finished. (AvgLatErr: 0.3509, Steps: 145)
  [Worker 2] episode 202 finished. (AvgLatErr: 0.5117, Steps: 129)
  [Worker 2] episode 203 finished. (AvgLatErr: 0.6414, Steps: 124)
  [Worker 2] episode 204 finished. (AvgLatErr: 0.4104, Steps: 122)
  [Worker 2] episode 205 finished. (AvgLatErr: 0.7245, Steps: 134)
  [Worker 2] episode 206 finished. (AvgLatErr: 0.7253, Steps: 115)
  [Worker 2] episode 207 finished. (AvgLatErr: 2.1298, Steps: 149)
  [Worker 2] episode 208 finished. (AvgLatErr: 0.4998, Steps: 123)
  [Worker 2] episode 209 finished. (AvgLatErr: 0.7743, Steps: 126)
[Worker 2].
Warning: num_agents (8) is greater than the number of available vehicle parameters (4). Cycling vehicle templates.
[Worker 3] TensorFlow device=GPU, mixed_precision=mixed_float16
[Worker 3] Random seed fixed: 400241
[Worker 3] started on GPU.
  [Worker 3] episode 200 finished. (AvgLatErr: 0.4620, Steps: 185)
  [Worker 3] episode 201 finished. (AvgLatErr: 0.6057, Steps: 180)
  [Worker 3] episode 202 finished. (AvgLatErr: 0.5813, Steps: 177)
  [Worker 3] episode 203 finished. (AvgLatErr: 0.6152, Steps: 176)
  [Worker 3] episode 204 finished. (AvgLatErr: 0.6302, Steps: 187)
  [Worker 3] episode 205 finished. (AvgLatErr: 1.0605, Steps: 185)
  [Worker 3] episode 206 finished. (AvgLatErr: 0.6892, Steps: 177)
  [Worker 3] episode 207 finished. (AvgLatErr: 0.5899, Steps: 177)
  [Worker 3] episode 208 finished. (AvgLatErr: 0.6064, Steps: 178)
  [Worker 3] episode 209 finished. (AvgLatErr: 0.7349, Steps: 192)
[Worker 3].
Warning: num_agents (8) is greater than the number of available vehicle parameters (4). Cycling vehicle templates.
[Worker 4] TensorFlow device=GPU, mixed_precision=mixed_float16
[Worker 4] Random seed fixed: 500241
[Worker 4] started on GPU.
  [Worker 4] episode 200 finished. (AvgLatErr: 0.4291, Steps: 178)
  [Worker 4] episode 201 finished. (AvgLatErr: 0.4447, Steps: 188)
  [Worker 4] episode 202 finished. (AvgLatErr: 0.4123, Steps: 184)
  [Worker 4] episode 203 finished. (AvgLatErr: 0.8425, Steps: 178)
  [Worker 4] episode 204 finished. (AvgLatErr: 0.3290, Steps: 167)
  [Worker 4] episode 205 finished. (AvgLatErr: 0.2543, Steps: 169)
  [Worker 4] episode 206 finished. (AvgLatErr: 0.3054, Steps: 176)
  [Worker 4] episode 207 finished. (AvgLatErr: 0.3027, Steps: 172)
  [Worker 4] episode 208 finished. (AvgLatErr: 0.3787, Steps: 173)
  [Worker 4] episode 209 finished. (AvgLatErr: 0.3815, Steps: 195)
[Worker 4].
Warning: num_agents (8) is greater than the number of available vehicle parameters (4). Cycling vehicle templates.
[Worker 7] TensorFlow device=GPU, mixed_precision=mixed_float16
[Worker 7] Random seed fixed: 800241
[Worker 7] started on GPU.
  [Worker 7] episode 200 finished. (AvgLatErr: 0.1697, Steps: 147)
  [Worker 7] episode 201 finished. (AvgLatErr: 0.2482, Steps: 143)
  [Worker 7] episode 202 finished. (AvgLatErr: 0.2604, Steps: 158)
  [Worker 7] episode 203 finished. (AvgLatErr: 0.2070, Steps: 140)
  [Worker 7] episode 204 finished. (AvgLatErr: 0.6162, Steps: 150)
  [Worker 7] episode 205 finished. (AvgLatErr: 0.2405, Steps: 174)
  [Worker 7] episode 206 finished. (AvgLatErr: 0.3913, Steps: 134)
  [Worker 7] episode 207 finished. (AvgLatErr: 0.3492, Steps: 138)
  [Worker 7] episode 208 finished. (AvgLatErr: 0.2505, Steps: 128)
  [Worker 7] episode 209 finished. (AvgLatErr: 0.2778, Steps: 135)
[Worker 7].
Warning: num_agents (8) is greater than the number of available vehicle parameters (4). Cycling vehicle templates.
[Worker 5] TensorFlow device=GPU, mixed_precision=mixed_float16
[Worker 5] Random seed fixed: 600241
[Worker 5] started on GPU.
  [Worker 5] episode 200 finished. (AvgLatErr: 0.2156, Steps: 173)
  [Worker 5] episode 201 finished. (AvgLatErr: 0.2347, Steps: 200)
  [Worker 5] episode 202 finished. (AvgLatErr: 0.1246, Steps: 200)
  [Worker 5] episode 203 finished. (AvgLatErr: 0.1895, Steps: 200)
  [Worker 5] episode 204 finished. (AvgLatErr: 0.2560, Steps: 197)
  [Worker 5] episode 205 finished. (AvgLatErr: 0.3230, Steps: 200)
  [Worker 5] episode 206 finished. (AvgLatErr: 0.3340, Steps: 194)
  [Worker 5] episode 207 finished. (AvgLatErr: 0.2863, Steps: 190)
  [Worker 5] episode 208 finished. (AvgLatErr: 0.1925, Steps: 200)
  [Worker 5] episode 209 finished. (AvgLatErr: 0.1262, Steps: 200)
[Worker 5].
Warning: num_agents (8) is greater than the number of available vehicle parameters (4). Cycling vehicle templates.
[Worker 6] TensorFlow device=GPU, mixed_precision=mixed_float16
[Worker 6] Random seed fixed: 700241
[Worker 6] started on GPU.
  [Worker 6] episode 200 finished. (AvgLatErr: 0.6897, Steps: 200)
  [Worker 6] episode 201 finished. (AvgLatErr: 0.3600, Steps: 200)
  [Worker 6] episode 202 finished. (AvgLatErr: 0.4922, Steps: 200)
  [Worker 6] episode 203 finished. (AvgLatErr: 0.5495, Steps: 200)
  [Worker 6] episode 204 finished. (AvgLatErr: 0.5226, Steps: 200)
  [Worker 6] episode 205 finished. (AvgLatErr: 0.5749, Steps: 200)
  [Worker 6] episode 206 finished. (AvgLatErr: 0.5225, Steps: 193)
  [Worker 6] episode 207 finished. (AvgLatErr: 0.7096, Steps: 200)
  [Worker 6] episode 208 finished. (AvgLatErr: 0.5061, Steps: 200)
  [Worker 6] episode 209 finished. (AvgLatErr: 0.5280, Steps: 200)
[Worker 6].
[Main] workers finished. (elapsed: 112.34s)
[Main] Aggregation-selected agents: [1, 4, 5, 7]
[Main] FedAdagrad update completed.
[Main] Replay buffers reset after global model update.
============================================================================================
209 EP / Agent 0 : Avg Lat Err 0.8690
209 EP / Agent 1 : Avg Lat Err 0.1587
209 EP / Agent 2 : Avg Lat Err 0.7743
209 EP / Agent 3 : Avg Lat Err 0.7349
209 EP / Agent 4 : Avg Lat Err 0.3815
209 EP / Agent 5 : Avg Lat Err 0.1262
209 EP / Agent 6 : Avg Lat Err 0.5280
209 EP / Agent 7 : Avg Lat Err 0.2778
============================================================================================

============================================================================================
[Main] FL round started. (episode 210 ~ 219)
[Main] Client selection: mode=error_low, budget=4
[Main] Participating agents: [0, 1, 2, 3, 4, 5, 6, 7]
Warning: num_agents (8) is greater than the number of available vehicle parameters (4). Cycling vehicle templates.
[Worker 0] TensorFlow device=GPU, mixed_precision=mixed_float16
[Worker 0] Random seed fixed: 100251
[Worker 0] started on GPU.
  [Worker 0] episode 210 finished. (AvgLatErr: 1.7009, Steps: 133)
  [Worker 0] episode 211 finished. (AvgLatErr: 1.6077, Steps: 136)
  [Worker 0] episode 212 finished. (AvgLatErr: 1.3572, Steps: 140)
  [Worker 0] episode 213 finished. (AvgLatErr: 1.6268, Steps: 128)
  [Worker 0] episode 214 finished. (AvgLatErr: 1.4019, Steps: 128)
  [Worker 0] episode 215 finished. (AvgLatErr: 1.0020, Steps: 135)
  [Worker 0] episode 216 finished. (AvgLatErr: 2.2097, Steps: 141)
  [Worker 0] episode 217 finished. (AvgLatErr: 1.4873, Steps: 144)
  [Worker 0] episode 218 finished. (AvgLatErr: 1.0141, Steps: 142)
  [Worker 0] episode 219 finished. (AvgLatErr: 1.0367, Steps: 142)
[Worker 0].
Warning: num_agents (8) is greater than the number of available vehicle parameters (4). Cycling vehicle templates.
[Worker 2] TensorFlow device=GPU, mixed_precision=mixed_float16
[Worker 2] Random seed fixed: 300251
[Worker 2] started on GPU.
  [Worker 2] episode 210 finished. (AvgLatErr: 0.4346, Steps: 129)
  [Worker 2] episode 211 finished. (AvgLatErr: 0.4787, Steps: 141)
  [Worker 2] episode 212 finished. (AvgLatErr: 0.5892, Steps: 127)
  [Worker 2] episode 213 finished. (AvgLatErr: 0.3552, Steps: 119)
  [Worker 2] episode 214 finished. (AvgLatErr: 0.4294, Steps: 125)
  [Worker 2] episode 215 finished. (AvgLatErr: 0.5685, Steps: 136)
  [Worker 2] episode 216 finished. (AvgLatErr: 0.5441, Steps: 129)
  [Worker 2] episode 217 finished. (AvgLatErr: 0.7460, Steps: 124)
  [Worker 2] episode 218 finished. (AvgLatErr: 0.3997, Steps: 124)
  [Worker 2] episode 219 finished. (AvgLatErr: 0.5444, Steps: 131)
[Worker 2].
Warning: num_agents (8) is greater than the number of available vehicle parameters (4). Cycling vehicle templates.
[Worker 1] TensorFlow device=GPU, mixed_precision=mixed_float16
[Worker 1] Random seed fixed: 200251
[Worker 1] started on GPU.
  [Worker 1] episode 210 finished. (AvgLatErr: 0.2215, Steps: 135)
  [Worker 1] episode 211 finished. (AvgLatErr: 0.3297, Steps: 147)
  [Worker 1] episode 212 finished. (AvgLatErr: 0.2261, Steps: 132)
  [Worker 1] episode 213 finished. (AvgLatErr: 0.1594, Steps: 157)
  [Worker 1] episode 214 finished. (AvgLatErr: 0.1131, Steps: 183)
  [Worker 1] episode 215 finished. (AvgLatErr: 0.1708, Steps: 161)
  [Worker 1] episode 216 finished. (AvgLatErr: 0.2042, Steps: 143)
  [Worker 1] episode 217 finished. (AvgLatErr: 0.1841, Steps: 145)
  [Worker 1] episode 218 finished. (AvgLatErr: 0.1525, Steps: 155)
  [Worker 1] episode 219 finished. (AvgLatErr: 0.1635, Steps: 138)
[Worker 1].
Warning: num_agents (8) is greater than the number of available vehicle parameters (4). Cycling vehicle templates.
[Worker 3] TensorFlow device=GPU, mixed_precision=mixed_float16
[Worker 3] Random seed fixed: 400251
[Worker 3] started on GPU.
  [Worker 3] episode 210 finished. (AvgLatErr: 0.2582, Steps: 197)
  [Worker 3] episode 211 finished. (AvgLatErr: 0.4772, Steps: 184)
  [Worker 3] episode 212 finished. (AvgLatErr: 0.6914, Steps: 200)
  [Worker 3] episode 213 finished. (AvgLatErr: 0.4259, Steps: 199)
  [Worker 3] episode 214 finished. (AvgLatErr: 0.6445, Steps: 187)
  [Worker 3] episode 215 finished. (AvgLatErr: 0.4333, Steps: 179)
  [Worker 3] episode 216 finished. (AvgLatErr: 0.4449, Steps: 198)
  [Worker 3] episode 217 finished. (AvgLatErr: 0.5467, Steps: 196)
  [Worker 3] episode 218 finished. (AvgLatErr: 0.7624, Steps: 200)
  [Worker 3] episode 219 finished. (AvgLatErr: 0.3669, Steps: 194)
[Worker 3].
Warning: num_agents (8) is greater than the number of available vehicle parameters (4). Cycling vehicle templates.
[Worker 4] TensorFlow device=GPU, mixed_precision=mixed_float16
[Worker 4] Random seed fixed: 500251
[Worker 4] started on GPU.
  [Worker 4] episode 210 finished. (AvgLatErr: 0.4116, Steps: 200)
  [Worker 4] episode 211 finished. (AvgLatErr: 0.4276, Steps: 200)
  [Worker 4] episode 212 finished. (AvgLatErr: 0.5065, Steps: 179)
  [Worker 4] episode 213 finished. (AvgLatErr: 0.3825, Steps: 188)
  [Worker 4] episode 214 finished. (AvgLatErr: 0.5514, Steps: 189)
  [Worker 4] episode 215 finished. (AvgLatErr: 0.3895, Steps: 158)
  [Worker 4] episode 216 finished. (AvgLatErr: 0.3932, Steps: 169)
  [Worker 4] episode 217 finished. (AvgLatErr: 0.3439, Steps: 162)
  [Worker 4] episode 218 finished. (AvgLatErr: 0.4333, Steps: 176)
  [Worker 4] episode 219 finished. (AvgLatErr: 0.2863, Steps: 161)
[Worker 4].
Warning: num_agents (8) is greater than the number of available vehicle parameters (4). Cycling vehicle templates.
[Worker 7] TensorFlow device=GPU, mixed_precision=mixed_float16
[Worker 7] Random seed fixed: 800251
[Worker 7] started on GPU.
  [Worker 7] episode 210 finished. (AvgLatErr: 0.1743, Steps: 161)
  [Worker 7] episode 211 finished. (AvgLatErr: 0.1616, Steps: 152)
  [Worker 7] episode 212 finished. (AvgLatErr: 0.2356, Steps: 130)
  [Worker 7] episode 213 finished. (AvgLatErr: 0.2977, Steps: 143)
  [Worker 7] episode 214 finished. (AvgLatErr: 0.3020, Steps: 127)
  [Worker 7] episode 215 finished. (AvgLatErr: 0.2345, Steps: 162)
  [Worker 7] episode 216 finished. (AvgLatErr: 0.2324, Steps: 133)
  [Worker 7] episode 217 finished. (AvgLatErr: 0.2348, Steps: 188)
  [Worker 7] episode 218 finished. (AvgLatErr: 0.3084, Steps: 137)
  [Worker 7] episode 219 finished. (AvgLatErr: 0.2560, Steps: 140)
[Worker 7].
Warning: num_agents (8) is greater than the number of available vehicle parameters (4). Cycling vehicle templates.
[Worker 5] TensorFlow device=GPU, mixed_precision=mixed_float16
[Worker 5] Random seed fixed: 600251
[Worker 5] started on GPU.
  [Worker 5] episode 210 finished. (AvgLatErr: 0.2320, Steps: 200)
  [Worker 5] episode 211 finished. (AvgLatErr: 0.1260, Steps: 200)
  [Worker 5] episode 212 finished. (AvgLatErr: 0.1754, Steps: 200)
  [Worker 5] episode 213 finished. (AvgLatErr: 0.2105, Steps: 179)
  [Worker 5] episode 214 finished. (AvgLatErr: 0.2210, Steps: 188)
  [Worker 5] episode 215 finished. (AvgLatErr: 0.1779, Steps: 166)
  [Worker 5] episode 216 finished. (AvgLatErr: 0.1749, Steps: 172)
  [Worker 5] episode 217 finished. (AvgLatErr: 0.1446, Steps: 190)
  [Worker 5] episode 218 finished. (AvgLatErr: 0.1383, Steps: 200)
  [Worker 5] episode 219 finished. (AvgLatErr: 0.1160, Steps: 200)
[Worker 5].
Warning: num_agents (8) is greater than the number of available vehicle parameters (4). Cycling vehicle templates.
[Worker 6] TensorFlow device=GPU, mixed_precision=mixed_float16
[Worker 6] Random seed fixed: 700251
[Worker 6] started on GPU.
  [Worker 6] episode 210 finished. (AvgLatErr: 0.4504, Steps: 200)
  [Worker 6] episode 211 finished. (AvgLatErr: 0.4390, Steps: 200)
  [Worker 6] episode 212 finished. (AvgLatErr: 0.4366, Steps: 200)
  [Worker 6] episode 213 finished. (AvgLatErr: 0.4603, Steps: 200)
  [Worker 6] episode 214 finished. (AvgLatErr: 0.9604, Steps: 193)
  [Worker 6] episode 215 finished. (AvgLatErr: 0.4859, Steps: 200)
  [Worker 6] episode 216 finished. (AvgLatErr: 0.3652, Steps: 200)
  [Worker 6] episode 217 finished. (AvgLatErr: 0.2544, Steps: 200)
  [Worker 6] episode 218 finished. (AvgLatErr: 0.1562, Steps: 200)
  [Worker 6] episode 219 finished. (AvgLatErr: 0.3738, Steps: 200)
[Worker 6].
[Main] workers finished. (elapsed: 114.71s)
[Main] Aggregation-selected agents: [1, 4, 5, 7]
[Main] FedAdagrad update completed.
[Main] Replay buffers reset after global model update.
============================================================================================
219 EP / Agent 0 : Avg Lat Err 1.0367
219 EP / Agent 1 : Avg Lat Err 0.1635
219 EP / Agent 2 : Avg Lat Err 0.5444
219 EP / Agent 3 : Avg Lat Err 0.3669
219 EP / Agent 4 : Avg Lat Err 0.2863
219 EP / Agent 5 : Avg Lat Err 0.1160
219 EP / Agent 6 : Avg Lat Err 0.3738
219 EP / Agent 7 : Avg Lat Err 0.2560
============================================================================================

============================================================================================
[Main] FL round started. (episode 220 ~ 229)
[Main] Client selection: mode=error_low, budget=4
[Main] Participating agents: [0, 1, 2, 3, 4, 5, 6, 7]
Warning: num_agents (8) is greater than the number of available vehicle parameters (4). Cycling vehicle templates.
[Worker 0] TensorFlow device=GPU, mixed_precision=mixed_float16
[Worker 0] Random seed fixed: 100261
[Worker 0] started on GPU.
  [Worker 0] episode 220 finished. (AvgLatErr: 0.7077, Steps: 138)
  [Worker 0] episode 221 finished. (AvgLatErr: 1.6320, Steps: 139)
  [Worker 0] episode 222 finished. (AvgLatErr: 1.7508, Steps: 136)
  [Worker 0] episode 223 finished. (AvgLatErr: 1.5127, Steps: 143)
  [Worker 0] episode 224 finished. (AvgLatErr: 1.4925, Steps: 133)
  [Worker 0] episode 225 finished. (AvgLatErr: 1.3505, Steps: 134)
  [Worker 0] episode 226 finished. (AvgLatErr: 1.8522, Steps: 150)
  [Worker 0] episode 227 finished. (AvgLatErr: 1.2340, Steps: 144)
  [Worker 0] episode 228 finished. (AvgLatErr: 0.9147, Steps: 137)
  [Worker 0] episode 229 finished. (AvgLatErr: 1.1367, Steps: 136)
[Worker 0].
Warning: num_agents (8) is greater than the number of available vehicle parameters (4). Cycling vehicle templates.
[Worker 1] TensorFlow device=GPU, mixed_precision=mixed_float16
[Worker 1] Random seed fixed: 200261
[Worker 1] started on GPU.
  [Worker 1] episode 220 finished. (AvgLatErr: 0.1420, Steps: 157)
  [Worker 1] episode 221 finished. (AvgLatErr: 0.1773, Steps: 130)
  [Worker 1] episode 222 finished. (AvgLatErr: 0.1913, Steps: 139)
  [Worker 1] episode 223 finished. (AvgLatErr: 0.1425, Steps: 143)
  [Worker 1] episode 224 finished. (AvgLatErr: 0.3552, Steps: 132)
  [Worker 1] episode 225 finished. (AvgLatErr: 0.2017, Steps: 132)
  [Worker 1] episode 226 finished. (AvgLatErr: 0.1885, Steps: 142)
  [Worker 1] episode 227 finished. (AvgLatErr: 0.2885, Steps: 134)
  [Worker 1] episode 228 finished. (AvgLatErr: 0.1587, Steps: 119)
  [Worker 1] episode 229 finished. (AvgLatErr: 0.1680, Steps: 132)
[Worker 1].
Warning: num_agents (8) is greater than the number of available vehicle parameters (4). Cycling vehicle templates.
[Worker 2] TensorFlow device=GPU, mixed_precision=mixed_float16
[Worker 2] Random seed fixed: 300261
[Worker 2] started on GPU.
  [Worker 2] episode 220 finished. (AvgLatErr: 0.3593, Steps: 143)
  [Worker 2] episode 221 finished. (AvgLatErr: 0.3222, Steps: 143)
  [Worker 2] episode 222 finished. (AvgLatErr: 0.2427, Steps: 153)
  [Worker 2] episode 223 finished. (AvgLatErr: 0.3705, Steps: 138)
  [Worker 2] episode 224 finished. (AvgLatErr: 0.3263, Steps: 127)
  [Worker 2] episode 225 finished. (AvgLatErr: 0.3190, Steps: 135)
  [Worker 2] episode 226 finished. (AvgLatErr: 0.7167, Steps: 127)
  [Worker 2] episode 227 finished. (AvgLatErr: 0.7259, Steps: 130)
  [Worker 2] episode 228 finished. (AvgLatErr: 0.3353, Steps: 118)
  [Worker 2] episode 229 finished. (AvgLatErr: 0.4881, Steps: 128)
[Worker 2].
Warning: num_agents (8) is greater than the number of available vehicle parameters (4). Cycling vehicle templates.
[Worker 3] TensorFlow device=GPU, mixed_precision=mixed_float16
[Worker 3] Random seed fixed: 400261
[Worker 3] started on GPU.
  [Worker 3] episode 220 finished. (AvgLatErr: 0.2442, Steps: 200)
  [Worker 3] episode 221 finished. (AvgLatErr: 0.3157, Steps: 193)
  [Worker 3] episode 222 finished. (AvgLatErr: 0.3953, Steps: 182)
  [Worker 3] episode 223 finished. (AvgLatErr: 0.5840, Steps: 184)
  [Worker 3] episode 224 finished. (AvgLatErr: 0.6060, Steps: 185)
  [Worker 3] episode 225 finished. (AvgLatErr: 0.4669, Steps: 191)
  [Worker 3] episode 226 finished. (AvgLatErr: 0.3746, Steps: 187)
  [Worker 3] episode 227 finished. (AvgLatErr: 0.5309, Steps: 195)
  [Worker 3] episode 228 finished. (AvgLatErr: 0.6005, Steps: 182)
  [Worker 3] episode 229 finished. (AvgLatErr: 0.3708, Steps: 183)
[Worker 3].
Warning: num_agents (8) is greater than the number of available vehicle parameters (4). Cycling vehicle templates.
[Worker 4] TensorFlow device=GPU, mixed_precision=mixed_float16
[Worker 4] Random seed fixed: 500261
[Worker 4] started on GPU.
  [Worker 4] episode 220 finished. (AvgLatErr: 0.3869, Steps: 195)
  [Worker 4] episode 221 finished. (AvgLatErr: 0.3572, Steps: 182)
  [Worker 4] episode 222 finished. (AvgLatErr: 0.2912, Steps: 188)
  [Worker 4] episode 223 finished. (AvgLatErr: 0.3054, Steps: 162)
  [Worker 4] episode 224 finished. (AvgLatErr: 0.3913, Steps: 163)
  [Worker 4] episode 225 finished. (AvgLatErr: 0.3463, Steps: 200)
  [Worker 4] episode 226 finished. (AvgLatErr: 0.4124, Steps: 184)
  [Worker 4] episode 227 finished. (AvgLatErr: 0.3349, Steps: 180)
  [Worker 4] episode 228 finished. (AvgLatErr: 0.3449, Steps: 181)
  [Worker 4] episode 229 finished. (AvgLatErr: 0.6252, Steps: 142)
[Worker 4].
Warning: num_agents (8) is greater than the number of available vehicle parameters (4). Cycling vehicle templates.
[Worker 7] TensorFlow device=GPU, mixed_precision=mixed_float16
[Worker 7] Random seed fixed: 800261
[Worker 7] started on GPU.
  [Worker 7] episode 220 finished. (AvgLatErr: 0.1337, Steps: 198)
  [Worker 7] episode 221 finished. (AvgLatErr: 0.1658, Steps: 146)
  [Worker 7] episode 222 finished. (AvgLatErr: 0.2826, Steps: 144)
  [Worker 7] episode 223 finished. (AvgLatErr: 0.2415, Steps: 156)
  [Worker 7] episode 224 finished. (AvgLatErr: 0.1648, Steps: 163)
  [Worker 7] episode 225 finished. (AvgLatErr: 0.1946, Steps: 176)
  [Worker 7] episode 226 finished. (AvgLatErr: 0.2539, Steps: 155)
  [Worker 7] episode 227 finished. (AvgLatErr: 0.2718, Steps: 145)
  [Worker 7] episode 228 finished. (AvgLatErr: 0.2107, Steps: 157)
  [Worker 7] episode 229 finished. (AvgLatErr: 0.1291, Steps: 159)
[Worker 7].
Warning: num_agents (8) is greater than the number of available vehicle parameters (4). Cycling vehicle templates.
[Worker 5] TensorFlow device=GPU, mixed_precision=mixed_float16
[Worker 5] Random seed fixed: 600261
[Worker 5] started on GPU.
  [Worker 5] episode 220 finished. (AvgLatErr: 0.0854, Steps: 200)
  [Worker 5] episode 221 finished. (AvgLatErr: 0.1431, Steps: 200)
  [Worker 5] episode 222 finished. (AvgLatErr: 0.1830, Steps: 200)
  [Worker 5] episode 223 finished. (AvgLatErr: 0.1331, Steps: 200)
  [Worker 5] episode 224 finished. (AvgLatErr: 0.3577, Steps: 180)
  [Worker 5] episode 225 finished. (AvgLatErr: 0.3164, Steps: 175)
  [Worker 5] episode 226 finished. (AvgLatErr: 0.2526, Steps: 190)
  [Worker 5] episode 227 finished. (AvgLatErr: 0.3091, Steps: 173)
  [Worker 5] episode 228 finished. (AvgLatErr: 0.2071, Steps: 194)
  [Worker 5] episode 229 finished. (AvgLatErr: 0.2514, Steps: 183)
[Worker 5].
Warning: num_agents (8) is greater than the number of available vehicle parameters (4). Cycling vehicle templates.
[Worker 6] TensorFlow device=GPU, mixed_precision=mixed_float16
[Worker 6] Random seed fixed: 700261
[Worker 6] started on GPU.
  [Worker 6] episode 220 finished. (AvgLatErr: 0.3258, Steps: 200)
  [Worker 6] episode 221 finished. (AvgLatErr: 0.3469, Steps: 200)
  [Worker 6] episode 222 finished. (AvgLatErr: 0.1504, Steps: 200)
  [Worker 6] episode 223 finished. (AvgLatErr: 0.3384, Steps: 200)
  [Worker 6] episode 224 finished. (AvgLatErr: 0.4183, Steps: 200)
  [Worker 6] episode 225 finished. (AvgLatErr: 0.2521, Steps: 200)
  [Worker 6] episode 226 finished. (AvgLatErr: 0.1825, Steps: 200)
  [Worker 6] episode 227 finished. (AvgLatErr: 0.1892, Steps: 200)
  [Worker 6] episode 228 finished. (AvgLatErr: 0.2263, Steps: 200)
  [Worker 6] episode 229 finished. (AvgLatErr: 0.2295, Steps: 200)
[Worker 6].
[Main] workers finished. (elapsed: 114.15s)
[Main] Aggregation-selected agents: [1, 5, 6, 7]
[Main] FedAdagrad update completed.
[Main] Replay buffers reset after global model update.
============================================================================================
229 EP / Agent 0 : Avg Lat Err 1.1367
229 EP / Agent 1 : Avg Lat Err 0.1680
229 EP / Agent 2 : Avg Lat Err 0.4881
229 EP / Agent 3 : Avg Lat Err 0.3708
229 EP / Agent 4 : Avg Lat Err 0.6252
229 EP / Agent 5 : Avg Lat Err 0.2514
229 EP / Agent 6 : Avg Lat Err 0.2295
229 EP / Agent 7 : Avg Lat Err 0.1291
============================================================================================

============================================================================================
[Main] FL round started. (episode 230 ~ 239)
[Main] Client selection: mode=error_low, budget=4
[Main] Participating agents: [0, 1, 2, 3, 4, 5, 6, 7]
Warning: num_agents (8) is greater than the number of available vehicle parameters (4). Cycling vehicle templates.
[Worker 0] TensorFlow device=GPU, mixed_precision=mixed_float16
[Worker 0] Random seed fixed: 100271
[Worker 0] started on GPU.
  [Worker 0] episode 230 finished. (AvgLatErr: 0.6214, Steps: 135)
  [Worker 0] episode 231 finished. (AvgLatErr: 0.6867, Steps: 127)
  [Worker 0] episode 232 finished. (AvgLatErr: 1.2313, Steps: 133)
  [Worker 0] episode 233 finished. (AvgLatErr: 1.1007, Steps: 130)
  [Worker 0] episode 234 finished. (AvgLatErr: 0.7056, Steps: 154)
  [Worker 0] episode 235 finished. (AvgLatErr: 0.6568, Steps: 157)
  [Worker 0] episode 236 finished. (AvgLatErr: 0.9761, Steps: 145)
  [Worker 0] episode 237 finished. (AvgLatErr: 0.7737, Steps: 143)
  [Worker 0] episode 238 finished. (AvgLatErr: 1.0658, Steps: 136)
  [Worker 0] episode 239 finished. (AvgLatErr: 0.9343, Steps: 139)
[Worker 0].
Warning: num_agents (8) is greater than the number of available vehicle parameters (4). Cycling vehicle templates.
[Worker 1] TensorFlow device=GPU, mixed_precision=mixed_float16
[Worker 1] Random seed fixed: 200271
[Worker 1] started on GPU.
  [Worker 1] episode 230 finished. (AvgLatErr: 0.0985, Steps: 176)
  [Worker 1] episode 231 finished. (AvgLatErr: 0.1598, Steps: 145)
  [Worker 1] episode 232 finished. (AvgLatErr: 0.1431, Steps: 156)
  [Worker 1] episode 233 finished. (AvgLatErr: 0.1031, Steps: 152)
  [Worker 1] episode 234 finished. (AvgLatErr: 0.2510, Steps: 134)
  [Worker 1] episode 235 finished. (AvgLatErr: 0.1462, Steps: 149)
  [Worker 1] episode 236 finished. (AvgLatErr: 0.1616, Steps: 147)
  [Worker 1] episode 237 finished. (AvgLatErr: 0.1921, Steps: 153)
  [Worker 1] episode 238 finished. (AvgLatErr: 0.3710, Steps: 146)
  [Worker 1] episode 239 finished. (AvgLatErr: 0.3124, Steps: 148)
[Worker 1].
Warning: num_agents (8) is greater than the number of available vehicle parameters (4). Cycling vehicle templates.
[Worker 2] TensorFlow device=GPU, mixed_precision=mixed_float16
[Worker 2] Random seed fixed: 300271
[Worker 2] started on GPU.
  [Worker 2] episode 230 finished. (AvgLatErr: 0.4115, Steps: 149)
  [Worker 2] episode 231 finished. (AvgLatErr: 0.4738, Steps: 154)
  [Worker 2] episode 232 finished. (AvgLatErr: 0.3663, Steps: 127)
  [Worker 2] episode 233 finished. (AvgLatErr: 0.3370, Steps: 133)
  [Worker 2] episode 234 finished. (AvgLatErr: 0.3466, Steps: 150)
  [Worker 2] episode 235 finished. (AvgLatErr: 0.3859, Steps: 132)
  [Worker 2] episode 236 finished. (AvgLatErr: 0.2891, Steps: 137)
  [Worker 2] episode 237 finished. (AvgLatErr: 0.3435, Steps: 123)
  [Worker 2] episode 238 finished. (AvgLatErr: 0.4046, Steps: 135)
  [Worker 2] episode 239 finished. (AvgLatErr: 0.5105, Steps: 141)
[Worker 2].
Warning: num_agents (8) is greater than the number of available vehicle parameters (4). Cycling vehicle templates.
[Worker 4] TensorFlow device=GPU, mixed_precision=mixed_float16
[Worker 4] Random seed fixed: 500271
[Worker 4] started on GPU.
  [Worker 4] episode 230 finished. (AvgLatErr: 0.3857, Steps: 177)
  [Worker 4] episode 231 finished. (AvgLatErr: 0.3466, Steps: 174)
  [Worker 4] episode 232 finished. (AvgLatErr: 0.3016, Steps: 186)
  [Worker 4] episode 233 finished. (AvgLatErr: 0.3319, Steps: 176)
  [Worker 4] episode 234 finished. (AvgLatErr: 0.3914, Steps: 196)
  [Worker 4] episode 235 finished. (AvgLatErr: 0.3350, Steps: 196)
  [Worker 4] episode 236 finished. (AvgLatErr: 1.1333, Steps: 181)
  [Worker 4] episode 237 finished. (AvgLatErr: 0.2738, Steps: 182)
  [Worker 4] episode 238 finished. (AvgLatErr: 0.3833, Steps: 169)
  [Worker 4] episode 239 finished. (AvgLatErr: 0.3571, Steps: 172)
[Worker 4].
Warning: num_agents (8) is greater than the number of available vehicle parameters (4). Cycling vehicle templates.
[Worker 3] TensorFlow device=GPU, mixed_precision=mixed_float16
[Worker 3] Random seed fixed: 400271
[Worker 3] started on GPU.
  [Worker 3] episode 230 finished. (AvgLatErr: 0.2342, Steps: 200)
  [Worker 3] episode 231 finished. (AvgLatErr: 0.4633, Steps: 200)
  [Worker 3] episode 232 finished. (AvgLatErr: 0.3905, Steps: 184)
  [Worker 3] episode 233 finished. (AvgLatErr: 0.8119, Steps: 175)
  [Worker 3] episode 234 finished. (AvgLatErr: 0.6728, Steps: 183)
  [Worker 3] episode 235 finished. (AvgLatErr: 0.4449, Steps: 191)
  [Worker 3] episode 236 finished. (AvgLatErr: 0.4087, Steps: 197)
  [Worker 3] episode 237 finished. (AvgLatErr: 0.4898, Steps: 200)
  [Worker 3] episode 238 finished. (AvgLatErr: 0.4442, Steps: 186)
  [Worker 3] episode 239 finished. (AvgLatErr: 0.2872, Steps: 200)
[Worker 3].
Warning: num_agents (8) is greater than the number of available vehicle parameters (4). Cycling vehicle templates.
[Worker 7] TensorFlow device=GPU, mixed_precision=mixed_float16
[Worker 7] Random seed fixed: 800271
[Worker 7] started on GPU.
  [Worker 7] episode 230 finished. (AvgLatErr: 0.1086, Steps: 183)
  [Worker 7] episode 231 finished. (AvgLatErr: 0.2715, Steps: 161)
  [Worker 7] episode 232 finished. (AvgLatErr: 0.2540, Steps: 155)
  [Worker 7] episode 233 finished. (AvgLatErr: 0.2388, Steps: 144)
  [Worker 7] episode 234 finished. (AvgLatErr: 0.2291, Steps: 165)
  [Worker 7] episode 235 finished. (AvgLatErr: 0.3452, Steps: 137)
  [Worker 7] episode 236 finished. (AvgLatErr: 0.2166, Steps: 153)
  [Worker 7] episode 237 finished. (AvgLatErr: 0.1354, Steps: 181)
  [Worker 7] episode 238 finished. (AvgLatErr: 0.1246, Steps: 173)
  [Worker 7] episode 239 finished. (AvgLatErr: 0.1790, Steps: 154)
[Worker 7].
Warning: num_agents (8) is greater than the number of available vehicle parameters (4). Cycling vehicle templates.
[Worker 5] TensorFlow device=GPU, mixed_precision=mixed_float16
[Worker 5] Random seed fixed: 600271
[Worker 5] started on GPU.
  [Worker 5] episode 230 finished. (AvgLatErr: 0.1611, Steps: 200)
  [Worker 5] episode 231 finished. (AvgLatErr: 0.1079, Steps: 200)
  [Worker 5] episode 232 finished. (AvgLatErr: 0.1766, Steps: 176)
  [Worker 5] episode 233 finished. (AvgLatErr: 0.2837, Steps: 178)
  [Worker 5] episode 234 finished. (AvgLatErr: 0.1365, Steps: 200)
  [Worker 5] episode 235 finished. (AvgLatErr: 0.3104, Steps: 200)
  [Worker 5] episode 236 finished. (AvgLatErr: 0.1853, Steps: 187)
  [Worker 5] episode 237 finished. (AvgLatErr: 0.2260, Steps: 180)
  [Worker 5] episode 238 finished. (AvgLatErr: 0.2040, Steps: 200)
  [Worker 5] episode 239 finished. (AvgLatErr: 0.3629, Steps: 169)
[Worker 5].
Warning: num_agents (8) is greater than the number of available vehicle parameters (4). Cycling vehicle templates.
[Worker 6] TensorFlow device=GPU, mixed_precision=mixed_float16
[Worker 6] Random seed fixed: 700271
[Worker 6] started on GPU.
  [Worker 6] episode 230 finished. (AvgLatErr: 0.2626, Steps: 200)
  [Worker 6] episode 231 finished. (AvgLatErr: 0.6756, Steps: 200)
  [Worker 6] episode 232 finished. (AvgLatErr: 0.5043, Steps: 200)
  [Worker 6] episode 233 finished. (AvgLatErr: 0.6825, Steps: 200)
  [Worker 6] episode 234 finished. (AvgLatErr: 0.3966, Steps: 200)
  [Worker 6] episode 235 finished. (AvgLatErr: 0.4557, Steps: 200)
  [Worker 6] episode 236 finished. (AvgLatErr: 0.7466, Steps: 200)
  [Worker 6] episode 237 finished. (AvgLatErr: 0.4016, Steps: 200)
  [Worker 6] episode 238 finished. (AvgLatErr: 0.3099, Steps: 200)
  [Worker 6] episode 239 finished. (AvgLatErr: 0.4576, Steps: 200)
[Worker 6].
[Main] workers finished. (elapsed: 112.94s)
[Main] Aggregation-selected agents: [1, 3, 4, 7]
[Main] FedAdagrad update completed.
[Main] Replay buffers reset after global model update.
============================================================================================
239 EP / Agent 0 : Avg Lat Err 0.9343
239 EP / Agent 1 : Avg Lat Err 0.3124
239 EP / Agent 2 : Avg Lat Err 0.5105
239 EP / Agent 3 : Avg Lat Err 0.2872
239 EP / Agent 4 : Avg Lat Err 0.3571
239 EP / Agent 5 : Avg Lat Err 0.3629
239 EP / Agent 6 : Avg Lat Err 0.4576
239 EP / Agent 7 : Avg Lat Err 0.1790
============================================================================================

============================================================================================
[Main] FL round started. (episode 240 ~ 249)
[Main] Client selection: mode=error_low, budget=4
[Main] Participating agents: [0, 1, 2, 3, 4, 5, 6, 7]
Warning: num_agents (8) is greater than the number of available vehicle parameters (4). Cycling vehicle templates.
[Worker 0] TensorFlow device=GPU, mixed_precision=mixed_float16
[Worker 0] Random seed fixed: 100281
[Worker 0] started on GPU.
  [Worker 0] episode 240 finished. (AvgLatErr: 0.8744, Steps: 146)
  [Worker 0] episode 241 finished. (AvgLatErr: 0.7443, Steps: 156)
  [Worker 0] episode 242 finished. (AvgLatErr: 0.7151, Steps: 140)
  [Worker 0] episode 243 finished. (AvgLatErr: 0.8705, Steps: 150)
  [Worker 0] episode 244 finished. (AvgLatErr: 0.7521, Steps: 152)
  [Worker 0] episode 245 finished. (AvgLatErr: 0.6380, Steps: 151)
  [Worker 0] episode 246 finished. (AvgLatErr: 0.7207, Steps: 154)
  [Worker 0] episode 247 finished. (AvgLatErr: 0.7106, Steps: 157)
  [Worker 0] episode 248 finished. (AvgLatErr: 0.7979, Steps: 138)
  [Worker 0] episode 249 finished. (AvgLatErr: 1.3220, Steps: 148)
[Worker 0].
Warning: num_agents (8) is greater than the number of available vehicle parameters (4). Cycling vehicle templates.
[Worker 1] TensorFlow device=GPU, mixed_precision=mixed_float16
[Worker 1] Random seed fixed: 200281
[Worker 1] started on GPU.
  [Worker 1] episode 240 finished. (AvgLatErr: 0.1514, Steps: 146)
  [Worker 1] episode 241 finished. (AvgLatErr: 0.1705, Steps: 145)
  [Worker 1] episode 242 finished. (AvgLatErr: 0.3674, Steps: 137)
  [Worker 1] episode 243 finished. (AvgLatErr: 0.3706, Steps: 151)
  [Worker 1] episode 244 finished. (AvgLatErr: 0.2536, Steps: 143)
  [Worker 1] episode 245 finished. (AvgLatErr: 0.2477, Steps: 148)
  [Worker 1] episode 246 finished. (AvgLatErr: 0.2785, Steps: 173)
  [Worker 1] episode 247 finished. (AvgLatErr: 0.1772, Steps: 129)
  [Worker 1] episode 248 finished. (AvgLatErr: 0.2736, Steps: 138)
  [Worker 1] episode 249 finished. (AvgLatErr: 0.1764, Steps: 152)
[Worker 1].
Warning: num_agents (8) is greater than the number of available vehicle parameters (4). Cycling vehicle templates.
[Worker 2] TensorFlow device=GPU, mixed_precision=mixed_float16
[Worker 2] Random seed fixed: 300281
[Worker 2] started on GPU.
  [Worker 2] episode 240 finished. (AvgLatErr: 0.3085, Steps: 143)
  [Worker 2] episode 241 finished. (AvgLatErr: 0.3733, Steps: 126)
  [Worker 2] episode 242 finished. (AvgLatErr: 0.2370, Steps: 130)
  [Worker 2] episode 243 finished. (AvgLatErr: 0.2363, Steps: 132)
  [Worker 2] episode 244 finished. (AvgLatErr: 0.2867, Steps: 129)
  [Worker 2] episode 245 finished. (AvgLatErr: 0.3628, Steps: 137)
  [Worker 2] episode 246 finished. (AvgLatErr: 1.3080, Steps: 155)
  [Worker 2] episode 247 finished. (AvgLatErr: 0.2350, Steps: 138)
  [Worker 2] episode 248 finished. (AvgLatErr: 0.3250, Steps: 138)
  [Worker 2] episode 249 finished. (AvgLatErr: 0.3963, Steps: 126)
[Worker 2].
Warning: num_agents (8) is greater than the number of available vehicle parameters (4). Cycling vehicle templates.
[Worker 4] TensorFlow device=GPU, mixed_precision=mixed_float16
[Worker 4] Random seed fixed: 500281
[Worker 4] started on GPU.
  [Worker 4] episode 240 finished. (AvgLatErr: 0.3555, Steps: 173)
  [Worker 4] episode 241 finished. (AvgLatErr: 0.2999, Steps: 167)
  [Worker 4] episode 242 finished. (AvgLatErr: 0.3754, Steps: 176)
  [Worker 4] episode 243 finished. (AvgLatErr: 0.4308, Steps: 176)
  [Worker 4] episode 244 finished. (AvgLatErr: 0.3200, Steps: 175)
  [Worker 4] episode 245 finished. (AvgLatErr: 0.2540, Steps: 182)
  [Worker 4] episode 246 finished. (AvgLatErr: 0.3395, Steps: 176)
  [Worker 4] episode 247 finished. (AvgLatErr: 0.2480, Steps: 184)
  [Worker 4] episode 248 finished. (AvgLatErr: 0.3916, Steps: 162)
  [Worker 4] episode 249 finished. (AvgLatErr: 0.3609, Steps: 172)
[Worker 4].
Warning: num_agents (8) is greater than the number of available vehicle parameters (4). Cycling vehicle templates.
[Worker 3] TensorFlow device=GPU, mixed_precision=mixed_float16
[Worker 3] Random seed fixed: 400281
[Worker 3] started on GPU.
  [Worker 3] episode 240 finished. (AvgLatErr: 0.2667, Steps: 200)
  [Worker 3] episode 241 finished. (AvgLatErr: 0.5301, Steps: 200)
  [Worker 3] episode 242 finished. (AvgLatErr: 0.2352, Steps: 200)
  [Worker 3] episode 243 finished. (AvgLatErr: 0.7562, Steps: 200)
  [Worker 3] episode 244 finished. (AvgLatErr: 0.2149, Steps: 200)
  [Worker 3] episode 245 finished. (AvgLatErr: 0.1888, Steps: 200)
  [Worker 3] episode 246 finished. (AvgLatErr: 0.3186, Steps: 200)
  [Worker 3] episode 247 finished. (AvgLatErr: 0.1759, Steps: 200)
  [Worker 3] episode 248 finished. (AvgLatErr: 0.1708, Steps: 200)
  [Worker 3] episode 249 finished. (AvgLatErr: 0.3658, Steps: 200)
[Worker 3].
Warning: num_agents (8) is greater than the number of available vehicle parameters (4). Cycling vehicle templates.
[Worker 7] TensorFlow device=GPU, mixed_precision=mixed_float16
[Worker 7] Random seed fixed: 800281
[Worker 7] started on GPU.
  [Worker 7] episode 240 finished. (AvgLatErr: 0.1901, Steps: 170)
  [Worker 7] episode 241 finished. (AvgLatErr: 0.1652, Steps: 151)
  [Worker 7] episode 242 finished. (AvgLatErr: 0.2865, Steps: 158)
  [Worker 7] episode 243 finished. (AvgLatErr: 0.1630, Steps: 154)
  [Worker 7] episode 244 finished. (AvgLatErr: 0.3640, Steps: 171)
  [Worker 7] episode 245 finished. (AvgLatErr: 0.1884, Steps: 141)
  [Worker 7] episode 246 finished. (AvgLatErr: 0.1798, Steps: 150)
  [Worker 7] episode 247 finished. (AvgLatErr: 0.1724, Steps: 154)
  [Worker 7] episode 248 finished. (AvgLatErr: 0.2119, Steps: 144)
  [Worker 7] episode 249 finished. (AvgLatErr: 0.3127, Steps: 124)
[Worker 7].
Warning: num_agents (8) is greater than the number of available vehicle parameters (4). Cycling vehicle templates.
[Worker 5] TensorFlow device=GPU, mixed_precision=mixed_float16
[Worker 5] Random seed fixed: 600281
[Worker 5] started on GPU.
  [Worker 5] episode 240 finished. (AvgLatErr: 0.1392, Steps: 200)
  [Worker 5] episode 241 finished. (AvgLatErr: 0.1354, Steps: 200)
  [Worker 5] episode 242 finished. (AvgLatErr: 0.1037, Steps: 200)
  [Worker 5] episode 243 finished. (AvgLatErr: 0.1535, Steps: 200)
  [Worker 5] episode 244 finished. (AvgLatErr: 0.1769, Steps: 191)
  [Worker 5] episode 245 finished. (AvgLatErr: 0.2731, Steps: 189)
  [Worker 5] episode 246 finished. (AvgLatErr: 0.1890, Steps: 200)
  [Worker 5] episode 247 finished. (AvgLatErr: 0.1220, Steps: 200)
  [Worker 5] episode 248 finished. (AvgLatErr: 0.2624, Steps: 183)
  [Worker 5] episode 249 finished. (AvgLatErr: 0.2061, Steps: 200)
[Worker 5].
Warning: num_agents (8) is greater than the number of available vehicle parameters (4). Cycling vehicle templates.
[Worker 6] TensorFlow device=GPU, mixed_precision=mixed_float16
[Worker 6] Random seed fixed: 700281
[Worker 6] started on GPU.
  [Worker 6] episode 240 finished. (AvgLatErr: 0.3561, Steps: 200)
  [Worker 6] episode 241 finished. (AvgLatErr: 0.3132, Steps: 200)
  [Worker 6] episode 242 finished. (AvgLatErr: 0.4119, Steps: 200)
  [Worker 6] episode 243 finished. (AvgLatErr: 0.3181, Steps: 200)
  [Worker 6] episode 244 finished. (AvgLatErr: 0.5541, Steps: 200)
  [Worker 6] episode 245 finished. (AvgLatErr: 0.4191, Steps: 200)
  [Worker 6] episode 246 finished. (AvgLatErr: 0.2819, Steps: 200)
  [Worker 6] episode 247 finished. (AvgLatErr: 0.7381, Steps: 200)
  [Worker 6] episode 248 finished. (AvgLatErr: 0.1844, Steps: 200)
  [Worker 6] episode 249 finished. (AvgLatErr: 0.4876, Steps: 200)
[Worker 6].
[Main] workers finished. (elapsed: 117.76s)
[Main] Aggregation-selected agents: [1, 4, 5, 7]
[Main] FedAdagrad update completed.
[Main] Replay buffers reset after global model update.
============================================================================================
249 EP / Agent 0 : Avg Lat Err 1.3220
249 EP / Agent 1 : Avg Lat Err 0.1764
249 EP / Agent 2 : Avg Lat Err 0.3963
249 EP / Agent 3 : Avg Lat Err 0.3658
249 EP / Agent 4 : Avg Lat Err 0.3609
249 EP / Agent 5 : Avg Lat Err 0.2061
249 EP / Agent 6 : Avg Lat Err 0.4876
249 EP / Agent 7 : Avg Lat Err 0.3127
============================================================================================
[Main] Model checkpoint saved: C:\Users\syd79\FRL-Q\experiments\fast_parallel_fedadagrad_8errorlow4_20260916_run1_error_low_4of8\checkpoints\global_model_episode_000250.weights.h5

============================================================================================
[Main] FL round started. (episode 250 ~ 259)
[Main] Client selection: mode=error_low, budget=4
[Main] Participating agents: [0, 1, 2, 3, 4, 5, 6, 7]
Warning: num_agents (8) is greater than the number of available vehicle parameters (4). Cycling vehicle templates.
[Worker 0] TensorFlow device=GPU, mixed_precision=mixed_float16
[Worker 0] Random seed fixed: 100291
[Worker 0] started on GPU.
  [Worker 0] episode 250 finished. (AvgLatErr: 0.8763, Steps: 132)
  [Worker 0] episode 251 finished. (AvgLatErr: 1.2180, Steps: 131)
  [Worker 0] episode 252 finished. (AvgLatErr: 0.9561, Steps: 135)
  [Worker 0] episode 253 finished. (AvgLatErr: 1.1732, Steps: 144)
  [Worker 0] episode 254 finished. (AvgLatErr: 0.8906, Steps: 142)
  [Worker 0] episode 255 finished. (AvgLatErr: 0.8396, Steps: 133)
  [Worker 0] episode 256 finished. (AvgLatErr: 0.9834, Steps: 136)
  [Worker 0] episode 257 finished. (AvgLatErr: 1.3271, Steps: 143)
  [Worker 0] episode 258 finished. (AvgLatErr: 1.4564, Steps: 150)
  [Worker 0] episode 259 finished. (AvgLatErr: 0.5875, Steps: 141)
[Worker 0].
Warning: num_agents (8) is greater than the number of available vehicle parameters (4). Cycling vehicle templates.
[Worker 1] TensorFlow device=GPU, mixed_precision=mixed_float16
[Worker 1] Random seed fixed: 200291
[Worker 1] started on GPU.
  [Worker 1] episode 250 finished. (AvgLatErr: 0.2506, Steps: 146)
  [Worker 1] episode 251 finished. (AvgLatErr: 0.1483, Steps: 147)
  [Worker 1] episode 252 finished. (AvgLatErr: 0.2534, Steps: 139)
  [Worker 1] episode 253 finished. (AvgLatErr: 0.2162, Steps: 139)
  [Worker 1] episode 254 finished. (AvgLatErr: 0.2051, Steps: 155)
  [Worker 1] episode 255 finished. (AvgLatErr: 0.2237, Steps: 136)
  [Worker 1] episode 256 finished. (AvgLatErr: 0.2197, Steps: 135)
  [Worker 1] episode 257 finished. (AvgLatErr: 0.2958, Steps: 137)
  [Worker 1] episode 258 finished. (AvgLatErr: 0.1892, Steps: 153)
  [Worker 1] episode 259 finished. (AvgLatErr: 0.2021, Steps: 133)
[Worker 1].
Warning: num_agents (8) is greater than the number of available vehicle parameters (4). Cycling vehicle templates.
[Worker 2] TensorFlow device=GPU, mixed_precision=mixed_float16
[Worker 2] Random seed fixed: 300291
[Worker 2] started on GPU.
  [Worker 2] episode 250 finished. (AvgLatErr: 0.2631, Steps: 136)
  [Worker 2] episode 251 finished. (AvgLatErr: 0.3539, Steps: 137)
  [Worker 2] episode 252 finished. (AvgLatErr: 0.2675, Steps: 134)
  [Worker 2] episode 253 finished. (AvgLatErr: 0.5191, Steps: 140)
  [Worker 2] episode 254 finished. (AvgLatErr: 0.5020, Steps: 147)
  [Worker 2] episode 255 finished. (AvgLatErr: 0.5829, Steps: 144)
  [Worker 2] episode 256 finished. (AvgLatErr: 0.3299, Steps: 138)
  [Worker 2] episode 257 finished. (AvgLatErr: 0.2964, Steps: 130)
  [Worker 2] episode 258 finished. (AvgLatErr: 0.7359, Steps: 140)
  [Worker 2] episode 259 finished. (AvgLatErr: 0.5355, Steps: 132)
[Worker 2].
Warning: num_agents (8) is greater than the number of available vehicle parameters (4). Cycling vehicle templates.
[Worker 3] TensorFlow device=GPU, mixed_precision=mixed_float16
[Worker 3] Random seed fixed: 400291
[Worker 3] started on GPU.
  [Worker 3] episode 250 finished. (AvgLatErr: 0.3619, Steps: 200)
  [Worker 3] episode 251 finished. (AvgLatErr: 0.5845, Steps: 171)
  [Worker 3] episode 252 finished. (AvgLatErr: 0.7132, Steps: 168)
  [Worker 3] episode 253 finished. (AvgLatErr: 0.6858, Steps: 177)
  [Worker 3] episode 254 finished. (AvgLatErr: 0.6213, Steps: 182)
  [Worker 3] episode 255 finished. (AvgLatErr: 0.5221, Steps: 195)
  [Worker 3] episode 256 finished. (AvgLatErr: 0.5654, Steps: 194)
  [Worker 3] episode 257 finished. (AvgLatErr: 0.3484, Steps: 200)
  [Worker 3] episode 258 finished. (AvgLatErr: 1.1431, Steps: 189)
  [Worker 3] episode 259 finished. (AvgLatErr: 1.4340, Steps: 149)
[Worker 3].
Warning: num_agents (8) is greater than the number of available vehicle parameters (4). Cycling vehicle templates.
[Worker 4] TensorFlow device=GPU, mixed_precision=mixed_float16
[Worker 4] Random seed fixed: 500291
[Worker 4] started on GPU.
  [Worker 4] episode 250 finished. (AvgLatErr: 0.4213, Steps: 182)
  [Worker 4] episode 251 finished. (AvgLatErr: 0.3853, Steps: 181)
  [Worker 4] episode 252 finished. (AvgLatErr: 0.3752, Steps: 200)
  [Worker 4] episode 253 finished. (AvgLatErr: 0.4378, Steps: 157)
  [Worker 4] episode 254 finished. (AvgLatErr: 0.3164, Steps: 162)
  [Worker 4] episode 255 finished. (AvgLatErr: 0.3361, Steps: 153)
  [Worker 4] episode 256 finished. (AvgLatErr: 0.3582, Steps: 166)
  [Worker 4] episode 257 finished. (AvgLatErr: 0.3416, Steps: 162)
  [Worker 4] episode 258 finished. (AvgLatErr: 0.3546, Steps: 166)
  [Worker 4] episode 259 finished. (AvgLatErr: 0.3703, Steps: 162)
[Worker 4].
Warning: num_agents (8) is greater than the number of available vehicle parameters (4). Cycling vehicle templates.
[Worker 5] TensorFlow device=GPU, mixed_precision=mixed_float16
[Worker 5] Random seed fixed: 600291
[Worker 5] started on GPU.
  [Worker 5] episode 250 finished. (AvgLatErr: 0.2098, Steps: 183)
  [Worker 5] episode 251 finished. (AvgLatErr: 0.2564, Steps: 152)
  [Worker 5] episode 252 finished. (AvgLatErr: 0.2998, Steps: 178)
  [Worker 5] episode 253 finished. (AvgLatErr: 0.2215, Steps: 185)
  [Worker 5] episode 254 finished. (AvgLatErr: 0.2071, Steps: 167)
  [Worker 5] episode 255 finished. (AvgLatErr: 0.2047, Steps: 178)
  [Worker 5] episode 256 finished. (AvgLatErr: 0.3546, Steps: 151)
  [Worker 5] episode 257 finished. (AvgLatErr: 0.2368, Steps: 165)
  [Worker 5] episode 258 finished. (AvgLatErr: 0.2434, Steps: 161)
  [Worker 5] episode 259 finished. (AvgLatErr: 0.2409, Steps: 167)
[Worker 5].
Warning: num_agents (8) is greater than the number of available vehicle parameters (4). Cycling vehicle templates.
[Worker 7] TensorFlow device=GPU, mixed_precision=mixed_float16
[Worker 7] Random seed fixed: 800291
[Worker 7] started on GPU.
  [Worker 7] episode 250 finished. (AvgLatErr: 0.1976, Steps: 156)
  [Worker 7] episode 251 finished. (AvgLatErr: 0.3169, Steps: 156)
  [Worker 7] episode 252 finished. (AvgLatErr: 0.3126, Steps: 133)
  [Worker 7] episode 253 finished. (AvgLatErr: 0.1245, Steps: 157)
  [Worker 7] episode 254 finished. (AvgLatErr: 0.1713, Steps: 181)
  [Worker 7] episode 255 finished. (AvgLatErr: 0.2413, Steps: 144)
  [Worker 7] episode 256 finished. (AvgLatErr: 0.1712, Steps: 146)
  [Worker 7] episode 257 finished. (AvgLatErr: 0.3155, Steps: 151)
  [Worker 7] episode 258 finished. (AvgLatErr: 0.3521, Steps: 149)
  [Worker 7] episode 259 finished. (AvgLatErr: 0.1634, Steps: 141)
[Worker 7].
Warning: num_agents (8) is greater than the number of available vehicle parameters (4). Cycling vehicle templates.
[Worker 6] TensorFlow device=GPU, mixed_precision=mixed_float16
[Worker 6] Random seed fixed: 700291
[Worker 6] started on GPU.
  [Worker 6] episode 250 finished. (AvgLatErr: 0.3826, Steps: 200)
  [Worker 6] episode 251 finished. (AvgLatErr: 0.4195, Steps: 200)
  [Worker 6] episode 252 finished. (AvgLatErr: 0.5899, Steps: 200)
  [Worker 6] episode 253 finished. (AvgLatErr: 0.6714, Steps: 200)
  [Worker 6] episode 254 finished. (AvgLatErr: 0.5581, Steps: 200)
  [Worker 6] episode 255 finished. (AvgLatErr: 0.4111, Steps: 200)
  [Worker 6] episode 256 finished. (AvgLatErr: 0.5696, Steps: 200)
  [Worker 6] episode 257 finished. (AvgLatErr: 0.5118, Steps: 200)
  [Worker 6] episode 258 finished. (AvgLatErr: 0.4312, Steps: 200)
  [Worker 6] episode 259 finished. (AvgLatErr: 0.3122, Steps: 199)
[Worker 6].
[Main] workers finished. (elapsed: 112.67s)
[Main] Aggregation-selected agents: [1, 5, 6, 7]
[Main] FedAdagrad update completed.
[Main] Replay buffers reset after global model update.
============================================================================================
259 EP / Agent 0 : Avg Lat Err 0.5875
259 EP / Agent 1 : Avg Lat Err 0.2021
259 EP / Agent 2 : Avg Lat Err 0.5355
259 EP / Agent 3 : Avg Lat Err 1.4340
259 EP / Agent 4 : Avg Lat Err 0.3703
259 EP / Agent 5 : Avg Lat Err 0.2409
259 EP / Agent 6 : Avg Lat Err 0.3122
259 EP / Agent 7 : Avg Lat Err 0.1634
============================================================================================

============================================================================================
[Main] FL round started. (episode 260 ~ 269)
[Main] Client selection: mode=error_low, budget=4
[Main] Participating agents: [0, 1, 2, 3, 4, 5, 6, 7]
Warning: num_agents (8) is greater than the number of available vehicle parameters (4). Cycling vehicle templates.
[Worker 1] TensorFlow device=GPU, mixed_precision=mixed_float16
[Worker 1] Random seed fixed: 200301
[Worker 1] started on GPU.
  [Worker 1] episode 260 finished. (AvgLatErr: 0.1620, Steps: 138)
  [Worker 1] episode 261 finished. (AvgLatErr: 0.2076, Steps: 141)
  [Worker 1] episode 262 finished. (AvgLatErr: 0.1649, Steps: 132)
  [Worker 1] episode 263 finished. (AvgLatErr: 0.1415, Steps: 137)
  [Worker 1] episode 264 finished. (AvgLatErr: 0.1888, Steps: 122)
  [Worker 1] episode 265 finished. (AvgLatErr: 0.1820, Steps: 129)
  [Worker 1] episode 266 finished. (AvgLatErr: 0.2716, Steps: 138)
  [Worker 1] episode 267 finished. (AvgLatErr: 0.2250, Steps: 140)
  [Worker 1] episode 268 finished. (AvgLatErr: 0.2667, Steps: 137)
  [Worker 1] episode 269 finished. (AvgLatErr: 0.2928, Steps: 144)
[Worker 1].
Warning: num_agents (8) is greater than the number of available vehicle parameters (4). Cycling vehicle templates.
[Worker 0] TensorFlow device=GPU, mixed_precision=mixed_float16
[Worker 0] Random seed fixed: 100301
[Worker 0] started on GPU.
  [Worker 0] episode 260 finished. (AvgLatErr: 0.6329, Steps: 133)
  [Worker 0] episode 261 finished. (AvgLatErr: 0.7790, Steps: 145)
  [Worker 0] episode 262 finished. (AvgLatErr: 0.8649, Steps: 143)
  [Worker 0] episode 263 finished. (AvgLatErr: 0.4424, Steps: 140)
  [Worker 0] episode 264 finished. (AvgLatErr: 0.7182, Steps: 139)
  [Worker 0] episode 265 finished. (AvgLatErr: 0.8528, Steps: 147)
  [Worker 0] episode 266 finished. (AvgLatErr: 0.7316, Steps: 143)
  [Worker 0] episode 267 finished. (AvgLatErr: 1.4780, Steps: 144)
  [Worker 0] episode 268 finished. (AvgLatErr: 0.7146, Steps: 134)
  [Worker 0] episode 269 finished. (AvgLatErr: 10.2693, Steps: 194)
[Worker 0].
Warning: num_agents (8) is greater than the number of available vehicle parameters (4). Cycling vehicle templates.
[Worker 2] TensorFlow device=GPU, mixed_precision=mixed_float16
[Worker 2] Random seed fixed: 300301
[Worker 2] started on GPU.
  [Worker 2] episode 260 finished. (AvgLatErr: 0.6569, Steps: 132)
  [Worker 2] episode 261 finished. (AvgLatErr: 0.4734, Steps: 153)
  [Worker 2] episode 262 finished. (AvgLatErr: 0.5197, Steps: 126)
  [Worker 2] episode 263 finished. (AvgLatErr: 0.3564, Steps: 131)
  [Worker 2] episode 264 finished. (AvgLatErr: 0.3677, Steps: 123)
  [Worker 2] episode 265 finished. (AvgLatErr: 0.2196, Steps: 147)
  [Worker 2] episode 266 finished. (AvgLatErr: 1.3948, Steps: 162)
  [Worker 2] episode 267 finished. (AvgLatErr: 0.3420, Steps: 133)
  [Worker 2] episode 268 finished. (AvgLatErr: 0.3030, Steps: 126)
  [Worker 2] episode 269 finished. (AvgLatErr: 0.6491, Steps: 116)
[Worker 2].
Warning: num_agents (8) is greater than the number of available vehicle parameters (4). Cycling vehicle templates.
[Worker 3] TensorFlow device=GPU, mixed_precision=mixed_float16
[Worker 3] Random seed fixed: 400301
[Worker 3] started on GPU.
  [Worker 3] episode 260 finished. (AvgLatErr: 0.3572, Steps: 185)
  [Worker 3] episode 261 finished. (AvgLatErr: 0.3863, Steps: 186)
  [Worker 3] episode 262 finished. (AvgLatErr: 0.5395, Steps: 182)
  [Worker 3] episode 263 finished. (AvgLatErr: 0.8291, Steps: 172)
  [Worker 3] episode 264 finished. (AvgLatErr: 0.4162, Steps: 172)
  [Worker 3] episode 265 finished. (AvgLatErr: 0.3368, Steps: 179)
  [Worker 3] episode 266 finished. (AvgLatErr: 0.6400, Steps: 193)
  [Worker 3] episode 267 finished. (AvgLatErr: 0.5140, Steps: 180)
  [Worker 3] episode 268 finished. (AvgLatErr: 0.6009, Steps: 172)
  [Worker 3] episode 269 finished. (AvgLatErr: 0.4014, Steps: 179)
[Worker 3].
Warning: num_agents (8) is greater than the number of available vehicle parameters (4). Cycling vehicle templates.
[Worker 4] TensorFlow device=GPU, mixed_precision=mixed_float16
[Worker 4] Random seed fixed: 500301
[Worker 4] started on GPU.
  [Worker 4] episode 260 finished. (AvgLatErr: 0.3368, Steps: 173)
  [Worker 4] episode 261 finished. (AvgLatErr: 0.4827, Steps: 186)
  [Worker 4] episode 262 finished. (AvgLatErr: 0.2765, Steps: 158)
  [Worker 4] episode 263 finished. (AvgLatErr: 0.3271, Steps: 161)
  [Worker 4] episode 264 finished. (AvgLatErr: 0.3806, Steps: 173)
  [Worker 4] episode 265 finished. (AvgLatErr: 0.2840, Steps: 187)
  [Worker 4] episode 266 finished. (AvgLatErr: 0.2536, Steps: 183)
  [Worker 4] episode 267 finished. (AvgLatErr: 0.3171, Steps: 168)
  [Worker 4] episode 268 finished. (AvgLatErr: 0.2440, Steps: 193)
  [Worker 4] episode 269 finished. (AvgLatErr: 0.2866, Steps: 172)
[Worker 4].
Warning: num_agents (8) is greater than the number of available vehicle parameters (4). Cycling vehicle templates.
[Worker 7] TensorFlow device=GPU, mixed_precision=mixed_float16
[Worker 7] Random seed fixed: 800301
[Worker 7] started on GPU.
  [Worker 7] episode 260 finished. (AvgLatErr: 0.2535, Steps: 148)
  [Worker 7] episode 261 finished. (AvgLatErr: 0.1461, Steps: 160)
  [Worker 7] episode 262 finished. (AvgLatErr: 0.2124, Steps: 180)
  [Worker 7] episode 263 finished. (AvgLatErr: 0.1792, Steps: 160)
  [Worker 7] episode 264 finished. (AvgLatErr: 0.1077, Steps: 200)
  [Worker 7] episode 265 finished. (AvgLatErr: 0.0834, Steps: 200)
  [Worker 7] episode 266 finished. (AvgLatErr: 0.0931, Steps: 196)
  [Worker 7] episode 267 finished. (AvgLatErr: 0.1469, Steps: 166)
  [Worker 7] episode 268 finished. (AvgLatErr: 0.1201, Steps: 150)
  [Worker 7] episode 269 finished. (AvgLatErr: 0.1757, Steps: 148)
[Worker 7].
Warning: num_agents (8) is greater than the number of available vehicle parameters (4). Cycling vehicle templates.
[Worker 5] TensorFlow device=GPU, mixed_precision=mixed_float16
[Worker 5] Random seed fixed: 600301
[Worker 5] started on GPU.
  [Worker 5] episode 260 finished. (AvgLatErr: 0.1871, Steps: 182)
  [Worker 5] episode 261 finished. (AvgLatErr: 0.1331, Steps: 200)
  [Worker 5] episode 262 finished. (AvgLatErr: 0.1069, Steps: 200)
  [Worker 5] episode 263 finished. (AvgLatErr: 0.1784, Steps: 200)
  [Worker 5] episode 264 finished. (AvgLatErr: 0.2220, Steps: 200)
  [Worker 5] episode 265 finished. (AvgLatErr: 0.1789, Steps: 173)
  [Worker 5] episode 266 finished. (AvgLatErr: 0.2550, Steps: 183)
  [Worker 5] episode 267 finished. (AvgLatErr: 0.1804, Steps: 200)
  [Worker 5] episode 268 finished. (AvgLatErr: 0.3124, Steps: 195)
  [Worker 5] episode 269 finished. (AvgLatErr: 0.2788, Steps: 186)
[Worker 5].
Warning: num_agents (8) is greater than the number of available vehicle parameters (4). Cycling vehicle templates.
[Worker 6] TensorFlow device=GPU, mixed_precision=mixed_float16
[Worker 6] Random seed fixed: 700301
[Worker 6] started on GPU.
  [Worker 6] episode 260 finished. (AvgLatErr: 0.4036, Steps: 200)
  [Worker 6] episode 261 finished. (AvgLatErr: 0.3383, Steps: 200)
  [Worker 6] episode 262 finished. (AvgLatErr: 0.2183, Steps: 200)
  [Worker 6] episode 263 finished. (AvgLatErr: 0.1805, Steps: 200)
  [Worker 6] episode 264 finished. (AvgLatErr: 0.4979, Steps: 200)
  [Worker 6] episode 265 finished. (AvgLatErr: 0.2475, Steps: 200)
  [Worker 6] episode 266 finished. (AvgLatErr: 0.3259, Steps: 200)
  [Worker 6] episode 267 finished. (AvgLatErr: 0.2900, Steps: 200)
  [Worker 6] episode 268 finished. (AvgLatErr: 0.3106, Steps: 200)
  [Worker 6] episode 269 finished. (AvgLatErr: 0.4033, Steps: 200)
[Worker 6].
[Main] workers finished. (elapsed: 107.99s)
[Main] Aggregation-selected agents: [1, 4, 5, 7]
[Main] FedAdagrad update completed.
[Main] Replay buffers reset after global model update.
============================================================================================
269 EP / Agent 0 : Avg Lat Err 10.2693
269 EP / Agent 1 : Avg Lat Err 0.2928
269 EP / Agent 2 : Avg Lat Err 0.6491
269 EP / Agent 3 : Avg Lat Err 0.4014
269 EP / Agent 4 : Avg Lat Err 0.2866
269 EP / Agent 5 : Avg Lat Err 0.2788
269 EP / Agent 6 : Avg Lat Err 0.4033
269 EP / Agent 7 : Avg Lat Err 0.1757
============================================================================================

============================================================================================
[Main] FL round started. (episode 270 ~ 279)
[Main] Client selection: mode=error_low, budget=4
[Main] Participating agents: [0, 1, 2, 3, 4, 5, 6, 7]
Warning: num_agents (8) is greater than the number of available vehicle parameters (4). Cycling vehicle templates.
[Worker 0] TensorFlow device=GPU, mixed_precision=mixed_float16
[Worker 0] Random seed fixed: 100311
[Worker 0] started on GPU.
  [Worker 0] episode 270 finished. (AvgLatErr: 0.5918, Steps: 132)
  [Worker 0] episode 271 finished. (AvgLatErr: 0.7623, Steps: 141)
  [Worker 0] episode 272 finished. (AvgLatErr: 0.8388, Steps: 140)
  [Worker 0] episode 273 finished. (AvgLatErr: 0.7144, Steps: 136)
  [Worker 0] episode 274 finished. (AvgLatErr: 0.8545, Steps: 148)
  [Worker 0] episode 275 finished. (AvgLatErr: 0.7905, Steps: 139)
  [Worker 0] episode 276 finished. (AvgLatErr: 0.5864, Steps: 154)
  [Worker 0] episode 277 finished. (AvgLatErr: 0.8583, Steps: 149)
  [Worker 0] episode 278 finished. (AvgLatErr: 3.0312, Steps: 97)
  [Worker 0] episode 279 finished. (AvgLatErr: 0.5660, Steps: 174)
[Worker 0].
Warning: num_agents (8) is greater than the number of available vehicle parameters (4). Cycling vehicle templates.
[Worker 1] TensorFlow device=GPU, mixed_precision=mixed_float16
[Worker 1] Random seed fixed: 200311
[Worker 1] started on GPU.
  [Worker 1] episode 270 finished. (AvgLatErr: 0.1215, Steps: 147)
  [Worker 1] episode 271 finished. (AvgLatErr: 0.1163, Steps: 157)
  [Worker 1] episode 272 finished. (AvgLatErr: 0.1325, Steps: 150)
  [Worker 1] episode 273 finished. (AvgLatErr: 0.1039, Steps: 159)
  [Worker 1] episode 274 finished. (AvgLatErr: 0.1267, Steps: 147)
  [Worker 1] episode 275 finished. (AvgLatErr: 0.1809, Steps: 144)
  [Worker 1] episode 276 finished. (AvgLatErr: 0.1927, Steps: 163)
  [Worker 1] episode 277 finished. (AvgLatErr: 0.1669, Steps: 143)
  [Worker 1] episode 278 finished. (AvgLatErr: 0.1294, Steps: 138)
  [Worker 1] episode 279 finished. (AvgLatErr: 0.2342, Steps: 121)
[Worker 1].
Warning: num_agents (8) is greater than the number of available vehicle parameters (4). Cycling vehicle templates.
[Worker 2] TensorFlow device=GPU, mixed_precision=mixed_float16
[Worker 2] Random seed fixed: 300311
[Worker 2] started on GPU.
  [Worker 2] episode 270 finished. (AvgLatErr: 0.3098, Steps: 131)
  [Worker 2] episode 271 finished. (AvgLatErr: 0.3731, Steps: 144)
  [Worker 2] episode 272 finished. (AvgLatErr: 0.2720, Steps: 144)
  [Worker 2] episode 273 finished. (AvgLatErr: 0.6257, Steps: 132)
  [Worker 2] episode 274 finished. (AvgLatErr: 1.6388, Steps: 152)
  [Worker 2] episode 275 finished. (AvgLatErr: 0.3994, Steps: 136)
  [Worker 2] episode 276 finished. (AvgLatErr: 0.2898, Steps: 137)
  [Worker 2] episode 277 finished. (AvgLatErr: 0.3685, Steps: 136)
  [Worker 2] episode 278 finished. (AvgLatErr: 0.2203, Steps: 147)
  [Worker 2] episode 279 finished. (AvgLatErr: 0.3582, Steps: 136)
[Worker 2].
Warning: num_agents (8) is greater than the number of available vehicle parameters (4). Cycling vehicle templates.
[Worker 3] TensorFlow device=GPU, mixed_precision=mixed_float16
[Worker 3] Random seed fixed: 400311
[Worker 3] started on GPU.
  [Worker 3] episode 270 finished. (AvgLatErr: 0.3625, Steps: 196)
  [Worker 3] episode 271 finished. (AvgLatErr: 0.4014, Steps: 194)
  [Worker 3] episode 272 finished. (AvgLatErr: 0.3998, Steps: 176)
  [Worker 3] episode 273 finished. (AvgLatErr: 0.8128, Steps: 168)
  [Worker 3] episode 274 finished. (AvgLatErr: 0.6216, Steps: 168)
  [Worker 3] episode 275 finished. (AvgLatErr: 0.5621, Steps: 178)
  [Worker 3] episode 276 finished. (AvgLatErr: 0.3731, Steps: 185)
  [Worker 3] episode 277 finished. (AvgLatErr: 0.8623, Steps: 178)
  [Worker 3] episode 278 finished. (AvgLatErr: 0.7333, Steps: 182)
  [Worker 3] episode 279 finished. (AvgLatErr: 0.3544, Steps: 165)
[Worker 3].
Warning: num_agents (8) is greater than the number of available vehicle parameters (4). Cycling vehicle templates.
[Worker 4] TensorFlow device=GPU, mixed_precision=mixed_float16
[Worker 4] Random seed fixed: 500311
[Worker 4] started on GPU.
  [Worker 4] episode 270 finished. (AvgLatErr: 0.4066, Steps: 188)
  [Worker 4] episode 271 finished. (AvgLatErr: 0.3567, Steps: 183)
  [Worker 4] episode 272 finished. (AvgLatErr: 0.3037, Steps: 162)
  [Worker 4] episode 273 finished. (AvgLatErr: 0.2897, Steps: 163)
  [Worker 4] episode 274 finished. (AvgLatErr: 0.3247, Steps: 162)
  [Worker 4] episode 275 finished. (AvgLatErr: 0.3728, Steps: 163)
  [Worker 4] episode 276 finished. (AvgLatErr: 0.3551, Steps: 172)
  [Worker 4] episode 277 finished. (AvgLatErr: 0.2791, Steps: 162)
  [Worker 4] episode 278 finished. (AvgLatErr: 0.2602, Steps: 164)
  [Worker 4] episode 279 finished. (AvgLatErr: 0.3164, Steps: 176)
[Worker 4].
Warning: num_agents (8) is greater than the number of available vehicle parameters (4). Cycling vehicle templates.
[Worker 7] TensorFlow device=GPU, mixed_precision=mixed_float16
[Worker 7] Random seed fixed: 800311
[Worker 7] started on GPU.
  [Worker 7] episode 270 finished. (AvgLatErr: 0.1375, Steps: 162)
  [Worker 7] episode 271 finished. (AvgLatErr: 0.1738, Steps: 172)
  [Worker 7] episode 272 finished. (AvgLatErr: 0.2449, Steps: 151)
  [Worker 7] episode 273 finished. (AvgLatErr: 0.2766, Steps: 146)
  [Worker 7] episode 274 finished. (AvgLatErr: 0.2884, Steps: 141)
  [Worker 7] episode 275 finished. (AvgLatErr: 0.2165, Steps: 142)
  [Worker 7] episode 276 finished. (AvgLatErr: 0.2468, Steps: 158)
  [Worker 7] episode 277 finished. (AvgLatErr: 0.3914, Steps: 135)
  [Worker 7] episode 278 finished. (AvgLatErr: 0.3770, Steps: 148)
  [Worker 7] episode 279 finished. (AvgLatErr: 0.3223, Steps: 151)
[Worker 7].
Warning: num_agents (8) is greater than the number of available vehicle parameters (4). Cycling vehicle templates.
[Worker 5] TensorFlow device=GPU, mixed_precision=mixed_float16
[Worker 5] Random seed fixed: 600311
[Worker 5] started on GPU.
  [Worker 5] episode 270 finished. (AvgLatErr: 0.1823, Steps: 186)
  [Worker 5] episode 271 finished. (AvgLatErr: 0.3024, Steps: 180)
  [Worker 5] episode 272 finished. (AvgLatErr: 0.2248, Steps: 173)
  [Worker 5] episode 273 finished. (AvgLatErr: 0.3135, Steps: 172)
  [Worker 5] episode 274 finished. (AvgLatErr: 0.2772, Steps: 182)
  [Worker 5] episode 275 finished. (AvgLatErr: 0.2636, Steps: 158)
  [Worker 5] episode 276 finished. (AvgLatErr: 0.4827, Steps: 179)
  [Worker 5] episode 277 finished. (AvgLatErr: 0.3092, Steps: 154)
  [Worker 5] episode 278 finished. (AvgLatErr: 0.2399, Steps: 169)
  [Worker 5] episode 279 finished. (AvgLatErr: 0.2296, Steps: 178)
[Worker 5].
Warning: num_agents (8) is greater than the number of available vehicle parameters (4). Cycling vehicle templates.
[Worker 6] TensorFlow device=GPU, mixed_precision=mixed_float16
[Worker 6] Random seed fixed: 700311
[Worker 6] started on GPU.
  [Worker 6] episode 270 finished. (AvgLatErr: 0.3101, Steps: 200)
  [Worker 6] episode 271 finished. (AvgLatErr: 0.3865, Steps: 200)
  [Worker 6] episode 272 finished. (AvgLatErr: 0.7343, Steps: 200)
  [Worker 6] episode 273 finished. (AvgLatErr: 0.4216, Steps: 200)
  [Worker 6] episode 274 finished. (AvgLatErr: 0.5465, Steps: 200)
  [Worker 6] episode 275 finished. (AvgLatErr: 0.6859, Steps: 200)
  [Worker 6] episode 276 finished. (AvgLatErr: 1.3633, Steps: 200)
  [Worker 6] episode 277 finished. (AvgLatErr: 1.1068, Steps: 200)
  [Worker 6] episode 278 finished. (AvgLatErr: 0.6427, Steps: 200)
  [Worker 6] episode 279 finished. (AvgLatErr: 1.1729, Steps: 200)
[Worker 6].
[Main] workers finished. (elapsed: 110.67s)
[Main] Aggregation-selected agents: [1, 4, 5, 7]
[Main] FedAdagrad update completed.
[Main] Replay buffers reset after global model update.
============================================================================================
279 EP / Agent 0 : Avg Lat Err 0.5660
279 EP / Agent 1 : Avg Lat Err 0.2342
279 EP / Agent 2 : Avg Lat Err 0.3582
279 EP / Agent 3 : Avg Lat Err 0.3544
279 EP / Agent 4 : Avg Lat Err 0.3164
279 EP / Agent 5 : Avg Lat Err 0.2296
279 EP / Agent 6 : Avg Lat Err 1.1729
279 EP / Agent 7 : Avg Lat Err 0.3223
============================================================================================

============================================================================================
[Main] FL round started. (episode 280 ~ 289)
[Main] Client selection: mode=error_low, budget=4
[Main] Participating agents: [0, 1, 2, 3, 4, 5, 6, 7]
Warning: num_agents (8) is greater than the number of available vehicle parameters (4). Cycling vehicle templates.
[Worker 0] TensorFlow device=GPU, mixed_precision=mixed_float16
[Worker 0] Random seed fixed: 100321
[Worker 0] started on GPU.
  [Worker 0] episode 280 finished. (AvgLatErr: 0.7137, Steps: 126)
  [Worker 0] episode 281 finished. (AvgLatErr: 0.5499, Steps: 145)
  [Worker 0] episode 282 finished. (AvgLatErr: 1.1480, Steps: 152)
  [Worker 0] episode 283 finished. (AvgLatErr: 1.1976, Steps: 135)
  [Worker 0] episode 284 finished. (AvgLatErr: 2.1533, Steps: 135)
  [Worker 0] episode 285 finished. (AvgLatErr: 1.5601, Steps: 128)
  [Worker 0] episode 286 finished. (AvgLatErr: 1.9901, Steps: 141)
  [Worker 0] episode 287 finished. (AvgLatErr: 0.9786, Steps: 136)
  [Worker 0] episode 288 finished. (AvgLatErr: 1.8731, Steps: 138)
  [Worker 0] episode 289 finished. (AvgLatErr: 0.7035, Steps: 136)
[Worker 0].
Warning: num_agents (8) is greater than the number of available vehicle parameters (4). Cycling vehicle templates.
[Worker 2] TensorFlow device=GPU, mixed_precision=mixed_float16
[Worker 2] Random seed fixed: 300321
[Worker 2] started on GPU.
  [Worker 2] episode 280 finished. (AvgLatErr: 0.3297, Steps: 136)
  [Worker 2] episode 281 finished. (AvgLatErr: 0.5241, Steps: 144)
  [Worker 2] episode 282 finished. (AvgLatErr: 0.3099, Steps: 141)
  [Worker 2] episode 283 finished. (AvgLatErr: 0.2296, Steps: 123)
  [Worker 2] episode 284 finished. (AvgLatErr: 0.3439, Steps: 141)
  [Worker 2] episode 285 finished. (AvgLatErr: 0.5298, Steps: 125)
  [Worker 2] episode 286 finished. (AvgLatErr: 0.4434, Steps: 128)
  [Worker 2] episode 287 finished. (AvgLatErr: 0.4159, Steps: 139)
  [Worker 2] episode 288 finished. (AvgLatErr: 0.3247, Steps: 131)
  [Worker 2] episode 289 finished. (AvgLatErr: 0.2620, Steps: 123)
[Worker 2].
Warning: num_agents (8) is greater than the number of available vehicle parameters (4). Cycling vehicle templates.
[Worker 1] TensorFlow device=GPU, mixed_precision=mixed_float16
[Worker 1] Random seed fixed: 200321
[Worker 1] started on GPU.
  [Worker 1] episode 280 finished. (AvgLatErr: 0.1433, Steps: 147)
  [Worker 1] episode 281 finished. (AvgLatErr: 0.1423, Steps: 142)
  [Worker 1] episode 282 finished. (AvgLatErr: 0.1828, Steps: 149)
  [Worker 1] episode 283 finished. (AvgLatErr: 0.1377, Steps: 147)
  [Worker 1] episode 284 finished. (AvgLatErr: 0.2294, Steps: 149)
  [Worker 1] episode 285 finished. (AvgLatErr: 0.1700, Steps: 171)
  [Worker 1] episode 286 finished. (AvgLatErr: 0.3553, Steps: 136)
  [Worker 1] episode 287 finished. (AvgLatErr: 0.2522, Steps: 150)
  [Worker 1] episode 288 finished. (AvgLatErr: 0.1332, Steps: 158)
  [Worker 1] episode 289 finished. (AvgLatErr: 0.3078, Steps: 123)
[Worker 1].
Warning: num_agents (8) is greater than the number of available vehicle parameters (4). Cycling vehicle templates.
[Worker 4] TensorFlow device=GPU, mixed_precision=mixed_float16
[Worker 4] Random seed fixed: 500321
[Worker 4] started on GPU.
  [Worker 4] episode 280 finished. (AvgLatErr: 0.3783, Steps: 165)
  [Worker 4] episode 281 finished. (AvgLatErr: 0.3422, Steps: 172)
  [Worker 4] episode 282 finished. (AvgLatErr: 0.5308, Steps: 165)
  [Worker 4] episode 283 finished. (AvgLatErr: 0.3180, Steps: 162)
  [Worker 4] episode 284 finished. (AvgLatErr: 0.4070, Steps: 171)
  [Worker 4] episode 285 finished. (AvgLatErr: 0.2540, Steps: 171)
  [Worker 4] episode 286 finished. (AvgLatErr: 0.3019, Steps: 162)
  [Worker 4] episode 287 finished. (AvgLatErr: 0.2430, Steps: 178)
  [Worker 4] episode 288 finished. (AvgLatErr: 0.2032, Steps: 168)
  [Worker 4] episode 289 finished. (AvgLatErr: 0.2754, Steps: 161)
[Worker 4].
Warning: num_agents (8) is greater than the number of available vehicle parameters (4). Cycling vehicle templates.
[Worker 3] TensorFlow device=GPU, mixed_precision=mixed_float16
[Worker 3] Random seed fixed: 400321
[Worker 3] started on GPU.
  [Worker 3] episode 280 finished. (AvgLatErr: 0.2460, Steps: 200)
  [Worker 3] episode 281 finished. (AvgLatErr: 0.2969, Steps: 193)
  [Worker 3] episode 282 finished. (AvgLatErr: 0.3326, Steps: 188)
  [Worker 3] episode 283 finished. (AvgLatErr: 0.5351, Steps: 190)
  [Worker 3] episode 284 finished. (AvgLatErr: 0.3226, Steps: 195)
  [Worker 3] episode 285 finished. (AvgLatErr: 0.4589, Steps: 188)
  [Worker 3] episode 286 finished. (AvgLatErr: 0.4710, Steps: 184)
  [Worker 3] episode 287 finished. (AvgLatErr: 0.3420, Steps: 179)
  [Worker 3] episode 288 finished. (AvgLatErr: 0.4773, Steps: 181)
  [Worker 3] episode 289 finished. (AvgLatErr: 0.4665, Steps: 182)
[Worker 3].
Warning: num_agents (8) is greater than the number of available vehicle parameters (4). Cycling vehicle templates.
[Worker 7] TensorFlow device=GPU, mixed_precision=mixed_float16
[Worker 7] Random seed fixed: 800321
[Worker 7] started on GPU.
  [Worker 7] episode 280 finished. (AvgLatErr: 0.0960, Steps: 165)
  [Worker 7] episode 281 finished. (AvgLatErr: 0.1813, Steps: 161)
  [Worker 7] episode 282 finished. (AvgLatErr: 0.1207, Steps: 184)
  [Worker 7] episode 283 finished. (AvgLatErr: 0.1526, Steps: 161)
  [Worker 7] episode 284 finished. (AvgLatErr: 0.1300, Steps: 166)
  [Worker 7] episode 285 finished. (AvgLatErr: 0.2259, Steps: 150)
  [Worker 7] episode 286 finished. (AvgLatErr: 0.2390, Steps: 156)
  [Worker 7] episode 287 finished. (AvgLatErr: 0.1826, Steps: 144)
  [Worker 7] episode 288 finished. (AvgLatErr: 0.3338, Steps: 141)
  [Worker 7] episode 289 finished. (AvgLatErr: 0.3134, Steps: 139)
[Worker 7].
Warning: num_agents (8) is greater than the number of available vehicle parameters (4). Cycling vehicle templates.
[Worker 5] TensorFlow device=GPU, mixed_precision=mixed_float16
[Worker 5] Random seed fixed: 600321
[Worker 5] started on GPU.
  [Worker 5] episode 280 finished. (AvgLatErr: 0.1824, Steps: 182)
  [Worker 5] episode 281 finished. (AvgLatErr: 0.1640, Steps: 200)
  [Worker 5] episode 282 finished. (AvgLatErr: 0.2438, Steps: 179)
  [Worker 5] episode 283 finished. (AvgLatErr: 0.1369, Steps: 181)
  [Worker 5] episode 284 finished. (AvgLatErr: 0.3028, Steps: 192)
  [Worker 5] episode 285 finished. (AvgLatErr: 0.3023, Steps: 192)
  [Worker 5] episode 286 finished. (AvgLatErr: 0.2591, Steps: 178)
  [Worker 5] episode 287 finished. (AvgLatErr: 0.2607, Steps: 164)
  [Worker 5] episode 288 finished. (AvgLatErr: 0.6346, Steps: 183)
  [Worker 5] episode 289 finished. (AvgLatErr: 0.2273, Steps: 167)
[Worker 5].
Warning: num_agents (8) is greater than the number of available vehicle parameters (4). Cycling vehicle templates.
[Worker 6] TensorFlow device=GPU, mixed_precision=mixed_float16
[Worker 6] Random seed fixed: 700321
[Worker 6] started on GPU.
  [Worker 6] episode 280 finished. (AvgLatErr: 0.3447, Steps: 200)
  [Worker 6] episode 281 finished. (AvgLatErr: 0.7778, Steps: 200)
  [Worker 6] episode 282 finished. (AvgLatErr: 0.9959, Steps: 200)
  [Worker 6] episode 283 finished. (AvgLatErr: 0.8628, Steps: 189)
  [Worker 6] episode 284 finished. (AvgLatErr: 1.1325, Steps: 200)
  [Worker 6] episode 285 finished. (AvgLatErr: 0.4960, Steps: 188)
  [Worker 6] episode 286 finished. (AvgLatErr: 0.3786, Steps: 200)
  [Worker 6] episode 287 finished. (AvgLatErr: 0.5053, Steps: 200)
  [Worker 6] episode 288 finished. (AvgLatErr: 0.4385, Steps: 191)
  [Worker 6] episode 289 finished. (AvgLatErr: 0.5433, Steps: 200)
[Worker 6].
[Main] workers finished. (elapsed: 115.72s)
[Main] Aggregation-selected agents: [1, 2, 4, 5]
[Main] FedAdagrad update completed.
[Main] Replay buffers reset after global model update.
============================================================================================
289 EP / Agent 0 : Avg Lat Err 0.7035
289 EP / Agent 1 : Avg Lat Err 0.3078
289 EP / Agent 2 : Avg Lat Err 0.2620
289 EP / Agent 3 : Avg Lat Err 0.4665
289 EP / Agent 4 : Avg Lat Err 0.2754
289 EP / Agent 5 : Avg Lat Err 0.2273
289 EP / Agent 6 : Avg Lat Err 0.5433
289 EP / Agent 7 : Avg Lat Err 0.3134
============================================================================================

============================================================================================
[Main] FL round started. (episode 290 ~ 299)
[Main] Client selection: mode=error_low, budget=4
[Main] Participating agents: [0, 1, 2, 3, 4, 5, 6, 7]
Warning: num_agents (8) is greater than the number of available vehicle parameters (4). Cycling vehicle templates.
[Worker 0] TensorFlow device=GPU, mixed_precision=mixed_float16
[Worker 0] Random seed fixed: 100331
[Worker 0] started on GPU.
  [Worker 0] episode 290 finished. (AvgLatErr: 0.9942, Steps: 128)
  [Worker 0] episode 291 finished. (AvgLatErr: 0.8609, Steps: 140)
  [Worker 0] episode 292 finished. (AvgLatErr: 1.3464, Steps: 143)
  [Worker 0] episode 293 finished. (AvgLatErr: 2.1536, Steps: 145)
  [Worker 0] episode 294 finished. (AvgLatErr: 1.0901, Steps: 142)
  [Worker 0] episode 295 finished. (AvgLatErr: 1.1547, Steps: 137)
  [Worker 0] episode 296 finished. (AvgLatErr: 1.1875, Steps: 144)
  [Worker 0] episode 297 finished. (AvgLatErr: 1.3383, Steps: 142)
  [Worker 0] episode 298 finished. (AvgLatErr: 1.4478, Steps: 132)
  [Worker 0] episode 299 finished. (AvgLatErr: 1.3499, Steps: 131)
[Worker 0].
Warning: num_agents (8) is greater than the number of available vehicle parameters (4). Cycling vehicle templates.
[Worker 2] TensorFlow device=GPU, mixed_precision=mixed_float16
[Worker 2] Random seed fixed: 300331
[Worker 2] started on GPU.
  [Worker 2] episode 290 finished. (AvgLatErr: 0.4874, Steps: 130)
  [Worker 2] episode 291 finished. (AvgLatErr: 0.5129, Steps: 129)
  [Worker 2] episode 292 finished. (AvgLatErr: 0.6221, Steps: 129)
  [Worker 2] episode 293 finished. (AvgLatErr: 0.3516, Steps: 128)
  [Worker 2] episode 294 finished. (AvgLatErr: 0.6004, Steps: 152)
  [Worker 2] episode 295 finished. (AvgLatErr: 0.3533, Steps: 132)
  [Worker 2] episode 296 finished. (AvgLatErr: 0.5252, Steps: 133)
  [Worker 2] episode 297 finished. (AvgLatErr: 0.4850, Steps: 134)
  [Worker 2] episode 298 finished. (AvgLatErr: 0.5837, Steps: 136)
  [Worker 2] episode 299 finished. (AvgLatErr: 0.6626, Steps: 119)
[Worker 2].
Warning: num_agents (8) is greater than the number of available vehicle parameters (4). Cycling vehicle templates.
[Worker 1] TensorFlow device=GPU, mixed_precision=mixed_float16
[Worker 1] Random seed fixed: 200331
[Worker 1] started on GPU.
  [Worker 1] episode 290 finished. (AvgLatErr: 0.1335, Steps: 122)
  [Worker 1] episode 291 finished. (AvgLatErr: 0.2344, Steps: 142)
  [Worker 1] episode 292 finished. (AvgLatErr: 0.2498, Steps: 141)
  [Worker 1] episode 293 finished. (AvgLatErr: 0.1144, Steps: 156)
  [Worker 1] episode 294 finished. (AvgLatErr: 0.1248, Steps: 152)
  [Worker 1] episode 295 finished. (AvgLatErr: 0.2506, Steps: 146)
  [Worker 1] episode 296 finished. (AvgLatErr: 0.1079, Steps: 143)
  [Worker 1] episode 297 finished. (AvgLatErr: 0.2132, Steps: 159)
  [Worker 1] episode 298 finished. (AvgLatErr: 0.1807, Steps: 149)
  [Worker 1] episode 299 finished. (AvgLatErr: 0.1587, Steps: 149)
[Worker 1].
Warning: num_agents (8) is greater than the number of available vehicle parameters (4). Cycling vehicle templates.
[Worker 3] TensorFlow device=GPU, mixed_precision=mixed_float16
[Worker 3] Random seed fixed: 400331
[Worker 3] started on GPU.
  [Worker 3] episode 290 finished. (AvgLatErr: 0.6527, Steps: 169)
  [Worker 3] episode 291 finished. (AvgLatErr: 0.5232, Steps: 168)
  [Worker 3] episode 292 finished. (AvgLatErr: 0.7484, Steps: 172)
  [Worker 3] episode 293 finished. (AvgLatErr: 0.6176, Steps: 167)
  [Worker 3] episode 294 finished. (AvgLatErr: 1.0817, Steps: 177)
  [Worker 3] episode 295 finished. (AvgLatErr: 0.6831, Steps: 167)
  [Worker 3] episode 296 finished. (AvgLatErr: 0.8471, Steps: 160)
  [Worker 3] episode 297 finished. (AvgLatErr: 0.6367, Steps: 168)
  [Worker 3] episode 298 finished. (AvgLatErr: 0.6053, Steps: 168)
  [Worker 3] episode 299 finished. (AvgLatErr: 1.2697, Steps: 182)
[Worker 3].
Warning: num_agents (8) is greater than the number of available vehicle parameters (4). Cycling vehicle templates.
[Worker 5] TensorFlow device=GPU, mixed_precision=mixed_float16
[Worker 5] Random seed fixed: 600331
[Worker 5] started on GPU.
  [Worker 5] episode 290 finished. (AvgLatErr: 0.2152, Steps: 167)
  [Worker 5] episode 291 finished. (AvgLatErr: 0.1539, Steps: 166)
  [Worker 5] episode 292 finished. (AvgLatErr: 0.2252, Steps: 152)
  [Worker 5] episode 293 finished. (AvgLatErr: 0.2744, Steps: 155)
  [Worker 5] episode 294 finished. (AvgLatErr: 1.1581, Steps: 182)
  [Worker 5] episode 295 finished. (AvgLatErr: 0.2328, Steps: 165)
  [Worker 5] episode 296 finished. (AvgLatErr: 0.2257, Steps: 154)
  [Worker 5] episode 297 finished. (AvgLatErr: 0.3351, Steps: 160)
  [Worker 5] episode 298 finished. (AvgLatErr: 0.2028, Steps: 170)
  [Worker 5] episode 299 finished. (AvgLatErr: 0.2510, Steps: 166)
[Worker 5].
Warning: num_agents (8) is greater than the number of available vehicle parameters (4). Cycling vehicle templates.
[Worker 7] TensorFlow device=GPU, mixed_precision=mixed_float16
[Worker 7] Random seed fixed: 800331
[Worker 7] started on GPU.
  [Worker 7] episode 290 finished. (AvgLatErr: 0.1769, Steps: 134)
  [Worker 7] episode 291 finished. (AvgLatErr: 0.3002, Steps: 127)
  [Worker 7] episode 292 finished. (AvgLatErr: 0.1805, Steps: 139)
  [Worker 7] episode 293 finished. (AvgLatErr: 0.3403, Steps: 139)
  [Worker 7] episode 294 finished. (AvgLatErr: 0.3932, Steps: 124)
  [Worker 7] episode 295 finished. (AvgLatErr: 0.2008, Steps: 153)
  [Worker 7] episode 296 finished. (AvgLatErr: 0.3079, Steps: 142)
  [Worker 7] episode 297 finished. (AvgLatErr: 0.2109, Steps: 131)
  [Worker 7] episode 298 finished. (AvgLatErr: 0.1925, Steps: 135)
  [Worker 7] episode 299 finished. (AvgLatErr: 0.2022, Steps: 163)
[Worker 7].
Warning: num_agents (8) is greater than the number of available vehicle parameters (4). Cycling vehicle templates.
[Worker 4] TensorFlow device=GPU, mixed_precision=mixed_float16
[Worker 4] Random seed fixed: 500331
[Worker 4] started on GPU.
  [Worker 4] episode 290 finished. (AvgLatErr: 0.3286, Steps: 178)
  [Worker 4] episode 291 finished. (AvgLatErr: 0.2727, Steps: 173)
  [Worker 4] episode 292 finished. (AvgLatErr: 0.3383, Steps: 184)
  [Worker 4] episode 293 finished. (AvgLatErr: 0.4120, Steps: 180)
  [Worker 4] episode 294 finished. (AvgLatErr: 0.3195, Steps: 194)
  [Worker 4] episode 295 finished. (AvgLatErr: 0.3666, Steps: 173)
  [Worker 4] episode 296 finished. (AvgLatErr: 0.6018, Steps: 169)
  [Worker 4] episode 297 finished. (AvgLatErr: 0.3708, Steps: 178)
  [Worker 4] episode 298 finished. (AvgLatErr: 2.6126, Steps: 200)
  [Worker 4] episode 299 finished. (AvgLatErr: 0.4287, Steps: 177)
[Worker 4].
Warning: num_agents (8) is greater than the number of available vehicle parameters (4). Cycling vehicle templates.
[Worker 6] TensorFlow device=GPU, mixed_precision=mixed_float16
[Worker 6] Random seed fixed: 700331
[Worker 6] started on GPU.
  [Worker 6] episode 290 finished. (AvgLatErr: 0.3671, Steps: 200)
  [Worker 6] episode 291 finished. (AvgLatErr: 0.5853, Steps: 200)
  [Worker 6] episode 292 finished. (AvgLatErr: 0.3344, Steps: 200)
  [Worker 6] episode 293 finished. (AvgLatErr: 0.3093, Steps: 200)
  [Worker 6] episode 294 finished. (AvgLatErr: 0.3710, Steps: 200)
  [Worker 6] episode 295 finished. (AvgLatErr: 0.3501, Steps: 200)
  [Worker 6] episode 296 finished. (AvgLatErr: 0.3658, Steps: 200)
  [Worker 6] episode 297 finished. (AvgLatErr: 0.8318, Steps: 200)
  [Worker 6] episode 298 finished. (AvgLatErr: 1.5867, Steps: 191)
  [Worker 6] episode 299 finished. (AvgLatErr: 0.5281, Steps: 197)
[Worker 6].
[Main] workers finished. (elapsed: 113.28s)
[Main] Aggregation-selected agents: [1, 4, 5, 7]
[Main] FedAdagrad update completed.
[Main] Replay buffers reset after global model update.
============================================================================================
299 EP / Agent 0 : Avg Lat Err 1.3499
299 EP / Agent 1 : Avg Lat Err 0.1587
299 EP / Agent 2 : Avg Lat Err 0.6626
299 EP / Agent 3 : Avg Lat Err 1.2697
299 EP / Agent 4 : Avg Lat Err 0.4287
299 EP / Agent 5 : Avg Lat Err 0.2510
299 EP / Agent 6 : Avg Lat Err 0.5281
299 EP / Agent 7 : Avg Lat Err 0.2022
============================================================================================
[Main] Model checkpoint saved: C:\Users\syd79\FRL-Q\experiments\fast_parallel_fedadagrad_8errorlow4_20260916_run1_error_low_4of8\checkpoints\global_model_episode_000300.weights.h5

============================================================================================
[Main] FL round started. (episode 300 ~ 309)
[Main] Client selection: mode=error_low, budget=4
[Main] Participating agents: [0, 1, 2, 3, 4, 5, 6, 7]
Warning: num_agents (8) is greater than the number of available vehicle parameters (4). Cycling vehicle templates.
[Worker 0] TensorFlow device=GPU, mixed_precision=mixed_float16
[Worker 0] Random seed fixed: 100341
[Worker 0] started on GPU.
  [Worker 0] episode 300 finished. (AvgLatErr: 1.1594, Steps: 127)
  [Worker 0] episode 301 finished. (AvgLatErr: 0.8923, Steps: 137)
  [Worker 0] episode 302 finished. (AvgLatErr: 0.6897, Steps: 128)
  [Worker 0] episode 303 finished. (AvgLatErr: 0.8989, Steps: 135)
  [Worker 0] episode 304 finished. (AvgLatErr: 1.1408, Steps: 135)
  [Worker 0] episode 305 finished. (AvgLatErr: 0.8985, Steps: 132)
  [Worker 0] episode 306 finished. (AvgLatErr: 2.6208, Steps: 146)
  [Worker 0] episode 307 finished. (AvgLatErr: 1.2406, Steps: 142)
  [Worker 0] episode 308 finished. (AvgLatErr: 1.0780, Steps: 145)
  [Worker 0] episode 309 finished. (AvgLatErr: 0.8817, Steps: 137)
[Worker 0].
Warning: num_agents (8) is greater than the number of available vehicle parameters (4). Cycling vehicle templates.
[Worker 1] TensorFlow device=GPU, mixed_precision=mixed_float16
[Worker 1] Random seed fixed: 200341
[Worker 1] started on GPU.
  [Worker 1] episode 300 finished. (AvgLatErr: 0.1607, Steps: 134)
  [Worker 1] episode 301 finished. (AvgLatErr: 0.1577, Steps: 124)
  [Worker 1] episode 302 finished. (AvgLatErr: 0.1995, Steps: 132)
  [Worker 1] episode 303 finished. (AvgLatErr: 0.1695, Steps: 153)
  [Worker 1] episode 304 finished. (AvgLatErr: 0.2797, Steps: 133)
  [Worker 1] episode 305 finished. (AvgLatErr: 0.1566, Steps: 128)
  [Worker 1] episode 306 finished. (AvgLatErr: 3.1183, Steps: 177)
  [Worker 1] episode 307 finished. (AvgLatErr: 0.1731, Steps: 138)
  [Worker 1] episode 308 finished. (AvgLatErr: 0.1684, Steps: 147)
  [Worker 1] episode 309 finished. (AvgLatErr: 0.1619, Steps: 142)
[Worker 1].
Warning: num_agents (8) is greater than the number of available vehicle parameters (4). Cycling vehicle templates.
[Worker 2] TensorFlow device=GPU, mixed_precision=mixed_float16
[Worker 2] Random seed fixed: 300341
[Worker 2] started on GPU.
  [Worker 2] episode 300 finished. (AvgLatErr: 0.3190, Steps: 123)
  [Worker 2] episode 301 finished. (AvgLatErr: 0.2357, Steps: 150)
  [Worker 2] episode 302 finished. (AvgLatErr: 0.2080, Steps: 139)
  [Worker 2] episode 303 finished. (AvgLatErr: 0.3464, Steps: 141)
  [Worker 2] episode 304 finished. (AvgLatErr: 0.5303, Steps: 131)
  [Worker 2] episode 305 finished. (AvgLatErr: 0.6172, Steps: 138)
  [Worker 2] episode 306 finished. (AvgLatErr: 0.4183, Steps: 131)
  [Worker 2] episode 307 finished. (AvgLatErr: 0.2510, Steps: 136)
  [Worker 2] episode 308 finished. (AvgLatErr: 0.5044, Steps: 124)
  [Worker 2] episode 309 finished. (AvgLatErr: 0.3622, Steps: 132)
[Worker 2].
Warning: num_agents (8) is greater than the number of available vehicle parameters (4). Cycling vehicle templates.
[Worker 3] TensorFlow device=GPU, mixed_precision=mixed_float16
[Worker 3] Random seed fixed: 400341
[Worker 3] started on GPU.
  [Worker 3] episode 300 finished. (AvgLatErr: 0.4172, Steps: 182)
  [Worker 3] episode 301 finished. (AvgLatErr: 0.4138, Steps: 187)
  [Worker 3] episode 302 finished. (AvgLatErr: 0.4836, Steps: 184)
  [Worker 3] episode 303 finished. (AvgLatErr: 0.7362, Steps: 180)
  [Worker 3] episode 304 finished. (AvgLatErr: 0.5979, Steps: 182)
  [Worker 3] episode 305 finished. (AvgLatErr: 0.6181, Steps: 172)
  [Worker 3] episode 306 finished. (AvgLatErr: 0.4574, Steps: 177)
  [Worker 3] episode 307 finished. (AvgLatErr: 0.8318, Steps: 171)
  [Worker 3] episode 308 finished. (AvgLatErr: 0.5679, Steps: 175)
  [Worker 3] episode 309 finished. (AvgLatErr: 0.5799, Steps: 181)
[Worker 3].
Warning: num_agents (8) is greater than the number of available vehicle parameters (4). Cycling vehicle templates.
[Worker 4] TensorFlow device=GPU, mixed_precision=mixed_float16
[Worker 4] Random seed fixed: 500341
[Worker 4] started on GPU.
  [Worker 4] episode 300 finished. (AvgLatErr: 0.3665, Steps: 172)
  [Worker 4] episode 301 finished. (AvgLatErr: 0.3699, Steps: 174)
  [Worker 4] episode 302 finished. (AvgLatErr: 0.3967, Steps: 156)
  [Worker 4] episode 303 finished. (AvgLatErr: 0.2997, Steps: 181)
  [Worker 4] episode 304 finished. (AvgLatErr: 0.2552, Steps: 164)
  [Worker 4] episode 305 finished. (AvgLatErr: 0.3119, Steps: 165)
  [Worker 4] episode 306 finished. (AvgLatErr: 0.3871, Steps: 175)
  [Worker 4] episode 307 finished. (AvgLatErr: 0.2920, Steps: 169)
  [Worker 4] episode 308 finished. (AvgLatErr: 0.2743, Steps: 158)
  [Worker 4] episode 309 finished. (AvgLatErr: 0.2640, Steps: 168)
[Worker 4].
Warning: num_agents (8) is greater than the number of available vehicle parameters (4). Cycling vehicle templates.
[Worker 5] TensorFlow device=GPU, mixed_precision=mixed_float16
[Worker 5] Random seed fixed: 600341
[Worker 5] started on GPU.
  [Worker 5] episode 300 finished. (AvgLatErr: 0.1624, Steps: 171)
  [Worker 5] episode 301 finished. (AvgLatErr: 0.1634, Steps: 178)
  [Worker 5] episode 302 finished. (AvgLatErr: 0.1842, Steps: 160)
  [Worker 5] episode 303 finished. (AvgLatErr: 0.2177, Steps: 173)
  [Worker 5] episode 304 finished. (AvgLatErr: 0.2280, Steps: 160)
  [Worker 5] episode 305 finished. (AvgLatErr: 0.2121, Steps: 173)
  [Worker 5] episode 306 finished. (AvgLatErr: 0.2227, Steps: 185)
  [Worker 5] episode 307 finished. (AvgLatErr: 0.2190, Steps: 168)
  [Worker 5] episode 308 finished. (AvgLatErr: 0.2888, Steps: 179)
  [Worker 5] episode 309 finished. (AvgLatErr: 0.1758, Steps: 181)
[Worker 5].
Warning: num_agents (8) is greater than the number of available vehicle parameters (4). Cycling vehicle templates.
[Worker 7] TensorFlow device=GPU, mixed_precision=mixed_float16
[Worker 7] Random seed fixed: 800341
[Worker 7] started on GPU.
  [Worker 7] episode 300 finished. (AvgLatErr: 0.1915, Steps: 136)
  [Worker 7] episode 301 finished. (AvgLatErr: 0.2373, Steps: 139)
  [Worker 7] episode 302 finished. (AvgLatErr: 0.2724, Steps: 146)
  [Worker 7] episode 303 finished. (AvgLatErr: 0.3990, Steps: 140)
  [Worker 7] episode 304 finished. (AvgLatErr: 0.2549, Steps: 122)
  [Worker 7] episode 305 finished. (AvgLatErr: 0.6334, Steps: 153)
  [Worker 7] episode 306 finished. (AvgLatErr: 0.2086, Steps: 154)
  [Worker 7] episode 307 finished. (AvgLatErr: 0.2605, Steps: 138)
  [Worker 7] episode 308 finished. (AvgLatErr: 0.2551, Steps: 147)
  [Worker 7] episode 309 finished. (AvgLatErr: 0.4324, Steps: 150)
[Worker 7].
Warning: num_agents (8) is greater than the number of available vehicle parameters (4). Cycling vehicle templates.
[Worker 6] TensorFlow device=GPU, mixed_precision=mixed_float16
[Worker 6] Random seed fixed: 700341
[Worker 6] started on GPU.
  [Worker 6] episode 300 finished. (AvgLatErr: 0.4088, Steps: 200)
  [Worker 6] episode 301 finished. (AvgLatErr: 0.5193, Steps: 200)
  [Worker 6] episode 302 finished. (AvgLatErr: 0.4542, Steps: 194)
  [Worker 6] episode 303 finished. (AvgLatErr: 0.3882, Steps: 200)
  [Worker 6] episode 304 finished. (AvgLatErr: 0.3262, Steps: 200)
  [Worker 6] episode 305 finished. (AvgLatErr: 0.4479, Steps: 199)
  [Worker 6] episode 306 finished. (AvgLatErr: 0.5965, Steps: 200)
  [Worker 6] episode 307 finished. (AvgLatErr: 0.3956, Steps: 194)
  [Worker 6] episode 308 finished. (AvgLatErr: 0.4784, Steps: 195)
  [Worker 6] episode 309 finished. (AvgLatErr: 0.4034, Steps: 200)
[Worker 6].
[Main] workers finished. (elapsed: 114.90s)
[Main] Aggregation-selected agents: [1, 2, 4, 5]
[Main] FedAdagrad update completed.
[Main] Replay buffers reset after global model update.
============================================================================================
309 EP / Agent 0 : Avg Lat Err 0.8817
309 EP / Agent 1 : Avg Lat Err 0.1619
309 EP / Agent 2 : Avg Lat Err 0.3622
309 EP / Agent 3 : Avg Lat Err 0.5799
309 EP / Agent 4 : Avg Lat Err 0.2640
309 EP / Agent 5 : Avg Lat Err 0.1758
309 EP / Agent 6 : Avg Lat Err 0.4034
309 EP / Agent 7 : Avg Lat Err 0.4324
============================================================================================

============================================================================================
[Main] FL round started. (episode 310 ~ 319)
[Main] Client selection: mode=error_low, budget=4
[Main] Participating agents: [0, 1, 2, 3, 4, 5, 6, 7]
Warning: num_agents (8) is greater than the number of available vehicle parameters (4). Cycling vehicle templates.
[Worker 0] TensorFlow device=GPU, mixed_precision=mixed_float16
[Worker 0] Random seed fixed: 100351
[Worker 0] started on GPU.
  [Worker 0] episode 310 finished. (AvgLatErr: 0.5438, Steps: 133)
  [Worker 0] episode 311 finished. (AvgLatErr: 1.0510, Steps: 139)
  [Worker 0] episode 312 finished. (AvgLatErr: 0.9749, Steps: 145)
  [Worker 0] episode 313 finished. (AvgLatErr: 0.6018, Steps: 137)
  [Worker 0] episode 314 finished. (AvgLatErr: 0.8522, Steps: 127)
  [Worker 0] episode 315 finished. (AvgLatErr: 2.1604, Steps: 135)
  [Worker 0] episode 316 finished. (AvgLatErr: 0.8360, Steps: 134)
  [Worker 0] episode 317 finished. (AvgLatErr: 0.3309, Steps: 156)
  [Worker 0] episode 318 finished. (AvgLatErr: 0.5839, Steps: 136)
  [Worker 0] episode 319 finished. (AvgLatErr: 0.4786, Steps: 139)
[Worker 0].
Warning: num_agents (8) is greater than the number of available vehicle parameters (4). Cycling vehicle templates.
[Worker 1] TensorFlow device=GPU, mixed_precision=mixed_float16
[Worker 1] Random seed fixed: 200351
[Worker 1] started on GPU.
  [Worker 1] episode 310 finished. (AvgLatErr: 0.1426, Steps: 140)
  [Worker 1] episode 311 finished. (AvgLatErr: 0.1847, Steps: 137)
  [Worker 1] episode 312 finished. (AvgLatErr: 0.1622, Steps: 134)
  [Worker 1] episode 313 finished. (AvgLatErr: 0.1569, Steps: 120)
  [Worker 1] episode 314 finished. (AvgLatErr: 0.2496, Steps: 121)
  [Worker 1] episode 315 finished. (AvgLatErr: 0.2241, Steps: 135)
  [Worker 1] episode 316 finished. (AvgLatErr: 0.3543, Steps: 122)
  [Worker 1] episode 317 finished. (AvgLatErr: 0.2020, Steps: 114)
  [Worker 1] episode 318 finished. (AvgLatErr: 0.1492, Steps: 133)
  [Worker 1] episode 319 finished. (AvgLatErr: 0.1962, Steps: 132)
[Worker 1].
Warning: num_agents (8) is greater than the number of available vehicle parameters (4). Cycling vehicle templates.
[Worker 2] TensorFlow device=GPU, mixed_precision=mixed_float16
[Worker 2] Random seed fixed: 300351
[Worker 2] started on GPU.
  [Worker 2] episode 310 finished. (AvgLatErr: 0.3326, Steps: 135)
  [Worker 2] episode 311 finished. (AvgLatErr: 0.4953, Steps: 130)
  [Worker 2] episode 312 finished. (AvgLatErr: 0.2649, Steps: 147)
  [Worker 2] episode 313 finished. (AvgLatErr: 0.4476, Steps: 138)
  [Worker 2] episode 314 finished. (AvgLatErr: 0.4042, Steps: 146)
  [Worker 2] episode 315 finished. (AvgLatErr: 0.3747, Steps: 134)
  [Worker 2] episode 316 finished. (AvgLatErr: 0.4846, Steps: 149)
  [Worker 2] episode 317 finished. (AvgLatErr: 0.4307, Steps: 123)
  [Worker 2] episode 318 finished. (AvgLatErr: 1.0047, Steps: 145)
  [Worker 2] episode 319 finished. (AvgLatErr: 0.4213, Steps: 117)
[Worker 2].
Warning: num_agents (8) is greater than the number of available vehicle parameters (4). Cycling vehicle templates.
[Worker 3] TensorFlow device=GPU, mixed_precision=mixed_float16
[Worker 3] Random seed fixed: 400351
[Worker 3] started on GPU.
  [Worker 3] episode 310 finished. (AvgLatErr: 0.5381, Steps: 186)
  [Worker 3] episode 311 finished. (AvgLatErr: 0.4061, Steps: 180)
  [Worker 3] episode 312 finished. (AvgLatErr: 0.3061, Steps: 198)
  [Worker 3] episode 313 finished. (AvgLatErr: 0.3872, Steps: 190)
  [Worker 3] episode 314 finished. (AvgLatErr: 0.5980, Steps: 173)
  [Worker 3] episode 315 finished. (AvgLatErr: 0.5001, Steps: 178)
  [Worker 3] episode 316 finished. (AvgLatErr: 0.5568, Steps: 182)
  [Worker 3] episode 317 finished. (AvgLatErr: 0.7505, Steps: 177)
  [Worker 3] episode 318 finished. (AvgLatErr: 0.3891, Steps: 197)
  [Worker 3] episode 319 finished. (AvgLatErr: 0.5917, Steps: 175)
[Worker 3].
Warning: num_agents (8) is greater than the number of available vehicle parameters (4). Cycling vehicle templates.
[Worker 4] TensorFlow device=GPU, mixed_precision=mixed_float16
[Worker 4] Random seed fixed: 500351
[Worker 4] started on GPU.
  [Worker 4] episode 310 finished. (AvgLatErr: 0.3357, Steps: 197)
  [Worker 4] episode 311 finished. (AvgLatErr: 0.3415, Steps: 195)
  [Worker 4] episode 312 finished. (AvgLatErr: 0.3320, Steps: 164)
  [Worker 4] episode 313 finished. (AvgLatErr: 0.3702, Steps: 162)
  [Worker 4] episode 314 finished. (AvgLatErr: 0.4696, Steps: 152)
  [Worker 4] episode 315 finished. (AvgLatErr: 0.3616, Steps: 168)
  [Worker 4] episode 316 finished. (AvgLatErr: 0.3181, Steps: 186)
  [Worker 4] episode 317 finished. (AvgLatErr: 0.2398, Steps: 164)
  [Worker 4] episode 318 finished. (AvgLatErr: 0.3692, Steps: 166)
  [Worker 4] episode 319 finished. (AvgLatErr: 0.3968, Steps: 162)
[Worker 4].
Warning: num_agents (8) is greater than the number of available vehicle parameters (4). Cycling vehicle templates.
[Worker 5] TensorFlow device=GPU, mixed_precision=mixed_float16
[Worker 5] Random seed fixed: 600351
[Worker 5] started on GPU.
  [Worker 5] episode 310 finished. (AvgLatErr: 0.1140, Steps: 200)
  [Worker 5] episode 311 finished. (AvgLatErr: 0.2183, Steps: 176)
  [Worker 5] episode 312 finished. (AvgLatErr: 0.1835, Steps: 164)
  [Worker 5] episode 313 finished. (AvgLatErr: 0.2004, Steps: 164)
  [Worker 5] episode 314 finished. (AvgLatErr: 0.2523, Steps: 171)
  [Worker 5] episode 315 finished. (AvgLatErr: 0.1208, Steps: 198)
  [Worker 5] episode 316 finished. (AvgLatErr: 0.1950, Steps: 166)
  [Worker 5] episode 317 finished. (AvgLatErr: 0.1976, Steps: 188)
  [Worker 5] episode 318 finished. (AvgLatErr: 0.1508, Steps: 156)
  [Worker 5] episode 319 finished. (AvgLatErr: 0.1775, Steps: 164)
[Worker 5].
Warning: num_agents (8) is greater than the number of available vehicle parameters (4). Cycling vehicle templates.
[Worker 7] TensorFlow device=GPU, mixed_precision=mixed_float16
[Worker 7] Random seed fixed: 800351
[Worker 7] started on GPU.
  [Worker 7] episode 310 finished. (AvgLatErr: 0.1174, Steps: 176)
  [Worker 7] episode 311 finished. (AvgLatErr: 0.1822, Steps: 145)
  [Worker 7] episode 312 finished. (AvgLatErr: 0.1927, Steps: 152)
  [Worker 7] episode 313 finished. (AvgLatErr: 0.1604, Steps: 148)
  [Worker 7] episode 314 finished. (AvgLatErr: 0.1589, Steps: 160)
  [Worker 7] episode 315 finished. (AvgLatErr: 0.1163, Steps: 177)
  [Worker 7] episode 316 finished. (AvgLatErr: 0.1506, Steps: 170)
  [Worker 7] episode 317 finished. (AvgLatErr: 0.1526, Steps: 159)
  [Worker 7] episode 318 finished. (AvgLatErr: 0.1403, Steps: 156)
  [Worker 7] episode 319 finished. (AvgLatErr: 0.1689, Steps: 147)
[Worker 7].
Warning: num_agents (8) is greater than the number of available vehicle parameters (4). Cycling vehicle templates.
[Worker 6] TensorFlow device=GPU, mixed_precision=mixed_float16
[Worker 6] Random seed fixed: 700351
[Worker 6] started on GPU.
  [Worker 6] episode 310 finished. (AvgLatErr: 0.3130, Steps: 200)
  [Worker 6] episode 311 finished. (AvgLatErr: 0.3958, Steps: 198)
  [Worker 6] episode 312 finished. (AvgLatErr: 0.5412, Steps: 200)
  [Worker 6] episode 313 finished. (AvgLatErr: 0.5419, Steps: 200)
  [Worker 6] episode 314 finished. (AvgLatErr: 0.3948, Steps: 197)
  [Worker 6] episode 315 finished. (AvgLatErr: 0.4389, Steps: 198)
  [Worker 6] episode 316 finished. (AvgLatErr: 0.4117, Steps: 200)
  [Worker 6] episode 317 finished. (AvgLatErr: 0.5209, Steps: 200)
  [Worker 6] episode 318 finished. (AvgLatErr: 0.5047, Steps: 200)
  [Worker 6] episode 319 finished. (AvgLatErr: 0.7858, Steps: 200)
[Worker 6].
[Main] workers finished. (elapsed: 112.73s)
[Main] Aggregation-selected agents: [1, 4, 5, 7]
[Main] FedAdagrad update completed.
[Main] Replay buffers reset after global model update.
============================================================================================
319 EP / Agent 0 : Avg Lat Err 0.4786
319 EP / Agent 1 : Avg Lat Err 0.1962
319 EP / Agent 2 : Avg Lat Err 0.4213
319 EP / Agent 3 : Avg Lat Err 0.5917
319 EP / Agent 4 : Avg Lat Err 0.3968
319 EP / Agent 5 : Avg Lat Err 0.1775
319 EP / Agent 6 : Avg Lat Err 0.7858
319 EP / Agent 7 : Avg Lat Err 0.1689
============================================================================================

============================================================================================
[Main] FL round started. (episode 320 ~ 329)
[Main] Client selection: mode=error_low, budget=4
[Main] Participating agents: [0, 1, 2, 3, 4, 5, 6, 7]
Warning: num_agents (8) is greater than the number of available vehicle parameters (4). Cycling vehicle templates.
[Worker 0] TensorFlow device=GPU, mixed_precision=mixed_float16
[Worker 0] Random seed fixed: 100361
[Worker 0] started on GPU.
  [Worker 0] episode 320 finished. (AvgLatErr: 1.0514, Steps: 144)
  [Worker 0] episode 321 finished. (AvgLatErr: 0.7553, Steps: 141)
  [Worker 0] episode 322 finished. (AvgLatErr: 1.2664, Steps: 142)
  [Worker 0] episode 323 finished. (AvgLatErr: 0.9463, Steps: 138)
  [Worker 0] episode 324 finished. (AvgLatErr: 0.5460, Steps: 133)
  [Worker 0] episode 325 finished. (AvgLatErr: 3.4806, Steps: 172)
  [Worker 0] episode 326 finished. (AvgLatErr: 0.9632, Steps: 135)
  [Worker 0] episode 327 finished. (AvgLatErr: 1.0278, Steps: 144)
  [Worker 0] episode 328 finished. (AvgLatErr: 1.1489, Steps: 142)
  [Worker 0] episode 329 finished. (AvgLatErr: 1.2206, Steps: 144)
[Worker 0].
Warning: num_agents (8) is greater than the number of available vehicle parameters (4). Cycling vehicle templates.
[Worker 1] TensorFlow device=GPU, mixed_precision=mixed_float16
[Worker 1] Random seed fixed: 200361
[Worker 1] started on GPU.
  [Worker 1] episode 320 finished. (AvgLatErr: 0.1256, Steps: 143)
  [Worker 1] episode 321 finished. (AvgLatErr: 0.1468, Steps: 140)
  [Worker 1] episode 322 finished. (AvgLatErr: 0.2023, Steps: 117)
  [Worker 1] episode 323 finished. (AvgLatErr: 0.2147, Steps: 134)
  [Worker 1] episode 324 finished. (AvgLatErr: 0.1635, Steps: 131)
  [Worker 1] episode 325 finished. (AvgLatErr: 0.1537, Steps: 129)
  [Worker 1] episode 326 finished. (AvgLatErr: 0.1560, Steps: 119)
  [Worker 1] episode 327 finished. (AvgLatErr: 0.1748, Steps: 130)
  [Worker 1] episode 328 finished. (AvgLatErr: 0.2704, Steps: 120)
  [Worker 1] episode 329 finished. (AvgLatErr: 0.2566, Steps: 130)
[Worker 1].
Warning: num_agents (8) is greater than the number of available vehicle parameters (4). Cycling vehicle templates.
[Worker 2] TensorFlow device=GPU, mixed_precision=mixed_float16
[Worker 2] Random seed fixed: 300361
[Worker 2] started on GPU.
  [Worker 2] episode 320 finished. (AvgLatErr: 0.2446, Steps: 142)
  [Worker 2] episode 321 finished. (AvgLatErr: 0.5204, Steps: 143)
  [Worker 2] episode 322 finished. (AvgLatErr: 0.1651, Steps: 150)
  [Worker 2] episode 323 finished. (AvgLatErr: 0.2486, Steps: 156)
  [Worker 2] episode 324 finished. (AvgLatErr: 0.4260, Steps: 130)
  [Worker 2] episode 325 finished. (AvgLatErr: 0.6989, Steps: 133)
  [Worker 2] episode 326 finished. (AvgLatErr: 0.3699, Steps: 128)
  [Worker 2] episode 327 finished. (AvgLatErr: 0.4215, Steps: 147)
  [Worker 2] episode 328 finished. (AvgLatErr: 0.4066, Steps: 146)
  [Worker 2] episode 329 finished. (AvgLatErr: 0.3521, Steps: 121)
[Worker 2].
Warning: num_agents (8) is greater than the number of available vehicle parameters (4). Cycling vehicle templates.
[Worker 3] TensorFlow device=GPU, mixed_precision=mixed_float16
[Worker 3] Random seed fixed: 400361
[Worker 3] started on GPU.
  [Worker 3] episode 320 finished. (AvgLatErr: 0.3708, Steps: 192)
  [Worker 3] episode 321 finished. (AvgLatErr: 0.3481, Steps: 182)
  [Worker 3] episode 322 finished. (AvgLatErr: 0.4639, Steps: 187)
  [Worker 3] episode 323 finished. (AvgLatErr: 0.9516, Steps: 177)
  [Worker 3] episode 324 finished. (AvgLatErr: 0.4998, Steps: 195)
  [Worker 3] episode 325 finished. (AvgLatErr: 0.8153, Steps: 181)
  [Worker 3] episode 326 finished. (AvgLatErr: 0.9097, Steps: 187)
  [Worker 3] episode 327 finished. (AvgLatErr: 0.6149, Steps: 186)
  [Worker 3] episode 328 finished. (AvgLatErr: 0.5144, Steps: 182)
  [Worker 3] episode 329 finished. (AvgLatErr: 0.9596, Steps: 181)
[Worker 3].
Warning: num_agents (8) is greater than the number of available vehicle parameters (4). Cycling vehicle templates.
[Worker 4] TensorFlow device=GPU, mixed_precision=mixed_float16
[Worker 4] Random seed fixed: 500361
[Worker 4] started on GPU.
  [Worker 4] episode 320 finished. (AvgLatErr: 0.3734, Steps: 176)
  [Worker 4] episode 321 finished. (AvgLatErr: 5.3353, Steps: 200)
  [Worker 4] episode 322 finished. (AvgLatErr: 0.6531, Steps: 171)
  [Worker 4] episode 323 finished. (AvgLatErr: 0.9091, Steps: 175)
  [Worker 4] episode 324 finished. (AvgLatErr: 0.6815, Steps: 156)
  [Worker 4] episode 325 finished. (AvgLatErr: 0.5178, Steps: 161)
  [Worker 4] episode 326 finished. (AvgLatErr: 0.9231, Steps: 180)
  [Worker 4] episode 327 finished. (AvgLatErr: 0.5627, Steps: 165)
  [Worker 4] episode 328 finished. (AvgLatErr: 0.4677, Steps: 163)
  [Worker 4] episode 329 finished. (AvgLatErr: 0.4377, Steps: 154)
[Worker 4].
Warning: num_agents (8) is greater than the number of available vehicle parameters (4). Cycling vehicle templates.
[Worker 5] TensorFlow device=GPU, mixed_precision=mixed_float16
[Worker 5] Random seed fixed: 600361
[Worker 5] started on GPU.
  [Worker 5] episode 320 finished. (AvgLatErr: 0.1418, Steps: 194)
  [Worker 5] episode 321 finished. (AvgLatErr: 0.1140, Steps: 200)
  [Worker 5] episode 322 finished. (AvgLatErr: 0.1659, Steps: 198)
  [Worker 5] episode 323 finished. (AvgLatErr: 0.2251, Steps: 153)
  [Worker 5] episode 324 finished. (AvgLatErr: 0.1906, Steps: 159)
  [Worker 5] episode 325 finished. (AvgLatErr: 0.2212, Steps: 157)
  [Worker 5] episode 326 finished. (AvgLatErr: 0.2430, Steps: 142)
  [Worker 5] episode 327 finished. (AvgLatErr: 0.2911, Steps: 155)
  [Worker 5] episode 328 finished. (AvgLatErr: 0.2014, Steps: 148)
  [Worker 5] episode 329 finished. (AvgLatErr: 0.3552, Steps: 144)
[Worker 5].
Warning: num_agents (8) is greater than the number of available vehicle parameters (4). Cycling vehicle templates.
[Worker 7] TensorFlow device=GPU, mixed_precision=mixed_float16
[Worker 7] Random seed fixed: 800361
[Worker 7] started on GPU.
  [Worker 7] episode 320 finished. (AvgLatErr: 0.1497, Steps: 159)
  [Worker 7] episode 321 finished. (AvgLatErr: 0.1848, Steps: 153)
  [Worker 7] episode 322 finished. (AvgLatErr: 0.1276, Steps: 148)
  [Worker 7] episode 323 finished. (AvgLatErr: 0.1160, Steps: 173)
  [Worker 7] episode 324 finished. (AvgLatErr: 0.1658, Steps: 139)
  [Worker 7] episode 325 finished. (AvgLatErr: 0.2095, Steps: 152)
  [Worker 7] episode 326 finished. (AvgLatErr: 0.2046, Steps: 132)
  [Worker 7] episode 327 finished. (AvgLatErr: 0.1549, Steps: 147)
  [Worker 7] episode 328 finished. (AvgLatErr: 0.1948, Steps: 135)
  [Worker 7] episode 329 finished. (AvgLatErr: 0.3367, Steps: 138)
[Worker 7].
Warning: num_agents (8) is greater than the number of available vehicle parameters (4). Cycling vehicle templates.
[Worker 6] TensorFlow device=GPU, mixed_precision=mixed_float16
[Worker 6] Random seed fixed: 700361
[Worker 6] started on GPU.
  [Worker 6] episode 320 finished. (AvgLatErr: 0.5255, Steps: 200)
  [Worker 6] episode 321 finished. (AvgLatErr: 0.5341, Steps: 200)
  [Worker 6] episode 322 finished. (AvgLatErr: 0.4043, Steps: 200)
  [Worker 6] episode 323 finished. (AvgLatErr: 0.3549, Steps: 200)
  [Worker 6] episode 324 finished. (AvgLatErr: 0.5132, Steps: 200)
  [Worker 6] episode 325 finished. (AvgLatErr: 0.5508, Steps: 200)
  [Worker 6] episode 326 finished. (AvgLatErr: 0.3575, Steps: 200)
  [Worker 6] episode 327 finished. (AvgLatErr: 0.3802, Steps: 200)
  [Worker 6] episode 328 finished. (AvgLatErr: 0.3922, Steps: 200)
  [Worker 6] episode 329 finished. (AvgLatErr: 0.2641, Steps: 200)
[Worker 6].
[Main] workers finished. (elapsed: 110.20s)
[Main] Aggregation-selected agents: [1, 2, 6, 7]
[Main] FedAdagrad update completed.
[Main] Replay buffers reset after global model update.
============================================================================================
329 EP / Agent 0 : Avg Lat Err 1.2206
329 EP / Agent 1 : Avg Lat Err 0.2566
329 EP / Agent 2 : Avg Lat Err 0.3521
329 EP / Agent 3 : Avg Lat Err 0.9596
329 EP / Agent 4 : Avg Lat Err 0.4377
329 EP / Agent 5 : Avg Lat Err 0.3552
329 EP / Agent 6 : Avg Lat Err 0.2641
329 EP / Agent 7 : Avg Lat Err 0.3367
============================================================================================

============================================================================================
[Main] FL round started. (episode 330 ~ 339)
[Main] Client selection: mode=error_low, budget=4
[Main] Participating agents: [0, 1, 2, 3, 4, 5, 6, 7]
Warning: num_agents (8) is greater than the number of available vehicle parameters (4). Cycling vehicle templates.
[Worker 0] TensorFlow device=GPU, mixed_precision=mixed_float16
[Worker 0] Random seed fixed: 100371
[Worker 0] started on GPU.
  [Worker 0] episode 330 finished. (AvgLatErr: 0.9147, Steps: 132)
  [Worker 0] episode 331 finished. (AvgLatErr: 1.4331, Steps: 154)
  [Worker 0] episode 332 finished. (AvgLatErr: 0.8556, Steps: 126)
  [Worker 0] episode 333 finished. (AvgLatErr: 0.9938, Steps: 135)
  [Worker 0] episode 334 finished. (AvgLatErr: 1.2839, Steps: 135)
  [Worker 0] episode 335 finished. (AvgLatErr: 1.7551, Steps: 150)
  [Worker 0] episode 336 finished. (AvgLatErr: 1.2123, Steps: 140)
  [Worker 0] episode 337 finished. (AvgLatErr: 0.9362, Steps: 131)
  [Worker 0] episode 338 finished. (AvgLatErr: 0.9829, Steps: 127)
  [Worker 0] episode 339 finished. (AvgLatErr: 1.5439, Steps: 146)
[Worker 0].
Warning: num_agents (8) is greater than the number of available vehicle parameters (4). Cycling vehicle templates.
[Worker 1] TensorFlow device=GPU, mixed_precision=mixed_float16
[Worker 1] Random seed fixed: 200371
[Worker 1] started on GPU.
  [Worker 1] episode 330 finished. (AvgLatErr: 0.1733, Steps: 129)
  [Worker 1] episode 331 finished. (AvgLatErr: 0.2365, Steps: 146)
  [Worker 1] episode 332 finished. (AvgLatErr: 0.1502, Steps: 129)
  [Worker 1] episode 333 finished. (AvgLatErr: 0.1634, Steps: 128)
  [Worker 1] episode 334 finished. (AvgLatErr: 0.1631, Steps: 134)
  [Worker 1] episode 335 finished. (AvgLatErr: 0.3649, Steps: 142)
  [Worker 1] episode 336 finished. (AvgLatErr: 0.2493, Steps: 130)
  [Worker 1] episode 337 finished. (AvgLatErr: 0.1965, Steps: 126)
  [Worker 1] episode 338 finished. (AvgLatErr: 0.1167, Steps: 129)
  [Worker 1] episode 339 finished. (AvgLatErr: 0.2083, Steps: 123)
[Worker 1].
Warning: num_agents (8) is greater than the number of available vehicle parameters (4). Cycling vehicle templates.
[Worker 2] TensorFlow device=GPU, mixed_precision=mixed_float16
[Worker 2] Random seed fixed: 300371
[Worker 2] started on GPU.
  [Worker 2] episode 330 finished. (AvgLatErr: 0.3339, Steps: 127)
  [Worker 2] episode 331 finished. (AvgLatErr: 0.2765, Steps: 144)
  [Worker 2] episode 332 finished. (AvgLatErr: 0.2293, Steps: 129)
  [Worker 2] episode 333 finished. (AvgLatErr: 0.3773, Steps: 128)
  [Worker 2] episode 334 finished. (AvgLatErr: 0.3595, Steps: 130)
  [Worker 2] episode 335 finished. (AvgLatErr: 0.3411, Steps: 128)
  [Worker 2] episode 336 finished. (AvgLatErr: 0.4251, Steps: 114)
  [Worker 2] episode 337 finished. (AvgLatErr: 0.3081, Steps: 129)
  [Worker 2] episode 338 finished. (AvgLatErr: 0.3381, Steps: 123)
  [Worker 2] episode 339 finished. (AvgLatErr: 0.4428, Steps: 123)
[Worker 2].
Warning: num_agents (8) is greater than the number of available vehicle parameters (4). Cycling vehicle templates.
[Worker 3] TensorFlow device=GPU, mixed_precision=mixed_float16
[Worker 3] Random seed fixed: 400371
[Worker 3] started on GPU.
  [Worker 3] episode 330 finished. (AvgLatErr: 0.5446, Steps: 181)
  [Worker 3] episode 331 finished. (AvgLatErr: 0.5586, Steps: 176)
  [Worker 3] episode 332 finished. (AvgLatErr: 0.7253, Steps: 171)
  [Worker 3] episode 333 finished. (AvgLatErr: 0.8385, Steps: 175)
  [Worker 3] episode 334 finished. (AvgLatErr: 0.7174, Steps: 173)
  [Worker 3] episode 335 finished. (AvgLatErr: 0.6940, Steps: 181)
  [Worker 3] episode 336 finished. (AvgLatErr: 0.9345, Steps: 174)
  [Worker 3] episode 337 finished. (AvgLatErr: 0.5541, Steps: 178)
  [Worker 3] episode 338 finished. (AvgLatErr: 0.7196, Steps: 169)
  [Worker 3] episode 339 finished. (AvgLatErr: 1.3690, Steps: 183)
[Worker 3].
Warning: num_agents (8) is greater than the number of available vehicle parameters (4). Cycling vehicle templates.
[Worker 4] TensorFlow device=GPU, mixed_precision=mixed_float16
[Worker 4] Random seed fixed: 500371
[Worker 4] started on GPU.
  [Worker 4] episode 330 finished. (AvgLatErr: 0.4016, Steps: 160)
  [Worker 4] episode 331 finished. (AvgLatErr: 0.4139, Steps: 163)
  [Worker 4] episode 332 finished. (AvgLatErr: 0.2668, Steps: 155)
  [Worker 4] episode 333 finished. (AvgLatErr: 0.2945, Steps: 169)
  [Worker 4] episode 334 finished. (AvgLatErr: 0.3295, Steps: 167)
  [Worker 4] episode 335 finished. (AvgLatErr: 0.3031, Steps: 173)
  [Worker 4] episode 336 finished. (AvgLatErr: 0.3029, Steps: 168)
  [Worker 4] episode 337 finished. (AvgLatErr: 0.3395, Steps: 167)
  [Worker 4] episode 338 finished. (AvgLatErr: 0.2267, Steps: 162)
  [Worker 4] episode 339 finished. (AvgLatErr: 0.3319, Steps: 178)
[Worker 4].
Warning: num_agents (8) is greater than the number of available vehicle parameters (4). Cycling vehicle templates.
[Worker 5] TensorFlow device=GPU, mixed_precision=mixed_float16
[Worker 5] Random seed fixed: 600371
[Worker 5] started on GPU.
  [Worker 5] episode 330 finished. (AvgLatErr: 0.1725, Steps: 169)
  [Worker 5] episode 331 finished. (AvgLatErr: 0.2092, Steps: 172)
  [Worker 5] episode 332 finished. (AvgLatErr: 0.2325, Steps: 150)
  [Worker 5] episode 333 finished. (AvgLatErr: 0.2056, Steps: 164)
  [Worker 5] episode 334 finished. (AvgLatErr: 0.1494, Steps: 170)
  [Worker 5] episode 335 finished. (AvgLatErr: 0.2282, Steps: 144)
  [Worker 5] episode 336 finished. (AvgLatErr: 0.1867, Steps: 173)
  [Worker 5] episode 337 finished. (AvgLatErr: 0.1976, Steps: 147)
  [Worker 5] episode 338 finished. (AvgLatErr: 0.2089, Steps: 155)
  [Worker 5] episode 339 finished. (AvgLatErr: 0.1915, Steps: 173)
[Worker 5].
Warning: num_agents (8) is greater than the number of available vehicle parameters (4). Cycling vehicle templates.
[Worker 7] TensorFlow device=GPU, mixed_precision=mixed_float16
[Worker 7] Random seed fixed: 800371
[Worker 7] started on GPU.
  [Worker 7] episode 330 finished. (AvgLatErr: 0.1695, Steps: 152)
  [Worker 7] episode 331 finished. (AvgLatErr: 0.2309, Steps: 161)
  [Worker 7] episode 332 finished. (AvgLatErr: 0.3369, Steps: 134)
  [Worker 7] episode 333 finished. (AvgLatErr: 0.2565, Steps: 141)
  [Worker 7] episode 334 finished. (AvgLatErr: 0.2483, Steps: 136)
  [Worker 7] episode 335 finished. (AvgLatErr: 0.2771, Steps: 126)
  [Worker 7] episode 336 finished. (AvgLatErr: 0.2810, Steps: 139)
  [Worker 7] episode 337 finished. (AvgLatErr: 0.2034, Steps: 135)
  [Worker 7] episode 338 finished. (AvgLatErr: 0.1592, Steps: 139)
  [Worker 7] episode 339 finished. (AvgLatErr: 4.2861, Steps: 200)
[Worker 7].
Warning: num_agents (8) is greater than the number of available vehicle parameters (4). Cycling vehicle templates.
[Worker 6] TensorFlow device=GPU, mixed_precision=mixed_float16
[Worker 6] Random seed fixed: 700371
[Worker 6] started on GPU.
  [Worker 6] episode 330 finished. (AvgLatErr: 0.3724, Steps: 200)
  [Worker 6] episode 331 finished. (AvgLatErr: 0.4234, Steps: 200)
  [Worker 6] episode 332 finished. (AvgLatErr: 0.5184, Steps: 200)
  [Worker 6] episode 333 finished. (AvgLatErr: 0.4099, Steps: 200)
  [Worker 6] episode 334 finished. (AvgLatErr: 0.4112, Steps: 200)
  [Worker 6] episode 335 finished. (AvgLatErr: 0.5350, Steps: 200)
  [Worker 6] episode 336 finished. (AvgLatErr: 0.3829, Steps: 200)
  [Worker 6] episode 337 finished. (AvgLatErr: 0.4000, Steps: 200)
  [Worker 6] episode 338 finished. (AvgLatErr: 0.3411, Steps: 200)
  [Worker 6] episode 339 finished. (AvgLatErr: 0.4171, Steps: 200)
[Worker 6].
[Main] workers finished. (elapsed: 111.32s)
[Main] Aggregation-selected agents: [1, 4, 5, 6]
[Main] FedAdagrad update completed.
[Main] Replay buffers reset after global model update.
============================================================================================
339 EP / Agent 0 : Avg Lat Err 1.5439
339 EP / Agent 1 : Avg Lat Err 0.2083
339 EP / Agent 2 : Avg Lat Err 0.4428
339 EP / Agent 3 : Avg Lat Err 1.3690
339 EP / Agent 4 : Avg Lat Err 0.3319
339 EP / Agent 5 : Avg Lat Err 0.1915
339 EP / Agent 6 : Avg Lat Err 0.4171
339 EP / Agent 7 : Avg Lat Err 4.2861
============================================================================================

============================================================================================
[Main] FL round started. (episode 340 ~ 349)
[Main] Client selection: mode=error_low, budget=4
[Main] Participating agents: [0, 1, 2, 3, 4, 5, 6, 7]
Warning: num_agents (8) is greater than the number of available vehicle parameters (4). Cycling vehicle templates.
[Worker 0] TensorFlow device=GPU, mixed_precision=mixed_float16
[Worker 0] Random seed fixed: 100381
[Worker 0] started on GPU.
  [Worker 0] episode 340 finished. (AvgLatErr: 0.6785, Steps: 137)
  [Worker 0] episode 341 finished. (AvgLatErr: 1.2920, Steps: 141)
  [Worker 0] episode 342 finished. (AvgLatErr: 0.6381, Steps: 145)
  [Worker 0] episode 343 finished. (AvgLatErr: 1.1865, Steps: 140)
  [Worker 0] episode 344 finished. (AvgLatErr: 0.8563, Steps: 136)
  [Worker 0] episode 345 finished. (AvgLatErr: 0.6963, Steps: 142)
  [Worker 0] episode 346 finished. (AvgLatErr: 0.8557, Steps: 132)
  [Worker 0] episode 347 finished. (AvgLatErr: 0.8009, Steps: 142)
  [Worker 0] episode 348 finished. (AvgLatErr: 0.9129, Steps: 143)
  [Worker 0] episode 349 finished. (AvgLatErr: 0.6846, Steps: 143)
[Worker 0].
Warning: num_agents (8) is greater than the number of available vehicle parameters (4). Cycling vehicle templates.
[Worker 1] TensorFlow device=GPU, mixed_precision=mixed_float16
[Worker 1] Random seed fixed: 200381
[Worker 1] started on GPU.
  [Worker 1] episode 340 finished. (AvgLatErr: 0.1032, Steps: 151)
  [Worker 1] episode 341 finished. (AvgLatErr: 0.1629, Steps: 137)
  [Worker 1] episode 342 finished. (AvgLatErr: 0.2207, Steps: 148)
  [Worker 1] episode 343 finished. (AvgLatErr: 0.2080, Steps: 115)
  [Worker 1] episode 344 finished. (AvgLatErr: 0.1550, Steps: 127)
  [Worker 1] episode 345 finished. (AvgLatErr: 0.1766, Steps: 140)
  [Worker 1] episode 346 finished. (AvgLatErr: 0.1889, Steps: 134)
  [Worker 1] episode 347 finished. (AvgLatErr: 0.1628, Steps: 124)
  [Worker 1] episode 348 finished. (AvgLatErr: 0.1924, Steps: 133)
  [Worker 1] episode 349 finished. (AvgLatErr: 0.1224, Steps: 131)
[Worker 1].
Warning: num_agents (8) is greater than the number of available vehicle parameters (4). Cycling vehicle templates.
[Worker 2] TensorFlow device=GPU, mixed_precision=mixed_float16
[Worker 2] Random seed fixed: 300381
[Worker 2] started on GPU.
  [Worker 2] episode 340 finished. (AvgLatErr: 0.3101, Steps: 148)
  [Worker 2] episode 341 finished. (AvgLatErr: 0.3290, Steps: 136)
  [Worker 2] episode 342 finished. (AvgLatErr: 0.4543, Steps: 123)
  [Worker 2] episode 343 finished. (AvgLatErr: 0.3811, Steps: 130)
  [Worker 2] episode 344 finished. (AvgLatErr: 0.5411, Steps: 141)
  [Worker 2] episode 345 finished. (AvgLatErr: 0.3618, Steps: 140)
  [Worker 2] episode 346 finished. (AvgLatErr: 0.5224, Steps: 117)
  [Worker 2] episode 347 finished. (AvgLatErr: 0.3732, Steps: 128)
  [Worker 2] episode 348 finished. (AvgLatErr: 0.5723, Steps: 127)
  [Worker 2] episode 349 finished. (AvgLatErr: 0.2787, Steps: 128)
[Worker 2].
Warning: num_agents (8) is greater than the number of available vehicle parameters (4). Cycling vehicle templates.
[Worker 3] TensorFlow device=GPU, mixed_precision=mixed_float16
[Worker 3] Random seed fixed: 400381
[Worker 3] started on GPU.
  [Worker 3] episode 340 finished. (AvgLatErr: 0.2624, Steps: 200)
  [Worker 3] episode 341 finished. (AvgLatErr: 0.5094, Steps: 188)
  [Worker 3] episode 342 finished. (AvgLatErr: 0.5715, Steps: 185)
  [Worker 3] episode 343 finished. (AvgLatErr: 0.6809, Steps: 193)
  [Worker 3] episode 344 finished. (AvgLatErr: 0.4908, Steps: 179)
  [Worker 3] episode 345 finished. (AvgLatErr: 0.5883, Steps: 181)
  [Worker 3] episode 346 finished. (AvgLatErr: 0.7776, Steps: 172)
  [Worker 3] episode 347 finished. (AvgLatErr: 0.8870, Steps: 187)
  [Worker 3] episode 348 finished. (AvgLatErr: 0.4263, Steps: 173)
  [Worker 3] episode 349 finished. (AvgLatErr: 0.7522, Steps: 175)
[Worker 3].
Warning: num_agents (8) is greater than the number of available vehicle parameters (4). Cycling vehicle templates.
[Worker 4] TensorFlow device=GPU, mixed_precision=mixed_float16
[Worker 4] Random seed fixed: 500381
[Worker 4] started on GPU.
  [Worker 4] episode 340 finished. (AvgLatErr: 0.2867, Steps: 169)
  [Worker 4] episode 341 finished. (AvgLatErr: 0.2840, Steps: 185)
  [Worker 4] episode 342 finished. (AvgLatErr: 0.6329, Steps: 198)
  [Worker 4] episode 343 finished. (AvgLatErr: 0.3405, Steps: 161)
  [Worker 4] episode 344 finished. (AvgLatErr: 0.3574, Steps: 162)
  [Worker 4] episode 345 finished. (AvgLatErr: 0.2607, Steps: 157)
  [Worker 4] episode 346 finished. (AvgLatErr: 0.3320, Steps: 160)
  [Worker 4] episode 347 finished. (AvgLatErr: 0.2820, Steps: 161)
  [Worker 4] episode 348 finished. (AvgLatErr: 0.3237, Steps: 173)
  [Worker 4] episode 349 finished. (AvgLatErr: 0.2836, Steps: 164)
[Worker 4].
Warning: num_agents (8) is greater than the number of available vehicle parameters (4). Cycling vehicle templates.
[Worker 5] TensorFlow device=GPU, mixed_precision=mixed_float16
[Worker 5] Random seed fixed: 600381
[Worker 5] started on GPU.
  [Worker 5] episode 340 finished. (AvgLatErr: 0.1705, Steps: 192)
  [Worker 5] episode 341 finished. (AvgLatErr: 0.2591, Steps: 156)
  [Worker 5] episode 342 finished. (AvgLatErr: 0.1850, Steps: 163)
  [Worker 5] episode 343 finished. (AvgLatErr: 0.3010, Steps: 166)
  [Worker 5] episode 344 finished. (AvgLatErr: 0.2176, Steps: 170)
  [Worker 5] episode 345 finished. (AvgLatErr: 0.2422, Steps: 154)
  [Worker 5] episode 346 finished. (AvgLatErr: 0.2616, Steps: 182)
  [Worker 5] episode 347 finished. (AvgLatErr: 0.1912, Steps: 164)
  [Worker 5] episode 348 finished. (AvgLatErr: 0.1539, Steps: 163)
  [Worker 5] episode 349 finished. (AvgLatErr: 0.1683, Steps: 141)
[Worker 5].
Warning: num_agents (8) is greater than the number of available vehicle parameters (4). Cycling vehicle templates.
[Worker 7] TensorFlow device=GPU, mixed_precision=mixed_float16
[Worker 7] Random seed fixed: 800381
[Worker 7] started on GPU.
  [Worker 7] episode 340 finished. (AvgLatErr: 0.0982, Steps: 182)
  [Worker 7] episode 341 finished. (AvgLatErr: 0.1953, Steps: 156)
  [Worker 7] episode 342 finished. (AvgLatErr: 0.1179, Steps: 184)
  [Worker 7] episode 343 finished. (AvgLatErr: 0.1438, Steps: 173)
  [Worker 7] episode 344 finished. (AvgLatErr: 1.9658, Steps: 200)
  [Worker 7] episode 345 finished. (AvgLatErr: 0.2298, Steps: 148)
  [Worker 7] episode 346 finished. (AvgLatErr: 0.1644, Steps: 142)
  [Worker 7] episode 347 finished. (AvgLatErr: 0.3863, Steps: 173)
  [Worker 7] episode 348 finished. (AvgLatErr: 0.1625, Steps: 148)
  [Worker 7] episode 349 finished. (AvgLatErr: 0.2108, Steps: 145)
[Worker 7].
Warning: num_agents (8) is greater than the number of available vehicle parameters (4). Cycling vehicle templates.
[Worker 6] TensorFlow device=GPU, mixed_precision=mixed_float16
[Worker 6] Random seed fixed: 700381
[Worker 6] started on GPU.
  [Worker 6] episode 340 finished. (AvgLatErr: 0.3438, Steps: 200)
  [Worker 6] episode 341 finished. (AvgLatErr: 0.5835, Steps: 200)
  [Worker 6] episode 342 finished. (AvgLatErr: 0.4126, Steps: 200)
  [Worker 6] episode 343 finished. (AvgLatErr: 0.5064, Steps: 200)
  [Worker 6] episode 344 finished. (AvgLatErr: 0.3157, Steps: 200)
  [Worker 6] episode 345 finished. (AvgLatErr: 0.3588, Steps: 200)
  [Worker 6] episode 346 finished. (AvgLatErr: 0.7774, Steps: 200)
  [Worker 6] episode 347 finished. (AvgLatErr: 0.2740, Steps: 200)
  [Worker 6] episode 348 finished. (AvgLatErr: 0.2651, Steps: 200)
  [Worker 6] episode 349 finished. (AvgLatErr: 0.3716, Steps: 200)
[Worker 6].
[Main] workers finished. (elapsed: 112.79s)
[Main] Aggregation-selected agents: [1, 2, 5, 7]
[Main] FedAdagrad update completed.
[Main] Replay buffers reset after global model update.
============================================================================================
349 EP / Agent 0 : Avg Lat Err 0.6846
349 EP / Agent 1 : Avg Lat Err 0.1224
349 EP / Agent 2 : Avg Lat Err 0.2787
349 EP / Agent 3 : Avg Lat Err 0.7522
349 EP / Agent 4 : Avg Lat Err 0.2836
349 EP / Agent 5 : Avg Lat Err 0.1683
349 EP / Agent 6 : Avg Lat Err 0.3716
349 EP / Agent 7 : Avg Lat Err 0.2108
============================================================================================
[Main] Model checkpoint saved: C:\Users\syd79\FRL-Q\experiments\fast_parallel_fedadagrad_8errorlow4_20260916_run1_error_low_4of8\checkpoints\global_model_episode_000350.weights.h5

============================================================================================
[Main] FL round started. (episode 350 ~ 359)
[Main] Client selection: mode=error_low, budget=4
[Main] Participating agents: [0, 1, 2, 3, 4, 5, 6, 7]
Warning: num_agents (8) is greater than the number of available vehicle parameters (4). Cycling vehicle templates.
[Worker 0] TensorFlow device=GPU, mixed_precision=mixed_float16
[Worker 0] Random seed fixed: 100391
[Worker 0] started on GPU.
  [Worker 0] episode 350 finished. (AvgLatErr: 0.7003, Steps: 133)
  [Worker 0] episode 351 finished. (AvgLatErr: 0.9503, Steps: 141)
  [Worker 0] episode 352 finished. (AvgLatErr: 0.9960, Steps: 144)
  [Worker 0] episode 353 finished. (AvgLatErr: 1.0786, Steps: 136)
  [Worker 0] episode 354 finished. (AvgLatErr: 1.1612, Steps: 134)
  [Worker 0] episode 355 finished. (AvgLatErr: 1.1506, Steps: 139)
  [Worker 0] episode 356 finished. (AvgLatErr: 0.5351, Steps: 142)
  [Worker 0] episode 357 finished. (AvgLatErr: 0.6856, Steps: 140)
  [Worker 0] episode 358 finished. (AvgLatErr: 0.6141, Steps: 134)
  [Worker 0] episode 359 finished. (AvgLatErr: 0.6786, Steps: 134)
[Worker 0].
Warning: num_agents (8) is greater than the number of available vehicle parameters (4). Cycling vehicle templates.
[Worker 1] TensorFlow device=GPU, mixed_precision=mixed_float16
[Worker 1] Random seed fixed: 200391
[Worker 1] started on GPU.
  [Worker 1] episode 350 finished. (AvgLatErr: 0.2652, Steps: 147)
  [Worker 1] episode 351 finished. (AvgLatErr: 0.1560, Steps: 149)
  [Worker 1] episode 352 finished. (AvgLatErr: 0.1380, Steps: 134)
  [Worker 1] episode 353 finished. (AvgLatErr: 0.2592, Steps: 125)
  [Worker 1] episode 354 finished. (AvgLatErr: 0.1630, Steps: 112)
  [Worker 1] episode 355 finished. (AvgLatErr: 0.1542, Steps: 135)
  [Worker 1] episode 356 finished. (AvgLatErr: 0.1571, Steps: 124)
  [Worker 1] episode 357 finished. (AvgLatErr: 0.1799, Steps: 134)
  [Worker 1] episode 358 finished. (AvgLatErr: 0.2486, Steps: 128)
  [Worker 1] episode 359 finished. (AvgLatErr: 0.2223, Steps: 138)
[Worker 1].
Warning: num_agents (8) is greater than the number of available vehicle parameters (4). Cycling vehicle templates.
[Worker 2] TensorFlow device=GPU, mixed_precision=mixed_float16
[Worker 2] Random seed fixed: 300391
[Worker 2] started on GPU.
  [Worker 2] episode 350 finished. (AvgLatErr: 0.3479, Steps: 123)
  [Worker 2] episode 351 finished. (AvgLatErr: 0.3784, Steps: 134)
  [Worker 2] episode 352 finished. (AvgLatErr: 0.5787, Steps: 132)
  [Worker 2] episode 353 finished. (AvgLatErr: 0.5698, Steps: 133)
  [Worker 2] episode 354 finished. (AvgLatErr: 0.3551, Steps: 137)
  [Worker 2] episode 355 finished. (AvgLatErr: 0.4102, Steps: 151)
  [Worker 2] episode 356 finished. (AvgLatErr: 0.3702, Steps: 129)
  [Worker 2] episode 357 finished. (AvgLatErr: 0.3714, Steps: 137)
  [Worker 2] episode 358 finished. (AvgLatErr: 0.2685, Steps: 126)
  [Worker 2] episode 359 finished. (AvgLatErr: 0.3674, Steps: 136)
[Worker 2].
Warning: num_agents (8) is greater than the number of available vehicle parameters (4). Cycling vehicle templates.
[Worker 3] TensorFlow device=GPU, mixed_precision=mixed_float16
[Worker 3] Random seed fixed: 400391
[Worker 3] started on GPU.
  [Worker 3] episode 350 finished. (AvgLatErr: 0.3519, Steps: 199)
  [Worker 3] episode 351 finished. (AvgLatErr: 0.4875, Steps: 200)
  [Worker 3] episode 352 finished. (AvgLatErr: 0.2350, Steps: 200)
  [Worker 3] episode 353 finished. (AvgLatErr: 0.3754, Steps: 177)
  [Worker 3] episode 354 finished. (AvgLatErr: 0.5066, Steps: 174)
  [Worker 3] episode 355 finished. (AvgLatErr: 0.4853, Steps: 173)
  [Worker 3] episode 356 finished. (AvgLatErr: 0.7404, Steps: 188)
  [Worker 3] episode 357 finished. (AvgLatErr: 0.9754, Steps: 182)
  [Worker 3] episode 358 finished. (AvgLatErr: 1.1117, Steps: 174)
  [Worker 3] episode 359 finished. (AvgLatErr: 0.4015, Steps: 192)
[Worker 3].
Warning: num_agents (8) is greater than the number of available vehicle parameters (4). Cycling vehicle templates.
[Worker 4] TensorFlow device=GPU, mixed_precision=mixed_float16
[Worker 4] Random seed fixed: 500391
[Worker 4] started on GPU.
  [Worker 4] episode 350 finished. (AvgLatErr: 0.2746, Steps: 155)
  [Worker 4] episode 351 finished. (AvgLatErr: 0.3359, Steps: 167)
  [Worker 4] episode 352 finished. (AvgLatErr: 0.2594, Steps: 155)
  [Worker 4] episode 353 finished. (AvgLatErr: 0.4459, Steps: 174)
  [Worker 4] episode 354 finished. (AvgLatErr: 0.3858, Steps: 160)
  [Worker 4] episode 355 finished. (AvgLatErr: 0.3992, Steps: 175)
  [Worker 4] episode 356 finished. (AvgLatErr: 0.3458, Steps: 170)
  [Worker 4] episode 357 finished. (AvgLatErr: 0.3567, Steps: 177)
  [Worker 4] episode 358 finished. (AvgLatErr: 0.2962, Steps: 157)
  [Worker 4] episode 359 finished. (AvgLatErr: 0.2329, Steps: 163)
[Worker 4].
Warning: num_agents (8) is greater than the number of available vehicle parameters (4). Cycling vehicle templates.
[Worker 5] TensorFlow device=GPU, mixed_precision=mixed_float16
[Worker 5] Random seed fixed: 600391
[Worker 5] started on GPU.
  [Worker 5] episode 350 finished. (AvgLatErr: 0.2321, Steps: 179)
  [Worker 5] episode 351 finished. (AvgLatErr: 0.2081, Steps: 154)
  [Worker 5] episode 352 finished. (AvgLatErr: 0.2675, Steps: 142)
  [Worker 5] episode 353 finished. (AvgLatErr: 0.1672, Steps: 158)
  [Worker 5] episode 354 finished. (AvgLatErr: 0.1999, Steps: 172)
  [Worker 5] episode 355 finished. (AvgLatErr: 0.1601, Steps: 157)
  [Worker 5] episode 356 finished. (AvgLatErr: 0.2303, Steps: 156)
  [Worker 5] episode 357 finished. (AvgLatErr: 0.2452, Steps: 147)
  [Worker 5] episode 358 finished. (AvgLatErr: 0.2704, Steps: 141)
  [Worker 5] episode 359 finished. (AvgLatErr: 0.2794, Steps: 158)
[Worker 5].
Warning: num_agents (8) is greater than the number of available vehicle parameters (4). Cycling vehicle templates.
[Worker 7] TensorFlow device=GPU, mixed_precision=mixed_float16
[Worker 7] Random seed fixed: 800391
[Worker 7] started on GPU.
  [Worker 7] episode 350 finished. (AvgLatErr: 0.1877, Steps: 159)
  [Worker 7] episode 351 finished. (AvgLatErr: 0.2188, Steps: 152)
  [Worker 7] episode 352 finished. (AvgLatErr: 0.1374, Steps: 148)
  [Worker 7] episode 353 finished. (AvgLatErr: 0.1452, Steps: 150)
  [Worker 7] episode 354 finished. (AvgLatErr: 0.1168, Steps: 140)
  [Worker 7] episode 355 finished. (AvgLatErr: 0.1609, Steps: 132)
  [Worker 7] episode 356 finished. (AvgLatErr: 0.1621, Steps: 162)
  [Worker 7] episode 357 finished. (AvgLatErr: 0.1953, Steps: 156)
  [Worker 7] episode 358 finished. (AvgLatErr: 0.1467, Steps: 147)
  [Worker 7] episode 359 finished. (AvgLatErr: 0.1466, Steps: 141)
[Worker 7].
Warning: num_agents (8) is greater than the number of available vehicle parameters (4). Cycling vehicle templates.
[Worker 6] TensorFlow device=GPU, mixed_precision=mixed_float16
[Worker 6] Random seed fixed: 700391
[Worker 6] started on GPU.
  [Worker 6] episode 350 finished. (AvgLatErr: 0.6524, Steps: 200)
  [Worker 6] episode 351 finished. (AvgLatErr: 0.5681, Steps: 200)
  [Worker 6] episode 352 finished. (AvgLatErr: 0.3886, Steps: 200)
  [Worker 6] episode 353 finished. (AvgLatErr: 0.4898, Steps: 200)
  [Worker 6] episode 354 finished. (AvgLatErr: 0.4519, Steps: 197)
  [Worker 6] episode 355 finished. (AvgLatErr: 0.3632, Steps: 200)
  [Worker 6] episode 356 finished. (AvgLatErr: 0.4156, Steps: 196)
  [Worker 6] episode 357 finished. (AvgLatErr: 0.3634, Steps: 200)
  [Worker 6] episode 358 finished. (AvgLatErr: 0.4053, Steps: 194)
  [Worker 6] episode 359 finished. (AvgLatErr: 0.3825, Steps: 200)
[Worker 6].
[Main] workers finished. (elapsed: 112.00s)
[Main] Aggregation-selected agents: [1, 4, 5, 7]
[Main] FedAdagrad update completed.
[Main] Replay buffers reset after global model update.
============================================================================================
359 EP / Agent 0 : Avg Lat Err 0.6786
359 EP / Agent 1 : Avg Lat Err 0.2223
359 EP / Agent 2 : Avg Lat Err 0.3674
359 EP / Agent 3 : Avg Lat Err 0.4015
359 EP / Agent 4 : Avg Lat Err 0.2329
359 EP / Agent 5 : Avg Lat Err 0.2794
359 EP / Agent 6 : Avg Lat Err 0.3825
359 EP / Agent 7 : Avg Lat Err 0.1466
============================================================================================

============================================================================================
[Main] FL round started. (episode 360 ~ 369)
[Main] Client selection: mode=error_low, budget=4
[Main] Participating agents: [0, 1, 2, 3, 4, 5, 6, 7]
Warning: num_agents (8) is greater than the number of available vehicle parameters (4). Cycling vehicle templates.
[Worker 0] TensorFlow device=GPU, mixed_precision=mixed_float16
[Worker 0] Random seed fixed: 100401
[Worker 0] started on GPU.
  [Worker 0] episode 360 finished. (AvgLatErr: 0.7575, Steps: 140)
  [Worker 0] episode 361 finished. (AvgLatErr: 0.8244, Steps: 140)
  [Worker 0] episode 362 finished. (AvgLatErr: 1.0616, Steps: 137)
  [Worker 0] episode 363 finished. (AvgLatErr: 0.8329, Steps: 132)
  [Worker 0] episode 364 finished. (AvgLatErr: 1.4117, Steps: 129)
  [Worker 0] episode 365 finished. (AvgLatErr: 0.9926, Steps: 139)
  [Worker 0] episode 366 finished. (AvgLatErr: 2.3543, Steps: 139)
  [Worker 0] episode 367 finished. (AvgLatErr: 1.3084, Steps: 130)
  [Worker 0] episode 368 finished. (AvgLatErr: 0.9220, Steps: 131)
  [Worker 0] episode 369 finished. (AvgLatErr: 0.6275, Steps: 126)
[Worker 0].
Warning: num_agents (8) is greater than the number of available vehicle parameters (4). Cycling vehicle templates.
[Worker 1] TensorFlow device=GPU, mixed_precision=mixed_float16
[Worker 1] Random seed fixed: 200401
[Worker 1] started on GPU.
  [Worker 1] episode 360 finished. (AvgLatErr: 0.1802, Steps: 150)
  [Worker 1] episode 361 finished. (AvgLatErr: 0.2030, Steps: 130)
  [Worker 1] episode 362 finished. (AvgLatErr: 0.1930, Steps: 134)
  [Worker 1] episode 363 finished. (AvgLatErr: 0.1770, Steps: 127)
  [Worker 1] episode 364 finished. (AvgLatErr: 0.2355, Steps: 124)
  [Worker 1] episode 365 finished. (AvgLatErr: 0.1634, Steps: 120)
  [Worker 1] episode 366 finished. (AvgLatErr: 0.1829, Steps: 121)
  [Worker 1] episode 367 finished. (AvgLatErr: 0.1444, Steps: 129)
  [Worker 1] episode 368 finished. (AvgLatErr: 0.1632, Steps: 126)
  [Worker 1] episode 369 finished. (AvgLatErr: 0.1667, Steps: 131)
[Worker 1].
Warning: num_agents (8) is greater than the number of available vehicle parameters (4). Cycling vehicle templates.
[Worker 2] TensorFlow device=GPU, mixed_precision=mixed_float16
[Worker 2] Random seed fixed: 300401
[Worker 2] started on GPU.
  [Worker 2] episode 360 finished. (AvgLatErr: 0.2594, Steps: 128)
  [Worker 2] episode 361 finished. (AvgLatErr: 0.5396, Steps: 137)
  [Worker 2] episode 362 finished. (AvgLatErr: 0.2534, Steps: 130)
  [Worker 2] episode 363 finished. (AvgLatErr: 0.4047, Steps: 123)
  [Worker 2] episode 364 finished. (AvgLatErr: 0.2125, Steps: 146)
  [Worker 2] episode 365 finished. (AvgLatErr: 0.3136, Steps: 139)
  [Worker 2] episode 366 finished. (AvgLatErr: 0.4934, Steps: 127)
  [Worker 2] episode 367 finished. (AvgLatErr: 0.3564, Steps: 122)
  [Worker 2] episode 368 finished. (AvgLatErr: 0.3165, Steps: 138)
  [Worker 2] episode 369 finished. (AvgLatErr: 0.9713, Steps: 137)
[Worker 2].
Warning: num_agents (8) is greater than the number of available vehicle parameters (4). Cycling vehicle templates.
[Worker 3] TensorFlow device=GPU, mixed_precision=mixed_float16
[Worker 3] Random seed fixed: 400401
[Worker 3] started on GPU.
  [Worker 3] episode 360 finished. (AvgLatErr: 0.5498, Steps: 179)
  [Worker 3] episode 361 finished. (AvgLatErr: 0.3980, Steps: 177)
  [Worker 3] episode 362 finished. (AvgLatErr: 0.5842, Steps: 169)
  [Worker 3] episode 363 finished. (AvgLatErr: 0.5786, Steps: 181)
  [Worker 3] episode 364 finished. (AvgLatErr: 0.6016, Steps: 174)
  [Worker 3] episode 365 finished. (AvgLatErr: 0.6791, Steps: 175)
  [Worker 3] episode 366 finished. (AvgLatErr: 0.6239, Steps: 174)
  [Worker 3] episode 367 finished. (AvgLatErr: 0.4646, Steps: 181)
  [Worker 3] episode 368 finished. (AvgLatErr: 0.8581, Steps: 186)
  [Worker 3] episode 369 finished. (AvgLatErr: 0.5752, Steps: 187)
[Worker 3].
Warning: num_agents (8) is greater than the number of available vehicle parameters (4). Cycling vehicle templates.
[Worker 4] TensorFlow device=GPU, mixed_precision=mixed_float16
[Worker 4] Random seed fixed: 500401
[Worker 4] started on GPU.
  [Worker 4] episode 360 finished. (AvgLatErr: 0.3935, Steps: 165)
  [Worker 4] episode 361 finished. (AvgLatErr: 0.3600, Steps: 168)
  [Worker 4] episode 362 finished. (AvgLatErr: 0.2582, Steps: 158)
  [Worker 4] episode 363 finished. (AvgLatErr: 0.3303, Steps: 183)
  [Worker 4] episode 364 finished. (AvgLatErr: 1.0813, Steps: 200)
  [Worker 4] episode 365 finished. (AvgLatErr: 0.4034, Steps: 186)
  [Worker 4] episode 366 finished. (AvgLatErr: 0.4753, Steps: 185)
  [Worker 4] episode 367 finished. (AvgLatErr: 0.2733, Steps: 158)
  [Worker 4] episode 368 finished. (AvgLatErr: 0.4628, Steps: 164)
  [Worker 4] episode 369 finished. (AvgLatErr: 0.2835, Steps: 163)
[Worker 4].
Warning: num_agents (8) is greater than the number of available vehicle parameters (4). Cycling vehicle templates.
[Worker 7] TensorFlow device=GPU, mixed_precision=mixed_float16
[Worker 7] Random seed fixed: 800401
[Worker 7] started on GPU.
  [Worker 7] episode 360 finished. (AvgLatErr: 0.3421, Steps: 133)
  [Worker 7] episode 361 finished. (AvgLatErr: 0.1722, Steps: 161)
  [Worker 7] episode 362 finished. (AvgLatErr: 0.1437, Steps: 155)
  [Worker 7] episode 363 finished. (AvgLatErr: 0.1914, Steps: 151)
  [Worker 7] episode 364 finished. (AvgLatErr: 0.1654, Steps: 132)
  [Worker 7] episode 365 finished. (AvgLatErr: 0.1936, Steps: 134)
  [Worker 7] episode 366 finished. (AvgLatErr: 0.4293, Steps: 140)
  [Worker 7] episode 367 finished. (AvgLatErr: 0.2058, Steps: 143)
  [Worker 7] episode 368 finished. (AvgLatErr: 0.1458, Steps: 140)
  [Worker 7] episode 369 finished. (AvgLatErr: 0.1937, Steps: 122)
[Worker 7].
Warning: num_agents (8) is greater than the number of available vehicle parameters (4). Cycling vehicle templates.
[Worker 5] TensorFlow device=GPU, mixed_precision=mixed_float16
[Worker 5] Random seed fixed: 600401
[Worker 5] started on GPU.
  [Worker 5] episode 360 finished. (AvgLatErr: 0.2084, Steps: 181)
  [Worker 5] episode 361 finished. (AvgLatErr: 0.2851, Steps: 162)
  [Worker 5] episode 362 finished. (AvgLatErr: 0.4023, Steps: 165)
  [Worker 5] episode 363 finished. (AvgLatErr: 1.1303, Steps: 197)
  [Worker 5] episode 364 finished. (AvgLatErr: 0.3310, Steps: 165)
  [Worker 5] episode 365 finished. (AvgLatErr: 0.3247, Steps: 167)
  [Worker 5] episode 366 finished. (AvgLatErr: 0.2606, Steps: 166)
  [Worker 5] episode 367 finished. (AvgLatErr: 0.2559, Steps: 178)
  [Worker 5] episode 368 finished. (AvgLatErr: 0.2533, Steps: 165)
  [Worker 5] episode 369 finished. (AvgLatErr: 0.2454, Steps: 169)
[Worker 5].
Warning: num_agents (8) is greater than the number of available vehicle parameters (4). Cycling vehicle templates.
[Worker 6] TensorFlow device=GPU, mixed_precision=mixed_float16
[Worker 6] Random seed fixed: 700401
[Worker 6] started on GPU.
  [Worker 6] episode 360 finished. (AvgLatErr: 0.3742, Steps: 191)
  [Worker 6] episode 361 finished. (AvgLatErr: 0.4085, Steps: 200)
  [Worker 6] episode 362 finished. (AvgLatErr: 0.4022, Steps: 200)
  [Worker 6] episode 363 finished. (AvgLatErr: 0.5250, Steps: 200)
  [Worker 6] episode 364 finished. (AvgLatErr: 1.5746, Steps: 200)
  [Worker 6] episode 365 finished. (AvgLatErr: 0.4356, Steps: 182)
  [Worker 6] episode 366 finished. (AvgLatErr: 0.5466, Steps: 182)
  [Worker 6] episode 367 finished. (AvgLatErr: 0.5979, Steps: 200)
  [Worker 6] episode 368 finished. (AvgLatErr: 0.4302, Steps: 200)
  [Worker 6] episode 369 finished. (AvgLatErr: 0.4016, Steps: 200)
[Worker 6].
[Main] workers finished. (elapsed: 112.33s)
[Main] Aggregation-selected agents: [1, 4, 5, 7]
[Main] FedAdagrad update completed.
[Main] Replay buffers reset after global model update.
============================================================================================
369 EP / Agent 0 : Avg Lat Err 0.6275
369 EP / Agent 1 : Avg Lat Err 0.1667
369 EP / Agent 2 : Avg Lat Err 0.9713
369 EP / Agent 3 : Avg Lat Err 0.5752
369 EP / Agent 4 : Avg Lat Err 0.2835
369 EP / Agent 5 : Avg Lat Err 0.2454
369 EP / Agent 6 : Avg Lat Err 0.4016
369 EP / Agent 7 : Avg Lat Err 0.1937
============================================================================================

============================================================================================
[Main] FL round started. (episode 370 ~ 379)
[Main] Client selection: mode=error_low, budget=4
[Main] Participating agents: [0, 1, 2, 3, 4, 5, 6, 7]
Warning: num_agents (8) is greater than the number of available vehicle parameters (4). Cycling vehicle templates.
[Worker 0] TensorFlow device=GPU, mixed_precision=mixed_float16
[Worker 0] Random seed fixed: 100411
[Worker 0] started on GPU.
  [Worker 0] episode 370 finished. (AvgLatErr: 0.6601, Steps: 126)
  [Worker 0] episode 371 finished. (AvgLatErr: 1.1137, Steps: 141)
  [Worker 0] episode 372 finished. (AvgLatErr: 1.0825, Steps: 132)
  [Worker 0] episode 373 finished. (AvgLatErr: 0.7923, Steps: 140)
  [Worker 0] episode 374 finished. (AvgLatErr: 0.5934, Steps: 138)
  [Worker 0] episode 375 finished. (AvgLatErr: 1.3164, Steps: 145)
  [Worker 0] episode 376 finished. (AvgLatErr: 2.3794, Steps: 166)
  [Worker 0] episode 377 finished. (AvgLatErr: 0.7265, Steps: 141)
  [Worker 0] episode 378 finished. (AvgLatErr: 0.7394, Steps: 135)
  [Worker 0] episode 379 finished. (AvgLatErr: 0.6866, Steps: 141)
[Worker 0].
Warning: num_agents (8) is greater than the number of available vehicle parameters (4). Cycling vehicle templates.
[Worker 1] TensorFlow device=GPU, mixed_precision=mixed_float16
[Worker 1] Random seed fixed: 200411
[Worker 1] started on GPU.
  [Worker 1] episode 370 finished. (AvgLatErr: 0.1584, Steps: 128)
  [Worker 1] episode 371 finished. (AvgLatErr: 0.1229, Steps: 148)
  [Worker 1] episode 372 finished. (AvgLatErr: 0.1572, Steps: 143)
  [Worker 1] episode 373 finished. (AvgLatErr: 0.1179, Steps: 153)
  [Worker 1] episode 374 finished. (AvgLatErr: 0.1444, Steps: 138)
  [Worker 1] episode 375 finished. (AvgLatErr: 0.2285, Steps: 132)
  [Worker 1] episode 376 finished. (AvgLatErr: 0.1945, Steps: 125)
  [Worker 1] episode 377 finished. (AvgLatErr: 0.2258, Steps: 124)
  [Worker 1] episode 378 finished. (AvgLatErr: 0.2213, Steps: 142)
  [Worker 1] episode 379 finished. (AvgLatErr: 0.1114, Steps: 143)
[Worker 1].
Warning: num_agents (8) is greater than the number of available vehicle parameters (4). Cycling vehicle templates.
[Worker 2] TensorFlow device=GPU, mixed_precision=mixed_float16
[Worker 2] Random seed fixed: 300411
[Worker 2] started on GPU.
  [Worker 2] episode 370 finished. (AvgLatErr: 0.3471, Steps: 124)
  [Worker 2] episode 371 finished. (AvgLatErr: 0.3446, Steps: 146)
  [Worker 2] episode 372 finished. (AvgLatErr: 0.3043, Steps: 122)
  [Worker 2] episode 373 finished. (AvgLatErr: 0.5064, Steps: 123)
  [Worker 2] episode 374 finished. (AvgLatErr: 0.3519, Steps: 117)
  [Worker 2] episode 375 finished. (AvgLatErr: 0.2939, Steps: 121)
  [Worker 2] episode 376 finished. (AvgLatErr: 0.3379, Steps: 122)
  [Worker 2] episode 377 finished. (AvgLatErr: 0.4140, Steps: 130)
  [Worker 2] episode 378 finished. (AvgLatErr: 0.3415, Steps: 125)
  [Worker 2] episode 379 finished. (AvgLatErr: 0.3658, Steps: 130)
[Worker 2].
Warning: num_agents (8) is greater than the number of available vehicle parameters (4). Cycling vehicle templates.
[Worker 3] TensorFlow device=GPU, mixed_precision=mixed_float16
[Worker 3] Random seed fixed: 400411
[Worker 3] started on GPU.
  [Worker 3] episode 370 finished. (AvgLatErr: 0.4555, Steps: 170)
  [Worker 3] episode 371 finished. (AvgLatErr: 0.4170, Steps: 180)
  [Worker 3] episode 372 finished. (AvgLatErr: 0.6859, Steps: 181)
  [Worker 3] episode 373 finished. (AvgLatErr: 0.3695, Steps: 164)
  [Worker 3] episode 374 finished. (AvgLatErr: 0.5838, Steps: 168)
  [Worker 3] episode 375 finished. (AvgLatErr: 0.8617, Steps: 172)
  [Worker 3] episode 376 finished. (AvgLatErr: 0.5286, Steps: 183)
  [Worker 3] episode 377 finished. (AvgLatErr: 0.5838, Steps: 173)
  [Worker 3] episode 378 finished. (AvgLatErr: 0.5174, Steps: 171)
  [Worker 3] episode 379 finished. (AvgLatErr: 0.6356, Steps: 168)
[Worker 3].
Warning: num_agents (8) is greater than the number of available vehicle parameters (4). Cycling vehicle templates.
[Worker 4] TensorFlow device=GPU, mixed_precision=mixed_float16
[Worker 4] Random seed fixed: 500411
[Worker 4] started on GPU.
  [Worker 4] episode 370 finished. (AvgLatErr: 0.4096, Steps: 167)
  [Worker 4] episode 371 finished. (AvgLatErr: 0.3104, Steps: 164)
  [Worker 4] episode 372 finished. (AvgLatErr: 0.3113, Steps: 157)
  [Worker 4] episode 373 finished. (AvgLatErr: 0.4252, Steps: 166)
  [Worker 4] episode 374 finished. (AvgLatErr: 0.2483, Steps: 177)
  [Worker 4] episode 375 finished. (AvgLatErr: 0.3303, Steps: 159)
  [Worker 4] episode 376 finished. (AvgLatErr: 0.2113, Steps: 172)
  [Worker 4] episode 377 finished. (AvgLatErr: 0.2242, Steps: 166)
  [Worker 4] episode 378 finished. (AvgLatErr: 0.3350, Steps: 180)
  [Worker 4] episode 379 finished. (AvgLatErr: 0.2246, Steps: 162)
[Worker 4].
Warning: num_agents (8) is greater than the number of available vehicle parameters (4). Cycling vehicle templates.
[Worker 5] TensorFlow device=GPU, mixed_precision=mixed_float16
[Worker 5] Random seed fixed: 600411
[Worker 5] started on GPU.
  [Worker 5] episode 370 finished. (AvgLatErr: 0.3337, Steps: 180)
  [Worker 5] episode 371 finished. (AvgLatErr: 0.1912, Steps: 167)
  [Worker 5] episode 372 finished. (AvgLatErr: 0.2816, Steps: 149)
  [Worker 5] episode 373 finished. (AvgLatErr: 0.2095, Steps: 177)
  [Worker 5] episode 374 finished. (AvgLatErr: 0.2026, Steps: 176)
  [Worker 5] episode 375 finished. (AvgLatErr: 0.3155, Steps: 145)
  [Worker 5] episode 376 finished. (AvgLatErr: 0.2744, Steps: 163)
  [Worker 5] episode 377 finished. (AvgLatErr: 0.2882, Steps: 158)
  [Worker 5] episode 378 finished. (AvgLatErr: 0.3514, Steps: 168)
  [Worker 5] episode 379 finished. (AvgLatErr: 0.2641, Steps: 169)
[Worker 5].
Warning: num_agents (8) is greater than the number of available vehicle parameters (4). Cycling vehicle templates.
[Worker 7] TensorFlow device=GPU, mixed_precision=mixed_float16
[Worker 7] Random seed fixed: 800411
[Worker 7] started on GPU.
  [Worker 7] episode 370 finished. (AvgLatErr: 0.1521, Steps: 158)
  [Worker 7] episode 371 finished. (AvgLatErr: 0.1598, Steps: 160)
  [Worker 7] episode 372 finished. (AvgLatErr: 0.1402, Steps: 133)
  [Worker 7] episode 373 finished. (AvgLatErr: 0.1660, Steps: 162)
  [Worker 7] episode 374 finished. (AvgLatErr: 0.1385, Steps: 163)
  [Worker 7] episode 375 finished. (AvgLatErr: 0.1234, Steps: 171)
  [Worker 7] episode 376 finished. (AvgLatErr: 0.1125, Steps: 165)
  [Worker 7] episode 377 finished. (AvgLatErr: 0.1733, Steps: 162)
  [Worker 7] episode 378 finished. (AvgLatErr: 0.1364, Steps: 169)
  [Worker 7] episode 379 finished. (AvgLatErr: 0.1269, Steps: 150)
[Worker 7].
Warning: num_agents (8) is greater than the number of available vehicle parameters (4). Cycling vehicle templates.
[Worker 6] TensorFlow device=GPU, mixed_precision=mixed_float16
[Worker 6] Random seed fixed: 700411
[Worker 6] started on GPU.
  [Worker 6] episode 370 finished. (AvgLatErr: 0.4301, Steps: 200)
  [Worker 6] episode 371 finished. (AvgLatErr: 0.5037, Steps: 188)
  [Worker 6] episode 372 finished. (AvgLatErr: 0.4656, Steps: 200)
  [Worker 6] episode 373 finished. (AvgLatErr: 0.4349, Steps: 200)
  [Worker 6] episode 374 finished. (AvgLatErr: 0.3642, Steps: 199)
  [Worker 6] episode 375 finished. (AvgLatErr: 0.4574, Steps: 200)
  [Worker 6] episode 376 finished. (AvgLatErr: 0.8280, Steps: 200)
  [Worker 6] episode 377 finished. (AvgLatErr: 0.4023, Steps: 200)
  [Worker 6] episode 378 finished. (AvgLatErr: 0.4708, Steps: 200)
  [Worker 6] episode 379 finished. (AvgLatErr: 0.5453, Steps: 200)
[Worker 6].
[Main] workers finished. (elapsed: 112.62s)
[Main] Aggregation-selected agents: [1, 4, 5, 7]
[Main] FedAdagrad update completed.
[Main] Replay buffers reset after global model update.
============================================================================================
379 EP / Agent 0 : Avg Lat Err 0.6866
379 EP / Agent 1 : Avg Lat Err 0.1114
379 EP / Agent 2 : Avg Lat Err 0.3658
379 EP / Agent 3 : Avg Lat Err 0.6356
379 EP / Agent 4 : Avg Lat Err 0.2246
379 EP / Agent 5 : Avg Lat Err 0.2641
379 EP / Agent 6 : Avg Lat Err 0.5453
379 EP / Agent 7 : Avg Lat Err 0.1269
============================================================================================

============================================================================================
[Main] FL round started. (episode 380 ~ 389)
[Main] Client selection: mode=error_low, budget=4
[Main] Participating agents: [0, 1, 2, 3, 4, 5, 6, 7]
Warning: num_agents (8) is greater than the number of available vehicle parameters (4). Cycling vehicle templates.
[Worker 0] TensorFlow device=GPU, mixed_precision=mixed_float16
[Worker 0] Random seed fixed: 100421
[Worker 0] started on GPU.
  [Worker 0] episode 380 finished. (AvgLatErr: 0.5603, Steps: 129)
  [Worker 0] episode 381 finished. (AvgLatErr: 0.9417, Steps: 146)
  [Worker 0] episode 382 finished. (AvgLatErr: 0.7756, Steps: 128)
  [Worker 0] episode 383 finished. (AvgLatErr: 0.8122, Steps: 139)
  [Worker 0] episode 384 finished. (AvgLatErr: 0.7081, Steps: 144)
  [Worker 0] episode 385 finished. (AvgLatErr: 0.8352, Steps: 132)
  [Worker 0] episode 386 finished. (AvgLatErr: 0.8151, Steps: 139)
  [Worker 0] episode 387 finished. (AvgLatErr: 0.9298, Steps: 133)
  [Worker 0] episode 388 finished. (AvgLatErr: 0.8962, Steps: 142)
  [Worker 0] episode 389 finished. (AvgLatErr: 0.6586, Steps: 139)
[Worker 0].
Warning: num_agents (8) is greater than the number of available vehicle parameters (4). Cycling vehicle templates.
[Worker 1] TensorFlow device=GPU, mixed_precision=mixed_float16
[Worker 1] Random seed fixed: 200421
[Worker 1] started on GPU.
  [Worker 1] episode 380 finished. (AvgLatErr: 0.1138, Steps: 178)
  [Worker 1] episode 381 finished. (AvgLatErr: 0.2057, Steps: 128)
  [Worker 1] episode 382 finished. (AvgLatErr: 0.1936, Steps: 146)
  [Worker 1] episode 383 finished. (AvgLatErr: 0.2128, Steps: 119)
  [Worker 1] episode 384 finished. (AvgLatErr: 0.1236, Steps: 135)
  [Worker 1] episode 385 finished. (AvgLatErr: 0.1461, Steps: 151)
  [Worker 1] episode 386 finished. (AvgLatErr: 0.1465, Steps: 131)
  [Worker 1] episode 387 finished. (AvgLatErr: 0.1066, Steps: 135)
  [Worker 1] episode 388 finished. (AvgLatErr: 0.1404, Steps: 132)
  [Worker 1] episode 389 finished. (AvgLatErr: 0.1148, Steps: 140)
[Worker 1].
Warning: num_agents (8) is greater than the number of available vehicle parameters (4). Cycling vehicle templates.
[Worker 2] TensorFlow device=GPU, mixed_precision=mixed_float16
[Worker 2] Random seed fixed: 300421
[Worker 2] started on GPU.
  [Worker 2] episode 380 finished. (AvgLatErr: 0.2725, Steps: 148)
  [Worker 2] episode 381 finished. (AvgLatErr: 0.5000, Steps: 121)
  [Worker 2] episode 382 finished. (AvgLatErr: 0.5610, Steps: 118)
  [Worker 2] episode 383 finished. (AvgLatErr: 0.5141, Steps: 122)
  [Worker 2] episode 384 finished. (AvgLatErr: 0.2578, Steps: 148)
  [Worker 2] episode 385 finished. (AvgLatErr: 8.5195, Steps: 200)
  [Worker 2] episode 386 finished. (AvgLatErr: 0.3707, Steps: 123)
  [Worker 2] episode 387 finished. (AvgLatErr: 0.5307, Steps: 122)
  [Worker 2] episode 388 finished. (AvgLatErr: 0.3937, Steps: 133)
  [Worker 2] episode 389 finished. (AvgLatErr: 0.8316, Steps: 120)
[Worker 2].
Warning: num_agents (8) is greater than the number of available vehicle parameters (4). Cycling vehicle templates.
[Worker 3] TensorFlow device=GPU, mixed_precision=mixed_float16
[Worker 3] Random seed fixed: 400421
[Worker 3] started on GPU.
  [Worker 3] episode 380 finished. (AvgLatErr: 0.3892, Steps: 182)
  [Worker 3] episode 381 finished. (AvgLatErr: 0.4259, Steps: 186)
  [Worker 3] episode 382 finished. (AvgLatErr: 0.3979, Steps: 175)
  [Worker 3] episode 383 finished. (AvgLatErr: 0.3923, Steps: 164)
  [Worker 3] episode 384 finished. (AvgLatErr: 0.4712, Steps: 181)
  [Worker 3] episode 385 finished. (AvgLatErr: 0.4739, Steps: 174)
  [Worker 3] episode 386 finished. (AvgLatErr: 0.6385, Steps: 186)
  [Worker 3] episode 387 finished. (AvgLatErr: 0.7106, Steps: 172)
  [Worker 3] episode 388 finished. (AvgLatErr: 0.7113, Steps: 170)
  [Worker 3] episode 389 finished. (AvgLatErr: 0.5805, Steps: 170)
[Worker 3].
Warning: num_agents (8) is greater than the number of available vehicle parameters (4). Cycling vehicle templates.
[Worker 4] TensorFlow device=GPU, mixed_precision=mixed_float16
[Worker 4] Random seed fixed: 500421
[Worker 4] started on GPU.
  [Worker 4] episode 380 finished. (AvgLatErr: 0.3476, Steps: 172)
  [Worker 4] episode 381 finished. (AvgLatErr: 0.4580, Steps: 192)
  [Worker 4] episode 382 finished. (AvgLatErr: 0.3153, Steps: 187)
  [Worker 4] episode 383 finished. (AvgLatErr: 0.2818, Steps: 187)
  [Worker 4] episode 384 finished. (AvgLatErr: 0.2424, Steps: 153)
  [Worker 4] episode 385 finished. (AvgLatErr: 0.2786, Steps: 174)
  [Worker 4] episode 386 finished. (AvgLatErr: 0.2074, Steps: 177)
  [Worker 4] episode 387 finished. (AvgLatErr: 0.3048, Steps: 177)
  [Worker 4] episode 388 finished. (AvgLatErr: 0.3430, Steps: 174)
  [Worker 4] episode 389 finished. (AvgLatErr: 0.3230, Steps: 164)
[Worker 4].
Warning: num_agents (8) is greater than the number of available vehicle parameters (4). Cycling vehicle templates.
[Worker 7] TensorFlow device=GPU, mixed_precision=mixed_float16
[Worker 7] Random seed fixed: 800421
[Worker 7] started on GPU.
  [Worker 7] episode 380 finished. (AvgLatErr: 0.1275, Steps: 177)
  [Worker 7] episode 381 finished. (AvgLatErr: 0.1529, Steps: 147)
  [Worker 7] episode 382 finished. (AvgLatErr: 0.1376, Steps: 194)
  [Worker 7] episode 383 finished. (AvgLatErr: 0.1448, Steps: 146)
  [Worker 7] episode 384 finished. (AvgLatErr: 0.2482, Steps: 150)
  [Worker 7] episode 385 finished. (AvgLatErr: 0.1713, Steps: 149)
  [Worker 7] episode 386 finished. (AvgLatErr: 0.2476, Steps: 137)
  [Worker 7] episode 387 finished. (AvgLatErr: 0.2492, Steps: 145)
  [Worker 7] episode 388 finished. (AvgLatErr: 0.1952, Steps: 145)
  [Worker 7] episode 389 finished. (AvgLatErr: 0.1252, Steps: 149)
[Worker 7].
Warning: num_agents (8) is greater than the number of available vehicle parameters (4). Cycling vehicle templates.
[Worker 5] TensorFlow device=GPU, mixed_precision=mixed_float16
[Worker 5] Random seed fixed: 600421
[Worker 5] started on GPU.
  [Worker 5] episode 380 finished. (AvgLatErr: 0.0972, Steps: 200)
  [Worker 5] episode 381 finished. (AvgLatErr: 0.1614, Steps: 193)
  [Worker 5] episode 382 finished. (AvgLatErr: 0.2574, Steps: 177)
  [Worker 5] episode 383 finished. (AvgLatErr: 0.1432, Steps: 175)
  [Worker 5] episode 384 finished. (AvgLatErr: 0.1638, Steps: 185)
  [Worker 5] episode 385 finished. (AvgLatErr: 0.2043, Steps: 189)
  [Worker 5] episode 386 finished. (AvgLatErr: 0.1685, Steps: 186)
  [Worker 5] episode 387 finished. (AvgLatErr: 0.1918, Steps: 164)
  [Worker 5] episode 388 finished. (AvgLatErr: 0.1900, Steps: 193)
  [Worker 5] episode 389 finished. (AvgLatErr: 0.1954, Steps: 186)
[Worker 5].
Warning: num_agents (8) is greater than the number of available vehicle parameters (4). Cycling vehicle templates.
[Worker 6] TensorFlow device=GPU, mixed_precision=mixed_float16
[Worker 6] Random seed fixed: 700421
[Worker 6] started on GPU.
  [Worker 6] episode 380 finished. (AvgLatErr: 0.3288, Steps: 200)
  [Worker 6] episode 381 finished. (AvgLatErr: 0.4240, Steps: 200)
  [Worker 6] episode 382 finished. (AvgLatErr: 0.4561, Steps: 200)
  [Worker 6] episode 383 finished. (AvgLatErr: 0.4424, Steps: 196)
  [Worker 6] episode 384 finished. (AvgLatErr: 0.4179, Steps: 200)
  [Worker 6] episode 385 finished. (AvgLatErr: 0.5029, Steps: 188)
  [Worker 6] episode 386 finished. (AvgLatErr: 0.3750, Steps: 197)
  [Worker 6] episode 387 finished. (AvgLatErr: 0.3287, Steps: 193)
  [Worker 6] episode 388 finished. (AvgLatErr: 0.4602, Steps: 200)
  [Worker 6] episode 389 finished. (AvgLatErr: 0.4712, Steps: 189)
[Worker 6].
[Main] workers finished. (elapsed: 113.23s)
[Main] Aggregation-selected agents: [1, 4, 5, 7]
[Main] FedAdagrad update completed.
[Main] Replay buffers reset after global model update.
============================================================================================
389 EP / Agent 0 : Avg Lat Err 0.6586
389 EP / Agent 1 : Avg Lat Err 0.1148
389 EP / Agent 2 : Avg Lat Err 0.8316
389 EP / Agent 3 : Avg Lat Err 0.5805
389 EP / Agent 4 : Avg Lat Err 0.3230
389 EP / Agent 5 : Avg Lat Err 0.1954
389 EP / Agent 6 : Avg Lat Err 0.4712
389 EP / Agent 7 : Avg Lat Err 0.1252
============================================================================================

============================================================================================
[Main] FL round started. (episode 390 ~ 399)
[Main] Client selection: mode=error_low, budget=4
[Main] Participating agents: [0, 1, 2, 3, 4, 5, 6, 7]
Warning: num_agents (8) is greater than the number of available vehicle parameters (4). Cycling vehicle templates.
[Worker 0] TensorFlow device=GPU, mixed_precision=mixed_float16
[Worker 0] Random seed fixed: 100431
[Worker 0] started on GPU.
  [Worker 0] episode 390 finished. (AvgLatErr: 0.5770, Steps: 141)
  [Worker 0] episode 391 finished. (AvgLatErr: 0.8245, Steps: 128)
  [Worker 0] episode 392 finished. (AvgLatErr: 0.8485, Steps: 129)
  [Worker 0] episode 393 finished. (AvgLatErr: 0.7550, Steps: 132)
  [Worker 0] episode 394 finished. (AvgLatErr: 1.5465, Steps: 134)
  [Worker 0] episode 395 finished. (AvgLatErr: 1.4927, Steps: 151)
  [Worker 0] episode 396 finished. (AvgLatErr: 1.2418, Steps: 139)
  [Worker 0] episode 397 finished. (AvgLatErr: 1.2686, Steps: 143)
  [Worker 0] episode 398 finished. (AvgLatErr: 0.6576, Steps: 144)
  [Worker 0] episode 399 finished. (AvgLatErr: 0.7542, Steps: 147)
[Worker 0].
Warning: num_agents (8) is greater than the number of available vehicle parameters (4). Cycling vehicle templates.
[Worker 1] TensorFlow device=GPU, mixed_precision=mixed_float16
[Worker 1] Random seed fixed: 200431
[Worker 1] started on GPU.
  [Worker 1] episode 390 finished. (AvgLatErr: 0.2244, Steps: 139)
  [Worker 1] episode 391 finished. (AvgLatErr: 0.1829, Steps: 134)
  [Worker 1] episode 392 finished. (AvgLatErr: 0.2156, Steps: 130)
  [Worker 1] episode 393 finished. (AvgLatErr: 0.1107, Steps: 149)
  [Worker 1] episode 394 finished. (AvgLatErr: 0.2381, Steps: 135)
  [Worker 1] episode 395 finished. (AvgLatErr: 0.1800, Steps: 135)
  [Worker 1] episode 396 finished. (AvgLatErr: 0.1178, Steps: 154)
  [Worker 1] episode 397 finished. (AvgLatErr: 0.1822, Steps: 129)
  [Worker 1] episode 398 finished. (AvgLatErr: 0.1852, Steps: 128)
  [Worker 1] episode 399 finished. (AvgLatErr: 0.1722, Steps: 135)
[Worker 1].
Warning: num_agents (8) is greater than the number of available vehicle parameters (4). Cycling vehicle templates.
[Worker 2] TensorFlow device=GPU, mixed_precision=mixed_float16
[Worker 2] Random seed fixed: 300431
[Worker 2] started on GPU.
  [Worker 2] episode 390 finished. (AvgLatErr: 0.2475, Steps: 124)
  [Worker 2] episode 391 finished. (AvgLatErr: 0.5738, Steps: 121)
  [Worker 2] episode 392 finished. (AvgLatErr: 0.6683, Steps: 134)
  [Worker 2] episode 393 finished. (AvgLatErr: 1.7704, Steps: 145)
  [Worker 2] episode 394 finished. (AvgLatErr: 0.3942, Steps: 122)
  [Worker 2] episode 395 finished. (AvgLatErr: 0.4772, Steps: 118)
  [Worker 2] episode 396 finished. (AvgLatErr: 0.7933, Steps: 117)
  [Worker 2] episode 397 finished. (AvgLatErr: 0.7127, Steps: 137)
  [Worker 2] episode 398 finished. (AvgLatErr: 0.7409, Steps: 121)
  [Worker 2] episode 399 finished. (AvgLatErr: 0.4464, Steps: 125)
[Worker 2].
Warning: num_agents (8) is greater than the number of available vehicle parameters (4). Cycling vehicle templates.
[Worker 4] TensorFlow device=GPU, mixed_precision=mixed_float16
[Worker 4] Random seed fixed: 500431
[Worker 4] started on GPU.
  [Worker 4] episode 390 finished. (AvgLatErr: 0.4000, Steps: 162)
  [Worker 4] episode 391 finished. (AvgLatErr: 0.2387, Steps: 169)
  [Worker 4] episode 392 finished. (AvgLatErr: 0.2497, Steps: 162)
  [Worker 4] episode 393 finished. (AvgLatErr: 0.3367, Steps: 175)
  [Worker 4] episode 394 finished. (AvgLatErr: 0.3331, Steps: 183)
  [Worker 4] episode 395 finished. (AvgLatErr: 0.2127, Steps: 163)
  [Worker 4] episode 396 finished. (AvgLatErr: 0.2631, Steps: 165)
  [Worker 4] episode 397 finished. (AvgLatErr: 0.3794, Steps: 151)
  [Worker 4] episode 398 finished. (AvgLatErr: 0.3549, Steps: 162)
  [Worker 4] episode 399 finished. (AvgLatErr: 0.4008, Steps: 162)
[Worker 4].
Warning: num_agents (8) is greater than the number of available vehicle parameters (4). Cycling vehicle templates.
[Worker 3] TensorFlow device=GPU, mixed_precision=mixed_float16
[Worker 3] Random seed fixed: 400431
[Worker 3] started on GPU.
  [Worker 3] episode 390 finished. (AvgLatErr: 0.5782, Steps: 173)
  [Worker 3] episode 391 finished. (AvgLatErr: 0.4008, Steps: 189)
  [Worker 3] episode 392 finished. (AvgLatErr: 0.4049, Steps: 195)
  [Worker 3] episode 393 finished. (AvgLatErr: 0.3781, Steps: 184)
  [Worker 3] episode 394 finished. (AvgLatErr: 0.3745, Steps: 192)
  [Worker 3] episode 395 finished. (AvgLatErr: 0.4975, Steps: 181)
  [Worker 3] episode 396 finished. (AvgLatErr: 0.6876, Steps: 173)
  [Worker 3] episode 397 finished. (AvgLatErr: 0.7168, Steps: 178)
  [Worker 3] episode 398 finished. (AvgLatErr: 0.5754, Steps: 200)
  [Worker 3] episode 399 finished. (AvgLatErr: 0.5243, Steps: 187)
[Worker 3].
Warning: num_agents (8) is greater than the number of available vehicle parameters (4). Cycling vehicle templates.
[Worker 5] TensorFlow device=GPU, mixed_precision=mixed_float16
[Worker 5] Random seed fixed: 600431
[Worker 5] started on GPU.
  [Worker 5] episode 390 finished. (AvgLatErr: 0.2113, Steps: 184)
  [Worker 5] episode 391 finished. (AvgLatErr: 0.1500, Steps: 187)
  [Worker 5] episode 392 finished. (AvgLatErr: 0.2077, Steps: 172)
  [Worker 5] episode 393 finished. (AvgLatErr: 0.3643, Steps: 164)
  [Worker 5] episode 394 finished. (AvgLatErr: 0.1792, Steps: 185)
  [Worker 5] episode 395 finished. (AvgLatErr: 0.3098, Steps: 178)
  [Worker 5] episode 396 finished. (AvgLatErr: 0.2925, Steps: 162)
  [Worker 5] episode 397 finished. (AvgLatErr: 0.2480, Steps: 177)
  [Worker 5] episode 398 finished. (AvgLatErr: 0.1909, Steps: 156)
  [Worker 5] episode 399 finished. (AvgLatErr: 0.1630, Steps: 163)
[Worker 5].
Warning: num_agents (8) is greater than the number of available vehicle parameters (4). Cycling vehicle templates.
[Worker 7] TensorFlow device=GPU, mixed_precision=mixed_float16
[Worker 7] Random seed fixed: 800431
[Worker 7] started on GPU.
  [Worker 7] episode 390 finished. (AvgLatErr: 0.1946, Steps: 154)
  [Worker 7] episode 391 finished. (AvgLatErr: 0.1940, Steps: 146)
  [Worker 7] episode 392 finished. (AvgLatErr: 0.1406, Steps: 157)
  [Worker 7] episode 393 finished. (AvgLatErr: 0.1798, Steps: 153)
  [Worker 7] episode 394 finished. (AvgLatErr: 0.1517, Steps: 150)
  [Worker 7] episode 395 finished. (AvgLatErr: 0.3077, Steps: 151)
  [Worker 7] episode 396 finished. (AvgLatErr: 0.2074, Steps: 171)
  [Worker 7] episode 397 finished. (AvgLatErr: 0.2005, Steps: 152)
  [Worker 7] episode 398 finished. (AvgLatErr: 0.1942, Steps: 130)
  [Worker 7] episode 399 finished. (AvgLatErr: 0.1769, Steps: 137)
[Worker 7].
Warning: num_agents (8) is greater than the number of available vehicle parameters (4). Cycling vehicle templates.
[Worker 6] TensorFlow device=GPU, mixed_precision=mixed_float16
[Worker 6] Random seed fixed: 700431
[Worker 6] started on GPU.
  [Worker 6] episode 390 finished. (AvgLatErr: 0.3050, Steps: 199)
  [Worker 6] episode 391 finished. (AvgLatErr: 0.5921, Steps: 200)
  [Worker 6] episode 392 finished. (AvgLatErr: 0.4345, Steps: 192)
  [Worker 6] episode 393 finished. (AvgLatErr: 0.5936, Steps: 192)
  [Worker 6] episode 394 finished. (AvgLatErr: 0.4651, Steps: 188)
  [Worker 6] episode 395 finished. (AvgLatErr: 0.4416, Steps: 200)
  [Worker 6] episode 396 finished. (AvgLatErr: 0.5470, Steps: 200)
  [Worker 6] episode 397 finished. (AvgLatErr: 0.4367, Steps: 200)
  [Worker 6] episode 398 finished. (AvgLatErr: 0.4350, Steps: 200)
  [Worker 6] episode 399 finished. (AvgLatErr: 0.4542, Steps: 197)
[Worker 6].
[Main] workers finished. (elapsed: 112.49s)
[Main] Aggregation-selected agents: [1, 4, 5, 7]
[Main] FedAdagrad update completed.
[Main] Replay buffers reset after global model update.
============================================================================================
399 EP / Agent 0 : Avg Lat Err 0.7542
399 EP / Agent 1 : Avg Lat Err 0.1722
399 EP / Agent 2 : Avg Lat Err 0.4464
399 EP / Agent 3 : Avg Lat Err 0.5243
399 EP / Agent 4 : Avg Lat Err 0.4008
399 EP / Agent 5 : Avg Lat Err 0.1630
399 EP / Agent 6 : Avg Lat Err 0.4542
399 EP / Agent 7 : Avg Lat Err 0.1769
============================================================================================
[Main] Model checkpoint saved: C:\Users\syd79\FRL-Q\experiments\fast_parallel_fedadagrad_8errorlow4_20260916_run1_error_low_4of8\checkpoints\global_model_episode_000400.weights.h5

============================================================================================
[Main] FL round started. (episode 400 ~ 409)
[Main] Client selection: mode=error_low, budget=4
[Main] Participating agents: [0, 1, 2, 3, 4, 5, 6, 7]
Warning: num_agents (8) is greater than the number of available vehicle parameters (4). Cycling vehicle templates.
[Worker 0] TensorFlow device=GPU, mixed_precision=mixed_float16
[Worker 0] Random seed fixed: 100441
[Worker 0] started on GPU.
  [Worker 0] episode 400 finished. (AvgLatErr: 0.4880, Steps: 137)
  [Worker 0] episode 401 finished. (AvgLatErr: 0.7889, Steps: 134)
  [Worker 0] episode 402 finished. (AvgLatErr: 1.3639, Steps: 147)
  [Worker 0] episode 403 finished. (AvgLatErr: 1.9845, Steps: 151)
  [Worker 0] episode 404 finished. (AvgLatErr: 1.0378, Steps: 139)
  [Worker 0] episode 405 finished. (AvgLatErr: 0.6585, Steps: 143)
  [Worker 0] episode 406 finished. (AvgLatErr: 0.9182, Steps: 151)
  [Worker 0] episode 407 finished. (AvgLatErr: 0.6253, Steps: 137)
  [Worker 0] episode 408 finished. (AvgLatErr: 1.0705, Steps: 140)
  [Worker 0] episode 409 finished. (AvgLatErr: 0.5067, Steps: 137)
[Worker 0].
Warning: num_agents (8) is greater than the number of available vehicle parameters (4). Cycling vehicle templates.
[Worker 2] TensorFlow device=GPU, mixed_precision=mixed_float16
[Worker 2] Random seed fixed: 300441
[Worker 2] started on GPU.
  [Worker 2] episode 400 finished. (AvgLatErr: 0.2066, Steps: 132)
  [Worker 2] episode 401 finished. (AvgLatErr: 0.2899, Steps: 132)
  [Worker 2] episode 402 finished. (AvgLatErr: 0.3827, Steps: 126)
  [Worker 2] episode 403 finished. (AvgLatErr: 0.2940, Steps: 122)
  [Worker 2] episode 404 finished. (AvgLatErr: 0.4210, Steps: 118)
  [Worker 2] episode 405 finished. (AvgLatErr: 0.3754, Steps: 124)
  [Worker 2] episode 406 finished. (AvgLatErr: 0.3613, Steps: 133)
  [Worker 2] episode 407 finished. (AvgLatErr: 0.3921, Steps: 130)
  [Worker 2] episode 408 finished. (AvgLatErr: 0.3435, Steps: 120)
  [Worker 2] episode 409 finished. (AvgLatErr: 0.4206, Steps: 120)
[Worker 2].
Warning: num_agents (8) is greater than the number of available vehicle parameters (4). Cycling vehicle templates.
[Worker 1] TensorFlow device=GPU, mixed_precision=mixed_float16
[Worker 1] Random seed fixed: 200441
[Worker 1] started on GPU.
  [Worker 1] episode 400 finished. (AvgLatErr: 0.1374, Steps: 146)
  [Worker 1] episode 401 finished. (AvgLatErr: 0.1540, Steps: 134)
  [Worker 1] episode 402 finished. (AvgLatErr: 0.3252, Steps: 144)
  [Worker 1] episode 403 finished. (AvgLatErr: 0.1191, Steps: 159)
  [Worker 1] episode 404 finished. (AvgLatErr: 0.2293, Steps: 139)
  [Worker 1] episode 405 finished. (AvgLatErr: 0.1730, Steps: 125)
  [Worker 1] episode 406 finished. (AvgLatErr: 0.1009, Steps: 156)
  [Worker 1] episode 407 finished. (AvgLatErr: 0.0997, Steps: 156)
  [Worker 1] episode 408 finished. (AvgLatErr: 0.1172, Steps: 194)
  [Worker 1] episode 409 finished. (AvgLatErr: 0.1144, Steps: 145)
[Worker 1].
Warning: num_agents (8) is greater than the number of available vehicle parameters (4). Cycling vehicle templates.
[Worker 4] TensorFlow device=GPU, mixed_precision=mixed_float16
[Worker 4] Random seed fixed: 500441
[Worker 4] started on GPU.
  [Worker 4] episode 400 finished. (AvgLatErr: 0.3259, Steps: 167)
  [Worker 4] episode 401 finished. (AvgLatErr: 0.3051, Steps: 165)
  [Worker 4] episode 402 finished. (AvgLatErr: 0.4362, Steps: 162)
  [Worker 4] episode 403 finished. (AvgLatErr: 0.5338, Steps: 169)
  [Worker 4] episode 404 finished. (AvgLatErr: 0.3533, Steps: 153)
  [Worker 4] episode 405 finished. (AvgLatErr: 0.3253, Steps: 162)
  [Worker 4] episode 406 finished. (AvgLatErr: 0.3366, Steps: 155)
  [Worker 4] episode 407 finished. (AvgLatErr: 0.1926, Steps: 167)
  [Worker 4] episode 408 finished. (AvgLatErr: 0.2076, Steps: 162)
  [Worker 4] episode 409 finished. (AvgLatErr: 0.2324, Steps: 168)
[Worker 4].
Warning: num_agents (8) is greater than the number of available vehicle parameters (4). Cycling vehicle templates.
[Worker 3] TensorFlow device=GPU, mixed_precision=mixed_float16
[Worker 3] Random seed fixed: 400441
[Worker 3] started on GPU.
  [Worker 3] episode 400 finished. (AvgLatErr: 0.4746, Steps: 181)
  [Worker 3] episode 401 finished. (AvgLatErr: 0.5569, Steps: 187)
  [Worker 3] episode 402 finished. (AvgLatErr: 0.7072, Steps: 176)
  [Worker 3] episode 403 finished. (AvgLatErr: 0.6472, Steps: 175)
  [Worker 3] episode 404 finished. (AvgLatErr: 0.9590, Steps: 173)
  [Worker 3] episode 405 finished. (AvgLatErr: 0.6371, Steps: 178)
  [Worker 3] episode 406 finished. (AvgLatErr: 0.4736, Steps: 189)
  [Worker 3] episode 407 finished. (AvgLatErr: 0.4246, Steps: 191)
  [Worker 3] episode 408 finished. (AvgLatErr: 1.0683, Steps: 179)
  [Worker 3] episode 409 finished. (AvgLatErr: 0.7484, Steps: 181)
[Worker 3].
Warning: num_agents (8) is greater than the number of available vehicle parameters (4). Cycling vehicle templates.
[Worker 7] TensorFlow device=GPU, mixed_precision=mixed_float16
[Worker 7] Random seed fixed: 800441
[Worker 7] started on GPU.
  [Worker 7] episode 400 finished. (AvgLatErr: 0.1575, Steps: 162)
  [Worker 7] episode 401 finished. (AvgLatErr: 0.1650, Steps: 153)
  [Worker 7] episode 402 finished. (AvgLatErr: 0.1731, Steps: 133)
  [Worker 7] episode 403 finished. (AvgLatErr: 0.1427, Steps: 127)
  [Worker 7] episode 404 finished. (AvgLatErr: 0.2375, Steps: 131)
  [Worker 7] episode 405 finished. (AvgLatErr: 0.3105, Steps: 142)
  [Worker 7] episode 406 finished. (AvgLatErr: 0.1990, Steps: 130)
  [Worker 7] episode 407 finished. (AvgLatErr: 0.1599, Steps: 146)
  [Worker 7] episode 408 finished. (AvgLatErr: 0.1872, Steps: 138)
  [Worker 7] episode 409 finished. (AvgLatErr: 0.2192, Steps: 131)
[Worker 7].
Warning: num_agents (8) is greater than the number of available vehicle parameters (4). Cycling vehicle templates.
[Worker 5] TensorFlow device=GPU, mixed_precision=mixed_float16
[Worker 5] Random seed fixed: 600441
[Worker 5] started on GPU.
  [Worker 5] episode 400 finished. (AvgLatErr: 0.1838, Steps: 185)
  [Worker 5] episode 401 finished. (AvgLatErr: 0.1789, Steps: 136)
  [Worker 5] episode 402 finished. (AvgLatErr: 0.2097, Steps: 183)
  [Worker 5] episode 403 finished. (AvgLatErr: 0.1540, Steps: 200)
  [Worker 5] episode 404 finished. (AvgLatErr: 0.2418, Steps: 176)
  [Worker 5] episode 405 finished. (AvgLatErr: 0.2787, Steps: 165)
  [Worker 5] episode 406 finished. (AvgLatErr: 0.1478, Steps: 183)
  [Worker 5] episode 407 finished. (AvgLatErr: 0.1990, Steps: 174)
  [Worker 5] episode 408 finished. (AvgLatErr: 0.2981, Steps: 160)
  [Worker 5] episode 409 finished. (AvgLatErr: 0.2414, Steps: 157)
[Worker 5].
Warning: num_agents (8) is greater than the number of available vehicle parameters (4). Cycling vehicle templates.
[Worker 6] TensorFlow device=GPU, mixed_precision=mixed_float16
[Worker 6] Random seed fixed: 700441
[Worker 6] started on GPU.
  [Worker 6] episode 400 finished. (AvgLatErr: 0.3930, Steps: 200)
  [Worker 6] episode 401 finished. (AvgLatErr: 0.5053, Steps: 200)
  [Worker 6] episode 402 finished. (AvgLatErr: 0.5854, Steps: 200)
  [Worker 6] episode 403 finished. (AvgLatErr: 0.3974, Steps: 200)
  [Worker 6] episode 404 finished. (AvgLatErr: 0.5154, Steps: 193)
  [Worker 6] episode 405 finished. (AvgLatErr: 0.3742, Steps: 200)
  [Worker 6] episode 406 finished. (AvgLatErr: 0.3850, Steps: 200)
  [Worker 6] episode 407 finished. (AvgLatErr: 0.4809, Steps: 191)
  [Worker 6] episode 408 finished. (AvgLatErr: 0.4543, Steps: 200)
  [Worker 6] episode 409 finished. (AvgLatErr: 0.3781, Steps: 200)
[Worker 6].
[Main] workers finished. (elapsed: 111.66s)
[Main] Aggregation-selected agents: [1, 4, 5, 7]
[Main] FedAdagrad update completed.
[Main] Replay buffers reset after global model update.
============================================================================================
409 EP / Agent 0 : Avg Lat Err 0.5067
409 EP / Agent 1 : Avg Lat Err 0.1144
409 EP / Agent 2 : Avg Lat Err 0.4206
409 EP / Agent 3 : Avg Lat Err 0.7484
409 EP / Agent 4 : Avg Lat Err 0.2324
409 EP / Agent 5 : Avg Lat Err 0.2414
409 EP / Agent 6 : Avg Lat Err 0.3781
409 EP / Agent 7 : Avg Lat Err 0.2192
============================================================================================

============================================================================================
[Main] FL round started. (episode 410 ~ 419)
[Main] Client selection: mode=error_low, budget=4
[Main] Participating agents: [0, 1, 2, 3, 4, 5, 6, 7]
Warning: num_agents (8) is greater than the number of available vehicle parameters (4). Cycling vehicle templates.
[Worker 0] TensorFlow device=GPU, mixed_precision=mixed_float16
[Worker 0] Random seed fixed: 100451
[Worker 0] started on GPU.
  [Worker 0] episode 410 finished. (AvgLatErr: 0.7216, Steps: 137)
  [Worker 0] episode 411 finished. (AvgLatErr: 1.0519, Steps: 137)
  [Worker 0] episode 412 finished. (AvgLatErr: 1.1685, Steps: 139)
  [Worker 0] episode 413 finished. (AvgLatErr: 0.9166, Steps: 129)
  [Worker 0] episode 414 finished. (AvgLatErr: 7.4654, Steps: 190)
  [Worker 0] episode 415 finished. (AvgLatErr: 1.1643, Steps: 137)
  [Worker 0] episode 416 finished. (AvgLatErr: 1.4863, Steps: 141)
  [Worker 0] episode 417 finished. (AvgLatErr: 3.4671, Steps: 153)
  [Worker 0] episode 418 finished. (AvgLatErr: 1.0367, Steps: 124)
  [Worker 0] episode 419 finished. (AvgLatErr: 1.9221, Steps: 138)
[Worker 0].
Warning: num_agents (8) is greater than the number of available vehicle parameters (4). Cycling vehicle templates.
[Worker 1] TensorFlow device=GPU, mixed_precision=mixed_float16
[Worker 1] Random seed fixed: 200451
[Worker 1] started on GPU.
  [Worker 1] episode 410 finished. (AvgLatErr: 0.0953, Steps: 162)
  [Worker 1] episode 411 finished. (AvgLatErr: 0.0913, Steps: 175)
  [Worker 1] episode 412 finished. (AvgLatErr: 0.1548, Steps: 136)
  [Worker 1] episode 413 finished. (AvgLatErr: 0.2157, Steps: 131)
  [Worker 1] episode 414 finished. (AvgLatErr: 0.1292, Steps: 132)
  [Worker 1] episode 415 finished. (AvgLatErr: 0.1294, Steps: 138)
  [Worker 1] episode 416 finished. (AvgLatErr: 0.2491, Steps: 134)
  [Worker 1] episode 417 finished. (AvgLatErr: 0.1231, Steps: 131)
  [Worker 1] episode 418 finished. (AvgLatErr: 0.1436, Steps: 144)
  [Worker 1] episode 419 finished. (AvgLatErr: 0.1101, Steps: 137)
[Worker 1].
Warning: num_agents (8) is greater than the number of available vehicle parameters (4). Cycling vehicle templates.
[Worker 2] TensorFlow device=GPU, mixed_precision=mixed_float16
[Worker 2] Random seed fixed: 300451
[Worker 2] started on GPU.
  [Worker 2] episode 410 finished. (AvgLatErr: 0.3297, Steps: 132)
  [Worker 2] episode 411 finished. (AvgLatErr: 0.2064, Steps: 150)
  [Worker 2] episode 412 finished. (AvgLatErr: 0.2369, Steps: 132)
  [Worker 2] episode 413 finished. (AvgLatErr: 0.3448, Steps: 126)
  [Worker 2] episode 414 finished. (AvgLatErr: 0.3799, Steps: 130)
  [Worker 2] episode 415 finished. (AvgLatErr: 0.3488, Steps: 135)
  [Worker 2] episode 416 finished. (AvgLatErr: 0.2904, Steps: 129)
  [Worker 2] episode 417 finished. (AvgLatErr: 0.3427, Steps: 122)
  [Worker 2] episode 418 finished. (AvgLatErr: 0.4341, Steps: 123)
  [Worker 2] episode 419 finished. (AvgLatErr: 0.9546, Steps: 147)
[Worker 2].
Warning: num_agents (8) is greater than the number of available vehicle parameters (4). Cycling vehicle templates.
[Worker 3] TensorFlow device=GPU, mixed_precision=mixed_float16
[Worker 3] Random seed fixed: 400451
[Worker 3] started on GPU.
  [Worker 3] episode 410 finished. (AvgLatErr: 0.4265, Steps: 191)
  [Worker 3] episode 411 finished. (AvgLatErr: 0.6259, Steps: 200)
  [Worker 3] episode 412 finished. (AvgLatErr: 0.7613, Steps: 193)
  [Worker 3] episode 413 finished. (AvgLatErr: 0.5456, Steps: 185)
  [Worker 3] episode 414 finished. (AvgLatErr: 0.1868, Steps: 200)
  [Worker 3] episode 415 finished. (AvgLatErr: 0.6496, Steps: 190)
  [Worker 3] episode 416 finished. (AvgLatErr: 0.3349, Steps: 191)
  [Worker 3] episode 417 finished. (AvgLatErr: 0.5953, Steps: 175)
  [Worker 3] episode 418 finished. (AvgLatErr: 0.2748, Steps: 200)
  [Worker 3] episode 419 finished. (AvgLatErr: 0.2484, Steps: 200)
[Worker 3].
Warning: num_agents (8) is greater than the number of available vehicle parameters (4). Cycling vehicle templates.
[Worker 4] TensorFlow device=GPU, mixed_precision=mixed_float16
[Worker 4] Random seed fixed: 500451
[Worker 4] started on GPU.
  [Worker 4] episode 410 finished. (AvgLatErr: 0.4205, Steps: 169)
  [Worker 4] episode 411 finished. (AvgLatErr: 0.3488, Steps: 161)
  [Worker 4] episode 412 finished. (AvgLatErr: 0.3187, Steps: 181)
  [Worker 4] episode 413 finished. (AvgLatErr: 0.3258, Steps: 165)
  [Worker 4] episode 414 finished. (AvgLatErr: 0.2410, Steps: 159)
  [Worker 4] episode 415 finished. (AvgLatErr: 0.2918, Steps: 173)
  [Worker 4] episode 416 finished. (AvgLatErr: 0.2959, Steps: 168)
  [Worker 4] episode 417 finished. (AvgLatErr: 0.2004, Steps: 178)
  [Worker 4] episode 418 finished. (AvgLatErr: 0.3199, Steps: 165)
  [Worker 4] episode 419 finished. (AvgLatErr: 0.2821, Steps: 197)
[Worker 4].
Warning: num_agents (8) is greater than the number of available vehicle parameters (4). Cycling vehicle templates.
[Worker 5] TensorFlow device=GPU, mixed_precision=mixed_float16
[Worker 5] Random seed fixed: 600451
[Worker 5] started on GPU.
  [Worker 5] episode 410 finished. (AvgLatErr: 0.1702, Steps: 183)
  [Worker 5] episode 411 finished. (AvgLatErr: 0.1250, Steps: 200)
  [Worker 5] episode 412 finished. (AvgLatErr: 0.1804, Steps: 183)
  [Worker 5] episode 413 finished. (AvgLatErr: 0.2187, Steps: 192)
  [Worker 5] episode 414 finished. (AvgLatErr: 0.1846, Steps: 200)
  [Worker 5] episode 415 finished. (AvgLatErr: 0.1111, Steps: 189)
  [Worker 5] episode 416 finished. (AvgLatErr: 0.1549, Steps: 192)
  [Worker 5] episode 417 finished. (AvgLatErr: 0.1673, Steps: 164)
  [Worker 5] episode 418 finished. (AvgLatErr: 0.1638, Steps: 183)
  [Worker 5] episode 419 finished. (AvgLatErr: 0.1341, Steps: 200)
[Worker 5].
Warning: num_agents (8) is greater than the number of available vehicle parameters (4). Cycling vehicle templates.
[Worker 7] TensorFlow device=GPU, mixed_precision=mixed_float16
[Worker 7] Random seed fixed: 800451
[Worker 7] started on GPU.
  [Worker 7] episode 410 finished. (AvgLatErr: 0.1151, Steps: 161)
  [Worker 7] episode 411 finished. (AvgLatErr: 0.1439, Steps: 185)
  [Worker 7] episode 412 finished. (AvgLatErr: 0.3344, Steps: 149)
  [Worker 7] episode 413 finished. (AvgLatErr: 0.1839, Steps: 162)
  [Worker 7] episode 414 finished. (AvgLatErr: 0.1990, Steps: 153)
  [Worker 7] episode 415 finished. (AvgLatErr: 0.1078, Steps: 156)
  [Worker 7] episode 416 finished. (AvgLatErr: 0.1779, Steps: 146)
  [Worker 7] episode 417 finished. (AvgLatErr: 0.1673, Steps: 161)
  [Worker 7] episode 418 finished. (AvgLatErr: 0.2196, Steps: 155)
  [Worker 7] episode 419 finished. (AvgLatErr: 0.3013, Steps: 139)
[Worker 7].
Warning: num_agents (8) is greater than the number of available vehicle parameters (4). Cycling vehicle templates.
[Worker 6] TensorFlow device=GPU, mixed_precision=mixed_float16
[Worker 6] Random seed fixed: 700451
[Worker 6] started on GPU.
  [Worker 6] episode 410 finished. (AvgLatErr: 0.4181, Steps: 200)
  [Worker 6] episode 411 finished. (AvgLatErr: 0.4116, Steps: 200)
  [Worker 6] episode 412 finished. (AvgLatErr: 0.2794, Steps: 200)
  [Worker 6] episode 413 finished. (AvgLatErr: 0.5039, Steps: 200)
  [Worker 6] episode 414 finished. (AvgLatErr: 0.4837, Steps: 200)
  [Worker 6] episode 415 finished. (AvgLatErr: 0.3937, Steps: 200)
  [Worker 6] episode 416 finished. (AvgLatErr: 0.5659, Steps: 200)
  [Worker 6] episode 417 finished. (AvgLatErr: 0.4095, Steps: 200)
  [Worker 6] episode 418 finished. (AvgLatErr: 0.3984, Steps: 200)
  [Worker 6] episode 419 finished. (AvgLatErr: 0.3690, Steps: 200)
[Worker 6].
[Main] workers finished. (elapsed: 112.18s)
[Main] Aggregation-selected agents: [1, 3, 4, 5]
[Main] FedAdagrad update completed.
[Main] Replay buffers reset after global model update.
============================================================================================
419 EP / Agent 0 : Avg Lat Err 1.9221
419 EP / Agent 1 : Avg Lat Err 0.1101
419 EP / Agent 2 : Avg Lat Err 0.9546
419 EP / Agent 3 : Avg Lat Err 0.2484
419 EP / Agent 4 : Avg Lat Err 0.2821
419 EP / Agent 5 : Avg Lat Err 0.1341
419 EP / Agent 6 : Avg Lat Err 0.3690
419 EP / Agent 7 : Avg Lat Err 0.3013
============================================================================================

============================================================================================
[Main] FL round started. (episode 420 ~ 429)
[Main] Client selection: mode=error_low, budget=4
[Main] Participating agents: [0, 1, 2, 3, 4, 5, 6, 7]
Warning: num_agents (8) is greater than the number of available vehicle parameters (4). Cycling vehicle templates.
[Worker 0] TensorFlow device=GPU, mixed_precision=mixed_float16
[Worker 0] Random seed fixed: 100461
[Worker 0] started on GPU.
  [Worker 0] episode 420 finished. (AvgLatErr: 0.4347, Steps: 141)
  [Worker 0] episode 421 finished. (AvgLatErr: 0.7960, Steps: 151)
  [Worker 0] episode 422 finished. (AvgLatErr: 0.7207, Steps: 126)
  [Worker 0] episode 423 finished. (AvgLatErr: 1.9389, Steps: 154)
  [Worker 0] episode 424 finished. (AvgLatErr: 1.1002, Steps: 146)
  [Worker 0] episode 425 finished. (AvgLatErr: 0.9253, Steps: 144)
  [Worker 0] episode 426 finished. (AvgLatErr: 1.1335, Steps: 140)
  [Worker 0] episode 427 finished. (AvgLatErr: 0.8126, Steps: 148)
  [Worker 0] episode 428 finished. (AvgLatErr: 1.8047, Steps: 149)
  [Worker 0] episode 429 finished. (AvgLatErr: 1.3864, Steps: 132)
[Worker 0].
Warning: num_agents (8) is greater than the number of available vehicle parameters (4). Cycling vehicle templates.
[Worker 1] TensorFlow device=GPU, mixed_precision=mixed_float16
[Worker 1] Random seed fixed: 200461
[Worker 1] started on GPU.
  [Worker 1] episode 420 finished. (AvgLatErr: 0.0981, Steps: 200)
  [Worker 1] episode 421 finished. (AvgLatErr: 0.1966, Steps: 143)
  [Worker 1] episode 422 finished. (AvgLatErr: 0.1949, Steps: 144)
  [Worker 1] episode 423 finished. (AvgLatErr: 0.1747, Steps: 133)
  [Worker 1] episode 424 finished. (AvgLatErr: 0.2453, Steps: 136)
  [Worker 1] episode 425 finished. (AvgLatErr: 0.3058, Steps: 124)
  [Worker 1] episode 426 finished. (AvgLatErr: 0.2340, Steps: 132)
  [Worker 1] episode 427 finished. (AvgLatErr: 0.2476, Steps: 112)
  [Worker 1] episode 428 finished. (AvgLatErr: 0.2151, Steps: 137)
  [Worker 1] episode 429 finished. (AvgLatErr: 0.1381, Steps: 123)
[Worker 1].
Warning: num_agents (8) is greater than the number of available vehicle parameters (4). Cycling vehicle templates.
[Worker 2] TensorFlow device=GPU, mixed_precision=mixed_float16
[Worker 2] Random seed fixed: 300461
[Worker 2] started on GPU.
  [Worker 2] episode 420 finished. (AvgLatErr: 0.1274, Steps: 165)
  [Worker 2] episode 421 finished. (AvgLatErr: 0.2484, Steps: 128)
  [Worker 2] episode 422 finished. (AvgLatErr: 4.3167, Steps: 200)
  [Worker 2] episode 423 finished. (AvgLatErr: 0.4966, Steps: 121)
  [Worker 2] episode 424 finished. (AvgLatErr: 0.8200, Steps: 136)
  [Worker 2] episode 425 finished. (AvgLatErr: 0.3963, Steps: 137)
  [Worker 2] episode 426 finished. (AvgLatErr: 0.4799, Steps: 134)
  [Worker 2] episode 427 finished. (AvgLatErr: 0.5791, Steps: 129)
  [Worker 2] episode 428 finished. (AvgLatErr: 0.6524, Steps: 125)
  [Worker 2] episode 429 finished. (AvgLatErr: 0.7604, Steps: 125)
[Worker 2].
Warning: num_agents (8) is greater than the number of available vehicle parameters (4). Cycling vehicle templates.
[Worker 4] TensorFlow device=GPU, mixed_precision=mixed_float16
[Worker 4] Random seed fixed: 500461
[Worker 4] started on GPU.
  [Worker 4] episode 420 finished. (AvgLatErr: 0.3512, Steps: 171)
  [Worker 4] episode 421 finished. (AvgLatErr: 0.1999, Steps: 193)
  [Worker 4] episode 422 finished. (AvgLatErr: 0.2837, Steps: 200)
  [Worker 4] episode 423 finished. (AvgLatErr: 0.5135, Steps: 154)
  [Worker 4] episode 424 finished. (AvgLatErr: 0.3205, Steps: 154)
  [Worker 4] episode 425 finished. (AvgLatErr: 0.2991, Steps: 157)
  [Worker 4] episode 426 finished. (AvgLatErr: 0.2364, Steps: 167)
  [Worker 4] episode 427 finished. (AvgLatErr: 0.2548, Steps: 163)
  [Worker 4] episode 428 finished. (AvgLatErr: 0.2559, Steps: 173)
  [Worker 4] episode 429 finished. (AvgLatErr: 0.3420, Steps: 163)
[Worker 4].
Warning: num_agents (8) is greater than the number of available vehicle parameters (4). Cycling vehicle templates.
[Worker 3] TensorFlow device=GPU, mixed_precision=mixed_float16
[Worker 3] Random seed fixed: 400461
[Worker 3] started on GPU.
  [Worker 3] episode 420 finished. (AvgLatErr: 0.4754, Steps: 194)
  [Worker 3] episode 421 finished. (AvgLatErr: 0.3436, Steps: 183)
  [Worker 3] episode 422 finished. (AvgLatErr: 0.5102, Steps: 182)
  [Worker 3] episode 423 finished. (AvgLatErr: 0.4295, Steps: 174)
  [Worker 3] episode 424 finished. (AvgLatErr: 1.3521, Steps: 200)
  [Worker 3] episode 425 finished. (AvgLatErr: 0.8187, Steps: 193)
  [Worker 3] episode 426 finished. (AvgLatErr: 0.7776, Steps: 181)
  [Worker 3] episode 427 finished. (AvgLatErr: 0.6931, Steps: 186)
  [Worker 3] episode 428 finished. (AvgLatErr: 3.4196, Steps: 200)
  [Worker 3] episode 429 finished. (AvgLatErr: 0.5897, Steps: 188)
[Worker 3].
Warning: num_agents (8) is greater than the number of available vehicle parameters (4). Cycling vehicle templates.
[Worker 5] TensorFlow device=GPU, mixed_precision=mixed_float16
[Worker 5] Random seed fixed: 600461
[Worker 5] started on GPU.
  [Worker 5] episode 420 finished. (AvgLatErr: 0.1468, Steps: 200)
  [Worker 5] episode 421 finished. (AvgLatErr: 0.3059, Steps: 159)
  [Worker 5] episode 422 finished. (AvgLatErr: 0.1742, Steps: 180)
  [Worker 5] episode 423 finished. (AvgLatErr: 0.1649, Steps: 182)
  [Worker 5] episode 424 finished. (AvgLatErr: 0.1962, Steps: 148)
  [Worker 5] episode 425 finished. (AvgLatErr: 0.1984, Steps: 175)
  [Worker 5] episode 426 finished. (AvgLatErr: 0.1856, Steps: 175)
  [Worker 5] episode 427 finished. (AvgLatErr: 0.1933, Steps: 163)
  [Worker 5] episode 428 finished. (AvgLatErr: 0.2436, Steps: 159)
  [Worker 5] episode 429 finished. (AvgLatErr: 0.2998, Steps: 155)
[Worker 5].
Warning: num_agents (8) is greater than the number of available vehicle parameters (4). Cycling vehicle templates.
[Worker 7] TensorFlow device=GPU, mixed_precision=mixed_float16
[Worker 7] Random seed fixed: 800461
[Worker 7] started on GPU.
  [Worker 7] episode 420 finished. (AvgLatErr: 0.0888, Steps: 200)
  [Worker 7] episode 421 finished. (AvgLatErr: 0.1760, Steps: 144)
  [Worker 7] episode 422 finished. (AvgLatErr: 0.1705, Steps: 151)
  [Worker 7] episode 423 finished. (AvgLatErr: 0.1953, Steps: 144)
  [Worker 7] episode 424 finished. (AvgLatErr: 0.2067, Steps: 137)
  [Worker 7] episode 425 finished. (AvgLatErr: 0.1594, Steps: 153)
  [Worker 7] episode 426 finished. (AvgLatErr: 0.1367, Steps: 159)
  [Worker 7] episode 427 finished. (AvgLatErr: 0.1481, Steps: 151)
  [Worker 7] episode 428 finished. (AvgLatErr: 0.1305, Steps: 154)
  [Worker 7] episode 429 finished. (AvgLatErr: 0.1458, Steps: 147)
[Worker 7].
Warning: num_agents (8) is greater than the number of available vehicle parameters (4). Cycling vehicle templates.
[Worker 6] TensorFlow device=GPU, mixed_precision=mixed_float16
[Worker 6] Random seed fixed: 700461
[Worker 6] started on GPU.
  [Worker 6] episode 420 finished. (AvgLatErr: 0.3214, Steps: 200)
  [Worker 6] episode 421 finished. (AvgLatErr: 0.2433, Steps: 200)
  [Worker 6] episode 422 finished. (AvgLatErr: 0.3961, Steps: 200)
  [Worker 6] episode 423 finished. (AvgLatErr: 0.5352, Steps: 200)
  [Worker 6] episode 424 finished. (AvgLatErr: 0.5494, Steps: 200)
  [Worker 6] episode 425 finished. (AvgLatErr: 0.5536, Steps: 200)
  [Worker 6] episode 426 finished. (AvgLatErr: 0.3235, Steps: 200)
  [Worker 6] episode 427 finished. (AvgLatErr: 0.4987, Steps: 200)
  [Worker 6] episode 428 finished. (AvgLatErr: 0.5672, Steps: 200)
  [Worker 6] episode 429 finished. (AvgLatErr: 0.4079, Steps: 200)
[Worker 6].
[Main] workers finished. (elapsed: 116.08s)
[Main] Aggregation-selected agents: [1, 4, 5, 7]
[Main] FedAdagrad update completed.
[Main] Replay buffers reset after global model update.
============================================================================================
429 EP / Agent 0 : Avg Lat Err 1.3864
429 EP / Agent 1 : Avg Lat Err 0.1381
429 EP / Agent 2 : Avg Lat Err 0.7604
429 EP / Agent 3 : Avg Lat Err 0.5897
429 EP / Agent 4 : Avg Lat Err 0.3420
429 EP / Agent 5 : Avg Lat Err 0.2998
429 EP / Agent 6 : Avg Lat Err 0.4079
429 EP / Agent 7 : Avg Lat Err 0.1458
============================================================================================

============================================================================================
[Main] FL round started. (episode 430 ~ 439)
[Main] Client selection: mode=error_low, budget=4
[Main] Participating agents: [0, 1, 2, 3, 4, 5, 6, 7]
Warning: num_agents (8) is greater than the number of available vehicle parameters (4). Cycling vehicle templates.
[Worker 0] TensorFlow device=GPU, mixed_precision=mixed_float16
[Worker 0] Random seed fixed: 100471
[Worker 0] started on GPU.
  [Worker 0] episode 430 finished. (AvgLatErr: 0.8151, Steps: 147)
  [Worker 0] episode 431 finished. (AvgLatErr: 1.1773, Steps: 151)
  [Worker 0] episode 432 finished. (AvgLatErr: 0.6105, Steps: 147)
  [Worker 0] episode 433 finished. (AvgLatErr: 0.8998, Steps: 135)
  [Worker 0] episode 434 finished. (AvgLatErr: 1.2360, Steps: 133)
  [Worker 0] episode 435 finished. (AvgLatErr: 0.5967, Steps: 139)
  [Worker 0] episode 436 finished. (AvgLatErr: 0.5706, Steps: 153)
  [Worker 0] episode 437 finished. (AvgLatErr: 0.5634, Steps: 146)
  [Worker 0] episode 438 finished. (AvgLatErr: 0.7259, Steps: 156)
  [Worker 0] episode 439 finished. (AvgLatErr: 0.7978, Steps: 149)
[Worker 0].
Warning: num_agents (8) is greater than the number of available vehicle parameters (4). Cycling vehicle templates.
[Worker 1] TensorFlow device=GPU, mixed_precision=mixed_float16
[Worker 1] Random seed fixed: 200471
[Worker 1] started on GPU.
  [Worker 1] episode 430 finished. (AvgLatErr: 0.0973, Steps: 163)
  [Worker 1] episode 431 finished. (AvgLatErr: 0.1518, Steps: 141)
  [Worker 1] episode 432 finished. (AvgLatErr: 0.1363, Steps: 141)
  [Worker 1] episode 433 finished. (AvgLatErr: 0.1496, Steps: 131)
  [Worker 1] episode 434 finished. (AvgLatErr: 0.1090, Steps: 128)
  [Worker 1] episode 435 finished. (AvgLatErr: 0.2193, Steps: 127)
  [Worker 1] episode 436 finished. (AvgLatErr: 0.1853, Steps: 129)
  [Worker 1] episode 437 finished. (AvgLatErr: 0.1516, Steps: 113)
  [Worker 1] episode 438 finished. (AvgLatErr: 0.1982, Steps: 129)
  [Worker 1] episode 439 finished. (AvgLatErr: 0.2331, Steps: 131)
[Worker 1].
Warning: num_agents (8) is greater than the number of available vehicle parameters (4). Cycling vehicle templates.
[Worker 2] TensorFlow device=GPU, mixed_precision=mixed_float16
[Worker 2] Random seed fixed: 300471
[Worker 2] started on GPU.
  [Worker 2] episode 430 finished. (AvgLatErr: 0.3163, Steps: 137)
  [Worker 2] episode 431 finished. (AvgLatErr: 0.2925, Steps: 123)
  [Worker 2] episode 432 finished. (AvgLatErr: 0.1939, Steps: 134)
  [Worker 2] episode 433 finished. (AvgLatErr: 0.4201, Steps: 116)
  [Worker 2] episode 434 finished. (AvgLatErr: 0.4979, Steps: 127)
  [Worker 2] episode 435 finished. (AvgLatErr: 0.5974, Steps: 123)
  [Worker 2] episode 436 finished. (AvgLatErr: 0.2017, Steps: 147)
  [Worker 2] episode 437 finished. (AvgLatErr: 0.2758, Steps: 117)
  [Worker 2] episode 438 finished. (AvgLatErr: 0.4885, Steps: 129)
  [Worker 2] episode 439 finished. (AvgLatErr: 0.4007, Steps: 121)
[Worker 2].
Warning: num_agents (8) is greater than the number of available vehicle parameters (4). Cycling vehicle templates.
[Worker 4] TensorFlow device=GPU, mixed_precision=mixed_float16
[Worker 4] Random seed fixed: 500471
[Worker 4] started on GPU.
  [Worker 4] episode 430 finished. (AvgLatErr: 0.4283, Steps: 175)
  [Worker 4] episode 431 finished. (AvgLatErr: 0.3017, Steps: 175)
  [Worker 4] episode 432 finished. (AvgLatErr: 0.3759, Steps: 160)
  [Worker 4] episode 433 finished. (AvgLatErr: 0.4277, Steps: 158)
  [Worker 4] episode 434 finished. (AvgLatErr: 0.6375, Steps: 155)
  [Worker 4] episode 435 finished. (AvgLatErr: 0.3107, Steps: 166)
  [Worker 4] episode 436 finished. (AvgLatErr: 0.3396, Steps: 166)
  [Worker 4] episode 437 finished. (AvgLatErr: 0.3008, Steps: 159)
  [Worker 4] episode 438 finished. (AvgLatErr: 0.2513, Steps: 156)
  [Worker 4] episode 439 finished. (AvgLatErr: 0.2348, Steps: 191)
[Worker 4].
Warning: num_agents (8) is greater than the number of available vehicle parameters (4). Cycling vehicle templates.
[Worker 3] TensorFlow device=GPU, mixed_precision=mixed_float16
[Worker 3] Random seed fixed: 400471
[Worker 3] started on GPU.
  [Worker 3] episode 430 finished. (AvgLatErr: 0.4410, Steps: 198)
  [Worker 3] episode 431 finished. (AvgLatErr: 0.4535, Steps: 190)
  [Worker 3] episode 432 finished. (AvgLatErr: 0.5888, Steps: 187)
  [Worker 3] episode 433 finished. (AvgLatErr: 0.4095, Steps: 175)
  [Worker 3] episode 434 finished. (AvgLatErr: 0.5887, Steps: 180)
  [Worker 3] episode 435 finished. (AvgLatErr: 0.6243, Steps: 186)
  [Worker 3] episode 436 finished. (AvgLatErr: 0.4345, Steps: 198)
  [Worker 3] episode 437 finished. (AvgLatErr: 0.5836, Steps: 190)
  [Worker 3] episode 438 finished. (AvgLatErr: 0.3512, Steps: 197)
  [Worker 3] episode 439 finished. (AvgLatErr: 0.5388, Steps: 193)
[Worker 3].
Warning: num_agents (8) is greater than the number of available vehicle parameters (4). Cycling vehicle templates.
[Worker 5] TensorFlow device=GPU, mixed_precision=mixed_float16
[Worker 5] Random seed fixed: 600471
[Worker 5] started on GPU.
  [Worker 5] episode 430 finished. (AvgLatErr: 0.1400, Steps: 179)
  [Worker 5] episode 431 finished. (AvgLatErr: 0.3021, Steps: 175)
  [Worker 5] episode 432 finished. (AvgLatErr: 0.2317, Steps: 192)
  [Worker 5] episode 433 finished. (AvgLatErr: 0.2084, Steps: 156)
  [Worker 5] episode 434 finished. (AvgLatErr: 0.2210, Steps: 162)
  [Worker 5] episode 435 finished. (AvgLatErr: 0.1548, Steps: 181)
  [Worker 5] episode 436 finished. (AvgLatErr: 0.2615, Steps: 159)
  [Worker 5] episode 437 finished. (AvgLatErr: 0.1797, Steps: 152)
  [Worker 5] episode 438 finished. (AvgLatErr: 0.2150, Steps: 171)
  [Worker 5] episode 439 finished. (AvgLatErr: 0.1576, Steps: 184)
[Worker 5].
Warning: num_agents (8) is greater than the number of available vehicle parameters (4). Cycling vehicle templates.
[Worker 7] TensorFlow device=GPU, mixed_precision=mixed_float16
[Worker 7] Random seed fixed: 800471
[Worker 7] started on GPU.
  [Worker 7] episode 430 finished. (AvgLatErr: 0.1233, Steps: 157)
  [Worker 7] episode 431 finished. (AvgLatErr: 0.1306, Steps: 168)
  [Worker 7] episode 432 finished. (AvgLatErr: 0.1607, Steps: 154)
  [Worker 7] episode 433 finished. (AvgLatErr: 0.1715, Steps: 132)
  [Worker 7] episode 434 finished. (AvgLatErr: 0.2217, Steps: 151)
  [Worker 7] episode 435 finished. (AvgLatErr: 0.3034, Steps: 159)
  [Worker 7] episode 436 finished. (AvgLatErr: 0.2446, Steps: 153)
  [Worker 7] episode 437 finished. (AvgLatErr: 0.1562, Steps: 145)
  [Worker 7] episode 438 finished. (AvgLatErr: 0.2092, Steps: 156)
  [Worker 7] episode 439 finished. (AvgLatErr: 0.1882, Steps: 153)
[Worker 7].
Warning: num_agents (8) is greater than the number of available vehicle parameters (4). Cycling vehicle templates.
[Worker 6] TensorFlow device=GPU, mixed_precision=mixed_float16
[Worker 6] Random seed fixed: 700471
[Worker 6] started on GPU.
  [Worker 6] episode 430 finished. (AvgLatErr: 0.2860, Steps: 200)
  [Worker 6] episode 431 finished. (AvgLatErr: 0.4775, Steps: 195)
  [Worker 6] episode 432 finished. (AvgLatErr: 0.3806, Steps: 200)
  [Worker 6] episode 433 finished. (AvgLatErr: 0.6628, Steps: 200)
  [Worker 6] episode 434 finished. (AvgLatErr: 0.3616, Steps: 200)
  [Worker 6] episode 435 finished. (AvgLatErr: 0.4992, Steps: 200)
  [Worker 6] episode 436 finished. (AvgLatErr: 0.5994, Steps: 200)
  [Worker 6] episode 437 finished. (AvgLatErr: 0.3867, Steps: 200)
  [Worker 6] episode 438 finished. (AvgLatErr: 0.4643, Steps: 200)
  [Worker 6] episode 439 finished. (AvgLatErr: 0.4517, Steps: 200)
[Worker 6].
[Main] workers finished. (elapsed: 113.28s)
[Main] Aggregation-selected agents: [1, 4, 5, 7]
[Main] FedAdagrad update completed.
[Main] Replay buffers reset after global model update.
============================================================================================
439 EP / Agent 0 : Avg Lat Err 0.7978
439 EP / Agent 1 : Avg Lat Err 0.2331
439 EP / Agent 2 : Avg Lat Err 0.4007
439 EP / Agent 3 : Avg Lat Err 0.5388
439 EP / Agent 4 : Avg Lat Err 0.2348
439 EP / Agent 5 : Avg Lat Err 0.1576
439 EP / Agent 6 : Avg Lat Err 0.4517
439 EP / Agent 7 : Avg Lat Err 0.1882
============================================================================================

============================================================================================
[Main] FL round started. (episode 440 ~ 449)
[Main] Client selection: mode=error_low, budget=4
[Main] Participating agents: [0, 1, 2, 3, 4, 5, 6, 7]
Warning: num_agents (8) is greater than the number of available vehicle parameters (4). Cycling vehicle templates.
[Worker 0] TensorFlow device=GPU, mixed_precision=mixed_float16
[Worker 0] Random seed fixed: 100481
[Worker 0] started on GPU.
  [Worker 0] episode 440 finished. (AvgLatErr: 0.4679, Steps: 135)
  [Worker 0] episode 441 finished. (AvgLatErr: 1.0734, Steps: 136)
  [Worker 0] episode 442 finished. (AvgLatErr: 0.6840, Steps: 139)
  [Worker 0] episode 443 finished. (AvgLatErr: 1.2122, Steps: 135)
  [Worker 0] episode 444 finished. (AvgLatErr: 0.6029, Steps: 136)
  [Worker 0] episode 445 finished. (AvgLatErr: 0.8896, Steps: 135)
  [Worker 0] episode 446 finished. (AvgLatErr: 0.6994, Steps: 133)
  [Worker 0] episode 447 finished. (AvgLatErr: 0.5308, Steps: 135)
  [Worker 0] episode 448 finished. (AvgLatErr: 1.0727, Steps: 146)
  [Worker 0] episode 449 finished. (AvgLatErr: 0.5342, Steps: 139)
[Worker 0].
Warning: num_agents (8) is greater than the number of available vehicle parameters (4). Cycling vehicle templates.
[Worker 2] TensorFlow device=GPU, mixed_precision=mixed_float16
[Worker 2] Random seed fixed: 300481
[Worker 2] started on GPU.
  [Worker 2] episode 440 finished. (AvgLatErr: 0.3318, Steps: 123)
  [Worker 2] episode 441 finished. (AvgLatErr: 0.3616, Steps: 118)
  [Worker 2] episode 442 finished. (AvgLatErr: 0.3851, Steps: 119)
  [Worker 2] episode 443 finished. (AvgLatErr: 0.2878, Steps: 116)
  [Worker 2] episode 444 finished. (AvgLatErr: 0.4249, Steps: 134)
  [Worker 2] episode 445 finished. (AvgLatErr: 0.5187, Steps: 123)
  [Worker 2] episode 446 finished. (AvgLatErr: 0.4282, Steps: 127)
  [Worker 2] episode 447 finished. (AvgLatErr: 0.5343, Steps: 125)
  [Worker 2] episode 448 finished. (AvgLatErr: 0.4376, Steps: 117)
  [Worker 2] episode 449 finished. (AvgLatErr: 0.4211, Steps: 112)
[Worker 2].
Warning: num_agents (8) is greater than the number of available vehicle parameters (4). Cycling vehicle templates.
[Worker 1] TensorFlow device=GPU, mixed_precision=mixed_float16
[Worker 1] Random seed fixed: 200481
[Worker 1] started on GPU.
  [Worker 1] episode 440 finished. (AvgLatErr: 0.1013, Steps: 140)
  [Worker 1] episode 441 finished. (AvgLatErr: 0.1238, Steps: 128)
  [Worker 1] episode 442 finished. (AvgLatErr: 0.1683, Steps: 143)
  [Worker 1] episode 443 finished. (AvgLatErr: 0.1794, Steps: 160)
  [Worker 1] episode 444 finished. (AvgLatErr: 0.1717, Steps: 136)
  [Worker 1] episode 445 finished. (AvgLatErr: 0.1815, Steps: 139)
  [Worker 1] episode 446 finished. (AvgLatErr: 0.1938, Steps: 136)
  [Worker 1] episode 447 finished. (AvgLatErr: 0.1573, Steps: 134)
  [Worker 1] episode 448 finished. (AvgLatErr: 0.1815, Steps: 136)
  [Worker 1] episode 449 finished. (AvgLatErr: 0.1357, Steps: 127)
[Worker 1].
Warning: num_agents (8) is greater than the number of available vehicle parameters (4). Cycling vehicle templates.
[Worker 4] TensorFlow device=GPU, mixed_precision=mixed_float16
[Worker 4] Random seed fixed: 500481
[Worker 4] started on GPU.
  [Worker 4] episode 440 finished. (AvgLatErr: 0.3748, Steps: 157)
  [Worker 4] episode 441 finished. (AvgLatErr: 0.3477, Steps: 174)
  [Worker 4] episode 442 finished. (AvgLatErr: 0.3777, Steps: 151)
  [Worker 4] episode 443 finished. (AvgLatErr: 0.2079, Steps: 157)
  [Worker 4] episode 444 finished. (AvgLatErr: 0.3873, Steps: 164)
  [Worker 4] episode 445 finished. (AvgLatErr: 0.2943, Steps: 162)
  [Worker 4] episode 446 finished. (AvgLatErr: 0.2266, Steps: 166)
  [Worker 4] episode 447 finished. (AvgLatErr: 0.2471, Steps: 150)
  [Worker 4] episode 448 finished. (AvgLatErr: 0.2325, Steps: 156)
  [Worker 4] episode 449 finished. (AvgLatErr: 0.2426, Steps: 156)
[Worker 4].
Warning: num_agents (8) is greater than the number of available vehicle parameters (4). Cycling vehicle templates.
[Worker 3] TensorFlow device=GPU, mixed_precision=mixed_float16
[Worker 3] Random seed fixed: 400481
[Worker 3] started on GPU.
  [Worker 3] episode 440 finished. (AvgLatErr: 0.3231, Steps: 181)
  [Worker 3] episode 441 finished. (AvgLatErr: 0.5537, Steps: 190)
  [Worker 3] episode 442 finished. (AvgLatErr: 0.4904, Steps: 181)
  [Worker 3] episode 443 finished. (AvgLatErr: 0.6232, Steps: 184)
  [Worker 3] episode 444 finished. (AvgLatErr: 0.4233, Steps: 197)
  [Worker 3] episode 445 finished. (AvgLatErr: 0.7680, Steps: 182)
  [Worker 3] episode 446 finished. (AvgLatErr: 0.4831, Steps: 182)
  [Worker 3] episode 447 finished. (AvgLatErr: 0.6004, Steps: 174)
  [Worker 3] episode 448 finished. (AvgLatErr: 0.5421, Steps: 185)
  [Worker 3] episode 449 finished. (AvgLatErr: 0.3698, Steps: 182)
[Worker 3].
Warning: num_agents (8) is greater than the number of available vehicle parameters (4). Cycling vehicle templates.
[Worker 5] TensorFlow device=GPU, mixed_precision=mixed_float16
[Worker 5] Random seed fixed: 600481
[Worker 5] started on GPU.
  [Worker 5] episode 440 finished. (AvgLatErr: 0.2209, Steps: 171)
  [Worker 5] episode 441 finished. (AvgLatErr: 0.2119, Steps: 159)
  [Worker 5] episode 442 finished. (AvgLatErr: 0.2511, Steps: 169)
  [Worker 5] episode 443 finished. (AvgLatErr: 0.2402, Steps: 146)
  [Worker 5] episode 444 finished. (AvgLatErr: 0.3116, Steps: 161)
  [Worker 5] episode 445 finished. (AvgLatErr: 0.2013, Steps: 159)
  [Worker 5] episode 446 finished. (AvgLatErr: 0.2561, Steps: 155)
  [Worker 5] episode 447 finished. (AvgLatErr: 0.3047, Steps: 171)
  [Worker 5] episode 448 finished. (AvgLatErr: 0.2386, Steps: 168)
  [Worker 5] episode 449 finished. (AvgLatErr: 0.2856, Steps: 173)
[Worker 5].
Warning: num_agents (8) is greater than the number of available vehicle parameters (4). Cycling vehicle templates.
[Worker 7] TensorFlow device=GPU, mixed_precision=mixed_float16
[Worker 7] Random seed fixed: 800481
[Worker 7] started on GPU.
  [Worker 7] episode 440 finished. (AvgLatErr: 0.1627, Steps: 138)
  [Worker 7] episode 441 finished. (AvgLatErr: 0.0920, Steps: 195)
  [Worker 7] episode 442 finished. (AvgLatErr: 0.0941, Steps: 169)
  [Worker 7] episode 443 finished. (AvgLatErr: 0.1763, Steps: 156)
  [Worker 7] episode 444 finished. (AvgLatErr: 0.2235, Steps: 148)
  [Worker 7] episode 445 finished. (AvgLatErr: 0.2152, Steps: 136)
  [Worker 7] episode 446 finished. (AvgLatErr: 0.5636, Steps: 153)
  [Worker 7] episode 447 finished. (AvgLatErr: 0.3702, Steps: 119)
  [Worker 7] episode 448 finished. (AvgLatErr: 0.2062, Steps: 123)
  [Worker 7] episode 449 finished. (AvgLatErr: 0.1670, Steps: 137)
[Worker 7].
Warning: num_agents (8) is greater than the number of available vehicle parameters (4). Cycling vehicle templates.
[Worker 6] TensorFlow device=GPU, mixed_precision=mixed_float16
[Worker 6] Random seed fixed: 700481
[Worker 6] started on GPU.
  [Worker 6] episode 440 finished. (AvgLatErr: 0.4709, Steps: 200)
  [Worker 6] episode 441 finished. (AvgLatErr: 0.3386, Steps: 200)
  [Worker 6] episode 442 finished. (AvgLatErr: 0.3479, Steps: 200)
  [Worker 6] episode 443 finished. (AvgLatErr: 0.3070, Steps: 200)
  [Worker 6] episode 444 finished. (AvgLatErr: 0.3847, Steps: 200)
  [Worker 6] episode 445 finished. (AvgLatErr: 0.3558, Steps: 200)
  [Worker 6] episode 446 finished. (AvgLatErr: 0.2860, Steps: 200)
  [Worker 6] episode 447 finished. (AvgLatErr: 0.3091, Steps: 200)
  [Worker 6] episode 448 finished. (AvgLatErr: 0.4875, Steps: 200)
  [Worker 6] episode 449 finished. (AvgLatErr: 0.7254, Steps: 200)
[Worker 6].
[Main] workers finished. (elapsed: 112.20s)
[Main] Aggregation-selected agents: [1, 4, 5, 7]
[Main] FedAdagrad update completed.
[Main] Replay buffers reset after global model update.
============================================================================================
449 EP / Agent 0 : Avg Lat Err 0.5342
449 EP / Agent 1 : Avg Lat Err 0.1357
449 EP / Agent 2 : Avg Lat Err 0.4211
449 EP / Agent 3 : Avg Lat Err 0.3698
449 EP / Agent 4 : Avg Lat Err 0.2426
449 EP / Agent 5 : Avg Lat Err 0.2856
449 EP / Agent 6 : Avg Lat Err 0.7254
449 EP / Agent 7 : Avg Lat Err 0.1670
============================================================================================
[Main] Model checkpoint saved: C:\Users\syd79\FRL-Q\experiments\fast_parallel_fedadagrad_8errorlow4_20260916_run1_error_low_4of8\checkpoints\global_model_episode_000450.weights.h5

============================================================================================
[Main] FL round started. (episode 450 ~ 459)
[Main] Client selection: mode=error_low, budget=4
[Main] Participating agents: [0, 1, 2, 3, 4, 5, 6, 7]
Warning: num_agents (8) is greater than the number of available vehicle parameters (4). Cycling vehicle templates.
[Worker 0] TensorFlow device=GPU, mixed_precision=mixed_float16
[Worker 0] Random seed fixed: 100491
[Worker 0] started on GPU.
  [Worker 0] episode 450 finished. (AvgLatErr: 0.7902, Steps: 137)
  [Worker 0] episode 451 finished. (AvgLatErr: 0.6655, Steps: 122)
  [Worker 0] episode 452 finished. (AvgLatErr: 1.1334, Steps: 132)
  [Worker 0] episode 453 finished. (AvgLatErr: 1.0253, Steps: 130)
  [Worker 0] episode 454 finished. (AvgLatErr: 1.8213, Steps: 128)
  [Worker 0] episode 455 finished. (AvgLatErr: 1.0673, Steps: 124)
  [Worker 0] episode 456 finished. (AvgLatErr: 0.8602, Steps: 125)
  [Worker 0] episode 457 finished. (AvgLatErr: 2.7704, Steps: 144)
  [Worker 0] episode 458 finished. (AvgLatErr: 2.0619, Steps: 148)
  [Worker 0] episode 459 finished. (AvgLatErr: 1.2495, Steps: 126)
[Worker 0].
Warning: num_agents (8) is greater than the number of available vehicle parameters (4). Cycling vehicle templates.
[Worker 1] TensorFlow device=GPU, mixed_precision=mixed_float16
[Worker 1] Random seed fixed: 200491
[Worker 1] started on GPU.
  [Worker 1] episode 450 finished. (AvgLatErr: 0.1699, Steps: 145)
  [Worker 1] episode 451 finished. (AvgLatErr: 0.1830, Steps: 120)
  [Worker 1] episode 452 finished. (AvgLatErr: 0.3252, Steps: 131)
  [Worker 1] episode 453 finished. (AvgLatErr: 0.1864, Steps: 131)
  [Worker 1] episode 454 finished. (AvgLatErr: 0.2022, Steps: 123)
  [Worker 1] episode 455 finished. (AvgLatErr: 0.1991, Steps: 118)
  [Worker 1] episode 456 finished. (AvgLatErr: 0.1877, Steps: 138)
  [Worker 1] episode 457 finished. (AvgLatErr: 0.1328, Steps: 139)
  [Worker 1] episode 458 finished. (AvgLatErr: 0.1778, Steps: 131)
  [Worker 1] episode 459 finished. (AvgLatErr: 0.2241, Steps: 134)
[Worker 1].
Warning: num_agents (8) is greater than the number of available vehicle parameters (4). Cycling vehicle templates.
[Worker 2] TensorFlow device=GPU, mixed_precision=mixed_float16
[Worker 2] Random seed fixed: 300491
[Worker 2] started on GPU.
  [Worker 2] episode 450 finished. (AvgLatErr: 0.2684, Steps: 135)
  [Worker 2] episode 451 finished. (AvgLatErr: 0.3679, Steps: 124)
  [Worker 2] episode 452 finished. (AvgLatErr: 0.4184, Steps: 123)
  [Worker 2] episode 453 finished. (AvgLatErr: 0.8348, Steps: 120)
  [Worker 2] episode 454 finished. (AvgLatErr: 0.3565, Steps: 130)
  [Worker 2] episode 455 finished. (AvgLatErr: 0.2527, Steps: 140)
  [Worker 2] episode 456 finished. (AvgLatErr: 0.5756, Steps: 140)
  [Worker 2] episode 457 finished. (AvgLatErr: 0.3187, Steps: 121)
  [Worker 2] episode 458 finished. (AvgLatErr: 0.4055, Steps: 128)
  [Worker 2] episode 459 finished. (AvgLatErr: 0.2484, Steps: 140)
[Worker 2].
Warning: num_agents (8) is greater than the number of available vehicle parameters (4). Cycling vehicle templates.
[Worker 3] TensorFlow device=GPU, mixed_precision=mixed_float16
[Worker 3] Random seed fixed: 400491
[Worker 3] started on GPU.
  [Worker 3] episode 450 finished. (AvgLatErr: 0.2782, Steps: 187)
  [Worker 3] episode 451 finished. (AvgLatErr: 0.5122, Steps: 190)
  [Worker 3] episode 452 finished. (AvgLatErr: 0.2969, Steps: 200)
  [Worker 3] episode 453 finished. (AvgLatErr: 0.7467, Steps: 196)
  [Worker 3] episode 454 finished. (AvgLatErr: 0.4594, Steps: 198)
  [Worker 3] episode 455 finished. (AvgLatErr: 0.7027, Steps: 192)
  [Worker 3] episode 456 finished. (AvgLatErr: 0.6992, Steps: 176)
  [Worker 3] episode 457 finished. (AvgLatErr: 0.5499, Steps: 193)
  [Worker 3] episode 458 finished. (AvgLatErr: 0.4659, Steps: 199)
  [Worker 3] episode 459 finished. (AvgLatErr: 0.8125, Steps: 182)
[Worker 3].
Warning: num_agents (8) is greater than the number of available vehicle parameters (4). Cycling vehicle templates.
[Worker 4] TensorFlow device=GPU, mixed_precision=mixed_float16
[Worker 4] Random seed fixed: 500491
[Worker 4] started on GPU.
  [Worker 4] episode 450 finished. (AvgLatErr: 0.2322, Steps: 165)
  [Worker 4] episode 451 finished. (AvgLatErr: 0.3258, Steps: 159)
  [Worker 4] episode 452 finished. (AvgLatErr: 0.4142, Steps: 160)
  [Worker 4] episode 453 finished. (AvgLatErr: 0.2839, Steps: 158)
  [Worker 4] episode 454 finished. (AvgLatErr: 0.4949, Steps: 165)
  [Worker 4] episode 455 finished. (AvgLatErr: 0.3491, Steps: 150)
  [Worker 4] episode 456 finished. (AvgLatErr: 0.3181, Steps: 167)
  [Worker 4] episode 457 finished. (AvgLatErr: 0.3185, Steps: 152)
  [Worker 4] episode 458 finished. (AvgLatErr: 0.3198, Steps: 162)
  [Worker 4] episode 459 finished. (AvgLatErr: 0.3105, Steps: 154)
[Worker 4].
Warning: num_agents (8) is greater than the number of available vehicle parameters (4). Cycling vehicle templates.
[Worker 7] TensorFlow device=GPU, mixed_precision=mixed_float16
[Worker 7] Random seed fixed: 800491
[Worker 7] started on GPU.
  [Worker 7] episode 450 finished. (AvgLatErr: 0.1383, Steps: 154)
  [Worker 7] episode 451 finished. (AvgLatErr: 0.1423, Steps: 138)
  [Worker 7] episode 452 finished. (AvgLatErr: 0.2534, Steps: 146)
  [Worker 7] episode 453 finished. (AvgLatErr: 0.1815, Steps: 139)
  [Worker 7] episode 454 finished. (AvgLatErr: 0.1898, Steps: 144)
  [Worker 7] episode 455 finished. (AvgLatErr: 0.1985, Steps: 157)
  [Worker 7] episode 456 finished. (AvgLatErr: 0.1723, Steps: 135)
  [Worker 7] episode 457 finished. (AvgLatErr: 0.1745, Steps: 150)
  [Worker 7] episode 458 finished. (AvgLatErr: 0.1494, Steps: 154)
  [Worker 7] episode 459 finished. (AvgLatErr: 0.1770, Steps: 136)
[Worker 7].
Warning: num_agents (8) is greater than the number of available vehicle parameters (4). Cycling vehicle templates.
[Worker 5] TensorFlow device=GPU, mixed_precision=mixed_float16
[Worker 5] Random seed fixed: 600491
[Worker 5] started on GPU.
  [Worker 5] episode 450 finished. (AvgLatErr: 0.1384, Steps: 169)
  [Worker 5] episode 451 finished. (AvgLatErr: 0.1820, Steps: 178)
  [Worker 5] episode 452 finished. (AvgLatErr: 0.1373, Steps: 189)
  [Worker 5] episode 453 finished. (AvgLatErr: 0.1713, Steps: 167)
  [Worker 5] episode 454 finished. (AvgLatErr: 0.1217, Steps: 180)
  [Worker 5] episode 455 finished. (AvgLatErr: 0.2088, Steps: 185)
  [Worker 5] episode 456 finished. (AvgLatErr: 0.1805, Steps: 167)
  [Worker 5] episode 457 finished. (AvgLatErr: 0.2116, Steps: 157)
  [Worker 5] episode 458 finished. (AvgLatErr: 0.1331, Steps: 200)
  [Worker 5] episode 459 finished. (AvgLatErr: 0.2779, Steps: 179)
[Worker 5].
Warning: num_agents (8) is greater than the number of available vehicle parameters (4). Cycling vehicle templates.
[Worker 6] TensorFlow device=GPU, mixed_precision=mixed_float16
[Worker 6] Random seed fixed: 700491
[Worker 6] started on GPU.
  [Worker 6] episode 450 finished. (AvgLatErr: 0.3676, Steps: 200)
  [Worker 6] episode 451 finished. (AvgLatErr: 0.3582, Steps: 200)
  [Worker 6] episode 452 finished. (AvgLatErr: 0.6786, Steps: 200)
  [Worker 6] episode 453 finished. (AvgLatErr: 0.4549, Steps: 200)
  [Worker 6] episode 454 finished. (AvgLatErr: 0.5132, Steps: 200)
  [Worker 6] episode 455 finished. (AvgLatErr: 0.4609, Steps: 200)
  [Worker 6] episode 456 finished. (AvgLatErr: 0.4906, Steps: 200)
  [Worker 6] episode 457 finished. (AvgLatErr: 0.5078, Steps: 200)
  [Worker 6] episode 458 finished. (AvgLatErr: 0.3398, Steps: 195)
  [Worker 6] episode 459 finished. (AvgLatErr: 0.3756, Steps: 200)
[Worker 6].
[Main] workers finished. (elapsed: 116.31s)
[Main] Aggregation-selected agents: [1, 2, 5, 7]
[Main] FedAdagrad update completed.
[Main] Replay buffers reset after global model update.
============================================================================================
459 EP / Agent 0 : Avg Lat Err 1.2495
459 EP / Agent 1 : Avg Lat Err 0.2241
459 EP / Agent 2 : Avg Lat Err 0.2484
459 EP / Agent 3 : Avg Lat Err 0.8125
459 EP / Agent 4 : Avg Lat Err 0.3105
459 EP / Agent 5 : Avg Lat Err 0.2779
459 EP / Agent 6 : Avg Lat Err 0.3756
459 EP / Agent 7 : Avg Lat Err 0.1770
============================================================================================

============================================================================================
[Main] FL round started. (episode 460 ~ 469)
[Main] Client selection: mode=error_low, budget=4
[Main] Participating agents: [0, 1, 2, 3, 4, 5, 6, 7]
Warning: num_agents (8) is greater than the number of available vehicle parameters (4). Cycling vehicle templates.
[Worker 0] TensorFlow device=GPU, mixed_precision=mixed_float16
[Worker 0] Random seed fixed: 100501
[Worker 0] started on GPU.
  [Worker 0] episode 460 finished. (AvgLatErr: 0.9392, Steps: 136)
  [Worker 0] episode 461 finished. (AvgLatErr: 0.4665, Steps: 124)
  [Worker 0] episode 462 finished. (AvgLatErr: 0.9409, Steps: 131)
  [Worker 0] episode 463 finished. (AvgLatErr: 1.1622, Steps: 126)
  [Worker 0] episode 464 finished. (AvgLatErr: 1.4974, Steps: 127)
  [Worker 0] episode 465 finished. (AvgLatErr: 2.6183, Steps: 159)
  [Worker 0] episode 466 finished. (AvgLatErr: 1.8320, Steps: 149)
  [Worker 0] episode 467 finished. (AvgLatErr: 0.8557, Steps: 140)
  [Worker 0] episode 468 finished. (AvgLatErr: 0.8417, Steps: 138)
  [Worker 0] episode 469 finished. (AvgLatErr: 1.2581, Steps: 134)
[Worker 0].
Warning: num_agents (8) is greater than the number of available vehicle parameters (4). Cycling vehicle templates.
[Worker 1] TensorFlow device=GPU, mixed_precision=mixed_float16
[Worker 1] Random seed fixed: 200501
[Worker 1] started on GPU.
  [Worker 1] episode 460 finished. (AvgLatErr: 0.1422, Steps: 144)
  [Worker 1] episode 461 finished. (AvgLatErr: 0.2443, Steps: 129)
  [Worker 1] episode 462 finished. (AvgLatErr: 0.1335, Steps: 121)
  [Worker 1] episode 463 finished. (AvgLatErr: 0.1256, Steps: 125)
  [Worker 1] episode 464 finished. (AvgLatErr: 0.2172, Steps: 122)
  [Worker 1] episode 465 finished. (AvgLatErr: 0.2979, Steps: 133)
  [Worker 1] episode 466 finished. (AvgLatErr: 0.1581, Steps: 110)
  [Worker 1] episode 467 finished. (AvgLatErr: 0.1974, Steps: 116)
  [Worker 1] episode 468 finished. (AvgLatErr: 0.1667, Steps: 112)
  [Worker 1] episode 469 finished. (AvgLatErr: 0.1961, Steps: 127)
[Worker 1].
Warning: num_agents (8) is greater than the number of available vehicle parameters (4). Cycling vehicle templates.
[Worker 2] TensorFlow device=GPU, mixed_precision=mixed_float16
[Worker 2] Random seed fixed: 300501
[Worker 2] started on GPU.
  [Worker 2] episode 460 finished. (AvgLatErr: 0.3452, Steps: 128)
  [Worker 2] episode 461 finished. (AvgLatErr: 0.6798, Steps: 125)
  [Worker 2] episode 462 finished. (AvgLatErr: 0.3399, Steps: 126)
  [Worker 2] episode 463 finished. (AvgLatErr: 0.4823, Steps: 121)
  [Worker 2] episode 464 finished. (AvgLatErr: 0.5462, Steps: 110)
  [Worker 2] episode 465 finished. (AvgLatErr: 0.7420, Steps: 126)
  [Worker 2] episode 466 finished. (AvgLatErr: 0.5602, Steps: 127)
  [Worker 2] episode 467 finished. (AvgLatErr: 0.4618, Steps: 116)
  [Worker 2] episode 468 finished. (AvgLatErr: 0.7351, Steps: 120)
  [Worker 2] episode 469 finished. (AvgLatErr: 3.5607, Steps: 172)
[Worker 2].
Warning: num_agents (8) is greater than the number of available vehicle parameters (4). Cycling vehicle templates.
[Worker 3] TensorFlow device=GPU, mixed_precision=mixed_float16
[Worker 3] Random seed fixed: 400501
[Worker 3] started on GPU.
  [Worker 3] episode 460 finished. (AvgLatErr: 0.3065, Steps: 182)
  [Worker 3] episode 461 finished. (AvgLatErr: 0.6395, Steps: 181)
  [Worker 3] episode 462 finished. (AvgLatErr: 0.6536, Steps: 174)
  [Worker 3] episode 463 finished. (AvgLatErr: 0.4871, Steps: 169)
  [Worker 3] episode 464 finished. (AvgLatErr: 1.1196, Steps: 181)
  [Worker 3] episode 465 finished. (AvgLatErr: 0.6066, Steps: 173)
  [Worker 3] episode 466 finished. (AvgLatErr: 1.1089, Steps: 134)
  [Worker 3] episode 467 finished. (AvgLatErr: 0.6174, Steps: 182)
  [Worker 3] episode 468 finished. (AvgLatErr: 0.6612, Steps: 184)
  [Worker 3] episode 469 finished. (AvgLatErr: 0.5801, Steps: 181)
[Worker 3].
Warning: num_agents (8) is greater than the number of available vehicle parameters (4). Cycling vehicle templates.
[Worker 4] TensorFlow device=GPU, mixed_precision=mixed_float16
[Worker 4] Random seed fixed: 500501
[Worker 4] started on GPU.
  [Worker 4] episode 460 finished. (AvgLatErr: 0.3666, Steps: 157)
  [Worker 4] episode 461 finished. (AvgLatErr: 0.3596, Steps: 172)
  [Worker 4] episode 462 finished. (AvgLatErr: 0.3980, Steps: 160)
  [Worker 4] episode 463 finished. (AvgLatErr: 0.4611, Steps: 167)
  [Worker 4] episode 464 finished. (AvgLatErr: 0.3198, Steps: 152)
  [Worker 4] episode 465 finished. (AvgLatErr: 0.2693, Steps: 156)
  [Worker 4] episode 466 finished. (AvgLatErr: 0.3561, Steps: 155)
  [Worker 4] episode 467 finished. (AvgLatErr: 0.3406, Steps: 159)
  [Worker 4] episode 468 finished. (AvgLatErr: 0.2568, Steps: 160)
  [Worker 4] episode 469 finished. (AvgLatErr: 0.2516, Steps: 159)
[Worker 4].
Warning: num_agents (8) is greater than the number of available vehicle parameters (4). Cycling vehicle templates.
[Worker 5] TensorFlow device=GPU, mixed_precision=mixed_float16
[Worker 5] Random seed fixed: 600501
[Worker 5] started on GPU.
  [Worker 5] episode 460 finished. (AvgLatErr: 0.2198, Steps: 169)
  [Worker 5] episode 461 finished. (AvgLatErr: 0.3233, Steps: 145)
  [Worker 5] episode 462 finished. (AvgLatErr: 0.2975, Steps: 152)
  [Worker 5] episode 463 finished. (AvgLatErr: 0.4669, Steps: 140)
  [Worker 5] episode 464 finished. (AvgLatErr: 0.2023, Steps: 156)
  [Worker 5] episode 465 finished. (AvgLatErr: 0.3111, Steps: 149)
  [Worker 5] episode 466 finished. (AvgLatErr: 0.2208, Steps: 137)
  [Worker 5] episode 467 finished. (AvgLatErr: 0.2318, Steps: 145)
  [Worker 5] episode 468 finished. (AvgLatErr: 0.1797, Steps: 173)
  [Worker 5] episode 469 finished. (AvgLatErr: 0.3998, Steps: 136)
[Worker 5].
Warning: num_agents (8) is greater than the number of available vehicle parameters (4). Cycling vehicle templates.
[Worker 7] TensorFlow device=GPU, mixed_precision=mixed_float16
[Worker 7] Random seed fixed: 800501
[Worker 7] started on GPU.
  [Worker 7] episode 460 finished. (AvgLatErr: 0.1883, Steps: 160)
  [Worker 7] episode 461 finished. (AvgLatErr: 0.1402, Steps: 135)
  [Worker 7] episode 462 finished. (AvgLatErr: 0.1576, Steps: 129)
  [Worker 7] episode 463 finished. (AvgLatErr: 0.2164, Steps: 141)
  [Worker 7] episode 464 finished. (AvgLatErr: 0.1220, Steps: 140)
  [Worker 7] episode 465 finished. (AvgLatErr: 0.2242, Steps: 137)
  [Worker 7] episode 466 finished. (AvgLatErr: 0.3362, Steps: 127)
  [Worker 7] episode 467 finished. (AvgLatErr: 0.3904, Steps: 143)
  [Worker 7] episode 468 finished. (AvgLatErr: 0.3804, Steps: 156)
  [Worker 7] episode 469 finished. (AvgLatErr: 0.2938, Steps: 137)
[Worker 7].
Warning: num_agents (8) is greater than the number of available vehicle parameters (4). Cycling vehicle templates.
[Worker 6] TensorFlow device=GPU, mixed_precision=mixed_float16
[Worker 6] Random seed fixed: 700501
[Worker 6] started on GPU.
  [Worker 6] episode 460 finished. (AvgLatErr: 0.3643, Steps: 197)
  [Worker 6] episode 461 finished. (AvgLatErr: 0.5384, Steps: 200)
  [Worker 6] episode 462 finished. (AvgLatErr: 0.3581, Steps: 200)
  [Worker 6] episode 463 finished. (AvgLatErr: 0.3954, Steps: 193)
  [Worker 6] episode 464 finished. (AvgLatErr: 0.4494, Steps: 195)
  [Worker 6] episode 465 finished. (AvgLatErr: 0.6392, Steps: 200)
  [Worker 6] episode 466 finished. (AvgLatErr: 0.5210, Steps: 200)
  [Worker 6] episode 467 finished. (AvgLatErr: 0.5438, Steps: 200)
  [Worker 6] episode 468 finished. (AvgLatErr: 0.5137, Steps: 200)
  [Worker 6] episode 469 finished. (AvgLatErr: 0.4790, Steps: 200)
[Worker 6].
[Main] workers finished. (elapsed: 109.06s)
[Main] Aggregation-selected agents: [1, 4, 5, 7]
[Main] FedAdagrad update completed.
[Main] Replay buffers reset after global model update.
============================================================================================
469 EP / Agent 0 : Avg Lat Err 1.2581
469 EP / Agent 1 : Avg Lat Err 0.1961
469 EP / Agent 2 : Avg Lat Err 3.5607
469 EP / Agent 3 : Avg Lat Err 0.5801
469 EP / Agent 4 : Avg Lat Err 0.2516
469 EP / Agent 5 : Avg Lat Err 0.3998
469 EP / Agent 6 : Avg Lat Err 0.4790
469 EP / Agent 7 : Avg Lat Err 0.2938
============================================================================================

============================================================================================
[Main] FL round started. (episode 470 ~ 479)
[Main] Client selection: mode=error_low, budget=4
[Main] Participating agents: [0, 1, 2, 3, 4, 5, 6, 7]
Warning: num_agents (8) is greater than the number of available vehicle parameters (4). Cycling vehicle templates.
[Worker 0] TensorFlow device=GPU, mixed_precision=mixed_float16
[Worker 0] Random seed fixed: 100511
[Worker 0] started on GPU.
  [Worker 0] episode 470 finished. (AvgLatErr: 1.1337, Steps: 129)
  [Worker 0] episode 471 finished. (AvgLatErr: 1.0747, Steps: 138)
  [Worker 0] episode 472 finished. (AvgLatErr: 1.0799, Steps: 130)
  [Worker 0] episode 473 finished. (AvgLatErr: 0.9862, Steps: 122)
  [Worker 0] episode 474 finished. (AvgLatErr: 1.3643, Steps: 122)
  [Worker 0] episode 475 finished. (AvgLatErr: 1.8219, Steps: 139)
  [Worker 0] episode 476 finished. (AvgLatErr: 1.0371, Steps: 132)
  [Worker 0] episode 477 finished. (AvgLatErr: 1.0421, Steps: 136)
  [Worker 0] episode 478 finished. (AvgLatErr: 1.7771, Steps: 143)
  [Worker 0] episode 479 finished. (AvgLatErr: 1.7735, Steps: 135)
[Worker 0].
Warning: num_agents (8) is greater than the number of available vehicle parameters (4). Cycling vehicle templates.
[Worker 1] TensorFlow device=GPU, mixed_precision=mixed_float16
[Worker 1] Random seed fixed: 200511
[Worker 1] started on GPU.
  [Worker 1] episode 470 finished. (AvgLatErr: 0.2747, Steps: 122)
  [Worker 1] episode 471 finished. (AvgLatErr: 0.2222, Steps: 118)
  [Worker 1] episode 472 finished. (AvgLatErr: 0.1783, Steps: 131)
  [Worker 1] episode 473 finished. (AvgLatErr: 0.1879, Steps: 134)
  [Worker 1] episode 474 finished. (AvgLatErr: 0.1401, Steps: 129)
  [Worker 1] episode 475 finished. (AvgLatErr: 0.2264, Steps: 126)
  [Worker 1] episode 476 finished. (AvgLatErr: 0.1765, Steps: 148)
  [Worker 1] episode 477 finished. (AvgLatErr: 0.2274, Steps: 116)
  [Worker 1] episode 478 finished. (AvgLatErr: 0.1422, Steps: 134)
  [Worker 1] episode 479 finished. (AvgLatErr: 0.1894, Steps: 149)
[Worker 1].
Warning: num_agents (8) is greater than the number of available vehicle parameters (4). Cycling vehicle templates.
[Worker 2] TensorFlow device=GPU, mixed_precision=mixed_float16
[Worker 2] Random seed fixed: 300511
[Worker 2] started on GPU.
  [Worker 2] episode 470 finished. (AvgLatErr: 0.4549, Steps: 120)
  [Worker 2] episode 471 finished. (AvgLatErr: 0.3068, Steps: 122)
  [Worker 2] episode 472 finished. (AvgLatErr: 0.4847, Steps: 130)
  [Worker 2] episode 473 finished. (AvgLatErr: 0.5482, Steps: 123)
  [Worker 2] episode 474 finished. (AvgLatErr: 0.4959, Steps: 129)
  [Worker 2] episode 475 finished. (AvgLatErr: 0.2678, Steps: 134)
  [Worker 2] episode 476 finished. (AvgLatErr: 5.0293, Steps: 200)
  [Worker 2] episode 477 finished. (AvgLatErr: 0.6163, Steps: 141)
  [Worker 2] episode 478 finished. (AvgLatErr: 0.8298, Steps: 146)
  [Worker 2] episode 479 finished. (AvgLatErr: 0.6680, Steps: 133)
[Worker 2].
Warning: num_agents (8) is greater than the number of available vehicle parameters (4). Cycling vehicle templates.
[Worker 3] TensorFlow device=GPU, mixed_precision=mixed_float16
[Worker 3] Random seed fixed: 400511
[Worker 3] started on GPU.
  [Worker 3] episode 470 finished. (AvgLatErr: 0.7608, Steps: 174)
  [Worker 3] episode 471 finished. (AvgLatErr: 0.4568, Steps: 186)
  [Worker 3] episode 472 finished. (AvgLatErr: 0.4610, Steps: 171)
  [Worker 3] episode 473 finished. (AvgLatErr: 1.2422, Steps: 174)
  [Worker 3] episode 474 finished. (AvgLatErr: 0.6012, Steps: 169)
  [Worker 3] episode 475 finished. (AvgLatErr: 0.7656, Steps: 165)
  [Worker 3] episode 476 finished. (AvgLatErr: 1.1576, Steps: 178)
  [Worker 3] episode 477 finished. (AvgLatErr: 0.6675, Steps: 172)
  [Worker 3] episode 478 finished. (AvgLatErr: 0.4834, Steps: 176)
  [Worker 3] episode 479 finished. (AvgLatErr: 0.5371, Steps: 175)
[Worker 3].
Warning: num_agents (8) is greater than the number of available vehicle parameters (4). Cycling vehicle templates.
[Worker 4] TensorFlow device=GPU, mixed_precision=mixed_float16
[Worker 4] Random seed fixed: 500511
[Worker 4] started on GPU.
  [Worker 4] episode 470 finished. (AvgLatErr: 0.3841, Steps: 159)
  [Worker 4] episode 471 finished. (AvgLatErr: 0.4747, Steps: 164)
  [Worker 4] episode 472 finished. (AvgLatErr: 0.3904, Steps: 160)
  [Worker 4] episode 473 finished. (AvgLatErr: 0.3370, Steps: 153)
  [Worker 4] episode 474 finished. (AvgLatErr: 0.3225, Steps: 164)
  [Worker 4] episode 475 finished. (AvgLatErr: 0.2673, Steps: 165)
  [Worker 4] episode 476 finished. (AvgLatErr: 0.3854, Steps: 162)
  [Worker 4] episode 477 finished. (AvgLatErr: 0.3280, Steps: 170)
  [Worker 4] episode 478 finished. (AvgLatErr: 0.2792, Steps: 164)
  [Worker 4] episode 479 finished. (AvgLatErr: 0.3161, Steps: 154)
[Worker 4].
Warning: num_agents (8) is greater than the number of available vehicle parameters (4). Cycling vehicle templates.
[Worker 5] TensorFlow device=GPU, mixed_precision=mixed_float16
[Worker 5] Random seed fixed: 600511
[Worker 5] started on GPU.
  [Worker 5] episode 470 finished. (AvgLatErr: 0.2217, Steps: 161)
  [Worker 5] episode 471 finished. (AvgLatErr: 0.2201, Steps: 170)
  [Worker 5] episode 472 finished. (AvgLatErr: 0.2257, Steps: 168)
  [Worker 5] episode 473 finished. (AvgLatErr: 0.1887, Steps: 180)
  [Worker 5] episode 474 finished. (AvgLatErr: 0.2406, Steps: 165)
  [Worker 5] episode 475 finished. (AvgLatErr: 0.1399, Steps: 166)
  [Worker 5] episode 476 finished. (AvgLatErr: 0.2995, Steps: 151)
  [Worker 5] episode 477 finished. (AvgLatErr: 0.1946, Steps: 163)
  [Worker 5] episode 478 finished. (AvgLatErr: 0.1981, Steps: 155)
  [Worker 5] episode 479 finished. (AvgLatErr: 0.1359, Steps: 164)
[Worker 5].
Warning: num_agents (8) is greater than the number of available vehicle parameters (4). Cycling vehicle templates.
[Worker 7] TensorFlow device=GPU, mixed_precision=mixed_float16
[Worker 7] Random seed fixed: 800511
[Worker 7] started on GPU.
  [Worker 7] episode 470 finished. (AvgLatErr: 0.2624, Steps: 131)
  [Worker 7] episode 471 finished. (AvgLatErr: 0.1983, Steps: 152)
  [Worker 7] episode 472 finished. (AvgLatErr: 0.1501, Steps: 157)
  [Worker 7] episode 473 finished. (AvgLatErr: 0.1832, Steps: 159)
  [Worker 7] episode 474 finished. (AvgLatErr: 0.2717, Steps: 144)
  [Worker 7] episode 475 finished. (AvgLatErr: 0.3295, Steps: 139)
  [Worker 7] episode 476 finished. (AvgLatErr: 0.2614, Steps: 122)
  [Worker 7] episode 477 finished. (AvgLatErr: 0.2938, Steps: 141)
  [Worker 7] episode 478 finished. (AvgLatErr: 0.4493, Steps: 144)
  [Worker 7] episode 479 finished. (AvgLatErr: 0.2865, Steps: 144)
[Worker 7].
Warning: num_agents (8) is greater than the number of available vehicle parameters (4). Cycling vehicle templates.
[Worker 6] TensorFlow device=GPU, mixed_precision=mixed_float16
[Worker 6] Random seed fixed: 700511
[Worker 6] started on GPU.
  [Worker 6] episode 470 finished. (AvgLatErr: 0.5452, Steps: 200)
  [Worker 6] episode 471 finished. (AvgLatErr: 0.6351, Steps: 200)
  [Worker 6] episode 472 finished. (AvgLatErr: 0.4730, Steps: 200)
  [Worker 6] episode 473 finished. (AvgLatErr: 0.6985, Steps: 200)
  [Worker 6] episode 474 finished. (AvgLatErr: 0.3998, Steps: 187)
  [Worker 6] episode 475 finished. (AvgLatErr: 0.4783, Steps: 191)
  [Worker 6] episode 476 finished. (AvgLatErr: 0.7607, Steps: 200)
  [Worker 6] episode 477 finished. (AvgLatErr: 0.5939, Steps: 192)
  [Worker 6] episode 478 finished. (AvgLatErr: 0.4488, Steps: 193)
  [Worker 6] episode 479 finished. (AvgLatErr: 0.4867, Steps: 196)
[Worker 6].
[Main] workers finished. (elapsed: 112.13s)
[Main] Aggregation-selected agents: [1, 4, 5, 7]
[Main] FedAdagrad update completed.
[Main] Replay buffers reset after global model update.
============================================================================================
479 EP / Agent 0 : Avg Lat Err 1.7735
479 EP / Agent 1 : Avg Lat Err 0.1894
479 EP / Agent 2 : Avg Lat Err 0.6680
479 EP / Agent 3 : Avg Lat Err 0.5371
479 EP / Agent 4 : Avg Lat Err 0.3161
479 EP / Agent 5 : Avg Lat Err 0.1359
479 EP / Agent 6 : Avg Lat Err 0.4867
479 EP / Agent 7 : Avg Lat Err 0.2865
============================================================================================

============================================================================================
[Main] FL round started. (episode 480 ~ 489)
[Main] Client selection: mode=error_low, budget=4
[Main] Participating agents: [0, 1, 2, 3, 4, 5, 6, 7]
Warning: num_agents (8) is greater than the number of available vehicle parameters (4). Cycling vehicle templates.
[Worker 0] TensorFlow device=GPU, mixed_precision=mixed_float16
[Worker 0] Random seed fixed: 100521
[Worker 0] started on GPU.
  [Worker 0] episode 480 finished. (AvgLatErr: 0.7342, Steps: 130)
  [Worker 0] episode 481 finished. (AvgLatErr: 0.5740, Steps: 161)
  [Worker 0] episode 482 finished. (AvgLatErr: 0.7321, Steps: 132)
  [Worker 0] episode 483 finished. (AvgLatErr: 1.5350, Steps: 137)
  [Worker 0] episode 484 finished. (AvgLatErr: 1.0501, Steps: 119)
  [Worker 0] episode 485 finished. (AvgLatErr: 1.0682, Steps: 133)
  [Worker 0] episode 486 finished. (AvgLatErr: 1.2184, Steps: 141)
  [Worker 0] episode 487 finished. (AvgLatErr: 1.1993, Steps: 134)
  [Worker 0] episode 488 finished. (AvgLatErr: 0.8962, Steps: 136)
  [Worker 0] episode 489 finished. (AvgLatErr: 0.6975, Steps: 131)
[Worker 0].
Warning: num_agents (8) is greater than the number of available vehicle parameters (4). Cycling vehicle templates.
[Worker 1] TensorFlow device=GPU, mixed_precision=mixed_float16
[Worker 1] Random seed fixed: 200521
[Worker 1] started on GPU.
  [Worker 1] episode 480 finished. (AvgLatErr: 0.1528, Steps: 128)
  [Worker 1] episode 481 finished. (AvgLatErr: 0.1517, Steps: 122)
  [Worker 1] episode 482 finished. (AvgLatErr: 0.1492, Steps: 131)
  [Worker 1] episode 483 finished. (AvgLatErr: 0.1479, Steps: 127)
  [Worker 1] episode 484 finished. (AvgLatErr: 0.1654, Steps: 127)
  [Worker 1] episode 485 finished. (AvgLatErr: 0.2203, Steps: 134)
  [Worker 1] episode 486 finished. (AvgLatErr: 0.2399, Steps: 126)
  [Worker 1] episode 487 finished. (AvgLatErr: 0.1157, Steps: 151)
  [Worker 1] episode 488 finished. (AvgLatErr: 0.2397, Steps: 143)
  [Worker 1] episode 489 finished. (AvgLatErr: 0.2801, Steps: 143)
[Worker 1].
Warning: num_agents (8) is greater than the number of available vehicle parameters (4). Cycling vehicle templates.
[Worker 2] TensorFlow device=GPU, mixed_precision=mixed_float16
[Worker 2] Random seed fixed: 300521
[Worker 2] started on GPU.
  [Worker 2] episode 480 finished. (AvgLatErr: 0.3453, Steps: 124)
  [Worker 2] episode 481 finished. (AvgLatErr: 0.4579, Steps: 118)
  [Worker 2] episode 482 finished. (AvgLatErr: 0.3476, Steps: 126)
  [Worker 2] episode 483 finished. (AvgLatErr: 0.5290, Steps: 117)
  [Worker 2] episode 484 finished. (AvgLatErr: 0.7474, Steps: 128)
  [Worker 2] episode 485 finished. (AvgLatErr: 0.4392, Steps: 117)
  [Worker 2] episode 486 finished. (AvgLatErr: 0.5858, Steps: 113)
  [Worker 2] episode 487 finished. (AvgLatErr: 0.3753, Steps: 117)
  [Worker 2] episode 488 finished. (AvgLatErr: 0.3219, Steps: 142)
  [Worker 2] episode 489 finished. (AvgLatErr: 0.3287, Steps: 130)
[Worker 2].
Warning: num_agents (8) is greater than the number of available vehicle parameters (4). Cycling vehicle templates.
[Worker 3] TensorFlow device=GPU, mixed_precision=mixed_float16
[Worker 3] Random seed fixed: 400521
[Worker 3] started on GPU.
  [Worker 3] episode 480 finished. (AvgLatErr: 0.4573, Steps: 178)
  [Worker 3] episode 481 finished. (AvgLatErr: 0.3956, Steps: 188)
  [Worker 3] episode 482 finished. (AvgLatErr: 0.8263, Steps: 182)
  [Worker 3] episode 483 finished. (AvgLatErr: 0.5583, Steps: 165)
  [Worker 3] episode 484 finished. (AvgLatErr: 0.6058, Steps: 171)
  [Worker 3] episode 485 finished. (AvgLatErr: 0.7570, Steps: 178)
  [Worker 3] episode 486 finished. (AvgLatErr: 0.4196, Steps: 169)
  [Worker 3] episode 487 finished. (AvgLatErr: 0.6761, Steps: 187)
  [Worker 3] episode 488 finished. (AvgLatErr: 0.6382, Steps: 163)
  [Worker 3] episode 489 finished. (AvgLatErr: 0.4735, Steps: 170)
[Worker 3].
Warning: num_agents (8) is greater than the number of available vehicle parameters (4). Cycling vehicle templates.
[Worker 4] TensorFlow device=GPU, mixed_precision=mixed_float16
[Worker 4] Random seed fixed: 500521
[Worker 4] started on GPU.
  [Worker 4] episode 480 finished. (AvgLatErr: 0.2145, Steps: 163)
  [Worker 4] episode 481 finished. (AvgLatErr: 0.3094, Steps: 169)
  [Worker 4] episode 482 finished. (AvgLatErr: 0.3439, Steps: 178)
  [Worker 4] episode 483 finished. (AvgLatErr: 0.2086, Steps: 163)
  [Worker 4] episode 484 finished. (AvgLatErr: 0.2443, Steps: 160)
  [Worker 4] episode 485 finished. (AvgLatErr: 0.3124, Steps: 168)
  [Worker 4] episode 486 finished. (AvgLatErr: 0.3908, Steps: 176)
  [Worker 4] episode 487 finished. (AvgLatErr: 0.3210, Steps: 160)
  [Worker 4] episode 488 finished. (AvgLatErr: 0.2679, Steps: 149)
  [Worker 4] episode 489 finished. (AvgLatErr: 0.2490, Steps: 171)
[Worker 4].
Warning: num_agents (8) is greater than the number of available vehicle parameters (4). Cycling vehicle templates.
[Worker 5] TensorFlow device=GPU, mixed_precision=mixed_float16
[Worker 5] Random seed fixed: 600521
[Worker 5] started on GPU.
  [Worker 5] episode 480 finished. (AvgLatErr: 0.2240, Steps: 153)
  [Worker 5] episode 481 finished. (AvgLatErr: 0.2242, Steps: 153)
  [Worker 5] episode 482 finished. (AvgLatErr: 0.2165, Steps: 159)
  [Worker 5] episode 483 finished. (AvgLatErr: 0.3626, Steps: 169)
  [Worker 5] episode 484 finished. (AvgLatErr: 0.2301, Steps: 159)
  [Worker 5] episode 485 finished. (AvgLatErr: 0.2897, Steps: 168)
  [Worker 5] episode 486 finished. (AvgLatErr: 0.2923, Steps: 154)
  [Worker 5] episode 487 finished. (AvgLatErr: 0.3214, Steps: 157)
  [Worker 5] episode 488 finished. (AvgLatErr: 0.2014, Steps: 156)
  [Worker 5] episode 489 finished. (AvgLatErr: 0.1698, Steps: 146)
[Worker 5].
Warning: num_agents (8) is greater than the number of available vehicle parameters (4). Cycling vehicle templates.
[Worker 7] TensorFlow device=GPU, mixed_precision=mixed_float16
[Worker 7] Random seed fixed: 800521
[Worker 7] started on GPU.
  [Worker 7] episode 480 finished. (AvgLatErr: 0.2781, Steps: 138)
  [Worker 7] episode 481 finished. (AvgLatErr: 0.1522, Steps: 142)
  [Worker 7] episode 482 finished. (AvgLatErr: 0.2133, Steps: 144)
  [Worker 7] episode 483 finished. (AvgLatErr: 0.2636, Steps: 130)
  [Worker 7] episode 484 finished. (AvgLatErr: 0.1410, Steps: 135)
  [Worker 7] episode 485 finished. (AvgLatErr: 0.1624, Steps: 135)
  [Worker 7] episode 486 finished. (AvgLatErr: 0.1431, Steps: 136)
  [Worker 7] episode 487 finished. (AvgLatErr: 0.1504, Steps: 153)
  [Worker 7] episode 488 finished. (AvgLatErr: 0.2118, Steps: 146)
  [Worker 7] episode 489 finished. (AvgLatErr: 0.2350, Steps: 149)
[Worker 7].
Warning: num_agents (8) is greater than the number of available vehicle parameters (4). Cycling vehicle templates.
[Worker 6] TensorFlow device=GPU, mixed_precision=mixed_float16
[Worker 6] Random seed fixed: 700521
[Worker 6] started on GPU.
  [Worker 6] episode 480 finished. (AvgLatErr: 0.3893, Steps: 200)
  [Worker 6] episode 481 finished. (AvgLatErr: 0.3569, Steps: 200)
  [Worker 6] episode 482 finished. (AvgLatErr: 0.4033, Steps: 200)
  [Worker 6] episode 483 finished. (AvgLatErr: 0.4921, Steps: 195)
  [Worker 6] episode 484 finished. (AvgLatErr: 0.4271, Steps: 195)
  [Worker 6] episode 485 finished. (AvgLatErr: 0.5449, Steps: 200)
  [Worker 6] episode 486 finished. (AvgLatErr: 0.4019, Steps: 200)
  [Worker 6] episode 487 finished. (AvgLatErr: 0.3826, Steps: 200)
  [Worker 6] episode 488 finished. (AvgLatErr: 0.4712, Steps: 200)
  [Worker 6] episode 489 finished. (AvgLatErr: 0.4296, Steps: 194)
[Worker 6].
[Main] workers finished. (elapsed: 111.71s)
[Main] Aggregation-selected agents: [1, 4, 5, 7]
[Main] FedAdagrad update completed.
[Main] Replay buffers reset after global model update.
============================================================================================
489 EP / Agent 0 : Avg Lat Err 0.6975
489 EP / Agent 1 : Avg Lat Err 0.2801
489 EP / Agent 2 : Avg Lat Err 0.3287
489 EP / Agent 3 : Avg Lat Err 0.4735
489 EP / Agent 4 : Avg Lat Err 0.2490
489 EP / Agent 5 : Avg Lat Err 0.1698
489 EP / Agent 6 : Avg Lat Err 0.4296
489 EP / Agent 7 : Avg Lat Err 0.2350
============================================================================================

============================================================================================
[Main] FL round started. (episode 490 ~ 499)
[Main] Client selection: mode=error_low, budget=4
[Main] Participating agents: [0, 1, 2, 3, 4, 5, 6, 7]
Warning: num_agents (8) is greater than the number of available vehicle parameters (4). Cycling vehicle templates.
[Worker 1] TensorFlow device=GPU, mixed_precision=mixed_float16
[Worker 1] Random seed fixed: 200531
[Worker 1] started on GPU.
  [Worker 1] episode 490 finished. (AvgLatErr: 0.1976, Steps: 135)
  [Worker 1] episode 491 finished. (AvgLatErr: 0.1356, Steps: 129)
  [Worker 1] episode 492 finished. (AvgLatErr: 0.1763, Steps: 124)
  [Worker 1] episode 493 finished. (AvgLatErr: 0.2003, Steps: 126)
  [Worker 1] episode 494 finished. (AvgLatErr: 0.1533, Steps: 125)
  [Worker 1] episode 495 finished. (AvgLatErr: 0.3092, Steps: 130)
  [Worker 1] episode 496 finished. (AvgLatErr: 0.1676, Steps: 133)
  [Worker 1] episode 497 finished. (AvgLatErr: 0.1636, Steps: 132)
  [Worker 1] episode 498 finished. (AvgLatErr: 0.1885, Steps: 141)
  [Worker 1] episode 499 finished. (AvgLatErr: 0.1801, Steps: 123)
[Worker 1].
Warning: num_agents (8) is greater than the number of available vehicle parameters (4). Cycling vehicle templates.
[Worker 0] TensorFlow device=GPU, mixed_precision=mixed_float16
[Worker 0] Random seed fixed: 100531
[Worker 0] started on GPU.
  [Worker 0] episode 490 finished. (AvgLatErr: 0.7799, Steps: 138)
  [Worker 0] episode 491 finished. (AvgLatErr: 1.0235, Steps: 138)
  [Worker 0] episode 492 finished. (AvgLatErr: 1.2661, Steps: 141)
  [Worker 0] episode 493 finished. (AvgLatErr: 0.5981, Steps: 130)
  [Worker 0] episode 494 finished. (AvgLatErr: 1.1686, Steps: 144)
  [Worker 0] episode 495 finished. (AvgLatErr: 0.9317, Steps: 137)
  [Worker 0] episode 496 finished. (AvgLatErr: 0.9788, Steps: 139)
  [Worker 0] episode 497 finished. (AvgLatErr: 1.1400, Steps: 135)
  [Worker 0] episode 498 finished. (AvgLatErr: 1.0478, Steps: 132)
  [Worker 0] episode 499 finished. (AvgLatErr: 0.6425, Steps: 129)
[Worker 0].
Warning: num_agents (8) is greater than the number of available vehicle parameters (4). Cycling vehicle templates.
[Worker 2] TensorFlow device=GPU, mixed_precision=mixed_float16
[Worker 2] Random seed fixed: 300531
[Worker 2] started on GPU.
  [Worker 2] episode 490 finished. (AvgLatErr: 0.4615, Steps: 130)
  [Worker 2] episode 491 finished. (AvgLatErr: 0.4632, Steps: 126)
  [Worker 2] episode 492 finished. (AvgLatErr: 0.4375, Steps: 126)
  [Worker 2] episode 493 finished. (AvgLatErr: 0.4035, Steps: 119)
  [Worker 2] episode 494 finished. (AvgLatErr: 0.2999, Steps: 126)
  [Worker 2] episode 495 finished. (AvgLatErr: 0.5305, Steps: 127)
  [Worker 2] episode 496 finished. (AvgLatErr: 0.4522, Steps: 131)
  [Worker 2] episode 497 finished. (AvgLatErr: 0.5020, Steps: 113)
  [Worker 2] episode 498 finished. (AvgLatErr: 0.4299, Steps: 122)
  [Worker 2] episode 499 finished. (AvgLatErr: 0.6891, Steps: 130)
[Worker 2].
Warning: num_agents (8) is greater than the number of available vehicle parameters (4). Cycling vehicle templates.
[Worker 3] TensorFlow device=GPU, mixed_precision=mixed_float16
[Worker 3] Random seed fixed: 400531
[Worker 3] started on GPU.
  [Worker 3] episode 490 finished. (AvgLatErr: 0.5004, Steps: 178)
  [Worker 3] episode 491 finished. (AvgLatErr: 0.7089, Steps: 180)
  [Worker 3] episode 492 finished. (AvgLatErr: 0.4824, Steps: 180)
  [Worker 3] episode 493 finished. (AvgLatErr: 1.0514, Steps: 177)
  [Worker 3] episode 494 finished. (AvgLatErr: 0.6029, Steps: 176)
  [Worker 3] episode 495 finished. (AvgLatErr: 0.4620, Steps: 173)
  [Worker 3] episode 496 finished. (AvgLatErr: 0.5808, Steps: 173)
  [Worker 3] episode 497 finished. (AvgLatErr: 0.6187, Steps: 180)
  [Worker 3] episode 498 finished. (AvgLatErr: 0.4228, Steps: 172)
  [Worker 3] episode 499 finished. (AvgLatErr: 4.3012, Steps: 174)
[Worker 3].
Warning: num_agents (8) is greater than the number of available vehicle parameters (4). Cycling vehicle templates.
[Worker 4] TensorFlow device=GPU, mixed_precision=mixed_float16
[Worker 4] Random seed fixed: 500531
[Worker 4] started on GPU.
  [Worker 4] episode 490 finished. (AvgLatErr: 0.2850, Steps: 172)
  [Worker 4] episode 491 finished. (AvgLatErr: 0.4631, Steps: 163)
  [Worker 4] episode 492 finished. (AvgLatErr: 0.3258, Steps: 166)
  [Worker 4] episode 493 finished. (AvgLatErr: 0.2488, Steps: 164)
  [Worker 4] episode 494 finished. (AvgLatErr: 0.2445, Steps: 165)
  [Worker 4] episode 495 finished. (AvgLatErr: 0.4148, Steps: 157)
  [Worker 4] episode 496 finished. (AvgLatErr: 0.2551, Steps: 159)
  [Worker 4] episode 497 finished. (AvgLatErr: 0.2389, Steps: 157)
  [Worker 4] episode 498 finished. (AvgLatErr: 0.2414, Steps: 165)
  [Worker 4] episode 499 finished. (AvgLatErr: 0.2186, Steps: 164)
[Worker 4].
Warning: num_agents (8) is greater than the number of available vehicle parameters (4). Cycling vehicle templates.
[Worker 5] TensorFlow device=GPU, mixed_precision=mixed_float16
[Worker 5] Random seed fixed: 600531
[Worker 5] started on GPU.
  [Worker 5] episode 490 finished. (AvgLatErr: 0.2388, Steps: 172)
  [Worker 5] episode 491 finished. (AvgLatErr: 0.2225, Steps: 160)
  [Worker 5] episode 492 finished. (AvgLatErr: 0.2497, Steps: 144)
  [Worker 5] episode 493 finished. (AvgLatErr: 0.1471, Steps: 151)
  [Worker 5] episode 494 finished. (AvgLatErr: 0.2169, Steps: 172)
  [Worker 5] episode 495 finished. (AvgLatErr: 0.2389, Steps: 140)
  [Worker 5] episode 496 finished. (AvgLatErr: 0.2703, Steps: 142)
  [Worker 5] episode 497 finished. (AvgLatErr: 0.1745, Steps: 160)
  [Worker 5] episode 498 finished. (AvgLatErr: 0.1907, Steps: 170)
  [Worker 5] episode 499 finished. (AvgLatErr: 0.2141, Steps: 160)
[Worker 5].
Warning: num_agents (8) is greater than the number of available vehicle parameters (4). Cycling vehicle templates.
[Worker 7] TensorFlow device=GPU, mixed_precision=mixed_float16
[Worker 7] Random seed fixed: 800531
[Worker 7] started on GPU.
  [Worker 7] episode 490 finished. (AvgLatErr: 0.1754, Steps: 151)
  [Worker 7] episode 491 finished. (AvgLatErr: 0.3375, Steps: 136)
  [Worker 7] episode 492 finished. (AvgLatErr: 0.2094, Steps: 137)
  [Worker 7] episode 493 finished. (AvgLatErr: 0.1718, Steps: 133)
  [Worker 7] episode 494 finished. (AvgLatErr: 0.2653, Steps: 123)
  [Worker 7] episode 495 finished. (AvgLatErr: 0.2163, Steps: 151)
  [Worker 7] episode 496 finished. (AvgLatErr: 0.2114, Steps: 134)
  [Worker 7] episode 497 finished. (AvgLatErr: 0.2961, Steps: 147)
  [Worker 7] episode 498 finished. (AvgLatErr: 0.3025, Steps: 138)
  [Worker 7] episode 499 finished. (AvgLatErr: 0.1547, Steps: 142)
[Worker 7].
Warning: num_agents (8) is greater than the number of available vehicle parameters (4). Cycling vehicle templates.
[Worker 6] TensorFlow device=GPU, mixed_precision=mixed_float16
[Worker 6] Random seed fixed: 700531
[Worker 6] started on GPU.
  [Worker 6] episode 490 finished. (AvgLatErr: 0.2807, Steps: 200)
  [Worker 6] episode 491 finished. (AvgLatErr: 0.4910, Steps: 200)
  [Worker 6] episode 492 finished. (AvgLatErr: 0.4442, Steps: 200)
  [Worker 6] episode 493 finished. (AvgLatErr: 0.2943, Steps: 200)
  [Worker 6] episode 494 finished. (AvgLatErr: 0.4087, Steps: 200)
  [Worker 6] episode 495 finished. (AvgLatErr: 0.3067, Steps: 200)
  [Worker 6] episode 496 finished. (AvgLatErr: 0.1618, Steps: 200)
  [Worker 6] episode 497 finished. (AvgLatErr: 0.3492, Steps: 200)
  [Worker 6] episode 498 finished. (AvgLatErr: 0.3905, Steps: 200)
  [Worker 6] episode 499 finished. (AvgLatErr: 0.4097, Steps: 200)
[Worker 6].
[Main] workers finished. (elapsed: 109.58s)
[Main] Aggregation-selected agents: [1, 4, 5, 7]
[Main] FedAdagrad update completed.
[Main] Replay buffers reset after global model update.
============================================================================================
499 EP / Agent 0 : Avg Lat Err 0.6425
499 EP / Agent 1 : Avg Lat Err 0.1801
499 EP / Agent 2 : Avg Lat Err 0.6891
499 EP / Agent 3 : Avg Lat Err 4.3012
499 EP / Agent 4 : Avg Lat Err 0.2186
499 EP / Agent 5 : Avg Lat Err 0.2141
499 EP / Agent 6 : Avg Lat Err 0.4097
499 EP / Agent 7 : Avg Lat Err 0.1547
============================================================================================
[Main] Model checkpoint saved: C:\Users\syd79\FRL-Q\experiments\fast_parallel_fedadagrad_8errorlow4_20260916_run1_error_low_4of8\checkpoints\global_model_episode_000500.weights.h5

============================================================================================
[Main] FL round started. (episode 500 ~ 509)
[Main] Client selection: mode=error_low, budget=4
[Main] Participating agents: [0, 1, 2, 3, 4, 5, 6, 7]
Warning: num_agents (8) is greater than the number of available vehicle parameters (4). Cycling vehicle templates.
[Worker 0] TensorFlow device=GPU, mixed_precision=mixed_float16
[Worker 0] Random seed fixed: 100541
[Worker 0] started on GPU.
  [Worker 0] episode 500 finished. (AvgLatErr: 0.8771, Steps: 132)
  [Worker 0] episode 501 finished. (AvgLatErr: 1.4856, Steps: 138)
  [Worker 0] episode 502 finished. (AvgLatErr: 0.7911, Steps: 133)
  [Worker 0] episode 503 finished. (AvgLatErr: 1.2969, Steps: 143)
  [Worker 0] episode 504 finished. (AvgLatErr: 1.0006, Steps: 129)
  [Worker 0] episode 505 finished. (AvgLatErr: 2.4145, Steps: 153)
  [Worker 0] episode 506 finished. (AvgLatErr: 0.9763, Steps: 133)
  [Worker 0] episode 507 finished. (AvgLatErr: 1.1164, Steps: 146)
  [Worker 0] episode 508 finished. (AvgLatErr: 1.2828, Steps: 134)
  [Worker 0] episode 509 finished. (AvgLatErr: 0.8242, Steps: 125)
[Worker 0].
Warning: num_agents (8) is greater than the number of available vehicle parameters (4). Cycling vehicle templates.
[Worker 1] TensorFlow device=GPU, mixed_precision=mixed_float16
[Worker 1] Random seed fixed: 200541
[Worker 1] started on GPU.
  [Worker 1] episode 500 finished. (AvgLatErr: 0.1370, Steps: 129)
  [Worker 1] episode 501 finished. (AvgLatErr: 0.1705, Steps: 128)
  [Worker 1] episode 502 finished. (AvgLatErr: 0.2027, Steps: 120)
  [Worker 1] episode 503 finished. (AvgLatErr: 0.1771, Steps: 127)
  [Worker 1] episode 504 finished. (AvgLatErr: 0.1993, Steps: 117)
  [Worker 1] episode 505 finished. (AvgLatErr: 0.1724, Steps: 123)
  [Worker 1] episode 506 finished. (AvgLatErr: 0.1878, Steps: 121)
  [Worker 1] episode 507 finished. (AvgLatErr: 0.2201, Steps: 126)
  [Worker 1] episode 508 finished. (AvgLatErr: 0.1333, Steps: 149)
  [Worker 1] episode 509 finished. (AvgLatErr: 0.1918, Steps: 139)
[Worker 1].
Warning: num_agents (8) is greater than the number of available vehicle parameters (4). Cycling vehicle templates.
[Worker 2] TensorFlow device=GPU, mixed_precision=mixed_float16
[Worker 2] Random seed fixed: 300541
[Worker 2] started on GPU.
  [Worker 2] episode 500 finished. (AvgLatErr: 0.4174, Steps: 123)
  [Worker 2] episode 501 finished. (AvgLatErr: 0.4358, Steps: 127)
  [Worker 2] episode 502 finished. (AvgLatErr: 0.3472, Steps: 145)
  [Worker 2] episode 503 finished. (AvgLatErr: 0.3383, Steps: 127)
  [Worker 2] episode 504 finished. (AvgLatErr: 0.4177, Steps: 121)
  [Worker 2] episode 505 finished. (AvgLatErr: 0.3159, Steps: 141)
  [Worker 2] episode 506 finished. (AvgLatErr: 1.2343, Steps: 115)
  [Worker 2] episode 507 finished. (AvgLatErr: 0.5561, Steps: 114)
  [Worker 2] episode 508 finished. (AvgLatErr: 0.5965, Steps: 119)
  [Worker 2] episode 509 finished. (AvgLatErr: 0.5701, Steps: 125)
[Worker 2].
Warning: num_agents (8) is greater than the number of available vehicle parameters (4). Cycling vehicle templates.
[Worker 4] TensorFlow device=GPU, mixed_precision=mixed_float16
[Worker 4] Random seed fixed: 500541
[Worker 4] started on GPU.
  [Worker 4] episode 500 finished. (AvgLatErr: 0.4401, Steps: 162)
  [Worker 4] episode 501 finished. (AvgLatErr: 0.3231, Steps: 160)
  [Worker 4] episode 502 finished. (AvgLatErr: 0.3408, Steps: 162)
  [Worker 4] episode 503 finished. (AvgLatErr: 0.3695, Steps: 176)
  [Worker 4] episode 504 finished. (AvgLatErr: 0.2403, Steps: 155)
  [Worker 4] episode 505 finished. (AvgLatErr: 0.2362, Steps: 160)
  [Worker 4] episode 506 finished. (AvgLatErr: 0.2867, Steps: 168)
  [Worker 4] episode 507 finished. (AvgLatErr: 0.2209, Steps: 165)
  [Worker 4] episode 508 finished. (AvgLatErr: 0.2391, Steps: 158)
  [Worker 4] episode 509 finished. (AvgLatErr: 0.3037, Steps: 157)
[Worker 4].
Warning: num_agents (8) is greater than the number of available vehicle parameters (4). Cycling vehicle templates.
[Worker 3] TensorFlow device=GPU, mixed_precision=mixed_float16
[Worker 3] Random seed fixed: 400541
[Worker 3] started on GPU.
  [Worker 3] episode 500 finished. (AvgLatErr: 0.3834, Steps: 189)
  [Worker 3] episode 501 finished. (AvgLatErr: 0.5150, Steps: 193)
  [Worker 3] episode 502 finished. (AvgLatErr: 0.7222, Steps: 182)
  [Worker 3] episode 503 finished. (AvgLatErr: 0.4669, Steps: 174)
  [Worker 3] episode 504 finished. (AvgLatErr: 0.4705, Steps: 175)
  [Worker 3] episode 505 finished. (AvgLatErr: 0.5720, Steps: 200)
  [Worker 3] episode 506 finished. (AvgLatErr: 0.4780, Steps: 174)
  [Worker 3] episode 507 finished. (AvgLatErr: 0.9063, Steps: 177)
  [Worker 3] episode 508 finished. (AvgLatErr: 0.6554, Steps: 197)
  [Worker 3] episode 509 finished. (AvgLatErr: 0.3813, Steps: 173)
[Worker 3].
Warning: num_agents (8) is greater than the number of available vehicle parameters (4). Cycling vehicle templates.
[Worker 7] TensorFlow device=GPU, mixed_precision=mixed_float16
[Worker 7] Random seed fixed: 800541
[Worker 7] started on GPU.
  [Worker 7] episode 500 finished. (AvgLatErr: 0.2774, Steps: 148)
  [Worker 7] episode 501 finished. (AvgLatErr: 0.2955, Steps: 130)
  [Worker 7] episode 502 finished. (AvgLatErr: 0.3557, Steps: 121)
  [Worker 7] episode 503 finished. (AvgLatErr: 0.1438, Steps: 124)
  [Worker 7] episode 504 finished. (AvgLatErr: 0.1640, Steps: 128)
  [Worker 7] episode 505 finished. (AvgLatErr: 0.2199, Steps: 121)
  [Worker 7] episode 506 finished. (AvgLatErr: 0.2619, Steps: 123)
  [Worker 7] episode 507 finished. (AvgLatErr: 0.2752, Steps: 126)
  [Worker 7] episode 508 finished. (AvgLatErr: 0.3297, Steps: 143)
  [Worker 7] episode 509 finished. (AvgLatErr: 0.3279, Steps: 135)
[Worker 7].
Warning: num_agents (8) is greater than the number of available vehicle parameters (4). Cycling vehicle templates.
[Worker 5] TensorFlow device=GPU, mixed_precision=mixed_float16
[Worker 5] Random seed fixed: 600541
[Worker 5] started on GPU.
  [Worker 5] episode 500 finished. (AvgLatErr: 0.1952, Steps: 163)
  [Worker 5] episode 501 finished. (AvgLatErr: 0.2471, Steps: 166)
  [Worker 5] episode 502 finished. (AvgLatErr: 0.2059, Steps: 149)
  [Worker 5] episode 503 finished. (AvgLatErr: 0.1258, Steps: 195)
  [Worker 5] episode 504 finished. (AvgLatErr: 0.3738, Steps: 159)
  [Worker 5] episode 505 finished. (AvgLatErr: 0.2577, Steps: 145)
  [Worker 5] episode 506 finished. (AvgLatErr: 0.1873, Steps: 144)
  [Worker 5] episode 507 finished. (AvgLatErr: 0.2406, Steps: 166)
  [Worker 5] episode 508 finished. (AvgLatErr: 0.2094, Steps: 143)
  [Worker 5] episode 509 finished. (AvgLatErr: 0.2429, Steps: 158)
[Worker 5].
Warning: num_agents (8) is greater than the number of available vehicle parameters (4). Cycling vehicle templates.
[Worker 6] TensorFlow device=GPU, mixed_precision=mixed_float16
[Worker 6] Random seed fixed: 700541
[Worker 6] started on GPU.
  [Worker 6] episode 500 finished. (AvgLatErr: 0.4457, Steps: 200)
  [Worker 6] episode 501 finished. (AvgLatErr: 0.7062, Steps: 199)
  [Worker 6] episode 502 finished. (AvgLatErr: 0.4486, Steps: 199)
  [Worker 6] episode 503 finished. (AvgLatErr: 0.5354, Steps: 200)
  [Worker 6] episode 504 finished. (AvgLatErr: 0.5148, Steps: 200)
  [Worker 6] episode 505 finished. (AvgLatErr: 0.6225, Steps: 200)
  [Worker 6] episode 506 finished. (AvgLatErr: 0.3057, Steps: 198)
  [Worker 6] episode 507 finished. (AvgLatErr: 0.3849, Steps: 200)
  [Worker 6] episode 508 finished. (AvgLatErr: 0.3811, Steps: 200)
  [Worker 6] episode 509 finished. (AvgLatErr: 0.4893, Steps: 200)
[Worker 6].
[Main] workers finished. (elapsed: 108.89s)
[Main] Aggregation-selected agents: [1, 4, 5, 7]
[Main] FedAdagrad update completed.
[Main] Replay buffers reset after global model update.
============================================================================================
509 EP / Agent 0 : Avg Lat Err 0.8242
509 EP / Agent 1 : Avg Lat Err 0.1918
509 EP / Agent 2 : Avg Lat Err 0.5701
509 EP / Agent 3 : Avg Lat Err 0.3813
509 EP / Agent 4 : Avg Lat Err 0.3037
509 EP / Agent 5 : Avg Lat Err 0.2429
509 EP / Agent 6 : Avg Lat Err 0.4893
509 EP / Agent 7 : Avg Lat Err 0.3279
============================================================================================

============================================================================================
[Main] FL round started. (episode 510 ~ 519)
[Main] Client selection: mode=error_low, budget=4
[Main] Participating agents: [0, 1, 2, 3, 4, 5, 6, 7]
Warning: num_agents (8) is greater than the number of available vehicle parameters (4). Cycling vehicle templates.
[Worker 0] TensorFlow device=GPU, mixed_precision=mixed_float16
[Worker 0] Random seed fixed: 100551
[Worker 0] started on GPU.
  [Worker 0] episode 510 finished. (AvgLatErr: 0.7327, Steps: 125)
  [Worker 0] episode 511 finished. (AvgLatErr: 0.7496, Steps: 139)
  [Worker 0] episode 512 finished. (AvgLatErr: 1.0297, Steps: 133)
  [Worker 0] episode 513 finished. (AvgLatErr: 0.7894, Steps: 123)
  [Worker 0] episode 514 finished. (AvgLatErr: 0.9228, Steps: 142)
  [Worker 0] episode 515 finished. (AvgLatErr: 0.7024, Steps: 146)
  [Worker 0] episode 516 finished. (AvgLatErr: 0.8845, Steps: 138)
  [Worker 0] episode 517 finished. (AvgLatErr: 0.7842, Steps: 131)
  [Worker 0] episode 518 finished. (AvgLatErr: 0.7761, Steps: 136)
  [Worker 0] episode 519 finished. (AvgLatErr: 1.0101, Steps: 135)
[Worker 0].
Warning: num_agents (8) is greater than the number of available vehicle parameters (4). Cycling vehicle templates.
[Worker 1] TensorFlow device=GPU, mixed_precision=mixed_float16
[Worker 1] Random seed fixed: 200551
[Worker 1] started on GPU.
  [Worker 1] episode 510 finished. (AvgLatErr: 0.2011, Steps: 128)
  [Worker 1] episode 511 finished. (AvgLatErr: 0.1453, Steps: 118)
  [Worker 1] episode 512 finished. (AvgLatErr: 0.2937, Steps: 120)
  [Worker 1] episode 513 finished. (AvgLatErr: 0.1909, Steps: 116)
  [Worker 1] episode 514 finished. (AvgLatErr: 0.1539, Steps: 131)
  [Worker 1] episode 515 finished. (AvgLatErr: 0.1955, Steps: 113)
  [Worker 1] episode 516 finished. (AvgLatErr: 0.1584, Steps: 107)
  [Worker 1] episode 517 finished. (AvgLatErr: 0.1879, Steps: 129)
  [Worker 1] episode 518 finished. (AvgLatErr: 0.1720, Steps: 123)
  [Worker 1] episode 519 finished. (AvgLatErr: 0.1046, Steps: 129)
[Worker 1].
Warning: num_agents (8) is greater than the number of available vehicle parameters (4). Cycling vehicle templates.
[Worker 2] TensorFlow device=GPU, mixed_precision=mixed_float16
[Worker 2] Random seed fixed: 300551
[Worker 2] started on GPU.
  [Worker 2] episode 510 finished. (AvgLatErr: 0.2778, Steps: 126)
  [Worker 2] episode 511 finished. (AvgLatErr: 0.2379, Steps: 135)
  [Worker 2] episode 512 finished. (AvgLatErr: 0.2946, Steps: 123)
  [Worker 2] episode 513 finished. (AvgLatErr: 0.3344, Steps: 125)
  [Worker 2] episode 514 finished. (AvgLatErr: 0.4581, Steps: 122)
  [Worker 2] episode 515 finished. (AvgLatErr: 0.3811, Steps: 123)
  [Worker 2] episode 516 finished. (AvgLatErr: 0.4665, Steps: 124)
  [Worker 2] episode 517 finished. (AvgLatErr: 0.3814, Steps: 120)
  [Worker 2] episode 518 finished. (AvgLatErr: 0.5090, Steps: 126)
  [Worker 2] episode 519 finished. (AvgLatErr: 0.2774, Steps: 117)
[Worker 2].
Warning: num_agents (8) is greater than the number of available vehicle parameters (4). Cycling vehicle templates.
[Worker 3] TensorFlow device=GPU, mixed_precision=mixed_float16
[Worker 3] Random seed fixed: 400551
[Worker 3] started on GPU.
  [Worker 3] episode 510 finished. (AvgLatErr: 0.5216, Steps: 177)
  [Worker 3] episode 511 finished. (AvgLatErr: 0.2878, Steps: 177)
  [Worker 3] episode 512 finished. (AvgLatErr: 0.6124, Steps: 178)
  [Worker 3] episode 513 finished. (AvgLatErr: 0.7218, Steps: 193)
  [Worker 3] episode 514 finished. (AvgLatErr: 0.5817, Steps: 176)
  [Worker 3] episode 515 finished. (AvgLatErr: 0.5031, Steps: 169)
  [Worker 3] episode 516 finished. (AvgLatErr: 0.6376, Steps: 182)
  [Worker 3] episode 517 finished. (AvgLatErr: 0.5332, Steps: 186)
  [Worker 3] episode 518 finished. (AvgLatErr: 0.5941, Steps: 186)
  [Worker 3] episode 519 finished. (AvgLatErr: 0.7089, Steps: 180)
[Worker 3].
Warning: num_agents (8) is greater than the number of available vehicle parameters (4). Cycling vehicle templates.
[Worker 4] TensorFlow device=GPU, mixed_precision=mixed_float16
[Worker 4] Random seed fixed: 500551
[Worker 4] started on GPU.
  [Worker 4] episode 510 finished. (AvgLatErr: 0.2939, Steps: 166)
  [Worker 4] episode 511 finished. (AvgLatErr: 0.3004, Steps: 156)
  [Worker 4] episode 512 finished. (AvgLatErr: 0.2433, Steps: 172)
  [Worker 4] episode 513 finished. (AvgLatErr: 0.2267, Steps: 162)
  [Worker 4] episode 514 finished. (AvgLatErr: 0.2165, Steps: 169)
  [Worker 4] episode 515 finished. (AvgLatErr: 0.3127, Steps: 171)
  [Worker 4] episode 516 finished. (AvgLatErr: 0.1842, Steps: 177)
  [Worker 4] episode 517 finished. (AvgLatErr: 0.3034, Steps: 166)
  [Worker 4] episode 518 finished. (AvgLatErr: 0.3086, Steps: 181)
  [Worker 4] episode 519 finished. (AvgLatErr: 0.2149, Steps: 166)
[Worker 4].
Warning: num_agents (8) is greater than the number of available vehicle parameters (4). Cycling vehicle templates.
[Worker 5] TensorFlow device=GPU, mixed_precision=mixed_float16
[Worker 5] Random seed fixed: 600551
[Worker 5] started on GPU.
  [Worker 5] episode 510 finished. (AvgLatErr: 0.1916, Steps: 160)
  [Worker 5] episode 511 finished. (AvgLatErr: 0.2583, Steps: 172)
  [Worker 5] episode 512 finished. (AvgLatErr: 0.1960, Steps: 175)
  [Worker 5] episode 513 finished. (AvgLatErr: 0.2019, Steps: 187)
  [Worker 5] episode 514 finished. (AvgLatErr: 0.1808, Steps: 171)
  [Worker 5] episode 515 finished. (AvgLatErr: 0.2758, Steps: 173)
  [Worker 5] episode 516 finished. (AvgLatErr: 0.1647, Steps: 160)
  [Worker 5] episode 517 finished. (AvgLatErr: 0.2229, Steps: 190)
  [Worker 5] episode 518 finished. (AvgLatErr: 0.1690, Steps: 172)
  [Worker 5] episode 519 finished. (AvgLatErr: 0.1604, Steps: 177)
[Worker 5].
Warning: num_agents (8) is greater than the number of available vehicle parameters (4). Cycling vehicle templates.
[Worker 7] TensorFlow device=GPU, mixed_precision=mixed_float16
[Worker 7] Random seed fixed: 800551
[Worker 7] started on GPU.
  [Worker 7] episode 510 finished. (AvgLatErr: 0.1667, Steps: 147)
  [Worker 7] episode 511 finished. (AvgLatErr: 0.3004, Steps: 130)
  [Worker 7] episode 512 finished. (AvgLatErr: 0.3238, Steps: 133)
  [Worker 7] episode 513 finished. (AvgLatErr: 0.1939, Steps: 134)
  [Worker 7] episode 514 finished. (AvgLatErr: 0.3321, Steps: 137)
  [Worker 7] episode 515 finished. (AvgLatErr: 0.3748, Steps: 144)
  [Worker 7] episode 516 finished. (AvgLatErr: 0.3956, Steps: 131)
  [Worker 7] episode 517 finished. (AvgLatErr: 0.3288, Steps: 128)
  [Worker 7] episode 518 finished. (AvgLatErr: 0.2455, Steps: 134)
  [Worker 7] episode 519 finished. (AvgLatErr: 0.2775, Steps: 142)
[Worker 7].
Warning: num_agents (8) is greater than the number of available vehicle parameters (4). Cycling vehicle templates.
[Worker 6] TensorFlow device=GPU, mixed_precision=mixed_float16
[Worker 6] Random seed fixed: 700551
[Worker 6] started on GPU.
  [Worker 6] episode 510 finished. (AvgLatErr: 0.3967, Steps: 193)
  [Worker 6] episode 511 finished. (AvgLatErr: 0.5891, Steps: 184)
  [Worker 6] episode 512 finished. (AvgLatErr: 0.4369, Steps: 200)
  [Worker 6] episode 513 finished. (AvgLatErr: 0.5373, Steps: 200)
  [Worker 6] episode 514 finished. (AvgLatErr: 0.5475, Steps: 200)
  [Worker 6] episode 515 finished. (AvgLatErr: 0.3764, Steps: 200)
  [Worker 6] episode 516 finished. (AvgLatErr: 0.6240, Steps: 200)
  [Worker 6] episode 517 finished. (AvgLatErr: 0.5622, Steps: 200)
  [Worker 6] episode 518 finished. (AvgLatErr: 0.6058, Steps: 200)
  [Worker 6] episode 519 finished. (AvgLatErr: 0.4503, Steps: 196)
[Worker 6].
[Main] workers finished. (elapsed: 110.20s)
[Main] Aggregation-selected agents: [1, 2, 4, 5]
[Main] FedAdagrad update completed.
[Main] Replay buffers reset after global model update.
============================================================================================
519 EP / Agent 0 : Avg Lat Err 1.0101
519 EP / Agent 1 : Avg Lat Err 0.1046
519 EP / Agent 2 : Avg Lat Err 0.2774
519 EP / Agent 3 : Avg Lat Err 0.7089
519 EP / Agent 4 : Avg Lat Err 0.2149
519 EP / Agent 5 : Avg Lat Err 0.1604
519 EP / Agent 6 : Avg Lat Err 0.4503
519 EP / Agent 7 : Avg Lat Err 0.2775
============================================================================================

============================================================================================
[Main] FL round started. (episode 520 ~ 529)
[Main] Client selection: mode=error_low, budget=4
[Main] Participating agents: [0, 1, 2, 3, 4, 5, 6, 7]
Warning: num_agents (8) is greater than the number of available vehicle parameters (4). Cycling vehicle templates.
[Worker 0] TensorFlow device=GPU, mixed_precision=mixed_float16
[Worker 0] Random seed fixed: 100561
[Worker 0] started on GPU.
  [Worker 0] episode 520 finished. (AvgLatErr: 0.8483, Steps: 126)
  [Worker 0] episode 521 finished. (AvgLatErr: 1.5325, Steps: 143)
  [Worker 0] episode 522 finished. (AvgLatErr: 1.2292, Steps: 131)
  [Worker 0] episode 523 finished. (AvgLatErr: 1.5040, Steps: 134)
  [Worker 0] episode 524 finished. (AvgLatErr: 0.8554, Steps: 133)
  [Worker 0] episode 525 finished. (AvgLatErr: 1.4473, Steps: 136)
  [Worker 0] episode 526 finished. (AvgLatErr: 0.8369, Steps: 126)
  [Worker 0] episode 527 finished. (AvgLatErr: 1.1915, Steps: 133)
  [Worker 0] episode 528 finished. (AvgLatErr: 0.8756, Steps: 136)
  [Worker 0] episode 529 finished. (AvgLatErr: 0.7822, Steps: 133)
[Worker 0].
Warning: num_agents (8) is greater than the number of available vehicle parameters (4). Cycling vehicle templates.
[Worker 1] TensorFlow device=GPU, mixed_precision=mixed_float16
[Worker 1] Random seed fixed: 200561
[Worker 1] started on GPU.
  [Worker 1] episode 520 finished. (AvgLatErr: 0.1685, Steps: 130)
  [Worker 1] episode 521 finished. (AvgLatErr: 0.1617, Steps: 144)
  [Worker 1] episode 522 finished. (AvgLatErr: 0.2221, Steps: 121)
  [Worker 1] episode 523 finished. (AvgLatErr: 0.1467, Steps: 122)
  [Worker 1] episode 524 finished. (AvgLatErr: 0.2748, Steps: 142)
  [Worker 1] episode 525 finished. (AvgLatErr: 0.2200, Steps: 121)
  [Worker 1] episode 526 finished. (AvgLatErr: 0.4840, Steps: 141)
  [Worker 1] episode 527 finished. (AvgLatErr: 0.2554, Steps: 126)
  [Worker 1] episode 528 finished. (AvgLatErr: 0.3246, Steps: 124)
  [Worker 1] episode 529 finished. (AvgLatErr: 0.2361, Steps: 117)
[Worker 1].
Warning: num_agents (8) is greater than the number of available vehicle parameters (4). Cycling vehicle templates.
[Worker 2] TensorFlow device=GPU, mixed_precision=mixed_float16
[Worker 2] Random seed fixed: 300561
[Worker 2] started on GPU.
  [Worker 2] episode 520 finished. (AvgLatErr: 0.3257, Steps: 113)
  [Worker 2] episode 521 finished. (AvgLatErr: 0.3464, Steps: 121)
  [Worker 2] episode 522 finished. (AvgLatErr: 0.3239, Steps: 124)
  [Worker 2] episode 523 finished. (AvgLatErr: 0.5537, Steps: 129)
  [Worker 2] episode 524 finished. (AvgLatErr: 0.3383, Steps: 154)
  [Worker 2] episode 525 finished. (AvgLatErr: 0.4009, Steps: 123)
  [Worker 2] episode 526 finished. (AvgLatErr: 0.3192, Steps: 116)
  [Worker 2] episode 527 finished. (AvgLatErr: 0.4377, Steps: 119)
  [Worker 2] episode 528 finished. (AvgLatErr: 0.3882, Steps: 116)
  [Worker 2] episode 529 finished. (AvgLatErr: 0.4367, Steps: 144)
[Worker 2].
Warning: num_agents (8) is greater than the number of available vehicle parameters (4). Cycling vehicle templates.
[Worker 3] TensorFlow device=GPU, mixed_precision=mixed_float16
[Worker 3] Random seed fixed: 400561
[Worker 3] started on GPU.
  [Worker 3] episode 520 finished. (AvgLatErr: 0.3700, Steps: 177)
  [Worker 3] episode 521 finished. (AvgLatErr: 0.5164, Steps: 170)
  [Worker 3] episode 522 finished. (AvgLatErr: 0.4958, Steps: 191)
  [Worker 3] episode 523 finished. (AvgLatErr: 0.4819, Steps: 168)
  [Worker 3] episode 524 finished. (AvgLatErr: 0.4856, Steps: 163)
  [Worker 3] episode 525 finished. (AvgLatErr: 1.0290, Steps: 189)
  [Worker 3] episode 526 finished. (AvgLatErr: 0.6511, Steps: 177)
  [Worker 3] episode 527 finished. (AvgLatErr: 0.6434, Steps: 168)
  [Worker 3] episode 528 finished. (AvgLatErr: 0.5216, Steps: 177)
  [Worker 3] episode 529 finished. (AvgLatErr: 0.4934, Steps: 170)
[Worker 3].
Warning: num_agents (8) is greater than the number of available vehicle parameters (4). Cycling vehicle templates.
[Worker 4] TensorFlow device=GPU, mixed_precision=mixed_float16
[Worker 4] Random seed fixed: 500561
[Worker 4] started on GPU.
  [Worker 4] episode 520 finished. (AvgLatErr: 0.3328, Steps: 166)
  [Worker 4] episode 521 finished. (AvgLatErr: 0.2832, Steps: 161)
  [Worker 4] episode 522 finished. (AvgLatErr: 0.3347, Steps: 165)
  [Worker 4] episode 523 finished. (AvgLatErr: 0.3121, Steps: 177)
  [Worker 4] episode 524 finished. (AvgLatErr: 0.3027, Steps: 162)
  [Worker 4] episode 525 finished. (AvgLatErr: 0.3519, Steps: 154)
  [Worker 4] episode 526 finished. (AvgLatErr: 0.2703, Steps: 167)
  [Worker 4] episode 527 finished. (AvgLatErr: 0.3061, Steps: 169)
  [Worker 4] episode 528 finished. (AvgLatErr: 0.2503, Steps: 151)
  [Worker 4] episode 529 finished. (AvgLatErr: 0.3045, Steps: 170)
[Worker 4].
Warning: num_agents (8) is greater than the number of available vehicle parameters (4). Cycling vehicle templates.
[Worker 5] TensorFlow device=GPU, mixed_precision=mixed_float16
[Worker 5] Random seed fixed: 600561
[Worker 5] started on GPU.
  [Worker 5] episode 520 finished. (AvgLatErr: 0.1705, Steps: 174)
  [Worker 5] episode 521 finished. (AvgLatErr: 0.1952, Steps: 161)
  [Worker 5] episode 522 finished. (AvgLatErr: 0.2288, Steps: 181)
  [Worker 5] episode 523 finished. (AvgLatErr: 0.2717, Steps: 146)
  [Worker 5] episode 524 finished. (AvgLatErr: 0.2648, Steps: 153)
  [Worker 5] episode 525 finished. (AvgLatErr: 0.2200, Steps: 162)
  [Worker 5] episode 526 finished. (AvgLatErr: 0.2921, Steps: 150)
  [Worker 5] episode 527 finished. (AvgLatErr: 0.4117, Steps: 164)
  [Worker 5] episode 528 finished. (AvgLatErr: 0.2993, Steps: 163)
  [Worker 5] episode 529 finished. (AvgLatErr: 0.3328, Steps: 162)
[Worker 5].
Warning: num_agents (8) is greater than the number of available vehicle parameters (4). Cycling vehicle templates.
[Worker 7] TensorFlow device=GPU, mixed_precision=mixed_float16
[Worker 7] Random seed fixed: 800561
[Worker 7] started on GPU.
  [Worker 7] episode 520 finished. (AvgLatErr: 0.1431, Steps: 137)
  [Worker 7] episode 521 finished. (AvgLatErr: 0.2038, Steps: 147)
  [Worker 7] episode 522 finished. (AvgLatErr: 0.2008, Steps: 135)
  [Worker 7] episode 523 finished. (AvgLatErr: 0.2034, Steps: 146)
  [Worker 7] episode 524 finished. (AvgLatErr: 0.2466, Steps: 155)
  [Worker 7] episode 525 finished. (AvgLatErr: 0.2508, Steps: 142)
  [Worker 7] episode 526 finished. (AvgLatErr: 0.2353, Steps: 141)
  [Worker 7] episode 527 finished. (AvgLatErr: 0.1962, Steps: 145)
  [Worker 7] episode 528 finished. (AvgLatErr: 0.2264, Steps: 134)
  [Worker 7] episode 529 finished. (AvgLatErr: 0.1487, Steps: 148)
[Worker 7].
Warning: num_agents (8) is greater than the number of available vehicle parameters (4). Cycling vehicle templates.
[Worker 6] TensorFlow device=GPU, mixed_precision=mixed_float16
[Worker 6] Random seed fixed: 700561
[Worker 6] started on GPU.
  [Worker 6] episode 520 finished. (AvgLatErr: 0.3924, Steps: 200)
  [Worker 6] episode 521 finished. (AvgLatErr: 0.3472, Steps: 200)
  [Worker 6] episode 522 finished. (AvgLatErr: 0.5869, Steps: 200)
  [Worker 6] episode 523 finished. (AvgLatErr: 0.4750, Steps: 200)
  [Worker 6] episode 524 finished. (AvgLatErr: 0.4232, Steps: 200)
  [Worker 6] episode 525 finished. (AvgLatErr: 0.5481, Steps: 200)
  [Worker 6] episode 526 finished. (AvgLatErr: 0.4815, Steps: 200)
  [Worker 6] episode 527 finished. (AvgLatErr: 0.8493, Steps: 200)
  [Worker 6] episode 528 finished. (AvgLatErr: 0.3804, Steps: 200)
  [Worker 6] episode 529 finished. (AvgLatErr: 0.3474, Steps: 200)
[Worker 6].
[Main] workers finished. (elapsed: 109.61s)
[Main] Aggregation-selected agents: [1, 4, 5, 7]
[Main] FedAdagrad update completed.
[Main] Replay buffers reset after global model update.
============================================================================================
529 EP / Agent 0 : Avg Lat Err 0.7822
529 EP / Agent 1 : Avg Lat Err 0.2361
529 EP / Agent 2 : Avg Lat Err 0.4367
529 EP / Agent 3 : Avg Lat Err 0.4934
529 EP / Agent 4 : Avg Lat Err 0.3045
529 EP / Agent 5 : Avg Lat Err 0.3328
529 EP / Agent 6 : Avg Lat Err 0.3474
529 EP / Agent 7 : Avg Lat Err 0.1487
============================================================================================

============================================================================================
[Main] FL round started. (episode 530 ~ 539)
[Main] Client selection: mode=error_low, budget=4
[Main] Participating agents: [0, 1, 2, 3, 4, 5, 6, 7]
Warning: num_agents (8) is greater than the number of available vehicle parameters (4). Cycling vehicle templates.
[Worker 0] TensorFlow device=GPU, mixed_precision=mixed_float16
[Worker 0] Random seed fixed: 100571
[Worker 0] started on GPU.
  [Worker 0] episode 530 finished. (AvgLatErr: 0.6805, Steps: 138)
  [Worker 0] episode 531 finished. (AvgLatErr: 0.5876, Steps: 137)
  [Worker 0] episode 532 finished. (AvgLatErr: 0.7719, Steps: 142)
  [Worker 0] episode 533 finished. (AvgLatErr: 1.1898, Steps: 142)
  [Worker 0] episode 534 finished. (AvgLatErr: 1.0368, Steps: 140)
  [Worker 0] episode 535 finished. (AvgLatErr: 2.3305, Steps: 142)
  [Worker 0] episode 536 finished. (AvgLatErr: 0.8823, Steps: 142)
  [Worker 0] episode 537 finished. (AvgLatErr: 1.0085, Steps: 137)
  [Worker 0] episode 538 finished. (AvgLatErr: 1.2750, Steps: 136)
  [Worker 0] episode 539 finished. (AvgLatErr: 1.5240, Steps: 141)
[Worker 0].
Warning: num_agents (8) is greater than the number of available vehicle parameters (4). Cycling vehicle templates.
[Worker 2] TensorFlow device=GPU, mixed_precision=mixed_float16
[Worker 2] Random seed fixed: 300571
[Worker 2] started on GPU.
  [Worker 2] episode 530 finished. (AvgLatErr: 0.4261, Steps: 119)
  [Worker 2] episode 531 finished. (AvgLatErr: 0.6798, Steps: 112)
  [Worker 2] episode 532 finished. (AvgLatErr: 0.5626, Steps: 117)
  [Worker 2] episode 533 finished. (AvgLatErr: 0.4955, Steps: 126)
  [Worker 2] episode 534 finished. (AvgLatErr: 0.5021, Steps: 118)
  [Worker 2] episode 535 finished. (AvgLatErr: 0.3000, Steps: 120)
  [Worker 2] episode 536 finished. (AvgLatErr: 0.4742, Steps: 118)
  [Worker 2] episode 537 finished. (AvgLatErr: 0.4595, Steps: 127)
  [Worker 2] episode 538 finished. (AvgLatErr: 0.4461, Steps: 117)
  [Worker 2] episode 539 finished. (AvgLatErr: 0.5752, Steps: 115)
[Worker 2].
Warning: num_agents (8) is greater than the number of available vehicle parameters (4). Cycling vehicle templates.
[Worker 1] TensorFlow device=GPU, mixed_precision=mixed_float16
[Worker 1] Random seed fixed: 200571
[Worker 1] started on GPU.
  [Worker 1] episode 530 finished. (AvgLatErr: 0.2035, Steps: 136)
  [Worker 1] episode 531 finished. (AvgLatErr: 0.1053, Steps: 158)
  [Worker 1] episode 532 finished. (AvgLatErr: 0.1935, Steps: 136)
  [Worker 1] episode 533 finished. (AvgLatErr: 0.1665, Steps: 161)
  [Worker 1] episode 534 finished. (AvgLatErr: 0.2502, Steps: 129)
  [Worker 1] episode 535 finished. (AvgLatErr: 0.2790, Steps: 128)
  [Worker 1] episode 536 finished. (AvgLatErr: 0.1828, Steps: 148)
  [Worker 1] episode 537 finished. (AvgLatErr: 0.1708, Steps: 131)
  [Worker 1] episode 538 finished. (AvgLatErr: 0.1939, Steps: 129)
  [Worker 1] episode 539 finished. (AvgLatErr: 0.1239, Steps: 137)
[Worker 1].
Warning: num_agents (8) is greater than the number of available vehicle parameters (4). Cycling vehicle templates.
[Worker 4] TensorFlow device=GPU, mixed_precision=mixed_float16
[Worker 4] Random seed fixed: 500571
[Worker 4] started on GPU.
  [Worker 4] episode 530 finished. (AvgLatErr: 0.3509, Steps: 174)
  [Worker 4] episode 531 finished. (AvgLatErr: 0.3397, Steps: 162)
  [Worker 4] episode 532 finished. (AvgLatErr: 0.2764, Steps: 166)
  [Worker 4] episode 533 finished. (AvgLatErr: 0.2951, Steps: 175)
  [Worker 4] episode 534 finished. (AvgLatErr: 0.2984, Steps: 161)
  [Worker 4] episode 535 finished. (AvgLatErr: 0.3505, Steps: 155)
  [Worker 4] episode 536 finished. (AvgLatErr: 0.2658, Steps: 154)
  [Worker 4] episode 537 finished. (AvgLatErr: 0.2824, Steps: 153)
  [Worker 4] episode 538 finished. (AvgLatErr: 0.2929, Steps: 150)
  [Worker 4] episode 539 finished. (AvgLatErr: 0.3257, Steps: 160)
[Worker 4].
Warning: num_agents (8) is greater than the number of available vehicle parameters (4). Cycling vehicle templates.
[Worker 3] TensorFlow device=GPU, mixed_precision=mixed_float16
[Worker 3] Random seed fixed: 400571
[Worker 3] started on GPU.
  [Worker 3] episode 530 finished. (AvgLatErr: 0.4656, Steps: 177)
  [Worker 3] episode 531 finished. (AvgLatErr: 0.3254, Steps: 200)
  [Worker 3] episode 532 finished. (AvgLatErr: 0.4418, Steps: 200)
  [Worker 3] episode 533 finished. (AvgLatErr: 0.9207, Steps: 182)
  [Worker 3] episode 534 finished. (AvgLatErr: 0.5867, Steps: 176)
  [Worker 3] episode 535 finished. (AvgLatErr: 0.6053, Steps: 176)
  [Worker 3] episode 536 finished. (AvgLatErr: 0.6166, Steps: 184)
  [Worker 3] episode 537 finished. (AvgLatErr: 1.1087, Steps: 174)
  [Worker 3] episode 538 finished. (AvgLatErr: 0.5067, Steps: 186)
  [Worker 3] episode 539 finished. (AvgLatErr: 0.8884, Steps: 192)
[Worker 3].
Warning: num_agents (8) is greater than the number of available vehicle parameters (4). Cycling vehicle templates.
[Worker 5] TensorFlow device=GPU, mixed_precision=mixed_float16
[Worker 5] Random seed fixed: 600571
[Worker 5] started on GPU.
  [Worker 5] episode 530 finished. (AvgLatErr: 0.2585, Steps: 165)
  [Worker 5] episode 531 finished. (AvgLatErr: 0.2022, Steps: 157)
  [Worker 5] episode 532 finished. (AvgLatErr: 0.1524, Steps: 141)
  [Worker 5] episode 533 finished. (AvgLatErr: 0.2208, Steps: 148)
  [Worker 5] episode 534 finished. (AvgLatErr: 0.2331, Steps: 162)
  [Worker 5] episode 535 finished. (AvgLatErr: 0.2208, Steps: 141)
  [Worker 5] episode 536 finished. (AvgLatErr: 0.1588, Steps: 188)
  [Worker 5] episode 537 finished. (AvgLatErr: 0.1417, Steps: 171)
  [Worker 5] episode 538 finished. (AvgLatErr: 0.1980, Steps: 168)
  [Worker 5] episode 539 finished. (AvgLatErr: 0.2432, Steps: 152)
[Worker 5].
Warning: num_agents (8) is greater than the number of available vehicle parameters (4). Cycling vehicle templates.
[Worker 7] TensorFlow device=GPU, mixed_precision=mixed_float16
[Worker 7] Random seed fixed: 800571
[Worker 7] started on GPU.
  [Worker 7] episode 530 finished. (AvgLatErr: 0.2364, Steps: 144)
  [Worker 7] episode 531 finished. (AvgLatErr: 0.1521, Steps: 138)
  [Worker 7] episode 532 finished. (AvgLatErr: 0.2725, Steps: 138)
  [Worker 7] episode 533 finished. (AvgLatErr: 0.2543, Steps: 133)
  [Worker 7] episode 534 finished. (AvgLatErr: 0.1760, Steps: 141)
  [Worker 7] episode 535 finished. (AvgLatErr: 0.1686, Steps: 137)
  [Worker 7] episode 536 finished. (AvgLatErr: 0.1640, Steps: 126)
  [Worker 7] episode 537 finished. (AvgLatErr: 0.1865, Steps: 145)
  [Worker 7] episode 538 finished. (AvgLatErr: 0.2227, Steps: 120)
  [Worker 7] episode 539 finished. (AvgLatErr: 0.2218, Steps: 132)
[Worker 7].
Warning: num_agents (8) is greater than the number of available vehicle parameters (4). Cycling vehicle templates.
[Worker 6] TensorFlow device=GPU, mixed_precision=mixed_float16
[Worker 6] Random seed fixed: 700571
[Worker 6] started on GPU.
  [Worker 6] episode 530 finished. (AvgLatErr: 0.5108, Steps: 200)
  [Worker 6] episode 531 finished. (AvgLatErr: 0.5020, Steps: 200)
  [Worker 6] episode 532 finished. (AvgLatErr: 0.6506, Steps: 200)
  [Worker 6] episode 533 finished. (AvgLatErr: 0.6153, Steps: 200)
  [Worker 6] episode 534 finished. (AvgLatErr: 0.5140, Steps: 200)
  [Worker 6] episode 535 finished. (AvgLatErr: 0.4479, Steps: 200)
  [Worker 6] episode 536 finished. (AvgLatErr: 0.5367, Steps: 194)
  [Worker 6] episode 537 finished. (AvgLatErr: 0.6975, Steps: 200)
  [Worker 6] episode 538 finished. (AvgLatErr: 0.5258, Steps: 199)
  [Worker 6] episode 539 finished. (AvgLatErr: 0.4821, Steps: 200)
[Worker 6].
[Main] workers finished. (elapsed: 107.63s)
[Main] Aggregation-selected agents: [1, 4, 5, 7]
[Main] FedAdagrad update completed.
[Main] Replay buffers reset after global model update.
============================================================================================
539 EP / Agent 0 : Avg Lat Err 1.5240
539 EP / Agent 1 : Avg Lat Err 0.1239
539 EP / Agent 2 : Avg Lat Err 0.5752
539 EP / Agent 3 : Avg Lat Err 0.8884
539 EP / Agent 4 : Avg Lat Err 0.3257
539 EP / Agent 5 : Avg Lat Err 0.2432
539 EP / Agent 6 : Avg Lat Err 0.4821
539 EP / Agent 7 : Avg Lat Err 0.2218
============================================================================================

============================================================================================
[Main] FL round started. (episode 540 ~ 549)
[Main] Client selection: mode=error_low, budget=4
[Main] Participating agents: [0, 1, 2, 3, 4, 5, 6, 7]
Warning: num_agents (8) is greater than the number of available vehicle parameters (4). Cycling vehicle templates.
[Worker 0] TensorFlow device=GPU, mixed_precision=mixed_float16
[Worker 0] Random seed fixed: 100581
[Worker 0] started on GPU.
  [Worker 0] episode 540 finished. (AvgLatErr: 1.6909, Steps: 130)
  [Worker 0] episode 541 finished. (AvgLatErr: 1.1088, Steps: 126)
  [Worker 0] episode 542 finished. (AvgLatErr: 1.2379, Steps: 117)
  [Worker 0] episode 543 finished. (AvgLatErr: 1.4762, Steps: 125)
  [Worker 0] episode 544 finished. (AvgLatErr: 1.3058, Steps: 142)
  [Worker 0] episode 545 finished. (AvgLatErr: 0.9703, Steps: 130)
  [Worker 0] episode 546 finished. (AvgLatErr: 1.5235, Steps: 132)
  [Worker 0] episode 547 finished. (AvgLatErr: 0.9343, Steps: 123)
  [Worker 0] episode 548 finished. (AvgLatErr: 1.1530, Steps: 128)
  [Worker 0] episode 549 finished. (AvgLatErr: 0.8976, Steps: 130)
[Worker 0].
Warning: num_agents (8) is greater than the number of available vehicle parameters (4). Cycling vehicle templates.
[Worker 1] TensorFlow device=GPU, mixed_precision=mixed_float16
[Worker 1] Random seed fixed: 200581
[Worker 1] started on GPU.
  [Worker 1] episode 540 finished. (AvgLatErr: 0.1447, Steps: 128)
  [Worker 1] episode 541 finished. (AvgLatErr: 0.5196, Steps: 119)
  [Worker 1] episode 542 finished. (AvgLatErr: 0.1318, Steps: 115)
  [Worker 1] episode 543 finished. (AvgLatErr: 0.2076, Steps: 151)
  [Worker 1] episode 544 finished. (AvgLatErr: 0.2541, Steps: 126)
  [Worker 1] episode 545 finished. (AvgLatErr: 0.1701, Steps: 115)
  [Worker 1] episode 546 finished. (AvgLatErr: 0.1375, Steps: 132)
  [Worker 1] episode 547 finished. (AvgLatErr: 0.2639, Steps: 126)
  [Worker 1] episode 548 finished. (AvgLatErr: 0.1715, Steps: 121)
  [Worker 1] episode 549 finished. (AvgLatErr: 0.1518, Steps: 120)
[Worker 1].
Warning: num_agents (8) is greater than the number of available vehicle parameters (4). Cycling vehicle templates.
[Worker 2] TensorFlow device=GPU, mixed_precision=mixed_float16
[Worker 2] Random seed fixed: 300581
[Worker 2] started on GPU.
  [Worker 2] episode 540 finished. (AvgLatErr: 0.3380, Steps: 120)
  [Worker 2] episode 541 finished. (AvgLatErr: 0.7901, Steps: 134)
  [Worker 2] episode 542 finished. (AvgLatErr: 0.3525, Steps: 114)
  [Worker 2] episode 543 finished. (AvgLatErr: 0.6031, Steps: 112)
  [Worker 2] episode 544 finished. (AvgLatErr: 0.3696, Steps: 121)
  [Worker 2] episode 545 finished. (AvgLatErr: 0.4072, Steps: 115)
  [Worker 2] episode 546 finished. (AvgLatErr: 0.7030, Steps: 116)
  [Worker 2] episode 547 finished. (AvgLatErr: 0.4013, Steps: 110)
  [Worker 2] episode 548 finished. (AvgLatErr: 0.7660, Steps: 141)
  [Worker 2] episode 549 finished. (AvgLatErr: 0.5067, Steps: 116)
[Worker 2].
Warning: num_agents (8) is greater than the number of available vehicle parameters (4). Cycling vehicle templates.
[Worker 3] TensorFlow device=GPU, mixed_precision=mixed_float16
[Worker 3] Random seed fixed: 400581
[Worker 3] started on GPU.
  [Worker 3] episode 540 finished. (AvgLatErr: 0.4706, Steps: 171)
  [Worker 3] episode 541 finished. (AvgLatErr: 0.4214, Steps: 184)
  [Worker 3] episode 542 finished. (AvgLatErr: 0.9655, Steps: 182)
  [Worker 3] episode 543 finished. (AvgLatErr: 0.7346, Steps: 182)
  [Worker 3] episode 544 finished. (AvgLatErr: 0.7853, Steps: 185)
  [Worker 3] episode 545 finished. (AvgLatErr: 0.6279, Steps: 167)
  [Worker 3] episode 546 finished. (AvgLatErr: 0.5501, Steps: 171)
  [Worker 3] episode 547 finished. (AvgLatErr: 0.5444, Steps: 176)
  [Worker 3] episode 548 finished. (AvgLatErr: 0.7901, Steps: 178)
  [Worker 3] episode 549 finished. (AvgLatErr: 0.7632, Steps: 174)
[Worker 3].
Warning: num_agents (8) is greater than the number of available vehicle parameters (4). Cycling vehicle templates.
[Worker 4] TensorFlow device=GPU, mixed_precision=mixed_float16
[Worker 4] Random seed fixed: 500581
[Worker 4] started on GPU.
  [Worker 4] episode 540 finished. (AvgLatErr: 0.3254, Steps: 157)
  [Worker 4] episode 541 finished. (AvgLatErr: 0.3575, Steps: 173)
  [Worker 4] episode 542 finished. (AvgLatErr: 0.2378, Steps: 160)
  [Worker 4] episode 543 finished. (AvgLatErr: 0.2804, Steps: 168)
  [Worker 4] episode 544 finished. (AvgLatErr: 0.2732, Steps: 174)
  [Worker 4] episode 545 finished. (AvgLatErr: 0.3497, Steps: 155)
  [Worker 4] episode 546 finished. (AvgLatErr: 0.2661, Steps: 160)
  [Worker 4] episode 547 finished. (AvgLatErr: 0.2421, Steps: 164)
  [Worker 4] episode 548 finished. (AvgLatErr: 0.1933, Steps: 164)
  [Worker 4] episode 549 finished. (AvgLatErr: 0.2002, Steps: 169)
[Worker 4].
Warning: num_agents (8) is greater than the number of available vehicle parameters (4). Cycling vehicle templates.
[Worker 5] TensorFlow device=GPU, mixed_precision=mixed_float16
[Worker 5] Random seed fixed: 600581
[Worker 5] started on GPU.
  [Worker 5] episode 540 finished. (AvgLatErr: 0.2008, Steps: 164)
  [Worker 5] episode 541 finished. (AvgLatErr: 0.3100, Steps: 149)
  [Worker 5] episode 542 finished. (AvgLatErr: 0.2226, Steps: 122)
  [Worker 5] episode 543 finished. (AvgLatErr: 0.3780, Steps: 157)
  [Worker 5] episode 544 finished. (AvgLatErr: 0.2358, Steps: 143)
  [Worker 5] episode 545 finished. (AvgLatErr: 0.2451, Steps: 149)
  [Worker 5] episode 546 finished. (AvgLatErr: 0.2307, Steps: 134)
  [Worker 5] episode 547 finished. (AvgLatErr: 0.4124, Steps: 147)
  [Worker 5] episode 548 finished. (AvgLatErr: 0.2852, Steps: 171)
  [Worker 5] episode 549 finished. (AvgLatErr: 0.2479, Steps: 156)
[Worker 5].
Warning: num_agents (8) is greater than the number of available vehicle parameters (4). Cycling vehicle templates.
[Worker 7] TensorFlow device=GPU, mixed_precision=mixed_float16
[Worker 7] Random seed fixed: 800581
[Worker 7] started on GPU.
  [Worker 7] episode 540 finished. (AvgLatErr: 0.1904, Steps: 132)
  [Worker 7] episode 541 finished. (AvgLatErr: 0.1623, Steps: 143)
  [Worker 7] episode 542 finished. (AvgLatErr: 0.3768, Steps: 128)
  [Worker 7] episode 543 finished. (AvgLatErr: 0.3268, Steps: 125)
  [Worker 7] episode 544 finished. (AvgLatErr: 0.1982, Steps: 132)
  [Worker 7] episode 545 finished. (AvgLatErr: 0.2064, Steps: 130)
  [Worker 7] episode 546 finished. (AvgLatErr: 0.3923, Steps: 144)
  [Worker 7] episode 547 finished. (AvgLatErr: 0.2127, Steps: 134)
  [Worker 7] episode 548 finished. (AvgLatErr: 0.1934, Steps: 122)
  [Worker 7] episode 549 finished. (AvgLatErr: 0.2189, Steps: 138)
[Worker 7].
Warning: num_agents (8) is greater than the number of available vehicle parameters (4). Cycling vehicle templates.
[Worker 6] TensorFlow device=GPU, mixed_precision=mixed_float16
[Worker 6] Random seed fixed: 700581
[Worker 6] started on GPU.
  [Worker 6] episode 540 finished. (AvgLatErr: 0.5673, Steps: 184)
  [Worker 6] episode 541 finished. (AvgLatErr: 0.4566, Steps: 200)
  [Worker 6] episode 542 finished. (AvgLatErr: 0.6035, Steps: 198)
  [Worker 6] episode 543 finished. (AvgLatErr: 0.8363, Steps: 200)
  [Worker 6] episode 544 finished. (AvgLatErr: 0.6253, Steps: 199)
  [Worker 6] episode 545 finished. (AvgLatErr: 0.6146, Steps: 200)
  [Worker 6] episode 546 finished. (AvgLatErr: 0.2937, Steps: 200)
  [Worker 6] episode 547 finished. (AvgLatErr: 0.4935, Steps: 191)
  [Worker 6] episode 548 finished. (AvgLatErr: 1.3065, Steps: 195)
  [Worker 6] episode 549 finished. (AvgLatErr: 0.5337, Steps: 191)
[Worker 6].
[Main] workers finished. (elapsed: 106.02s)
[Main] Aggregation-selected agents: [1, 4, 5, 7]
[Main] FedAdagrad update completed.
[Main] Replay buffers reset after global model update.
============================================================================================
549 EP / Agent 0 : Avg Lat Err 0.8976
549 EP / Agent 1 : Avg Lat Err 0.1518
549 EP / Agent 2 : Avg Lat Err 0.5067
549 EP / Agent 3 : Avg Lat Err 0.7632
549 EP / Agent 4 : Avg Lat Err 0.2002
549 EP / Agent 5 : Avg Lat Err 0.2479
549 EP / Agent 6 : Avg Lat Err 0.5337
549 EP / Agent 7 : Avg Lat Err 0.2189
============================================================================================
[Main] Model checkpoint saved: C:\Users\syd79\FRL-Q\experiments\fast_parallel_fedadagrad_8errorlow4_20260916_run1_error_low_4of8\checkpoints\global_model_episode_000550.weights.h5

============================================================================================
[Main] FL round started. (episode 550 ~ 559)
[Main] Client selection: mode=error_low, budget=4
[Main] Participating agents: [0, 1, 2, 3, 4, 5, 6, 7]
Warning: num_agents (8) is greater than the number of available vehicle parameters (4). Cycling vehicle templates.
[Worker 0] TensorFlow device=GPU, mixed_precision=mixed_float16
[Worker 0] Random seed fixed: 100591
[Worker 0] started on GPU.
  [Worker 0] episode 550 finished. (AvgLatErr: 0.9421, Steps: 123)
  [Worker 0] episode 551 finished. (AvgLatErr: 1.1771, Steps: 138)
  [Worker 0] episode 552 finished. (AvgLatErr: 1.2191, Steps: 132)
  [Worker 0] episode 553 finished. (AvgLatErr: 0.9607, Steps: 139)
  [Worker 0] episode 554 finished. (AvgLatErr: 2.3528, Steps: 147)
  [Worker 0] episode 555 finished. (AvgLatErr: 3.9718, Steps: 156)
  [Worker 0] episode 556 finished. (AvgLatErr: 0.9726, Steps: 141)
  [Worker 0] episode 557 finished. (AvgLatErr: 1.2122, Steps: 147)
  [Worker 0] episode 558 finished. (AvgLatErr: 0.5171, Steps: 147)
  [Worker 0] episode 559 finished. (AvgLatErr: 0.6007, Steps: 140)
[Worker 0].
Warning: num_agents (8) is greater than the number of available vehicle parameters (4). Cycling vehicle templates.
[Worker 1] TensorFlow device=GPU, mixed_precision=mixed_float16
[Worker 1] Random seed fixed: 200591
[Worker 1] started on GPU.
  [Worker 1] episode 550 finished. (AvgLatErr: 0.1770, Steps: 144)
  [Worker 1] episode 551 finished. (AvgLatErr: 0.2252, Steps: 133)
  [Worker 1] episode 552 finished. (AvgLatErr: 0.1871, Steps: 127)
  [Worker 1] episode 553 finished. (AvgLatErr: 0.1430, Steps: 126)
  [Worker 1] episode 554 finished. (AvgLatErr: 0.1602, Steps: 122)
  [Worker 1] episode 555 finished. (AvgLatErr: 0.1874, Steps: 127)
  [Worker 1] episode 556 finished. (AvgLatErr: 0.2434, Steps: 117)
  [Worker 1] episode 557 finished. (AvgLatErr: 0.1453, Steps: 117)
  [Worker 1] episode 558 finished. (AvgLatErr: 0.1506, Steps: 119)
  [Worker 1] episode 559 finished. (AvgLatErr: 0.1672, Steps: 124)
[Worker 1].
Warning: num_agents (8) is greater than the number of available vehicle parameters (4). Cycling vehicle templates.
[Worker 2] TensorFlow device=GPU, mixed_precision=mixed_float16
[Worker 2] Random seed fixed: 300591
[Worker 2] started on GPU.
  [Worker 2] episode 550 finished. (AvgLatErr: 0.5094, Steps: 121)
  [Worker 2] episode 551 finished. (AvgLatErr: 0.3487, Steps: 124)
  [Worker 2] episode 552 finished. (AvgLatErr: 0.6645, Steps: 123)
  [Worker 2] episode 553 finished. (AvgLatErr: 0.9042, Steps: 129)
  [Worker 2] episode 554 finished. (AvgLatErr: 0.3600, Steps: 133)
  [Worker 2] episode 555 finished. (AvgLatErr: 0.4694, Steps: 127)
  [Worker 2] episode 556 finished. (AvgLatErr: 0.3014, Steps: 119)
  [Worker 2] episode 557 finished. (AvgLatErr: 0.4409, Steps: 124)
  [Worker 2] episode 558 finished. (AvgLatErr: 0.3701, Steps: 125)
  [Worker 2] episode 559 finished. (AvgLatErr: 0.6206, Steps: 120)
[Worker 2].
Warning: num_agents (8) is greater than the number of available vehicle parameters (4). Cycling vehicle templates.
[Worker 3] TensorFlow device=GPU, mixed_precision=mixed_float16
[Worker 3] Random seed fixed: 400591
[Worker 3] started on GPU.
  [Worker 3] episode 550 finished. (AvgLatErr: 0.6263, Steps: 179)
  [Worker 3] episode 551 finished. (AvgLatErr: 0.6858, Steps: 177)
  [Worker 3] episode 552 finished. (AvgLatErr: 0.6895, Steps: 171)
  [Worker 3] episode 553 finished. (AvgLatErr: 0.6606, Steps: 165)
  [Worker 3] episode 554 finished. (AvgLatErr: 0.6999, Steps: 179)
  [Worker 3] episode 555 finished. (AvgLatErr: 0.6213, Steps: 181)
  [Worker 3] episode 556 finished. (AvgLatErr: 0.8759, Steps: 185)
  [Worker 3] episode 557 finished. (AvgLatErr: 0.5911, Steps: 168)
  [Worker 3] episode 558 finished. (AvgLatErr: 0.6594, Steps: 184)
  [Worker 3] episode 559 finished. (AvgLatErr: 0.6783, Steps: 173)
[Worker 3].
Warning: num_agents (8) is greater than the number of available vehicle parameters (4). Cycling vehicle templates.
[Worker 4] TensorFlow device=GPU, mixed_precision=mixed_float16
[Worker 4] Random seed fixed: 500591
[Worker 4] started on GPU.
  [Worker 4] episode 550 finished. (AvgLatErr: 0.4151, Steps: 161)
  [Worker 4] episode 551 finished. (AvgLatErr: 0.3247, Steps: 158)
  [Worker 4] episode 552 finished. (AvgLatErr: 0.2944, Steps: 152)
  [Worker 4] episode 553 finished. (AvgLatErr: 0.2215, Steps: 157)
  [Worker 4] episode 554 finished. (AvgLatErr: 0.2401, Steps: 162)
  [Worker 4] episode 555 finished. (AvgLatErr: 0.2287, Steps: 162)
  [Worker 4] episode 556 finished. (AvgLatErr: 0.2225, Steps: 171)
  [Worker 4] episode 557 finished. (AvgLatErr: 0.2325, Steps: 161)
  [Worker 4] episode 558 finished. (AvgLatErr: 0.3871, Steps: 152)
  [Worker 4] episode 559 finished. (AvgLatErr: 0.2457, Steps: 159)
[Worker 4].
Warning: num_agents (8) is greater than the number of available vehicle parameters (4). Cycling vehicle templates.
[Worker 5] TensorFlow device=GPU, mixed_precision=mixed_float16
[Worker 5] Random seed fixed: 600591
[Worker 5] started on GPU.
  [Worker 5] episode 550 finished. (AvgLatErr: 0.2054, Steps: 149)
  [Worker 5] episode 551 finished. (AvgLatErr: 0.2750, Steps: 138)
  [Worker 5] episode 552 finished. (AvgLatErr: 0.2802, Steps: 150)
  [Worker 5] episode 553 finished. (AvgLatErr: 0.3786, Steps: 157)
  [Worker 5] episode 554 finished. (AvgLatErr: 0.2542, Steps: 139)
  [Worker 5] episode 555 finished. (AvgLatErr: 0.2299, Steps: 170)
  [Worker 5] episode 556 finished. (AvgLatErr: 0.2807, Steps: 153)
  [Worker 5] episode 557 finished. (AvgLatErr: 0.2078, Steps: 139)
  [Worker 5] episode 558 finished. (AvgLatErr: 0.2107, Steps: 153)
  [Worker 5] episode 559 finished. (AvgLatErr: 0.2702, Steps: 168)
[Worker 5].
Warning: num_agents (8) is greater than the number of available vehicle parameters (4). Cycling vehicle templates.
[Worker 7] TensorFlow device=GPU, mixed_precision=mixed_float16
[Worker 7] Random seed fixed: 800591
[Worker 7] started on GPU.
  [Worker 7] episode 550 finished. (AvgLatErr: 0.1515, Steps: 129)
  [Worker 7] episode 551 finished. (AvgLatErr: 0.4300, Steps: 147)
  [Worker 7] episode 552 finished. (AvgLatErr: 0.2636, Steps: 140)
  [Worker 7] episode 553 finished. (AvgLatErr: 0.2370, Steps: 134)
  [Worker 7] episode 554 finished. (AvgLatErr: 0.1693, Steps: 126)
  [Worker 7] episode 555 finished. (AvgLatErr: 0.3179, Steps: 131)
  [Worker 7] episode 556 finished. (AvgLatErr: 0.1967, Steps: 157)
  [Worker 7] episode 557 finished. (AvgLatErr: 0.3287, Steps: 148)
  [Worker 7] episode 558 finished. (AvgLatErr: 0.2310, Steps: 145)
  [Worker 7] episode 559 finished. (AvgLatErr: 0.2863, Steps: 140)
[Worker 7].
Warning: num_agents (8) is greater than the number of available vehicle parameters (4). Cycling vehicle templates.
[Worker 6] TensorFlow device=GPU, mixed_precision=mixed_float16
[Worker 6] Random seed fixed: 700591
[Worker 6] started on GPU.
  [Worker 6] episode 550 finished. (AvgLatErr: 0.5625, Steps: 200)
  [Worker 6] episode 551 finished. (AvgLatErr: 0.3467, Steps: 200)
  [Worker 6] episode 552 finished. (AvgLatErr: 0.5354, Steps: 200)
  [Worker 6] episode 553 finished. (AvgLatErr: 0.4110, Steps: 200)
  [Worker 6] episode 554 finished. (AvgLatErr: 0.4409, Steps: 194)
  [Worker 6] episode 555 finished. (AvgLatErr: 3.1671, Steps: 200)
  [Worker 6] episode 556 finished. (AvgLatErr: 0.5457, Steps: 197)
  [Worker 6] episode 557 finished. (AvgLatErr: 0.5434, Steps: 200)
  [Worker 6] episode 558 finished. (AvgLatErr: 0.5265, Steps: 200)
  [Worker 6] episode 559 finished. (AvgLatErr: 0.3587, Steps: 198)
[Worker 6].
[Main] workers finished. (elapsed: 87.54s)
[Main] Aggregation-selected agents: [1, 4, 5, 7]
[Main] FedAdagrad update completed.
[Main] Replay buffers reset after global model update.
============================================================================================
559 EP / Agent 0 : Avg Lat Err 0.6007
559 EP / Agent 1 : Avg Lat Err 0.1672
559 EP / Agent 2 : Avg Lat Err 0.6206
559 EP / Agent 3 : Avg Lat Err 0.6783
559 EP / Agent 4 : Avg Lat Err 0.2457
559 EP / Agent 5 : Avg Lat Err 0.2702
559 EP / Agent 6 : Avg Lat Err 0.3587
559 EP / Agent 7 : Avg Lat Err 0.2863
============================================================================================

============================================================================================
[Main] FL round started. (episode 560 ~ 569)
[Main] Client selection: mode=error_low, budget=4
[Main] Participating agents: [0, 1, 2, 3, 4, 5, 6, 7]
Warning: num_agents (8) is greater than the number of available vehicle parameters (4). Cycling vehicle templates.
[Worker 0] TensorFlow device=GPU, mixed_precision=mixed_float16
[Worker 0] Random seed fixed: 100601
[Worker 0] started on GPU.
  [Worker 0] episode 560 finished. (AvgLatErr: 1.3745, Steps: 113)
  [Worker 0] episode 561 finished. (AvgLatErr: 1.3198, Steps: 120)
  [Worker 0] episode 562 finished. (AvgLatErr: 1.4980, Steps: 125)
  [Worker 0] episode 563 finished. (AvgLatErr: 1.6597, Steps: 131)
  [Worker 0] episode 564 finished. (AvgLatErr: 1.5879, Steps: 136)
  [Worker 0] episode 565 finished. (AvgLatErr: 1.4900, Steps: 121)
  [Worker 0] episode 566 finished. (AvgLatErr: 0.9002, Steps: 121)
  [Worker 0] episode 567 finished. (AvgLatErr: 1.3975, Steps: 125)
  [Worker 0] episode 568 finished. (AvgLatErr: 1.7130, Steps: 135)
  [Worker 0] episode 569 finished. (AvgLatErr: 0.9968, Steps: 130)
[Worker 0].
Warning: num_agents (8) is greater than the number of available vehicle parameters (4). Cycling vehicle templates.
[Worker 1] TensorFlow device=GPU, mixed_precision=mixed_float16
[Worker 1] Random seed fixed: 200601
[Worker 1] started on GPU.
  [Worker 1] episode 560 finished. (AvgLatErr: 0.2219, Steps: 124)
  [Worker 1] episode 561 finished. (AvgLatErr: 0.1886, Steps: 134)
  [Worker 1] episode 562 finished. (AvgLatErr: 0.6028, Steps: 128)
  [Worker 1] episode 563 finished. (AvgLatErr: 0.2485, Steps: 126)
  [Worker 1] episode 564 finished. (AvgLatErr: 0.1993, Steps: 137)
  [Worker 1] episode 565 finished. (AvgLatErr: 0.2140, Steps: 133)
  [Worker 1] episode 566 finished. (AvgLatErr: 0.2268, Steps: 115)
  [Worker 1] episode 567 finished. (AvgLatErr: 0.2878, Steps: 119)
  [Worker 1] episode 568 finished. (AvgLatErr: 0.1843, Steps: 111)
  [Worker 1] episode 569 finished. (AvgLatErr: 0.1244, Steps: 128)
[Worker 1].
Warning: num_agents (8) is greater than the number of available vehicle parameters (4). Cycling vehicle templates.
[Worker 2] TensorFlow device=GPU, mixed_precision=mixed_float16
[Worker 2] Random seed fixed: 300601
[Worker 2] started on GPU.
  [Worker 2] episode 560 finished. (AvgLatErr: 0.5459, Steps: 106)
  [Worker 2] episode 561 finished. (AvgLatErr: 0.4794, Steps: 119)
  [Worker 2] episode 562 finished. (AvgLatErr: 0.2904, Steps: 129)
  [Worker 2] episode 563 finished. (AvgLatErr: 0.5141, Steps: 121)
  [Worker 2] episode 564 finished. (AvgLatErr: 0.5620, Steps: 127)
  [Worker 2] episode 565 finished. (AvgLatErr: 0.6236, Steps: 123)
  [Worker 2] episode 566 finished. (AvgLatErr: 0.5682, Steps: 128)
  [Worker 2] episode 567 finished. (AvgLatErr: 0.3652, Steps: 141)
  [Worker 2] episode 568 finished. (AvgLatErr: 0.4991, Steps: 119)
  [Worker 2] episode 569 finished. (AvgLatErr: 0.6045, Steps: 129)
[Worker 2].
Warning: num_agents (8) is greater than the number of available vehicle parameters (4). Cycling vehicle templates.
[Worker 4] TensorFlow device=GPU, mixed_precision=mixed_float16
[Worker 4] Random seed fixed: 500601
[Worker 4] started on GPU.
  [Worker 4] episode 560 finished. (AvgLatErr: 0.3942, Steps: 148)
  [Worker 4] episode 561 finished. (AvgLatErr: 0.4080, Steps: 154)
  [Worker 4] episode 562 finished. (AvgLatErr: 0.3192, Steps: 158)
  [Worker 4] episode 563 finished. (AvgLatErr: 0.2051, Steps: 153)
  [Worker 4] episode 564 finished. (AvgLatErr: 0.3403, Steps: 149)
  [Worker 4] episode 565 finished. (AvgLatErr: 0.3186, Steps: 159)
  [Worker 4] episode 566 finished. (AvgLatErr: 0.3463, Steps: 154)
  [Worker 4] episode 567 finished. (AvgLatErr: 0.2630, Steps: 149)
  [Worker 4] episode 568 finished. (AvgLatErr: 0.2309, Steps: 157)
  [Worker 4] episode 569 finished. (AvgLatErr: 0.2326, Steps: 150)
[Worker 4].
Warning: num_agents (8) is greater than the number of available vehicle parameters (4). Cycling vehicle templates.
[Worker 3] TensorFlow device=GPU, mixed_precision=mixed_float16
[Worker 3] Random seed fixed: 400601
[Worker 3] started on GPU.
  [Worker 3] episode 560 finished. (AvgLatErr: 0.5294, Steps: 184)
  [Worker 3] episode 561 finished. (AvgLatErr: 0.8559, Steps: 180)
  [Worker 3] episode 562 finished. (AvgLatErr: 0.6673, Steps: 190)
  [Worker 3] episode 563 finished. (AvgLatErr: 0.8254, Steps: 193)
  [Worker 3] episode 564 finished. (AvgLatErr: 0.7857, Steps: 178)
  [Worker 3] episode 565 finished. (AvgLatErr: 0.8184, Steps: 173)
  [Worker 3] episode 566 finished. (AvgLatErr: 0.7588, Steps: 174)
  [Worker 3] episode 567 finished. (AvgLatErr: 0.7377, Steps: 176)
  [Worker 3] episode 568 finished. (AvgLatErr: 0.5509, Steps: 176)
  [Worker 3] episode 569 finished. (AvgLatErr: 1.1332, Steps: 169)
[Worker 3].
Warning: num_agents (8) is greater than the number of available vehicle parameters (4). Cycling vehicle templates.
[Worker 5] TensorFlow device=GPU, mixed_precision=mixed_float16
[Worker 5] Random seed fixed: 600601
[Worker 5] started on GPU.
  [Worker 5] episode 560 finished. (AvgLatErr: 0.2169, Steps: 152)
  [Worker 5] episode 561 finished. (AvgLatErr: 0.3301, Steps: 157)
  [Worker 5] episode 562 finished. (AvgLatErr: 0.2298, Steps: 161)
  [Worker 5] episode 563 finished. (AvgLatErr: 0.3230, Steps: 147)
  [Worker 5] episode 564 finished. (AvgLatErr: 0.2008, Steps: 153)
  [Worker 5] episode 565 finished. (AvgLatErr: 0.2057, Steps: 145)
  [Worker 5] episode 566 finished. (AvgLatErr: 0.3456, Steps: 161)
  [Worker 5] episode 567 finished. (AvgLatErr: 0.2165, Steps: 142)
  [Worker 5] episode 568 finished. (AvgLatErr: 0.2567, Steps: 152)
  [Worker 5] episode 569 finished. (AvgLatErr: 0.2582, Steps: 148)
[Worker 5].
Warning: num_agents (8) is greater than the number of available vehicle parameters (4). Cycling vehicle templates.
[Worker 7] TensorFlow device=GPU, mixed_precision=mixed_float16
[Worker 7] Random seed fixed: 800601
[Worker 7] started on GPU.
  [Worker 7] episode 560 finished. (AvgLatErr: 0.2852, Steps: 118)
  [Worker 7] episode 561 finished. (AvgLatErr: 0.1587, Steps: 127)
  [Worker 7] episode 562 finished. (AvgLatErr: 0.2171, Steps: 112)
  [Worker 7] episode 563 finished. (AvgLatErr: 0.2629, Steps: 127)
  [Worker 7] episode 564 finished. (AvgLatErr: 0.2083, Steps: 114)
  [Worker 7] episode 565 finished. (AvgLatErr: 0.3570, Steps: 124)
  [Worker 7] episode 566 finished. (AvgLatErr: 0.2943, Steps: 125)
  [Worker 7] episode 567 finished. (AvgLatErr: 0.2502, Steps: 118)
  [Worker 7] episode 568 finished. (AvgLatErr: 0.1658, Steps: 130)
  [Worker 7] episode 569 finished. (AvgLatErr: 0.2573, Steps: 118)
[Worker 7].
Warning: num_agents (8) is greater than the number of available vehicle parameters (4). Cycling vehicle templates.
[Worker 6] TensorFlow device=GPU, mixed_precision=mixed_float16
[Worker 6] Random seed fixed: 700601
[Worker 6] started on GPU.
  [Worker 6] episode 560 finished. (AvgLatErr: 0.7818, Steps: 183)
  [Worker 6] episode 561 finished. (AvgLatErr: 0.7550, Steps: 200)
  [Worker 6] episode 562 finished. (AvgLatErr: 0.8481, Steps: 200)
  [Worker 6] episode 563 finished. (AvgLatErr: 0.7217, Steps: 186)
  [Worker 6] episode 564 finished. (AvgLatErr: 0.5081, Steps: 182)
  [Worker 6] episode 565 finished. (AvgLatErr: 0.6675, Steps: 200)
  [Worker 6] episode 566 finished. (AvgLatErr: 0.4822, Steps: 200)
  [Worker 6] episode 567 finished. (AvgLatErr: 0.7901, Steps: 191)
  [Worker 6] episode 568 finished. (AvgLatErr: 0.5445, Steps: 197)
  [Worker 6] episode 569 finished. (AvgLatErr: 0.5034, Steps: 200)
[Worker 6].
[Main] workers finished. (elapsed: 85.34s)
[Main] Aggregation-selected agents: [1, 4, 5, 7]
[Main] FedAdagrad update completed.
[Main] Replay buffers reset after global model update.
============================================================================================
569 EP / Agent 0 : Avg Lat Err 0.9968
569 EP / Agent 1 : Avg Lat Err 0.1244
569 EP / Agent 2 : Avg Lat Err 0.6045
569 EP / Agent 3 : Avg Lat Err 1.1332
569 EP / Agent 4 : Avg Lat Err 0.2326
569 EP / Agent 5 : Avg Lat Err 0.2582
569 EP / Agent 6 : Avg Lat Err 0.5034
569 EP / Agent 7 : Avg Lat Err 0.2573
============================================================================================

============================================================================================
[Main] FL round started. (episode 570 ~ 579)
[Main] Client selection: mode=error_low, budget=4
[Main] Participating agents: [0, 1, 2, 3, 4, 5, 6, 7]
Warning: num_agents (8) is greater than the number of available vehicle parameters (4). Cycling vehicle templates.
[Worker 0] TensorFlow device=GPU, mixed_precision=mixed_float16
[Worker 0] Random seed fixed: 100611
[Worker 0] started on GPU.
  [Worker 0] episode 570 finished. (AvgLatErr: 1.2773, Steps: 124)
  [Worker 0] episode 571 finished. (AvgLatErr: 0.8971, Steps: 133)
  [Worker 0] episode 572 finished. (AvgLatErr: 1.3385, Steps: 139)
  [Worker 0] episode 573 finished. (AvgLatErr: 0.9980, Steps: 138)
  [Worker 0] episode 574 finished. (AvgLatErr: 0.9988, Steps: 122)
  [Worker 0] episode 575 finished. (AvgLatErr: 1.0927, Steps: 127)
  [Worker 0] episode 576 finished. (AvgLatErr: 0.6621, Steps: 142)
  [Worker 0] episode 577 finished. (AvgLatErr: 0.7984, Steps: 142)
  [Worker 0] episode 578 finished. (AvgLatErr: 0.8335, Steps: 135)
  [Worker 0] episode 579 finished. (AvgLatErr: 1.1154, Steps: 143)
[Worker 0].
Warning: num_agents (8) is greater than the number of available vehicle parameters (4). Cycling vehicle templates.
[Worker 1] TensorFlow device=GPU, mixed_precision=mixed_float16
[Worker 1] Random seed fixed: 200611
[Worker 1] started on GPU.
  [Worker 1] episode 570 finished. (AvgLatErr: 0.1582, Steps: 120)
  [Worker 1] episode 571 finished. (AvgLatErr: 0.1856, Steps: 116)
  [Worker 1] episode 572 finished. (AvgLatErr: 0.1627, Steps: 129)
  [Worker 1] episode 573 finished. (AvgLatErr: 0.1702, Steps: 122)
  [Worker 1] episode 574 finished. (AvgLatErr: 0.1588, Steps: 124)
  [Worker 1] episode 575 finished. (AvgLatErr: 0.1460, Steps: 124)
  [Worker 1] episode 576 finished. (AvgLatErr: 0.1427, Steps: 114)
  [Worker 1] episode 577 finished. (AvgLatErr: 9.2249, Steps: 200)
  [Worker 1] episode 578 finished. (AvgLatErr: 0.2995, Steps: 129)
  [Worker 1] episode 579 finished. (AvgLatErr: 0.3626, Steps: 116)
[Worker 1].
Warning: num_agents (8) is greater than the number of available vehicle parameters (4). Cycling vehicle templates.
[Worker 2] TensorFlow device=GPU, mixed_precision=mixed_float16
[Worker 2] Random seed fixed: 300611
[Worker 2] started on GPU.
  [Worker 2] episode 570 finished. (AvgLatErr: 0.6099, Steps: 111)
  [Worker 2] episode 571 finished. (AvgLatErr: 0.5318, Steps: 125)
  [Worker 2] episode 572 finished. (AvgLatErr: 0.3867, Steps: 120)
  [Worker 2] episode 573 finished. (AvgLatErr: 0.3921, Steps: 129)
  [Worker 2] episode 574 finished. (AvgLatErr: 0.5537, Steps: 126)
  [Worker 2] episode 575 finished. (AvgLatErr: 0.3241, Steps: 116)
  [Worker 2] episode 576 finished. (AvgLatErr: 0.4192, Steps: 128)
  [Worker 2] episode 577 finished. (AvgLatErr: 0.4563, Steps: 120)
  [Worker 2] episode 578 finished. (AvgLatErr: 0.6976, Steps: 123)
  [Worker 2] episode 579 finished. (AvgLatErr: 0.7152, Steps: 116)
[Worker 2].
Warning: num_agents (8) is greater than the number of available vehicle parameters (4). Cycling vehicle templates.
[Worker 3] TensorFlow device=GPU, mixed_precision=mixed_float16
[Worker 3] Random seed fixed: 400611
[Worker 3] started on GPU.
  [Worker 3] episode 570 finished. (AvgLatErr: 0.8341, Steps: 167)
  [Worker 3] episode 571 finished. (AvgLatErr: 0.6769, Steps: 180)
  [Worker 3] episode 572 finished. (AvgLatErr: 0.9479, Steps: 174)
  [Worker 3] episode 573 finished. (AvgLatErr: 0.7094, Steps: 170)
  [Worker 3] episode 574 finished. (AvgLatErr: 0.9837, Steps: 172)
  [Worker 3] episode 575 finished. (AvgLatErr: 0.5406, Steps: 171)
  [Worker 3] episode 576 finished. (AvgLatErr: 1.0054, Steps: 183)
  [Worker 3] episode 577 finished. (AvgLatErr: 0.5778, Steps: 164)
  [Worker 3] episode 578 finished. (AvgLatErr: 0.7263, Steps: 162)
  [Worker 3] episode 579 finished. (AvgLatErr: 1.0207, Steps: 171)
[Worker 3].
Warning: num_agents (8) is greater than the number of available vehicle parameters (4). Cycling vehicle templates.
[Worker 4] TensorFlow device=GPU, mixed_precision=mixed_float16
[Worker 4] Random seed fixed: 500611
[Worker 4] started on GPU.
  [Worker 4] episode 570 finished. (AvgLatErr: 0.3255, Steps: 148)
  [Worker 4] episode 571 finished. (AvgLatErr: 0.3030, Steps: 152)
  [Worker 4] episode 572 finished. (AvgLatErr: 0.2910, Steps: 153)
  [Worker 4] episode 573 finished. (AvgLatErr: 0.2203, Steps: 168)
  [Worker 4] episode 574 finished. (AvgLatErr: 0.2114, Steps: 168)
  [Worker 4] episode 575 finished. (AvgLatErr: 0.3450, Steps: 150)
  [Worker 4] episode 576 finished. (AvgLatErr: 0.2560, Steps: 168)
  [Worker 4] episode 577 finished. (AvgLatErr: 0.3310, Steps: 145)
  [Worker 4] episode 578 finished. (AvgLatErr: 0.2174, Steps: 171)
  [Worker 4] episode 579 finished. (AvgLatErr: 0.4291, Steps: 162)
[Worker 4].
Warning: num_agents (8) is greater than the number of available vehicle parameters (4). Cycling vehicle templates.
[Worker 5] TensorFlow device=GPU, mixed_precision=mixed_float16
[Worker 5] Random seed fixed: 600611
[Worker 5] started on GPU.
  [Worker 5] episode 570 finished. (AvgLatErr: 0.1945, Steps: 172)
  [Worker 5] episode 571 finished. (AvgLatErr: 0.2299, Steps: 149)
  [Worker 5] episode 572 finished. (AvgLatErr: 0.3415, Steps: 138)
  [Worker 5] episode 573 finished. (AvgLatErr: 0.3036, Steps: 165)
  [Worker 5] episode 574 finished. (AvgLatErr: 0.2394, Steps: 144)
  [Worker 5] episode 575 finished. (AvgLatErr: 0.2315, Steps: 143)
  [Worker 5] episode 576 finished. (AvgLatErr: 0.2561, Steps: 158)
  [Worker 5] episode 577 finished. (AvgLatErr: 0.2390, Steps: 158)
  [Worker 5] episode 578 finished. (AvgLatErr: 0.1862, Steps: 140)
  [Worker 5] episode 579 finished. (AvgLatErr: 0.1612, Steps: 145)
[Worker 5].
Warning: num_agents (8) is greater than the number of available vehicle parameters (4). Cycling vehicle templates.
[Worker 7] TensorFlow device=GPU, mixed_precision=mixed_float16
[Worker 7] Random seed fixed: 800611
[Worker 7] started on GPU.
  [Worker 7] episode 570 finished. (AvgLatErr: 0.2293, Steps: 158)
  [Worker 7] episode 571 finished. (AvgLatErr: 0.2943, Steps: 148)
  [Worker 7] episode 572 finished. (AvgLatErr: 0.1867, Steps: 142)
  [Worker 7] episode 573 finished. (AvgLatErr: 0.1616, Steps: 146)
  [Worker 7] episode 574 finished. (AvgLatErr: 0.1523, Steps: 158)
  [Worker 7] episode 575 finished. (AvgLatErr: 0.1797, Steps: 148)
  [Worker 7] episode 576 finished. (AvgLatErr: 0.2100, Steps: 159)
  [Worker 7] episode 577 finished. (AvgLatErr: 0.1773, Steps: 130)
  [Worker 7] episode 578 finished. (AvgLatErr: 0.2604, Steps: 124)
  [Worker 7] episode 579 finished. (AvgLatErr: 0.1995, Steps: 136)
[Worker 7].
Warning: num_agents (8) is greater than the number of available vehicle parameters (4). Cycling vehicle templates.
[Worker 6] TensorFlow device=GPU, mixed_precision=mixed_float16
[Worker 6] Random seed fixed: 700611
[Worker 6] started on GPU.
  [Worker 6] episode 570 finished. (AvgLatErr: 0.7266, Steps: 189)
  [Worker 6] episode 571 finished. (AvgLatErr: 0.4535, Steps: 187)
  [Worker 6] episode 572 finished. (AvgLatErr: 0.6920, Steps: 191)
  [Worker 6] episode 573 finished. (AvgLatErr: 0.9497, Steps: 200)
  [Worker 6] episode 574 finished. (AvgLatErr: 0.5332, Steps: 200)
  [Worker 6] episode 575 finished. (AvgLatErr: 0.6123, Steps: 190)
  [Worker 6] episode 576 finished. (AvgLatErr: 0.6202, Steps: 193)
  [Worker 6] episode 577 finished. (AvgLatErr: 0.3599, Steps: 187)
  [Worker 6] episode 578 finished. (AvgLatErr: 0.4545, Steps: 187)
  [Worker 6] episode 579 finished. (AvgLatErr: 0.4339, Steps: 196)
[Worker 6].
[Main] workers finished. (elapsed: 84.74s)
[Main] Aggregation-selected agents: [1, 4, 5, 7]
[Main] FedAdagrad update completed.
[Main] Replay buffers reset after global model update.
============================================================================================
579 EP / Agent 0 : Avg Lat Err 1.1154
579 EP / Agent 1 : Avg Lat Err 0.3626
579 EP / Agent 2 : Avg Lat Err 0.7152
579 EP / Agent 3 : Avg Lat Err 1.0207
579 EP / Agent 4 : Avg Lat Err 0.4291
579 EP / Agent 5 : Avg Lat Err 0.1612
579 EP / Agent 6 : Avg Lat Err 0.4339
579 EP / Agent 7 : Avg Lat Err 0.1995
============================================================================================

============================================================================================
[Main] FL round started. (episode 580 ~ 589)
[Main] Client selection: mode=error_low, budget=4
[Main] Participating agents: [0, 1, 2, 3, 4, 5, 6, 7]
Warning: num_agents (8) is greater than the number of available vehicle parameters (4). Cycling vehicle templates.
[Worker 0] TensorFlow device=GPU, mixed_precision=mixed_float16
[Worker 0] Random seed fixed: 100621
[Worker 0] started on GPU.
  [Worker 0] episode 580 finished. (AvgLatErr: 0.9027, Steps: 134)
  [Worker 0] episode 581 finished. (AvgLatErr: 1.7344, Steps: 129)
  [Worker 0] episode 582 finished. (AvgLatErr: 1.5696, Steps: 133)
  [Worker 0] episode 583 finished. (AvgLatErr: 1.7777, Steps: 134)
  [Worker 0] episode 584 finished. (AvgLatErr: 1.3794, Steps: 128)
  [Worker 0] episode 585 finished. (AvgLatErr: 1.8579, Steps: 135)
  [Worker 0] episode 586 finished. (AvgLatErr: 5.7887, Steps: 158)
  [Worker 0] episode 587 finished. (AvgLatErr: 1.7827, Steps: 123)
  [Worker 0] episode 588 finished. (AvgLatErr: 1.8609, Steps: 129)
  [Worker 0] episode 589 finished. (AvgLatErr: 1.6936, Steps: 127)
[Worker 0].
Warning: num_agents (8) is greater than the number of available vehicle parameters (4). Cycling vehicle templates.
[Worker 2] TensorFlow device=GPU, mixed_precision=mixed_float16
[Worker 2] Random seed fixed: 300621
[Worker 2] started on GPU.
  [Worker 2] episode 580 finished. (AvgLatErr: 0.5200, Steps: 113)
  [Worker 2] episode 581 finished. (AvgLatErr: 0.5054, Steps: 118)
  [Worker 2] episode 582 finished. (AvgLatErr: 0.5904, Steps: 115)
  [Worker 2] episode 583 finished. (AvgLatErr: 0.7430, Steps: 120)
  [Worker 2] episode 584 finished. (AvgLatErr: 0.5567, Steps: 119)
  [Worker 2] episode 585 finished. (AvgLatErr: 0.4049, Steps: 126)
  [Worker 2] episode 586 finished. (AvgLatErr: 0.6092, Steps: 111)
  [Worker 2] episode 587 finished. (AvgLatErr: 0.5882, Steps: 124)
  [Worker 2] episode 588 finished. (AvgLatErr: 0.5213, Steps: 114)
  [Worker 2] episode 589 finished. (AvgLatErr: 0.5133, Steps: 108)
[Worker 2].
Warning: num_agents (8) is greater than the number of available vehicle parameters (4). Cycling vehicle templates.
[Worker 1] TensorFlow device=GPU, mixed_precision=mixed_float16
[Worker 1] Random seed fixed: 200621
[Worker 1] started on GPU.
  [Worker 1] episode 580 finished. (AvgLatErr: 0.2133, Steps: 123)
  [Worker 1] episode 581 finished. (AvgLatErr: 0.1880, Steps: 134)
  [Worker 1] episode 582 finished. (AvgLatErr: 0.0894, Steps: 164)
  [Worker 1] episode 583 finished. (AvgLatErr: 0.2186, Steps: 135)
  [Worker 1] episode 584 finished. (AvgLatErr: 0.1374, Steps: 133)
  [Worker 1] episode 585 finished. (AvgLatErr: 0.1899, Steps: 111)
  [Worker 1] episode 586 finished. (AvgLatErr: 0.1518, Steps: 141)
  [Worker 1] episode 587 finished. (AvgLatErr: 0.2550, Steps: 112)
  [Worker 1] episode 588 finished. (AvgLatErr: 5.7344, Steps: 200)
  [Worker 1] episode 589 finished. (AvgLatErr: 0.2481, Steps: 104)
[Worker 1].
Warning: num_agents (8) is greater than the number of available vehicle parameters (4). Cycling vehicle templates.
[Worker 3] TensorFlow device=GPU, mixed_precision=mixed_float16
[Worker 3] Random seed fixed: 400621
[Worker 3] started on GPU.
  [Worker 3] episode 580 finished. (AvgLatErr: 0.7409, Steps: 171)
  [Worker 3] episode 581 finished. (AvgLatErr: 0.5890, Steps: 189)
  [Worker 3] episode 582 finished. (AvgLatErr: 0.7427, Steps: 162)
  [Worker 3] episode 583 finished. (AvgLatErr: 0.6289, Steps: 165)
  [Worker 3] episode 584 finished. (AvgLatErr: 1.1161, Steps: 169)
  [Worker 3] episode 585 finished. (AvgLatErr: 0.6553, Steps: 168)
  [Worker 3] episode 586 finished. (AvgLatErr: 0.7589, Steps: 177)
  [Worker 3] episode 587 finished. (AvgLatErr: 0.7662, Steps: 187)
  [Worker 3] episode 588 finished. (AvgLatErr: 0.5222, Steps: 181)
  [Worker 3] episode 589 finished. (AvgLatErr: 0.8633, Steps: 173)
[Worker 3].
Warning: num_agents (8) is greater than the number of available vehicle parameters (4). Cycling vehicle templates.
[Worker 4] TensorFlow device=GPU, mixed_precision=mixed_float16
[Worker 4] Random seed fixed: 500621
[Worker 4] started on GPU.
  [Worker 4] episode 580 finished. (AvgLatErr: 0.4430, Steps: 158)
  [Worker 4] episode 581 finished. (AvgLatErr: 0.2531, Steps: 157)
  [Worker 4] episode 582 finished. (AvgLatErr: 0.2743, Steps: 161)
  [Worker 4] episode 583 finished. (AvgLatErr: 0.2259, Steps: 173)
  [Worker 4] episode 584 finished. (AvgLatErr: 0.2396, Steps: 167)
  [Worker 4] episode 585 finished. (AvgLatErr: 0.3266, Steps: 148)
  [Worker 4] episode 586 finished. (AvgLatErr: 0.3536, Steps: 157)
  [Worker 4] episode 587 finished. (AvgLatErr: 0.3871, Steps: 170)
  [Worker 4] episode 588 finished. (AvgLatErr: 0.3559, Steps: 150)
  [Worker 4] episode 589 finished. (AvgLatErr: 0.3725, Steps: 149)
[Worker 4].
Warning: num_agents (8) is greater than the number of available vehicle parameters (4). Cycling vehicle templates.
[Worker 5] TensorFlow device=GPU, mixed_precision=mixed_float16
[Worker 5] Random seed fixed: 600621
[Worker 5] started on GPU.
  [Worker 5] episode 580 finished. (AvgLatErr: 0.1893, Steps: 151)
  [Worker 5] episode 581 finished. (AvgLatErr: 0.2826, Steps: 147)
  [Worker 5] episode 582 finished. (AvgLatErr: 0.2210, Steps: 166)
  [Worker 5] episode 583 finished. (AvgLatErr: 0.3502, Steps: 146)
  [Worker 5] episode 584 finished. (AvgLatErr: 0.2398, Steps: 149)
  [Worker 5] episode 585 finished. (AvgLatErr: 0.2868, Steps: 153)
  [Worker 5] episode 586 finished. (AvgLatErr: 0.2523, Steps: 145)
  [Worker 5] episode 587 finished. (AvgLatErr: 0.2455, Steps: 150)
  [Worker 5] episode 588 finished. (AvgLatErr: 0.2738, Steps: 152)
  [Worker 5] episode 589 finished. (AvgLatErr: 0.1975, Steps: 151)
[Worker 5].
Warning: num_agents (8) is greater than the number of available vehicle parameters (4). Cycling vehicle templates.
[Worker 7] TensorFlow device=GPU, mixed_precision=mixed_float16
[Worker 7] Random seed fixed: 800621
[Worker 7] started on GPU.
  [Worker 7] episode 580 finished. (AvgLatErr: 0.1979, Steps: 135)
  [Worker 7] episode 581 finished. (AvgLatErr: 0.2164, Steps: 127)
  [Worker 7] episode 582 finished. (AvgLatErr: 0.1975, Steps: 140)
  [Worker 7] episode 583 finished. (AvgLatErr: 0.4403, Steps: 124)
  [Worker 7] episode 584 finished. (AvgLatErr: 0.1892, Steps: 129)
  [Worker 7] episode 585 finished. (AvgLatErr: 0.2541, Steps: 140)
  [Worker 7] episode 586 finished. (AvgLatErr: 0.1830, Steps: 126)
  [Worker 7] episode 587 finished. (AvgLatErr: 0.1932, Steps: 128)
  [Worker 7] episode 588 finished. (AvgLatErr: 0.2636, Steps: 128)
  [Worker 7] episode 589 finished. (AvgLatErr: 0.2578, Steps: 130)
[Worker 7].
Warning: num_agents (8) is greater than the number of available vehicle parameters (4). Cycling vehicle templates.
[Worker 6] TensorFlow device=GPU, mixed_precision=mixed_float16
[Worker 6] Random seed fixed: 700621
[Worker 6] started on GPU.
  [Worker 6] episode 580 finished. (AvgLatErr: 0.9834, Steps: 188)
  [Worker 6] episode 581 finished. (AvgLatErr: 0.7128, Steps: 195)
  [Worker 6] episode 582 finished. (AvgLatErr: 0.4480, Steps: 191)
  [Worker 6] episode 583 finished. (AvgLatErr: 0.6819, Steps: 189)
  [Worker 6] episode 584 finished. (AvgLatErr: 0.7044, Steps: 187)
  [Worker 6] episode 585 finished. (AvgLatErr: 0.5817, Steps: 200)
  [Worker 6] episode 586 finished. (AvgLatErr: 0.4371, Steps: 183)
  [Worker 6] episode 587 finished. (AvgLatErr: 0.4047, Steps: 185)
  [Worker 6] episode 588 finished. (AvgLatErr: 0.6924, Steps: 196)
  [Worker 6] episode 589 finished. (AvgLatErr: 0.4836, Steps: 195)
[Worker 6].
[Main] workers finished. (elapsed: 84.91s)
[Main] Aggregation-selected agents: [1, 4, 5, 7]
[Main] FedAdagrad update completed.
[Main] Replay buffers reset after global model update.
============================================================================================
589 EP / Agent 0 : Avg Lat Err 1.6936
589 EP / Agent 1 : Avg Lat Err 0.2481
589 EP / Agent 2 : Avg Lat Err 0.5133
589 EP / Agent 3 : Avg Lat Err 0.8633
589 EP / Agent 4 : Avg Lat Err 0.3725
589 EP / Agent 5 : Avg Lat Err 0.1975
589 EP / Agent 6 : Avg Lat Err 0.4836
589 EP / Agent 7 : Avg Lat Err 0.2578
============================================================================================

============================================================================================
[Main] FL round started. (episode 590 ~ 599)
[Main] Client selection: mode=error_low, budget=4
[Main] Participating agents: [0, 1, 2, 3, 4, 5, 6, 7]
Warning: num_agents (8) is greater than the number of available vehicle parameters (4). Cycling vehicle templates.
[Worker 0] TensorFlow device=GPU, mixed_precision=mixed_float16
[Worker 0] Random seed fixed: 100631
[Worker 0] started on GPU.
  [Worker 0] episode 590 finished. (AvgLatErr: 0.9887, Steps: 140)
  [Worker 0] episode 591 finished. (AvgLatErr: 1.1898, Steps: 137)
  [Worker 0] episode 592 finished. (AvgLatErr: 1.3493, Steps: 131)
  [Worker 0] episode 593 finished. (AvgLatErr: 1.5472, Steps: 129)
  [Worker 0] episode 594 finished. (AvgLatErr: 1.2292, Steps: 131)
  [Worker 0] episode 595 finished. (AvgLatErr: 1.8490, Steps: 137)
  [Worker 0] episode 596 finished. (AvgLatErr: 1.3497, Steps: 131)
  [Worker 0] episode 597 finished. (AvgLatErr: 1.1563, Steps: 134)
  [Worker 0] episode 598 finished. (AvgLatErr: 1.3034, Steps: 134)
  [Worker 0] episode 599 finished. (AvgLatErr: 1.5456, Steps: 153)
[Worker 0].
Warning: num_agents (8) is greater than the number of available vehicle parameters (4). Cycling vehicle templates.
[Worker 1] TensorFlow device=GPU, mixed_precision=mixed_float16
[Worker 1] Random seed fixed: 200631
[Worker 1] started on GPU.
  [Worker 1] episode 590 finished. (AvgLatErr: 0.1233, Steps: 150)
  [Worker 1] episode 591 finished. (AvgLatErr: 0.1098, Steps: 135)
  [Worker 1] episode 592 finished. (AvgLatErr: 0.1849, Steps: 130)
  [Worker 1] episode 593 finished. (AvgLatErr: 0.1842, Steps: 148)
  [Worker 1] episode 594 finished. (AvgLatErr: 0.2144, Steps: 134)
  [Worker 1] episode 595 finished. (AvgLatErr: 0.1465, Steps: 154)
  [Worker 1] episode 596 finished. (AvgLatErr: 0.1603, Steps: 130)
  [Worker 1] episode 597 finished. (AvgLatErr: 0.2346, Steps: 122)
  [Worker 1] episode 598 finished. (AvgLatErr: 0.2217, Steps: 123)
  [Worker 1] episode 599 finished. (AvgLatErr: 0.2173, Steps: 128)
[Worker 1].
Warning: num_agents (8) is greater than the number of available vehicle parameters (4). Cycling vehicle templates.
[Worker 2] TensorFlow device=GPU, mixed_precision=mixed_float16
[Worker 2] Random seed fixed: 300631
[Worker 2] started on GPU.
  [Worker 2] episode 590 finished. (AvgLatErr: 0.3797, Steps: 117)
  [Worker 2] episode 591 finished. (AvgLatErr: 0.3171, Steps: 134)
  [Worker 2] episode 592 finished. (AvgLatErr: 0.2965, Steps: 121)
  [Worker 2] episode 593 finished. (AvgLatErr: 0.4055, Steps: 138)
  [Worker 2] episode 594 finished. (AvgLatErr: 0.5153, Steps: 119)
  [Worker 2] episode 595 finished. (AvgLatErr: 0.3574, Steps: 117)
  [Worker 2] episode 596 finished. (AvgLatErr: 0.3449, Steps: 115)
  [Worker 2] episode 597 finished. (AvgLatErr: 0.4028, Steps: 125)
  [Worker 2] episode 598 finished. (AvgLatErr: 0.2939, Steps: 117)
  [Worker 2] episode 599 finished. (AvgLatErr: 0.5580, Steps: 117)
[Worker 2].
Warning: num_agents (8) is greater than the number of available vehicle parameters (4). Cycling vehicle templates.
[Worker 3] TensorFlow device=GPU, mixed_precision=mixed_float16
[Worker 3] Random seed fixed: 400631
[Worker 3] started on GPU.
  [Worker 3] episode 590 finished. (AvgLatErr: 0.7876, Steps: 199)
  [Worker 3] episode 591 finished. (AvgLatErr: 0.6540, Steps: 177)
  [Worker 3] episode 592 finished. (AvgLatErr: 0.6080, Steps: 168)
  [Worker 3] episode 593 finished. (AvgLatErr: 1.0640, Steps: 165)
  [Worker 3] episode 594 finished. (AvgLatErr: 0.6629, Steps: 169)
  [Worker 3] episode 595 finished. (AvgLatErr: 1.1345, Steps: 175)
  [Worker 3] episode 596 finished. (AvgLatErr: 1.0633, Steps: 164)
  [Worker 3] episode 597 finished. (AvgLatErr: 0.7839, Steps: 169)
  [Worker 3] episode 598 finished. (AvgLatErr: 0.6960, Steps: 169)
  [Worker 3] episode 599 finished. (AvgLatErr: 0.9992, Steps: 169)
[Worker 3].
Warning: num_agents (8) is greater than the number of available vehicle parameters (4). Cycling vehicle templates.
[Worker 5] TensorFlow device=GPU, mixed_precision=mixed_float16
[Worker 5] Random seed fixed: 600631
[Worker 5] started on GPU.
  [Worker 5] episode 590 finished. (AvgLatErr: 0.1427, Steps: 180)
  [Worker 5] episode 591 finished. (AvgLatErr: 0.2084, Steps: 148)
  [Worker 5] episode 592 finished. (AvgLatErr: 0.2391, Steps: 146)
  [Worker 5] episode 593 finished. (AvgLatErr: 0.1992, Steps: 163)
  [Worker 5] episode 594 finished. (AvgLatErr: 0.2161, Steps: 132)
  [Worker 5] episode 595 finished. (AvgLatErr: 0.3776, Steps: 142)
  [Worker 5] episode 596 finished. (AvgLatErr: 0.2861, Steps: 162)
  [Worker 5] episode 597 finished. (AvgLatErr: 0.3518, Steps: 160)
  [Worker 5] episode 598 finished. (AvgLatErr: 0.2621, Steps: 158)
  [Worker 5] episode 599 finished. (AvgLatErr: 0.2686, Steps: 141)
[Worker 5].
Warning: num_agents (8) is greater than the number of available vehicle parameters (4). Cycling vehicle templates.
[Worker 4] TensorFlow device=GPU, mixed_precision=mixed_float16
[Worker 4] Random seed fixed: 500631
[Worker 4] started on GPU.
  [Worker 4] episode 590 finished. (AvgLatErr: 0.4812, Steps: 157)
  [Worker 4] episode 591 finished. (AvgLatErr: 0.5702, Steps: 154)
  [Worker 4] episode 592 finished. (AvgLatErr: 0.3598, Steps: 162)
  [Worker 4] episode 593 finished. (AvgLatErr: 0.2133, Steps: 166)
  [Worker 4] episode 594 finished. (AvgLatErr: 0.2474, Steps: 174)
  [Worker 4] episode 595 finished. (AvgLatErr: 0.2470, Steps: 171)
  [Worker 4] episode 596 finished. (AvgLatErr: 0.2622, Steps: 165)
  [Worker 4] episode 597 finished. (AvgLatErr: 0.3051, Steps: 164)
  [Worker 4] episode 598 finished. (AvgLatErr: 0.2451, Steps: 163)
  [Worker 4] episode 599 finished. (AvgLatErr: 0.3282, Steps: 159)
[Worker 4].
Warning: num_agents (8) is greater than the number of available vehicle parameters (4). Cycling vehicle templates.
[Worker 7] TensorFlow device=GPU, mixed_precision=mixed_float16
[Worker 7] Random seed fixed: 800631
[Worker 7] started on GPU.
  [Worker 7] episode 590 finished. (AvgLatErr: 0.1263, Steps: 153)
  [Worker 7] episode 591 finished. (AvgLatErr: 0.1406, Steps: 148)
  [Worker 7] episode 592 finished. (AvgLatErr: 0.1721, Steps: 131)
  [Worker 7] episode 593 finished. (AvgLatErr: 0.1932, Steps: 136)
  [Worker 7] episode 594 finished. (AvgLatErr: 0.1727, Steps: 134)
  [Worker 7] episode 595 finished. (AvgLatErr: 0.2355, Steps: 121)
  [Worker 7] episode 596 finished. (AvgLatErr: 0.1635, Steps: 150)
  [Worker 7] episode 597 finished. (AvgLatErr: 0.1944, Steps: 141)
  [Worker 7] episode 598 finished. (AvgLatErr: 0.3500, Steps: 132)
  [Worker 7] episode 599 finished. (AvgLatErr: 0.3660, Steps: 142)
[Worker 7].
Warning: num_agents (8) is greater than the number of available vehicle parameters (4). Cycling vehicle templates.
[Worker 6] TensorFlow device=GPU, mixed_precision=mixed_float16
[Worker 6] Random seed fixed: 700631
[Worker 6] started on GPU.
  [Worker 6] episode 590 finished. (AvgLatErr: 0.3451, Steps: 200)
  [Worker 6] episode 591 finished. (AvgLatErr: 0.4852, Steps: 200)
  [Worker 6] episode 592 finished. (AvgLatErr: 0.5349, Steps: 200)
  [Worker 6] episode 593 finished. (AvgLatErr: 0.6095, Steps: 200)
  [Worker 6] episode 594 finished. (AvgLatErr: 0.4538, Steps: 195)
  [Worker 6] episode 595 finished. (AvgLatErr: 0.3668, Steps: 200)
  [Worker 6] episode 596 finished. (AvgLatErr: 0.6113, Steps: 200)
  [Worker 6] episode 597 finished. (AvgLatErr: 0.4724, Steps: 200)
  [Worker 6] episode 598 finished. (AvgLatErr: 0.4326, Steps: 200)
  [Worker 6] episode 599 finished. (AvgLatErr: 0.4153, Steps: 200)
[Worker 6].
[Main] workers finished. (elapsed: 85.85s)
[Main] Aggregation-selected agents: [1, 4, 5, 7]
[Main] FedAdagrad update completed.
[Main] Replay buffers reset after global model update.
============================================================================================
599 EP / Agent 0 : Avg Lat Err 1.5456
599 EP / Agent 1 : Avg Lat Err 0.2173
599 EP / Agent 2 : Avg Lat Err 0.5580
599 EP / Agent 3 : Avg Lat Err 0.9992
599 EP / Agent 4 : Avg Lat Err 0.3282
599 EP / Agent 5 : Avg Lat Err 0.2686
599 EP / Agent 6 : Avg Lat Err 0.4153
599 EP / Agent 7 : Avg Lat Err 0.3660
============================================================================================
[Main] Model checkpoint saved: C:\Users\syd79\FRL-Q\experiments\fast_parallel_fedadagrad_8errorlow4_20260916_run1_error_low_4of8\checkpoints\global_model_episode_000600.weights.h5

============================================================================================
[Main] FL round started. (episode 600 ~ 609)
[Main] Client selection: mode=error_low, budget=4
[Main] Participating agents: [0, 1, 2, 3, 4, 5, 6, 7]
Warning: num_agents (8) is greater than the number of available vehicle parameters (4). Cycling vehicle templates.
[Worker 0] TensorFlow device=GPU, mixed_precision=mixed_float16
[Worker 0] Random seed fixed: 100641
[Worker 0] started on GPU.
  [Worker 0] episode 600 finished. (AvgLatErr: 1.1370, Steps: 151)
  [Worker 0] episode 601 finished. (AvgLatErr: 1.0437, Steps: 150)
  [Worker 0] episode 602 finished. (AvgLatErr: 1.6057, Steps: 142)
  [Worker 0] episode 603 finished. (AvgLatErr: 1.3007, Steps: 137)
  [Worker 0] episode 604 finished. (AvgLatErr: 1.2384, Steps: 129)
  [Worker 0] episode 605 finished. (AvgLatErr: 1.0138, Steps: 128)
  [Worker 0] episode 606 finished. (AvgLatErr: 0.9868, Steps: 128)
  [Worker 0] episode 607 finished. (AvgLatErr: 1.2956, Steps: 137)
  [Worker 0] episode 608 finished. (AvgLatErr: 1.1734, Steps: 134)
  [Worker 0] episode 609 finished. (AvgLatErr: 0.6711, Steps: 144)
[Worker 0].
Warning: num_agents (8) is greater than the number of available vehicle parameters (4). Cycling vehicle templates.
[Worker 1] TensorFlow device=GPU, mixed_precision=mixed_float16
[Worker 1] Random seed fixed: 200641
[Worker 1] started on GPU.
  [Worker 1] episode 600 finished. (AvgLatErr: 0.1054, Steps: 139)
  [Worker 1] episode 601 finished. (AvgLatErr: 0.1775, Steps: 124)
  [Worker 1] episode 602 finished. (AvgLatErr: 0.1943, Steps: 135)
  [Worker 1] episode 603 finished. (AvgLatErr: 0.1973, Steps: 119)
  [Worker 1] episode 604 finished. (AvgLatErr: 0.1651, Steps: 115)
  [Worker 1] episode 605 finished. (AvgLatErr: 0.1519, Steps: 129)
  [Worker 1] episode 606 finished. (AvgLatErr: 0.1502, Steps: 128)
  [Worker 1] episode 607 finished. (AvgLatErr: 0.1919, Steps: 117)
  [Worker 1] episode 608 finished. (AvgLatErr: 0.2010, Steps: 135)
  [Worker 1] episode 609 finished. (AvgLatErr: 0.1051, Steps: 134)
[Worker 1].
Warning: num_agents (8) is greater than the number of available vehicle parameters (4). Cycling vehicle templates.
[Worker 2] TensorFlow device=GPU, mixed_precision=mixed_float16
[Worker 2] Random seed fixed: 300641
[Worker 2] started on GPU.
  [Worker 2] episode 600 finished. (AvgLatErr: 0.4154, Steps: 122)
  [Worker 2] episode 601 finished. (AvgLatErr: 0.5287, Steps: 126)
  [Worker 2] episode 602 finished. (AvgLatErr: 0.4512, Steps: 128)
  [Worker 2] episode 603 finished. (AvgLatErr: 0.4904, Steps: 132)
  [Worker 2] episode 604 finished. (AvgLatErr: 0.2739, Steps: 130)
  [Worker 2] episode 605 finished. (AvgLatErr: 0.3751, Steps: 124)
  [Worker 2] episode 606 finished. (AvgLatErr: 0.2905, Steps: 133)
  [Worker 2] episode 607 finished. (AvgLatErr: 0.2230, Steps: 141)
  [Worker 2] episode 608 finished. (AvgLatErr: 0.4549, Steps: 119)
  [Worker 2] episode 609 finished. (AvgLatErr: 0.3280, Steps: 125)
[Worker 2].
Warning: num_agents (8) is greater than the number of available vehicle parameters (4). Cycling vehicle templates.
[Worker 4] TensorFlow device=GPU, mixed_precision=mixed_float16
[Worker 4] Random seed fixed: 500641
[Worker 4] started on GPU.
  [Worker 4] episode 600 finished. (AvgLatErr: 0.2834, Steps: 168)
  [Worker 4] episode 601 finished. (AvgLatErr: 0.2781, Steps: 163)
  [Worker 4] episode 602 finished. (AvgLatErr: 0.2555, Steps: 158)
  [Worker 4] episode 603 finished. (AvgLatErr: 0.1857, Steps: 200)
  [Worker 4] episode 604 finished. (AvgLatErr: 0.3650, Steps: 163)
  [Worker 4] episode 605 finished. (AvgLatErr: 0.2642, Steps: 156)
  [Worker 4] episode 606 finished. (AvgLatErr: 0.3010, Steps: 157)
  [Worker 4] episode 607 finished. (AvgLatErr: 0.2861, Steps: 183)
  [Worker 4] episode 608 finished. (AvgLatErr: 0.3213, Steps: 159)
  [Worker 4] episode 609 finished. (AvgLatErr: 0.3790, Steps: 178)
[Worker 4].
Warning: num_agents (8) is greater than the number of available vehicle parameters (4). Cycling vehicle templates.
[Worker 3] TensorFlow device=GPU, mixed_precision=mixed_float16
[Worker 3] Random seed fixed: 400641
[Worker 3] started on GPU.
  [Worker 3] episode 600 finished. (AvgLatErr: 0.7219, Steps: 188)
  [Worker 3] episode 601 finished. (AvgLatErr: 0.8465, Steps: 187)
  [Worker 3] episode 602 finished. (AvgLatErr: 0.7897, Steps: 195)
  [Worker 3] episode 603 finished. (AvgLatErr: 0.7769, Steps: 166)
  [Worker 3] episode 604 finished. (AvgLatErr: 0.9507, Steps: 174)
  [Worker 3] episode 605 finished. (AvgLatErr: 0.7220, Steps: 190)
  [Worker 3] episode 606 finished. (AvgLatErr: 1.4359, Steps: 190)
  [Worker 3] episode 607 finished. (AvgLatErr: 0.5430, Steps: 193)
  [Worker 3] episode 608 finished. (AvgLatErr: 0.2825, Steps: 193)
  [Worker 3] episode 609 finished. (AvgLatErr: 0.4672, Steps: 196)
[Worker 3].
Warning: num_agents (8) is greater than the number of available vehicle parameters (4). Cycling vehicle templates.
[Worker 5] TensorFlow device=GPU, mixed_precision=mixed_float16
[Worker 5] Random seed fixed: 600641
[Worker 5] started on GPU.
  [Worker 5] episode 600 finished. (AvgLatErr: 0.2045, Steps: 180)
  [Worker 5] episode 601 finished. (AvgLatErr: 0.1813, Steps: 171)
  [Worker 5] episode 602 finished. (AvgLatErr: 0.1164, Steps: 200)
  [Worker 5] episode 603 finished. (AvgLatErr: 0.2495, Steps: 154)
  [Worker 5] episode 604 finished. (AvgLatErr: 0.2369, Steps: 156)
  [Worker 5] episode 605 finished. (AvgLatErr: 0.2334, Steps: 157)
  [Worker 5] episode 606 finished. (AvgLatErr: 0.2018, Steps: 155)
  [Worker 5] episode 607 finished. (AvgLatErr: 0.2691, Steps: 168)
  [Worker 5] episode 608 finished. (AvgLatErr: 0.2932, Steps: 168)
  [Worker 5] episode 609 finished. (AvgLatErr: 0.4794, Steps: 170)
[Worker 5].
Warning: num_agents (8) is greater than the number of available vehicle parameters (4). Cycling vehicle templates.
[Worker 7] TensorFlow device=GPU, mixed_precision=mixed_float16
[Worker 7] Random seed fixed: 800641
[Worker 7] started on GPU.
  [Worker 7] episode 600 finished. (AvgLatErr: 0.1584, Steps: 150)
  [Worker 7] episode 601 finished. (AvgLatErr: 0.2044, Steps: 143)
  [Worker 7] episode 602 finished. (AvgLatErr: 0.1644, Steps: 152)
  [Worker 7] episode 603 finished. (AvgLatErr: 0.1558, Steps: 139)
  [Worker 7] episode 604 finished. (AvgLatErr: 0.1411, Steps: 161)
  [Worker 7] episode 605 finished. (AvgLatErr: 0.1602, Steps: 145)
  [Worker 7] episode 606 finished. (AvgLatErr: 3.6055, Steps: 200)
  [Worker 7] episode 607 finished. (AvgLatErr: 0.1759, Steps: 133)
  [Worker 7] episode 608 finished. (AvgLatErr: 0.1544, Steps: 130)
  [Worker 7] episode 609 finished. (AvgLatErr: 0.2589, Steps: 135)
[Worker 7].
Warning: num_agents (8) is greater than the number of available vehicle parameters (4). Cycling vehicle templates.
[Worker 6] TensorFlow device=GPU, mixed_precision=mixed_float16
[Worker 6] Random seed fixed: 700641
[Worker 6] started on GPU.
  [Worker 6] episode 600 finished. (AvgLatErr: 0.4324, Steps: 200)
  [Worker 6] episode 601 finished. (AvgLatErr: 0.4024, Steps: 200)
  [Worker 6] episode 602 finished. (AvgLatErr: 0.3230, Steps: 200)
  [Worker 6] episode 603 finished. (AvgLatErr: 0.2965, Steps: 200)
  [Worker 6] episode 604 finished. (AvgLatErr: 0.5077, Steps: 200)
  [Worker 6] episode 605 finished. (AvgLatErr: 0.3710, Steps: 190)
  [Worker 6] episode 606 finished. (AvgLatErr: 0.3335, Steps: 200)
  [Worker 6] episode 607 finished. (AvgLatErr: 0.4806, Steps: 200)
  [Worker 6] episode 608 finished. (AvgLatErr: 0.4133, Steps: 196)
  [Worker 6] episode 609 finished. (AvgLatErr: 0.4640, Steps: 196)
[Worker 6].
[Main] workers finished. (elapsed: 86.89s)
[Main] Aggregation-selected agents: [1, 2, 4, 7]
[Main] FedAdagrad update completed.
[Main] Replay buffers reset after global model update.
============================================================================================
609 EP / Agent 0 : Avg Lat Err 0.6711
609 EP / Agent 1 : Avg Lat Err 0.1051
609 EP / Agent 2 : Avg Lat Err 0.3280
609 EP / Agent 3 : Avg Lat Err 0.4672
609 EP / Agent 4 : Avg Lat Err 0.3790
609 EP / Agent 5 : Avg Lat Err 0.4794
609 EP / Agent 6 : Avg Lat Err 0.4640
609 EP / Agent 7 : Avg Lat Err 0.2589
============================================================================================

============================================================================================
[Main] FL round started. (episode 610 ~ 619)
[Main] Client selection: mode=error_low, budget=4
[Main] Participating agents: [0, 1, 2, 3, 4, 5, 6, 7]
Warning: num_agents (8) is greater than the number of available vehicle parameters (4). Cycling vehicle templates.
[Worker 1] TensorFlow device=GPU, mixed_precision=mixed_float16
[Worker 1] Random seed fixed: 200651
[Worker 1] started on GPU.
  [Worker 1] episode 610 finished. (AvgLatErr: 0.1229, Steps: 138)
  [Worker 1] episode 611 finished. (AvgLatErr: 0.1941, Steps: 133)
  [Worker 1] episode 612 finished. (AvgLatErr: 0.1629, Steps: 130)
  [Worker 1] episode 613 finished. (AvgLatErr: 0.2086, Steps: 119)
  [Worker 1] episode 614 finished. (AvgLatErr: 0.2503, Steps: 124)
  [Worker 1] episode 615 finished. (AvgLatErr: 0.1515, Steps: 126)
  [Worker 1] episode 616 finished. (AvgLatErr: 0.2916, Steps: 115)
  [Worker 1] episode 617 finished. (AvgLatErr: 0.2714, Steps: 115)
  [Worker 1] episode 618 finished. (AvgLatErr: 0.2582, Steps: 107)
  [Worker 1] episode 619 finished. (AvgLatErr: 0.2079, Steps: 119)
[Worker 1].
Warning: num_agents (8) is greater than the number of available vehicle parameters (4). Cycling vehicle templates.
[Worker 0] TensorFlow device=GPU, mixed_precision=mixed_float16
[Worker 0] Random seed fixed: 100651
[Worker 0] started on GPU.
  [Worker 0] episode 610 finished. (AvgLatErr: 1.4670, Steps: 137)
  [Worker 0] episode 611 finished. (AvgLatErr: 1.5635, Steps: 126)
  [Worker 0] episode 612 finished. (AvgLatErr: 1.3466, Steps: 136)
  [Worker 0] episode 613 finished. (AvgLatErr: 1.9600, Steps: 133)
  [Worker 0] episode 614 finished. (AvgLatErr: 1.5089, Steps: 129)
  [Worker 0] episode 615 finished. (AvgLatErr: 2.6634, Steps: 155)
  [Worker 0] episode 616 finished. (AvgLatErr: 1.2863, Steps: 140)
  [Worker 0] episode 617 finished. (AvgLatErr: 0.6777, Steps: 130)
  [Worker 0] episode 618 finished. (AvgLatErr: 0.5762, Steps: 149)
  [Worker 0] episode 619 finished. (AvgLatErr: 1.0810, Steps: 137)
[Worker 0].
Warning: num_agents (8) is greater than the number of available vehicle parameters (4). Cycling vehicle templates.
[Worker 2] TensorFlow device=GPU, mixed_precision=mixed_float16
[Worker 2] Random seed fixed: 300651
[Worker 2] started on GPU.
  [Worker 2] episode 610 finished. (AvgLatErr: 0.2943, Steps: 125)
  [Worker 2] episode 611 finished. (AvgLatErr: 0.3584, Steps: 111)
  [Worker 2] episode 612 finished. (AvgLatErr: 0.4794, Steps: 110)
  [Worker 2] episode 613 finished. (AvgLatErr: 0.4511, Steps: 121)
  [Worker 2] episode 614 finished. (AvgLatErr: 0.5121, Steps: 145)
  [Worker 2] episode 615 finished. (AvgLatErr: 0.4280, Steps: 126)
  [Worker 2] episode 616 finished. (AvgLatErr: 0.4731, Steps: 116)
  [Worker 2] episode 617 finished. (AvgLatErr: 2.2433, Steps: 157)
  [Worker 2] episode 618 finished. (AvgLatErr: 0.4715, Steps: 116)
  [Worker 2] episode 619 finished. (AvgLatErr: 0.4572, Steps: 120)
[Worker 2].
Warning: num_agents (8) is greater than the number of available vehicle parameters (4). Cycling vehicle templates.
[Worker 3] TensorFlow device=GPU, mixed_precision=mixed_float16
[Worker 3] Random seed fixed: 400651
[Worker 3] started on GPU.
  [Worker 3] episode 610 finished. (AvgLatErr: 0.7368, Steps: 176)
  [Worker 3] episode 611 finished. (AvgLatErr: 0.6216, Steps: 179)
  [Worker 3] episode 612 finished. (AvgLatErr: 0.6879, Steps: 171)
  [Worker 3] episode 613 finished. (AvgLatErr: 0.5802, Steps: 168)
  [Worker 3] episode 614 finished. (AvgLatErr: 0.8612, Steps: 171)
  [Worker 3] episode 615 finished. (AvgLatErr: 0.7871, Steps: 158)
  [Worker 3] episode 616 finished. (AvgLatErr: 0.7723, Steps: 165)
  [Worker 3] episode 617 finished. (AvgLatErr: 0.6297, Steps: 168)
  [Worker 3] episode 618 finished. (AvgLatErr: 0.5987, Steps: 165)
  [Worker 3] episode 619 finished. (AvgLatErr: 0.6759, Steps: 167)
[Worker 3].
Warning: num_agents (8) is greater than the number of available vehicle parameters (4). Cycling vehicle templates.
[Worker 4] TensorFlow device=GPU, mixed_precision=mixed_float16
[Worker 4] Random seed fixed: 500651
[Worker 4] started on GPU.
  [Worker 4] episode 610 finished. (AvgLatErr: 0.3043, Steps: 167)
  [Worker 4] episode 611 finished. (AvgLatErr: 0.2315, Steps: 161)
  [Worker 4] episode 612 finished. (AvgLatErr: 0.2738, Steps: 158)
  [Worker 4] episode 613 finished. (AvgLatErr: 0.3919, Steps: 159)
  [Worker 4] episode 614 finished. (AvgLatErr: 0.2290, Steps: 162)
  [Worker 4] episode 615 finished. (AvgLatErr: 0.2726, Steps: 175)
  [Worker 4] episode 616 finished. (AvgLatErr: 0.2725, Steps: 172)
  [Worker 4] episode 617 finished. (AvgLatErr: 0.2438, Steps: 166)
  [Worker 4] episode 618 finished. (AvgLatErr: 0.2221, Steps: 151)
  [Worker 4] episode 619 finished. (AvgLatErr: 0.3015, Steps: 177)
[Worker 4].
Warning: num_agents (8) is greater than the number of available vehicle parameters (4). Cycling vehicle templates.
[Worker 5] TensorFlow device=GPU, mixed_precision=mixed_float16
[Worker 5] Random seed fixed: 600651
[Worker 5] started on GPU.
  [Worker 5] episode 610 finished. (AvgLatErr: 0.2443, Steps: 170)
  [Worker 5] episode 611 finished. (AvgLatErr: 0.2147, Steps: 161)
  [Worker 5] episode 612 finished. (AvgLatErr: 0.2367, Steps: 140)
  [Worker 5] episode 613 finished. (AvgLatErr: 0.1665, Steps: 156)
  [Worker 5] episode 614 finished. (AvgLatErr: 0.2481, Steps: 156)
  [Worker 5] episode 615 finished. (AvgLatErr: 0.2376, Steps: 165)
  [Worker 5] episode 616 finished. (AvgLatErr: 0.2041, Steps: 159)
  [Worker 5] episode 617 finished. (AvgLatErr: 0.3228, Steps: 161)
  [Worker 5] episode 618 finished. (AvgLatErr: 0.1899, Steps: 169)
  [Worker 5] episode 619 finished. (AvgLatErr: 0.2452, Steps: 162)
[Worker 5].
Warning: num_agents (8) is greater than the number of available vehicle parameters (4). Cycling vehicle templates.
[Worker 7] TensorFlow device=GPU, mixed_precision=mixed_float16
[Worker 7] Random seed fixed: 800651
[Worker 7] started on GPU.
  [Worker 7] episode 610 finished. (AvgLatErr: 0.1744, Steps: 145)
  [Worker 7] episode 611 finished. (AvgLatErr: 0.3820, Steps: 143)
  [Worker 7] episode 612 finished. (AvgLatErr: 0.1785, Steps: 158)
  [Worker 7] episode 613 finished. (AvgLatErr: 0.1915, Steps: 147)
  [Worker 7] episode 614 finished. (AvgLatErr: 0.1899, Steps: 147)
  [Worker 7] episode 615 finished. (AvgLatErr: 0.4510, Steps: 152)
  [Worker 7] episode 616 finished. (AvgLatErr: 0.1512, Steps: 134)
  [Worker 7] episode 617 finished. (AvgLatErr: 0.1527, Steps: 141)
  [Worker 7] episode 618 finished. (AvgLatErr: 0.2592, Steps: 139)
  [Worker 7] episode 619 finished. (AvgLatErr: 0.1964, Steps: 147)
[Worker 7].
Warning: num_agents (8) is greater than the number of available vehicle parameters (4). Cycling vehicle templates.
[Worker 6] TensorFlow device=GPU, mixed_precision=mixed_float16
[Worker 6] Random seed fixed: 700651
[Worker 6] started on GPU.
  [Worker 6] episode 610 finished. (AvgLatErr: 0.5372, Steps: 200)
  [Worker 6] episode 611 finished. (AvgLatErr: 0.4445, Steps: 200)
  [Worker 6] episode 612 finished. (AvgLatErr: 0.5410, Steps: 200)
  [Worker 6] episode 613 finished. (AvgLatErr: 0.4798, Steps: 200)
  [Worker 6] episode 614 finished. (AvgLatErr: 0.4951, Steps: 186)
  [Worker 6] episode 615 finished. (AvgLatErr: 0.7240, Steps: 200)
  [Worker 6] episode 616 finished. (AvgLatErr: 1.0190, Steps: 200)
  [Worker 6] episode 617 finished. (AvgLatErr: 0.4858, Steps: 169)
  [Worker 6] episode 618 finished. (AvgLatErr: 1.1979, Steps: 200)
  [Worker 6] episode 619 finished. (AvgLatErr: 0.6631, Steps: 183)
[Worker 6].
[Main] workers finished. (elapsed: 85.73s)
[Main] Aggregation-selected agents: [1, 4, 5, 7]
[Main] FedAdagrad update completed.
[Main] Replay buffers reset after global model update.
============================================================================================
619 EP / Agent 0 : Avg Lat Err 1.0810
619 EP / Agent 1 : Avg Lat Err 0.2079
619 EP / Agent 2 : Avg Lat Err 0.4572
619 EP / Agent 3 : Avg Lat Err 0.6759
619 EP / Agent 4 : Avg Lat Err 0.3015
619 EP / Agent 5 : Avg Lat Err 0.2452
619 EP / Agent 6 : Avg Lat Err 0.6631
619 EP / Agent 7 : Avg Lat Err 0.1964
============================================================================================

============================================================================================
[Main] FL round started. (episode 620 ~ 629)
[Main] Client selection: mode=error_low, budget=4
[Main] Participating agents: [0, 1, 2, 3, 4, 5, 6, 7]
Warning: num_agents (8) is greater than the number of available vehicle parameters (4). Cycling vehicle templates.
[Worker 0] TensorFlow device=GPU, mixed_precision=mixed_float16
[Worker 0] Random seed fixed: 100661
[Worker 0] started on GPU.
  [Worker 0] episode 620 finished. (AvgLatErr: 0.7612, Steps: 138)
  [Worker 0] episode 621 finished. (AvgLatErr: 1.1368, Steps: 126)
  [Worker 0] episode 622 finished. (AvgLatErr: 1.0362, Steps: 123)
  [Worker 0] episode 623 finished. (AvgLatErr: 0.8859, Steps: 125)
  [Worker 0] episode 624 finished. (AvgLatErr: 0.7968, Steps: 132)
  [Worker 0] episode 625 finished. (AvgLatErr: 1.2827, Steps: 136)
  [Worker 0] episode 626 finished. (AvgLatErr: 2.3725, Steps: 158)
  [Worker 0] episode 627 finished. (AvgLatErr: 1.3629, Steps: 123)
  [Worker 0] episode 628 finished. (AvgLatErr: 0.8424, Steps: 124)
  [Worker 0] episode 629 finished. (AvgLatErr: 1.1787, Steps: 132)
[Worker 0].
Warning: num_agents (8) is greater than the number of available vehicle parameters (4). Cycling vehicle templates.
[Worker 1] TensorFlow device=GPU, mixed_precision=mixed_float16
[Worker 1] Random seed fixed: 200661
[Worker 1] started on GPU.
  [Worker 1] episode 620 finished. (AvgLatErr: 0.1927, Steps: 129)
  [Worker 1] episode 621 finished. (AvgLatErr: 0.1055, Steps: 139)
  [Worker 1] episode 622 finished. (AvgLatErr: 0.1169, Steps: 134)
  [Worker 1] episode 623 finished. (AvgLatErr: 0.1916, Steps: 127)
  [Worker 1] episode 624 finished. (AvgLatErr: 0.1219, Steps: 128)
  [Worker 1] episode 625 finished. (AvgLatErr: 0.1372, Steps: 129)
  [Worker 1] episode 626 finished. (AvgLatErr: 0.1130, Steps: 143)
  [Worker 1] episode 627 finished. (AvgLatErr: 0.1403, Steps: 149)
  [Worker 1] episode 628 finished. (AvgLatErr: 0.2039, Steps: 123)
  [Worker 1] episode 629 finished. (AvgLatErr: 0.1754, Steps: 141)
[Worker 1].
Warning: num_agents (8) is greater than the number of available vehicle parameters (4). Cycling vehicle templates.
[Worker 2] TensorFlow device=GPU, mixed_precision=mixed_float16
[Worker 2] Random seed fixed: 300661
[Worker 2] started on GPU.
  [Worker 2] episode 620 finished. (AvgLatErr: 0.3451, Steps: 114)
  [Worker 2] episode 621 finished. (AvgLatErr: 0.4907, Steps: 116)
  [Worker 2] episode 622 finished. (AvgLatErr: 1.9436, Steps: 132)
  [Worker 2] episode 623 finished. (AvgLatErr: 0.3980, Steps: 112)
  [Worker 2] episode 624 finished. (AvgLatErr: 0.3665, Steps: 113)
  [Worker 2] episode 625 finished. (AvgLatErr: 0.6776, Steps: 127)
  [Worker 2] episode 626 finished. (AvgLatErr: 0.4475, Steps: 117)
  [Worker 2] episode 627 finished. (AvgLatErr: 0.6183, Steps: 122)
  [Worker 2] episode 628 finished. (AvgLatErr: 0.5292, Steps: 119)
  [Worker 2] episode 629 finished. (AvgLatErr: 0.6750, Steps: 113)
[Worker 2].
Warning: num_agents (8) is greater than the number of available vehicle parameters (4). Cycling vehicle templates.
[Worker 3] TensorFlow device=GPU, mixed_precision=mixed_float16
[Worker 3] Random seed fixed: 400661
[Worker 3] started on GPU.
  [Worker 3] episode 620 finished. (AvgLatErr: 0.7255, Steps: 180)
  [Worker 3] episode 621 finished. (AvgLatErr: 0.6879, Steps: 167)
  [Worker 3] episode 622 finished. (AvgLatErr: 0.6933, Steps: 187)
  [Worker 3] episode 623 finished. (AvgLatErr: 0.4522, Steps: 194)
  [Worker 3] episode 624 finished. (AvgLatErr: 1.0170, Steps: 178)
  [Worker 3] episode 625 finished. (AvgLatErr: 0.6400, Steps: 172)
  [Worker 3] episode 626 finished. (AvgLatErr: 0.6598, Steps: 190)
  [Worker 3] episode 627 finished. (AvgLatErr: 0.8988, Steps: 167)
  [Worker 3] episode 628 finished. (AvgLatErr: 0.4609, Steps: 177)
  [Worker 3] episode 629 finished. (AvgLatErr: 0.5965, Steps: 169)
[Worker 3].
Warning: num_agents (8) is greater than the number of available vehicle parameters (4). Cycling vehicle templates.
[Worker 4] TensorFlow device=GPU, mixed_precision=mixed_float16
[Worker 4] Random seed fixed: 500661
[Worker 4] started on GPU.
  [Worker 4] episode 620 finished. (AvgLatErr: 0.3510, Steps: 173)
  [Worker 4] episode 621 finished. (AvgLatErr: 0.3094, Steps: 162)
  [Worker 4] episode 622 finished. (AvgLatErr: 0.2755, Steps: 159)
  [Worker 4] episode 623 finished. (AvgLatErr: 0.2529, Steps: 162)
  [Worker 4] episode 624 finished. (AvgLatErr: 0.2986, Steps: 182)
  [Worker 4] episode 625 finished. (AvgLatErr: 0.2331, Steps: 156)
  [Worker 4] episode 626 finished. (AvgLatErr: 0.3093, Steps: 169)
  [Worker 4] episode 627 finished. (AvgLatErr: 0.3151, Steps: 166)
  [Worker 4] episode 628 finished. (AvgLatErr: 0.3495, Steps: 168)
  [Worker 4] episode 629 finished. (AvgLatErr: 0.2085, Steps: 162)
[Worker 4].
Warning: num_agents (8) is greater than the number of available vehicle parameters (4). Cycling vehicle templates.
[Worker 5] TensorFlow device=GPU, mixed_precision=mixed_float16
[Worker 5] Random seed fixed: 600661
[Worker 5] started on GPU.
  [Worker 5] episode 620 finished. (AvgLatErr: 0.2504, Steps: 167)
  [Worker 5] episode 621 finished. (AvgLatErr: 0.3276, Steps: 152)
  [Worker 5] episode 622 finished. (AvgLatErr: 0.2663, Steps: 146)
  [Worker 5] episode 623 finished. (AvgLatErr: 0.2482, Steps: 157)
  [Worker 5] episode 624 finished. (AvgLatErr: 0.1662, Steps: 161)
  [Worker 5] episode 625 finished. (AvgLatErr: 0.3372, Steps: 137)
  [Worker 5] episode 626 finished. (AvgLatErr: 0.1914, Steps: 157)
  [Worker 5] episode 627 finished. (AvgLatErr: 0.2284, Steps: 170)
  [Worker 5] episode 628 finished. (AvgLatErr: 0.2644, Steps: 133)
  [Worker 5] episode 629 finished. (AvgLatErr: 0.2432, Steps: 161)
[Worker 5].
Warning: num_agents (8) is greater than the number of available vehicle parameters (4). Cycling vehicle templates.
[Worker 7] TensorFlow device=GPU, mixed_precision=mixed_float16
[Worker 7] Random seed fixed: 800661
[Worker 7] started on GPU.
  [Worker 7] episode 620 finished. (AvgLatErr: 0.1532, Steps: 132)
  [Worker 7] episode 621 finished. (AvgLatErr: 0.2256, Steps: 136)
  [Worker 7] episode 622 finished. (AvgLatErr: 0.2042, Steps: 129)
  [Worker 7] episode 623 finished. (AvgLatErr: 0.1429, Steps: 142)
  [Worker 7] episode 624 finished. (AvgLatErr: 0.1851, Steps: 130)
  [Worker 7] episode 625 finished. (AvgLatErr: 0.1417, Steps: 139)
  [Worker 7] episode 626 finished. (AvgLatErr: 0.1534, Steps: 139)
  [Worker 7] episode 627 finished. (AvgLatErr: 0.1560, Steps: 135)
  [Worker 7] episode 628 finished. (AvgLatErr: 0.1670, Steps: 176)
  [Worker 7] episode 629 finished. (AvgLatErr: 0.2486, Steps: 130)
[Worker 7].
Warning: num_agents (8) is greater than the number of available vehicle parameters (4). Cycling vehicle templates.
[Worker 6] TensorFlow device=GPU, mixed_precision=mixed_float16
[Worker 6] Random seed fixed: 700661
[Worker 6] started on GPU.
  [Worker 6] episode 620 finished. (AvgLatErr: 0.3907, Steps: 200)
  [Worker 6] episode 621 finished. (AvgLatErr: 0.5320, Steps: 200)
  [Worker 6] episode 622 finished. (AvgLatErr: 0.5506, Steps: 200)
  [Worker 6] episode 623 finished. (AvgLatErr: 0.3670, Steps: 200)
  [Worker 6] episode 624 finished. (AvgLatErr: 0.4183, Steps: 200)
  [Worker 6] episode 625 finished. (AvgLatErr: 0.4481, Steps: 200)
  [Worker 6] episode 626 finished. (AvgLatErr: 0.4181, Steps: 200)
  [Worker 6] episode 627 finished. (AvgLatErr: 0.3735, Steps: 200)
  [Worker 6] episode 628 finished. (AvgLatErr: 0.4725, Steps: 200)
  [Worker 6] episode 629 finished. (AvgLatErr: 0.3438, Steps: 200)
[Worker 6].
[Main] workers finished. (elapsed: 84.98s)
[Main] Aggregation-selected agents: [1, 4, 5, 7]
[Main] FedAdagrad update completed.
[Main] Replay buffers reset after global model update.
============================================================================================
629 EP / Agent 0 : Avg Lat Err 1.1787
629 EP / Agent 1 : Avg Lat Err 0.1754
629 EP / Agent 2 : Avg Lat Err 0.6750
629 EP / Agent 3 : Avg Lat Err 0.5965
629 EP / Agent 4 : Avg Lat Err 0.2085
629 EP / Agent 5 : Avg Lat Err 0.2432
629 EP / Agent 6 : Avg Lat Err 0.3438
629 EP / Agent 7 : Avg Lat Err 0.2486
============================================================================================

============================================================================================
[Main] FL round started. (episode 630 ~ 639)
[Main] Client selection: mode=error_low, budget=4
[Main] Participating agents: [0, 1, 2, 3, 4, 5, 6, 7]
Warning: num_agents (8) is greater than the number of available vehicle parameters (4). Cycling vehicle templates.
[Worker 0] TensorFlow device=GPU, mixed_precision=mixed_float16
[Worker 0] Random seed fixed: 100671
[Worker 0] started on GPU.
  [Worker 0] episode 630 finished. (AvgLatErr: 0.8550, Steps: 141)
  [Worker 0] episode 631 finished. (AvgLatErr: 1.1744, Steps: 129)
  [Worker 0] episode 632 finished. (AvgLatErr: 1.6000, Steps: 150)
  [Worker 0] episode 633 finished. (AvgLatErr: 1.1630, Steps: 138)
  [Worker 0] episode 634 finished. (AvgLatErr: 1.1113, Steps: 132)
  [Worker 0] episode 635 finished. (AvgLatErr: 1.3378, Steps: 139)
  [Worker 0] episode 636 finished. (AvgLatErr: 1.6836, Steps: 155)
  [Worker 0] episode 637 finished. (AvgLatErr: 0.7812, Steps: 124)
  [Worker 0] episode 638 finished. (AvgLatErr: 7.7708, Steps: 161)
  [Worker 0] episode 639 finished. (AvgLatErr: 1.2000, Steps: 132)
[Worker 0].
Warning: num_agents (8) is greater than the number of available vehicle parameters (4). Cycling vehicle templates.
[Worker 1] TensorFlow device=GPU, mixed_precision=mixed_float16
[Worker 1] Random seed fixed: 200671
[Worker 1] started on GPU.
  [Worker 1] episode 630 finished. (AvgLatErr: 0.1285, Steps: 137)
  [Worker 1] episode 631 finished. (AvgLatErr: 0.1240, Steps: 144)
  [Worker 1] episode 632 finished. (AvgLatErr: 0.2113, Steps: 140)
  [Worker 1] episode 633 finished. (AvgLatErr: 0.1867, Steps: 125)
  [Worker 1] episode 634 finished. (AvgLatErr: 0.2448, Steps: 128)
  [Worker 1] episode 635 finished. (AvgLatErr: 0.1331, Steps: 138)
  [Worker 1] episode 636 finished. (AvgLatErr: 0.2429, Steps: 118)
  [Worker 1] episode 637 finished. (AvgLatErr: 0.2220, Steps: 137)
  [Worker 1] episode 638 finished. (AvgLatErr: 0.2457, Steps: 132)
  [Worker 1] episode 639 finished. (AvgLatErr: 0.2107, Steps: 128)
[Worker 1].
Warning: num_agents (8) is greater than the number of available vehicle parameters (4). Cycling vehicle templates.
[Worker 2] TensorFlow device=GPU, mixed_precision=mixed_float16
[Worker 2] Random seed fixed: 300671
[Worker 2] started on GPU.
  [Worker 2] episode 630 finished. (AvgLatErr: 0.4270, Steps: 127)
  [Worker 2] episode 631 finished. (AvgLatErr: 0.5783, Steps: 138)
  [Worker 2] episode 632 finished. (AvgLatErr: 0.3023, Steps: 124)
  [Worker 2] episode 633 finished. (AvgLatErr: 0.5183, Steps: 124)
  [Worker 2] episode 634 finished. (AvgLatErr: 0.4042, Steps: 116)
  [Worker 2] episode 635 finished. (AvgLatErr: 0.3703, Steps: 127)
  [Worker 2] episode 636 finished. (AvgLatErr: 0.3126, Steps: 121)
  [Worker 2] episode 637 finished. (AvgLatErr: 0.4833, Steps: 105)
  [Worker 2] episode 638 finished. (AvgLatErr: 0.5052, Steps: 122)
  [Worker 2] episode 639 finished. (AvgLatErr: 0.5162, Steps: 116)
[Worker 2].
Warning: num_agents (8) is greater than the number of available vehicle parameters (4). Cycling vehicle templates.
[Worker 3] TensorFlow device=GPU, mixed_precision=mixed_float16
[Worker 3] Random seed fixed: 400671
[Worker 3] started on GPU.
  [Worker 3] episode 630 finished. (AvgLatErr: 0.5946, Steps: 194)
  [Worker 3] episode 631 finished. (AvgLatErr: 0.4238, Steps: 167)
  [Worker 3] episode 632 finished. (AvgLatErr: 0.5739, Steps: 174)
  [Worker 3] episode 633 finished. (AvgLatErr: 0.6475, Steps: 167)
  [Worker 3] episode 634 finished. (AvgLatErr: 0.4866, Steps: 166)
  [Worker 3] episode 635 finished. (AvgLatErr: 0.5551, Steps: 170)
  [Worker 3] episode 636 finished. (AvgLatErr: 0.6037, Steps: 176)
  [Worker 3] episode 637 finished. (AvgLatErr: 0.6136, Steps: 169)
  [Worker 3] episode 638 finished. (AvgLatErr: 0.6680, Steps: 171)
  [Worker 3] episode 639 finished. (AvgLatErr: 0.9284, Steps: 167)
[Worker 3].
Warning: num_agents (8) is greater than the number of available vehicle parameters (4). Cycling vehicle templates.
[Worker 5] TensorFlow device=GPU, mixed_precision=mixed_float16
[Worker 5] Random seed fixed: 600671
[Worker 5] started on GPU.
  [Worker 5] episode 630 finished. (AvgLatErr: 0.2220, Steps: 154)
  [Worker 5] episode 631 finished. (AvgLatErr: 0.3092, Steps: 162)
  [Worker 5] episode 632 finished. (AvgLatErr: 0.1932, Steps: 157)
  [Worker 5] episode 633 finished. (AvgLatErr: 0.2115, Steps: 133)
  [Worker 5] episode 634 finished. (AvgLatErr: 0.1584, Steps: 166)
  [Worker 5] episode 635 finished. (AvgLatErr: 0.1196, Steps: 170)
  [Worker 5] episode 636 finished. (AvgLatErr: 0.1846, Steps: 152)
  [Worker 5] episode 637 finished. (AvgLatErr: 0.2532, Steps: 158)
  [Worker 5] episode 638 finished. (AvgLatErr: 0.2056, Steps: 149)
  [Worker 5] episode 639 finished. (AvgLatErr: 0.2590, Steps: 140)
[Worker 5].
Warning: num_agents (8) is greater than the number of available vehicle parameters (4). Cycling vehicle templates.
[Worker 4] TensorFlow device=GPU, mixed_precision=mixed_float16
[Worker 4] Random seed fixed: 500671
[Worker 4] started on GPU.
  [Worker 4] episode 630 finished. (AvgLatErr: 0.2499, Steps: 169)
  [Worker 4] episode 631 finished. (AvgLatErr: 0.2969, Steps: 188)
  [Worker 4] episode 632 finished. (AvgLatErr: 0.2678, Steps: 174)
  [Worker 4] episode 633 finished. (AvgLatErr: 0.2649, Steps: 172)
  [Worker 4] episode 634 finished. (AvgLatErr: 0.2616, Steps: 166)
  [Worker 4] episode 635 finished. (AvgLatErr: 0.2930, Steps: 178)
  [Worker 4] episode 636 finished. (AvgLatErr: 0.2045, Steps: 156)
  [Worker 4] episode 637 finished. (AvgLatErr: 0.2335, Steps: 173)
  [Worker 4] episode 638 finished. (AvgLatErr: 0.2569, Steps: 171)
  [Worker 4] episode 639 finished. (AvgLatErr: 0.2336, Steps: 165)
[Worker 4].
Warning: num_agents (8) is greater than the number of available vehicle parameters (4). Cycling vehicle templates.
[Worker 7] TensorFlow device=GPU, mixed_precision=mixed_float16
[Worker 7] Random seed fixed: 800671
[Worker 7] started on GPU.
  [Worker 7] episode 630 finished. (AvgLatErr: 0.1326, Steps: 150)
  [Worker 7] episode 631 finished. (AvgLatErr: 0.1586, Steps: 151)
  [Worker 7] episode 632 finished. (AvgLatErr: 0.1532, Steps: 136)
  [Worker 7] episode 633 finished. (AvgLatErr: 0.2796, Steps: 161)
  [Worker 7] episode 634 finished. (AvgLatErr: 0.1634, Steps: 135)
  [Worker 7] episode 635 finished. (AvgLatErr: 0.1606, Steps: 150)
  [Worker 7] episode 636 finished. (AvgLatErr: 0.2301, Steps: 141)
  [Worker 7] episode 637 finished. (AvgLatErr: 0.2464, Steps: 159)
  [Worker 7] episode 638 finished. (AvgLatErr: 0.1981, Steps: 142)
  [Worker 7] episode 639 finished. (AvgLatErr: 0.1682, Steps: 136)
[Worker 7].
Warning: num_agents (8) is greater than the number of available vehicle parameters (4). Cycling vehicle templates.
[Worker 6] TensorFlow device=GPU, mixed_precision=mixed_float16
[Worker 6] Random seed fixed: 700671
[Worker 6] started on GPU.
  [Worker 6] episode 630 finished. (AvgLatErr: 0.3937, Steps: 200)
  [Worker 6] episode 631 finished. (AvgLatErr: 0.6607, Steps: 200)
  [Worker 6] episode 632 finished. (AvgLatErr: 0.3754, Steps: 195)
  [Worker 6] episode 633 finished. (AvgLatErr: 0.7399, Steps: 196)
  [Worker 6] episode 634 finished. (AvgLatErr: 0.7098, Steps: 200)
  [Worker 6] episode 635 finished. (AvgLatErr: 0.4110, Steps: 200)
  [Worker 6] episode 636 finished. (AvgLatErr: 0.3420, Steps: 187)
  [Worker 6] episode 637 finished. (AvgLatErr: 0.4403, Steps: 195)
  [Worker 6] episode 638 finished. (AvgLatErr: 0.4756, Steps: 200)
  [Worker 6] episode 639 finished. (AvgLatErr: 0.6702, Steps: 199)
[Worker 6].
[Main] workers finished. (elapsed: 85.26s)
[Main] Aggregation-selected agents: [1, 4, 5, 7]
[Main] FedAdagrad update completed.
[Main] Replay buffers reset after global model update.
============================================================================================
639 EP / Agent 0 : Avg Lat Err 1.2000
639 EP / Agent 1 : Avg Lat Err 0.2107
639 EP / Agent 2 : Avg Lat Err 0.5162
639 EP / Agent 3 : Avg Lat Err 0.9284
639 EP / Agent 4 : Avg Lat Err 0.2336
639 EP / Agent 5 : Avg Lat Err 0.2590
639 EP / Agent 6 : Avg Lat Err 0.6702
639 EP / Agent 7 : Avg Lat Err 0.1682
============================================================================================

============================================================================================
[Main] FL round started. (episode 640 ~ 649)
[Main] Client selection: mode=error_low, budget=4
[Main] Participating agents: [0, 1, 2, 3, 4, 5, 6, 7]
Warning: num_agents (8) is greater than the number of available vehicle parameters (4). Cycling vehicle templates.
[Worker 0] TensorFlow device=GPU, mixed_precision=mixed_float16
[Worker 0] Random seed fixed: 100681
[Worker 0] started on GPU.
  [Worker 0] episode 640 finished. (AvgLatErr: 1.0052, Steps: 144)
  [Worker 0] episode 641 finished. (AvgLatErr: 1.5426, Steps: 136)
  [Worker 0] episode 642 finished. (AvgLatErr: 2.3983, Steps: 147)
  [Worker 0] episode 643 finished. (AvgLatErr: 1.5246, Steps: 131)
  [Worker 0] episode 644 finished. (AvgLatErr: 4.2255, Steps: 163)
  [Worker 0] episode 645 finished. (AvgLatErr: 1.3139, Steps: 128)
  [Worker 0] episode 646 finished. (AvgLatErr: 1.6324, Steps: 149)
  [Worker 0] episode 647 finished. (AvgLatErr: 1.3778, Steps: 141)
  [Worker 0] episode 648 finished. (AvgLatErr: 4.8073, Steps: 166)
  [Worker 0] episode 649 finished. (AvgLatErr: 1.9816, Steps: 143)
[Worker 0].
Warning: num_agents (8) is greater than the number of available vehicle parameters (4). Cycling vehicle templates.
[Worker 2] TensorFlow device=GPU, mixed_precision=mixed_float16
[Worker 2] Random seed fixed: 300681
[Worker 2] started on GPU.
  [Worker 2] episode 640 finished. (AvgLatErr: 0.2898, Steps: 127)
  [Worker 2] episode 641 finished. (AvgLatErr: 0.3626, Steps: 127)
  [Worker 2] episode 642 finished. (AvgLatErr: 0.9669, Steps: 127)
  [Worker 2] episode 643 finished. (AvgLatErr: 0.4977, Steps: 118)
  [Worker 2] episode 644 finished. (AvgLatErr: 0.4177, Steps: 134)
  [Worker 2] episode 645 finished. (AvgLatErr: 0.2677, Steps: 130)
  [Worker 2] episode 646 finished. (AvgLatErr: 0.5069, Steps: 124)
  [Worker 2] episode 647 finished. (AvgLatErr: 0.2973, Steps: 123)
  [Worker 2] episode 648 finished. (AvgLatErr: 0.4606, Steps: 136)
  [Worker 2] episode 649 finished. (AvgLatErr: 0.3710, Steps: 116)
[Worker 2].
Warning: num_agents (8) is greater than the number of available vehicle parameters (4). Cycling vehicle templates.
[Worker 1] TensorFlow device=GPU, mixed_precision=mixed_float16
[Worker 1] Random seed fixed: 200681
[Worker 1] started on GPU.
  [Worker 1] episode 640 finished. (AvgLatErr: 0.1229, Steps: 137)
  [Worker 1] episode 641 finished. (AvgLatErr: 0.1548, Steps: 131)
  [Worker 1] episode 642 finished. (AvgLatErr: 0.2550, Steps: 131)
  [Worker 1] episode 643 finished. (AvgLatErr: 0.1053, Steps: 163)
  [Worker 1] episode 644 finished. (AvgLatErr: 0.1945, Steps: 127)
  [Worker 1] episode 645 finished. (AvgLatErr: 0.1280, Steps: 125)
  [Worker 1] episode 646 finished. (AvgLatErr: 0.1903, Steps: 135)
  [Worker 1] episode 647 finished. (AvgLatErr: 0.1120, Steps: 184)
  [Worker 1] episode 648 finished. (AvgLatErr: 0.2253, Steps: 141)
  [Worker 1] episode 649 finished. (AvgLatErr: 0.2706, Steps: 149)
[Worker 1].
Warning: num_agents (8) is greater than the number of available vehicle parameters (4). Cycling vehicle templates.
[Worker 4] TensorFlow device=GPU, mixed_precision=mixed_float16
[Worker 4] Random seed fixed: 500681
[Worker 4] started on GPU.
  [Worker 4] episode 640 finished. (AvgLatErr: 0.4012, Steps: 164)
  [Worker 4] episode 641 finished. (AvgLatErr: 0.2648, Steps: 154)
  [Worker 4] episode 642 finished. (AvgLatErr: 0.2310, Steps: 159)
  [Worker 4] episode 643 finished. (AvgLatErr: 0.3490, Steps: 153)
  [Worker 4] episode 644 finished. (AvgLatErr: 0.2031, Steps: 161)
  [Worker 4] episode 645 finished. (AvgLatErr: 0.2373, Steps: 161)
  [Worker 4] episode 646 finished. (AvgLatErr: 0.2883, Steps: 164)
  [Worker 4] episode 647 finished. (AvgLatErr: 0.3342, Steps: 157)
  [Worker 4] episode 648 finished. (AvgLatErr: 0.2642, Steps: 156)
  [Worker 4] episode 649 finished. (AvgLatErr: 0.2970, Steps: 155)
[Worker 4].
Warning: num_agents (8) is greater than the number of available vehicle parameters (4). Cycling vehicle templates.
[Worker 3] TensorFlow device=GPU, mixed_precision=mixed_float16
[Worker 3] Random seed fixed: 400681
[Worker 3] started on GPU.
  [Worker 3] episode 640 finished. (AvgLatErr: 0.6676, Steps: 185)
  [Worker 3] episode 641 finished. (AvgLatErr: 0.7905, Steps: 178)
  [Worker 3] episode 642 finished. (AvgLatErr: 0.7461, Steps: 175)
  [Worker 3] episode 643 finished. (AvgLatErr: 0.7946, Steps: 173)
  [Worker 3] episode 644 finished. (AvgLatErr: 2.0858, Steps: 195)
  [Worker 3] episode 645 finished. (AvgLatErr: 0.8921, Steps: 171)
  [Worker 3] episode 646 finished. (AvgLatErr: 0.9381, Steps: 183)
  [Worker 3] episode 647 finished. (AvgLatErr: 0.6651, Steps: 172)
  [Worker 3] episode 648 finished. (AvgLatErr: 0.5472, Steps: 168)
  [Worker 3] episode 649 finished. (AvgLatErr: 3.3901, Steps: 200)
[Worker 3].
Warning: num_agents (8) is greater than the number of available vehicle parameters (4). Cycling vehicle templates.
[Worker 7] TensorFlow device=GPU, mixed_precision=mixed_float16
[Worker 7] Random seed fixed: 800681
[Worker 7] started on GPU.
  [Worker 7] episode 640 finished. (AvgLatErr: 0.1903, Steps: 156)
  [Worker 7] episode 641 finished. (AvgLatErr: 0.2655, Steps: 131)
  [Worker 7] episode 642 finished. (AvgLatErr: 0.1244, Steps: 142)
  [Worker 7] episode 643 finished. (AvgLatErr: 0.3893, Steps: 125)
  [Worker 7] episode 644 finished. (AvgLatErr: 0.2037, Steps: 126)
  [Worker 7] episode 645 finished. (AvgLatErr: 0.2150, Steps: 127)
  [Worker 7] episode 646 finished. (AvgLatErr: 0.1573, Steps: 140)
  [Worker 7] episode 647 finished. (AvgLatErr: 0.1919, Steps: 128)
  [Worker 7] episode 648 finished. (AvgLatErr: 0.2104, Steps: 138)
  [Worker 7] episode 649 finished. (AvgLatErr: 0.3302, Steps: 126)
[Worker 7].
Warning: num_agents (8) is greater than the number of available vehicle parameters (4). Cycling vehicle templates.
[Worker 5] TensorFlow device=GPU, mixed_precision=mixed_float16
[Worker 5] Random seed fixed: 600681
[Worker 5] started on GPU.
  [Worker 5] episode 640 finished. (AvgLatErr: 0.2043, Steps: 192)
  [Worker 5] episode 641 finished. (AvgLatErr: 0.1732, Steps: 165)
  [Worker 5] episode 642 finished. (AvgLatErr: 0.1254, Steps: 197)
  [Worker 5] episode 643 finished. (AvgLatErr: 0.1243, Steps: 192)
  [Worker 5] episode 644 finished. (AvgLatErr: 0.1808, Steps: 157)
  [Worker 5] episode 645 finished. (AvgLatErr: 0.2569, Steps: 167)
  [Worker 5] episode 646 finished. (AvgLatErr: 0.2666, Steps: 142)
  [Worker 5] episode 647 finished. (AvgLatErr: 0.1483, Steps: 173)
  [Worker 5] episode 648 finished. (AvgLatErr: 0.1853, Steps: 161)
  [Worker 5] episode 649 finished. (AvgLatErr: 0.1863, Steps: 154)
[Worker 5].
Warning: num_agents (8) is greater than the number of available vehicle parameters (4). Cycling vehicle templates.
[Worker 6] TensorFlow device=GPU, mixed_precision=mixed_float16
[Worker 6] Random seed fixed: 700681
[Worker 6] started on GPU.
  [Worker 6] episode 640 finished. (AvgLatErr: 0.6245, Steps: 200)
  [Worker 6] episode 641 finished. (AvgLatErr: 0.5682, Steps: 189)
  [Worker 6] episode 642 finished. (AvgLatErr: 0.3865, Steps: 200)
  [Worker 6] episode 643 finished. (AvgLatErr: 0.5173, Steps: 200)
  [Worker 6] episode 644 finished. (AvgLatErr: 0.5177, Steps: 200)
  [Worker 6] episode 645 finished. (AvgLatErr: 0.5476, Steps: 181)
  [Worker 6] episode 646 finished. (AvgLatErr: 0.5852, Steps: 196)
  [Worker 6] episode 647 finished. (AvgLatErr: 0.5505, Steps: 186)
  [Worker 6] episode 648 finished. (AvgLatErr: 0.6016, Steps: 200)
  [Worker 6] episode 649 finished. (AvgLatErr: 0.4254, Steps: 200)
[Worker 6].
[Main] workers finished. (elapsed: 86.41s)
[Main] Aggregation-selected agents: [1, 4, 5, 7]
[Main] FedAdagrad update completed.
[Main] Replay buffers reset after global model update.
============================================================================================
649 EP / Agent 0 : Avg Lat Err 1.9816
649 EP / Agent 1 : Avg Lat Err 0.2706
649 EP / Agent 2 : Avg Lat Err 0.3710
649 EP / Agent 3 : Avg Lat Err 3.3901
649 EP / Agent 4 : Avg Lat Err 0.2970
649 EP / Agent 5 : Avg Lat Err 0.1863
649 EP / Agent 6 : Avg Lat Err 0.4254
649 EP / Agent 7 : Avg Lat Err 0.3302
============================================================================================
[Main] Model checkpoint saved: C:\Users\syd79\FRL-Q\experiments\fast_parallel_fedadagrad_8errorlow4_20260916_run1_error_low_4of8\checkpoints\global_model_episode_000650.weights.h5

============================================================================================
[Main] FL round started. (episode 650 ~ 659)
[Main] Client selection: mode=error_low, budget=4
[Main] Participating agents: [0, 1, 2, 3, 4, 5, 6, 7]
Warning: num_agents (8) is greater than the number of available vehicle parameters (4). Cycling vehicle templates.
[Worker 1] TensorFlow device=GPU, mixed_precision=mixed_float16
[Worker 1] Random seed fixed: 200691
[Worker 1] started on GPU.
  [Worker 1] episode 650 finished. (AvgLatErr: 0.1476, Steps: 130)
  [Worker 1] episode 651 finished. (AvgLatErr: 0.1660, Steps: 126)
  [Worker 1] episode 652 finished. (AvgLatErr: 0.1624, Steps: 122)
  [Worker 1] episode 653 finished. (AvgLatErr: 0.1860, Steps: 115)
  [Worker 1] episode 654 finished. (AvgLatErr: 0.2519, Steps: 116)
  [Worker 1] episode 655 finished. (AvgLatErr: 0.3693, Steps: 119)
  [Worker 1] episode 656 finished. (AvgLatErr: 0.2568, Steps: 106)
  [Worker 1] episode 657 finished. (AvgLatErr: 0.2054, Steps: 117)
  [Worker 1] episode 658 finished. (AvgLatErr: 0.2173, Steps: 127)
  [Worker 1] episode 659 finished. (AvgLatErr: 0.1622, Steps: 126)
[Worker 1].
Warning: num_agents (8) is greater than the number of available vehicle parameters (4). Cycling vehicle templates.
[Worker 0] TensorFlow device=GPU, mixed_precision=mixed_float16
[Worker 0] Random seed fixed: 100691
[Worker 0] started on GPU.
  [Worker 0] episode 650 finished. (AvgLatErr: 0.7836, Steps: 133)
  [Worker 0] episode 651 finished. (AvgLatErr: 1.2079, Steps: 135)
  [Worker 0] episode 652 finished. (AvgLatErr: 1.3589, Steps: 139)
  [Worker 0] episode 653 finished. (AvgLatErr: 1.7774, Steps: 142)
  [Worker 0] episode 654 finished. (AvgLatErr: 0.7966, Steps: 133)
  [Worker 0] episode 655 finished. (AvgLatErr: 1.2976, Steps: 133)
  [Worker 0] episode 656 finished. (AvgLatErr: 1.5427, Steps: 143)
  [Worker 0] episode 657 finished. (AvgLatErr: 14.0033, Steps: 188)
  [Worker 0] episode 658 finished. (AvgLatErr: 1.7569, Steps: 129)
  [Worker 0] episode 659 finished. (AvgLatErr: 1.5337, Steps: 136)
[Worker 0].
Warning: num_agents (8) is greater than the number of available vehicle parameters (4). Cycling vehicle templates.
[Worker 2] TensorFlow device=GPU, mixed_precision=mixed_float16
[Worker 2] Random seed fixed: 300691
[Worker 2] started on GPU.
  [Worker 2] episode 650 finished. (AvgLatErr: 0.2824, Steps: 122)
  [Worker 2] episode 651 finished. (AvgLatErr: 0.3666, Steps: 110)
  [Worker 2] episode 652 finished. (AvgLatErr: 0.5913, Steps: 114)
  [Worker 2] episode 653 finished. (AvgLatErr: 1.1594, Steps: 125)
  [Worker 2] episode 654 finished. (AvgLatErr: 0.5058, Steps: 113)
  [Worker 2] episode 655 finished. (AvgLatErr: 0.3467, Steps: 117)
  [Worker 2] episode 656 finished. (AvgLatErr: 0.3665, Steps: 117)
  [Worker 2] episode 657 finished. (AvgLatErr: 0.6216, Steps: 127)
  [Worker 2] episode 658 finished. (AvgLatErr: 0.3846, Steps: 115)
  [Worker 2] episode 659 finished. (AvgLatErr: 0.4960, Steps: 117)
[Worker 2].
Warning: num_agents (8) is greater than the number of available vehicle parameters (4). Cycling vehicle templates.
[Worker 4] TensorFlow device=GPU, mixed_precision=mixed_float16
[Worker 4] Random seed fixed: 500691
[Worker 4] started on GPU.
  [Worker 4] episode 650 finished. (AvgLatErr: 0.4206, Steps: 158)
  [Worker 4] episode 651 finished. (AvgLatErr: 0.3753, Steps: 171)
  [Worker 4] episode 652 finished. (AvgLatErr: 0.2599, Steps: 146)
  [Worker 4] episode 653 finished. (AvgLatErr: 0.2131, Steps: 149)
  [Worker 4] episode 654 finished. (AvgLatErr: 0.1908, Steps: 162)
  [Worker 4] episode 655 finished. (AvgLatErr: 0.3942, Steps: 157)
  [Worker 4] episode 656 finished. (AvgLatErr: 0.3001, Steps: 152)
  [Worker 4] episode 657 finished. (AvgLatErr: 0.2665, Steps: 153)
  [Worker 4] episode 658 finished. (AvgLatErr: 0.2683, Steps: 147)
  [Worker 4] episode 659 finished. (AvgLatErr: 0.3261, Steps: 151)
[Worker 4].
Warning: num_agents (8) is greater than the number of available vehicle parameters (4). Cycling vehicle templates.
[Worker 3] TensorFlow device=GPU, mixed_precision=mixed_float16
[Worker 3] Random seed fixed: 400691
[Worker 3] started on GPU.
  [Worker 3] episode 650 finished. (AvgLatErr: 0.4198, Steps: 187)
  [Worker 3] episode 651 finished. (AvgLatErr: 0.6023, Steps: 200)
  [Worker 3] episode 652 finished. (AvgLatErr: 0.5562, Steps: 184)
  [Worker 3] episode 653 finished. (AvgLatErr: 0.5006, Steps: 171)
  [Worker 3] episode 654 finished. (AvgLatErr: 0.5687, Steps: 178)
  [Worker 3] episode 655 finished. (AvgLatErr: 0.5216, Steps: 172)
  [Worker 3] episode 656 finished. (AvgLatErr: 0.6897, Steps: 173)
  [Worker 3] episode 657 finished. (AvgLatErr: 0.9209, Steps: 162)
  [Worker 3] episode 658 finished. (AvgLatErr: 0.7746, Steps: 162)
  [Worker 3] episode 659 finished. (AvgLatErr: 0.7638, Steps: 172)
[Worker 3].
Warning: num_agents (8) is greater than the number of available vehicle parameters (4). Cycling vehicle templates.
[Worker 5] TensorFlow device=GPU, mixed_precision=mixed_float16
[Worker 5] Random seed fixed: 600691
[Worker 5] started on GPU.
  [Worker 5] episode 650 finished. (AvgLatErr: 0.2606, Steps: 160)
  [Worker 5] episode 651 finished. (AvgLatErr: 0.2918, Steps: 186)
  [Worker 5] episode 652 finished. (AvgLatErr: 0.2718, Steps: 159)
  [Worker 5] episode 653 finished. (AvgLatErr: 0.2157, Steps: 152)
  [Worker 5] episode 654 finished. (AvgLatErr: 0.2868, Steps: 171)
  [Worker 5] episode 655 finished. (AvgLatErr: 0.1960, Steps: 152)
  [Worker 5] episode 656 finished. (AvgLatErr: 0.2709, Steps: 163)
  [Worker 5] episode 657 finished. (AvgLatErr: 0.2678, Steps: 149)
  [Worker 5] episode 658 finished. (AvgLatErr: 0.3595, Steps: 158)
  [Worker 5] episode 659 finished. (AvgLatErr: 0.2575, Steps: 142)
[Worker 5].
Warning: num_agents (8) is greater than the number of available vehicle parameters (4). Cycling vehicle templates.
[Worker 7] TensorFlow device=GPU, mixed_precision=mixed_float16
[Worker 7] Random seed fixed: 800691
[Worker 7] started on GPU.
  [Worker 7] episode 650 finished. (AvgLatErr: 0.2422, Steps: 139)
  [Worker 7] episode 651 finished. (AvgLatErr: 0.1440, Steps: 141)
  [Worker 7] episode 652 finished. (AvgLatErr: 0.2116, Steps: 146)
  [Worker 7] episode 653 finished. (AvgLatErr: 0.2738, Steps: 134)
  [Worker 7] episode 654 finished. (AvgLatErr: 3.9619, Steps: 200)
  [Worker 7] episode 655 finished. (AvgLatErr: 0.1968, Steps: 154)
  [Worker 7] episode 656 finished. (AvgLatErr: 0.3147, Steps: 142)
  [Worker 7] episode 657 finished. (AvgLatErr: 0.2687, Steps: 137)
  [Worker 7] episode 658 finished. (AvgLatErr: 0.2110, Steps: 124)
  [Worker 7] episode 659 finished. (AvgLatErr: 3.0256, Steps: 186)
[Worker 7].
Warning: num_agents (8) is greater than the number of available vehicle parameters (4). Cycling vehicle templates.
[Worker 6] TensorFlow device=GPU, mixed_precision=mixed_float16
[Worker 6] Random seed fixed: 700691
[Worker 6] started on GPU.
  [Worker 6] episode 650 finished. (AvgLatErr: 0.4365, Steps: 200)
  [Worker 6] episode 651 finished. (AvgLatErr: 0.6712, Steps: 200)
  [Worker 6] episode 652 finished. (AvgLatErr: 0.6779, Steps: 200)
  [Worker 6] episode 653 finished. (AvgLatErr: 0.6371, Steps: 200)
  [Worker 6] episode 654 finished. (AvgLatErr: 0.9028, Steps: 194)
  [Worker 6] episode 655 finished. (AvgLatErr: 0.5312, Steps: 197)
  [Worker 6] episode 656 finished. (AvgLatErr: 1.5732, Steps: 200)
  [Worker 6] episode 657 finished. (AvgLatErr: 0.7099, Steps: 197)
  [Worker 6] episode 658 finished. (AvgLatErr: 0.5183, Steps: 200)
  [Worker 6] episode 659 finished. (AvgLatErr: 0.6630, Steps: 200)
[Worker 6].
[Main] workers finished. (elapsed: 87.27s)
[Main] Aggregation-selected agents: [1, 2, 4, 5]
[Main] FedAdagrad update completed.
[Main] Replay buffers reset after global model update.
============================================================================================
659 EP / Agent 0 : Avg Lat Err 1.5337
659 EP / Agent 1 : Avg Lat Err 0.1622
659 EP / Agent 2 : Avg Lat Err 0.4960
659 EP / Agent 3 : Avg Lat Err 0.7638
659 EP / Agent 4 : Avg Lat Err 0.3261
659 EP / Agent 5 : Avg Lat Err 0.2575
659 EP / Agent 6 : Avg Lat Err 0.6630
659 EP / Agent 7 : Avg Lat Err 3.0256
============================================================================================

============================================================================================
[Main] FL round started. (episode 660 ~ 669)
[Main] Client selection: mode=error_low, budget=4
[Main] Participating agents: [0, 1, 2, 3, 4, 5, 6, 7]
Warning: num_agents (8) is greater than the number of available vehicle parameters (4). Cycling vehicle templates.
[Worker 0] TensorFlow device=GPU, mixed_precision=mixed_float16
[Worker 0] Random seed fixed: 100701
[Worker 0] started on GPU.
  [Worker 0] episode 660 finished. (AvgLatErr: 0.6522, Steps: 141)
  [Worker 0] episode 661 finished. (AvgLatErr: 0.6559, Steps: 121)
  [Worker 0] episode 662 finished. (AvgLatErr: 0.8397, Steps: 139)
  [Worker 0] episode 663 finished. (AvgLatErr: 1.6441, Steps: 138)
  [Worker 0] episode 664 finished. (AvgLatErr: 0.9459, Steps: 126)
  [Worker 0] episode 665 finished. (AvgLatErr: 5.3935, Steps: 200)
  [Worker 0] episode 666 finished. (AvgLatErr: 1.7912, Steps: 148)
  [Worker 0] episode 667 finished. (AvgLatErr: 2.1399, Steps: 136)
  [Worker 0] episode 668 finished. (AvgLatErr: 1.6555, Steps: 129)
  [Worker 0] episode 669 finished. (AvgLatErr: 1.5237, Steps: 126)
[Worker 0].
Warning: num_agents (8) is greater than the number of available vehicle parameters (4). Cycling vehicle templates.
[Worker 1] TensorFlow device=GPU, mixed_precision=mixed_float16
[Worker 1] Random seed fixed: 200701
[Worker 1] started on GPU.
  [Worker 1] episode 660 finished. (AvgLatErr: 0.1796, Steps: 130)
  [Worker 1] episode 661 finished. (AvgLatErr: 0.1852, Steps: 123)
  [Worker 1] episode 662 finished. (AvgLatErr: 0.1624, Steps: 141)
  [Worker 1] episode 663 finished. (AvgLatErr: 0.1531, Steps: 121)
  [Worker 1] episode 664 finished. (AvgLatErr: 0.1868, Steps: 122)
  [Worker 1] episode 665 finished. (AvgLatErr: 0.1568, Steps: 127)
  [Worker 1] episode 666 finished. (AvgLatErr: 0.1090, Steps: 147)
  [Worker 1] episode 667 finished. (AvgLatErr: 0.2011, Steps: 123)
  [Worker 1] episode 668 finished. (AvgLatErr: 0.1781, Steps: 130)
  [Worker 1] episode 669 finished. (AvgLatErr: 0.1631, Steps: 127)
[Worker 1].
Warning: num_agents (8) is greater than the number of available vehicle parameters (4). Cycling vehicle templates.
[Worker 2] TensorFlow device=GPU, mixed_precision=mixed_float16
[Worker 2] Random seed fixed: 300701
[Worker 2] started on GPU.
  [Worker 2] episode 660 finished. (AvgLatErr: 0.3469, Steps: 114)
  [Worker 2] episode 661 finished. (AvgLatErr: 0.4755, Steps: 126)
  [Worker 2] episode 662 finished. (AvgLatErr: 0.5543, Steps: 129)
  [Worker 2] episode 663 finished. (AvgLatErr: 0.3346, Steps: 124)
  [Worker 2] episode 664 finished. (AvgLatErr: 0.3826, Steps: 121)
  [Worker 2] episode 665 finished. (AvgLatErr: 1.0831, Steps: 120)
  [Worker 2] episode 666 finished. (AvgLatErr: 0.7853, Steps: 132)
  [Worker 2] episode 667 finished. (AvgLatErr: 0.7527, Steps: 126)
  [Worker 2] episode 668 finished. (AvgLatErr: 0.5321, Steps: 124)
  [Worker 2] episode 669 finished. (AvgLatErr: 0.5530, Steps: 118)
[Worker 2].
Warning: num_agents (8) is greater than the number of available vehicle parameters (4). Cycling vehicle templates.
[Worker 3] TensorFlow device=GPU, mixed_precision=mixed_float16
[Worker 3] Random seed fixed: 400701
[Worker 3] started on GPU.
  [Worker 3] episode 660 finished. (AvgLatErr: 0.4683, Steps: 177)
  [Worker 3] episode 661 finished. (AvgLatErr: 0.6827, Steps: 172)
  [Worker 3] episode 662 finished. (AvgLatErr: 0.8326, Steps: 174)
  [Worker 3] episode 663 finished. (AvgLatErr: 0.5190, Steps: 183)
  [Worker 3] episode 664 finished. (AvgLatErr: 0.5098, Steps: 172)
  [Worker 3] episode 665 finished. (AvgLatErr: 0.6437, Steps: 163)
  [Worker 3] episode 666 finished. (AvgLatErr: 1.3713, Steps: 174)
  [Worker 3] episode 667 finished. (AvgLatErr: 1.0085, Steps: 171)
  [Worker 3] episode 668 finished. (AvgLatErr: 2.6004, Steps: 189)
  [Worker 3] episode 669 finished. (AvgLatErr: 1.0333, Steps: 172)
[Worker 3].
Warning: num_agents (8) is greater than the number of available vehicle parameters (4). Cycling vehicle templates.
[Worker 4] TensorFlow device=GPU, mixed_precision=mixed_float16
[Worker 4] Random seed fixed: 500701
[Worker 4] started on GPU.
  [Worker 4] episode 660 finished. (AvgLatErr: 0.2563, Steps: 157)
  [Worker 4] episode 661 finished. (AvgLatErr: 0.3816, Steps: 154)
  [Worker 4] episode 662 finished. (AvgLatErr: 0.2243, Steps: 168)
  [Worker 4] episode 663 finished. (AvgLatErr: 0.3889, Steps: 167)
  [Worker 4] episode 664 finished. (AvgLatErr: 0.3456, Steps: 154)
  [Worker 4] episode 665 finished. (AvgLatErr: 0.2509, Steps: 164)
  [Worker 4] episode 666 finished. (AvgLatErr: 0.4603, Steps: 161)
  [Worker 4] episode 667 finished. (AvgLatErr: 0.3251, Steps: 159)
  [Worker 4] episode 668 finished. (AvgLatErr: 0.3050, Steps: 195)
  [Worker 4] episode 669 finished. (AvgLatErr: 0.3353, Steps: 170)
[Worker 4].
Warning: num_agents (8) is greater than the number of available vehicle parameters (4). Cycling vehicle templates.
[Worker 7] TensorFlow device=GPU, mixed_precision=mixed_float16
[Worker 7] Random seed fixed: 800701
[Worker 7] started on GPU.
  [Worker 7] episode 660 finished. (AvgLatErr: 0.2200, Steps: 146)
  [Worker 7] episode 661 finished. (AvgLatErr: 0.1849, Steps: 128)
  [Worker 7] episode 662 finished. (AvgLatErr: 0.1330, Steps: 135)
  [Worker 7] episode 663 finished. (AvgLatErr: 0.1944, Steps: 134)
  [Worker 7] episode 664 finished. (AvgLatErr: 0.1967, Steps: 145)
  [Worker 7] episode 665 finished. (AvgLatErr: 0.1663, Steps: 132)
  [Worker 7] episode 666 finished. (AvgLatErr: 0.1921, Steps: 139)
  [Worker 7] episode 667 finished. (AvgLatErr: 0.1617, Steps: 124)
  [Worker 7] episode 668 finished. (AvgLatErr: 0.3464, Steps: 147)
  [Worker 7] episode 669 finished. (AvgLatErr: 0.1660, Steps: 121)
[Worker 7].
Warning: num_agents (8) is greater than the number of available vehicle parameters (4). Cycling vehicle templates.
[Worker 5] TensorFlow device=GPU, mixed_precision=mixed_float16
[Worker 5] Random seed fixed: 600701
[Worker 5] started on GPU.
  [Worker 5] episode 660 finished. (AvgLatErr: 0.2269, Steps: 156)
  [Worker 5] episode 661 finished. (AvgLatErr: 0.3260, Steps: 167)
  [Worker 5] episode 662 finished. (AvgLatErr: 0.2625, Steps: 153)
  [Worker 5] episode 663 finished. (AvgLatErr: 0.1753, Steps: 158)
  [Worker 5] episode 664 finished. (AvgLatErr: 0.3218, Steps: 165)
  [Worker 5] episode 665 finished. (AvgLatErr: 0.3118, Steps: 140)
  [Worker 5] episode 666 finished. (AvgLatErr: 0.2496, Steps: 172)
  [Worker 5] episode 667 finished. (AvgLatErr: 0.2220, Steps: 168)
  [Worker 5] episode 668 finished. (AvgLatErr: 0.2419, Steps: 188)
  [Worker 5] episode 669 finished. (AvgLatErr: 0.1960, Steps: 163)
[Worker 5].
Warning: num_agents (8) is greater than the number of available vehicle parameters (4). Cycling vehicle templates.
[Worker 6] TensorFlow device=GPU, mixed_precision=mixed_float16
[Worker 6] Random seed fixed: 700701
[Worker 6] started on GPU.
  [Worker 6] episode 660 finished. (AvgLatErr: 1.4323, Steps: 189)
  [Worker 6] episode 661 finished. (AvgLatErr: 0.4179, Steps: 200)
  [Worker 6] episode 662 finished. (AvgLatErr: 0.6192, Steps: 187)
  [Worker 6] episode 663 finished. (AvgLatErr: 0.5727, Steps: 200)
  [Worker 6] episode 664 finished. (AvgLatErr: 0.4373, Steps: 193)
  [Worker 6] episode 665 finished. (AvgLatErr: 0.4442, Steps: 179)
  [Worker 6] episode 666 finished. (AvgLatErr: 0.5259, Steps: 188)
  [Worker 6] episode 667 finished. (AvgLatErr: 0.4736, Steps: 200)
  [Worker 6] episode 668 finished. (AvgLatErr: 0.5451, Steps: 190)
  [Worker 6] episode 669 finished. (AvgLatErr: 0.5694, Steps: 186)
[Worker 6].
[Main] workers finished. (elapsed: 83.81s)
[Main] Aggregation-selected agents: [1, 4, 5, 7]
[Main] FedAdagrad update completed.
[Main] Replay buffers reset after global model update.
============================================================================================
669 EP / Agent 0 : Avg Lat Err 1.5237
669 EP / Agent 1 : Avg Lat Err 0.1631
669 EP / Agent 2 : Avg Lat Err 0.5530
669 EP / Agent 3 : Avg Lat Err 1.0333
669 EP / Agent 4 : Avg Lat Err 0.3353
669 EP / Agent 5 : Avg Lat Err 0.1960
669 EP / Agent 6 : Avg Lat Err 0.5694
669 EP / Agent 7 : Avg Lat Err 0.1660
============================================================================================

============================================================================================
[Main] FL round started. (episode 670 ~ 679)
[Main] Client selection: mode=error_low, budget=4
[Main] Participating agents: [0, 1, 2, 3, 4, 5, 6, 7]
Warning: num_agents (8) is greater than the number of available vehicle parameters (4). Cycling vehicle templates.
[Worker 0] TensorFlow device=GPU, mixed_precision=mixed_float16
[Worker 0] Random seed fixed: 100711
[Worker 0] started on GPU.
  [Worker 0] episode 670 finished. (AvgLatErr: 1.6769, Steps: 133)
  [Worker 0] episode 671 finished. (AvgLatErr: 0.7623, Steps: 131)
  [Worker 0] episode 672 finished. (AvgLatErr: 1.5824, Steps: 129)
  [Worker 0] episode 673 finished. (AvgLatErr: 1.2927, Steps: 132)
  [Worker 0] episode 674 finished. (AvgLatErr: 0.8742, Steps: 132)
  [Worker 0] episode 675 finished. (AvgLatErr: 1.2259, Steps: 135)
  [Worker 0] episode 676 finished. (AvgLatErr: 1.3193, Steps: 131)
  [Worker 0] episode 677 finished. (AvgLatErr: 1.3277, Steps: 131)
  [Worker 0] episode 678 finished. (AvgLatErr: 4.3401, Steps: 200)
  [Worker 0] episode 679 finished. (AvgLatErr: 0.9558, Steps: 128)
[Worker 0].
Warning: num_agents (8) is greater than the number of available vehicle parameters (4). Cycling vehicle templates.
[Worker 1] TensorFlow device=GPU, mixed_precision=mixed_float16
[Worker 1] Random seed fixed: 200711
[Worker 1] started on GPU.
  [Worker 1] episode 670 finished. (AvgLatErr: 0.1502, Steps: 133)
  [Worker 1] episode 671 finished. (AvgLatErr: 0.1413, Steps: 116)
  [Worker 1] episode 672 finished. (AvgLatErr: 0.1534, Steps: 132)
  [Worker 1] episode 673 finished. (AvgLatErr: 0.1379, Steps: 144)
  [Worker 1] episode 674 finished. (AvgLatErr: 0.1501, Steps: 113)
  [Worker 1] episode 675 finished. (AvgLatErr: 0.1951, Steps: 116)
  [Worker 1] episode 676 finished. (AvgLatErr: 0.1515, Steps: 120)
  [Worker 1] episode 677 finished. (AvgLatErr: 0.1775, Steps: 118)
  [Worker 1] episode 678 finished. (AvgLatErr: 0.1620, Steps: 123)
  [Worker 1] episode 679 finished. (AvgLatErr: 0.2497, Steps: 127)
[Worker 1].
Warning: num_agents (8) is greater than the number of available vehicle parameters (4). Cycling vehicle templates.
[Worker 2] TensorFlow device=GPU, mixed_precision=mixed_float16
[Worker 2] Random seed fixed: 300711
[Worker 2] started on GPU.
  [Worker 2] episode 670 finished. (AvgLatErr: 0.4276, Steps: 117)
  [Worker 2] episode 671 finished. (AvgLatErr: 0.4353, Steps: 130)
  [Worker 2] episode 672 finished. (AvgLatErr: 0.4666, Steps: 110)
  [Worker 2] episode 673 finished. (AvgLatErr: 0.4716, Steps: 115)
  [Worker 2] episode 674 finished. (AvgLatErr: 5.0613, Steps: 193)
  [Worker 2] episode 675 finished. (AvgLatErr: 0.3705, Steps: 124)
  [Worker 2] episode 676 finished. (AvgLatErr: 0.7805, Steps: 126)
  [Worker 2] episode 677 finished. (AvgLatErr: 0.6915, Steps: 131)
  [Worker 2] episode 678 finished. (AvgLatErr: 0.3603, Steps: 113)
  [Worker 2] episode 679 finished. (AvgLatErr: 0.3441, Steps: 116)
[Worker 2].
Warning: num_agents (8) is greater than the number of available vehicle parameters (4). Cycling vehicle templates.
[Worker 3] TensorFlow device=GPU, mixed_precision=mixed_float16
[Worker 3] Random seed fixed: 400711
[Worker 3] started on GPU.
  [Worker 3] episode 670 finished. (AvgLatErr: 0.6533, Steps: 188)
  [Worker 3] episode 671 finished. (AvgLatErr: 0.7036, Steps: 181)
  [Worker 3] episode 672 finished. (AvgLatErr: 0.5593, Steps: 165)
  [Worker 3] episode 673 finished. (AvgLatErr: 0.5808, Steps: 184)
  [Worker 3] episode 674 finished. (AvgLatErr: 0.7207, Steps: 176)
  [Worker 3] episode 675 finished. (AvgLatErr: 0.5487, Steps: 173)
  [Worker 3] episode 676 finished. (AvgLatErr: 0.6826, Steps: 178)
  [Worker 3] episode 677 finished. (AvgLatErr: 0.8311, Steps: 159)
  [Worker 3] episode 678 finished. (AvgLatErr: 1.1343, Steps: 174)
  [Worker 3] episode 679 finished. (AvgLatErr: 0.4382, Steps: 176)
[Worker 3].
Warning: num_agents (8) is greater than the number of available vehicle parameters (4). Cycling vehicle templates.
[Worker 4] TensorFlow device=GPU, mixed_precision=mixed_float16
[Worker 4] Random seed fixed: 500711
[Worker 4] started on GPU.
  [Worker 4] episode 670 finished. (AvgLatErr: 0.2686, Steps: 153)
  [Worker 4] episode 671 finished. (AvgLatErr: 0.2218, Steps: 162)
  [Worker 4] episode 672 finished. (AvgLatErr: 0.4441, Steps: 176)
  [Worker 4] episode 673 finished. (AvgLatErr: 0.3701, Steps: 158)
  [Worker 4] episode 674 finished. (AvgLatErr: 0.1862, Steps: 168)
  [Worker 4] episode 675 finished. (AvgLatErr: 0.3455, Steps: 187)
  [Worker 4] episode 676 finished. (AvgLatErr: 0.4419, Steps: 167)
  [Worker 4] episode 677 finished. (AvgLatErr: 0.2872, Steps: 156)
  [Worker 4] episode 678 finished. (AvgLatErr: 0.4041, Steps: 166)
  [Worker 4] episode 679 finished. (AvgLatErr: 0.2319, Steps: 162)
[Worker 4].
Warning: num_agents (8) is greater than the number of available vehicle parameters (4). Cycling vehicle templates.
[Worker 7] TensorFlow device=GPU, mixed_precision=mixed_float16
[Worker 7] Random seed fixed: 800711
[Worker 7] started on GPU.
  [Worker 7] episode 670 finished. (AvgLatErr: 0.1347, Steps: 147)
  [Worker 7] episode 671 finished. (AvgLatErr: 0.2021, Steps: 132)
  [Worker 7] episode 672 finished. (AvgLatErr: 0.1829, Steps: 143)
  [Worker 7] episode 673 finished. (AvgLatErr: 0.1915, Steps: 132)
  [Worker 7] episode 674 finished. (AvgLatErr: 0.2049, Steps: 127)
  [Worker 7] episode 675 finished. (AvgLatErr: 0.1763, Steps: 125)
  [Worker 7] episode 676 finished. (AvgLatErr: 0.2295, Steps: 124)
  [Worker 7] episode 677 finished. (AvgLatErr: 0.2186, Steps: 138)
  [Worker 7] episode 678 finished. (AvgLatErr: 0.2142, Steps: 131)
  [Worker 7] episode 679 finished. (AvgLatErr: 0.1488, Steps: 126)
[Worker 7].
Warning: num_agents (8) is greater than the number of available vehicle parameters (4). Cycling vehicle templates.
[Worker 5] TensorFlow device=GPU, mixed_precision=mixed_float16
[Worker 5] Random seed fixed: 600711
[Worker 5] started on GPU.
  [Worker 5] episode 670 finished. (AvgLatErr: 0.1955, Steps: 159)
  [Worker 5] episode 671 finished. (AvgLatErr: 0.1665, Steps: 170)
  [Worker 5] episode 672 finished. (AvgLatErr: 0.2053, Steps: 145)
  [Worker 5] episode 673 finished. (AvgLatErr: 0.2007, Steps: 167)
  [Worker 5] episode 674 finished. (AvgLatErr: 0.1444, Steps: 165)
  [Worker 5] episode 675 finished. (AvgLatErr: 0.2177, Steps: 182)
  [Worker 5] episode 676 finished. (AvgLatErr: 0.1485, Steps: 154)
  [Worker 5] episode 677 finished. (AvgLatErr: 0.2266, Steps: 178)
  [Worker 5] episode 678 finished. (AvgLatErr: 0.1503, Steps: 167)
  [Worker 5] episode 679 finished. (AvgLatErr: 0.1796, Steps: 157)
[Worker 5].
Warning: num_agents (8) is greater than the number of available vehicle parameters (4). Cycling vehicle templates.
[Worker 6] TensorFlow device=GPU, mixed_precision=mixed_float16
[Worker 6] Random seed fixed: 700711
[Worker 6] started on GPU.
  [Worker 6] episode 670 finished. (AvgLatErr: 0.5900, Steps: 200)
  [Worker 6] episode 671 finished. (AvgLatErr: 0.6595, Steps: 200)
  [Worker 6] episode 672 finished. (AvgLatErr: 0.3596, Steps: 200)
  [Worker 6] episode 673 finished. (AvgLatErr: 0.4202, Steps: 200)
  [Worker 6] episode 674 finished. (AvgLatErr: 0.4425, Steps: 200)
  [Worker 6] episode 675 finished. (AvgLatErr: 0.8469, Steps: 198)
  [Worker 6] episode 676 finished. (AvgLatErr: 0.4050, Steps: 200)
  [Worker 6] episode 677 finished. (AvgLatErr: 0.4849, Steps: 190)
  [Worker 6] episode 678 finished. (AvgLatErr: 0.4653, Steps: 200)
  [Worker 6] episode 679 finished. (AvgLatErr: 0.3673, Steps: 200)
[Worker 6].
[Main] workers finished. (elapsed: 84.39s)
[Main] Aggregation-selected agents: [1, 4, 5, 7]
[Main] FedAdagrad update completed.
[Main] Replay buffers reset after global model update.
============================================================================================
679 EP / Agent 0 : Avg Lat Err 0.9558
679 EP / Agent 1 : Avg Lat Err 0.2497
679 EP / Agent 2 : Avg Lat Err 0.3441
679 EP / Agent 3 : Avg Lat Err 0.4382
679 EP / Agent 4 : Avg Lat Err 0.2319
679 EP / Agent 5 : Avg Lat Err 0.1796
679 EP / Agent 6 : Avg Lat Err 0.3673
679 EP / Agent 7 : Avg Lat Err 0.1488
============================================================================================

============================================================================================
[Main] FL round started. (episode 680 ~ 689)
[Main] Client selection: mode=error_low, budget=4
[Main] Participating agents: [0, 1, 2, 3, 4, 5, 6, 7]
Warning: num_agents (8) is greater than the number of available vehicle parameters (4). Cycling vehicle templates.
[Worker 0] TensorFlow device=GPU, mixed_precision=mixed_float16
[Worker 0] Random seed fixed: 100721
[Worker 0] started on GPU.
  [Worker 0] episode 680 finished. (AvgLatErr: 1.0344, Steps: 130)
  [Worker 0] episode 681 finished. (AvgLatErr: 0.9036, Steps: 126)
  [Worker 0] episode 682 finished. (AvgLatErr: 1.0665, Steps: 127)
  [Worker 0] episode 683 finished. (AvgLatErr: 1.6053, Steps: 128)
  [Worker 0] episode 684 finished. (AvgLatErr: 1.4695, Steps: 133)
  [Worker 0] episode 685 finished. (AvgLatErr: 2.0638, Steps: 138)
  [Worker 0] episode 686 finished. (AvgLatErr: 1.0601, Steps: 127)
  [Worker 0] episode 687 finished. (AvgLatErr: 0.9512, Steps: 134)
  [Worker 0] episode 688 finished. (AvgLatErr: 1.3352, Steps: 125)
  [Worker 0] episode 689 finished. (AvgLatErr: 0.9383, Steps: 126)
[Worker 0].
Warning: num_agents (8) is greater than the number of available vehicle parameters (4). Cycling vehicle templates.
[Worker 1] TensorFlow device=GPU, mixed_precision=mixed_float16
[Worker 1] Random seed fixed: 200721
[Worker 1] started on GPU.
  [Worker 1] episode 680 finished. (AvgLatErr: 0.1870, Steps: 111)
  [Worker 1] episode 681 finished. (AvgLatErr: 0.3201, Steps: 123)
  [Worker 1] episode 682 finished. (AvgLatErr: 0.1396, Steps: 124)
  [Worker 1] episode 683 finished. (AvgLatErr: 0.1635, Steps: 115)
  [Worker 1] episode 684 finished. (AvgLatErr: 0.1969, Steps: 121)
  [Worker 1] episode 685 finished. (AvgLatErr: 0.2037, Steps: 126)
  [Worker 1] episode 686 finished. (AvgLatErr: 0.2864, Steps: 120)
  [Worker 1] episode 687 finished. (AvgLatErr: 0.2604, Steps: 119)
  [Worker 1] episode 688 finished. (AvgLatErr: 0.3125, Steps: 116)
  [Worker 1] episode 689 finished. (AvgLatErr: 0.2722, Steps: 125)
[Worker 1].
Warning: num_agents (8) is greater than the number of available vehicle parameters (4). Cycling vehicle templates.
[Worker 2] TensorFlow device=GPU, mixed_precision=mixed_float16
[Worker 2] Random seed fixed: 300721
[Worker 2] started on GPU.
  [Worker 2] episode 680 finished. (AvgLatErr: 0.3277, Steps: 125)
  [Worker 2] episode 681 finished. (AvgLatErr: 0.5359, Steps: 126)
  [Worker 2] episode 682 finished. (AvgLatErr: 0.5596, Steps: 140)
  [Worker 2] episode 683 finished. (AvgLatErr: 0.5779, Steps: 125)
  [Worker 2] episode 684 finished. (AvgLatErr: 0.5808, Steps: 120)
  [Worker 2] episode 685 finished. (AvgLatErr: 0.5777, Steps: 120)
  [Worker 2] episode 686 finished. (AvgLatErr: 0.7059, Steps: 124)
  [Worker 2] episode 687 finished. (AvgLatErr: 0.6312, Steps: 110)
  [Worker 2] episode 688 finished. (AvgLatErr: 0.8126, Steps: 113)
  [Worker 2] episode 689 finished. (AvgLatErr: 0.6118, Steps: 113)
[Worker 2].
Warning: num_agents (8) is greater than the number of available vehicle parameters (4). Cycling vehicle templates.
[Worker 4] TensorFlow device=GPU, mixed_precision=mixed_float16
[Worker 4] Random seed fixed: 500721
[Worker 4] started on GPU.
  [Worker 4] episode 680 finished. (AvgLatErr: 0.2753, Steps: 161)
  [Worker 4] episode 681 finished. (AvgLatErr: 0.2249, Steps: 156)
  [Worker 4] episode 682 finished. (AvgLatErr: 0.2763, Steps: 150)
  [Worker 4] episode 683 finished. (AvgLatErr: 0.3171, Steps: 151)
  [Worker 4] episode 684 finished. (AvgLatErr: 0.2607, Steps: 156)
  [Worker 4] episode 685 finished. (AvgLatErr: 0.3333, Steps: 143)
  [Worker 4] episode 686 finished. (AvgLatErr: 0.2849, Steps: 150)
  [Worker 4] episode 687 finished. (AvgLatErr: 0.2464, Steps: 152)
  [Worker 4] episode 688 finished. (AvgLatErr: 0.2430, Steps: 151)
  [Worker 4] episode 689 finished. (AvgLatErr: 0.2661, Steps: 157)
[Worker 4].
Warning: num_agents (8) is greater than the number of available vehicle parameters (4). Cycling vehicle templates.
[Worker 3] TensorFlow device=GPU, mixed_precision=mixed_float16
[Worker 3] Random seed fixed: 400721
[Worker 3] started on GPU.
  [Worker 3] episode 680 finished. (AvgLatErr: 0.5320, Steps: 179)
  [Worker 3] episode 681 finished. (AvgLatErr: 0.6490, Steps: 181)
  [Worker 3] episode 682 finished. (AvgLatErr: 0.5919, Steps: 160)
  [Worker 3] episode 683 finished. (AvgLatErr: 0.6956, Steps: 163)
  [Worker 3] episode 684 finished. (AvgLatErr: 0.9241, Steps: 185)
  [Worker 3] episode 685 finished. (AvgLatErr: 1.1512, Steps: 171)
  [Worker 3] episode 686 finished. (AvgLatErr: 0.6380, Steps: 171)
  [Worker 3] episode 687 finished. (AvgLatErr: 1.0522, Steps: 168)
  [Worker 3] episode 688 finished. (AvgLatErr: 0.7228, Steps: 172)
  [Worker 3] episode 689 finished. (AvgLatErr: 1.2595, Steps: 176)
[Worker 3].
Warning: num_agents (8) is greater than the number of available vehicle parameters (4). Cycling vehicle templates.
[Worker 5] TensorFlow device=GPU, mixed_precision=mixed_float16
[Worker 5] Random seed fixed: 600721
[Worker 5] started on GPU.
  [Worker 5] episode 680 finished. (AvgLatErr: 0.1869, Steps: 150)
  [Worker 5] episode 681 finished. (AvgLatErr: 0.2261, Steps: 150)
  [Worker 5] episode 682 finished. (AvgLatErr: 0.2694, Steps: 184)
  [Worker 5] episode 683 finished. (AvgLatErr: 0.2485, Steps: 150)
  [Worker 5] episode 684 finished. (AvgLatErr: 0.1846, Steps: 164)
  [Worker 5] episode 685 finished. (AvgLatErr: 0.2472, Steps: 157)
  [Worker 5] episode 686 finished. (AvgLatErr: 0.1720, Steps: 163)
  [Worker 5] episode 687 finished. (AvgLatErr: 0.1710, Steps: 138)
  [Worker 5] episode 688 finished. (AvgLatErr: 0.2012, Steps: 132)
  [Worker 5] episode 689 finished. (AvgLatErr: 0.2455, Steps: 156)
[Worker 5].
Warning: num_agents (8) is greater than the number of available vehicle parameters (4). Cycling vehicle templates.
[Worker 7] TensorFlow device=GPU, mixed_precision=mixed_float16
[Worker 7] Random seed fixed: 800721
[Worker 7] started on GPU.
  [Worker 7] episode 680 finished. (AvgLatErr: 0.2107, Steps: 130)
  [Worker 7] episode 681 finished. (AvgLatErr: 0.2739, Steps: 137)
  [Worker 7] episode 682 finished. (AvgLatErr: 0.1920, Steps: 126)
  [Worker 7] episode 683 finished. (AvgLatErr: 0.1542, Steps: 137)
  [Worker 7] episode 684 finished. (AvgLatErr: 0.1961, Steps: 130)
  [Worker 7] episode 685 finished. (AvgLatErr: 0.1123, Steps: 133)
  [Worker 7] episode 686 finished. (AvgLatErr: 0.2196, Steps: 125)
  [Worker 7] episode 687 finished. (AvgLatErr: 0.1964, Steps: 164)
  [Worker 7] episode 688 finished. (AvgLatErr: 0.2408, Steps: 133)
  [Worker 7] episode 689 finished. (AvgLatErr: 0.1659, Steps: 121)
[Worker 7].
Warning: num_agents (8) is greater than the number of available vehicle parameters (4). Cycling vehicle templates.
[Worker 6] TensorFlow device=GPU, mixed_precision=mixed_float16
[Worker 6] Random seed fixed: 700721
[Worker 6] started on GPU.
  [Worker 6] episode 680 finished. (AvgLatErr: 0.6822, Steps: 193)
  [Worker 6] episode 681 finished. (AvgLatErr: 0.5552, Steps: 181)
  [Worker 6] episode 682 finished. (AvgLatErr: 0.5335, Steps: 186)
  [Worker 6] episode 683 finished. (AvgLatErr: 0.7213, Steps: 191)
  [Worker 6] episode 684 finished. (AvgLatErr: 0.4859, Steps: 197)
  [Worker 6] episode 685 finished. (AvgLatErr: 0.7912, Steps: 177)
  [Worker 6] episode 686 finished. (AvgLatErr: 0.5683, Steps: 181)
  [Worker 6] episode 687 finished. (AvgLatErr: 0.4580, Steps: 200)
  [Worker 6] episode 688 finished. (AvgLatErr: 0.4425, Steps: 196)
  [Worker 6] episode 689 finished. (AvgLatErr: 0.5809, Steps: 191)
[Worker 6].
[Main] workers finished. (elapsed: 83.17s)
[Main] Aggregation-selected agents: [1, 4, 5, 7]
[Main] FedAdagrad update completed.
[Main] Replay buffers reset after global model update.
============================================================================================
689 EP / Agent 0 : Avg Lat Err 0.9383
689 EP / Agent 1 : Avg Lat Err 0.2722
689 EP / Agent 2 : Avg Lat Err 0.6118
689 EP / Agent 3 : Avg Lat Err 1.2595
689 EP / Agent 4 : Avg Lat Err 0.2661
689 EP / Agent 5 : Avg Lat Err 0.2455
689 EP / Agent 6 : Avg Lat Err 0.5809
689 EP / Agent 7 : Avg Lat Err 0.1659
============================================================================================

============================================================================================
[Main] FL round started. (episode 690 ~ 699)
[Main] Client selection: mode=error_low, budget=4
[Main] Participating agents: [0, 1, 2, 3, 4, 5, 6, 7]
Warning: num_agents (8) is greater than the number of available vehicle parameters (4). Cycling vehicle templates.
[Worker 0] TensorFlow device=GPU, mixed_precision=mixed_float16
[Worker 0] Random seed fixed: 100731
[Worker 0] started on GPU.
  [Worker 0] episode 690 finished. (AvgLatErr: 1.1854, Steps: 124)
  [Worker 0] episode 691 finished. (AvgLatErr: 0.8599, Steps: 128)
  [Worker 0] episode 692 finished. (AvgLatErr: 0.7579, Steps: 128)
  [Worker 0] episode 693 finished. (AvgLatErr: 1.2045, Steps: 125)
  [Worker 0] episode 694 finished. (AvgLatErr: 1.9459, Steps: 131)
  [Worker 0] episode 695 finished. (AvgLatErr: 2.8200, Steps: 138)
  [Worker 0] episode 696 finished. (AvgLatErr: 1.6799, Steps: 127)
  [Worker 0] episode 697 finished. (AvgLatErr: 1.9021, Steps: 129)
  [Worker 0] episode 698 finished. (AvgLatErr: 13.6305, Steps: 200)
  [Worker 0] episode 699 finished. (AvgLatErr: 1.4348, Steps: 127)
[Worker 0].
Warning: num_agents (8) is greater than the number of available vehicle parameters (4). Cycling vehicle templates.
[Worker 1] TensorFlow device=GPU, mixed_precision=mixed_float16
[Worker 1] Random seed fixed: 200731
[Worker 1] started on GPU.
  [Worker 1] episode 690 finished. (AvgLatErr: 0.2113, Steps: 145)
  [Worker 1] episode 691 finished. (AvgLatErr: 0.2419, Steps: 110)
  [Worker 1] episode 692 finished. (AvgLatErr: 0.1747, Steps: 116)
  [Worker 1] episode 693 finished. (AvgLatErr: 0.1197, Steps: 127)
  [Worker 1] episode 694 finished. (AvgLatErr: 0.1371, Steps: 122)
  [Worker 1] episode 695 finished. (AvgLatErr: 0.1632, Steps: 117)
  [Worker 1] episode 696 finished. (AvgLatErr: 0.1860, Steps: 111)
  [Worker 1] episode 697 finished. (AvgLatErr: 0.1590, Steps: 130)
  [Worker 1] episode 698 finished. (AvgLatErr: 0.1070, Steps: 134)
  [Worker 1] episode 699 finished. (AvgLatErr: 0.1999, Steps: 129)
[Worker 1].
Warning: num_agents (8) is greater than the number of available vehicle parameters (4). Cycling vehicle templates.
[Worker 2] TensorFlow device=GPU, mixed_precision=mixed_float16
[Worker 2] Random seed fixed: 300731
[Worker 2] started on GPU.
  [Worker 2] episode 690 finished. (AvgLatErr: 0.4722, Steps: 128)
  [Worker 2] episode 691 finished. (AvgLatErr: 0.3437, Steps: 117)
  [Worker 2] episode 692 finished. (AvgLatErr: 0.3430, Steps: 118)
  [Worker 2] episode 693 finished. (AvgLatErr: 0.4175, Steps: 117)
  [Worker 2] episode 694 finished. (AvgLatErr: 0.3886, Steps: 129)
  [Worker 2] episode 695 finished. (AvgLatErr: 0.4586, Steps: 115)
  [Worker 2] episode 696 finished. (AvgLatErr: 0.5666, Steps: 118)
  [Worker 2] episode 697 finished. (AvgLatErr: 0.4632, Steps: 117)
  [Worker 2] episode 698 finished. (AvgLatErr: 0.4803, Steps: 120)
  [Worker 2] episode 699 finished. (AvgLatErr: 0.3673, Steps: 119)
[Worker 2].
Warning: num_agents (8) is greater than the number of available vehicle parameters (4). Cycling vehicle templates.
[Worker 3] TensorFlow device=GPU, mixed_precision=mixed_float16
[Worker 3] Random seed fixed: 400731
[Worker 3] started on GPU.
  [Worker 3] episode 690 finished. (AvgLatErr: 0.5974, Steps: 184)
  [Worker 3] episode 691 finished. (AvgLatErr: 0.5642, Steps: 178)
  [Worker 3] episode 692 finished. (AvgLatErr: 0.5867, Steps: 171)
  [Worker 3] episode 693 finished. (AvgLatErr: 0.9209, Steps: 172)
  [Worker 3] episode 694 finished. (AvgLatErr: 1.0398, Steps: 172)
  [Worker 3] episode 695 finished. (AvgLatErr: 1.4420, Steps: 188)
  [Worker 3] episode 696 finished. (AvgLatErr: 0.8722, Steps: 165)
  [Worker 3] episode 697 finished. (AvgLatErr: 1.8519, Steps: 130)
  [Worker 3] episode 698 finished. (AvgLatErr: 1.0444, Steps: 168)
  [Worker 3] episode 699 finished. (AvgLatErr: 0.9593, Steps: 166)
[Worker 3].
Warning: num_agents (8) is greater than the number of available vehicle parameters (4). Cycling vehicle templates.
[Worker 4] TensorFlow device=GPU, mixed_precision=mixed_float16
[Worker 4] Random seed fixed: 500731
[Worker 4] started on GPU.
  [Worker 4] episode 690 finished. (AvgLatErr: 0.3217, Steps: 167)
  [Worker 4] episode 691 finished. (AvgLatErr: 0.2159, Steps: 167)
  [Worker 4] episode 692 finished. (AvgLatErr: 0.3404, Steps: 159)
  [Worker 4] episode 693 finished. (AvgLatErr: 0.3288, Steps: 152)
  [Worker 4] episode 694 finished. (AvgLatErr: 0.2459, Steps: 161)
  [Worker 4] episode 695 finished. (AvgLatErr: 0.2084, Steps: 159)
  [Worker 4] episode 696 finished. (AvgLatErr: 0.2506, Steps: 169)
  [Worker 4] episode 697 finished. (AvgLatErr: 0.3092, Steps: 157)
  [Worker 4] episode 698 finished. (AvgLatErr: 0.3284, Steps: 153)
  [Worker 4] episode 699 finished. (AvgLatErr: 0.2730, Steps: 155)
[Worker 4].
Warning: num_agents (8) is greater than the number of available vehicle parameters (4). Cycling vehicle templates.
[Worker 5] TensorFlow device=GPU, mixed_precision=mixed_float16
[Worker 5] Random seed fixed: 600731
[Worker 5] started on GPU.
  [Worker 5] episode 690 finished. (AvgLatErr: 0.2519, Steps: 178)
  [Worker 5] episode 691 finished. (AvgLatErr: 0.3322, Steps: 156)
  [Worker 5] episode 692 finished. (AvgLatErr: 0.1876, Steps: 150)
  [Worker 5] episode 693 finished. (AvgLatErr: 0.1825, Steps: 150)
  [Worker 5] episode 694 finished. (AvgLatErr: 0.2135, Steps: 145)
  [Worker 5] episode 695 finished. (AvgLatErr: 0.2072, Steps: 134)
  [Worker 5] episode 696 finished. (AvgLatErr: 0.2477, Steps: 149)
  [Worker 5] episode 697 finished. (AvgLatErr: 0.2331, Steps: 146)
  [Worker 5] episode 698 finished. (AvgLatErr: 0.2968, Steps: 142)
  [Worker 5] episode 699 finished. (AvgLatErr: 0.2192, Steps: 139)
[Worker 5].
Warning: num_agents (8) is greater than the number of available vehicle parameters (4). Cycling vehicle templates.
[Worker 7] TensorFlow device=GPU, mixed_precision=mixed_float16
[Worker 7] Random seed fixed: 800731
[Worker 7] started on GPU.
  [Worker 7] episode 690 finished. (AvgLatErr: 0.1247, Steps: 141)
  [Worker 7] episode 691 finished. (AvgLatErr: 0.1386, Steps: 135)
  [Worker 7] episode 692 finished. (AvgLatErr: 0.1335, Steps: 131)
  [Worker 7] episode 693 finished. (AvgLatErr: 0.1837, Steps: 128)
  [Worker 7] episode 694 finished. (AvgLatErr: 0.2347, Steps: 126)
  [Worker 7] episode 695 finished. (AvgLatErr: 0.1774, Steps: 123)
  [Worker 7] episode 696 finished. (AvgLatErr: 0.3425, Steps: 128)
  [Worker 7] episode 697 finished. (AvgLatErr: 0.1670, Steps: 127)
  [Worker 7] episode 698 finished. (AvgLatErr: 0.1585, Steps: 126)
  [Worker 7] episode 699 finished. (AvgLatErr: 0.1826, Steps: 143)
[Worker 7].
Warning: num_agents (8) is greater than the number of available vehicle parameters (4). Cycling vehicle templates.
[Worker 6] TensorFlow device=GPU, mixed_precision=mixed_float16
[Worker 6] Random seed fixed: 700731
[Worker 6] started on GPU.
  [Worker 6] episode 690 finished. (AvgLatErr: 0.3884, Steps: 200)
  [Worker 6] episode 691 finished. (AvgLatErr: 0.9045, Steps: 194)
  [Worker 6] episode 692 finished. (AvgLatErr: 0.5807, Steps: 195)
  [Worker 6] episode 693 finished. (AvgLatErr: 0.3913, Steps: 191)
  [Worker 6] episode 694 finished. (AvgLatErr: 0.5279, Steps: 200)
  [Worker 6] episode 695 finished. (AvgLatErr: 0.4305, Steps: 200)
  [Worker 6] episode 696 finished. (AvgLatErr: 0.3789, Steps: 200)
  [Worker 6] episode 697 finished. (AvgLatErr: 0.5635, Steps: 200)
  [Worker 6] episode 698 finished. (AvgLatErr: 0.5367, Steps: 200)
  [Worker 6] episode 699 finished. (AvgLatErr: 0.4614, Steps: 188)
[Worker 6].
[Main] workers finished. (elapsed: 86.29s)
[Main] Aggregation-selected agents: [1, 4, 5, 7]
[Main] FedAdagrad update completed.
[Main] Replay buffers reset after global model update.
============================================================================================
699 EP / Agent 0 : Avg Lat Err 1.4348
699 EP / Agent 1 : Avg Lat Err 0.1999
699 EP / Agent 2 : Avg Lat Err 0.3673
699 EP / Agent 3 : Avg Lat Err 0.9593
699 EP / Agent 4 : Avg Lat Err 0.2730
699 EP / Agent 5 : Avg Lat Err 0.2192
699 EP / Agent 6 : Avg Lat Err 0.4614
699 EP / Agent 7 : Avg Lat Err 0.1826
============================================================================================
[Main] Model checkpoint saved: C:\Users\syd79\FRL-Q\experiments\fast_parallel_fedadagrad_8errorlow4_20260916_run1_error_low_4of8\checkpoints\global_model_episode_000700.weights.h5

============================================================================================
[Main] FL round started. (episode 700 ~ 709)
[Main] Client selection: mode=error_low, budget=4
[Main] Participating agents: [0, 1, 2, 3, 4, 5, 6, 7]
Warning: num_agents (8) is greater than the number of available vehicle parameters (4). Cycling vehicle templates.
[Worker 0] TensorFlow device=GPU, mixed_precision=mixed_float16
[Worker 0] Random seed fixed: 100741
[Worker 0] started on GPU.
  [Worker 0] episode 700 finished. (AvgLatErr: 0.7930, Steps: 128)
  [Worker 0] episode 701 finished. (AvgLatErr: 1.3765, Steps: 127)
  [Worker 0] episode 702 finished. (AvgLatErr: 0.8689, Steps: 125)
  [Worker 0] episode 703 finished. (AvgLatErr: 1.7027, Steps: 124)
  [Worker 0] episode 704 finished. (AvgLatErr: 1.6409, Steps: 124)
  [Worker 0] episode 705 finished. (AvgLatErr: 1.3150, Steps: 129)
  [Worker 0] episode 706 finished. (AvgLatErr: 1.2289, Steps: 132)
  [Worker 0] episode 707 finished. (AvgLatErr: 1.2694, Steps: 125)
  [Worker 0] episode 708 finished. (AvgLatErr: 1.1988, Steps: 131)
  [Worker 0] episode 709 finished. (AvgLatErr: 1.6822, Steps: 131)
[Worker 0].
Warning: num_agents (8) is greater than the number of available vehicle parameters (4). Cycling vehicle templates.
[Worker 2] TensorFlow device=GPU, mixed_precision=mixed_float16
[Worker 2] Random seed fixed: 300741
[Worker 2] started on GPU.
  [Worker 2] episode 700 finished. (AvgLatErr: 0.5303, Steps: 118)
  [Worker 2] episode 701 finished. (AvgLatErr: 0.5104, Steps: 120)
  [Worker 2] episode 702 finished. (AvgLatErr: 0.6499, Steps: 121)
  [Worker 2] episode 703 finished. (AvgLatErr: 0.6035, Steps: 124)
  [Worker 2] episode 704 finished. (AvgLatErr: 0.4829, Steps: 114)
  [Worker 2] episode 705 finished. (AvgLatErr: 0.4413, Steps: 117)
  [Worker 2] episode 706 finished. (AvgLatErr: 0.9848, Steps: 136)
  [Worker 2] episode 707 finished. (AvgLatErr: 0.6578, Steps: 110)
  [Worker 2] episode 708 finished. (AvgLatErr: 0.2705, Steps: 123)
  [Worker 2] episode 709 finished. (AvgLatErr: 0.6627, Steps: 116)
[Worker 2].
Warning: num_agents (8) is greater than the number of available vehicle parameters (4). Cycling vehicle templates.
[Worker 1] TensorFlow device=GPU, mixed_precision=mixed_float16
[Worker 1] Random seed fixed: 200741
[Worker 1] started on GPU.
  [Worker 1] episode 700 finished. (AvgLatErr: 0.1256, Steps: 124)
  [Worker 1] episode 701 finished. (AvgLatErr: 0.1767, Steps: 131)
  [Worker 1] episode 702 finished. (AvgLatErr: 0.1622, Steps: 116)
  [Worker 1] episode 703 finished. (AvgLatErr: 0.1439, Steps: 139)
  [Worker 1] episode 704 finished. (AvgLatErr: 0.3391, Steps: 123)
  [Worker 1] episode 705 finished. (AvgLatErr: 6.9405, Steps: 200)
  [Worker 1] episode 706 finished. (AvgLatErr: 0.2381, Steps: 126)
  [Worker 1] episode 707 finished. (AvgLatErr: 0.2108, Steps: 116)
  [Worker 1] episode 708 finished. (AvgLatErr: 7.3100, Steps: 200)
  [Worker 1] episode 709 finished. (AvgLatErr: 0.2753, Steps: 110)
[Worker 1].
Warning: num_agents (8) is greater than the number of available vehicle parameters (4). Cycling vehicle templates.
[Worker 3] TensorFlow device=GPU, mixed_precision=mixed_float16
[Worker 3] Random seed fixed: 400741
[Worker 3] started on GPU.
  [Worker 3] episode 700 finished. (AvgLatErr: 0.6540, Steps: 184)
  [Worker 3] episode 701 finished. (AvgLatErr: 0.7241, Steps: 166)
  [Worker 3] episode 702 finished. (AvgLatErr: 0.9101, Steps: 171)
  [Worker 3] episode 703 finished. (AvgLatErr: 0.6255, Steps: 157)
  [Worker 3] episode 704 finished. (AvgLatErr: 0.6804, Steps: 159)
  [Worker 3] episode 705 finished. (AvgLatErr: 0.7661, Steps: 163)
  [Worker 3] episode 706 finished. (AvgLatErr: 0.6552, Steps: 163)
  [Worker 3] episode 707 finished. (AvgLatErr: 0.7941, Steps: 172)
  [Worker 3] episode 708 finished. (AvgLatErr: 0.6967, Steps: 171)
  [Worker 3] episode 709 finished. (AvgLatErr: 0.9431, Steps: 165)
[Worker 3].
Warning: num_agents (8) is greater than the number of available vehicle parameters (4). Cycling vehicle templates.
[Worker 4] TensorFlow device=GPU, mixed_precision=mixed_float16
[Worker 4] Random seed fixed: 500741
[Worker 4] started on GPU.
  [Worker 4] episode 700 finished. (AvgLatErr: 0.3923, Steps: 145)
  [Worker 4] episode 701 finished. (AvgLatErr: 0.2656, Steps: 159)
  [Worker 4] episode 702 finished. (AvgLatErr: 0.2659, Steps: 159)
  [Worker 4] episode 703 finished. (AvgLatErr: 0.3830, Steps: 170)
  [Worker 4] episode 704 finished. (AvgLatErr: 0.2376, Steps: 149)
  [Worker 4] episode 705 finished. (AvgLatErr: 0.3910, Steps: 152)
  [Worker 4] episode 706 finished. (AvgLatErr: 0.2772, Steps: 159)
  [Worker 4] episode 707 finished. (AvgLatErr: 0.1947, Steps: 165)
  [Worker 4] episode 708 finished. (AvgLatErr: 0.3357, Steps: 150)
  [Worker 4] episode 709 finished. (AvgLatErr: 0.2818, Steps: 161)
[Worker 4].
Warning: num_agents (8) is greater than the number of available vehicle parameters (4). Cycling vehicle templates.
[Worker 5] TensorFlow device=GPU, mixed_precision=mixed_float16
[Worker 5] Random seed fixed: 600741
[Worker 5] started on GPU.
  [Worker 5] episode 700 finished. (AvgLatErr: 0.1965, Steps: 147)
  [Worker 5] episode 701 finished. (AvgLatErr: 0.2036, Steps: 147)
  [Worker 5] episode 702 finished. (AvgLatErr: 0.2174, Steps: 140)
  [Worker 5] episode 703 finished. (AvgLatErr: 0.3725, Steps: 138)
  [Worker 5] episode 704 finished. (AvgLatErr: 0.2256, Steps: 159)
  [Worker 5] episode 705 finished. (AvgLatErr: 0.4193, Steps: 157)
  [Worker 5] episode 706 finished. (AvgLatErr: 0.2832, Steps: 142)
  [Worker 5] episode 707 finished. (AvgLatErr: 0.3330, Steps: 156)
  [Worker 5] episode 708 finished. (AvgLatErr: 0.2362, Steps: 149)
  [Worker 5] episode 709 finished. (AvgLatErr: 0.3786, Steps: 147)
[Worker 5].
Warning: num_agents (8) is greater than the number of available vehicle parameters (4). Cycling vehicle templates.
[Worker 7] TensorFlow device=GPU, mixed_precision=mixed_float16
[Worker 7] Random seed fixed: 800741
[Worker 7] started on GPU.
  [Worker 7] episode 700 finished. (AvgLatErr: 0.1368, Steps: 137)
  [Worker 7] episode 701 finished. (AvgLatErr: 0.1656, Steps: 121)
  [Worker 7] episode 702 finished. (AvgLatErr: 0.1879, Steps: 122)
  [Worker 7] episode 703 finished. (AvgLatErr: 0.1534, Steps: 156)
  [Worker 7] episode 704 finished. (AvgLatErr: 0.1676, Steps: 149)
  [Worker 7] episode 705 finished. (AvgLatErr: 0.1541, Steps: 151)
  [Worker 7] episode 706 finished. (AvgLatErr: 0.2269, Steps: 136)
  [Worker 7] episode 707 finished. (AvgLatErr: 0.2127, Steps: 140)
  [Worker 7] episode 708 finished. (AvgLatErr: 0.1156, Steps: 133)
  [Worker 7] episode 709 finished. (AvgLatErr: 0.1433, Steps: 135)
[Worker 7].
Warning: num_agents (8) is greater than the number of available vehicle parameters (4). Cycling vehicle templates.
[Worker 6] TensorFlow device=GPU, mixed_precision=mixed_float16
[Worker 6] Random seed fixed: 700741
[Worker 6] started on GPU.
  [Worker 6] episode 700 finished. (AvgLatErr: 0.4240, Steps: 200)
  [Worker 6] episode 701 finished. (AvgLatErr: 0.5987, Steps: 200)
  [Worker 6] episode 702 finished. (AvgLatErr: 0.5914, Steps: 200)
  [Worker 6] episode 703 finished. (AvgLatErr: 0.5117, Steps: 177)
  [Worker 6] episode 704 finished. (AvgLatErr: 0.4858, Steps: 183)
  [Worker 6] episode 705 finished. (AvgLatErr: 0.5553, Steps: 189)
  [Worker 6] episode 706 finished. (AvgLatErr: 0.4896, Steps: 190)
  [Worker 6] episode 707 finished. (AvgLatErr: 0.5097, Steps: 200)
  [Worker 6] episode 708 finished. (AvgLatErr: 0.4365, Steps: 196)
  [Worker 6] episode 709 finished. (AvgLatErr: 0.4058, Steps: 200)
[Worker 6].
[Main] workers finished. (elapsed: 82.97s)
[Main] Aggregation-selected agents: [1, 4, 5, 7]
[Main] FedAdagrad update completed.
[Main] Replay buffers reset after global model update.
============================================================================================
709 EP / Agent 0 : Avg Lat Err 1.6822
709 EP / Agent 1 : Avg Lat Err 0.2753
709 EP / Agent 2 : Avg Lat Err 0.6627
709 EP / Agent 3 : Avg Lat Err 0.9431
709 EP / Agent 4 : Avg Lat Err 0.2818
709 EP / Agent 5 : Avg Lat Err 0.3786
709 EP / Agent 6 : Avg Lat Err 0.4058
709 EP / Agent 7 : Avg Lat Err 0.1433
============================================================================================

============================================================================================
[Main] FL round started. (episode 710 ~ 719)
[Main] Client selection: mode=error_low, budget=4
[Main] Participating agents: [0, 1, 2, 3, 4, 5, 6, 7]
Warning: num_agents (8) is greater than the number of available vehicle parameters (4). Cycling vehicle templates.
[Worker 0] TensorFlow device=GPU, mixed_precision=mixed_float16
[Worker 0] Random seed fixed: 100751
[Worker 0] started on GPU.
  [Worker 0] episode 710 finished. (AvgLatErr: 1.2625, Steps: 132)
  [Worker 0] episode 711 finished. (AvgLatErr: 0.9449, Steps: 134)
  [Worker 0] episode 712 finished. (AvgLatErr: 1.1528, Steps: 129)
  [Worker 0] episode 713 finished. (AvgLatErr: 1.4616, Steps: 139)
  [Worker 0] episode 714 finished. (AvgLatErr: 0.7895, Steps: 138)
  [Worker 0] episode 715 finished. (AvgLatErr: 1.3240, Steps: 144)
  [Worker 0] episode 716 finished. (AvgLatErr: 1.5586, Steps: 138)
  [Worker 0] episode 717 finished. (AvgLatErr: 1.4399, Steps: 134)
  [Worker 0] episode 718 finished. (AvgLatErr: 1.3136, Steps: 129)
  [Worker 0] episode 719 finished. (AvgLatErr: 1.7192, Steps: 123)
[Worker 0].
Warning: num_agents (8) is greater than the number of available vehicle parameters (4). Cycling vehicle templates.
[Worker 1] TensorFlow device=GPU, mixed_precision=mixed_float16
[Worker 1] Random seed fixed: 200751
[Worker 1] started on GPU.
  [Worker 1] episode 710 finished. (AvgLatErr: 0.1511, Steps: 122)
  [Worker 1] episode 711 finished. (AvgLatErr: 0.3094, Steps: 127)
  [Worker 1] episode 712 finished. (AvgLatErr: 0.2503, Steps: 115)
  [Worker 1] episode 713 finished. (AvgLatErr: 0.1936, Steps: 124)
  [Worker 1] episode 714 finished. (AvgLatErr: 0.3430, Steps: 123)
  [Worker 1] episode 715 finished. (AvgLatErr: 0.2272, Steps: 117)
  [Worker 1] episode 716 finished. (AvgLatErr: 0.1090, Steps: 113)
  [Worker 1] episode 717 finished. (AvgLatErr: 0.1994, Steps: 109)
  [Worker 1] episode 718 finished. (AvgLatErr: 0.3174, Steps: 113)
  [Worker 1] episode 719 finished. (AvgLatErr: 0.2044, Steps: 109)
[Worker 1].
Warning: num_agents (8) is greater than the number of available vehicle parameters (4). Cycling vehicle templates.
[Worker 2] TensorFlow device=GPU, mixed_precision=mixed_float16
[Worker 2] Random seed fixed: 300751
[Worker 2] started on GPU.
  [Worker 2] episode 710 finished. (AvgLatErr: 0.4995, Steps: 125)
  [Worker 2] episode 711 finished. (AvgLatErr: 0.5715, Steps: 115)
  [Worker 2] episode 712 finished. (AvgLatErr: 0.4395, Steps: 122)
  [Worker 2] episode 713 finished. (AvgLatErr: 0.6233, Steps: 125)
  [Worker 2] episode 714 finished. (AvgLatErr: 0.4297, Steps: 119)
  [Worker 2] episode 715 finished. (AvgLatErr: 0.4189, Steps: 126)
  [Worker 2] episode 716 finished. (AvgLatErr: 0.5909, Steps: 123)
  [Worker 2] episode 717 finished. (AvgLatErr: 0.5154, Steps: 139)
  [Worker 2] episode 718 finished. (AvgLatErr: 0.5917, Steps: 119)
  [Worker 2] episode 719 finished. (AvgLatErr: 0.4003, Steps: 115)
[Worker 2].
Warning: num_agents (8) is greater than the number of available vehicle parameters (4). Cycling vehicle templates.
[Worker 3] TensorFlow device=GPU, mixed_precision=mixed_float16
[Worker 3] Random seed fixed: 400751
[Worker 3] started on GPU.
  [Worker 3] episode 710 finished. (AvgLatErr: 0.4723, Steps: 172)
  [Worker 3] episode 711 finished. (AvgLatErr: 0.6590, Steps: 184)
  [Worker 3] episode 712 finished. (AvgLatErr: 0.6288, Steps: 168)
  [Worker 3] episode 713 finished. (AvgLatErr: 0.7230, Steps: 162)
  [Worker 3] episode 714 finished. (AvgLatErr: 0.9540, Steps: 161)
  [Worker 3] episode 715 finished. (AvgLatErr: 0.9240, Steps: 166)
  [Worker 3] episode 716 finished. (AvgLatErr: 1.1259, Steps: 162)
  [Worker 3] episode 717 finished. (AvgLatErr: 0.7769, Steps: 169)
  [Worker 3] episode 718 finished. (AvgLatErr: 0.6570, Steps: 156)
  [Worker 3] episode 719 finished. (AvgLatErr: 1.0353, Steps: 158)
[Worker 3].
Warning: num_agents (8) is greater than the number of available vehicle parameters (4). Cycling vehicle templates.
[Worker 4] TensorFlow device=GPU, mixed_precision=mixed_float16
[Worker 4] Random seed fixed: 500751
[Worker 4] started on GPU.
  [Worker 4] episode 710 finished. (AvgLatErr: 0.7279, Steps: 161)
  [Worker 4] episode 711 finished. (AvgLatErr: 0.3209, Steps: 158)
  [Worker 4] episode 712 finished. (AvgLatErr: 0.3683, Steps: 163)
  [Worker 4] episode 713 finished. (AvgLatErr: 0.2811, Steps: 152)
  [Worker 4] episode 714 finished. (AvgLatErr: 0.2742, Steps: 153)
  [Worker 4] episode 715 finished. (AvgLatErr: 0.3461, Steps: 162)
  [Worker 4] episode 716 finished. (AvgLatErr: 0.2531, Steps: 148)
  [Worker 4] episode 717 finished. (AvgLatErr: 0.3331, Steps: 152)
  [Worker 4] episode 718 finished. (AvgLatErr: 0.3261, Steps: 154)
  [Worker 4] episode 719 finished. (AvgLatErr: 0.2213, Steps: 156)
[Worker 4].
Warning: num_agents (8) is greater than the number of available vehicle parameters (4). Cycling vehicle templates.
[Worker 5] TensorFlow device=GPU, mixed_precision=mixed_float16
[Worker 5] Random seed fixed: 600751
[Worker 5] started on GPU.
  [Worker 5] episode 710 finished. (AvgLatErr: 0.3371, Steps: 146)
  [Worker 5] episode 711 finished. (AvgLatErr: 0.3260, Steps: 143)
  [Worker 5] episode 712 finished. (AvgLatErr: 0.2754, Steps: 160)
  [Worker 5] episode 713 finished. (AvgLatErr: 0.1867, Steps: 172)
  [Worker 5] episode 714 finished. (AvgLatErr: 0.2339, Steps: 177)
  [Worker 5] episode 715 finished. (AvgLatErr: 0.1712, Steps: 162)
  [Worker 5] episode 716 finished. (AvgLatErr: 0.2601, Steps: 153)
  [Worker 5] episode 717 finished. (AvgLatErr: 0.3454, Steps: 160)
  [Worker 5] episode 718 finished. (AvgLatErr: 0.2890, Steps: 151)
  [Worker 5] episode 719 finished. (AvgLatErr: 0.2409, Steps: 133)
[Worker 5].
Warning: num_agents (8) is greater than the number of available vehicle parameters (4). Cycling vehicle templates.
[Worker 7] TensorFlow device=GPU, mixed_precision=mixed_float16
[Worker 7] Random seed fixed: 800751
[Worker 7] started on GPU.
  [Worker 7] episode 710 finished. (AvgLatErr: 0.1379, Steps: 131)
  [Worker 7] episode 711 finished. (AvgLatErr: 0.3128, Steps: 142)
  [Worker 7] episode 712 finished. (AvgLatErr: 0.3089, Steps: 129)
  [Worker 7] episode 713 finished. (AvgLatErr: 0.3978, Steps: 141)
  [Worker 7] episode 714 finished. (AvgLatErr: 0.1868, Steps: 156)
  [Worker 7] episode 715 finished. (AvgLatErr: 0.1667, Steps: 138)
  [Worker 7] episode 716 finished. (AvgLatErr: 0.2087, Steps: 122)
  [Worker 7] episode 717 finished. (AvgLatErr: 0.1748, Steps: 126)
  [Worker 7] episode 718 finished. (AvgLatErr: 0.2025, Steps: 129)
  [Worker 7] episode 719 finished. (AvgLatErr: 0.1868, Steps: 131)
[Worker 7].
Warning: num_agents (8) is greater than the number of available vehicle parameters (4). Cycling vehicle templates.
[Worker 6] TensorFlow device=GPU, mixed_precision=mixed_float16
[Worker 6] Random seed fixed: 700751
[Worker 6] started on GPU.
  [Worker 6] episode 710 finished. (AvgLatErr: 0.4531, Steps: 194)
  [Worker 6] episode 711 finished. (AvgLatErr: 0.5052, Steps: 199)
  [Worker 6] episode 712 finished. (AvgLatErr: 0.7095, Steps: 200)
  [Worker 6] episode 713 finished. (AvgLatErr: 0.4771, Steps: 185)
  [Worker 6] episode 714 finished. (AvgLatErr: 0.4502, Steps: 185)
  [Worker 6] episode 715 finished. (AvgLatErr: 0.5738, Steps: 185)
  [Worker 6] episode 716 finished. (AvgLatErr: 0.8134, Steps: 191)
  [Worker 6] episode 717 finished. (AvgLatErr: 0.6107, Steps: 200)
  [Worker 6] episode 718 finished. (AvgLatErr: 0.5615, Steps: 196)
  [Worker 6] episode 719 finished. (AvgLatErr: 0.4080, Steps: 200)
[Worker 6].
[Main] workers finished. (elapsed: 82.61s)
[Main] Aggregation-selected agents: [1, 4, 5, 7]
[Main] FedAdagrad update completed.
[Main] Replay buffers reset after global model update.
============================================================================================
719 EP / Agent 0 : Avg Lat Err 1.7192
719 EP / Agent 1 : Avg Lat Err 0.2044
719 EP / Agent 2 : Avg Lat Err 0.4003
719 EP / Agent 3 : Avg Lat Err 1.0353
719 EP / Agent 4 : Avg Lat Err 0.2213
719 EP / Agent 5 : Avg Lat Err 0.2409
719 EP / Agent 6 : Avg Lat Err 0.4080
719 EP / Agent 7 : Avg Lat Err 0.1868
============================================================================================

============================================================================================
[Main] FL round started. (episode 720 ~ 729)
[Main] Client selection: mode=error_low, budget=4
[Main] Participating agents: [0, 1, 2, 3, 4, 5, 6, 7]
Warning: num_agents (8) is greater than the number of available vehicle parameters (4). Cycling vehicle templates.
[Worker 1] TensorFlow device=GPU, mixed_precision=mixed_float16
[Worker 1] Random seed fixed: 200761
[Worker 1] started on GPU.
  [Worker 1] episode 720 finished. (AvgLatErr: 0.1698, Steps: 128)
  [Worker 1] episode 721 finished. (AvgLatErr: 0.2181, Steps: 114)
  [Worker 1] episode 722 finished. (AvgLatErr: 0.2039, Steps: 108)
  [Worker 1] episode 723 finished. (AvgLatErr: 0.1432, Steps: 114)
  [Worker 1] episode 724 finished. (AvgLatErr: 0.2817, Steps: 114)
  [Worker 1] episode 725 finished. (AvgLatErr: 0.1748, Steps: 108)
  [Worker 1] episode 726 finished. (AvgLatErr: 0.2350, Steps: 122)
  [Worker 1] episode 727 finished. (AvgLatErr: 0.2431, Steps: 112)
  [Worker 1] episode 728 finished. (AvgLatErr: 0.2651, Steps: 113)
  [Worker 1] episode 729 finished. (AvgLatErr: 0.1620, Steps: 113)
[Worker 1].
Warning: num_agents (8) is greater than the number of available vehicle parameters (4). Cycling vehicle templates.
[Worker 0] TensorFlow device=GPU, mixed_precision=mixed_float16
[Worker 0] Random seed fixed: 100761
[Worker 0] started on GPU.
  [Worker 0] episode 720 finished. (AvgLatErr: 0.8640, Steps: 132)
  [Worker 0] episode 721 finished. (AvgLatErr: 1.5861, Steps: 135)
  [Worker 0] episode 722 finished. (AvgLatErr: 1.1529, Steps: 125)
  [Worker 0] episode 723 finished. (AvgLatErr: 1.4717, Steps: 129)
  [Worker 0] episode 724 finished. (AvgLatErr: 2.8340, Steps: 145)
  [Worker 0] episode 725 finished. (AvgLatErr: 1.4351, Steps: 135)
  [Worker 0] episode 726 finished. (AvgLatErr: 1.2813, Steps: 128)
  [Worker 0] episode 727 finished. (AvgLatErr: 3.2445, Steps: 151)
  [Worker 0] episode 728 finished. (AvgLatErr: 1.2010, Steps: 138)
  [Worker 0] episode 729 finished. (AvgLatErr: 2.0115, Steps: 140)
[Worker 0].
Warning: num_agents (8) is greater than the number of available vehicle parameters (4). Cycling vehicle templates.
[Worker 2] TensorFlow device=GPU, mixed_precision=mixed_float16
[Worker 2] Random seed fixed: 300761
[Worker 2] started on GPU.
  [Worker 2] episode 720 finished. (AvgLatErr: 0.5043, Steps: 127)
  [Worker 2] episode 721 finished. (AvgLatErr: 0.7080, Steps: 111)
  [Worker 2] episode 722 finished. (AvgLatErr: 0.4525, Steps: 133)
  [Worker 2] episode 723 finished. (AvgLatErr: 0.3693, Steps: 129)
  [Worker 2] episode 724 finished. (AvgLatErr: 0.3437, Steps: 141)
  [Worker 2] episode 725 finished. (AvgLatErr: 0.4961, Steps: 124)
  [Worker 2] episode 726 finished. (AvgLatErr: 0.6650, Steps: 111)
  [Worker 2] episode 727 finished. (AvgLatErr: 0.5326, Steps: 112)
  [Worker 2] episode 728 finished. (AvgLatErr: 5.4862, Steps: 200)
  [Worker 2] episode 729 finished. (AvgLatErr: 0.4183, Steps: 125)
[Worker 2].
Warning: num_agents (8) is greater than the number of available vehicle parameters (4). Cycling vehicle templates.
[Worker 4] TensorFlow device=GPU, mixed_precision=mixed_float16
[Worker 4] Random seed fixed: 500761
[Worker 4] started on GPU.
  [Worker 4] episode 720 finished. (AvgLatErr: 0.3507, Steps: 156)
  [Worker 4] episode 721 finished. (AvgLatErr: 0.2174, Steps: 163)
  [Worker 4] episode 722 finished. (AvgLatErr: 0.3670, Steps: 147)
  [Worker 4] episode 723 finished. (AvgLatErr: 0.2494, Steps: 157)
  [Worker 4] episode 724 finished. (AvgLatErr: 0.3100, Steps: 153)
  [Worker 4] episode 725 finished. (AvgLatErr: 0.3250, Steps: 151)
  [Worker 4] episode 726 finished. (AvgLatErr: 0.2751, Steps: 154)
  [Worker 4] episode 727 finished. (AvgLatErr: 0.2513, Steps: 149)
  [Worker 4] episode 728 finished. (AvgLatErr: 0.3940, Steps: 151)
  [Worker 4] episode 729 finished. (AvgLatErr: 0.2814, Steps: 147)
[Worker 4].
Warning: num_agents (8) is greater than the number of available vehicle parameters (4). Cycling vehicle templates.
[Worker 3] TensorFlow device=GPU, mixed_precision=mixed_float16
[Worker 3] Random seed fixed: 400761
[Worker 3] started on GPU.
  [Worker 3] episode 720 finished. (AvgLatErr: 1.0120, Steps: 177)
  [Worker 3] episode 721 finished. (AvgLatErr: 0.7990, Steps: 178)
  [Worker 3] episode 722 finished. (AvgLatErr: 0.4342, Steps: 184)
  [Worker 3] episode 723 finished. (AvgLatErr: 0.7239, Steps: 175)
  [Worker 3] episode 724 finished. (AvgLatErr: 0.6628, Steps: 160)
  [Worker 3] episode 725 finished. (AvgLatErr: 0.9917, Steps: 163)
  [Worker 3] episode 726 finished. (AvgLatErr: 1.5447, Steps: 179)
  [Worker 3] episode 727 finished. (AvgLatErr: 0.6713, Steps: 176)
  [Worker 3] episode 728 finished. (AvgLatErr: 0.6670, Steps: 164)
  [Worker 3] episode 729 finished. (AvgLatErr: 1.0183, Steps: 176)
[Worker 3].
Warning: num_agents (8) is greater than the number of available vehicle parameters (4). Cycling vehicle templates.
[Worker 7] TensorFlow device=GPU, mixed_precision=mixed_float16
[Worker 7] Random seed fixed: 800761
[Worker 7] started on GPU.
  [Worker 7] episode 720 finished. (AvgLatErr: 0.1929, Steps: 129)
  [Worker 7] episode 721 finished. (AvgLatErr: 0.1928, Steps: 143)
  [Worker 7] episode 722 finished. (AvgLatErr: 0.1736, Steps: 140)
  [Worker 7] episode 723 finished. (AvgLatErr: 0.1976, Steps: 130)
  [Worker 7] episode 724 finished. (AvgLatErr: 0.1338, Steps: 132)
  [Worker 7] episode 725 finished. (AvgLatErr: 0.1633, Steps: 128)
  [Worker 7] episode 726 finished. (AvgLatErr: 0.1909, Steps: 123)
  [Worker 7] episode 727 finished. (AvgLatErr: 0.1652, Steps: 137)
  [Worker 7] episode 728 finished. (AvgLatErr: 0.1721, Steps: 140)
  [Worker 7] episode 729 finished. (AvgLatErr: 0.1526, Steps: 128)
[Worker 7].
Warning: num_agents (8) is greater than the number of available vehicle parameters (4). Cycling vehicle templates.
[Worker 5] TensorFlow device=GPU, mixed_precision=mixed_float16
[Worker 5] Random seed fixed: 600761
[Worker 5] started on GPU.
  [Worker 5] episode 720 finished. (AvgLatErr: 0.1571, Steps: 163)
  [Worker 5] episode 721 finished. (AvgLatErr: 0.1932, Steps: 181)
  [Worker 5] episode 722 finished. (AvgLatErr: 0.2490, Steps: 152)
  [Worker 5] episode 723 finished. (AvgLatErr: 0.3141, Steps: 142)
  [Worker 5] episode 724 finished. (AvgLatErr: 0.3211, Steps: 176)
  [Worker 5] episode 725 finished. (AvgLatErr: 0.3515, Steps: 161)
  [Worker 5] episode 726 finished. (AvgLatErr: 0.1639, Steps: 175)
  [Worker 5] episode 727 finished. (AvgLatErr: 0.2395, Steps: 164)
  [Worker 5] episode 728 finished. (AvgLatErr: 0.2068, Steps: 133)
  [Worker 5] episode 729 finished. (AvgLatErr: 0.3200, Steps: 166)
[Worker 5].
Warning: num_agents (8) is greater than the number of available vehicle parameters (4). Cycling vehicle templates.
[Worker 6] TensorFlow device=GPU, mixed_precision=mixed_float16
[Worker 6] Random seed fixed: 700761
[Worker 6] started on GPU.
  [Worker 6] episode 720 finished. (AvgLatErr: 0.4666, Steps: 191)
  [Worker 6] episode 721 finished. (AvgLatErr: 0.6399, Steps: 178)
  [Worker 6] episode 722 finished. (AvgLatErr: 1.1711, Steps: 200)
  [Worker 6] episode 723 finished. (AvgLatErr: 0.6162, Steps: 196)
  [Worker 6] episode 724 finished. (AvgLatErr: 0.5203, Steps: 183)
  [Worker 6] episode 725 finished. (AvgLatErr: 0.7391, Steps: 187)
  [Worker 6] episode 726 finished. (AvgLatErr: 0.8041, Steps: 189)
  [Worker 6] episode 727 finished. (AvgLatErr: 0.4649, Steps: 198)
  [Worker 6] episode 728 finished. (AvgLatErr: 0.6078, Steps: 191)
  [Worker 6] episode 729 finished. (AvgLatErr: 0.5070, Steps: 189)
[Worker 6].
[Main] workers finished. (elapsed: 82.97s)
[Main] Aggregation-selected agents: [1, 4, 5, 7]
[Main] FedAdagrad update completed.
[Main] Replay buffers reset after global model update.
============================================================================================
729 EP / Agent 0 : Avg Lat Err 2.0115
729 EP / Agent 1 : Avg Lat Err 0.1620
729 EP / Agent 2 : Avg Lat Err 0.4183
729 EP / Agent 3 : Avg Lat Err 1.0183
729 EP / Agent 4 : Avg Lat Err 0.2814
729 EP / Agent 5 : Avg Lat Err 0.3200
729 EP / Agent 6 : Avg Lat Err 0.5070
729 EP / Agent 7 : Avg Lat Err 0.1526
============================================================================================

============================================================================================
[Main] FL round started. (episode 730 ~ 739)
[Main] Client selection: mode=error_low, budget=4
[Main] Participating agents: [0, 1, 2, 3, 4, 5, 6, 7]
Warning: num_agents (8) is greater than the number of available vehicle parameters (4). Cycling vehicle templates.
[Worker 0] TensorFlow device=GPU, mixed_precision=mixed_float16
[Worker 0] Random seed fixed: 100771
[Worker 0] started on GPU.
  [Worker 0] episode 730 finished. (AvgLatErr: 0.7462, Steps: 133)
  [Worker 0] episode 731 finished. (AvgLatErr: 7.6404, Steps: 104)
  [Worker 0] episode 732 finished. (AvgLatErr: 1.5738, Steps: 129)
  [Worker 0] episode 733 finished. (AvgLatErr: 0.9951, Steps: 128)
  [Worker 0] episode 734 finished. (AvgLatErr: 1.6198, Steps: 133)
  [Worker 0] episode 735 finished. (AvgLatErr: 1.0192, Steps: 134)
  [Worker 0] episode 736 finished. (AvgLatErr: 0.9651, Steps: 133)
  [Worker 0] episode 737 finished. (AvgLatErr: 0.8021, Steps: 132)
  [Worker 0] episode 738 finished. (AvgLatErr: 0.9759, Steps: 131)
  [Worker 0] episode 739 finished. (AvgLatErr: 7.4159, Steps: 164)
[Worker 0].
Warning: num_agents (8) is greater than the number of available vehicle parameters (4). Cycling vehicle templates.
[Worker 1] TensorFlow device=GPU, mixed_precision=mixed_float16
[Worker 1] Random seed fixed: 200771
[Worker 1] started on GPU.
  [Worker 1] episode 730 finished. (AvgLatErr: 0.1114, Steps: 140)
  [Worker 1] episode 731 finished. (AvgLatErr: 0.1936, Steps: 116)
  [Worker 1] episode 732 finished. (AvgLatErr: 0.1982, Steps: 117)
  [Worker 1] episode 733 finished. (AvgLatErr: 0.2760, Steps: 109)
  [Worker 1] episode 734 finished. (AvgLatErr: 0.1341, Steps: 114)
  [Worker 1] episode 735 finished. (AvgLatErr: 0.1758, Steps: 120)
  [Worker 1] episode 736 finished. (AvgLatErr: 0.1248, Steps: 128)
  [Worker 1] episode 737 finished. (AvgLatErr: 0.2311, Steps: 121)
  [Worker 1] episode 738 finished. (AvgLatErr: 0.2166, Steps: 124)
  [Worker 1] episode 739 finished. (AvgLatErr: 0.1401, Steps: 117)
[Worker 1].
Warning: num_agents (8) is greater than the number of available vehicle parameters (4). Cycling vehicle templates.
[Worker 2] TensorFlow device=GPU, mixed_precision=mixed_float16
[Worker 2] Random seed fixed: 300771
[Worker 2] started on GPU.
  [Worker 2] episode 730 finished. (AvgLatErr: 0.3296, Steps: 126)
  [Worker 2] episode 731 finished. (AvgLatErr: 0.8068, Steps: 119)
  [Worker 2] episode 732 finished. (AvgLatErr: 0.7695, Steps: 133)
  [Worker 2] episode 733 finished. (AvgLatErr: 0.5552, Steps: 113)
  [Worker 2] episode 734 finished. (AvgLatErr: 0.4871, Steps: 118)
  [Worker 2] episode 735 finished. (AvgLatErr: 0.4821, Steps: 122)
  [Worker 2] episode 736 finished. (AvgLatErr: 0.4885, Steps: 133)
  [Worker 2] episode 737 finished. (AvgLatErr: 0.5737, Steps: 120)
  [Worker 2] episode 738 finished. (AvgLatErr: 0.4483, Steps: 116)
  [Worker 2] episode 739 finished. (AvgLatErr: 0.5728, Steps: 114)
[Worker 2].
Warning: num_agents (8) is greater than the number of available vehicle parameters (4). Cycling vehicle templates.
[Worker 4] TensorFlow device=GPU, mixed_precision=mixed_float16
[Worker 4] Random seed fixed: 500771
[Worker 4] started on GPU.
  [Worker 4] episode 730 finished. (AvgLatErr: 0.3155, Steps: 156)
  [Worker 4] episode 731 finished. (AvgLatErr: 0.1768, Steps: 168)
  [Worker 4] episode 732 finished. (AvgLatErr: 0.3070, Steps: 157)
  [Worker 4] episode 733 finished. (AvgLatErr: 0.2527, Steps: 151)
  [Worker 4] episode 734 finished. (AvgLatErr: 0.4091, Steps: 170)
  [Worker 4] episode 735 finished. (AvgLatErr: 0.2368, Steps: 159)
  [Worker 4] episode 736 finished. (AvgLatErr: 0.3293, Steps: 161)
  [Worker 4] episode 737 finished. (AvgLatErr: 0.2953, Steps: 160)
  [Worker 4] episode 738 finished. (AvgLatErr: 0.2719, Steps: 156)
  [Worker 4] episode 739 finished. (AvgLatErr: 0.2743, Steps: 145)
[Worker 4].
Warning: num_agents (8) is greater than the number of available vehicle parameters (4). Cycling vehicle templates.
[Worker 3] TensorFlow device=GPU, mixed_precision=mixed_float16
[Worker 3] Random seed fixed: 400771
[Worker 3] started on GPU.
  [Worker 3] episode 730 finished. (AvgLatErr: 0.6193, Steps: 188)
  [Worker 3] episode 731 finished. (AvgLatErr: 0.5008, Steps: 172)
  [Worker 3] episode 732 finished. (AvgLatErr: 0.6014, Steps: 176)
  [Worker 3] episode 733 finished. (AvgLatErr: 0.9404, Steps: 188)
  [Worker 3] episode 734 finished. (AvgLatErr: 0.9668, Steps: 168)
  [Worker 3] episode 735 finished. (AvgLatErr: 0.5330, Steps: 180)
  [Worker 3] episode 736 finished. (AvgLatErr: 0.6348, Steps: 187)
  [Worker 3] episode 737 finished. (AvgLatErr: 0.6962, Steps: 178)
  [Worker 3] episode 738 finished. (AvgLatErr: 0.8247, Steps: 189)
  [Worker 3] episode 739 finished. (AvgLatErr: 0.7626, Steps: 176)
[Worker 3].
Warning: num_agents (8) is greater than the number of available vehicle parameters (4). Cycling vehicle templates.
[Worker 5] TensorFlow device=GPU, mixed_precision=mixed_float16
[Worker 5] Random seed fixed: 600771
[Worker 5] started on GPU.
  [Worker 5] episode 730 finished. (AvgLatErr: 0.1434, Steps: 157)
  [Worker 5] episode 731 finished. (AvgLatErr: 0.2419, Steps: 177)
  [Worker 5] episode 732 finished. (AvgLatErr: 0.3865, Steps: 150)
  [Worker 5] episode 733 finished. (AvgLatErr: 0.2430, Steps: 149)
  [Worker 5] episode 734 finished. (AvgLatErr: 0.4348, Steps: 163)
  [Worker 5] episode 735 finished. (AvgLatErr: 0.4549, Steps: 180)
  [Worker 5] episode 736 finished. (AvgLatErr: 0.3854, Steps: 156)
  [Worker 5] episode 737 finished. (AvgLatErr: 0.2205, Steps: 145)
  [Worker 5] episode 738 finished. (AvgLatErr: 0.2958, Steps: 167)
  [Worker 5] episode 739 finished. (AvgLatErr: 0.3216, Steps: 150)
[Worker 5].
Warning: num_agents (8) is greater than the number of available vehicle parameters (4). Cycling vehicle templates.
[Worker 7] TensorFlow device=GPU, mixed_precision=mixed_float16
[Worker 7] Random seed fixed: 800771
[Worker 7] started on GPU.
  [Worker 7] episode 730 finished. (AvgLatErr: 0.1418, Steps: 140)
  [Worker 7] episode 731 finished. (AvgLatErr: 0.2021, Steps: 141)
  [Worker 7] episode 732 finished. (AvgLatErr: 0.2068, Steps: 128)
  [Worker 7] episode 733 finished. (AvgLatErr: 0.2283, Steps: 133)
  [Worker 7] episode 734 finished. (AvgLatErr: 0.2247, Steps: 130)
  [Worker 7] episode 735 finished. (AvgLatErr: 0.1380, Steps: 147)
  [Worker 7] episode 736 finished. (AvgLatErr: 0.1409, Steps: 132)
  [Worker 7] episode 737 finished. (AvgLatErr: 0.1399, Steps: 129)
  [Worker 7] episode 738 finished. (AvgLatErr: 0.1363, Steps: 127)
  [Worker 7] episode 739 finished. (AvgLatErr: 0.1881, Steps: 128)
[Worker 7].
Warning: num_agents (8) is greater than the number of available vehicle parameters (4). Cycling vehicle templates.
[Worker 6] TensorFlow device=GPU, mixed_precision=mixed_float16
[Worker 6] Random seed fixed: 700771
[Worker 6] started on GPU.
  [Worker 6] episode 730 finished. (AvgLatErr: 0.5097, Steps: 200)
  [Worker 6] episode 731 finished. (AvgLatErr: 0.3927, Steps: 192)
  [Worker 6] episode 732 finished. (AvgLatErr: 0.6023, Steps: 197)
  [Worker 6] episode 733 finished. (AvgLatErr: 0.3546, Steps: 200)
  [Worker 6] episode 734 finished. (AvgLatErr: 0.5458, Steps: 200)
  [Worker 6] episode 735 finished. (AvgLatErr: 0.4761, Steps: 192)
  [Worker 6] episode 736 finished. (AvgLatErr: 0.3521, Steps: 196)
  [Worker 6] episode 737 finished. (AvgLatErr: 0.5425, Steps: 182)
  [Worker 6] episode 738 finished. (AvgLatErr: 0.4260, Steps: 191)
  [Worker 6] episode 739 finished. (AvgLatErr: 0.3678, Steps: 194)
[Worker 6].
[Main] workers finished. (elapsed: 83.66s)
[Main] Aggregation-selected agents: [1, 4, 5, 7]
[Main] FedAdagrad update completed.
[Main] Replay buffers reset after global model update.
============================================================================================
739 EP / Agent 0 : Avg Lat Err 7.4159
739 EP / Agent 1 : Avg Lat Err 0.1401
739 EP / Agent 2 : Avg Lat Err 0.5728
739 EP / Agent 3 : Avg Lat Err 0.7626
739 EP / Agent 4 : Avg Lat Err 0.2743
739 EP / Agent 5 : Avg Lat Err 0.3216
739 EP / Agent 6 : Avg Lat Err 0.3678
739 EP / Agent 7 : Avg Lat Err 0.1881
============================================================================================

============================================================================================
[Main] FL round started. (episode 740 ~ 749)
[Main] Client selection: mode=error_low, budget=4
[Main] Participating agents: [0, 1, 2, 3, 4, 5, 6, 7]
Warning: num_agents (8) is greater than the number of available vehicle parameters (4). Cycling vehicle templates.
[Worker 0] TensorFlow device=GPU, mixed_precision=mixed_float16
[Worker 0] Random seed fixed: 100781
[Worker 0] started on GPU.
  [Worker 0] episode 740 finished. (AvgLatErr: 0.6765, Steps: 133)
  [Worker 0] episode 741 finished. (AvgLatErr: 1.0739, Steps: 142)
  [Worker 0] episode 742 finished. (AvgLatErr: 1.0274, Steps: 126)
  [Worker 0] episode 743 finished. (AvgLatErr: 1.7849, Steps: 137)
  [Worker 0] episode 744 finished. (AvgLatErr: 0.7205, Steps: 131)
  [Worker 0] episode 745 finished. (AvgLatErr: 1.5204, Steps: 124)
  [Worker 0] episode 746 finished. (AvgLatErr: 1.1466, Steps: 121)
  [Worker 0] episode 747 finished. (AvgLatErr: 1.3678, Steps: 123)
  [Worker 0] episode 748 finished. (AvgLatErr: 1.3289, Steps: 126)
  [Worker 0] episode 749 finished. (AvgLatErr: 1.2809, Steps: 141)
[Worker 0].
Warning: num_agents (8) is greater than the number of available vehicle parameters (4). Cycling vehicle templates.
[Worker 1] TensorFlow device=GPU, mixed_precision=mixed_float16
[Worker 1] Random seed fixed: 200781
[Worker 1] started on GPU.
  [Worker 1] episode 740 finished. (AvgLatErr: 0.1370, Steps: 123)
  [Worker 1] episode 741 finished. (AvgLatErr: 0.1272, Steps: 157)
  [Worker 1] episode 742 finished. (AvgLatErr: 0.1417, Steps: 118)
  [Worker 1] episode 743 finished. (AvgLatErr: 0.1650, Steps: 119)
  [Worker 1] episode 744 finished. (AvgLatErr: 0.1647, Steps: 116)
  [Worker 1] episode 745 finished. (AvgLatErr: 0.1410, Steps: 117)
  [Worker 1] episode 746 finished. (AvgLatErr: 5.7075, Steps: 200)
  [Worker 1] episode 747 finished. (AvgLatErr: 0.3145, Steps: 113)
  [Worker 1] episode 748 finished. (AvgLatErr: 0.1522, Steps: 115)
  [Worker 1] episode 749 finished. (AvgLatErr: 0.2996, Steps: 124)
[Worker 1].
Warning: num_agents (8) is greater than the number of available vehicle parameters (4). Cycling vehicle templates.
[Worker 2] TensorFlow device=GPU, mixed_precision=mixed_float16
[Worker 2] Random seed fixed: 300781
[Worker 2] started on GPU.
  [Worker 2] episode 740 finished. (AvgLatErr: 0.2798, Steps: 115)
  [Worker 2] episode 741 finished. (AvgLatErr: 0.3333, Steps: 118)
  [Worker 2] episode 742 finished. (AvgLatErr: 0.4178, Steps: 135)
  [Worker 2] episode 743 finished. (AvgLatErr: 0.3427, Steps: 117)
  [Worker 2] episode 744 finished. (AvgLatErr: 0.4817, Steps: 116)
  [Worker 2] episode 745 finished. (AvgLatErr: 0.4904, Steps: 136)
  [Worker 2] episode 746 finished. (AvgLatErr: 0.8679, Steps: 121)
  [Worker 2] episode 747 finished. (AvgLatErr: 0.5971, Steps: 118)
  [Worker 2] episode 748 finished. (AvgLatErr: 0.6204, Steps: 123)
  [Worker 2] episode 749 finished. (AvgLatErr: 0.7045, Steps: 122)
[Worker 2].
Warning: num_agents (8) is greater than the number of available vehicle parameters (4). Cycling vehicle templates.
[Worker 3] TensorFlow device=GPU, mixed_precision=mixed_float16
[Worker 3] Random seed fixed: 400781
[Worker 3] started on GPU.
  [Worker 3] episode 740 finished. (AvgLatErr: 0.5549, Steps: 186)
  [Worker 3] episode 741 finished. (AvgLatErr: 0.4157, Steps: 172)
  [Worker 3] episode 742 finished. (AvgLatErr: 0.6368, Steps: 173)
  [Worker 3] episode 743 finished. (AvgLatErr: 0.8422, Steps: 169)
  [Worker 3] episode 744 finished. (AvgLatErr: 0.4900, Steps: 173)
  [Worker 3] episode 745 finished. (AvgLatErr: 0.7811, Steps: 173)
  [Worker 3] episode 746 finished. (AvgLatErr: 0.6153, Steps: 170)
  [Worker 3] episode 747 finished. (AvgLatErr: 0.7009, Steps: 166)
  [Worker 3] episode 748 finished. (AvgLatErr: 0.3989, Steps: 170)
  [Worker 3] episode 749 finished. (AvgLatErr: 1.1351, Steps: 177)
[Worker 3].
Warning: num_agents (8) is greater than the number of available vehicle parameters (4). Cycling vehicle templates.
[Worker 4] TensorFlow device=GPU, mixed_precision=mixed_float16
[Worker 4] Random seed fixed: 500781
[Worker 4] started on GPU.
  [Worker 4] episode 740 finished. (AvgLatErr: 0.2849, Steps: 159)
  [Worker 4] episode 741 finished. (AvgLatErr: 0.2432, Steps: 156)
  [Worker 4] episode 742 finished. (AvgLatErr: 0.2529, Steps: 153)
  [Worker 4] episode 743 finished. (AvgLatErr: 0.1975, Steps: 165)
  [Worker 4] episode 744 finished. (AvgLatErr: 0.2685, Steps: 167)
  [Worker 4] episode 745 finished. (AvgLatErr: 0.4662, Steps: 169)
  [Worker 4] episode 746 finished. (AvgLatErr: 0.2772, Steps: 159)
  [Worker 4] episode 747 finished. (AvgLatErr: 0.2028, Steps: 158)
  [Worker 4] episode 748 finished. (AvgLatErr: 0.1999, Steps: 155)
  [Worker 4] episode 749 finished. (AvgLatErr: 0.2272, Steps: 154)
[Worker 4].
Warning: num_agents (8) is greater than the number of available vehicle parameters (4). Cycling vehicle templates.
[Worker 7] TensorFlow device=GPU, mixed_precision=mixed_float16
[Worker 7] Random seed fixed: 800781
[Worker 7] started on GPU.
  [Worker 7] episode 740 finished. (AvgLatErr: 0.1485, Steps: 132)
  [Worker 7] episode 741 finished. (AvgLatErr: 0.1619, Steps: 134)
  [Worker 7] episode 742 finished. (AvgLatErr: 0.1465, Steps: 137)
  [Worker 7] episode 743 finished. (AvgLatErr: 0.1782, Steps: 135)
  [Worker 7] episode 744 finished. (AvgLatErr: 0.2027, Steps: 145)
  [Worker 7] episode 745 finished. (AvgLatErr: 0.1534, Steps: 124)
  [Worker 7] episode 746 finished. (AvgLatErr: 0.3176, Steps: 137)
  [Worker 7] episode 747 finished. (AvgLatErr: 0.2321, Steps: 123)
  [Worker 7] episode 748 finished. (AvgLatErr: 0.2560, Steps: 123)
  [Worker 7] episode 749 finished. (AvgLatErr: 0.2578, Steps: 122)
[Worker 7].
Warning: num_agents (8) is greater than the number of available vehicle parameters (4). Cycling vehicle templates.
[Worker 5] TensorFlow device=GPU, mixed_precision=mixed_float16
[Worker 5] Random seed fixed: 600781
[Worker 5] started on GPU.
  [Worker 5] episode 740 finished. (AvgLatErr: 0.2093, Steps: 196)
  [Worker 5] episode 741 finished. (AvgLatErr: 0.2505, Steps: 171)
  [Worker 5] episode 742 finished. (AvgLatErr: 0.1880, Steps: 178)
  [Worker 5] episode 743 finished. (AvgLatErr: 0.2270, Steps: 169)
  [Worker 5] episode 744 finished. (AvgLatErr: 0.1781, Steps: 162)
  [Worker 5] episode 745 finished. (AvgLatErr: 0.2551, Steps: 142)
  [Worker 5] episode 746 finished. (AvgLatErr: 0.3074, Steps: 179)
  [Worker 5] episode 747 finished. (AvgLatErr: 0.1518, Steps: 195)
  [Worker 5] episode 748 finished. (AvgLatErr: 0.2711, Steps: 153)
  [Worker 5] episode 749 finished. (AvgLatErr: 0.2513, Steps: 173)
[Worker 5].
Warning: num_agents (8) is greater than the number of available vehicle parameters (4). Cycling vehicle templates.
[Worker 6] TensorFlow device=GPU, mixed_precision=mixed_float16
[Worker 6] Random seed fixed: 700781
[Worker 6] started on GPU.
  [Worker 6] episode 740 finished. (AvgLatErr: 0.4997, Steps: 200)
  [Worker 6] episode 741 finished. (AvgLatErr: 0.6489, Steps: 200)
  [Worker 6] episode 742 finished. (AvgLatErr: 0.5261, Steps: 200)
  [Worker 6] episode 743 finished. (AvgLatErr: 0.6159, Steps: 200)
  [Worker 6] episode 744 finished. (AvgLatErr: 0.6665, Steps: 200)
  [Worker 6] episode 745 finished. (AvgLatErr: 0.8847, Steps: 199)
  [Worker 6] episode 746 finished. (AvgLatErr: 0.5409, Steps: 195)
  [Worker 6] episode 747 finished. (AvgLatErr: 0.5437, Steps: 200)
  [Worker 6] episode 748 finished. (AvgLatErr: 0.4459, Steps: 181)
  [Worker 6] episode 749 finished. (AvgLatErr: 0.5615, Steps: 200)
[Worker 6].
[Main] workers finished. (elapsed: 84.94s)
[Main] Aggregation-selected agents: [1, 4, 5, 7]
[Main] FedAdagrad update completed.
[Main] Replay buffers reset after global model update.
============================================================================================
749 EP / Agent 0 : Avg Lat Err 1.2809
749 EP / Agent 1 : Avg Lat Err 0.2996
749 EP / Agent 2 : Avg Lat Err 0.7045
749 EP / Agent 3 : Avg Lat Err 1.1351
749 EP / Agent 4 : Avg Lat Err 0.2272
749 EP / Agent 5 : Avg Lat Err 0.2513
749 EP / Agent 6 : Avg Lat Err 0.5615
749 EP / Agent 7 : Avg Lat Err 0.2578
============================================================================================
[Main] Model checkpoint saved: C:\Users\syd79\FRL-Q\experiments\fast_parallel_fedadagrad_8errorlow4_20260916_run1_error_low_4of8\checkpoints\global_model_episode_000750.weights.h5

============================================================================================
[Main] FL round started. (episode 750 ~ 759)
[Main] Client selection: mode=error_low, budget=4
[Main] Participating agents: [0, 1, 2, 3, 4, 5, 6, 7]
Warning: num_agents (8) is greater than the number of available vehicle parameters (4). Cycling vehicle templates.
[Worker 0] TensorFlow device=GPU, mixed_precision=mixed_float16
[Worker 0] Random seed fixed: 100791
[Worker 0] started on GPU.
  [Worker 0] episode 750 finished. (AvgLatErr: 1.1238, Steps: 130)
  [Worker 0] episode 751 finished. (AvgLatErr: 1.5707, Steps: 138)
  [Worker 0] episode 752 finished. (AvgLatErr: 1.2922, Steps: 117)
  [Worker 0] episode 753 finished. (AvgLatErr: 1.7309, Steps: 141)
  [Worker 0] episode 754 finished. (AvgLatErr: 1.2469, Steps: 119)
  [Worker 0] episode 755 finished. (AvgLatErr: 2.6630, Steps: 137)
  [Worker 0] episode 756 finished. (AvgLatErr: 3.4056, Steps: 146)
  [Worker 0] episode 757 finished. (AvgLatErr: 2.4792, Steps: 136)
  [Worker 0] episode 758 finished. (AvgLatErr: 2.6410, Steps: 139)
  [Worker 0] episode 759 finished. (AvgLatErr: 1.5776, Steps: 138)
[Worker 0].
Warning: num_agents (8) is greater than the number of available vehicle parameters (4). Cycling vehicle templates.
[Worker 1] TensorFlow device=GPU, mixed_precision=mixed_float16
[Worker 1] Random seed fixed: 200791
[Worker 1] started on GPU.
  [Worker 1] episode 750 finished. (AvgLatErr: 0.1570, Steps: 127)
  [Worker 1] episode 751 finished. (AvgLatErr: 0.1723, Steps: 124)
  [Worker 1] episode 752 finished. (AvgLatErr: 0.1483, Steps: 126)
  [Worker 1] episode 753 finished. (AvgLatErr: 0.1913, Steps: 129)
  [Worker 1] episode 754 finished. (AvgLatErr: 0.1406, Steps: 129)
  [Worker 1] episode 755 finished. (AvgLatErr: 0.2178, Steps: 125)
  [Worker 1] episode 756 finished. (AvgLatErr: 0.1630, Steps: 124)
  [Worker 1] episode 757 finished. (AvgLatErr: 0.2489, Steps: 135)
  [Worker 1] episode 758 finished. (AvgLatErr: 0.2734, Steps: 134)
  [Worker 1] episode 759 finished. (AvgLatErr: 0.1242, Steps: 137)
[Worker 1].
Warning: num_agents (8) is greater than the number of available vehicle parameters (4). Cycling vehicle templates.
[Worker 2] TensorFlow device=GPU, mixed_precision=mixed_float16
[Worker 2] Random seed fixed: 300791
[Worker 2] started on GPU.
  [Worker 2] episode 750 finished. (AvgLatErr: 0.4496, Steps: 119)
  [Worker 2] episode 751 finished. (AvgLatErr: 0.3384, Steps: 116)
  [Worker 2] episode 752 finished. (AvgLatErr: 0.3440, Steps: 119)
  [Worker 2] episode 753 finished. (AvgLatErr: 0.8128, Steps: 122)
  [Worker 2] episode 754 finished. (AvgLatErr: 0.4144, Steps: 114)
  [Worker 2] episode 755 finished. (AvgLatErr: 0.3919, Steps: 118)
  [Worker 2] episode 756 finished. (AvgLatErr: 0.3765, Steps: 126)
  [Worker 2] episode 757 finished. (AvgLatErr: 0.3288, Steps: 123)
  [Worker 2] episode 758 finished. (AvgLatErr: 0.7661, Steps: 116)
  [Worker 2] episode 759 finished. (AvgLatErr: 0.4032, Steps: 120)
[Worker 2].
Warning: num_agents (8) is greater than the number of available vehicle parameters (4). Cycling vehicle templates.
[Worker 3] TensorFlow device=GPU, mixed_precision=mixed_float16
[Worker 3] Random seed fixed: 400791
[Worker 3] started on GPU.
  [Worker 3] episode 750 finished. (AvgLatErr: 0.9790, Steps: 168)
  [Worker 3] episode 751 finished. (AvgLatErr: 0.7505, Steps: 152)
  [Worker 3] episode 752 finished. (AvgLatErr: 0.7035, Steps: 156)
  [Worker 3] episode 753 finished. (AvgLatErr: 0.7114, Steps: 168)
  [Worker 3] episode 754 finished. (AvgLatErr: 1.5296, Steps: 163)
  [Worker 3] episode 755 finished. (AvgLatErr: 0.9249, Steps: 161)
  [Worker 3] episode 756 finished. (AvgLatErr: 0.7676, Steps: 154)
  [Worker 3] episode 757 finished. (AvgLatErr: 0.7511, Steps: 153)
  [Worker 3] episode 758 finished. (AvgLatErr: 0.7704, Steps: 158)
  [Worker 3] episode 759 finished. (AvgLatErr: 1.2786, Steps: 176)
[Worker 3].
Warning: num_agents (8) is greater than the number of available vehicle parameters (4). Cycling vehicle templates.
[Worker 4] TensorFlow device=GPU, mixed_precision=mixed_float16
[Worker 4] Random seed fixed: 500791
[Worker 4] started on GPU.
  [Worker 4] episode 750 finished. (AvgLatErr: 0.3746, Steps: 164)
  [Worker 4] episode 751 finished. (AvgLatErr: 0.2566, Steps: 149)
  [Worker 4] episode 752 finished. (AvgLatErr: 0.2162, Steps: 153)
  [Worker 4] episode 753 finished. (AvgLatErr: 0.3036, Steps: 153)
  [Worker 4] episode 754 finished. (AvgLatErr: 0.2792, Steps: 152)
  [Worker 4] episode 755 finished. (AvgLatErr: 0.2608, Steps: 156)
  [Worker 4] episode 756 finished. (AvgLatErr: 0.3508, Steps: 157)
  [Worker 4] episode 757 finished. (AvgLatErr: 0.2512, Steps: 148)
  [Worker 4] episode 758 finished. (AvgLatErr: 0.2689, Steps: 153)
  [Worker 4] episode 759 finished. (AvgLatErr: 0.3208, Steps: 159)
[Worker 4].
Warning: num_agents (8) is greater than the number of available vehicle parameters (4). Cycling vehicle templates.
[Worker 7] TensorFlow device=GPU, mixed_precision=mixed_float16
[Worker 7] Random seed fixed: 800791
[Worker 7] started on GPU.
  [Worker 7] episode 750 finished. (AvgLatErr: 0.2417, Steps: 143)
  [Worker 7] episode 751 finished. (AvgLatErr: 0.1557, Steps: 128)
  [Worker 7] episode 752 finished. (AvgLatErr: 0.1838, Steps: 125)
  [Worker 7] episode 753 finished. (AvgLatErr: 0.2242, Steps: 121)
  [Worker 7] episode 754 finished. (AvgLatErr: 0.4072, Steps: 133)
  [Worker 7] episode 755 finished. (AvgLatErr: 0.2598, Steps: 119)
  [Worker 7] episode 756 finished. (AvgLatErr: 0.2060, Steps: 140)
  [Worker 7] episode 757 finished. (AvgLatErr: 0.1520, Steps: 129)
  [Worker 7] episode 758 finished. (AvgLatErr: 0.1651, Steps: 132)
  [Worker 7] episode 759 finished. (AvgLatErr: 0.1572, Steps: 132)
[Worker 7].
Warning: num_agents (8) is greater than the number of available vehicle parameters (4). Cycling vehicle templates.
[Worker 5] TensorFlow device=GPU, mixed_precision=mixed_float16
[Worker 5] Random seed fixed: 600791
[Worker 5] started on GPU.
  [Worker 5] episode 750 finished. (AvgLatErr: 0.2252, Steps: 149)
  [Worker 5] episode 751 finished. (AvgLatErr: 0.1625, Steps: 165)
  [Worker 5] episode 752 finished. (AvgLatErr: 0.2804, Steps: 161)
  [Worker 5] episode 753 finished. (AvgLatErr: 0.2409, Steps: 167)
  [Worker 5] episode 754 finished. (AvgLatErr: 0.1561, Steps: 152)
  [Worker 5] episode 755 finished. (AvgLatErr: 0.2442, Steps: 146)
  [Worker 5] episode 756 finished. (AvgLatErr: 0.1924, Steps: 158)
  [Worker 5] episode 757 finished. (AvgLatErr: 0.2080, Steps: 157)
  [Worker 5] episode 758 finished. (AvgLatErr: 0.2524, Steps: 160)
  [Worker 5] episode 759 finished. (AvgLatErr: 0.2056, Steps: 145)
[Worker 5].
Warning: num_agents (8) is greater than the number of available vehicle parameters (4). Cycling vehicle templates.
[Worker 6] TensorFlow device=GPU, mixed_precision=mixed_float16
[Worker 6] Random seed fixed: 700791
[Worker 6] started on GPU.
  [Worker 6] episode 750 finished. (AvgLatErr: 0.7039, Steps: 200)
  [Worker 6] episode 751 finished. (AvgLatErr: 0.5577, Steps: 190)
  [Worker 6] episode 752 finished. (AvgLatErr: 0.3636, Steps: 200)
  [Worker 6] episode 753 finished. (AvgLatErr: 0.3929, Steps: 200)
  [Worker 6] episode 754 finished. (AvgLatErr: 0.2812, Steps: 196)
  [Worker 6] episode 755 finished. (AvgLatErr: 0.6211, Steps: 200)
  [Worker 6] episode 756 finished. (AvgLatErr: 0.4074, Steps: 200)
  [Worker 6] episode 757 finished. (AvgLatErr: 0.3578, Steps: 200)
  [Worker 6] episode 758 finished. (AvgLatErr: 0.3866, Steps: 200)
  [Worker 6] episode 759 finished. (AvgLatErr: 0.5148, Steps: 200)
[Worker 6].
[Main] workers finished. (elapsed: 83.21s)
[Main] Aggregation-selected agents: [1, 4, 5, 7]
[Main] FedAdagrad update completed.
[Main] Replay buffers reset after global model update.
============================================================================================
759 EP / Agent 0 : Avg Lat Err 1.5776
759 EP / Agent 1 : Avg Lat Err 0.1242
759 EP / Agent 2 : Avg Lat Err 0.4032
759 EP / Agent 3 : Avg Lat Err 1.2786
759 EP / Agent 4 : Avg Lat Err 0.3208
759 EP / Agent 5 : Avg Lat Err 0.2056
759 EP / Agent 6 : Avg Lat Err 0.5148
759 EP / Agent 7 : Avg Lat Err 0.1572
============================================================================================

============================================================================================
[Main] FL round started. (episode 760 ~ 769)
[Main] Client selection: mode=error_low, budget=4
[Main] Participating agents: [0, 1, 2, 3, 4, 5, 6, 7]
Warning: num_agents (8) is greater than the number of available vehicle parameters (4). Cycling vehicle templates.
[Worker 0] TensorFlow device=GPU, mixed_precision=mixed_float16
[Worker 0] Random seed fixed: 100801
[Worker 0] started on GPU.
  [Worker 0] episode 760 finished. (AvgLatErr: 0.6316, Steps: 128)
  [Worker 0] episode 761 finished. (AvgLatErr: 1.3530, Steps: 128)
  [Worker 0] episode 762 finished. (AvgLatErr: 1.1325, Steps: 125)
  [Worker 0] episode 763 finished. (AvgLatErr: 1.2126, Steps: 123)
  [Worker 0] episode 764 finished. (AvgLatErr: 1.5383, Steps: 148)
  [Worker 0] episode 765 finished. (AvgLatErr: 0.9399, Steps: 144)
  [Worker 0] episode 766 finished. (AvgLatErr: 1.0051, Steps: 130)
  [Worker 0] episode 767 finished. (AvgLatErr: 0.8802, Steps: 135)
  [Worker 0] episode 768 finished. (AvgLatErr: 1.9414, Steps: 148)
  [Worker 0] episode 769 finished. (AvgLatErr: 0.8040, Steps: 139)
[Worker 0].
Warning: num_agents (8) is greater than the number of available vehicle parameters (4). Cycling vehicle templates.
[Worker 1] TensorFlow device=GPU, mixed_precision=mixed_float16
[Worker 1] Random seed fixed: 200801
[Worker 1] started on GPU.
  [Worker 1] episode 760 finished. (AvgLatErr: 0.1612, Steps: 126)
  [Worker 1] episode 761 finished. (AvgLatErr: 0.1472, Steps: 136)
  [Worker 1] episode 762 finished. (AvgLatErr: 0.2241, Steps: 133)
  [Worker 1] episode 763 finished. (AvgLatErr: 0.1095, Steps: 126)
  [Worker 1] episode 764 finished. (AvgLatErr: 0.1206, Steps: 142)
  [Worker 1] episode 765 finished. (AvgLatErr: 0.5178, Steps: 119)
  [Worker 1] episode 766 finished. (AvgLatErr: 0.3010, Steps: 145)
  [Worker 1] episode 767 finished. (AvgLatErr: 0.2876, Steps: 124)
  [Worker 1] episode 768 finished. (AvgLatErr: 0.1877, Steps: 129)
  [Worker 1] episode 769 finished. (AvgLatErr: 0.2579, Steps: 126)
[Worker 1].
Warning: num_agents (8) is greater than the number of available vehicle parameters (4). Cycling vehicle templates.
[Worker 2] TensorFlow device=GPU, mixed_precision=mixed_float16
[Worker 2] Random seed fixed: 300801
[Worker 2] started on GPU.
  [Worker 2] episode 760 finished. (AvgLatErr: 0.2098, Steps: 125)
  [Worker 2] episode 761 finished. (AvgLatErr: 0.2949, Steps: 119)
  [Worker 2] episode 762 finished. (AvgLatErr: 0.4309, Steps: 122)
  [Worker 2] episode 763 finished. (AvgLatErr: 0.9012, Steps: 130)
  [Worker 2] episode 764 finished. (AvgLatErr: 0.3792, Steps: 116)
  [Worker 2] episode 765 finished. (AvgLatErr: 0.5029, Steps: 115)
  [Worker 2] episode 766 finished. (AvgLatErr: 0.7649, Steps: 124)
  [Worker 2] episode 767 finished. (AvgLatErr: 0.4105, Steps: 122)
  [Worker 2] episode 768 finished. (AvgLatErr: 0.3273, Steps: 118)
  [Worker 2] episode 769 finished. (AvgLatErr: 0.4487, Steps: 124)
[Worker 2].
Warning: num_agents (8) is greater than the number of available vehicle parameters (4). Cycling vehicle templates.
[Worker 3] TensorFlow device=GPU, mixed_precision=mixed_float16
[Worker 3] Random seed fixed: 400801
[Worker 3] started on GPU.
  [Worker 3] episode 760 finished. (AvgLatErr: 0.3941, Steps: 167)
  [Worker 3] episode 761 finished. (AvgLatErr: 0.4707, Steps: 176)
  [Worker 3] episode 762 finished. (AvgLatErr: 1.0184, Steps: 173)
  [Worker 3] episode 763 finished. (AvgLatErr: 0.6112, Steps: 166)
  [Worker 3] episode 764 finished. (AvgLatErr: 0.7067, Steps: 169)
  [Worker 3] episode 765 finished. (AvgLatErr: 0.4449, Steps: 172)
  [Worker 3] episode 766 finished. (AvgLatErr: 0.6906, Steps: 174)
  [Worker 3] episode 767 finished. (AvgLatErr: 0.7031, Steps: 170)
  [Worker 3] episode 768 finished. (AvgLatErr: 0.9508, Steps: 177)
  [Worker 3] episode 769 finished. (AvgLatErr: 0.5417, Steps: 170)
[Worker 3].
Warning: num_agents (8) is greater than the number of available vehicle parameters (4). Cycling vehicle templates.
[Worker 4] TensorFlow device=GPU, mixed_precision=mixed_float16
[Worker 4] Random seed fixed: 500801
[Worker 4] started on GPU.
  [Worker 4] episode 760 finished. (AvgLatErr: 0.2572, Steps: 158)
  [Worker 4] episode 761 finished. (AvgLatErr: 0.3484, Steps: 178)
  [Worker 4] episode 762 finished. (AvgLatErr: 0.3586, Steps: 158)
  [Worker 4] episode 763 finished. (AvgLatErr: 0.2531, Steps: 167)
  [Worker 4] episode 764 finished. (AvgLatErr: 0.2500, Steps: 160)
  [Worker 4] episode 765 finished. (AvgLatErr: 0.3424, Steps: 159)
  [Worker 4] episode 766 finished. (AvgLatErr: 0.4222, Steps: 155)
  [Worker 4] episode 767 finished. (AvgLatErr: 0.3570, Steps: 155)
  [Worker 4] episode 768 finished. (AvgLatErr: 0.2656, Steps: 159)
  [Worker 4] episode 769 finished. (AvgLatErr: 0.2764, Steps: 156)
[Worker 4].
Warning: num_agents (8) is greater than the number of available vehicle parameters (4). Cycling vehicle templates.
[Worker 5] TensorFlow device=GPU, mixed_precision=mixed_float16
[Worker 5] Random seed fixed: 600801
[Worker 5] started on GPU.
  [Worker 5] episode 760 finished. (AvgLatErr: 0.4248, Steps: 159)
  [Worker 5] episode 761 finished. (AvgLatErr: 0.2246, Steps: 147)
  [Worker 5] episode 762 finished. (AvgLatErr: 0.2231, Steps: 164)
  [Worker 5] episode 763 finished. (AvgLatErr: 0.1708, Steps: 147)
  [Worker 5] episode 764 finished. (AvgLatErr: 0.2532, Steps: 139)
  [Worker 5] episode 765 finished. (AvgLatErr: 0.2246, Steps: 134)
  [Worker 5] episode 766 finished. (AvgLatErr: 0.1931, Steps: 155)
  [Worker 5] episode 767 finished. (AvgLatErr: 5.5737, Steps: 200)
  [Worker 5] episode 768 finished. (AvgLatErr: 0.2802, Steps: 154)
  [Worker 5] episode 769 finished. (AvgLatErr: 0.2041, Steps: 173)
[Worker 5].
Warning: num_agents (8) is greater than the number of available vehicle parameters (4). Cycling vehicle templates.
[Worker 7] TensorFlow device=GPU, mixed_precision=mixed_float16
[Worker 7] Random seed fixed: 800801
[Worker 7] started on GPU.
  [Worker 7] episode 760 finished. (AvgLatErr: 0.2547, Steps: 146)
  [Worker 7] episode 761 finished. (AvgLatErr: 0.1610, Steps: 132)
  [Worker 7] episode 762 finished. (AvgLatErr: 0.2196, Steps: 129)
  [Worker 7] episode 763 finished. (AvgLatErr: 0.2334, Steps: 160)
  [Worker 7] episode 764 finished. (AvgLatErr: 0.3345, Steps: 147)
  [Worker 7] episode 765 finished. (AvgLatErr: 0.1810, Steps: 142)
  [Worker 7] episode 766 finished. (AvgLatErr: 0.1746, Steps: 142)
  [Worker 7] episode 767 finished. (AvgLatErr: 0.4353, Steps: 144)
  [Worker 7] episode 768 finished. (AvgLatErr: 0.2877, Steps: 125)
  [Worker 7] episode 769 finished. (AvgLatErr: 0.3146, Steps: 150)
[Worker 7].
Warning: num_agents (8) is greater than the number of available vehicle parameters (4). Cycling vehicle templates.
[Worker 6] TensorFlow device=GPU, mixed_precision=mixed_float16
[Worker 6] Random seed fixed: 700801
[Worker 6] started on GPU.
  [Worker 6] episode 760 finished. (AvgLatErr: 0.5425, Steps: 183)
  [Worker 6] episode 761 finished. (AvgLatErr: 0.8731, Steps: 196)
  [Worker 6] episode 762 finished. (AvgLatErr: 0.4683, Steps: 185)
  [Worker 6] episode 763 finished. (AvgLatErr: 0.4859, Steps: 183)
  [Worker 6] episode 764 finished. (AvgLatErr: 0.4306, Steps: 200)
  [Worker 6] episode 765 finished. (AvgLatErr: 0.4582, Steps: 191)
  [Worker 6] episode 766 finished. (AvgLatErr: 0.5301, Steps: 195)
  [Worker 6] episode 767 finished. (AvgLatErr: 0.5139, Steps: 183)
  [Worker 6] episode 768 finished. (AvgLatErr: 0.6137, Steps: 184)
  [Worker 6] episode 769 finished. (AvgLatErr: 0.7959, Steps: 200)
[Worker 6].
[Main] workers finished. (elapsed: 83.27s)
[Main] Aggregation-selected agents: [1, 4, 5, 7]
[Main] FedAdagrad update completed.
[Main] Replay buffers reset after global model update.
============================================================================================
769 EP / Agent 0 : Avg Lat Err 0.8040
769 EP / Agent 1 : Avg Lat Err 0.2579
769 EP / Agent 2 : Avg Lat Err 0.4487
769 EP / Agent 3 : Avg Lat Err 0.5417
769 EP / Agent 4 : Avg Lat Err 0.2764
769 EP / Agent 5 : Avg Lat Err 0.2041
769 EP / Agent 6 : Avg Lat Err 0.7959
769 EP / Agent 7 : Avg Lat Err 0.3146
============================================================================================

============================================================================================
[Main] FL round started. (episode 770 ~ 779)
[Main] Client selection: mode=error_low, budget=4
[Main] Participating agents: [0, 1, 2, 3, 4, 5, 6, 7]
Warning: num_agents (8) is greater than the number of available vehicle parameters (4). Cycling vehicle templates.
[Worker 0] TensorFlow device=GPU, mixed_precision=mixed_float16
[Worker 0] Random seed fixed: 100811
[Worker 0] started on GPU.
  [Worker 0] episode 770 finished. (AvgLatErr: 0.8434, Steps: 132)
  [Worker 0] episode 771 finished. (AvgLatErr: 0.7591, Steps: 124)
  [Worker 0] episode 772 finished. (AvgLatErr: 0.7910, Steps: 128)
  [Worker 0] episode 773 finished. (AvgLatErr: 1.0198, Steps: 134)
  [Worker 0] episode 774 finished. (AvgLatErr: 0.9256, Steps: 127)
  [Worker 0] episode 775 finished. (AvgLatErr: 1.0976, Steps: 133)
  [Worker 0] episode 776 finished. (AvgLatErr: 1.3960, Steps: 136)
  [Worker 0] episode 777 finished. (AvgLatErr: 6.1086, Steps: 162)
  [Worker 0] episode 778 finished. (AvgLatErr: 1.9184, Steps: 137)
  [Worker 0] episode 779 finished. (AvgLatErr: 1.5808, Steps: 135)
[Worker 0].
Warning: num_agents (8) is greater than the number of available vehicle parameters (4). Cycling vehicle templates.
[Worker 1] TensorFlow device=GPU, mixed_precision=mixed_float16
[Worker 1] Random seed fixed: 200811
[Worker 1] started on GPU.
  [Worker 1] episode 770 finished. (AvgLatErr: 0.1599, Steps: 121)
  [Worker 1] episode 771 finished. (AvgLatErr: 0.1869, Steps: 131)
  [Worker 1] episode 772 finished. (AvgLatErr: 0.1424, Steps: 141)
  [Worker 1] episode 773 finished. (AvgLatErr: 0.2538, Steps: 132)
  [Worker 1] episode 774 finished. (AvgLatErr: 0.2671, Steps: 122)
  [Worker 1] episode 775 finished. (AvgLatErr: 0.2297, Steps: 108)
  [Worker 1] episode 776 finished. (AvgLatErr: 0.2176, Steps: 122)
  [Worker 1] episode 777 finished. (AvgLatErr: 0.1588, Steps: 115)
  [Worker 1] episode 778 finished. (AvgLatErr: 0.1818, Steps: 127)
  [Worker 1] episode 779 finished. (AvgLatErr: 0.3113, Steps: 121)
[Worker 1].
Warning: num_agents (8) is greater than the number of available vehicle parameters (4). Cycling vehicle templates.
[Worker 2] TensorFlow device=GPU, mixed_precision=mixed_float16
[Worker 2] Random seed fixed: 300811
[Worker 2] started on GPU.
  [Worker 2] episode 770 finished. (AvgLatErr: 0.3859, Steps: 122)
  [Worker 2] episode 771 finished. (AvgLatErr: 0.2798, Steps: 123)
  [Worker 2] episode 772 finished. (AvgLatErr: 0.3116, Steps: 127)
  [Worker 2] episode 773 finished. (AvgLatErr: 0.3673, Steps: 131)
  [Worker 2] episode 774 finished. (AvgLatErr: 0.4203, Steps: 113)
  [Worker 2] episode 775 finished. (AvgLatErr: 0.7923, Steps: 123)
  [Worker 2] episode 776 finished. (AvgLatErr: 0.5896, Steps: 110)
  [Worker 2] episode 777 finished. (AvgLatErr: 0.4972, Steps: 120)
  [Worker 2] episode 778 finished. (AvgLatErr: 0.5750, Steps: 120)
  [Worker 2] episode 779 finished. (AvgLatErr: 0.4274, Steps: 115)
[Worker 2].
Warning: num_agents (8) is greater than the number of available vehicle parameters (4). Cycling vehicle templates.
[Worker 3] TensorFlow device=GPU, mixed_precision=mixed_float16
[Worker 3] Random seed fixed: 400811
[Worker 3] started on GPU.
  [Worker 3] episode 770 finished. (AvgLatErr: 0.6788, Steps: 170)
  [Worker 3] episode 771 finished. (AvgLatErr: 0.7540, Steps: 166)
  [Worker 3] episode 772 finished. (AvgLatErr: 0.7882, Steps: 165)
  [Worker 3] episode 773 finished. (AvgLatErr: 0.9915, Steps: 165)
  [Worker 3] episode 774 finished. (AvgLatErr: 1.0527, Steps: 168)
  [Worker 3] episode 775 finished. (AvgLatErr: 0.8017, Steps: 164)
  [Worker 3] episode 776 finished. (AvgLatErr: 0.8417, Steps: 167)
  [Worker 3] episode 777 finished. (AvgLatErr: 1.2472, Steps: 176)
  [Worker 3] episode 778 finished. (AvgLatErr: 1.0861, Steps: 168)
  [Worker 3] episode 779 finished. (AvgLatErr: 0.5459, Steps: 160)
[Worker 3].
Warning: num_agents (8) is greater than the number of available vehicle parameters (4). Cycling vehicle templates.
[Worker 5] TensorFlow device=GPU, mixed_precision=mixed_float16
[Worker 5] Random seed fixed: 600811
[Worker 5] started on GPU.
  [Worker 5] episode 770 finished. (AvgLatErr: 0.1684, Steps: 138)
  [Worker 5] episode 771 finished. (AvgLatErr: 0.3036, Steps: 158)
  [Worker 5] episode 772 finished. (AvgLatErr: 0.3101, Steps: 146)
  [Worker 5] episode 773 finished. (AvgLatErr: 0.2716, Steps: 139)
  [Worker 5] episode 774 finished. (AvgLatErr: 0.2934, Steps: 136)
  [Worker 5] episode 775 finished. (AvgLatErr: 0.5096, Steps: 161)
  [Worker 5] episode 776 finished. (AvgLatErr: 0.2745, Steps: 138)
  [Worker 5] episode 777 finished. (AvgLatErr: 0.2808, Steps: 141)
  [Worker 5] episode 778 finished. (AvgLatErr: 0.2088, Steps: 136)
  [Worker 5] episode 779 finished. (AvgLatErr: 0.2874, Steps: 134)
[Worker 5].
Warning: num_agents (8) is greater than the number of available vehicle parameters (4). Cycling vehicle templates.
[Worker 4] TensorFlow device=GPU, mixed_precision=mixed_float16
[Worker 4] Random seed fixed: 500811
[Worker 4] started on GPU.
  [Worker 4] episode 770 finished. (AvgLatErr: 0.2957, Steps: 158)
  [Worker 4] episode 771 finished. (AvgLatErr: 0.3997, Steps: 170)
  [Worker 4] episode 772 finished. (AvgLatErr: 0.3100, Steps: 161)
  [Worker 4] episode 773 finished. (AvgLatErr: 0.3512, Steps: 172)
  [Worker 4] episode 774 finished. (AvgLatErr: 0.4442, Steps: 183)
  [Worker 4] episode 775 finished. (AvgLatErr: 0.4170, Steps: 168)
  [Worker 4] episode 776 finished. (AvgLatErr: 0.3132, Steps: 166)
  [Worker 4] episode 777 finished. (AvgLatErr: 0.2830, Steps: 166)
  [Worker 4] episode 778 finished. (AvgLatErr: 0.3513, Steps: 169)
  [Worker 4] episode 779 finished. (AvgLatErr: 0.3895, Steps: 171)
[Worker 4].
Warning: num_agents (8) is greater than the number of available vehicle parameters (4). Cycling vehicle templates.
[Worker 7] TensorFlow device=GPU, mixed_precision=mixed_float16
[Worker 7] Random seed fixed: 800811
[Worker 7] started on GPU.
  [Worker 7] episode 770 finished. (AvgLatErr: 0.1366, Steps: 129)
  [Worker 7] episode 771 finished. (AvgLatErr: 0.2168, Steps: 156)
  [Worker 7] episode 772 finished. (AvgLatErr: 0.1457, Steps: 143)
  [Worker 7] episode 773 finished. (AvgLatErr: 0.2068, Steps: 138)
  [Worker 7] episode 774 finished. (AvgLatErr: 0.1628, Steps: 132)
  [Worker 7] episode 775 finished. (AvgLatErr: 0.2216, Steps: 133)
  [Worker 7] episode 776 finished. (AvgLatErr: 0.2233, Steps: 140)
  [Worker 7] episode 777 finished. (AvgLatErr: 0.3288, Steps: 140)
  [Worker 7] episode 778 finished. (AvgLatErr: 0.1698, Steps: 124)
  [Worker 7] episode 779 finished. (AvgLatErr: 0.1877, Steps: 130)
[Worker 7].
Warning: num_agents (8) is greater than the number of available vehicle parameters (4). Cycling vehicle templates.
[Worker 6] TensorFlow device=GPU, mixed_precision=mixed_float16
[Worker 6] Random seed fixed: 700811
[Worker 6] started on GPU.
  [Worker 6] episode 770 finished. (AvgLatErr: 0.5363, Steps: 200)
  [Worker 6] episode 771 finished. (AvgLatErr: 0.5430, Steps: 190)
  [Worker 6] episode 772 finished. (AvgLatErr: 0.4205, Steps: 191)
  [Worker 6] episode 773 finished. (AvgLatErr: 0.5095, Steps: 186)
  [Worker 6] episode 774 finished. (AvgLatErr: 0.6220, Steps: 195)
  [Worker 6] episode 775 finished. (AvgLatErr: 0.5632, Steps: 200)
  [Worker 6] episode 776 finished. (AvgLatErr: 0.9483, Steps: 190)
  [Worker 6] episode 777 finished. (AvgLatErr: 0.4515, Steps: 178)
  [Worker 6] episode 778 finished. (AvgLatErr: 0.4665, Steps: 191)
  [Worker 6] episode 779 finished. (AvgLatErr: 0.4576, Steps: 191)
[Worker 6].
[Main] workers finished. (elapsed: 82.39s)
[Main] Aggregation-selected agents: [1, 4, 5, 7]
[Main] FedAdagrad update completed.
[Main] Replay buffers reset after global model update.
============================================================================================
779 EP / Agent 0 : Avg Lat Err 1.5808
779 EP / Agent 1 : Avg Lat Err 0.3113
779 EP / Agent 2 : Avg Lat Err 0.4274
779 EP / Agent 3 : Avg Lat Err 0.5459
779 EP / Agent 4 : Avg Lat Err 0.3895
779 EP / Agent 5 : Avg Lat Err 0.2874
779 EP / Agent 6 : Avg Lat Err 0.4576
779 EP / Agent 7 : Avg Lat Err 0.1877
============================================================================================

============================================================================================
[Main] FL round started. (episode 780 ~ 789)
[Main] Client selection: mode=error_low, budget=4
[Main] Participating agents: [0, 1, 2, 3, 4, 5, 6, 7]
Warning: num_agents (8) is greater than the number of available vehicle parameters (4). Cycling vehicle templates.
[Worker 0] TensorFlow device=GPU, mixed_precision=mixed_float16
[Worker 0] Random seed fixed: 100821
[Worker 0] started on GPU.
  [Worker 0] episode 780 finished. (AvgLatErr: 0.8448, Steps: 129)
  [Worker 0] episode 781 finished. (AvgLatErr: 1.0923, Steps: 130)
  [Worker 0] episode 782 finished. (AvgLatErr: 1.4303, Steps: 127)
  [Worker 0] episode 783 finished. (AvgLatErr: 0.8949, Steps: 124)
  [Worker 0] episode 784 finished. (AvgLatErr: 1.3249, Steps: 138)
  [Worker 0] episode 785 finished. (AvgLatErr: 1.5608, Steps: 135)
  [Worker 0] episode 786 finished. (AvgLatErr: 0.9511, Steps: 130)
  [Worker 0] episode 787 finished. (AvgLatErr: 1.4954, Steps: 133)
  [Worker 0] episode 788 finished. (AvgLatErr: 2.0240, Steps: 135)
  [Worker 0] episode 789 finished. (AvgLatErr: 1.5522, Steps: 126)
[Worker 0].
Warning: num_agents (8) is greater than the number of available vehicle parameters (4). Cycling vehicle templates.
[Worker 1] TensorFlow device=GPU, mixed_precision=mixed_float16
[Worker 1] Random seed fixed: 200821
[Worker 1] started on GPU.
  [Worker 1] episode 780 finished. (AvgLatErr: 0.1720, Steps: 113)
  [Worker 1] episode 781 finished. (AvgLatErr: 0.2563, Steps: 127)
  [Worker 1] episode 782 finished. (AvgLatErr: 0.1755, Steps: 119)
  [Worker 1] episode 783 finished. (AvgLatErr: 0.2917, Steps: 113)
  [Worker 1] episode 784 finished. (AvgLatErr: 0.2674, Steps: 122)
  [Worker 1] episode 785 finished. (AvgLatErr: 0.2367, Steps: 117)
  [Worker 1] episode 786 finished. (AvgLatErr: 0.3457, Steps: 113)
  [Worker 1] episode 787 finished. (AvgLatErr: 0.2482, Steps: 126)
  [Worker 1] episode 788 finished. (AvgLatErr: 0.2967, Steps: 135)
  [Worker 1] episode 789 finished. (AvgLatErr: 0.2906, Steps: 113)
[Worker 1].
Warning: num_agents (8) is greater than the number of available vehicle parameters (4). Cycling vehicle templates.
[Worker 2] TensorFlow device=GPU, mixed_precision=mixed_float16
[Worker 2] Random seed fixed: 300821
[Worker 2] started on GPU.
  [Worker 2] episode 780 finished. (AvgLatErr: 0.3010, Steps: 115)
  [Worker 2] episode 781 finished. (AvgLatErr: 0.3833, Steps: 117)
  [Worker 2] episode 782 finished. (AvgLatErr: 0.4648, Steps: 108)
  [Worker 2] episode 783 finished. (AvgLatErr: 0.4830, Steps: 125)
  [Worker 2] episode 784 finished. (AvgLatErr: 0.4557, Steps: 117)
  [Worker 2] episode 785 finished. (AvgLatErr: 0.4382, Steps: 109)
  [Worker 2] episode 786 finished. (AvgLatErr: 0.5405, Steps: 128)
  [Worker 2] episode 787 finished. (AvgLatErr: 0.6227, Steps: 114)
  [Worker 2] episode 788 finished. (AvgLatErr: 0.2922, Steps: 113)
  [Worker 2] episode 789 finished. (AvgLatErr: 0.5221, Steps: 121)
[Worker 2].
Warning: num_agents (8) is greater than the number of available vehicle parameters (4). Cycling vehicle templates.
[Worker 3] TensorFlow device=GPU, mixed_precision=mixed_float16
[Worker 3] Random seed fixed: 400821
[Worker 3] started on GPU.
  [Worker 3] episode 780 finished. (AvgLatErr: 0.7311, Steps: 176)
  [Worker 3] episode 781 finished. (AvgLatErr: 0.7379, Steps: 169)
  [Worker 3] episode 782 finished. (AvgLatErr: 0.4447, Steps: 165)
  [Worker 3] episode 783 finished. (AvgLatErr: 0.6100, Steps: 171)
  [Worker 3] episode 784 finished. (AvgLatErr: 1.1310, Steps: 134)
  [Worker 3] episode 785 finished. (AvgLatErr: 1.1941, Steps: 156)
  [Worker 3] episode 786 finished. (AvgLatErr: 0.5688, Steps: 163)
  [Worker 3] episode 787 finished. (AvgLatErr: 0.9310, Steps: 171)
  [Worker 3] episode 788 finished. (AvgLatErr: 0.8465, Steps: 176)
  [Worker 3] episode 789 finished. (AvgLatErr: 0.7277, Steps: 170)
[Worker 3].
Warning: num_agents (8) is greater than the number of available vehicle parameters (4). Cycling vehicle templates.
[Worker 4] TensorFlow device=GPU, mixed_precision=mixed_float16
[Worker 4] Random seed fixed: 500821
[Worker 4] started on GPU.
  [Worker 4] episode 780 finished. (AvgLatErr: 0.2981, Steps: 150)
  [Worker 4] episode 781 finished. (AvgLatErr: 0.2800, Steps: 153)
  [Worker 4] episode 782 finished. (AvgLatErr: 0.3620, Steps: 149)
  [Worker 4] episode 783 finished. (AvgLatErr: 0.3160, Steps: 158)
  [Worker 4] episode 784 finished. (AvgLatErr: 0.3008, Steps: 157)
  [Worker 4] episode 785 finished. (AvgLatErr: 0.2415, Steps: 155)
  [Worker 4] episode 786 finished. (AvgLatErr: 0.2992, Steps: 150)
  [Worker 4] episode 787 finished. (AvgLatErr: 0.2073, Steps: 150)
  [Worker 4] episode 788 finished. (AvgLatErr: 0.3285, Steps: 154)
  [Worker 4] episode 789 finished. (AvgLatErr: 0.2328, Steps: 157)
[Worker 4].
Warning: num_agents (8) is greater than the number of available vehicle parameters (4). Cycling vehicle templates.
[Worker 5] TensorFlow device=GPU, mixed_precision=mixed_float16
[Worker 5] Random seed fixed: 600821
[Worker 5] started on GPU.
  [Worker 5] episode 780 finished. (AvgLatErr: 0.2117, Steps: 140)
  [Worker 5] episode 781 finished. (AvgLatErr: 0.1771, Steps: 149)
  [Worker 5] episode 782 finished. (AvgLatErr: 0.2107, Steps: 134)
  [Worker 5] episode 783 finished. (AvgLatErr: 0.5163, Steps: 159)
  [Worker 5] episode 784 finished. (AvgLatErr: 0.2556, Steps: 141)
  [Worker 5] episode 785 finished. (AvgLatErr: 0.3747, Steps: 153)
  [Worker 5] episode 786 finished. (AvgLatErr: 0.1769, Steps: 147)
  [Worker 5] episode 787 finished. (AvgLatErr: 0.2031, Steps: 151)
  [Worker 5] episode 788 finished. (AvgLatErr: 0.2882, Steps: 159)
  [Worker 5] episode 789 finished. (AvgLatErr: 0.2374, Steps: 147)
[Worker 5].
Warning: num_agents (8) is greater than the number of available vehicle parameters (4). Cycling vehicle templates.
[Worker 7] TensorFlow device=GPU, mixed_precision=mixed_float16
[Worker 7] Random seed fixed: 800821
[Worker 7] started on GPU.
  [Worker 7] episode 780 finished. (AvgLatErr: 0.2994, Steps: 136)
  [Worker 7] episode 781 finished. (AvgLatErr: 0.2636, Steps: 124)
  [Worker 7] episode 782 finished. (AvgLatErr: 0.2997, Steps: 132)
  [Worker 7] episode 783 finished. (AvgLatErr: 0.3418, Steps: 120)
  [Worker 7] episode 784 finished. (AvgLatErr: 0.2560, Steps: 119)
  [Worker 7] episode 785 finished. (AvgLatErr: 0.2622, Steps: 114)
  [Worker 7] episode 786 finished. (AvgLatErr: 0.3165, Steps: 110)
  [Worker 7] episode 787 finished. (AvgLatErr: 0.2285, Steps: 118)
  [Worker 7] episode 788 finished. (AvgLatErr: 0.2794, Steps: 139)
  [Worker 7] episode 789 finished. (AvgLatErr: 0.5903, Steps: 138)
[Worker 7].
Warning: num_agents (8) is greater than the number of available vehicle parameters (4). Cycling vehicle templates.
[Worker 6] TensorFlow device=GPU, mixed_precision=mixed_float16
[Worker 6] Random seed fixed: 700821
[Worker 6] started on GPU.
  [Worker 6] episode 780 finished. (AvgLatErr: 0.3733, Steps: 200)
  [Worker 6] episode 781 finished. (AvgLatErr: 0.4947, Steps: 200)
  [Worker 6] episode 782 finished. (AvgLatErr: 0.2987, Steps: 200)
  [Worker 6] episode 783 finished. (AvgLatErr: 0.3732, Steps: 196)
  [Worker 6] episode 784 finished. (AvgLatErr: 0.4614, Steps: 200)
  [Worker 6] episode 785 finished. (AvgLatErr: 0.4968, Steps: 200)
  [Worker 6] episode 786 finished. (AvgLatErr: 0.6109, Steps: 200)
  [Worker 6] episode 787 finished. (AvgLatErr: 0.4572, Steps: 200)
  [Worker 6] episode 788 finished. (AvgLatErr: 0.4290, Steps: 200)
  [Worker 6] episode 789 finished. (AvgLatErr: 0.4315, Steps: 200)
[Worker 6].
[Main] workers finished. (elapsed: 87.61s)
[Main] Aggregation-selected agents: [1, 4, 5, 6]
[Main] FedAdagrad update completed.
[Main] Replay buffers reset after global model update.
============================================================================================
789 EP / Agent 0 : Avg Lat Err 1.5522
789 EP / Agent 1 : Avg Lat Err 0.2906
789 EP / Agent 2 : Avg Lat Err 0.5221
789 EP / Agent 3 : Avg Lat Err 0.7277
789 EP / Agent 4 : Avg Lat Err 0.2328
789 EP / Agent 5 : Avg Lat Err 0.2374
789 EP / Agent 6 : Avg Lat Err 0.4315
789 EP / Agent 7 : Avg Lat Err 0.5903
============================================================================================

============================================================================================
[Main] FL round started. (episode 790 ~ 799)
[Main] Client selection: mode=error_low, budget=4
[Main] Participating agents: [0, 1, 2, 3, 4, 5, 6, 7]
Warning: num_agents (8) is greater than the number of available vehicle parameters (4). Cycling vehicle templates.
[Worker 1] TensorFlow device=GPU, mixed_precision=mixed_float16
[Worker 1] Random seed fixed: 200831
[Worker 1] started on GPU.
  [Worker 1] episode 790 finished. (AvgLatErr: 0.2507, Steps: 120)
  [Worker 1] episode 791 finished. (AvgLatErr: 0.2332, Steps: 114)
  [Worker 1] episode 792 finished. (AvgLatErr: 0.2782, Steps: 122)
  [Worker 1] episode 793 finished. (AvgLatErr: 0.1389, Steps: 115)
  [Worker 1] episode 794 finished. (AvgLatErr: 0.2145, Steps: 114)
  [Worker 1] episode 795 finished. (AvgLatErr: 0.2614, Steps: 117)
  [Worker 1] episode 796 finished. (AvgLatErr: 0.1807, Steps: 119)
  [Worker 1] episode 797 finished. (AvgLatErr: 0.2173, Steps: 122)
  [Worker 1] episode 798 finished. (AvgLatErr: 0.2280, Steps: 125)
  [Worker 1] episode 799 finished. (AvgLatErr: 0.1948, Steps: 122)
[Worker 1].
Warning: num_agents (8) is greater than the number of available vehicle parameters (4). Cycling vehicle templates.
[Worker 0] TensorFlow device=GPU, mixed_precision=mixed_float16
[Worker 0] Random seed fixed: 100831
[Worker 0] started on GPU.
  [Worker 0] episode 790 finished. (AvgLatErr: 7.1658, Steps: 200)
  [Worker 0] episode 791 finished. (AvgLatErr: 1.2876, Steps: 145)
  [Worker 0] episode 792 finished. (AvgLatErr: 5.5404, Steps: 183)
  [Worker 0] episode 793 finished. (AvgLatErr: 1.2366, Steps: 135)
  [Worker 0] episode 794 finished. (AvgLatErr: 0.9687, Steps: 124)
  [Worker 0] episode 795 finished. (AvgLatErr: 1.7771, Steps: 132)
  [Worker 0] episode 796 finished. (AvgLatErr: 1.3166, Steps: 124)
  [Worker 0] episode 797 finished. (AvgLatErr: 1.2753, Steps: 133)
  [Worker 0] episode 798 finished. (AvgLatErr: 1.1031, Steps: 126)
  [Worker 0] episode 799 finished. (AvgLatErr: 1.6072, Steps: 142)
[Worker 0].
Warning: num_agents (8) is greater than the number of available vehicle parameters (4). Cycling vehicle templates.
[Worker 2] TensorFlow device=GPU, mixed_precision=mixed_float16
[Worker 2] Random seed fixed: 300831
[Worker 2] started on GPU.
  [Worker 2] episode 790 finished. (AvgLatErr: 0.4073, Steps: 115)
  [Worker 2] episode 791 finished. (AvgLatErr: 0.2907, Steps: 115)
  [Worker 2] episode 792 finished. (AvgLatErr: 0.3274, Steps: 117)
  [Worker 2] episode 793 finished. (AvgLatErr: 0.3259, Steps: 116)
  [Worker 2] episode 794 finished. (AvgLatErr: 0.4590, Steps: 119)
  [Worker 2] episode 795 finished. (AvgLatErr: 0.3584, Steps: 122)
  [Worker 2] episode 796 finished. (AvgLatErr: 0.4345, Steps: 116)
  [Worker 2] episode 797 finished. (AvgLatErr: 0.5249, Steps: 127)
  [Worker 2] episode 798 finished. (AvgLatErr: 0.6040, Steps: 114)
  [Worker 2] episode 799 finished. (AvgLatErr: 0.5832, Steps: 125)
[Worker 2].
Warning: num_agents (8) is greater than the number of available vehicle parameters (4). Cycling vehicle templates.
[Worker 3] TensorFlow device=GPU, mixed_precision=mixed_float16
[Worker 3] Random seed fixed: 400831
[Worker 3] started on GPU.
  [Worker 3] episode 790 finished. (AvgLatErr: 0.4710, Steps: 166)
  [Worker 3] episode 791 finished. (AvgLatErr: 0.6871, Steps: 172)
  [Worker 3] episode 792 finished. (AvgLatErr: 0.7157, Steps: 171)
  [Worker 3] episode 793 finished. (AvgLatErr: 0.4818, Steps: 166)
  [Worker 3] episode 794 finished. (AvgLatErr: 0.9262, Steps: 180)
  [Worker 3] episode 795 finished. (AvgLatErr: 0.6010, Steps: 167)
  [Worker 3] episode 796 finished. (AvgLatErr: 0.7202, Steps: 171)
  [Worker 3] episode 797 finished. (AvgLatErr: 1.1526, Steps: 167)
  [Worker 3] episode 798 finished. (AvgLatErr: 0.6048, Steps: 166)
  [Worker 3] episode 799 finished. (AvgLatErr: 0.6986, Steps: 169)
[Worker 3].
Warning: num_agents (8) is greater than the number of available vehicle parameters (4). Cycling vehicle templates.
[Worker 4] TensorFlow device=GPU, mixed_precision=mixed_float16
[Worker 4] Random seed fixed: 500831
[Worker 4] started on GPU.
  [Worker 4] episode 790 finished. (AvgLatErr: 0.3100, Steps: 150)
  [Worker 4] episode 791 finished. (AvgLatErr: 0.7956, Steps: 156)
  [Worker 4] episode 792 finished. (AvgLatErr: 0.2954, Steps: 151)
  [Worker 4] episode 793 finished. (AvgLatErr: 0.3134, Steps: 147)
  [Worker 4] episode 794 finished. (AvgLatErr: 0.4453, Steps: 171)
  [Worker 4] episode 795 finished. (AvgLatErr: 0.3025, Steps: 158)
  [Worker 4] episode 796 finished. (AvgLatErr: 0.3029, Steps: 149)
  [Worker 4] episode 797 finished. (AvgLatErr: 0.3019, Steps: 149)
  [Worker 4] episode 798 finished. (AvgLatErr: 0.2769, Steps: 158)
  [Worker 4] episode 799 finished. (AvgLatErr: 0.2889, Steps: 154)
[Worker 4].
Warning: num_agents (8) is greater than the number of available vehicle parameters (4). Cycling vehicle templates.
[Worker 5] TensorFlow device=GPU, mixed_precision=mixed_float16
[Worker 5] Random seed fixed: 600831
[Worker 5] started on GPU.
  [Worker 5] episode 790 finished. (AvgLatErr: 0.1820, Steps: 143)
  [Worker 5] episode 791 finished. (AvgLatErr: 0.2599, Steps: 153)
  [Worker 5] episode 792 finished. (AvgLatErr: 0.2571, Steps: 136)
  [Worker 5] episode 793 finished. (AvgLatErr: 0.2306, Steps: 174)
  [Worker 5] episode 794 finished. (AvgLatErr: 0.2635, Steps: 168)
  [Worker 5] episode 795 finished. (AvgLatErr: 0.2952, Steps: 168)
  [Worker 5] episode 796 finished. (AvgLatErr: 0.3804, Steps: 163)
  [Worker 5] episode 797 finished. (AvgLatErr: 0.3410, Steps: 148)
  [Worker 5] episode 798 finished. (AvgLatErr: 0.4332, Steps: 136)
  [Worker 5] episode 799 finished. (AvgLatErr: 0.3686, Steps: 163)
[Worker 5].
Warning: num_agents (8) is greater than the number of available vehicle parameters (4). Cycling vehicle templates.
[Worker 7] TensorFlow device=GPU, mixed_precision=mixed_float16
[Worker 7] Random seed fixed: 800831
[Worker 7] started on GPU.
  [Worker 7] episode 790 finished. (AvgLatErr: 0.1403, Steps: 124)
  [Worker 7] episode 791 finished. (AvgLatErr: 0.2335, Steps: 135)
  [Worker 7] episode 792 finished. (AvgLatErr: 0.2035, Steps: 136)
  [Worker 7] episode 793 finished. (AvgLatErr: 0.1545, Steps: 139)
  [Worker 7] episode 794 finished. (AvgLatErr: 0.2797, Steps: 139)
  [Worker 7] episode 795 finished. (AvgLatErr: 0.3548, Steps: 132)
  [Worker 7] episode 796 finished. (AvgLatErr: 0.2115, Steps: 133)
  [Worker 7] episode 797 finished. (AvgLatErr: 0.2056, Steps: 135)
  [Worker 7] episode 798 finished. (AvgLatErr: 0.3114, Steps: 140)
  [Worker 7] episode 799 finished. (AvgLatErr: 0.2664, Steps: 139)
[Worker 7].
Warning: num_agents (8) is greater than the number of available vehicle parameters (4). Cycling vehicle templates.
[Worker 6] TensorFlow device=GPU, mixed_precision=mixed_float16
[Worker 6] Random seed fixed: 700831
[Worker 6] started on GPU.
  [Worker 6] episode 790 finished. (AvgLatErr: 0.4263, Steps: 200)
  [Worker 6] episode 791 finished. (AvgLatErr: 0.3755, Steps: 200)
  [Worker 6] episode 792 finished. (AvgLatErr: 2.2656, Steps: 200)
  [Worker 6] episode 793 finished. (AvgLatErr: 0.5022, Steps: 185)
  [Worker 6] episode 794 finished. (AvgLatErr: 0.4273, Steps: 191)
  [Worker 6] episode 795 finished. (AvgLatErr: 0.4441, Steps: 190)
  [Worker 6] episode 796 finished. (AvgLatErr: 0.5064, Steps: 196)
  [Worker 6] episode 797 finished. (AvgLatErr: 0.8006, Steps: 200)
  [Worker 6] episode 798 finished. (AvgLatErr: 0.6116, Steps: 190)
  [Worker 6] episode 799 finished. (AvgLatErr: 0.4761, Steps: 200)
[Worker 6].
[Main] workers finished. (elapsed: 83.18s)
[Main] Aggregation-selected agents: [1, 4, 5, 7]
[Main] FedAdagrad update completed.
[Main] Replay buffers reset after global model update.
============================================================================================
799 EP / Agent 0 : Avg Lat Err 1.6072
799 EP / Agent 1 : Avg Lat Err 0.1948
799 EP / Agent 2 : Avg Lat Err 0.5832
799 EP / Agent 3 : Avg Lat Err 0.6986
799 EP / Agent 4 : Avg Lat Err 0.2889
799 EP / Agent 5 : Avg Lat Err 0.3686
799 EP / Agent 6 : Avg Lat Err 0.4761
799 EP / Agent 7 : Avg Lat Err 0.2664
============================================================================================
[Main] Model checkpoint saved: C:\Users\syd79\FRL-Q\experiments\fast_parallel_fedadagrad_8errorlow4_20260916_run1_error_low_4of8\checkpoints\global_model_episode_000800.weights.h5

============================================================================================
[Main] FL round started. (episode 800 ~ 809)
[Main] Client selection: mode=error_low, budget=4
[Main] Participating agents: [0, 1, 2, 3, 4, 5, 6, 7]
Warning: num_agents (8) is greater than the number of available vehicle parameters (4). Cycling vehicle templates.
[Worker 0] TensorFlow device=GPU, mixed_precision=mixed_float16
[Worker 0] Random seed fixed: 100841
[Worker 0] started on GPU.
  [Worker 0] episode 800 finished. (AvgLatErr: 1.1115, Steps: 132)
  [Worker 0] episode 801 finished. (AvgLatErr: 0.6319, Steps: 138)
  [Worker 0] episode 802 finished. (AvgLatErr: 0.7686, Steps: 148)
  [Worker 0] episode 803 finished. (AvgLatErr: 1.3424, Steps: 138)
  [Worker 0] episode 804 finished. (AvgLatErr: 1.5038, Steps: 135)
  [Worker 0] episode 805 finished. (AvgLatErr: 1.0439, Steps: 131)
  [Worker 0] episode 806 finished. (AvgLatErr: 0.7993, Steps: 125)
  [Worker 0] episode 807 finished. (AvgLatErr: 0.8606, Steps: 142)
  [Worker 0] episode 808 finished. (AvgLatErr: 0.6906, Steps: 142)
  [Worker 0] episode 809 finished. (AvgLatErr: 0.7984, Steps: 137)
[Worker 0].
Warning: num_agents (8) is greater than the number of available vehicle parameters (4). Cycling vehicle templates.
[Worker 1] TensorFlow device=GPU, mixed_precision=mixed_float16
[Worker 1] Random seed fixed: 200841
[Worker 1] started on GPU.
  [Worker 1] episode 800 finished. (AvgLatErr: 0.1768, Steps: 116)
  [Worker 1] episode 801 finished. (AvgLatErr: 0.1392, Steps: 122)
  [Worker 1] episode 802 finished. (AvgLatErr: 0.1702, Steps: 124)
  [Worker 1] episode 803 finished. (AvgLatErr: 0.2972, Steps: 135)
  [Worker 1] episode 804 finished. (AvgLatErr: 0.3267, Steps: 139)
  [Worker 1] episode 805 finished. (AvgLatErr: 0.1683, Steps: 105)
  [Worker 1] episode 806 finished. (AvgLatErr: 0.3605, Steps: 120)
  [Worker 1] episode 807 finished. (AvgLatErr: 0.3432, Steps: 109)
  [Worker 1] episode 808 finished. (AvgLatErr: 0.2455, Steps: 114)
  [Worker 1] episode 809 finished. (AvgLatErr: 0.1935, Steps: 112)
[Worker 1].
Warning: num_agents (8) is greater than the number of available vehicle parameters (4). Cycling vehicle templates.
[Worker 2] TensorFlow device=GPU, mixed_precision=mixed_float16
[Worker 2] Random seed fixed: 300841
[Worker 2] started on GPU.
  [Worker 2] episode 800 finished. (AvgLatErr: 0.3111, Steps: 124)
  [Worker 2] episode 801 finished. (AvgLatErr: 0.4078, Steps: 125)
  [Worker 2] episode 802 finished. (AvgLatErr: 0.4110, Steps: 126)
  [Worker 2] episode 803 finished. (AvgLatErr: 0.5630, Steps: 127)
  [Worker 2] episode 804 finished. (AvgLatErr: 0.4378, Steps: 120)
  [Worker 2] episode 805 finished. (AvgLatErr: 0.5785, Steps: 117)
  [Worker 2] episode 806 finished. (AvgLatErr: 0.3607, Steps: 116)
  [Worker 2] episode 807 finished. (AvgLatErr: 0.4980, Steps: 121)
  [Worker 2] episode 808 finished. (AvgLatErr: 0.3860, Steps: 116)
  [Worker 2] episode 809 finished. (AvgLatErr: 0.6453, Steps: 112)
[Worker 2].
Warning: num_agents (8) is greater than the number of available vehicle parameters (4). Cycling vehicle templates.
[Worker 3] TensorFlow device=GPU, mixed_precision=mixed_float16
[Worker 3] Random seed fixed: 400841
[Worker 3] started on GPU.
  [Worker 3] episode 800 finished. (AvgLatErr: 0.4663, Steps: 168)
  [Worker 3] episode 801 finished. (AvgLatErr: 0.4697, Steps: 181)
  [Worker 3] episode 802 finished. (AvgLatErr: 0.3081, Steps: 186)
  [Worker 3] episode 803 finished. (AvgLatErr: 0.7216, Steps: 171)
  [Worker 3] episode 804 finished. (AvgLatErr: 1.0318, Steps: 172)
  [Worker 3] episode 805 finished. (AvgLatErr: 0.7499, Steps: 169)
  [Worker 3] episode 806 finished. (AvgLatErr: 0.5387, Steps: 162)
  [Worker 3] episode 807 finished. (AvgLatErr: 0.6322, Steps: 163)
  [Worker 3] episode 808 finished. (AvgLatErr: 0.6296, Steps: 161)
  [Worker 3] episode 809 finished. (AvgLatErr: 0.5025, Steps: 166)
[Worker 3].
Warning: num_agents (8) is greater than the number of available vehicle parameters (4). Cycling vehicle templates.
[Worker 4] TensorFlow device=GPU, mixed_precision=mixed_float16
[Worker 4] Random seed fixed: 500841
[Worker 4] started on GPU.
  [Worker 4] episode 800 finished. (AvgLatErr: 0.3771, Steps: 168)
  [Worker 4] episode 801 finished. (AvgLatErr: 0.2882, Steps: 151)
  [Worker 4] episode 802 finished. (AvgLatErr: 0.3718, Steps: 149)
  [Worker 4] episode 803 finished. (AvgLatErr: 0.2777, Steps: 158)
  [Worker 4] episode 804 finished. (AvgLatErr: 0.2882, Steps: 155)
  [Worker 4] episode 805 finished. (AvgLatErr: 0.3264, Steps: 151)
  [Worker 4] episode 806 finished. (AvgLatErr: 0.2986, Steps: 159)
  [Worker 4] episode 807 finished. (AvgLatErr: 0.2595, Steps: 161)
  [Worker 4] episode 808 finished. (AvgLatErr: 0.2404, Steps: 162)
  [Worker 4] episode 809 finished. (AvgLatErr: 0.1890, Steps: 153)
[Worker 4].
Warning: num_agents (8) is greater than the number of available vehicle parameters (4). Cycling vehicle templates.
[Worker 5] TensorFlow device=GPU, mixed_precision=mixed_float16
[Worker 5] Random seed fixed: 600841
[Worker 5] started on GPU.
  [Worker 5] episode 800 finished. (AvgLatErr: 0.2497, Steps: 146)
  [Worker 5] episode 801 finished. (AvgLatErr: 0.3575, Steps: 155)
  [Worker 5] episode 802 finished. (AvgLatErr: 0.2607, Steps: 152)
  [Worker 5] episode 803 finished. (AvgLatErr: 0.3530, Steps: 153)
  [Worker 5] episode 804 finished. (AvgLatErr: 0.3149, Steps: 147)
  [Worker 5] episode 805 finished. (AvgLatErr: 0.2444, Steps: 145)
  [Worker 5] episode 806 finished. (AvgLatErr: 0.1842, Steps: 142)
  [Worker 5] episode 807 finished. (AvgLatErr: 0.2420, Steps: 144)
  [Worker 5] episode 808 finished. (AvgLatErr: 4.1325, Steps: 200)
  [Worker 5] episode 809 finished. (AvgLatErr: 0.3607, Steps: 152)
[Worker 5].
Warning: num_agents (8) is greater than the number of available vehicle parameters (4). Cycling vehicle templates.
[Worker 7] TensorFlow device=GPU, mixed_precision=mixed_float16
[Worker 7] Random seed fixed: 800841
[Worker 7] started on GPU.
  [Worker 7] episode 800 finished. (AvgLatErr: 0.2661, Steps: 139)
  [Worker 7] episode 801 finished. (AvgLatErr: 0.3529, Steps: 144)
  [Worker 7] episode 802 finished. (AvgLatErr: 0.3377, Steps: 137)
  [Worker 7] episode 803 finished. (AvgLatErr: 0.2387, Steps: 120)
  [Worker 7] episode 804 finished. (AvgLatErr: 0.3080, Steps: 147)
  [Worker 7] episode 805 finished. (AvgLatErr: 0.1952, Steps: 124)
  [Worker 7] episode 806 finished. (AvgLatErr: 0.2192, Steps: 127)
  [Worker 7] episode 807 finished. (AvgLatErr: 0.2263, Steps: 116)
  [Worker 7] episode 808 finished. (AvgLatErr: 0.1386, Steps: 134)
  [Worker 7] episode 809 finished. (AvgLatErr: 0.1911, Steps: 132)
[Worker 7].
Warning: num_agents (8) is greater than the number of available vehicle parameters (4). Cycling vehicle templates.
[Worker 6] TensorFlow device=GPU, mixed_precision=mixed_float16
[Worker 6] Random seed fixed: 700841
[Worker 6] started on GPU.
  [Worker 6] episode 800 finished. (AvgLatErr: 0.5011, Steps: 189)
  [Worker 6] episode 801 finished. (AvgLatErr: 0.5410, Steps: 198)
  [Worker 6] episode 802 finished. (AvgLatErr: 0.4147, Steps: 177)
  [Worker 6] episode 803 finished. (AvgLatErr: 0.4375, Steps: 197)
  [Worker 6] episode 804 finished. (AvgLatErr: 0.5692, Steps: 193)
  [Worker 6] episode 805 finished. (AvgLatErr: 0.5862, Steps: 186)
  [Worker 6] episode 806 finished. (AvgLatErr: 0.6308, Steps: 200)
  [Worker 6] episode 807 finished. (AvgLatErr: 0.7207, Steps: 190)
  [Worker 6] episode 808 finished. (AvgLatErr: 0.8033, Steps: 200)
  [Worker 6] episode 809 finished. (AvgLatErr: 0.6763, Steps: 200)
[Worker 6].
[Main] workers finished. (elapsed: 83.10s)
[Main] Aggregation-selected agents: [1, 4, 5, 7]
[Main] FedAdagrad update completed.
[Main] Replay buffers reset after global model update.
============================================================================================
809 EP / Agent 0 : Avg Lat Err 0.7984
809 EP / Agent 1 : Avg Lat Err 0.1935
809 EP / Agent 2 : Avg Lat Err 0.6453
809 EP / Agent 3 : Avg Lat Err 0.5025
809 EP / Agent 4 : Avg Lat Err 0.1890
809 EP / Agent 5 : Avg Lat Err 0.3607
809 EP / Agent 6 : Avg Lat Err 0.6763
809 EP / Agent 7 : Avg Lat Err 0.1911
============================================================================================

============================================================================================
[Main] FL round started. (episode 810 ~ 819)
[Main] Client selection: mode=error_low, budget=4
[Main] Participating agents: [0, 1, 2, 3, 4, 5, 6, 7]
Warning: num_agents (8) is greater than the number of available vehicle parameters (4). Cycling vehicle templates.
[Worker 0] TensorFlow device=GPU, mixed_precision=mixed_float16
[Worker 0] Random seed fixed: 100851
[Worker 0] started on GPU.
  [Worker 0] episode 810 finished. (AvgLatErr: 0.7090, Steps: 137)
  [Worker 0] episode 811 finished. (AvgLatErr: 1.2895, Steps: 146)
  [Worker 0] episode 812 finished. (AvgLatErr: 1.7841, Steps: 137)
  [Worker 0] episode 813 finished. (AvgLatErr: 0.9536, Steps: 135)
  [Worker 0] episode 814 finished. (AvgLatErr: 1.1369, Steps: 132)
  [Worker 0] episode 815 finished. (AvgLatErr: 1.2366, Steps: 137)
  [Worker 0] episode 816 finished. (AvgLatErr: 1.1931, Steps: 133)
  [Worker 0] episode 817 finished. (AvgLatErr: 0.8575, Steps: 126)
  [Worker 0] episode 818 finished. (AvgLatErr: 1.4213, Steps: 133)
  [Worker 0] episode 819 finished. (AvgLatErr: 0.8805, Steps: 124)
[Worker 0].
Warning: num_agents (8) is greater than the number of available vehicle parameters (4). Cycling vehicle templates.
[Worker 1] TensorFlow device=GPU, mixed_precision=mixed_float16
[Worker 1] Random seed fixed: 200851
[Worker 1] started on GPU.
  [Worker 1] episode 810 finished. (AvgLatErr: 0.1897, Steps: 116)
  [Worker 1] episode 811 finished. (AvgLatErr: 0.2055, Steps: 127)
  [Worker 1] episode 812 finished. (AvgLatErr: 0.1642, Steps: 129)
  [Worker 1] episode 813 finished. (AvgLatErr: 0.1440, Steps: 119)
  [Worker 1] episode 814 finished. (AvgLatErr: 0.1871, Steps: 112)
  [Worker 1] episode 815 finished. (AvgLatErr: 0.1754, Steps: 131)
  [Worker 1] episode 816 finished. (AvgLatErr: 0.1720, Steps: 106)
  [Worker 1] episode 817 finished. (AvgLatErr: 0.3299, Steps: 109)
  [Worker 1] episode 818 finished. (AvgLatErr: 0.2492, Steps: 109)
  [Worker 1] episode 819 finished. (AvgLatErr: 0.2426, Steps: 117)
[Worker 1].
Warning: num_agents (8) is greater than the number of available vehicle parameters (4). Cycling vehicle templates.
[Worker 2] TensorFlow device=GPU, mixed_precision=mixed_float16
[Worker 2] Random seed fixed: 300851
[Worker 2] started on GPU.
  [Worker 2] episode 810 finished. (AvgLatErr: 0.3382, Steps: 131)
  [Worker 2] episode 811 finished. (AvgLatErr: 0.3123, Steps: 124)
  [Worker 2] episode 812 finished. (AvgLatErr: 0.5757, Steps: 125)
  [Worker 2] episode 813 finished. (AvgLatErr: 0.3947, Steps: 123)
  [Worker 2] episode 814 finished. (AvgLatErr: 0.4358, Steps: 122)
  [Worker 2] episode 815 finished. (AvgLatErr: 0.3709, Steps: 123)
  [Worker 2] episode 816 finished. (AvgLatErr: 0.3340, Steps: 126)
  [Worker 2] episode 817 finished. (AvgLatErr: 0.3704, Steps: 118)
  [Worker 2] episode 818 finished. (AvgLatErr: 0.5210, Steps: 126)
  [Worker 2] episode 819 finished. (AvgLatErr: 0.4763, Steps: 126)
[Worker 2].
Warning: num_agents (8) is greater than the number of available vehicle parameters (4). Cycling vehicle templates.
[Worker 3] TensorFlow device=GPU, mixed_precision=mixed_float16
[Worker 3] Random seed fixed: 400851
[Worker 3] started on GPU.
  [Worker 3] episode 810 finished. (AvgLatErr: 0.5611, Steps: 163)
  [Worker 3] episode 811 finished. (AvgLatErr: 0.8136, Steps: 170)
  [Worker 3] episode 812 finished. (AvgLatErr: 1.0094, Steps: 188)
  [Worker 3] episode 813 finished. (AvgLatErr: 1.1133, Steps: 183)
  [Worker 3] episode 814 finished. (AvgLatErr: 1.1134, Steps: 177)
  [Worker 3] episode 815 finished. (AvgLatErr: 0.5274, Steps: 170)
  [Worker 3] episode 816 finished. (AvgLatErr: 0.5764, Steps: 166)
  [Worker 3] episode 817 finished. (AvgLatErr: 0.6977, Steps: 168)
  [Worker 3] episode 818 finished. (AvgLatErr: 0.7572, Steps: 167)
  [Worker 3] episode 819 finished. (AvgLatErr: 0.5541, Steps: 174)
[Worker 3].
Warning: num_agents (8) is greater than the number of available vehicle parameters (4). Cycling vehicle templates.
[Worker 4] TensorFlow device=GPU, mixed_precision=mixed_float16
[Worker 4] Random seed fixed: 500851
[Worker 4] started on GPU.
  [Worker 4] episode 810 finished. (AvgLatErr: 0.3474, Steps: 164)
  [Worker 4] episode 811 finished. (AvgLatErr: 0.3793, Steps: 153)
  [Worker 4] episode 812 finished. (AvgLatErr: 0.2472, Steps: 153)
  [Worker 4] episode 813 finished. (AvgLatErr: 0.3846, Steps: 165)
  [Worker 4] episode 814 finished. (AvgLatErr: 0.3513, Steps: 149)
  [Worker 4] episode 815 finished. (AvgLatErr: 0.4166, Steps: 171)
  [Worker 4] episode 816 finished. (AvgLatErr: 0.2825, Steps: 159)
  [Worker 4] episode 817 finished. (AvgLatErr: 0.2679, Steps: 157)
  [Worker 4] episode 818 finished. (AvgLatErr: 0.2927, Steps: 161)
  [Worker 4] episode 819 finished. (AvgLatErr: 0.2239, Steps: 151)
[Worker 4].
Warning: num_agents (8) is greater than the number of available vehicle parameters (4). Cycling vehicle templates.
[Worker 5] TensorFlow device=GPU, mixed_precision=mixed_float16
[Worker 5] Random seed fixed: 600851
[Worker 5] started on GPU.
  [Worker 5] episode 810 finished. (AvgLatErr: 0.1974, Steps: 135)
  [Worker 5] episode 811 finished. (AvgLatErr: 0.3231, Steps: 151)
  [Worker 5] episode 812 finished. (AvgLatErr: 0.2940, Steps: 158)
  [Worker 5] episode 813 finished. (AvgLatErr: 0.1688, Steps: 142)
  [Worker 5] episode 814 finished. (AvgLatErr: 0.2260, Steps: 148)
  [Worker 5] episode 815 finished. (AvgLatErr: 0.1798, Steps: 147)
  [Worker 5] episode 816 finished. (AvgLatErr: 0.2010, Steps: 139)
  [Worker 5] episode 817 finished. (AvgLatErr: 0.3149, Steps: 142)
  [Worker 5] episode 818 finished. (AvgLatErr: 0.3433, Steps: 149)
  [Worker 5] episode 819 finished. (AvgLatErr: 0.5355, Steps: 158)
[Worker 5].
Warning: num_agents (8) is greater than the number of available vehicle parameters (4). Cycling vehicle templates.
[Worker 7] TensorFlow device=GPU, mixed_precision=mixed_float16
[Worker 7] Random seed fixed: 800851
[Worker 7] started on GPU.
  [Worker 7] episode 810 finished. (AvgLatErr: 0.2620, Steps: 131)
  [Worker 7] episode 811 finished. (AvgLatErr: 0.1442, Steps: 139)
  [Worker 7] episode 812 finished. (AvgLatErr: 0.1972, Steps: 135)
  [Worker 7] episode 813 finished. (AvgLatErr: 0.2789, Steps: 141)
  [Worker 7] episode 814 finished. (AvgLatErr: 0.2261, Steps: 125)
  [Worker 7] episode 815 finished. (AvgLatErr: 0.2792, Steps: 131)
  [Worker 7] episode 816 finished. (AvgLatErr: 0.2442, Steps: 137)
  [Worker 7] episode 817 finished. (AvgLatErr: 0.2344, Steps: 133)
  [Worker 7] episode 818 finished. (AvgLatErr: 0.2155, Steps: 130)
  [Worker 7] episode 819 finished. (AvgLatErr: 0.2892, Steps: 140)
[Worker 7].
Warning: num_agents (8) is greater than the number of available vehicle parameters (4). Cycling vehicle templates.
[Worker 6] TensorFlow device=GPU, mixed_precision=mixed_float16
[Worker 6] Random seed fixed: 700851
[Worker 6] started on GPU.
  [Worker 6] episode 810 finished. (AvgLatErr: 0.4019, Steps: 198)
  [Worker 6] episode 811 finished. (AvgLatErr: 0.4312, Steps: 200)
  [Worker 6] episode 812 finished. (AvgLatErr: 0.4789, Steps: 200)
  [Worker 6] episode 813 finished. (AvgLatErr: 0.4056, Steps: 193)
  [Worker 6] episode 814 finished. (AvgLatErr: 0.5813, Steps: 196)
  [Worker 6] episode 815 finished. (AvgLatErr: 0.4374, Steps: 200)
  [Worker 6] episode 816 finished. (AvgLatErr: 0.4543, Steps: 200)
  [Worker 6] episode 817 finished. (AvgLatErr: 0.4643, Steps: 200)
  [Worker 6] episode 818 finished. (AvgLatErr: 0.4496, Steps: 200)
  [Worker 6] episode 819 finished. (AvgLatErr: 0.4413, Steps: 193)
[Worker 6].
[Main] workers finished. (elapsed: 83.81s)
[Main] Aggregation-selected agents: [1, 4, 6, 7]
[Main] FedAdagrad update completed.
[Main] Replay buffers reset after global model update.
============================================================================================
819 EP / Agent 0 : Avg Lat Err 0.8805
819 EP / Agent 1 : Avg Lat Err 0.2426
819 EP / Agent 2 : Avg Lat Err 0.4763
819 EP / Agent 3 : Avg Lat Err 0.5541
819 EP / Agent 4 : Avg Lat Err 0.2239
819 EP / Agent 5 : Avg Lat Err 0.5355
819 EP / Agent 6 : Avg Lat Err 0.4413
819 EP / Agent 7 : Avg Lat Err 0.2892
============================================================================================

============================================================================================
[Main] FL round started. (episode 820 ~ 829)
[Main] Client selection: mode=error_low, budget=4
[Main] Participating agents: [0, 1, 2, 3, 4, 5, 6, 7]
Warning: num_agents (8) is greater than the number of available vehicle parameters (4). Cycling vehicle templates.
[Worker 0] TensorFlow device=GPU, mixed_precision=mixed_float16
[Worker 0] Random seed fixed: 100861
[Worker 0] started on GPU.
  [Worker 0] episode 820 finished. (AvgLatErr: 1.0200, Steps: 126)
  [Worker 0] episode 821 finished. (AvgLatErr: 0.6704, Steps: 135)
  [Worker 0] episode 822 finished. (AvgLatErr: 0.8116, Steps: 139)
  [Worker 0] episode 823 finished. (AvgLatErr: 0.7407, Steps: 133)
  [Worker 0] episode 824 finished. (AvgLatErr: 0.7101, Steps: 130)
  [Worker 0] episode 825 finished. (AvgLatErr: 0.6957, Steps: 137)
  [Worker 0] episode 826 finished. (AvgLatErr: 1.0355, Steps: 139)
  [Worker 0] episode 827 finished. (AvgLatErr: 0.8416, Steps: 140)
  [Worker 0] episode 828 finished. (AvgLatErr: 0.7112, Steps: 136)
  [Worker 0] episode 829 finished. (AvgLatErr: 0.7166, Steps: 130)
[Worker 0].
Warning: num_agents (8) is greater than the number of available vehicle parameters (4). Cycling vehicle templates.
[Worker 1] TensorFlow device=GPU, mixed_precision=mixed_float16
[Worker 1] Random seed fixed: 200861
[Worker 1] started on GPU.
  [Worker 1] episode 820 finished. (AvgLatErr: 0.1412, Steps: 118)
  [Worker 1] episode 821 finished. (AvgLatErr: 0.2052, Steps: 130)
  [Worker 1] episode 822 finished. (AvgLatErr: 0.1804, Steps: 118)
  [Worker 1] episode 823 finished. (AvgLatErr: 0.1873, Steps: 126)
  [Worker 1] episode 824 finished. (AvgLatErr: 0.1784, Steps: 110)
  [Worker 1] episode 825 finished. (AvgLatErr: 0.1615, Steps: 112)
  [Worker 1] episode 826 finished. (AvgLatErr: 0.3082, Steps: 117)
  [Worker 1] episode 827 finished. (AvgLatErr: 0.2147, Steps: 109)
  [Worker 1] episode 828 finished. (AvgLatErr: 0.1384, Steps: 117)
  [Worker 1] episode 829 finished. (AvgLatErr: 0.1994, Steps: 116)
[Worker 1].
Warning: num_agents (8) is greater than the number of available vehicle parameters (4). Cycling vehicle templates.
[Worker 2] TensorFlow device=GPU, mixed_precision=mixed_float16
[Worker 2] Random seed fixed: 300861
[Worker 2] started on GPU.
  [Worker 2] episode 820 finished. (AvgLatErr: 0.4224, Steps: 127)
  [Worker 2] episode 821 finished. (AvgLatErr: 0.5691, Steps: 136)
  [Worker 2] episode 822 finished. (AvgLatErr: 0.4705, Steps: 135)
  [Worker 2] episode 823 finished. (AvgLatErr: 0.5836, Steps: 122)
  [Worker 2] episode 824 finished. (AvgLatErr: 0.5183, Steps: 114)
  [Worker 2] episode 825 finished. (AvgLatErr: 0.5792, Steps: 115)
  [Worker 2] episode 826 finished. (AvgLatErr: 0.5242, Steps: 125)
  [Worker 2] episode 827 finished. (AvgLatErr: 0.4576, Steps: 116)
  [Worker 2] episode 828 finished. (AvgLatErr: 0.4723, Steps: 122)
  [Worker 2] episode 829 finished. (AvgLatErr: 0.5671, Steps: 119)
[Worker 2].
Warning: num_agents (8) is greater than the number of available vehicle parameters (4). Cycling vehicle templates.
[Worker 3] TensorFlow device=GPU, mixed_precision=mixed_float16
[Worker 3] Random seed fixed: 400861
[Worker 3] started on GPU.
  [Worker 3] episode 820 finished. (AvgLatErr: 0.5496, Steps: 168)
  [Worker 3] episode 821 finished. (AvgLatErr: 0.5359, Steps: 162)
  [Worker 3] episode 822 finished. (AvgLatErr: 1.0050, Steps: 164)
  [Worker 3] episode 823 finished. (AvgLatErr: 0.9134, Steps: 173)
  [Worker 3] episode 824 finished. (AvgLatErr: 0.9148, Steps: 171)
  [Worker 3] episode 825 finished. (AvgLatErr: 1.0892, Steps: 165)
  [Worker 3] episode 826 finished. (AvgLatErr: 0.6500, Steps: 164)
  [Worker 3] episode 827 finished. (AvgLatErr: 1.0088, Steps: 167)
  [Worker 3] episode 828 finished. (AvgLatErr: 1.3744, Steps: 151)
  [Worker 3] episode 829 finished. (AvgLatErr: 0.5241, Steps: 161)
[Worker 3].
Warning: num_agents (8) is greater than the number of available vehicle parameters (4). Cycling vehicle templates.
[Worker 4] TensorFlow device=GPU, mixed_precision=mixed_float16
[Worker 4] Random seed fixed: 500861
[Worker 4] started on GPU.
  [Worker 4] episode 820 finished. (AvgLatErr: 0.3179, Steps: 164)
  [Worker 4] episode 821 finished. (AvgLatErr: 0.2273, Steps: 187)
  [Worker 4] episode 822 finished. (AvgLatErr: 0.2641, Steps: 160)
  [Worker 4] episode 823 finished. (AvgLatErr: 0.2620, Steps: 154)
  [Worker 4] episode 824 finished. (AvgLatErr: 0.2645, Steps: 159)
  [Worker 4] episode 825 finished. (AvgLatErr: 0.3369, Steps: 163)
  [Worker 4] episode 826 finished. (AvgLatErr: 0.2476, Steps: 164)
  [Worker 4] episode 827 finished. (AvgLatErr: 0.2163, Steps: 157)
  [Worker 4] episode 828 finished. (AvgLatErr: 0.3047, Steps: 154)
  [Worker 4] episode 829 finished. (AvgLatErr: 0.2803, Steps: 160)
[Worker 4].
Warning: num_agents (8) is greater than the number of available vehicle parameters (4). Cycling vehicle templates.
[Worker 5] TensorFlow device=GPU, mixed_precision=mixed_float16
[Worker 5] Random seed fixed: 600861
[Worker 5] started on GPU.
  [Worker 5] episode 820 finished. (AvgLatErr: 0.2007, Steps: 141)
  [Worker 5] episode 821 finished. (AvgLatErr: 0.1948, Steps: 154)
  [Worker 5] episode 822 finished. (AvgLatErr: 0.2174, Steps: 145)
  [Worker 5] episode 823 finished. (AvgLatErr: 0.2281, Steps: 150)
  [Worker 5] episode 824 finished. (AvgLatErr: 0.1560, Steps: 167)
  [Worker 5] episode 825 finished. (AvgLatErr: 0.2208, Steps: 157)
  [Worker 5] episode 826 finished. (AvgLatErr: 0.2807, Steps: 157)
  [Worker 5] episode 827 finished. (AvgLatErr: 0.1825, Steps: 166)
  [Worker 5] episode 828 finished. (AvgLatErr: 0.2354, Steps: 161)
  [Worker 5] episode 829 finished. (AvgLatErr: 0.1690, Steps: 153)
[Worker 5].
Warning: num_agents (8) is greater than the number of available vehicle parameters (4). Cycling vehicle templates.
[Worker 7] TensorFlow device=GPU, mixed_precision=mixed_float16
[Worker 7] Random seed fixed: 800861
[Worker 7] started on GPU.
  [Worker 7] episode 820 finished. (AvgLatErr: 0.2435, Steps: 121)
  [Worker 7] episode 821 finished. (AvgLatErr: 0.2227, Steps: 149)
  [Worker 7] episode 822 finished. (AvgLatErr: 0.2109, Steps: 148)
  [Worker 7] episode 823 finished. (AvgLatErr: 0.2281, Steps: 129)
  [Worker 7] episode 824 finished. (AvgLatErr: 0.1318, Steps: 132)
  [Worker 7] episode 825 finished. (AvgLatErr: 0.2111, Steps: 129)
  [Worker 7] episode 826 finished. (AvgLatErr: 0.1229, Steps: 135)
  [Worker 7] episode 827 finished. (AvgLatErr: 0.1777, Steps: 132)
  [Worker 7] episode 828 finished. (AvgLatErr: 0.1638, Steps: 134)
  [Worker 7] episode 829 finished. (AvgLatErr: 0.2182, Steps: 138)
[Worker 7].
Warning: num_agents (8) is greater than the number of available vehicle parameters (4). Cycling vehicle templates.
[Worker 6] TensorFlow device=GPU, mixed_precision=mixed_float16
[Worker 6] Random seed fixed: 700861
[Worker 6] started on GPU.
  [Worker 6] episode 820 finished. (AvgLatErr: 0.3840, Steps: 200)
  [Worker 6] episode 821 finished. (AvgLatErr: 0.3957, Steps: 196)
  [Worker 6] episode 822 finished. (AvgLatErr: 0.5676, Steps: 200)
  [Worker 6] episode 823 finished. (AvgLatErr: 0.3381, Steps: 200)
  [Worker 6] episode 824 finished. (AvgLatErr: 0.4205, Steps: 190)
  [Worker 6] episode 825 finished. (AvgLatErr: 0.4994, Steps: 200)
  [Worker 6] episode 826 finished. (AvgLatErr: 0.4547, Steps: 189)
  [Worker 6] episode 827 finished. (AvgLatErr: 0.3726, Steps: 200)
  [Worker 6] episode 828 finished. (AvgLatErr: 0.4199, Steps: 200)
  [Worker 6] episode 829 finished. (AvgLatErr: 0.4451, Steps: 200)
[Worker 6].
[Main] workers finished. (elapsed: 85.24s)
[Main] Aggregation-selected agents: [1, 4, 5, 7]
[Main] FedAdagrad update completed.
[Main] Replay buffers reset after global model update.
============================================================================================
829 EP / Agent 0 : Avg Lat Err 0.7166
829 EP / Agent 1 : Avg Lat Err 0.1994
829 EP / Agent 2 : Avg Lat Err 0.5671
829 EP / Agent 3 : Avg Lat Err 0.5241
829 EP / Agent 4 : Avg Lat Err 0.2803
829 EP / Agent 5 : Avg Lat Err 0.1690
829 EP / Agent 6 : Avg Lat Err 0.4451
829 EP / Agent 7 : Avg Lat Err 0.2182
============================================================================================

============================================================================================
[Main] FL round started. (episode 830 ~ 839)
[Main] Client selection: mode=error_low, budget=4
[Main] Participating agents: [0, 1, 2, 3, 4, 5, 6, 7]
Warning: num_agents (8) is greater than the number of available vehicle parameters (4). Cycling vehicle templates.
[Worker 0] TensorFlow device=GPU, mixed_precision=mixed_float16
[Worker 0] Random seed fixed: 100871
[Worker 0] started on GPU.
  [Worker 0] episode 830 finished. (AvgLatErr: 0.8570, Steps: 149)
  [Worker 0] episode 831 finished. (AvgLatErr: 0.8503, Steps: 141)
  [Worker 0] episode 832 finished. (AvgLatErr: 1.1088, Steps: 134)
  [Worker 0] episode 833 finished. (AvgLatErr: 0.9559, Steps: 138)
  [Worker 0] episode 834 finished. (AvgLatErr: 0.7791, Steps: 129)
  [Worker 0] episode 835 finished. (AvgLatErr: 1.0560, Steps: 133)
  [Worker 0] episode 836 finished. (AvgLatErr: 1.3594, Steps: 129)
  [Worker 0] episode 837 finished. (AvgLatErr: 1.0469, Steps: 129)
  [Worker 0] episode 838 finished. (AvgLatErr: 1.6717, Steps: 138)
  [Worker 0] episode 839 finished. (AvgLatErr: 1.3273, Steps: 142)
[Worker 0].
Warning: num_agents (8) is greater than the number of available vehicle parameters (4). Cycling vehicle templates.
[Worker 1] TensorFlow device=GPU, mixed_precision=mixed_float16
[Worker 1] Random seed fixed: 200871
[Worker 1] started on GPU.
  [Worker 1] episode 830 finished. (AvgLatErr: 0.1218, Steps: 112)
  [Worker 1] episode 831 finished. (AvgLatErr: 0.2126, Steps: 115)
  [Worker 1] episode 832 finished. (AvgLatErr: 0.1912, Steps: 141)
  [Worker 1] episode 833 finished. (AvgLatErr: 0.1884, Steps: 126)
  [Worker 1] episode 834 finished. (AvgLatErr: 0.1288, Steps: 138)
  [Worker 1] episode 835 finished. (AvgLatErr: 0.2246, Steps: 134)
  [Worker 1] episode 836 finished. (AvgLatErr: 0.3057, Steps: 125)
  [Worker 1] episode 837 finished. (AvgLatErr: 0.3402, Steps: 127)
  [Worker 1] episode 838 finished. (AvgLatErr: 0.3816, Steps: 127)
  [Worker 1] episode 839 finished. (AvgLatErr: 0.3225, Steps: 127)
[Worker 1].
Warning: num_agents (8) is greater than the number of available vehicle parameters (4). Cycling vehicle templates.
[Worker 2] TensorFlow device=GPU, mixed_precision=mixed_float16
[Worker 2] Random seed fixed: 300871
[Worker 2] started on GPU.
  [Worker 2] episode 830 finished. (AvgLatErr: 0.3590, Steps: 126)
  [Worker 2] episode 831 finished. (AvgLatErr: 0.3660, Steps: 131)
  [Worker 2] episode 832 finished. (AvgLatErr: 0.2751, Steps: 123)
  [Worker 2] episode 833 finished. (AvgLatErr: 0.3430, Steps: 121)
  [Worker 2] episode 834 finished. (AvgLatErr: 0.3488, Steps: 119)
  [Worker 2] episode 835 finished. (AvgLatErr: 0.4792, Steps: 126)
  [Worker 2] episode 836 finished. (AvgLatErr: 0.3756, Steps: 114)
  [Worker 2] episode 837 finished. (AvgLatErr: 0.5274, Steps: 117)
  [Worker 2] episode 838 finished. (AvgLatErr: 0.5031, Steps: 116)
  [Worker 2] episode 839 finished. (AvgLatErr: 0.8496, Steps: 121)
[Worker 2].
Warning: num_agents (8) is greater than the number of available vehicle parameters (4). Cycling vehicle templates.
[Worker 3] TensorFlow device=GPU, mixed_precision=mixed_float16
[Worker 3] Random seed fixed: 400871
[Worker 3] started on GPU.
  [Worker 3] episode 830 finished. (AvgLatErr: 0.5576, Steps: 174)
  [Worker 3] episode 831 finished. (AvgLatErr: 0.4732, Steps: 173)
  [Worker 3] episode 832 finished. (AvgLatErr: 0.6301, Steps: 167)
  [Worker 3] episode 833 finished. (AvgLatErr: 0.5787, Steps: 166)
  [Worker 3] episode 834 finished. (AvgLatErr: 0.7091, Steps: 161)
  [Worker 3] episode 835 finished. (AvgLatErr: 1.3612, Steps: 175)
  [Worker 3] episode 836 finished. (AvgLatErr: 0.8568, Steps: 185)
  [Worker 3] episode 837 finished. (AvgLatErr: 0.6806, Steps: 176)
  [Worker 3] episode 838 finished. (AvgLatErr: 0.6034, Steps: 162)
  [Worker 3] episode 839 finished. (AvgLatErr: 0.5707, Steps: 166)
[Worker 3].
Warning: num_agents (8) is greater than the number of available vehicle parameters (4). Cycling vehicle templates.
[Worker 4] TensorFlow device=GPU, mixed_precision=mixed_float16
[Worker 4] Random seed fixed: 500871
[Worker 4] started on GPU.
  [Worker 4] episode 830 finished. (AvgLatErr: 0.3022, Steps: 157)
  [Worker 4] episode 831 finished. (AvgLatErr: 0.3012, Steps: 174)
  [Worker 4] episode 832 finished. (AvgLatErr: 0.3464, Steps: 156)
  [Worker 4] episode 833 finished. (AvgLatErr: 0.2980, Steps: 159)
  [Worker 4] episode 834 finished. (AvgLatErr: 0.1983, Steps: 168)
  [Worker 4] episode 835 finished. (AvgLatErr: 0.2400, Steps: 152)
  [Worker 4] episode 836 finished. (AvgLatErr: 0.3399, Steps: 176)
  [Worker 4] episode 837 finished. (AvgLatErr: 0.5022, Steps: 169)
  [Worker 4] episode 838 finished. (AvgLatErr: 0.2988, Steps: 156)
  [Worker 4] episode 839 finished. (AvgLatErr: 0.3118, Steps: 171)
[Worker 4].
Warning: num_agents (8) is greater than the number of available vehicle parameters (4). Cycling vehicle templates.
[Worker 5] TensorFlow device=GPU, mixed_precision=mixed_float16
[Worker 5] Random seed fixed: 600871
[Worker 5] started on GPU.
  [Worker 5] episode 830 finished. (AvgLatErr: 0.2078, Steps: 150)
  [Worker 5] episode 831 finished. (AvgLatErr: 0.1714, Steps: 154)
  [Worker 5] episode 832 finished. (AvgLatErr: 0.1743, Steps: 147)
  [Worker 5] episode 833 finished. (AvgLatErr: 0.1588, Steps: 151)
  [Worker 5] episode 834 finished. (AvgLatErr: 0.1788, Steps: 152)
  [Worker 5] episode 835 finished. (AvgLatErr: 0.2500, Steps: 190)
  [Worker 5] episode 836 finished. (AvgLatErr: 0.1828, Steps: 170)
  [Worker 5] episode 837 finished. (AvgLatErr: 0.2201, Steps: 167)
  [Worker 5] episode 838 finished. (AvgLatErr: 0.2205, Steps: 159)
  [Worker 5] episode 839 finished. (AvgLatErr: 0.1952, Steps: 150)
[Worker 5].
Warning: num_agents (8) is greater than the number of available vehicle parameters (4). Cycling vehicle templates.
[Worker 7] TensorFlow device=GPU, mixed_precision=mixed_float16
[Worker 7] Random seed fixed: 800871
[Worker 7] started on GPU.
  [Worker 7] episode 830 finished. (AvgLatErr: 0.1441, Steps: 126)
  [Worker 7] episode 831 finished. (AvgLatErr: 0.1799, Steps: 143)
  [Worker 7] episode 832 finished. (AvgLatErr: 0.2332, Steps: 142)
  [Worker 7] episode 833 finished. (AvgLatErr: 0.1969, Steps: 124)
  [Worker 7] episode 834 finished. (AvgLatErr: 0.2626, Steps: 146)
  [Worker 7] episode 835 finished. (AvgLatErr: 0.1672, Steps: 141)
  [Worker 7] episode 836 finished. (AvgLatErr: 0.1802, Steps: 124)
  [Worker 7] episode 837 finished. (AvgLatErr: 0.1633, Steps: 129)
  [Worker 7] episode 838 finished. (AvgLatErr: 0.3037, Steps: 148)
  [Worker 7] episode 839 finished. (AvgLatErr: 0.1760, Steps: 126)
[Worker 7].
Warning: num_agents (8) is greater than the number of available vehicle parameters (4). Cycling vehicle templates.
[Worker 6] TensorFlow device=GPU, mixed_precision=mixed_float16
[Worker 6] Random seed fixed: 700871
[Worker 6] started on GPU.
  [Worker 6] episode 830 finished. (AvgLatErr: 0.5189, Steps: 200)
  [Worker 6] episode 831 finished. (AvgLatErr: 0.4250, Steps: 185)
  [Worker 6] episode 832 finished. (AvgLatErr: 0.4065, Steps: 183)
  [Worker 6] episode 833 finished. (AvgLatErr: 0.4041, Steps: 200)
  [Worker 6] episode 834 finished. (AvgLatErr: 0.5689, Steps: 200)
  [Worker 6] episode 835 finished. (AvgLatErr: 0.5571, Steps: 200)
  [Worker 6] episode 836 finished. (AvgLatErr: 0.4191, Steps: 181)
  [Worker 6] episode 837 finished. (AvgLatErr: 0.7089, Steps: 198)
  [Worker 6] episode 838 finished. (AvgLatErr: 1.0551, Steps: 200)
  [Worker 6] episode 839 finished. (AvgLatErr: 1.1690, Steps: 191)
[Worker 6].
[Main] workers finished. (elapsed: 84.12s)
[Main] Aggregation-selected agents: [1, 4, 5, 7]
[Main] FedAdagrad update completed.
[Main] Replay buffers reset after global model update.
============================================================================================
839 EP / Agent 0 : Avg Lat Err 1.3273
839 EP / Agent 1 : Avg Lat Err 0.3225
839 EP / Agent 2 : Avg Lat Err 0.8496
839 EP / Agent 3 : Avg Lat Err 0.5707
839 EP / Agent 4 : Avg Lat Err 0.3118
839 EP / Agent 5 : Avg Lat Err 0.1952
839 EP / Agent 6 : Avg Lat Err 1.1690
839 EP / Agent 7 : Avg Lat Err 0.1760
============================================================================================

============================================================================================
[Main] FL round started. (episode 840 ~ 849)
[Main] Client selection: mode=error_low, budget=4
[Main] Participating agents: [0, 1, 2, 3, 4, 5, 6, 7]
Warning: num_agents (8) is greater than the number of available vehicle parameters (4). Cycling vehicle templates.
[Worker 0] TensorFlow device=GPU, mixed_precision=mixed_float16
[Worker 0] Random seed fixed: 100881
[Worker 0] started on GPU.
  [Worker 0] episode 840 finished. (AvgLatErr: 0.9176, Steps: 136)
  [Worker 0] episode 841 finished. (AvgLatErr: 0.9406, Steps: 129)
  [Worker 0] episode 842 finished. (AvgLatErr: 1.3242, Steps: 139)
  [Worker 0] episode 843 finished. (AvgLatErr: 1.4362, Steps: 143)
  [Worker 0] episode 844 finished. (AvgLatErr: 3.6773, Steps: 150)
  [Worker 0] episode 845 finished. (AvgLatErr: 1.3221, Steps: 133)
  [Worker 0] episode 846 finished. (AvgLatErr: 0.8820, Steps: 132)
  [Worker 0] episode 847 finished. (AvgLatErr: 0.5828, Steps: 132)
  [Worker 0] episode 848 finished. (AvgLatErr: 1.1787, Steps: 138)
  [Worker 0] episode 849 finished. (AvgLatErr: 1.2268, Steps: 129)
[Worker 0].
Warning: num_agents (8) is greater than the number of available vehicle parameters (4). Cycling vehicle templates.
[Worker 1] TensorFlow device=GPU, mixed_precision=mixed_float16
[Worker 1] Random seed fixed: 200881
[Worker 1] started on GPU.
  [Worker 1] episode 840 finished. (AvgLatErr: 0.1469, Steps: 117)
  [Worker 1] episode 841 finished. (AvgLatErr: 0.1671, Steps: 111)
  [Worker 1] episode 842 finished. (AvgLatErr: 0.1977, Steps: 111)
  [Worker 1] episode 843 finished. (AvgLatErr: 0.2371, Steps: 121)
  [Worker 1] episode 844 finished. (AvgLatErr: 0.2709, Steps: 110)
  [Worker 1] episode 845 finished. (AvgLatErr: 0.2628, Steps: 125)
  [Worker 1] episode 846 finished. (AvgLatErr: 0.2181, Steps: 123)
  [Worker 1] episode 847 finished. (AvgLatErr: 0.1636, Steps: 138)
  [Worker 1] episode 848 finished. (AvgLatErr: 0.1634, Steps: 127)
  [Worker 1] episode 849 finished. (AvgLatErr: 0.2322, Steps: 117)
[Worker 1].
Warning: num_agents (8) is greater than the number of available vehicle parameters (4). Cycling vehicle templates.
[Worker 2] TensorFlow device=GPU, mixed_precision=mixed_float16
[Worker 2] Random seed fixed: 300881
[Worker 2] started on GPU.
  [Worker 2] episode 840 finished. (AvgLatErr: 0.3139, Steps: 122)
  [Worker 2] episode 841 finished. (AvgLatErr: 0.3570, Steps: 130)
  [Worker 2] episode 842 finished. (AvgLatErr: 0.4918, Steps: 126)
  [Worker 2] episode 843 finished. (AvgLatErr: 0.4454, Steps: 120)
  [Worker 2] episode 844 finished. (AvgLatErr: 0.3565, Steps: 121)
  [Worker 2] episode 845 finished. (AvgLatErr: 0.3492, Steps: 124)
  [Worker 2] episode 846 finished. (AvgLatErr: 0.6019, Steps: 120)
  [Worker 2] episode 847 finished. (AvgLatErr: 0.3760, Steps: 124)
  [Worker 2] episode 848 finished. (AvgLatErr: 0.7409, Steps: 137)
  [Worker 2] episode 849 finished. (AvgLatErr: 0.4817, Steps: 117)
[Worker 2].
Warning: num_agents (8) is greater than the number of available vehicle parameters (4). Cycling vehicle templates.
[Worker 5] TensorFlow device=GPU, mixed_precision=mixed_float16
[Worker 5] Random seed fixed: 600881
[Worker 5] started on GPU.
  [Worker 5] episode 840 finished. (AvgLatErr: 0.2161, Steps: 155)
  [Worker 5] episode 841 finished. (AvgLatErr: 0.2832, Steps: 141)
  [Worker 5] episode 842 finished. (AvgLatErr: 0.2733, Steps: 145)
  [Worker 5] episode 843 finished. (AvgLatErr: 0.2072, Steps: 138)
  [Worker 5] episode 844 finished. (AvgLatErr: 0.3312, Steps: 150)
  [Worker 5] episode 845 finished. (AvgLatErr: 0.1768, Steps: 148)
  [Worker 5] episode 846 finished. (AvgLatErr: 0.1901, Steps: 136)
  [Worker 5] episode 847 finished. (AvgLatErr: 0.2514, Steps: 148)
  [Worker 5] episode 848 finished. (AvgLatErr: 0.1828, Steps: 138)
  [Worker 5] episode 849 finished. (AvgLatErr: 0.1990, Steps: 141)
[Worker 5].
Warning: num_agents (8) is greater than the number of available vehicle parameters (4). Cycling vehicle templates.
[Worker 3] TensorFlow device=GPU, mixed_precision=mixed_float16
[Worker 3] Random seed fixed: 400881
[Worker 3] started on GPU.
  [Worker 3] episode 840 finished. (AvgLatErr: 0.4812, Steps: 171)
  [Worker 3] episode 841 finished. (AvgLatErr: 0.5194, Steps: 172)
  [Worker 3] episode 842 finished. (AvgLatErr: 1.8069, Steps: 200)
  [Worker 3] episode 843 finished. (AvgLatErr: 2.3645, Steps: 194)
  [Worker 3] episode 844 finished. (AvgLatErr: 0.5815, Steps: 176)
  [Worker 3] episode 845 finished. (AvgLatErr: 0.4800, Steps: 172)
  [Worker 3] episode 846 finished. (AvgLatErr: 0.9875, Steps: 173)
  [Worker 3] episode 847 finished. (AvgLatErr: 1.0165, Steps: 177)
  [Worker 3] episode 848 finished. (AvgLatErr: 0.7307, Steps: 174)
  [Worker 3] episode 849 finished. (AvgLatErr: 0.7961, Steps: 167)
[Worker 3].
Warning: num_agents (8) is greater than the number of available vehicle parameters (4). Cycling vehicle templates.
[Worker 4] TensorFlow device=GPU, mixed_precision=mixed_float16
[Worker 4] Random seed fixed: 500881
[Worker 4] started on GPU.
  [Worker 4] episode 840 finished. (AvgLatErr: 0.3142, Steps: 167)
  [Worker 4] episode 841 finished. (AvgLatErr: 0.2598, Steps: 160)
  [Worker 4] episode 842 finished. (AvgLatErr: 0.3204, Steps: 157)
  [Worker 4] episode 843 finished. (AvgLatErr: 0.2594, Steps: 161)
  [Worker 4] episode 844 finished. (AvgLatErr: 0.2376, Steps: 170)
  [Worker 4] episode 845 finished. (AvgLatErr: 0.2848, Steps: 164)
  [Worker 4] episode 846 finished. (AvgLatErr: 0.3539, Steps: 161)
  [Worker 4] episode 847 finished. (AvgLatErr: 0.3266, Steps: 166)
  [Worker 4] episode 848 finished. (AvgLatErr: 0.2834, Steps: 162)
  [Worker 4] episode 849 finished. (AvgLatErr: 0.2789, Steps: 158)
[Worker 4].
Warning: num_agents (8) is greater than the number of available vehicle parameters (4). Cycling vehicle templates.
[Worker 7] TensorFlow device=GPU, mixed_precision=mixed_float16
[Worker 7] Random seed fixed: 800881
[Worker 7] started on GPU.
  [Worker 7] episode 840 finished. (AvgLatErr: 0.2718, Steps: 136)
  [Worker 7] episode 841 finished. (AvgLatErr: 0.1834, Steps: 132)
  [Worker 7] episode 842 finished. (AvgLatErr: 0.1467, Steps: 138)
  [Worker 7] episode 843 finished. (AvgLatErr: 0.1348, Steps: 137)
  [Worker 7] episode 844 finished. (AvgLatErr: 0.1435, Steps: 130)
  [Worker 7] episode 845 finished. (AvgLatErr: 0.1199, Steps: 133)
  [Worker 7] episode 846 finished. (AvgLatErr: 0.1847, Steps: 130)
  [Worker 7] episode 847 finished. (AvgLatErr: 0.2293, Steps: 132)
  [Worker 7] episode 848 finished. (AvgLatErr: 0.2827, Steps: 158)
  [Worker 7] episode 849 finished. (AvgLatErr: 0.1600, Steps: 146)
[Worker 7].
Warning: num_agents (8) is greater than the number of available vehicle parameters (4). Cycling vehicle templates.
[Worker 6] TensorFlow device=GPU, mixed_precision=mixed_float16
[Worker 6] Random seed fixed: 700881
[Worker 6] started on GPU.
  [Worker 6] episode 840 finished. (AvgLatErr: 0.4552, Steps: 200)
  [Worker 6] episode 841 finished. (AvgLatErr: 0.4890, Steps: 200)
  [Worker 6] episode 842 finished. (AvgLatErr: 0.2948, Steps: 200)
  [Worker 6] episode 843 finished. (AvgLatErr: 0.4219, Steps: 199)
  [Worker 6] episode 844 finished. (AvgLatErr: 0.3948, Steps: 200)
  [Worker 6] episode 845 finished. (AvgLatErr: 0.3705, Steps: 189)
  [Worker 6] episode 846 finished. (AvgLatErr: 0.4069, Steps: 193)
  [Worker 6] episode 847 finished. (AvgLatErr: 0.4125, Steps: 188)
  [Worker 6] episode 848 finished. (AvgLatErr: 0.3246, Steps: 195)
  [Worker 6] episode 849 finished. (AvgLatErr: 0.3878, Steps: 191)
[Worker 6].
[Main] workers finished. (elapsed: 83.77s)
[Main] Aggregation-selected agents: [1, 4, 5, 7]
[Main] FedAdagrad update completed.
[Main] Replay buffers reset after global model update.
============================================================================================
849 EP / Agent 0 : Avg Lat Err 1.2268
849 EP / Agent 1 : Avg Lat Err 0.2322
849 EP / Agent 2 : Avg Lat Err 0.4817
849 EP / Agent 3 : Avg Lat Err 0.7961
849 EP / Agent 4 : Avg Lat Err 0.2789
849 EP / Agent 5 : Avg Lat Err 0.1990
849 EP / Agent 6 : Avg Lat Err 0.3878
849 EP / Agent 7 : Avg Lat Err 0.1600
============================================================================================
[Main] Model checkpoint saved: C:\Users\syd79\FRL-Q\experiments\fast_parallel_fedadagrad_8errorlow4_20260916_run1_error_low_4of8\checkpoints\global_model_episode_000850.weights.h5

============================================================================================
[Main] FL round started. (episode 850 ~ 859)
[Main] Client selection: mode=error_low, budget=4
[Main] Participating agents: [0, 1, 2, 3, 4, 5, 6, 7]
Warning: num_agents (8) is greater than the number of available vehicle parameters (4). Cycling vehicle templates.
[Worker 0] TensorFlow device=GPU, mixed_precision=mixed_float16
[Worker 0] Random seed fixed: 100891
[Worker 0] started on GPU.
  [Worker 0] episode 850 finished. (AvgLatErr: 1.1326, Steps: 129)
  [Worker 0] episode 851 finished. (AvgLatErr: 1.3022, Steps: 131)
  [Worker 0] episode 852 finished. (AvgLatErr: 1.3451, Steps: 138)
  [Worker 0] episode 853 finished. (AvgLatErr: 1.5776, Steps: 126)
  [Worker 0] episode 854 finished. (AvgLatErr: 1.9370, Steps: 142)
  [Worker 0] episode 855 finished. (AvgLatErr: 1.2288, Steps: 136)
  [Worker 0] episode 856 finished. (AvgLatErr: 1.5606, Steps: 135)
  [Worker 0] episode 857 finished. (AvgLatErr: 1.0333, Steps: 123)
  [Worker 0] episode 858 finished. (AvgLatErr: 1.3227, Steps: 129)
  [Worker 0] episode 859 finished. (AvgLatErr: 1.0758, Steps: 132)
[Worker 0].
Warning: num_agents (8) is greater than the number of available vehicle parameters (4). Cycling vehicle templates.
[Worker 1] TensorFlow device=GPU, mixed_precision=mixed_float16
[Worker 1] Random seed fixed: 200891
[Worker 1] started on GPU.
  [Worker 1] episode 850 finished. (AvgLatErr: 0.1493, Steps: 123)
  [Worker 1] episode 851 finished. (AvgLatErr: 0.2196, Steps: 128)
  [Worker 1] episode 852 finished. (AvgLatErr: 0.2324, Steps: 124)
  [Worker 1] episode 853 finished. (AvgLatErr: 0.1922, Steps: 121)
  [Worker 1] episode 854 finished. (AvgLatErr: 0.1695, Steps: 115)
  [Worker 1] episode 855 finished. (AvgLatErr: 0.3153, Steps: 125)
  [Worker 1] episode 856 finished. (AvgLatErr: 0.1935, Steps: 121)
  [Worker 1] episode 857 finished. (AvgLatErr: 0.1582, Steps: 113)
  [Worker 1] episode 858 finished. (AvgLatErr: 0.2619, Steps: 114)
  [Worker 1] episode 859 finished. (AvgLatErr: 0.2773, Steps: 119)
[Worker 1].
Warning: num_agents (8) is greater than the number of available vehicle parameters (4). Cycling vehicle templates.
[Worker 2] TensorFlow device=GPU, mixed_precision=mixed_float16
[Worker 2] Random seed fixed: 300891
[Worker 2] started on GPU.
  [Worker 2] episode 850 finished. (AvgLatErr: 0.3079, Steps: 126)
  [Worker 2] episode 851 finished. (AvgLatErr: 0.4178, Steps: 129)
  [Worker 2] episode 852 finished. (AvgLatErr: 0.4860, Steps: 128)
  [Worker 2] episode 853 finished. (AvgLatErr: 0.4199, Steps: 130)
  [Worker 2] episode 854 finished. (AvgLatErr: 0.5577, Steps: 124)
  [Worker 2] episode 855 finished. (AvgLatErr: 6.1564, Steps: 200)
  [Worker 2] episode 856 finished. (AvgLatErr: 6.2783, Steps: 136)
  [Worker 2] episode 857 finished. (AvgLatErr: 0.7396, Steps: 117)
  [Worker 2] episode 858 finished. (AvgLatErr: 0.8235, Steps: 119)
  [Worker 2] episode 859 finished. (AvgLatErr: 0.6746, Steps: 125)
[Worker 2].
Warning: num_agents (8) is greater than the number of available vehicle parameters (4). Cycling vehicle templates.
[Worker 3] TensorFlow device=GPU, mixed_precision=mixed_float16
[Worker 3] Random seed fixed: 400891
[Worker 3] started on GPU.
  [Worker 3] episode 850 finished. (AvgLatErr: 0.4406, Steps: 177)
  [Worker 3] episode 851 finished. (AvgLatErr: 0.6460, Steps: 173)
  [Worker 3] episode 852 finished. (AvgLatErr: 0.9725, Steps: 170)
  [Worker 3] episode 853 finished. (AvgLatErr: 0.3993, Steps: 169)
  [Worker 3] episode 854 finished. (AvgLatErr: 0.7302, Steps: 175)
  [Worker 3] episode 855 finished. (AvgLatErr: 0.9594, Steps: 164)
  [Worker 3] episode 856 finished. (AvgLatErr: 2.3123, Steps: 138)
  [Worker 3] episode 857 finished. (AvgLatErr: 0.9319, Steps: 168)
  [Worker 3] episode 858 finished. (AvgLatErr: 0.8191, Steps: 176)
  [Worker 3] episode 859 finished. (AvgLatErr: 0.8206, Steps: 167)
[Worker 3].
Warning: num_agents (8) is greater than the number of available vehicle parameters (4). Cycling vehicle templates.
[Worker 4] TensorFlow device=GPU, mixed_precision=mixed_float16
[Worker 4] Random seed fixed: 500891
[Worker 4] started on GPU.
  [Worker 4] episode 850 finished. (AvgLatErr: 0.3750, Steps: 167)
  [Worker 4] episode 851 finished. (AvgLatErr: 0.4915, Steps: 157)
  [Worker 4] episode 852 finished. (AvgLatErr: 0.3190, Steps: 161)
  [Worker 4] episode 853 finished. (AvgLatErr: 0.2385, Steps: 156)
  [Worker 4] episode 854 finished. (AvgLatErr: 0.3294, Steps: 162)
  [Worker 4] episode 855 finished. (AvgLatErr: 0.2812, Steps: 158)
  [Worker 4] episode 856 finished. (AvgLatErr: 0.2163, Steps: 158)
  [Worker 4] episode 857 finished. (AvgLatErr: 0.2976, Steps: 171)
  [Worker 4] episode 858 finished. (AvgLatErr: 0.2589, Steps: 158)
  [Worker 4] episode 859 finished. (AvgLatErr: 0.2711, Steps: 159)
[Worker 4].
Warning: num_agents (8) is greater than the number of available vehicle parameters (4). Cycling vehicle templates.
[Worker 5] TensorFlow device=GPU, mixed_precision=mixed_float16
[Worker 5] Random seed fixed: 600891
[Worker 5] started on GPU.
  [Worker 5] episode 850 finished. (AvgLatErr: 0.1954, Steps: 146)
  [Worker 5] episode 851 finished. (AvgLatErr: 0.2235, Steps: 143)
  [Worker 5] episode 852 finished. (AvgLatErr: 0.1909, Steps: 152)
  [Worker 5] episode 853 finished. (AvgLatErr: 0.2239, Steps: 163)
  [Worker 5] episode 854 finished. (AvgLatErr: 0.2387, Steps: 154)
  [Worker 5] episode 855 finished. (AvgLatErr: 0.1982, Steps: 161)
  [Worker 5] episode 856 finished. (AvgLatErr: 0.3722, Steps: 148)
  [Worker 5] episode 857 finished. (AvgLatErr: 0.2712, Steps: 147)
  [Worker 5] episode 858 finished. (AvgLatErr: 0.2621, Steps: 163)
  [Worker 5] episode 859 finished. (AvgLatErr: 0.2862, Steps: 146)
[Worker 5].
Warning: num_agents (8) is greater than the number of available vehicle parameters (4). Cycling vehicle templates.
[Worker 7] TensorFlow device=GPU, mixed_precision=mixed_float16
[Worker 7] Random seed fixed: 800891
[Worker 7] started on GPU.
  [Worker 7] episode 850 finished. (AvgLatErr: 0.1263, Steps: 129)
  [Worker 7] episode 851 finished. (AvgLatErr: 0.2206, Steps: 131)
  [Worker 7] episode 852 finished. (AvgLatErr: 0.2811, Steps: 137)
  [Worker 7] episode 853 finished. (AvgLatErr: 0.1633, Steps: 125)
  [Worker 7] episode 854 finished. (AvgLatErr: 0.2636, Steps: 131)
  [Worker 7] episode 855 finished. (AvgLatErr: 0.1898, Steps: 135)
  [Worker 7] episode 856 finished. (AvgLatErr: 0.2095, Steps: 134)
  [Worker 7] episode 857 finished. (AvgLatErr: 0.1265, Steps: 130)
  [Worker 7] episode 858 finished. (AvgLatErr: 0.2146, Steps: 123)
  [Worker 7] episode 859 finished. (AvgLatErr: 0.2339, Steps: 124)
[Worker 7].
Warning: num_agents (8) is greater than the number of available vehicle parameters (4). Cycling vehicle templates.
[Worker 6] TensorFlow device=GPU, mixed_precision=mixed_float16
[Worker 6] Random seed fixed: 700891
[Worker 6] started on GPU.
  [Worker 6] episode 850 finished. (AvgLatErr: 0.4909, Steps: 200)
  [Worker 6] episode 851 finished. (AvgLatErr: 0.4381, Steps: 194)
  [Worker 6] episode 852 finished. (AvgLatErr: 0.6750, Steps: 192)
  [Worker 6] episode 853 finished. (AvgLatErr: 0.3604, Steps: 200)
  [Worker 6] episode 854 finished. (AvgLatErr: 0.6145, Steps: 200)
  [Worker 6] episode 855 finished. (AvgLatErr: 0.6176, Steps: 198)
  [Worker 6] episode 856 finished. (AvgLatErr: 0.4864, Steps: 200)
  [Worker 6] episode 857 finished. (AvgLatErr: 0.3857, Steps: 200)
  [Worker 6] episode 858 finished. (AvgLatErr: 0.4224, Steps: 200)
  [Worker 6] episode 859 finished. (AvgLatErr: 0.4828, Steps: 200)
[Worker 6].
[Main] workers finished. (elapsed: 84.20s)
[Main] Aggregation-selected agents: [1, 4, 5, 7]
[Main] FedAdagrad update completed.
[Main] Replay buffers reset after global model update.
============================================================================================
859 EP / Agent 0 : Avg Lat Err 1.0758
859 EP / Agent 1 : Avg Lat Err 0.2773
859 EP / Agent 2 : Avg Lat Err 0.6746
859 EP / Agent 3 : Avg Lat Err 0.8206
859 EP / Agent 4 : Avg Lat Err 0.2711
859 EP / Agent 5 : Avg Lat Err 0.2862
859 EP / Agent 6 : Avg Lat Err 0.4828
859 EP / Agent 7 : Avg Lat Err 0.2339
============================================================================================

============================================================================================
[Main] FL round started. (episode 860 ~ 869)
[Main] Client selection: mode=error_low, budget=4
[Main] Participating agents: [0, 1, 2, 3, 4, 5, 6, 7]
Warning: num_agents (8) is greater than the number of available vehicle parameters (4). Cycling vehicle templates.
[Worker 0] TensorFlow device=GPU, mixed_precision=mixed_float16
[Worker 0] Random seed fixed: 100901
[Worker 0] started on GPU.
  [Worker 0] episode 860 finished. (AvgLatErr: 0.7641, Steps: 140)
  [Worker 0] episode 861 finished. (AvgLatErr: 1.6805, Steps: 133)
  [Worker 0] episode 862 finished. (AvgLatErr: 1.3109, Steps: 123)
  [Worker 0] episode 863 finished. (AvgLatErr: 1.7687, Steps: 134)
  [Worker 0] episode 864 finished. (AvgLatErr: 1.2117, Steps: 122)
  [Worker 0] episode 865 finished. (AvgLatErr: 1.2090, Steps: 129)
  [Worker 0] episode 866 finished. (AvgLatErr: 1.7651, Steps: 123)
  [Worker 0] episode 867 finished. (AvgLatErr: 2.0616, Steps: 139)
  [Worker 0] episode 868 finished. (AvgLatErr: 1.3245, Steps: 128)
  [Worker 0] episode 869 finished. (AvgLatErr: 1.2785, Steps: 132)
[Worker 0].
Warning: num_agents (8) is greater than the number of available vehicle parameters (4). Cycling vehicle templates.
[Worker 1] TensorFlow device=GPU, mixed_precision=mixed_float16
[Worker 1] Random seed fixed: 200901
[Worker 1] started on GPU.
  [Worker 1] episode 860 finished. (AvgLatErr: 0.1956, Steps: 119)
  [Worker 1] episode 861 finished. (AvgLatErr: 0.1952, Steps: 127)
  [Worker 1] episode 862 finished. (AvgLatErr: 0.1564, Steps: 143)
  [Worker 1] episode 863 finished. (AvgLatErr: 0.2389, Steps: 123)
  [Worker 1] episode 864 finished. (AvgLatErr: 0.1244, Steps: 120)
  [Worker 1] episode 865 finished. (AvgLatErr: 0.1834, Steps: 118)
  [Worker 1] episode 866 finished. (AvgLatErr: 0.3117, Steps: 114)
  [Worker 1] episode 867 finished. (AvgLatErr: 0.2049, Steps: 117)
  [Worker 1] episode 868 finished. (AvgLatErr: 0.2470, Steps: 131)
  [Worker 1] episode 869 finished. (AvgLatErr: 0.1625, Steps: 142)
[Worker 1].
Warning: num_agents (8) is greater than the number of available vehicle parameters (4). Cycling vehicle templates.
[Worker 2] TensorFlow device=GPU, mixed_precision=mixed_float16
[Worker 2] Random seed fixed: 300901
[Worker 2] started on GPU.
  [Worker 2] episode 860 finished. (AvgLatErr: 0.2391, Steps: 127)
  [Worker 2] episode 861 finished. (AvgLatErr: 0.3174, Steps: 127)
  [Worker 2] episode 862 finished. (AvgLatErr: 0.4439, Steps: 112)
  [Worker 2] episode 863 finished. (AvgLatErr: 0.7268, Steps: 121)
  [Worker 2] episode 864 finished. (AvgLatErr: 0.4136, Steps: 118)
  [Worker 2] episode 865 finished. (AvgLatErr: 0.4246, Steps: 115)
  [Worker 2] episode 866 finished. (AvgLatErr: 0.3784, Steps: 120)
  [Worker 2] episode 867 finished. (AvgLatErr: 0.4936, Steps: 111)
  [Worker 2] episode 868 finished. (AvgLatErr: 0.4794, Steps: 120)
  [Worker 2] episode 869 finished. (AvgLatErr: 0.5682, Steps: 115)
[Worker 2].
Warning: num_agents (8) is greater than the number of available vehicle parameters (4). Cycling vehicle templates.
[Worker 3] TensorFlow device=GPU, mixed_precision=mixed_float16
[Worker 3] Random seed fixed: 400901
[Worker 3] started on GPU.
  [Worker 3] episode 860 finished. (AvgLatErr: 0.8318, Steps: 171)
  [Worker 3] episode 861 finished. (AvgLatErr: 0.6940, Steps: 161)
  [Worker 3] episode 862 finished. (AvgLatErr: 0.9544, Steps: 154)
  [Worker 3] episode 863 finished. (AvgLatErr: 0.7176, Steps: 159)
  [Worker 3] episode 864 finished. (AvgLatErr: 0.8339, Steps: 159)
  [Worker 3] episode 865 finished. (AvgLatErr: 0.9282, Steps: 158)
  [Worker 3] episode 866 finished. (AvgLatErr: 0.5908, Steps: 187)
  [Worker 3] episode 867 finished. (AvgLatErr: 0.6527, Steps: 182)
  [Worker 3] episode 868 finished. (AvgLatErr: 0.7007, Steps: 164)
  [Worker 3] episode 869 finished. (AvgLatErr: 0.6308, Steps: 165)
[Worker 3].
Warning: num_agents (8) is greater than the number of available vehicle parameters (4). Cycling vehicle templates.
[Worker 4] TensorFlow device=GPU, mixed_precision=mixed_float16
[Worker 4] Random seed fixed: 500901
[Worker 4] started on GPU.
  [Worker 4] episode 860 finished. (AvgLatErr: 0.2321, Steps: 163)
  [Worker 4] episode 861 finished. (AvgLatErr: 0.3504, Steps: 164)
  [Worker 4] episode 862 finished. (AvgLatErr: 0.3675, Steps: 156)
  [Worker 4] episode 863 finished. (AvgLatErr: 0.2798, Steps: 158)
  [Worker 4] episode 864 finished. (AvgLatErr: 0.3112, Steps: 163)
  [Worker 4] episode 865 finished. (AvgLatErr: 0.3829, Steps: 154)
  [Worker 4] episode 866 finished. (AvgLatErr: 0.3628, Steps: 155)
  [Worker 4] episode 867 finished. (AvgLatErr: 0.3539, Steps: 162)
  [Worker 4] episode 868 finished. (AvgLatErr: 0.3051, Steps: 161)
  [Worker 4] episode 869 finished. (AvgLatErr: 0.3258, Steps: 153)
[Worker 4].
Warning: num_agents (8) is greater than the number of available vehicle parameters (4). Cycling vehicle templates.
[Worker 5] TensorFlow device=GPU, mixed_precision=mixed_float16
[Worker 5] Random seed fixed: 600901
[Worker 5] started on GPU.
  [Worker 5] episode 860 finished. (AvgLatErr: 0.3513, Steps: 161)
  [Worker 5] episode 861 finished. (AvgLatErr: 0.1788, Steps: 141)
  [Worker 5] episode 862 finished. (AvgLatErr: 0.2248, Steps: 150)
  [Worker 5] episode 863 finished. (AvgLatErr: 0.2333, Steps: 132)
  [Worker 5] episode 864 finished. (AvgLatErr: 0.2301, Steps: 144)
  [Worker 5] episode 865 finished. (AvgLatErr: 0.3465, Steps: 151)
  [Worker 5] episode 866 finished. (AvgLatErr: 0.2167, Steps: 139)
  [Worker 5] episode 867 finished. (AvgLatErr: 0.2482, Steps: 140)
  [Worker 5] episode 868 finished. (AvgLatErr: 0.2595, Steps: 152)
  [Worker 5] episode 869 finished. (AvgLatErr: 0.1702, Steps: 141)
[Worker 5].
Warning: num_agents (8) is greater than the number of available vehicle parameters (4). Cycling vehicle templates.
[Worker 7] TensorFlow device=GPU, mixed_precision=mixed_float16
[Worker 7] Random seed fixed: 800901
[Worker 7] started on GPU.
  [Worker 7] episode 860 finished. (AvgLatErr: 0.1624, Steps: 136)
  [Worker 7] episode 861 finished. (AvgLatErr: 0.3690, Steps: 147)
  [Worker 7] episode 862 finished. (AvgLatErr: 0.1922, Steps: 136)
  [Worker 7] episode 863 finished. (AvgLatErr: 0.1794, Steps: 121)
  [Worker 7] episode 864 finished. (AvgLatErr: 0.1877, Steps: 130)
  [Worker 7] episode 865 finished. (AvgLatErr: 0.1783, Steps: 127)
  [Worker 7] episode 866 finished. (AvgLatErr: 0.3628, Steps: 141)
  [Worker 7] episode 867 finished. (AvgLatErr: 0.1402, Steps: 128)
  [Worker 7] episode 868 finished. (AvgLatErr: 0.2564, Steps: 125)
  [Worker 7] episode 869 finished. (AvgLatErr: 0.2442, Steps: 120)
[Worker 7].
Warning: num_agents (8) is greater than the number of available vehicle parameters (4). Cycling vehicle templates.
[Worker 6] TensorFlow device=GPU, mixed_precision=mixed_float16
[Worker 6] Random seed fixed: 700901
[Worker 6] started on GPU.
  [Worker 6] episode 860 finished. (AvgLatErr: 0.4207, Steps: 200)
  [Worker 6] episode 861 finished. (AvgLatErr: 0.4881, Steps: 200)
  [Worker 6] episode 862 finished. (AvgLatErr: 0.7681, Steps: 200)
  [Worker 6] episode 863 finished. (AvgLatErr: 0.4670, Steps: 200)
  [Worker 6] episode 864 finished. (AvgLatErr: 0.5806, Steps: 200)
  [Worker 6] episode 865 finished. (AvgLatErr: 0.3814, Steps: 200)
  [Worker 6] episode 866 finished. (AvgLatErr: 0.3414, Steps: 197)
  [Worker 6] episode 867 finished. (AvgLatErr: 0.5094, Steps: 191)
  [Worker 6] episode 868 finished. (AvgLatErr: 0.5604, Steps: 200)
  [Worker 6] episode 869 finished. (AvgLatErr: 0.8175, Steps: 200)
[Worker 6].
[Main] workers finished. (elapsed: 83.77s)
[Main] Aggregation-selected agents: [1, 4, 5, 7]
[Main] FedAdagrad update completed.
[Main] Replay buffers reset after global model update.
============================================================================================
869 EP / Agent 0 : Avg Lat Err 1.2785
869 EP / Agent 1 : Avg Lat Err 0.1625
869 EP / Agent 2 : Avg Lat Err 0.5682
869 EP / Agent 3 : Avg Lat Err 0.6308
869 EP / Agent 4 : Avg Lat Err 0.3258
869 EP / Agent 5 : Avg Lat Err 0.1702
869 EP / Agent 6 : Avg Lat Err 0.8175
869 EP / Agent 7 : Avg Lat Err 0.2442
============================================================================================

============================================================================================
[Main] FL round started. (episode 870 ~ 879)
[Main] Client selection: mode=error_low, budget=4
[Main] Participating agents: [0, 1, 2, 3, 4, 5, 6, 7]
Warning: num_agents (8) is greater than the number of available vehicle parameters (4). Cycling vehicle templates.
[Worker 1] TensorFlow device=GPU, mixed_precision=mixed_float16
[Worker 1] Random seed fixed: 200911
[Worker 1] started on GPU.
  [Worker 1] episode 870 finished. (AvgLatErr: 0.1944, Steps: 121)
  [Worker 1] episode 871 finished. (AvgLatErr: 0.1324, Steps: 115)
  [Worker 1] episode 872 finished. (AvgLatErr: 0.2053, Steps: 124)
  [Worker 1] episode 873 finished. (AvgLatErr: 0.1816, Steps: 120)
  [Worker 1] episode 874 finished. (AvgLatErr: 0.1526, Steps: 125)
  [Worker 1] episode 875 finished. (AvgLatErr: 0.2690, Steps: 120)
  [Worker 1] episode 876 finished. (AvgLatErr: 0.1722, Steps: 119)
  [Worker 1] episode 877 finished. (AvgLatErr: 0.1656, Steps: 111)
  [Worker 1] episode 878 finished. (AvgLatErr: 0.2704, Steps: 124)
  [Worker 1] episode 879 finished. (AvgLatErr: 0.2088, Steps: 127)
[Worker 1].
Warning: num_agents (8) is greater than the number of available vehicle parameters (4). Cycling vehicle templates.
[Worker 0] TensorFlow device=GPU, mixed_precision=mixed_float16
[Worker 0] Random seed fixed: 100911
[Worker 0] started on GPU.
  [Worker 0] episode 870 finished. (AvgLatErr: 0.6873, Steps: 127)
  [Worker 0] episode 871 finished. (AvgLatErr: 2.0797, Steps: 142)
  [Worker 0] episode 872 finished. (AvgLatErr: 1.7939, Steps: 134)
  [Worker 0] episode 873 finished. (AvgLatErr: 1.2842, Steps: 134)
  [Worker 0] episode 874 finished. (AvgLatErr: 0.9956, Steps: 132)
  [Worker 0] episode 875 finished. (AvgLatErr: 2.1675, Steps: 138)
  [Worker 0] episode 876 finished. (AvgLatErr: 1.2478, Steps: 141)
  [Worker 0] episode 877 finished. (AvgLatErr: 1.6010, Steps: 133)
  [Worker 0] episode 878 finished. (AvgLatErr: 8.3334, Steps: 177)
  [Worker 0] episode 879 finished. (AvgLatErr: 0.8614, Steps: 135)
[Worker 0].
Warning: num_agents (8) is greater than the number of available vehicle parameters (4). Cycling vehicle templates.
[Worker 2] TensorFlow device=GPU, mixed_precision=mixed_float16
[Worker 2] Random seed fixed: 300911
[Worker 2] started on GPU.
  [Worker 2] episode 870 finished. (AvgLatErr: 0.3397, Steps: 121)
  [Worker 2] episode 871 finished. (AvgLatErr: 0.4040, Steps: 113)
  [Worker 2] episode 872 finished. (AvgLatErr: 0.3018, Steps: 124)
  [Worker 2] episode 873 finished. (AvgLatErr: 0.4994, Steps: 115)
  [Worker 2] episode 874 finished. (AvgLatErr: 0.4109, Steps: 117)
  [Worker 2] episode 875 finished. (AvgLatErr: 0.5228, Steps: 128)
  [Worker 2] episode 876 finished. (AvgLatErr: 0.4083, Steps: 123)
  [Worker 2] episode 877 finished. (AvgLatErr: 0.5184, Steps: 121)
  [Worker 2] episode 878 finished. (AvgLatErr: 0.3934, Steps: 114)
  [Worker 2] episode 879 finished. (AvgLatErr: 0.3977, Steps: 116)
[Worker 2].
Warning: num_agents (8) is greater than the number of available vehicle parameters (4). Cycling vehicle templates.
[Worker 3] TensorFlow device=GPU, mixed_precision=mixed_float16
[Worker 3] Random seed fixed: 400911
[Worker 3] started on GPU.
  [Worker 3] episode 870 finished. (AvgLatErr: 0.5506, Steps: 164)
  [Worker 3] episode 871 finished. (AvgLatErr: 0.4569, Steps: 168)
  [Worker 3] episode 872 finished. (AvgLatErr: 0.7973, Steps: 166)
  [Worker 3] episode 873 finished. (AvgLatErr: 0.5843, Steps: 164)
  [Worker 3] episode 874 finished. (AvgLatErr: 0.5966, Steps: 166)
  [Worker 3] episode 875 finished. (AvgLatErr: 0.6179, Steps: 172)
  [Worker 3] episode 876 finished. (AvgLatErr: 1.1273, Steps: 183)
  [Worker 3] episode 877 finished. (AvgLatErr: 0.7887, Steps: 170)
  [Worker 3] episode 878 finished. (AvgLatErr: 0.4932, Steps: 167)
  [Worker 3] episode 879 finished. (AvgLatErr: 0.5129, Steps: 170)
[Worker 3].
Warning: num_agents (8) is greater than the number of available vehicle parameters (4). Cycling vehicle templates.
[Worker 4] TensorFlow device=GPU, mixed_precision=mixed_float16
[Worker 4] Random seed fixed: 500911
[Worker 4] started on GPU.
  [Worker 4] episode 870 finished. (AvgLatErr: 0.2602, Steps: 161)
  [Worker 4] episode 871 finished. (AvgLatErr: 0.2926, Steps: 154)
  [Worker 4] episode 872 finished. (AvgLatErr: 0.3671, Steps: 158)
  [Worker 4] episode 873 finished. (AvgLatErr: 0.2345, Steps: 155)
  [Worker 4] episode 874 finished. (AvgLatErr: 0.2505, Steps: 155)
  [Worker 4] episode 875 finished. (AvgLatErr: 0.2649, Steps: 151)
  [Worker 4] episode 876 finished. (AvgLatErr: 0.3540, Steps: 159)
  [Worker 4] episode 877 finished. (AvgLatErr: 0.2048, Steps: 173)
  [Worker 4] episode 878 finished. (AvgLatErr: 0.2849, Steps: 156)
  [Worker 4] episode 879 finished. (AvgLatErr: 0.2104, Steps: 169)
[Worker 4].
Warning: num_agents (8) is greater than the number of available vehicle parameters (4). Cycling vehicle templates.
[Worker 5] TensorFlow device=GPU, mixed_precision=mixed_float16
[Worker 5] Random seed fixed: 600911
[Worker 5] started on GPU.
  [Worker 5] episode 870 finished. (AvgLatErr: 0.1818, Steps: 147)
  [Worker 5] episode 871 finished. (AvgLatErr: 0.2007, Steps: 149)
  [Worker 5] episode 872 finished. (AvgLatErr: 0.2615, Steps: 163)
  [Worker 5] episode 873 finished. (AvgLatErr: 0.2704, Steps: 142)
  [Worker 5] episode 874 finished. (AvgLatErr: 0.2366, Steps: 154)
  [Worker 5] episode 875 finished. (AvgLatErr: 0.2567, Steps: 146)
  [Worker 5] episode 876 finished. (AvgLatErr: 0.2029, Steps: 145)
  [Worker 5] episode 877 finished. (AvgLatErr: 0.2441, Steps: 152)
  [Worker 5] episode 878 finished. (AvgLatErr: 0.2708, Steps: 152)
  [Worker 5] episode 879 finished. (AvgLatErr: 0.2411, Steps: 140)
[Worker 5].
Warning: num_agents (8) is greater than the number of available vehicle parameters (4). Cycling vehicle templates.
[Worker 7] TensorFlow device=GPU, mixed_precision=mixed_float16
[Worker 7] Random seed fixed: 800911
[Worker 7] started on GPU.
  [Worker 7] episode 870 finished. (AvgLatErr: 8.0539, Steps: 200)
  [Worker 7] episode 871 finished. (AvgLatErr: 0.3036, Steps: 145)
  [Worker 7] episode 872 finished. (AvgLatErr: 0.3101, Steps: 130)
  [Worker 7] episode 873 finished. (AvgLatErr: 0.3940, Steps: 142)
  [Worker 7] episode 874 finished. (AvgLatErr: 0.2197, Steps: 130)
  [Worker 7] episode 875 finished. (AvgLatErr: 0.2999, Steps: 142)
  [Worker 7] episode 876 finished. (AvgLatErr: 0.3516, Steps: 121)
  [Worker 7] episode 877 finished. (AvgLatErr: 0.3615, Steps: 134)
  [Worker 7] episode 878 finished. (AvgLatErr: 0.3978, Steps: 150)
  [Worker 7] episode 879 finished. (AvgLatErr: 0.3608, Steps: 141)
[Worker 7].
Warning: num_agents (8) is greater than the number of available vehicle parameters (4). Cycling vehicle templates.
[Worker 6] TensorFlow device=GPU, mixed_precision=mixed_float16
[Worker 6] Random seed fixed: 700911
[Worker 6] started on GPU.
  [Worker 6] episode 870 finished. (AvgLatErr: 0.5085, Steps: 200)
  [Worker 6] episode 871 finished. (AvgLatErr: 0.5609, Steps: 196)
  [Worker 6] episode 872 finished. (AvgLatErr: 0.6316, Steps: 200)
  [Worker 6] episode 873 finished. (AvgLatErr: 0.7057, Steps: 193)
  [Worker 6] episode 874 finished. (AvgLatErr: 0.8885, Steps: 181)
  [Worker 6] episode 875 finished. (AvgLatErr: 0.5334, Steps: 178)
  [Worker 6] episode 876 finished. (AvgLatErr: 0.5809, Steps: 194)
  [Worker 6] episode 877 finished. (AvgLatErr: 0.7111, Steps: 185)
  [Worker 6] episode 878 finished. (AvgLatErr: 1.2767, Steps: 200)
  [Worker 6] episode 879 finished. (AvgLatErr: 0.6005, Steps: 184)
[Worker 6].
[Main] workers finished. (elapsed: 83.08s)
[Main] Aggregation-selected agents: [1, 4, 5, 7]
[Main] FedAdagrad update completed.
[Main] Replay buffers reset after global model update.
============================================================================================
879 EP / Agent 0 : Avg Lat Err 0.8614
879 EP / Agent 1 : Avg Lat Err 0.2088
879 EP / Agent 2 : Avg Lat Err 0.3977
879 EP / Agent 3 : Avg Lat Err 0.5129
879 EP / Agent 4 : Avg Lat Err 0.2104
879 EP / Agent 5 : Avg Lat Err 0.2411
879 EP / Agent 6 : Avg Lat Err 0.6005
879 EP / Agent 7 : Avg Lat Err 0.3608
============================================================================================

============================================================================================
[Main] FL round started. (episode 880 ~ 889)
[Main] Client selection: mode=error_low, budget=4
[Main] Participating agents: [0, 1, 2, 3, 4, 5, 6, 7]
Warning: num_agents (8) is greater than the number of available vehicle parameters (4). Cycling vehicle templates.
[Worker 0] TensorFlow device=GPU, mixed_precision=mixed_float16
[Worker 0] Random seed fixed: 100921
[Worker 0] started on GPU.
  [Worker 0] episode 880 finished. (AvgLatErr: 0.9543, Steps: 137)
  [Worker 0] episode 881 finished. (AvgLatErr: 1.7730, Steps: 135)
  [Worker 0] episode 882 finished. (AvgLatErr: 1.1258, Steps: 127)
  [Worker 0] episode 883 finished. (AvgLatErr: 0.9892, Steps: 125)
  [Worker 0] episode 884 finished. (AvgLatErr: 1.0425, Steps: 126)
  [Worker 0] episode 885 finished. (AvgLatErr: 1.0894, Steps: 124)
  [Worker 0] episode 886 finished. (AvgLatErr: 1.2080, Steps: 133)
  [Worker 0] episode 887 finished. (AvgLatErr: 7.6921, Steps: 200)
  [Worker 0] episode 888 finished. (AvgLatErr: 0.9751, Steps: 123)
  [Worker 0] episode 889 finished. (AvgLatErr: 1.1186, Steps: 131)
[Worker 0].
Warning: num_agents (8) is greater than the number of available vehicle parameters (4). Cycling vehicle templates.
[Worker 1] TensorFlow device=GPU, mixed_precision=mixed_float16
[Worker 1] Random seed fixed: 200921
[Worker 1] started on GPU.
  [Worker 1] episode 880 finished. (AvgLatErr: 0.1504, Steps: 119)
  [Worker 1] episode 881 finished. (AvgLatErr: 0.2133, Steps: 127)
  [Worker 1] episode 882 finished. (AvgLatErr: 0.2694, Steps: 127)
  [Worker 1] episode 883 finished. (AvgLatErr: 0.2995, Steps: 123)
  [Worker 1] episode 884 finished. (AvgLatErr: 0.1970, Steps: 123)
  [Worker 1] episode 885 finished. (AvgLatErr: 0.1980, Steps: 128)
  [Worker 1] episode 886 finished. (AvgLatErr: 0.2547, Steps: 133)
  [Worker 1] episode 887 finished. (AvgLatErr: 0.2016, Steps: 112)
  [Worker 1] episode 888 finished. (AvgLatErr: 0.2116, Steps: 123)
  [Worker 1] episode 889 finished. (AvgLatErr: 0.2070, Steps: 122)
[Worker 1].
Warning: num_agents (8) is greater than the number of available vehicle parameters (4). Cycling vehicle templates.
[Worker 2] TensorFlow device=GPU, mixed_precision=mixed_float16
[Worker 2] Random seed fixed: 300921
[Worker 2] started on GPU.
  [Worker 2] episode 880 finished. (AvgLatErr: 0.3229, Steps: 133)
  [Worker 2] episode 881 finished. (AvgLatErr: 0.2324, Steps: 128)
  [Worker 2] episode 882 finished. (AvgLatErr: 0.6640, Steps: 123)
  [Worker 2] episode 883 finished. (AvgLatErr: 0.5237, Steps: 112)
  [Worker 2] episode 884 finished. (AvgLatErr: 0.4664, Steps: 114)
  [Worker 2] episode 885 finished. (AvgLatErr: 0.4413, Steps: 126)
  [Worker 2] episode 886 finished. (AvgLatErr: 0.4851, Steps: 131)
  [Worker 2] episode 887 finished. (AvgLatErr: 0.4259, Steps: 115)
  [Worker 2] episode 888 finished. (AvgLatErr: 0.5716, Steps: 122)
  [Worker 2] episode 889 finished. (AvgLatErr: 0.4692, Steps: 117)
[Worker 2].
Warning: num_agents (8) is greater than the number of available vehicle parameters (4). Cycling vehicle templates.
[Worker 3] TensorFlow device=GPU, mixed_precision=mixed_float16
[Worker 3] Random seed fixed: 400921
[Worker 3] started on GPU.
  [Worker 3] episode 880 finished. (AvgLatErr: 0.3706, Steps: 187)
  [Worker 3] episode 881 finished. (AvgLatErr: 0.5965, Steps: 170)
  [Worker 3] episode 882 finished. (AvgLatErr: 0.5325, Steps: 176)
  [Worker 3] episode 883 finished. (AvgLatErr: 0.8262, Steps: 163)
  [Worker 3] episode 884 finished. (AvgLatErr: 0.8075, Steps: 168)
  [Worker 3] episode 885 finished. (AvgLatErr: 0.6660, Steps: 160)
  [Worker 3] episode 886 finished. (AvgLatErr: 0.8801, Steps: 163)
  [Worker 3] episode 887 finished. (AvgLatErr: 1.0586, Steps: 165)
  [Worker 3] episode 888 finished. (AvgLatErr: 0.6489, Steps: 169)
  [Worker 3] episode 889 finished. (AvgLatErr: 1.3138, Steps: 163)
[Worker 3].
Warning: num_agents (8) is greater than the number of available vehicle parameters (4). Cycling vehicle templates.
[Worker 4] TensorFlow device=GPU, mixed_precision=mixed_float16
[Worker 4] Random seed fixed: 500921
[Worker 4] started on GPU.
  [Worker 4] episode 880 finished. (AvgLatErr: 0.3491, Steps: 154)
  [Worker 4] episode 881 finished. (AvgLatErr: 0.3000, Steps: 150)
  [Worker 4] episode 882 finished. (AvgLatErr: 0.2738, Steps: 149)
  [Worker 4] episode 883 finished. (AvgLatErr: 0.4669, Steps: 152)
  [Worker 4] episode 884 finished. (AvgLatErr: 0.2477, Steps: 152)
  [Worker 4] episode 885 finished. (AvgLatErr: 0.2934, Steps: 153)
  [Worker 4] episode 886 finished. (AvgLatErr: 0.2344, Steps: 149)
  [Worker 4] episode 887 finished. (AvgLatErr: 0.4602, Steps: 160)
  [Worker 4] episode 888 finished. (AvgLatErr: 0.2874, Steps: 145)
  [Worker 4] episode 889 finished. (AvgLatErr: 0.2558, Steps: 151)
[Worker 4].
Warning: num_agents (8) is greater than the number of available vehicle parameters (4). Cycling vehicle templates.
[Worker 5] TensorFlow device=GPU, mixed_precision=mixed_float16
[Worker 5] Random seed fixed: 600921
[Worker 5] started on GPU.
  [Worker 5] episode 880 finished. (AvgLatErr: 0.2052, Steps: 153)
  [Worker 5] episode 881 finished. (AvgLatErr: 0.2271, Steps: 138)
  [Worker 5] episode 882 finished. (AvgLatErr: 0.3193, Steps: 144)
  [Worker 5] episode 883 finished. (AvgLatErr: 0.2697, Steps: 145)
  [Worker 5] episode 884 finished. (AvgLatErr: 0.2657, Steps: 139)
  [Worker 5] episode 885 finished. (AvgLatErr: 0.1860, Steps: 132)
  [Worker 5] episode 886 finished. (AvgLatErr: 0.1544, Steps: 150)
  [Worker 5] episode 887 finished. (AvgLatErr: 0.2564, Steps: 143)
  [Worker 5] episode 888 finished. (AvgLatErr: 0.2156, Steps: 138)
  [Worker 5] episode 889 finished. (AvgLatErr: 0.2472, Steps: 158)
[Worker 5].
Warning: num_agents (8) is greater than the number of available vehicle parameters (4). Cycling vehicle templates.
[Worker 7] TensorFlow device=GPU, mixed_precision=mixed_float16
[Worker 7] Random seed fixed: 800921
[Worker 7] started on GPU.
  [Worker 7] episode 880 finished. (AvgLatErr: 0.1255, Steps: 143)
  [Worker 7] episode 881 finished. (AvgLatErr: 0.1695, Steps: 137)
  [Worker 7] episode 882 finished. (AvgLatErr: 0.2439, Steps: 131)
  [Worker 7] episode 883 finished. (AvgLatErr: 0.1705, Steps: 123)
  [Worker 7] episode 884 finished. (AvgLatErr: 0.1548, Steps: 127)
  [Worker 7] episode 885 finished. (AvgLatErr: 0.2293, Steps: 141)
  [Worker 7] episode 886 finished. (AvgLatErr: 0.2788, Steps: 147)
  [Worker 7] episode 887 finished. (AvgLatErr: 0.2871, Steps: 127)
  [Worker 7] episode 888 finished. (AvgLatErr: 0.2875, Steps: 129)
  [Worker 7] episode 889 finished. (AvgLatErr: 0.2666, Steps: 137)
[Worker 7].
Warning: num_agents (8) is greater than the number of available vehicle parameters (4). Cycling vehicle templates.
[Worker 6] TensorFlow device=GPU, mixed_precision=mixed_float16
[Worker 6] Random seed fixed: 700921
[Worker 6] started on GPU.
  [Worker 6] episode 880 finished. (AvgLatErr: 0.4531, Steps: 198)
  [Worker 6] episode 881 finished. (AvgLatErr: 0.6174, Steps: 185)
  [Worker 6] episode 882 finished. (AvgLatErr: 0.7540, Steps: 200)
  [Worker 6] episode 883 finished. (AvgLatErr: 0.5445, Steps: 186)
  [Worker 6] episode 884 finished. (AvgLatErr: 0.5014, Steps: 180)
  [Worker 6] episode 885 finished. (AvgLatErr: 0.5419, Steps: 198)
  [Worker 6] episode 886 finished. (AvgLatErr: 0.6292, Steps: 198)
  [Worker 6] episode 887 finished. (AvgLatErr: 0.4185, Steps: 196)
  [Worker 6] episode 888 finished. (AvgLatErr: 0.5747, Steps: 188)
  [Worker 6] episode 889 finished. (AvgLatErr: 0.6243, Steps: 200)
[Worker 6].
[Main] workers finished. (elapsed: 82.59s)
[Main] Aggregation-selected agents: [1, 4, 5, 7]
[Main] FedAdagrad update completed.
[Main] Replay buffers reset after global model update.
============================================================================================
889 EP / Agent 0 : Avg Lat Err 1.1186
889 EP / Agent 1 : Avg Lat Err 0.2070
889 EP / Agent 2 : Avg Lat Err 0.4692
889 EP / Agent 3 : Avg Lat Err 1.3138
889 EP / Agent 4 : Avg Lat Err 0.2558
889 EP / Agent 5 : Avg Lat Err 0.2472
889 EP / Agent 6 : Avg Lat Err 0.6243
889 EP / Agent 7 : Avg Lat Err 0.2666
============================================================================================

============================================================================================
[Main] FL round started. (episode 890 ~ 899)
[Main] Client selection: mode=error_low, budget=4
[Main] Participating agents: [0, 1, 2, 3, 4, 5, 6, 7]
Warning: num_agents (8) is greater than the number of available vehicle parameters (4). Cycling vehicle templates.
[Worker 0] TensorFlow device=GPU, mixed_precision=mixed_float16
[Worker 0] Random seed fixed: 100931
[Worker 0] started on GPU.
  [Worker 0] episode 890 finished. (AvgLatErr: 0.8854, Steps: 122)
  [Worker 0] episode 891 finished. (AvgLatErr: 0.8963, Steps: 128)
  [Worker 0] episode 892 finished. (AvgLatErr: 0.6980, Steps: 130)
  [Worker 0] episode 893 finished. (AvgLatErr: 1.5978, Steps: 135)
  [Worker 0] episode 894 finished. (AvgLatErr: 1.2670, Steps: 124)
  [Worker 0] episode 895 finished. (AvgLatErr: 1.4675, Steps: 130)
  [Worker 0] episode 896 finished. (AvgLatErr: 1.3298, Steps: 127)
  [Worker 0] episode 897 finished. (AvgLatErr: 1.0837, Steps: 135)
  [Worker 0] episode 898 finished. (AvgLatErr: 1.3162, Steps: 124)
  [Worker 0] episode 899 finished. (AvgLatErr: 3.8946, Steps: 159)
[Worker 0].
Warning: num_agents (8) is greater than the number of available vehicle parameters (4). Cycling vehicle templates.
[Worker 1] TensorFlow device=GPU, mixed_precision=mixed_float16
[Worker 1] Random seed fixed: 200931
[Worker 1] started on GPU.
  [Worker 1] episode 890 finished. (AvgLatErr: 0.1909, Steps: 108)
  [Worker 1] episode 891 finished. (AvgLatErr: 0.1979, Steps: 130)
  [Worker 1] episode 892 finished. (AvgLatErr: 0.1611, Steps: 116)
  [Worker 1] episode 893 finished. (AvgLatErr: 0.1636, Steps: 116)
  [Worker 1] episode 894 finished. (AvgLatErr: 0.1822, Steps: 120)
  [Worker 1] episode 895 finished. (AvgLatErr: 0.3295, Steps: 129)
  [Worker 1] episode 896 finished. (AvgLatErr: 0.1944, Steps: 133)
  [Worker 1] episode 897 finished. (AvgLatErr: 0.1969, Steps: 126)
  [Worker 1] episode 898 finished. (AvgLatErr: 0.1695, Steps: 126)
  [Worker 1] episode 899 finished. (AvgLatErr: 0.1343, Steps: 123)
[Worker 1].
Warning: num_agents (8) is greater than the number of available vehicle parameters (4). Cycling vehicle templates.
[Worker 2] TensorFlow device=GPU, mixed_precision=mixed_float16
[Worker 2] Random seed fixed: 300931
[Worker 2] started on GPU.
  [Worker 2] episode 890 finished. (AvgLatErr: 0.7300, Steps: 122)
  [Worker 2] episode 891 finished. (AvgLatErr: 0.4538, Steps: 113)
  [Worker 2] episode 892 finished. (AvgLatErr: 0.3758, Steps: 127)
  [Worker 2] episode 893 finished. (AvgLatErr: 0.5677, Steps: 115)
  [Worker 2] episode 894 finished. (AvgLatErr: 0.4439, Steps: 122)
  [Worker 2] episode 895 finished. (AvgLatErr: 0.7380, Steps: 109)
  [Worker 2] episode 896 finished. (AvgLatErr: 0.5090, Steps: 116)
  [Worker 2] episode 897 finished. (AvgLatErr: 0.4447, Steps: 113)
  [Worker 2] episode 898 finished. (AvgLatErr: 0.4905, Steps: 123)
  [Worker 2] episode 899 finished. (AvgLatErr: 0.5459, Steps: 113)
[Worker 2].
Warning: num_agents (8) is greater than the number of available vehicle parameters (4). Cycling vehicle templates.
[Worker 3] TensorFlow device=GPU, mixed_precision=mixed_float16
[Worker 3] Random seed fixed: 400931
[Worker 3] started on GPU.
  [Worker 3] episode 890 finished. (AvgLatErr: 0.5609, Steps: 165)
  [Worker 3] episode 891 finished. (AvgLatErr: 0.7466, Steps: 175)
  [Worker 3] episode 892 finished. (AvgLatErr: 0.8262, Steps: 164)
  [Worker 3] episode 893 finished. (AvgLatErr: 0.5570, Steps: 162)
  [Worker 3] episode 894 finished. (AvgLatErr: 0.5856, Steps: 164)
  [Worker 3] episode 895 finished. (AvgLatErr: 0.5797, Steps: 165)
  [Worker 3] episode 896 finished. (AvgLatErr: 0.6895, Steps: 171)
  [Worker 3] episode 897 finished. (AvgLatErr: 0.7092, Steps: 161)
  [Worker 3] episode 898 finished. (AvgLatErr: 0.4855, Steps: 176)
  [Worker 3] episode 899 finished. (AvgLatErr: 0.5759, Steps: 166)
[Worker 3].
Warning: num_agents (8) is greater than the number of available vehicle parameters (4). Cycling vehicle templates.
[Worker 4] TensorFlow device=GPU, mixed_precision=mixed_float16
[Worker 4] Random seed fixed: 500931
[Worker 4] started on GPU.
  [Worker 4] episode 890 finished. (AvgLatErr: 0.3588, Steps: 161)
  [Worker 4] episode 891 finished. (AvgLatErr: 0.4289, Steps: 146)
  [Worker 4] episode 892 finished. (AvgLatErr: 0.3495, Steps: 150)
  [Worker 4] episode 893 finished. (AvgLatErr: 0.3650, Steps: 151)
  [Worker 4] episode 894 finished. (AvgLatErr: 0.3621, Steps: 159)
  [Worker 4] episode 895 finished. (AvgLatErr: 0.3851, Steps: 152)
  [Worker 4] episode 896 finished. (AvgLatErr: 0.3880, Steps: 149)
  [Worker 4] episode 897 finished. (AvgLatErr: 0.2478, Steps: 157)
  [Worker 4] episode 898 finished. (AvgLatErr: 0.2262, Steps: 155)
  [Worker 4] episode 899 finished. (AvgLatErr: 0.2814, Steps: 150)
[Worker 4].
Warning: num_agents (8) is greater than the number of available vehicle parameters (4). Cycling vehicle templates.
[Worker 5] TensorFlow device=GPU, mixed_precision=mixed_float16
[Worker 5] Random seed fixed: 600931
[Worker 5] started on GPU.
  [Worker 5] episode 890 finished. (AvgLatErr: 0.1964, Steps: 147)
  [Worker 5] episode 891 finished. (AvgLatErr: 0.2470, Steps: 138)
  [Worker 5] episode 892 finished. (AvgLatErr: 0.1659, Steps: 152)
  [Worker 5] episode 893 finished. (AvgLatErr: 0.2049, Steps: 138)
  [Worker 5] episode 894 finished. (AvgLatErr: 0.3512, Steps: 171)
  [Worker 5] episode 895 finished. (AvgLatErr: 0.2863, Steps: 142)
  [Worker 5] episode 896 finished. (AvgLatErr: 0.1990, Steps: 154)
  [Worker 5] episode 897 finished. (AvgLatErr: 0.2764, Steps: 151)
  [Worker 5] episode 898 finished. (AvgLatErr: 0.2781, Steps: 134)
  [Worker 5] episode 899 finished. (AvgLatErr: 0.2318, Steps: 139)
[Worker 5].
Warning: num_agents (8) is greater than the number of available vehicle parameters (4). Cycling vehicle templates.
[Worker 7] TensorFlow device=GPU, mixed_precision=mixed_float16
[Worker 7] Random seed fixed: 800931
[Worker 7] started on GPU.
  [Worker 7] episode 890 finished. (AvgLatErr: 0.3270, Steps: 131)
  [Worker 7] episode 891 finished. (AvgLatErr: 0.2081, Steps: 122)
  [Worker 7] episode 892 finished. (AvgLatErr: 0.1433, Steps: 123)
  [Worker 7] episode 893 finished. (AvgLatErr: 0.1755, Steps: 120)
  [Worker 7] episode 894 finished. (AvgLatErr: 0.2521, Steps: 125)
  [Worker 7] episode 895 finished. (AvgLatErr: 0.1745, Steps: 134)
  [Worker 7] episode 896 finished. (AvgLatErr: 0.1875, Steps: 122)
  [Worker 7] episode 897 finished. (AvgLatErr: 0.1953, Steps: 127)
  [Worker 7] episode 898 finished. (AvgLatErr: 0.1613, Steps: 139)
  [Worker 7] episode 899 finished. (AvgLatErr: 0.2351, Steps: 117)
[Worker 7].
Warning: num_agents (8) is greater than the number of available vehicle parameters (4). Cycling vehicle templates.
[Worker 6] TensorFlow device=GPU, mixed_precision=mixed_float16
[Worker 6] Random seed fixed: 700931
[Worker 6] started on GPU.
  [Worker 6] episode 890 finished. (AvgLatErr: 0.4716, Steps: 191)
  [Worker 6] episode 891 finished. (AvgLatErr: 0.7791, Steps: 181)
  [Worker 6] episode 892 finished. (AvgLatErr: 3.2849, Steps: 200)
  [Worker 6] episode 893 finished. (AvgLatErr: 0.7836, Steps: 194)
  [Worker 6] episode 894 finished. (AvgLatErr: 0.5796, Steps: 190)
  [Worker 6] episode 895 finished. (AvgLatErr: 0.6361, Steps: 200)
  [Worker 6] episode 896 finished. (AvgLatErr: 0.4492, Steps: 185)
  [Worker 6] episode 897 finished. (AvgLatErr: 0.4697, Steps: 188)
  [Worker 6] episode 898 finished. (AvgLatErr: 0.4184, Steps: 185)
  [Worker 6] episode 899 finished. (AvgLatErr: 0.7539, Steps: 198)
[Worker 6].
[Main] workers finished. (elapsed: 82.42s)
[Main] Aggregation-selected agents: [1, 4, 5, 7]
[Main] FedAdagrad update completed.
[Main] Replay buffers reset after global model update.
============================================================================================
899 EP / Agent 0 : Avg Lat Err 3.8946
899 EP / Agent 1 : Avg Lat Err 0.1343
899 EP / Agent 2 : Avg Lat Err 0.5459
899 EP / Agent 3 : Avg Lat Err 0.5759
899 EP / Agent 4 : Avg Lat Err 0.2814
899 EP / Agent 5 : Avg Lat Err 0.2318
899 EP / Agent 6 : Avg Lat Err 0.7539
899 EP / Agent 7 : Avg Lat Err 0.2351
============================================================================================
[Main] Model checkpoint saved: C:\Users\syd79\FRL-Q\experiments\fast_parallel_fedadagrad_8errorlow4_20260916_run1_error_low_4of8\checkpoints\global_model_episode_000900.weights.h5

============================================================================================
[Main] FL round started. (episode 900 ~ 909)
[Main] Client selection: mode=error_low, budget=4
[Main] Participating agents: [0, 1, 2, 3, 4, 5, 6, 7]
Warning: num_agents (8) is greater than the number of available vehicle parameters (4). Cycling vehicle templates.
[Worker 0] TensorFlow device=GPU, mixed_precision=mixed_float16
[Worker 0] Random seed fixed: 100941
[Worker 0] started on GPU.
  [Worker 0] episode 900 finished. (AvgLatErr: 0.7814, Steps: 136)
  [Worker 0] episode 901 finished. (AvgLatErr: 0.6816, Steps: 127)
  [Worker 0] episode 902 finished. (AvgLatErr: 0.9601, Steps: 122)
  [Worker 0] episode 903 finished. (AvgLatErr: 0.9112, Steps: 124)
  [Worker 0] episode 904 finished. (AvgLatErr: 1.4066, Steps: 134)
  [Worker 0] episode 905 finished. (AvgLatErr: 1.5955, Steps: 129)
  [Worker 0] episode 906 finished. (AvgLatErr: 1.5153, Steps: 140)
  [Worker 0] episode 907 finished. (AvgLatErr: 1.2084, Steps: 123)
  [Worker 0] episode 908 finished. (AvgLatErr: 1.3946, Steps: 131)
  [Worker 0] episode 909 finished. (AvgLatErr: 1.1437, Steps: 136)
[Worker 0].
Warning: num_agents (8) is greater than the number of available vehicle parameters (4). Cycling vehicle templates.
[Worker 1] TensorFlow device=GPU, mixed_precision=mixed_float16
[Worker 1] Random seed fixed: 200941
[Worker 1] started on GPU.
  [Worker 1] episode 900 finished. (AvgLatErr: 0.1313, Steps: 126)
  [Worker 1] episode 901 finished. (AvgLatErr: 0.1195, Steps: 114)
  [Worker 1] episode 902 finished. (AvgLatErr: 0.1412, Steps: 122)
  [Worker 1] episode 903 finished. (AvgLatErr: 0.1491, Steps: 120)
  [Worker 1] episode 904 finished. (AvgLatErr: 0.2178, Steps: 117)
  [Worker 1] episode 905 finished. (AvgLatErr: 0.1557, Steps: 124)
  [Worker 1] episode 906 finished. (AvgLatErr: 0.1698, Steps: 117)
  [Worker 1] episode 907 finished. (AvgLatErr: 0.1508, Steps: 129)
  [Worker 1] episode 908 finished. (AvgLatErr: 0.1449, Steps: 123)
  [Worker 1] episode 909 finished. (AvgLatErr: 0.2452, Steps: 120)
[Worker 1].
Warning: num_agents (8) is greater than the number of available vehicle parameters (4). Cycling vehicle templates.
[Worker 2] TensorFlow device=GPU, mixed_precision=mixed_float16
[Worker 2] Random seed fixed: 300941
[Worker 2] started on GPU.
  [Worker 2] episode 900 finished. (AvgLatErr: 0.2319, Steps: 132)
  [Worker 2] episode 901 finished. (AvgLatErr: 0.2732, Steps: 120)
  [Worker 2] episode 902 finished. (AvgLatErr: 0.3875, Steps: 117)
  [Worker 2] episode 903 finished. (AvgLatErr: 0.3627, Steps: 121)
  [Worker 2] episode 904 finished. (AvgLatErr: 0.5363, Steps: 127)
  [Worker 2] episode 905 finished. (AvgLatErr: 0.3955, Steps: 125)
  [Worker 2] episode 906 finished. (AvgLatErr: 0.6548, Steps: 124)
  [Worker 2] episode 907 finished. (AvgLatErr: 0.6526, Steps: 117)
  [Worker 2] episode 908 finished. (AvgLatErr: 1.2233, Steps: 117)
  [Worker 2] episode 909 finished. (AvgLatErr: 0.6369, Steps: 113)
[Worker 2].
Warning: num_agents (8) is greater than the number of available vehicle parameters (4). Cycling vehicle templates.
[Worker 4] TensorFlow device=GPU, mixed_precision=mixed_float16
[Worker 4] Random seed fixed: 500941
[Worker 4] started on GPU.
  [Worker 4] episode 900 finished. (AvgLatErr: 0.2762, Steps: 151)
  [Worker 4] episode 901 finished. (AvgLatErr: 0.3185, Steps: 156)
  [Worker 4] episode 902 finished. (AvgLatErr: 0.2978, Steps: 145)
  [Worker 4] episode 903 finished. (AvgLatErr: 0.3156, Steps: 160)
  [Worker 4] episode 904 finished. (AvgLatErr: 0.2681, Steps: 154)
  [Worker 4] episode 905 finished. (AvgLatErr: 0.3939, Steps: 159)
  [Worker 4] episode 906 finished. (AvgLatErr: 0.2209, Steps: 151)
  [Worker 4] episode 907 finished. (AvgLatErr: 0.2561, Steps: 160)
  [Worker 4] episode 908 finished. (AvgLatErr: 0.2165, Steps: 165)
  [Worker 4] episode 909 finished. (AvgLatErr: 0.2733, Steps: 150)
[Worker 4].
Warning: num_agents (8) is greater than the number of available vehicle parameters (4). Cycling vehicle templates.
[Worker 3] TensorFlow device=GPU, mixed_precision=mixed_float16
[Worker 3] Random seed fixed: 400941
[Worker 3] started on GPU.
  [Worker 3] episode 900 finished. (AvgLatErr: 0.7302, Steps: 181)
  [Worker 3] episode 901 finished. (AvgLatErr: 1.7149, Steps: 200)
  [Worker 3] episode 902 finished. (AvgLatErr: 0.7597, Steps: 168)
  [Worker 3] episode 903 finished. (AvgLatErr: 0.5639, Steps: 174)
  [Worker 3] episode 904 finished. (AvgLatErr: 0.5424, Steps: 179)
  [Worker 3] episode 905 finished. (AvgLatErr: 0.4931, Steps: 175)
  [Worker 3] episode 906 finished. (AvgLatErr: 0.6349, Steps: 176)
  [Worker 3] episode 907 finished. (AvgLatErr: 0.5351, Steps: 175)
  [Worker 3] episode 908 finished. (AvgLatErr: 0.7110, Steps: 184)
  [Worker 3] episode 909 finished. (AvgLatErr: 0.5121, Steps: 170)
[Worker 3].
Warning: num_agents (8) is greater than the number of available vehicle parameters (4). Cycling vehicle templates.
[Worker 5] TensorFlow device=GPU, mixed_precision=mixed_float16
[Worker 5] Random seed fixed: 600941
[Worker 5] started on GPU.
  [Worker 5] episode 900 finished. (AvgLatErr: 0.2767, Steps: 144)
  [Worker 5] episode 901 finished. (AvgLatErr: 0.1724, Steps: 155)
  [Worker 5] episode 902 finished. (AvgLatErr: 0.2231, Steps: 169)
  [Worker 5] episode 903 finished. (AvgLatErr: 0.1901, Steps: 150)
  [Worker 5] episode 904 finished. (AvgLatErr: 0.3171, Steps: 160)
  [Worker 5] episode 905 finished. (AvgLatErr: 0.2308, Steps: 141)
  [Worker 5] episode 906 finished. (AvgLatErr: 0.2272, Steps: 159)
  [Worker 5] episode 907 finished. (AvgLatErr: 0.2711, Steps: 148)
  [Worker 5] episode 908 finished. (AvgLatErr: 0.2337, Steps: 144)
  [Worker 5] episode 909 finished. (AvgLatErr: 0.2876, Steps: 159)
[Worker 5].
Warning: num_agents (8) is greater than the number of available vehicle parameters (4). Cycling vehicle templates.
[Worker 7] TensorFlow device=GPU, mixed_precision=mixed_float16
[Worker 7] Random seed fixed: 800941
[Worker 7] started on GPU.
  [Worker 7] episode 900 finished. (AvgLatErr: 0.1563, Steps: 132)
  [Worker 7] episode 901 finished. (AvgLatErr: 0.1630, Steps: 124)
  [Worker 7] episode 902 finished. (AvgLatErr: 0.2769, Steps: 144)
  [Worker 7] episode 903 finished. (AvgLatErr: 0.2523, Steps: 156)
  [Worker 7] episode 904 finished. (AvgLatErr: 0.1711, Steps: 126)
  [Worker 7] episode 905 finished. (AvgLatErr: 0.1688, Steps: 131)
  [Worker 7] episode 906 finished. (AvgLatErr: 0.2772, Steps: 136)
  [Worker 7] episode 907 finished. (AvgLatErr: 0.1932, Steps: 154)
  [Worker 7] episode 908 finished. (AvgLatErr: 0.1649, Steps: 129)
  [Worker 7] episode 909 finished. (AvgLatErr: 0.2228, Steps: 121)
[Worker 7].
Warning: num_agents (8) is greater than the number of available vehicle parameters (4). Cycling vehicle templates.
[Worker 6] TensorFlow device=GPU, mixed_precision=mixed_float16
[Worker 6] Random seed fixed: 700941
[Worker 6] started on GPU.
  [Worker 6] episode 900 finished. (AvgLatErr: 0.4325, Steps: 200)
  [Worker 6] episode 901 finished. (AvgLatErr: 0.7742, Steps: 190)
  [Worker 6] episode 902 finished. (AvgLatErr: 0.6351, Steps: 189)
  [Worker 6] episode 903 finished. (AvgLatErr: 0.4750, Steps: 184)
  [Worker 6] episode 904 finished. (AvgLatErr: 0.4398, Steps: 190)
  [Worker 6] episode 905 finished. (AvgLatErr: 0.5009, Steps: 200)
  [Worker 6] episode 906 finished. (AvgLatErr: 0.5064, Steps: 191)
  [Worker 6] episode 907 finished. (AvgLatErr: 0.8034, Steps: 200)
  [Worker 6] episode 908 finished. (AvgLatErr: 0.5157, Steps: 200)
  [Worker 6] episode 909 finished. (AvgLatErr: 0.6647, Steps: 200)
[Worker 6].
[Main] workers finished. (elapsed: 86.00s)
[Main] Aggregation-selected agents: [1, 4, 5, 7]
[Main] FedAdagrad update completed.
[Main] Replay buffers reset after global model update.
============================================================================================
909 EP / Agent 0 : Avg Lat Err 1.1437
909 EP / Agent 1 : Avg Lat Err 0.2452
909 EP / Agent 2 : Avg Lat Err 0.6369
909 EP / Agent 3 : Avg Lat Err 0.5121
909 EP / Agent 4 : Avg Lat Err 0.2733
909 EP / Agent 5 : Avg Lat Err 0.2876
909 EP / Agent 6 : Avg Lat Err 0.6647
909 EP / Agent 7 : Avg Lat Err 0.2228
============================================================================================

============================================================================================
[Main] FL round started. (episode 910 ~ 919)
[Main] Client selection: mode=error_low, budget=4
[Main] Participating agents: [0, 1, 2, 3, 4, 5, 6, 7]
Warning: num_agents (8) is greater than the number of available vehicle parameters (4). Cycling vehicle templates.
[Worker 1] TensorFlow device=GPU, mixed_precision=mixed_float16
[Worker 1] Random seed fixed: 200951
[Worker 1] started on GPU.
  [Worker 1] episode 910 finished. (AvgLatErr: 0.1167, Steps: 112)
  [Worker 1] episode 911 finished. (AvgLatErr: 0.1675, Steps: 119)
  [Worker 1] episode 912 finished. (AvgLatErr: 0.1894, Steps: 109)
  [Worker 1] episode 913 finished. (AvgLatErr: 0.2069, Steps: 123)
  [Worker 1] episode 914 finished. (AvgLatErr: 0.1700, Steps: 113)
  [Worker 1] episode 915 finished. (AvgLatErr: 0.1655, Steps: 115)
  [Worker 1] episode 916 finished. (AvgLatErr: 0.2679, Steps: 124)
  [Worker 1] episode 917 finished. (AvgLatErr: 0.3359, Steps: 122)
  [Worker 1] episode 918 finished. (AvgLatErr: 0.1548, Steps: 114)
  [Worker 1] episode 919 finished. (AvgLatErr: 0.1842, Steps: 115)
[Worker 1].
Warning: num_agents (8) is greater than the number of available vehicle parameters (4). Cycling vehicle templates.
[Worker 0] TensorFlow device=GPU, mixed_precision=mixed_float16
[Worker 0] Random seed fixed: 100951
[Worker 0] started on GPU.
  [Worker 0] episode 910 finished. (AvgLatErr: 0.9726, Steps: 135)
  [Worker 0] episode 911 finished. (AvgLatErr: 1.3276, Steps: 124)
  [Worker 0] episode 912 finished. (AvgLatErr: 1.3002, Steps: 139)
  [Worker 0] episode 913 finished. (AvgLatErr: 1.1705, Steps: 125)
  [Worker 0] episode 914 finished. (AvgLatErr: 2.0077, Steps: 136)
  [Worker 0] episode 915 finished. (AvgLatErr: 1.7291, Steps: 139)
  [Worker 0] episode 916 finished. (AvgLatErr: 2.2344, Steps: 130)
  [Worker 0] episode 917 finished. (AvgLatErr: 1.0635, Steps: 126)
  [Worker 0] episode 918 finished. (AvgLatErr: 1.5763, Steps: 122)
  [Worker 0] episode 919 finished. (AvgLatErr: 6.7856, Steps: 200)
[Worker 0].
Warning: num_agents (8) is greater than the number of available vehicle parameters (4). Cycling vehicle templates.
[Worker 2] TensorFlow device=GPU, mixed_precision=mixed_float16
[Worker 2] Random seed fixed: 300951
[Worker 2] started on GPU.
  [Worker 2] episode 910 finished. (AvgLatErr: 0.2883, Steps: 127)
  [Worker 2] episode 911 finished. (AvgLatErr: 0.4386, Steps: 122)
  [Worker 2] episode 912 finished. (AvgLatErr: 0.4219, Steps: 115)
  [Worker 2] episode 913 finished. (AvgLatErr: 0.5398, Steps: 119)
  [Worker 2] episode 914 finished. (AvgLatErr: 0.6246, Steps: 127)
  [Worker 2] episode 915 finished. (AvgLatErr: 0.6573, Steps: 112)
  [Worker 2] episode 916 finished. (AvgLatErr: 0.9283, Steps: 124)
  [Worker 2] episode 917 finished. (AvgLatErr: 0.2963, Steps: 119)
  [Worker 2] episode 918 finished. (AvgLatErr: 0.5771, Steps: 129)
  [Worker 2] episode 919 finished. (AvgLatErr: 0.3994, Steps: 117)
[Worker 2].
Warning: num_agents (8) is greater than the number of available vehicle parameters (4). Cycling vehicle templates.
[Worker 3] TensorFlow device=GPU, mixed_precision=mixed_float16
[Worker 3] Random seed fixed: 400951
[Worker 3] started on GPU.
  [Worker 3] episode 910 finished. (AvgLatErr: 0.6492, Steps: 178)
  [Worker 3] episode 911 finished. (AvgLatErr: 0.7596, Steps: 182)
  [Worker 3] episode 912 finished. (AvgLatErr: 0.6693, Steps: 162)
  [Worker 3] episode 913 finished. (AvgLatErr: 0.8220, Steps: 175)
  [Worker 3] episode 914 finished. (AvgLatErr: 0.8726, Steps: 177)
  [Worker 3] episode 915 finished. (AvgLatErr: 0.6335, Steps: 170)
  [Worker 3] episode 916 finished. (AvgLatErr: 1.9633, Steps: 130)
  [Worker 3] episode 917 finished. (AvgLatErr: 1.1654, Steps: 170)
  [Worker 3] episode 918 finished. (AvgLatErr: 0.8265, Steps: 170)
  [Worker 3] episode 919 finished. (AvgLatErr: 0.9088, Steps: 170)
[Worker 3].
Warning: num_agents (8) is greater than the number of available vehicle parameters (4). Cycling vehicle templates.
[Worker 4] TensorFlow device=GPU, mixed_precision=mixed_float16
[Worker 4] Random seed fixed: 500951
[Worker 4] started on GPU.
  [Worker 4] episode 910 finished. (AvgLatErr: 0.3213, Steps: 157)
  [Worker 4] episode 911 finished. (AvgLatErr: 0.3812, Steps: 156)
  [Worker 4] episode 912 finished. (AvgLatErr: 0.2600, Steps: 158)
  [Worker 4] episode 913 finished. (AvgLatErr: 0.3318, Steps: 164)
  [Worker 4] episode 914 finished. (AvgLatErr: 0.2359, Steps: 151)
  [Worker 4] episode 915 finished. (AvgLatErr: 0.3475, Steps: 146)
  [Worker 4] episode 916 finished. (AvgLatErr: 0.2739, Steps: 158)
  [Worker 4] episode 917 finished. (AvgLatErr: 0.3790, Steps: 155)
  [Worker 4] episode 918 finished. (AvgLatErr: 0.3017, Steps: 154)
  [Worker 4] episode 919 finished. (AvgLatErr: 0.2376, Steps: 152)
[Worker 4].
Warning: num_agents (8) is greater than the number of available vehicle parameters (4). Cycling vehicle templates.
[Worker 5] TensorFlow device=GPU, mixed_precision=mixed_float16
[Worker 5] Random seed fixed: 600951
[Worker 5] started on GPU.
  [Worker 5] episode 910 finished. (AvgLatErr: 0.3080, Steps: 149)
  [Worker 5] episode 911 finished. (AvgLatErr: 0.1529, Steps: 135)
  [Worker 5] episode 912 finished. (AvgLatErr: 0.2211, Steps: 142)
  [Worker 5] episode 913 finished. (AvgLatErr: 0.1653, Steps: 154)
  [Worker 5] episode 914 finished. (AvgLatErr: 0.2335, Steps: 154)
  [Worker 5] episode 915 finished. (AvgLatErr: 0.2375, Steps: 165)
  [Worker 5] episode 916 finished. (AvgLatErr: 0.1645, Steps: 149)
  [Worker 5] episode 917 finished. (AvgLatErr: 0.2116, Steps: 136)
  [Worker 5] episode 918 finished. (AvgLatErr: 0.1689, Steps: 139)
  [Worker 5] episode 919 finished. (AvgLatErr: 0.2626, Steps: 144)
[Worker 5].
Warning: num_agents (8) is greater than the number of available vehicle parameters (4). Cycling vehicle templates.
[Worker 7] TensorFlow device=GPU, mixed_precision=mixed_float16
[Worker 7] Random seed fixed: 800951
[Worker 7] started on GPU.
  [Worker 7] episode 910 finished. (AvgLatErr: 0.4836, Steps: 156)
  [Worker 7] episode 911 finished. (AvgLatErr: 0.1882, Steps: 123)
  [Worker 7] episode 912 finished. (AvgLatErr: 0.2334, Steps: 118)
  [Worker 7] episode 913 finished. (AvgLatErr: 0.2297, Steps: 131)
  [Worker 7] episode 914 finished. (AvgLatErr: 0.3415, Steps: 129)
  [Worker 7] episode 915 finished. (AvgLatErr: 0.2940, Steps: 126)
  [Worker 7] episode 916 finished. (AvgLatErr: 0.2767, Steps: 125)
  [Worker 7] episode 917 finished. (AvgLatErr: 0.2505, Steps: 131)
  [Worker 7] episode 918 finished. (AvgLatErr: 0.1631, Steps: 138)
  [Worker 7] episode 919 finished. (AvgLatErr: 0.1871, Steps: 139)
[Worker 7].
Warning: num_agents (8) is greater than the number of available vehicle parameters (4). Cycling vehicle templates.
[Worker 6] TensorFlow device=GPU, mixed_precision=mixed_float16
[Worker 6] Random seed fixed: 700951
[Worker 6] started on GPU.
  [Worker 6] episode 910 finished. (AvgLatErr: 0.4441, Steps: 188)
  [Worker 6] episode 911 finished. (AvgLatErr: 0.5675, Steps: 188)
  [Worker 6] episode 912 finished. (AvgLatErr: 0.5239, Steps: 177)
  [Worker 6] episode 913 finished. (AvgLatErr: 0.4625, Steps: 186)
  [Worker 6] episode 914 finished. (AvgLatErr: 0.7763, Steps: 193)
  [Worker 6] episode 915 finished. (AvgLatErr: 0.4592, Steps: 174)
  [Worker 6] episode 916 finished. (AvgLatErr: 0.8965, Steps: 194)
  [Worker 6] episode 917 finished. (AvgLatErr: 0.7178, Steps: 187)
  [Worker 6] episode 918 finished. (AvgLatErr: 0.6158, Steps: 187)
  [Worker 6] episode 919 finished. (AvgLatErr: 0.5422, Steps: 189)
[Worker 6].
[Main] workers finished. (elapsed: 81.37s)
[Main] Aggregation-selected agents: [1, 4, 5, 7]
[Main] FedAdagrad update completed.
[Main] Replay buffers reset after global model update.
============================================================================================
919 EP / Agent 0 : Avg Lat Err 6.7856
919 EP / Agent 1 : Avg Lat Err 0.1842
919 EP / Agent 2 : Avg Lat Err 0.3994
919 EP / Agent 3 : Avg Lat Err 0.9088
919 EP / Agent 4 : Avg Lat Err 0.2376
919 EP / Agent 5 : Avg Lat Err 0.2626
919 EP / Agent 6 : Avg Lat Err 0.5422
919 EP / Agent 7 : Avg Lat Err 0.1871
============================================================================================

============================================================================================
[Main] FL round started. (episode 920 ~ 929)
[Main] Client selection: mode=error_low, budget=4
[Main] Participating agents: [0, 1, 2, 3, 4, 5, 6, 7]
Warning: num_agents (8) is greater than the number of available vehicle parameters (4). Cycling vehicle templates.
[Worker 0] TensorFlow device=GPU, mixed_precision=mixed_float16
[Worker 0] Random seed fixed: 100961
[Worker 0] started on GPU.
  [Worker 0] episode 920 finished. (AvgLatErr: 1.0487, Steps: 133)
  [Worker 0] episode 921 finished. (AvgLatErr: 1.0910, Steps: 137)
  [Worker 0] episode 922 finished. (AvgLatErr: 0.9870, Steps: 131)
  [Worker 0] episode 923 finished. (AvgLatErr: 0.7699, Steps: 126)
  [Worker 0] episode 924 finished. (AvgLatErr: 0.9961, Steps: 135)
  [Worker 0] episode 925 finished. (AvgLatErr: 2.2968, Steps: 142)
  [Worker 0] episode 926 finished. (AvgLatErr: 1.3510, Steps: 129)
  [Worker 0] episode 927 finished. (AvgLatErr: 1.0934, Steps: 133)
  [Worker 0] episode 928 finished. (AvgLatErr: 1.0016, Steps: 144)
  [Worker 0] episode 929 finished. (AvgLatErr: 1.8846, Steps: 131)
[Worker 0].
Warning: num_agents (8) is greater than the number of available vehicle parameters (4). Cycling vehicle templates.
[Worker 1] TensorFlow device=GPU, mixed_precision=mixed_float16
[Worker 1] Random seed fixed: 200961
[Worker 1] started on GPU.
  [Worker 1] episode 920 finished. (AvgLatErr: 0.2052, Steps: 111)
  [Worker 1] episode 921 finished. (AvgLatErr: 0.2357, Steps: 111)
  [Worker 1] episode 922 finished. (AvgLatErr: 0.1595, Steps: 111)
  [Worker 1] episode 923 finished. (AvgLatErr: 0.2612, Steps: 114)
  [Worker 1] episode 924 finished. (AvgLatErr: 0.2229, Steps: 132)
  [Worker 1] episode 925 finished. (AvgLatErr: 4.8555, Steps: 200)
  [Worker 1] episode 926 finished. (AvgLatErr: 0.2278, Steps: 114)
  [Worker 1] episode 927 finished. (AvgLatErr: 0.1717, Steps: 112)
  [Worker 1] episode 928 finished. (AvgLatErr: 0.3510, Steps: 119)
  [Worker 1] episode 929 finished. (AvgLatErr: 0.2562, Steps: 119)
[Worker 1].
Warning: num_agents (8) is greater than the number of available vehicle parameters (4). Cycling vehicle templates.
[Worker 2] TensorFlow device=GPU, mixed_precision=mixed_float16
[Worker 2] Random seed fixed: 300961
[Worker 2] started on GPU.
  [Worker 2] episode 920 finished. (AvgLatErr: 0.4863, Steps: 120)
  [Worker 2] episode 921 finished. (AvgLatErr: 0.2174, Steps: 124)
  [Worker 2] episode 922 finished. (AvgLatErr: 0.3301, Steps: 123)
  [Worker 2] episode 923 finished. (AvgLatErr: 0.6075, Steps: 112)
  [Worker 2] episode 924 finished. (AvgLatErr: 0.7474, Steps: 124)
  [Worker 2] episode 925 finished. (AvgLatErr: 0.4358, Steps: 123)
  [Worker 2] episode 926 finished. (AvgLatErr: 0.4067, Steps: 113)
  [Worker 2] episode 927 finished. (AvgLatErr: 0.6957, Steps: 116)
  [Worker 2] episode 928 finished. (AvgLatErr: 0.4199, Steps: 120)
  [Worker 2] episode 929 finished. (AvgLatErr: 0.4066, Steps: 123)
[Worker 2].
Warning: num_agents (8) is greater than the number of available vehicle parameters (4). Cycling vehicle templates.
[Worker 3] TensorFlow device=GPU, mixed_precision=mixed_float16
[Worker 3] Random seed fixed: 400961
[Worker 3] started on GPU.
  [Worker 3] episode 920 finished. (AvgLatErr: 0.6068, Steps: 170)
  [Worker 3] episode 921 finished. (AvgLatErr: 0.7690, Steps: 172)
  [Worker 3] episode 922 finished. (AvgLatErr: 0.8394, Steps: 167)
  [Worker 3] episode 923 finished. (AvgLatErr: 0.9431, Steps: 161)
  [Worker 3] episode 924 finished. (AvgLatErr: 0.5717, Steps: 170)
  [Worker 3] episode 925 finished. (AvgLatErr: 0.8085, Steps: 168)
  [Worker 3] episode 926 finished. (AvgLatErr: 0.6191, Steps: 170)
  [Worker 3] episode 927 finished. (AvgLatErr: 1.4724, Steps: 178)
  [Worker 3] episode 928 finished. (AvgLatErr: 0.8955, Steps: 170)
  [Worker 3] episode 929 finished. (AvgLatErr: 0.7289, Steps: 168)
[Worker 3].
Warning: num_agents (8) is greater than the number of available vehicle parameters (4). Cycling vehicle templates.
[Worker 4] TensorFlow device=GPU, mixed_precision=mixed_float16
[Worker 4] Random seed fixed: 500961
[Worker 4] started on GPU.
  [Worker 4] episode 920 finished. (AvgLatErr: 0.2880, Steps: 158)
  [Worker 4] episode 921 finished. (AvgLatErr: 0.3071, Steps: 150)
  [Worker 4] episode 922 finished. (AvgLatErr: 0.2508, Steps: 161)
  [Worker 4] episode 923 finished. (AvgLatErr: 0.4045, Steps: 153)
  [Worker 4] episode 924 finished. (AvgLatErr: 0.2549, Steps: 159)
  [Worker 4] episode 925 finished. (AvgLatErr: 0.3288, Steps: 159)
  [Worker 4] episode 926 finished. (AvgLatErr: 0.3177, Steps: 161)
  [Worker 4] episode 927 finished. (AvgLatErr: 0.2826, Steps: 162)
  [Worker 4] episode 928 finished. (AvgLatErr: 0.2337, Steps: 153)
  [Worker 4] episode 929 finished. (AvgLatErr: 0.3883, Steps: 152)
[Worker 4].
Warning: num_agents (8) is greater than the number of available vehicle parameters (4). Cycling vehicle templates.
[Worker 5] TensorFlow device=GPU, mixed_precision=mixed_float16
[Worker 5] Random seed fixed: 600961
[Worker 5] started on GPU.
  [Worker 5] episode 920 finished. (AvgLatErr: 0.2244, Steps: 136)
  [Worker 5] episode 921 finished. (AvgLatErr: 0.2600, Steps: 142)
  [Worker 5] episode 922 finished. (AvgLatErr: 0.2661, Steps: 150)
  [Worker 5] episode 923 finished. (AvgLatErr: 0.2073, Steps: 147)
  [Worker 5] episode 924 finished. (AvgLatErr: 0.2475, Steps: 141)
  [Worker 5] episode 925 finished. (AvgLatErr: 0.2315, Steps: 140)
  [Worker 5] episode 926 finished. (AvgLatErr: 0.3624, Steps: 139)
  [Worker 5] episode 927 finished. (AvgLatErr: 0.2638, Steps: 140)
  [Worker 5] episode 928 finished. (AvgLatErr: 0.2859, Steps: 151)
  [Worker 5] episode 929 finished. (AvgLatErr: 0.3020, Steps: 142)
[Worker 5].
Warning: num_agents (8) is greater than the number of available vehicle parameters (4). Cycling vehicle templates.
[Worker 7] TensorFlow device=GPU, mixed_precision=mixed_float16
[Worker 7] Random seed fixed: 800961
[Worker 7] started on GPU.
  [Worker 7] episode 920 finished. (AvgLatErr: 0.1732, Steps: 121)
  [Worker 7] episode 921 finished. (AvgLatErr: 0.2190, Steps: 124)
  [Worker 7] episode 922 finished. (AvgLatErr: 0.1553, Steps: 123)
  [Worker 7] episode 923 finished. (AvgLatErr: 0.1779, Steps: 130)
  [Worker 7] episode 924 finished. (AvgLatErr: 0.1621, Steps: 134)
  [Worker 7] episode 925 finished. (AvgLatErr: 0.1869, Steps: 129)
  [Worker 7] episode 926 finished. (AvgLatErr: 0.1907, Steps: 142)
  [Worker 7] episode 927 finished. (AvgLatErr: 0.1812, Steps: 125)
  [Worker 7] episode 928 finished. (AvgLatErr: 0.3200, Steps: 127)
  [Worker 7] episode 929 finished. (AvgLatErr: 0.3404, Steps: 129)
[Worker 7].
Warning: num_agents (8) is greater than the number of available vehicle parameters (4). Cycling vehicle templates.
[Worker 6] TensorFlow device=GPU, mixed_precision=mixed_float16
[Worker 6] Random seed fixed: 700961
[Worker 6] started on GPU.
  [Worker 6] episode 920 finished. (AvgLatErr: 0.6434, Steps: 195)
  [Worker 6] episode 921 finished. (AvgLatErr: 0.5119, Steps: 194)
  [Worker 6] episode 922 finished. (AvgLatErr: 0.5319, Steps: 198)
  [Worker 6] episode 923 finished. (AvgLatErr: 0.7074, Steps: 200)
  [Worker 6] episode 924 finished. (AvgLatErr: 0.5048, Steps: 194)
  [Worker 6] episode 925 finished. (AvgLatErr: 0.5794, Steps: 191)
  [Worker 6] episode 926 finished. (AvgLatErr: 0.4582, Steps: 200)
  [Worker 6] episode 927 finished. (AvgLatErr: 0.4928, Steps: 200)
  [Worker 6] episode 928 finished. (AvgLatErr: 0.4302, Steps: 182)
  [Worker 6] episode 929 finished. (AvgLatErr: 0.5867, Steps: 178)
[Worker 6].
[Main] workers finished. (elapsed: 82.33s)
[Main] Aggregation-selected agents: [1, 4, 5, 7]
[Main] FedAdagrad update completed.
[Main] Replay buffers reset after global model update.
============================================================================================
929 EP / Agent 0 : Avg Lat Err 1.8846
929 EP / Agent 1 : Avg Lat Err 0.2562
929 EP / Agent 2 : Avg Lat Err 0.4066
929 EP / Agent 3 : Avg Lat Err 0.7289
929 EP / Agent 4 : Avg Lat Err 0.3883
929 EP / Agent 5 : Avg Lat Err 0.3020
929 EP / Agent 6 : Avg Lat Err 0.5867
929 EP / Agent 7 : Avg Lat Err 0.3404
============================================================================================

============================================================================================
[Main] FL round started. (episode 930 ~ 939)
[Main] Client selection: mode=error_low, budget=4
[Main] Participating agents: [0, 1, 2, 3, 4, 5, 6, 7]
Warning: num_agents (8) is greater than the number of available vehicle parameters (4). Cycling vehicle templates.
[Worker 0] TensorFlow device=GPU, mixed_precision=mixed_float16
[Worker 0] Random seed fixed: 100971
[Worker 0] started on GPU.
  [Worker 0] episode 930 finished. (AvgLatErr: 0.7357, Steps: 129)
  [Worker 0] episode 931 finished. (AvgLatErr: 1.0693, Steps: 128)
  [Worker 0] episode 932 finished. (AvgLatErr: 1.1501, Steps: 123)
  [Worker 0] episode 933 finished. (AvgLatErr: 1.4650, Steps: 131)
  [Worker 0] episode 934 finished. (AvgLatErr: 1.4151, Steps: 133)
  [Worker 0] episode 935 finished. (AvgLatErr: 1.1718, Steps: 136)
  [Worker 0] episode 936 finished. (AvgLatErr: 1.7225, Steps: 131)
  [Worker 0] episode 937 finished. (AvgLatErr: 2.8494, Steps: 138)
  [Worker 0] episode 938 finished. (AvgLatErr: 3.0276, Steps: 136)
  [Worker 0] episode 939 finished. (AvgLatErr: 1.5204, Steps: 125)
[Worker 0].
Warning: num_agents (8) is greater than the number of available vehicle parameters (4). Cycling vehicle templates.
[Worker 1] TensorFlow device=GPU, mixed_precision=mixed_float16
[Worker 1] Random seed fixed: 200971
[Worker 1] started on GPU.
  [Worker 1] episode 930 finished. (AvgLatErr: 0.2049, Steps: 117)
  [Worker 1] episode 931 finished. (AvgLatErr: 0.2423, Steps: 114)
  [Worker 1] episode 932 finished. (AvgLatErr: 0.3326, Steps: 139)
  [Worker 1] episode 933 finished. (AvgLatErr: 0.1695, Steps: 108)
  [Worker 1] episode 934 finished. (AvgLatErr: 0.1779, Steps: 114)
  [Worker 1] episode 935 finished. (AvgLatErr: 0.2889, Steps: 115)
  [Worker 1] episode 936 finished. (AvgLatErr: 0.2168, Steps: 117)
  [Worker 1] episode 937 finished. (AvgLatErr: 0.1677, Steps: 107)
  [Worker 1] episode 938 finished. (AvgLatErr: 0.1314, Steps: 115)
  [Worker 1] episode 939 finished. (AvgLatErr: 0.1839, Steps: 112)
[Worker 1].
Warning: num_agents (8) is greater than the number of available vehicle parameters (4). Cycling vehicle templates.
[Worker 2] TensorFlow device=GPU, mixed_precision=mixed_float16
[Worker 2] Random seed fixed: 300971
[Worker 2] started on GPU.
  [Worker 2] episode 930 finished. (AvgLatErr: 0.4102, Steps: 117)
  [Worker 2] episode 931 finished. (AvgLatErr: 0.4714, Steps: 115)
  [Worker 2] episode 932 finished. (AvgLatErr: 0.3560, Steps: 110)
  [Worker 2] episode 933 finished. (AvgLatErr: 0.8182, Steps: 130)
  [Worker 2] episode 934 finished. (AvgLatErr: 0.7711, Steps: 121)
  [Worker 2] episode 935 finished. (AvgLatErr: 0.4238, Steps: 123)
  [Worker 2] episode 936 finished. (AvgLatErr: 0.6465, Steps: 117)
  [Worker 2] episode 937 finished. (AvgLatErr: 0.6718, Steps: 119)
  [Worker 2] episode 938 finished. (AvgLatErr: 0.7041, Steps: 112)
  [Worker 2] episode 939 finished. (AvgLatErr: 0.5686, Steps: 114)
[Worker 2].
Warning: num_agents (8) is greater than the number of available vehicle parameters (4). Cycling vehicle templates.
[Worker 4] TensorFlow device=GPU, mixed_precision=mixed_float16
[Worker 4] Random seed fixed: 500971
[Worker 4] started on GPU.
  [Worker 4] episode 930 finished. (AvgLatErr: 0.3013, Steps: 152)
  [Worker 4] episode 931 finished. (AvgLatErr: 0.2800, Steps: 153)
  [Worker 4] episode 932 finished. (AvgLatErr: 0.4535, Steps: 157)
  [Worker 4] episode 933 finished. (AvgLatErr: 0.3480, Steps: 157)
  [Worker 4] episode 934 finished. (AvgLatErr: 0.2551, Steps: 161)
  [Worker 4] episode 935 finished. (AvgLatErr: 0.2766, Steps: 156)
  [Worker 4] episode 936 finished. (AvgLatErr: 0.2874, Steps: 154)
  [Worker 4] episode 937 finished. (AvgLatErr: 0.2311, Steps: 150)
  [Worker 4] episode 938 finished. (AvgLatErr: 0.2242, Steps: 155)
  [Worker 4] episode 939 finished. (AvgLatErr: 0.2802, Steps: 155)
[Worker 4].
Warning: num_agents (8) is greater than the number of available vehicle parameters (4). Cycling vehicle templates.
[Worker 3] TensorFlow device=GPU, mixed_precision=mixed_float16
[Worker 3] Random seed fixed: 400971
[Worker 3] started on GPU.
  [Worker 3] episode 930 finished. (AvgLatErr: 0.4502, Steps: 173)
  [Worker 3] episode 931 finished. (AvgLatErr: 0.4987, Steps: 185)
  [Worker 3] episode 932 finished. (AvgLatErr: 0.6438, Steps: 164)
  [Worker 3] episode 933 finished. (AvgLatErr: 0.7730, Steps: 182)
  [Worker 3] episode 934 finished. (AvgLatErr: 0.6915, Steps: 170)
  [Worker 3] episode 935 finished. (AvgLatErr: 0.5780, Steps: 166)
  [Worker 3] episode 936 finished. (AvgLatErr: 0.7335, Steps: 161)
  [Worker 3] episode 937 finished. (AvgLatErr: 0.8362, Steps: 176)
  [Worker 3] episode 938 finished. (AvgLatErr: 0.8258, Steps: 180)
  [Worker 3] episode 939 finished. (AvgLatErr: 0.7716, Steps: 175)
[Worker 3].
Warning: num_agents (8) is greater than the number of available vehicle parameters (4). Cycling vehicle templates.
[Worker 5] TensorFlow device=GPU, mixed_precision=mixed_float16
[Worker 5] Random seed fixed: 600971
[Worker 5] started on GPU.
  [Worker 5] episode 930 finished. (AvgLatErr: 0.2535, Steps: 141)
  [Worker 5] episode 931 finished. (AvgLatErr: 0.1978, Steps: 148)
  [Worker 5] episode 932 finished. (AvgLatErr: 0.1924, Steps: 151)
  [Worker 5] episode 933 finished. (AvgLatErr: 0.3692, Steps: 171)
  [Worker 5] episode 934 finished. (AvgLatErr: 0.2595, Steps: 146)
  [Worker 5] episode 935 finished. (AvgLatErr: 0.1939, Steps: 142)
  [Worker 5] episode 936 finished. (AvgLatErr: 0.2444, Steps: 143)
  [Worker 5] episode 937 finished. (AvgLatErr: 0.2477, Steps: 162)
  [Worker 5] episode 938 finished. (AvgLatErr: 0.2090, Steps: 143)
  [Worker 5] episode 939 finished. (AvgLatErr: 0.2219, Steps: 168)
[Worker 5].
Warning: num_agents (8) is greater than the number of available vehicle parameters (4). Cycling vehicle templates.
[Worker 7] TensorFlow device=GPU, mixed_precision=mixed_float16
[Worker 7] Random seed fixed: 800971
[Worker 7] started on GPU.
  [Worker 7] episode 930 finished. (AvgLatErr: 0.1833, Steps: 122)
  [Worker 7] episode 931 finished. (AvgLatErr: 0.2396, Steps: 121)
  [Worker 7] episode 932 finished. (AvgLatErr: 0.3101, Steps: 121)
  [Worker 7] episode 933 finished. (AvgLatErr: 0.2068, Steps: 116)
  [Worker 7] episode 934 finished. (AvgLatErr: 0.2398, Steps: 115)
  [Worker 7] episode 935 finished. (AvgLatErr: 0.1864, Steps: 116)
  [Worker 7] episode 936 finished. (AvgLatErr: 0.3484, Steps: 133)
  [Worker 7] episode 937 finished. (AvgLatErr: 0.2907, Steps: 125)
  [Worker 7] episode 938 finished. (AvgLatErr: 0.2793, Steps: 126)
  [Worker 7] episode 939 finished. (AvgLatErr: 0.3808, Steps: 142)
[Worker 7].
Warning: num_agents (8) is greater than the number of available vehicle parameters (4). Cycling vehicle templates.
[Worker 6] TensorFlow device=GPU, mixed_precision=mixed_float16
[Worker 6] Random seed fixed: 700971
[Worker 6] started on GPU.
  [Worker 6] episode 930 finished. (AvgLatErr: 0.5565, Steps: 191)
  [Worker 6] episode 931 finished. (AvgLatErr: 0.6345, Steps: 188)
  [Worker 6] episode 932 finished. (AvgLatErr: 0.5815, Steps: 172)
  [Worker 6] episode 933 finished. (AvgLatErr: 0.5254, Steps: 186)
  [Worker 6] episode 934 finished. (AvgLatErr: 0.7824, Steps: 200)
  [Worker 6] episode 935 finished. (AvgLatErr: 0.7324, Steps: 200)
  [Worker 6] episode 936 finished. (AvgLatErr: 0.8189, Steps: 189)
  [Worker 6] episode 937 finished. (AvgLatErr: 0.5437, Steps: 200)
  [Worker 6] episode 938 finished. (AvgLatErr: 0.5727, Steps: 198)
  [Worker 6] episode 939 finished. (AvgLatErr: 0.5033, Steps: 200)
[Worker 6].
[Main] workers finished. (elapsed: 82.73s)
[Main] Aggregation-selected agents: [1, 4, 5, 7]
[Main] FedAdagrad update completed.
[Main] Replay buffers reset after global model update.
============================================================================================
939 EP / Agent 0 : Avg Lat Err 1.5204
939 EP / Agent 1 : Avg Lat Err 0.1839
939 EP / Agent 2 : Avg Lat Err 0.5686
939 EP / Agent 3 : Avg Lat Err 0.7716
939 EP / Agent 4 : Avg Lat Err 0.2802
939 EP / Agent 5 : Avg Lat Err 0.2219
939 EP / Agent 6 : Avg Lat Err 0.5033
939 EP / Agent 7 : Avg Lat Err 0.3808
============================================================================================

============================================================================================
[Main] FL round started. (episode 940 ~ 949)
[Main] Client selection: mode=error_low, budget=4
[Main] Participating agents: [0, 1, 2, 3, 4, 5, 6, 7]
Warning: num_agents (8) is greater than the number of available vehicle parameters (4). Cycling vehicle templates.
[Worker 0] TensorFlow device=GPU, mixed_precision=mixed_float16
[Worker 0] Random seed fixed: 100981
[Worker 0] started on GPU.
  [Worker 0] episode 940 finished. (AvgLatErr: 0.8106, Steps: 131)
  [Worker 0] episode 941 finished. (AvgLatErr: 1.0477, Steps: 146)
  [Worker 0] episode 942 finished. (AvgLatErr: 1.4698, Steps: 121)
  [Worker 0] episode 943 finished. (AvgLatErr: 3.2230, Steps: 139)
  [Worker 0] episode 944 finished. (AvgLatErr: 1.1376, Steps: 131)
  [Worker 0] episode 945 finished. (AvgLatErr: 1.1622, Steps: 133)
  [Worker 0] episode 946 finished. (AvgLatErr: 1.0935, Steps: 129)
  [Worker 0] episode 947 finished. (AvgLatErr: 0.9160, Steps: 126)
  [Worker 0] episode 948 finished. (AvgLatErr: 1.1923, Steps: 131)
  [Worker 0] episode 949 finished. (AvgLatErr: 1.0624, Steps: 124)
[Worker 0].
Warning: num_agents (8) is greater than the number of available vehicle parameters (4). Cycling vehicle templates.
[Worker 1] TensorFlow device=GPU, mixed_precision=mixed_float16
[Worker 1] Random seed fixed: 200981
[Worker 1] started on GPU.
  [Worker 1] episode 940 finished. (AvgLatErr: 0.1632, Steps: 110)
  [Worker 1] episode 941 finished. (AvgLatErr: 0.2842, Steps: 108)
  [Worker 1] episode 942 finished. (AvgLatErr: 0.2298, Steps: 119)
  [Worker 1] episode 943 finished. (AvgLatErr: 0.1412, Steps: 120)
  [Worker 1] episode 944 finished. (AvgLatErr: 0.4278, Steps: 118)
  [Worker 1] episode 945 finished. (AvgLatErr: 0.2318, Steps: 115)
  [Worker 1] episode 946 finished. (AvgLatErr: 0.1763, Steps: 115)
  [Worker 1] episode 947 finished. (AvgLatErr: 0.2939, Steps: 109)
  [Worker 1] episode 948 finished. (AvgLatErr: 0.2653, Steps: 117)
  [Worker 1] episode 949 finished. (AvgLatErr: 0.2122, Steps: 117)
[Worker 1].
Warning: num_agents (8) is greater than the number of available vehicle parameters (4). Cycling vehicle templates.
[Worker 2] TensorFlow device=GPU, mixed_precision=mixed_float16
[Worker 2] Random seed fixed: 300981
[Worker 2] started on GPU.
  [Worker 2] episode 940 finished. (AvgLatErr: 0.4001, Steps: 114)
  [Worker 2] episode 941 finished. (AvgLatErr: 0.4916, Steps: 118)
  [Worker 2] episode 942 finished. (AvgLatErr: 0.5078, Steps: 114)
  [Worker 2] episode 943 finished. (AvgLatErr: 0.4343, Steps: 114)
  [Worker 2] episode 944 finished. (AvgLatErr: 0.4214, Steps: 115)
  [Worker 2] episode 945 finished. (AvgLatErr: 0.5519, Steps: 112)
  [Worker 2] episode 946 finished. (AvgLatErr: 0.5755, Steps: 113)
  [Worker 2] episode 947 finished. (AvgLatErr: 0.4090, Steps: 119)
  [Worker 2] episode 948 finished. (AvgLatErr: 0.3970, Steps: 116)
  [Worker 2] episode 949 finished. (AvgLatErr: 0.7105, Steps: 119)
[Worker 2].
Warning: num_agents (8) is greater than the number of available vehicle parameters (4). Cycling vehicle templates.
[Worker 3] TensorFlow device=GPU, mixed_precision=mixed_float16
[Worker 3] Random seed fixed: 400981
[Worker 3] started on GPU.
  [Worker 3] episode 940 finished. (AvgLatErr: 0.5124, Steps: 164)
  [Worker 3] episode 941 finished. (AvgLatErr: 0.5946, Steps: 177)
  [Worker 3] episode 942 finished. (AvgLatErr: 0.9888, Steps: 174)
  [Worker 3] episode 943 finished. (AvgLatErr: 0.4670, Steps: 166)
  [Worker 3] episode 944 finished. (AvgLatErr: 0.6464, Steps: 168)
  [Worker 3] episode 945 finished. (AvgLatErr: 0.9189, Steps: 173)
  [Worker 3] episode 946 finished. (AvgLatErr: 0.9296, Steps: 171)
  [Worker 3] episode 947 finished. (AvgLatErr: 0.5609, Steps: 162)
  [Worker 3] episode 948 finished. (AvgLatErr: 0.5914, Steps: 176)
  [Worker 3] episode 949 finished. (AvgLatErr: 0.8202, Steps: 165)
[Worker 3].
Warning: num_agents (8) is greater than the number of available vehicle parameters (4). Cycling vehicle templates.
[Worker 4] TensorFlow device=GPU, mixed_precision=mixed_float16
[Worker 4] Random seed fixed: 500981
[Worker 4] started on GPU.
  [Worker 4] episode 940 finished. (AvgLatErr: 0.4122, Steps: 155)
  [Worker 4] episode 941 finished. (AvgLatErr: 0.3910, Steps: 164)
  [Worker 4] episode 942 finished. (AvgLatErr: 0.2723, Steps: 153)
  [Worker 4] episode 943 finished. (AvgLatErr: 0.2714, Steps: 154)
  [Worker 4] episode 944 finished. (AvgLatErr: 0.3268, Steps: 153)
  [Worker 4] episode 945 finished. (AvgLatErr: 0.2543, Steps: 155)
  [Worker 4] episode 946 finished. (AvgLatErr: 0.2434, Steps: 162)
  [Worker 4] episode 947 finished. (AvgLatErr: 0.2318, Steps: 157)
  [Worker 4] episode 948 finished. (AvgLatErr: 0.4069, Steps: 164)
  [Worker 4] episode 949 finished. (AvgLatErr: 0.2339, Steps: 156)
[Worker 4].
Warning: num_agents (8) is greater than the number of available vehicle parameters (4). Cycling vehicle templates.
[Worker 5] TensorFlow device=GPU, mixed_precision=mixed_float16
[Worker 5] Random seed fixed: 600981
[Worker 5] started on GPU.
  [Worker 5] episode 940 finished. (AvgLatErr: 0.2490, Steps: 141)
  [Worker 5] episode 941 finished. (AvgLatErr: 0.2768, Steps: 143)
  [Worker 5] episode 942 finished. (AvgLatErr: 0.2888, Steps: 140)
  [Worker 5] episode 943 finished. (AvgLatErr: 0.1884, Steps: 141)
  [Worker 5] episode 944 finished. (AvgLatErr: 0.2344, Steps: 147)
  [Worker 5] episode 945 finished. (AvgLatErr: 0.2935, Steps: 138)
  [Worker 5] episode 946 finished. (AvgLatErr: 4.0302, Steps: 200)
  [Worker 5] episode 947 finished. (AvgLatErr: 0.3947, Steps: 154)
  [Worker 5] episode 948 finished. (AvgLatErr: 0.1710, Steps: 169)
  [Worker 5] episode 949 finished. (AvgLatErr: 0.2476, Steps: 136)
[Worker 5].
Warning: num_agents (8) is greater than the number of available vehicle parameters (4). Cycling vehicle templates.
[Worker 7] TensorFlow device=GPU, mixed_precision=mixed_float16
[Worker 7] Random seed fixed: 800981
[Worker 7] started on GPU.
  [Worker 7] episode 940 finished. (AvgLatErr: 0.2114, Steps: 121)
  [Worker 7] episode 941 finished. (AvgLatErr: 0.3527, Steps: 123)
  [Worker 7] episode 942 finished. (AvgLatErr: 0.2321, Steps: 119)
  [Worker 7] episode 943 finished. (AvgLatErr: 0.2447, Steps: 118)
  [Worker 7] episode 944 finished. (AvgLatErr: 0.2225, Steps: 119)
  [Worker 7] episode 945 finished. (AvgLatErr: 0.2363, Steps: 137)
  [Worker 7] episode 946 finished. (AvgLatErr: 0.2240, Steps: 146)
  [Worker 7] episode 947 finished. (AvgLatErr: 0.2016, Steps: 125)
  [Worker 7] episode 948 finished. (AvgLatErr: 0.3020, Steps: 132)
  [Worker 7] episode 949 finished. (AvgLatErr: 0.2260, Steps: 124)
[Worker 7].
Warning: num_agents (8) is greater than the number of available vehicle parameters (4). Cycling vehicle templates.
[Worker 6] TensorFlow device=GPU, mixed_precision=mixed_float16
[Worker 6] Random seed fixed: 700981
[Worker 6] started on GPU.
  [Worker 6] episode 940 finished. (AvgLatErr: 0.5920, Steps: 184)
  [Worker 6] episode 941 finished. (AvgLatErr: 0.6469, Steps: 200)
  [Worker 6] episode 942 finished. (AvgLatErr: 0.5993, Steps: 191)
  [Worker 6] episode 943 finished. (AvgLatErr: 0.7708, Steps: 200)
  [Worker 6] episode 944 finished. (AvgLatErr: 0.6034, Steps: 183)
  [Worker 6] episode 945 finished. (AvgLatErr: 0.6801, Steps: 200)
  [Worker 6] episode 946 finished. (AvgLatErr: 0.5330, Steps: 200)
  [Worker 6] episode 947 finished. (AvgLatErr: 0.8657, Steps: 200)
  [Worker 6] episode 948 finished. (AvgLatErr: 0.7804, Steps: 200)
  [Worker 6] episode 949 finished. (AvgLatErr: 0.6182, Steps: 200)
[Worker 6].
[Main] workers finished. (elapsed: 83.29s)
[Main] Aggregation-selected agents: [1, 4, 5, 7]
[Main] FedAdagrad update completed.
[Main] Replay buffers reset after global model update.
============================================================================================
949 EP / Agent 0 : Avg Lat Err 1.0624
949 EP / Agent 1 : Avg Lat Err 0.2122
949 EP / Agent 2 : Avg Lat Err 0.7105
949 EP / Agent 3 : Avg Lat Err 0.8202
949 EP / Agent 4 : Avg Lat Err 0.2339
949 EP / Agent 5 : Avg Lat Err 0.2476
949 EP / Agent 6 : Avg Lat Err 0.6182
949 EP / Agent 7 : Avg Lat Err 0.2260
============================================================================================
[Main] Model checkpoint saved: C:\Users\syd79\FRL-Q\experiments\fast_parallel_fedadagrad_8errorlow4_20260916_run1_error_low_4of8\checkpoints\global_model_episode_000950.weights.h5

============================================================================================
[Main] FL round started. (episode 950 ~ 959)
[Main] Client selection: mode=error_low, budget=4
[Main] Participating agents: [0, 1, 2, 3, 4, 5, 6, 7]
Warning: num_agents (8) is greater than the number of available vehicle parameters (4). Cycling vehicle templates.
[Worker 1] TensorFlow device=GPU, mixed_precision=mixed_float16
[Worker 1] Random seed fixed: 200991
[Worker 1] started on GPU.
  [Worker 1] episode 950 finished. (AvgLatErr: 0.2556, Steps: 118)
  [Worker 1] episode 951 finished. (AvgLatErr: 0.1396, Steps: 121)
  [Worker 1] episode 952 finished. (AvgLatErr: 0.1540, Steps: 122)
  [Worker 1] episode 953 finished. (AvgLatErr: 0.2087, Steps: 107)
  [Worker 1] episode 954 finished. (AvgLatErr: 0.2185, Steps: 113)
  [Worker 1] episode 955 finished. (AvgLatErr: 0.1352, Steps: 111)
  [Worker 1] episode 956 finished. (AvgLatErr: 0.1936, Steps: 109)
  [Worker 1] episode 957 finished. (AvgLatErr: 0.2182, Steps: 113)
  [Worker 1] episode 958 finished. (AvgLatErr: 0.2182, Steps: 110)
  [Worker 1] episode 959 finished. (AvgLatErr: 0.1926, Steps: 122)
[Worker 1].
Warning: num_agents (8) is greater than the number of available vehicle parameters (4). Cycling vehicle templates.
[Worker 0] TensorFlow device=GPU, mixed_precision=mixed_float16
[Worker 0] Random seed fixed: 100991
[Worker 0] started on GPU.
  [Worker 0] episode 950 finished. (AvgLatErr: 0.8460, Steps: 131)
  [Worker 0] episode 951 finished. (AvgLatErr: 0.8518, Steps: 143)
  [Worker 0] episode 952 finished. (AvgLatErr: 0.7954, Steps: 136)
  [Worker 0] episode 953 finished. (AvgLatErr: 0.6402, Steps: 135)
  [Worker 0] episode 954 finished. (AvgLatErr: 0.9254, Steps: 137)
  [Worker 0] episode 955 finished. (AvgLatErr: 0.9548, Steps: 142)
  [Worker 0] episode 956 finished. (AvgLatErr: 0.9303, Steps: 132)
  [Worker 0] episode 957 finished. (AvgLatErr: 1.0297, Steps: 129)
  [Worker 0] episode 958 finished. (AvgLatErr: 0.7974, Steps: 140)
  [Worker 0] episode 959 finished. (AvgLatErr: 1.4393, Steps: 133)
[Worker 0].
Warning: num_agents (8) is greater than the number of available vehicle parameters (4). Cycling vehicle templates.
[Worker 2] TensorFlow device=GPU, mixed_precision=mixed_float16
[Worker 2] Random seed fixed: 300991
[Worker 2] started on GPU.
  [Worker 2] episode 950 finished. (AvgLatErr: 0.2414, Steps: 118)
  [Worker 2] episode 951 finished. (AvgLatErr: 0.4948, Steps: 123)
  [Worker 2] episode 952 finished. (AvgLatErr: 0.2986, Steps: 117)
  [Worker 2] episode 953 finished. (AvgLatErr: 0.6424, Steps: 121)
  [Worker 2] episode 954 finished. (AvgLatErr: 0.4084, Steps: 125)
  [Worker 2] episode 955 finished. (AvgLatErr: 0.4406, Steps: 128)
  [Worker 2] episode 956 finished. (AvgLatErr: 0.4963, Steps: 121)
  [Worker 2] episode 957 finished. (AvgLatErr: 0.4342, Steps: 118)
  [Worker 2] episode 958 finished. (AvgLatErr: 0.5566, Steps: 113)
  [Worker 2] episode 959 finished. (AvgLatErr: 0.7522, Steps: 118)
[Worker 2].
Warning: num_agents (8) is greater than the number of available vehicle parameters (4). Cycling vehicle templates.
[Worker 3] TensorFlow device=GPU, mixed_precision=mixed_float16
[Worker 3] Random seed fixed: 400991
[Worker 3] started on GPU.
  [Worker 3] episode 950 finished. (AvgLatErr: 0.6484, Steps: 180)
  [Worker 3] episode 951 finished. (AvgLatErr: 0.7678, Steps: 173)
  [Worker 3] episode 952 finished. (AvgLatErr: 1.1168, Steps: 170)
  [Worker 3] episode 953 finished. (AvgLatErr: 0.8033, Steps: 161)
  [Worker 3] episode 954 finished. (AvgLatErr: 0.5960, Steps: 166)
  [Worker 3] episode 955 finished. (AvgLatErr: 0.5889, Steps: 170)
  [Worker 3] episode 956 finished. (AvgLatErr: 0.8910, Steps: 163)
  [Worker 3] episode 957 finished. (AvgLatErr: 0.7427, Steps: 168)
  [Worker 3] episode 958 finished. (AvgLatErr: 0.9156, Steps: 168)
  [Worker 3] episode 959 finished. (AvgLatErr: 0.9422, Steps: 163)
[Worker 3].
Warning: num_agents (8) is greater than the number of available vehicle parameters (4). Cycling vehicle templates.
[Worker 4] TensorFlow device=GPU, mixed_precision=mixed_float16
[Worker 4] Random seed fixed: 500991
[Worker 4] started on GPU.
  [Worker 4] episode 950 finished. (AvgLatErr: 0.3193, Steps: 157)
  [Worker 4] episode 951 finished. (AvgLatErr: 0.3247, Steps: 157)
  [Worker 4] episode 952 finished. (AvgLatErr: 0.3127, Steps: 150)
  [Worker 4] episode 953 finished. (AvgLatErr: 0.3265, Steps: 158)
  [Worker 4] episode 954 finished. (AvgLatErr: 0.2793, Steps: 143)
  [Worker 4] episode 955 finished. (AvgLatErr: 0.2588, Steps: 156)
  [Worker 4] episode 956 finished. (AvgLatErr: 0.3875, Steps: 169)
  [Worker 4] episode 957 finished. (AvgLatErr: 0.3035, Steps: 146)
  [Worker 4] episode 958 finished. (AvgLatErr: 0.2583, Steps: 149)
  [Worker 4] episode 959 finished. (AvgLatErr: 0.2710, Steps: 151)
[Worker 4].
Warning: num_agents (8) is greater than the number of available vehicle parameters (4). Cycling vehicle templates.
[Worker 5] TensorFlow device=GPU, mixed_precision=mixed_float16
[Worker 5] Random seed fixed: 600991
[Worker 5] started on GPU.
  [Worker 5] episode 950 finished. (AvgLatErr: 0.1951, Steps: 138)
  [Worker 5] episode 951 finished. (AvgLatErr: 0.1871, Steps: 138)
  [Worker 5] episode 952 finished. (AvgLatErr: 0.2821, Steps: 158)
  [Worker 5] episode 953 finished. (AvgLatErr: 0.1779, Steps: 148)
  [Worker 5] episode 954 finished. (AvgLatErr: 0.2070, Steps: 136)
  [Worker 5] episode 955 finished. (AvgLatErr: 0.2102, Steps: 132)
  [Worker 5] episode 956 finished. (AvgLatErr: 0.3100, Steps: 150)
  [Worker 5] episode 957 finished. (AvgLatErr: 0.2258, Steps: 155)
  [Worker 5] episode 958 finished. (AvgLatErr: 0.1923, Steps: 159)
  [Worker 5] episode 959 finished. (AvgLatErr: 0.2683, Steps: 146)
[Worker 5].
Warning: num_agents (8) is greater than the number of available vehicle parameters (4). Cycling vehicle templates.
[Worker 7] TensorFlow device=GPU, mixed_precision=mixed_float16
[Worker 7] Random seed fixed: 800991
[Worker 7] started on GPU.
  [Worker 7] episode 950 finished. (AvgLatErr: 0.2125, Steps: 128)
  [Worker 7] episode 951 finished. (AvgLatErr: 0.2781, Steps: 136)
  [Worker 7] episode 952 finished. (AvgLatErr: 0.3025, Steps: 136)
  [Worker 7] episode 953 finished. (AvgLatErr: 0.1834, Steps: 124)
  [Worker 7] episode 954 finished. (AvgLatErr: 0.3825, Steps: 130)
  [Worker 7] episode 955 finished. (AvgLatErr: 0.2028, Steps: 119)
  [Worker 7] episode 956 finished. (AvgLatErr: 0.2083, Steps: 118)
  [Worker 7] episode 957 finished. (AvgLatErr: 0.2882, Steps: 123)
  [Worker 7] episode 958 finished. (AvgLatErr: 0.1641, Steps: 130)
  [Worker 7] episode 959 finished. (AvgLatErr: 0.2052, Steps: 126)
[Worker 7].
Warning: num_agents (8) is greater than the number of available vehicle parameters (4). Cycling vehicle templates.
[Worker 6] TensorFlow device=GPU, mixed_precision=mixed_float16
[Worker 6] Random seed fixed: 700991
[Worker 6] started on GPU.
  [Worker 6] episode 950 finished. (AvgLatErr: 0.4714, Steps: 186)
  [Worker 6] episode 951 finished. (AvgLatErr: 0.5093, Steps: 200)
  [Worker 6] episode 952 finished. (AvgLatErr: 0.5371, Steps: 200)
  [Worker 6] episode 953 finished. (AvgLatErr: 0.5184, Steps: 200)
  [Worker 6] episode 954 finished. (AvgLatErr: 0.3893, Steps: 190)
  [Worker 6] episode 955 finished. (AvgLatErr: 0.6944, Steps: 200)
  [Worker 6] episode 956 finished. (AvgLatErr: 0.8950, Steps: 200)
  [Worker 6] episode 957 finished. (AvgLatErr: 0.5907, Steps: 200)
  [Worker 6] episode 958 finished. (AvgLatErr: 0.6925, Steps: 195)
  [Worker 6] episode 959 finished. (AvgLatErr: 0.5979, Steps: 200)
[Worker 6].
[Main] workers finished. (elapsed: 82.70s)
[Main] Aggregation-selected agents: [1, 4, 5, 7]
[Main] FedAdagrad update completed.
[Main] Replay buffers reset after global model update.
============================================================================================
959 EP / Agent 0 : Avg Lat Err 1.4393
959 EP / Agent 1 : Avg Lat Err 0.1926
959 EP / Agent 2 : Avg Lat Err 0.7522
959 EP / Agent 3 : Avg Lat Err 0.9422
959 EP / Agent 4 : Avg Lat Err 0.2710
959 EP / Agent 5 : Avg Lat Err 0.2683
959 EP / Agent 6 : Avg Lat Err 0.5979
959 EP / Agent 7 : Avg Lat Err 0.2052
============================================================================================

============================================================================================
[Main] FL round started. (episode 960 ~ 969)
[Main] Client selection: mode=error_low, budget=4
[Main] Participating agents: [0, 1, 2, 3, 4, 5, 6, 7]
Warning: num_agents (8) is greater than the number of available vehicle parameters (4). Cycling vehicle templates.
[Worker 0] TensorFlow device=GPU, mixed_precision=mixed_float16
[Worker 0] Random seed fixed: 101001
[Worker 0] started on GPU.
  [Worker 0] episode 960 finished. (AvgLatErr: 1.2588, Steps: 129)
  [Worker 0] episode 961 finished. (AvgLatErr: 1.5326, Steps: 136)
  [Worker 0] episode 962 finished. (AvgLatErr: 1.2645, Steps: 134)
  [Worker 0] episode 963 finished. (AvgLatErr: 1.4539, Steps: 136)
  [Worker 0] episode 964 finished. (AvgLatErr: 1.4242, Steps: 127)
  [Worker 0] episode 965 finished. (AvgLatErr: 1.4397, Steps: 131)
  [Worker 0] episode 966 finished. (AvgLatErr: 1.1085, Steps: 126)
  [Worker 0] episode 967 finished. (AvgLatErr: 1.7116, Steps: 137)
  [Worker 0] episode 968 finished. (AvgLatErr: 1.3213, Steps: 135)
  [Worker 0] episode 969 finished. (AvgLatErr: 2.1525, Steps: 136)
[Worker 0].
Warning: num_agents (8) is greater than the number of available vehicle parameters (4). Cycling vehicle templates.
[Worker 1] TensorFlow device=GPU, mixed_precision=mixed_float16
[Worker 1] Random seed fixed: 201001
[Worker 1] started on GPU.
  [Worker 1] episode 960 finished. (AvgLatErr: 0.1477, Steps: 114)
  [Worker 1] episode 961 finished. (AvgLatErr: 0.2061, Steps: 110)
  [Worker 1] episode 962 finished. (AvgLatErr: 0.1923, Steps: 112)
  [Worker 1] episode 963 finished. (AvgLatErr: 0.2701, Steps: 114)
  [Worker 1] episode 964 finished. (AvgLatErr: 0.1904, Steps: 110)
  [Worker 1] episode 965 finished. (AvgLatErr: 0.2012, Steps: 113)
  [Worker 1] episode 966 finished. (AvgLatErr: 0.2143, Steps: 136)
  [Worker 1] episode 967 finished. (AvgLatErr: 0.4944, Steps: 142)
  [Worker 1] episode 968 finished. (AvgLatErr: 0.2066, Steps: 126)
  [Worker 1] episode 969 finished. (AvgLatErr: 0.2813, Steps: 119)
[Worker 1].
Warning: num_agents (8) is greater than the number of available vehicle parameters (4). Cycling vehicle templates.
[Worker 2] TensorFlow device=GPU, mixed_precision=mixed_float16
[Worker 2] Random seed fixed: 301001
[Worker 2] started on GPU.
  [Worker 2] episode 960 finished. (AvgLatErr: 0.7940, Steps: 128)
  [Worker 2] episode 961 finished. (AvgLatErr: 0.2577, Steps: 120)
  [Worker 2] episode 962 finished. (AvgLatErr: 0.6902, Steps: 116)
  [Worker 2] episode 963 finished. (AvgLatErr: 0.6023, Steps: 125)
  [Worker 2] episode 964 finished. (AvgLatErr: 1.1652, Steps: 119)
  [Worker 2] episode 965 finished. (AvgLatErr: 0.5140, Steps: 115)
  [Worker 2] episode 966 finished. (AvgLatErr: 0.5309, Steps: 117)
  [Worker 2] episode 967 finished. (AvgLatErr: 0.4212, Steps: 114)
  [Worker 2] episode 968 finished. (AvgLatErr: 1.0810, Steps: 119)
  [Worker 2] episode 969 finished. (AvgLatErr: 0.7656, Steps: 115)
[Worker 2].
Warning: num_agents (8) is greater than the number of available vehicle parameters (4). Cycling vehicle templates.
[Worker 4] TensorFlow device=GPU, mixed_precision=mixed_float16
[Worker 4] Random seed fixed: 501001
[Worker 4] started on GPU.
  [Worker 4] episode 960 finished. (AvgLatErr: 0.4118, Steps: 154)
  [Worker 4] episode 961 finished. (AvgLatErr: 0.4047, Steps: 149)
  [Worker 4] episode 962 finished. (AvgLatErr: 0.4174, Steps: 157)
  [Worker 4] episode 963 finished. (AvgLatErr: 0.3158, Steps: 155)
  [Worker 4] episode 964 finished. (AvgLatErr: 0.2790, Steps: 151)
  [Worker 4] episode 965 finished. (AvgLatErr: 0.2426, Steps: 151)
  [Worker 4] episode 966 finished. (AvgLatErr: 0.3264, Steps: 156)
  [Worker 4] episode 967 finished. (AvgLatErr: 0.2267, Steps: 153)
  [Worker 4] episode 968 finished. (AvgLatErr: 0.3151, Steps: 151)
  [Worker 4] episode 969 finished. (AvgLatErr: 0.2376, Steps: 158)
[Worker 4].
Warning: num_agents (8) is greater than the number of available vehicle parameters (4). Cycling vehicle templates.
[Worker 3] TensorFlow device=GPU, mixed_precision=mixed_float16
[Worker 3] Random seed fixed: 401001
[Worker 3] started on GPU.
  [Worker 3] episode 960 finished. (AvgLatErr: 0.3877, Steps: 188)
  [Worker 3] episode 961 finished. (AvgLatErr: 0.6432, Steps: 171)
  [Worker 3] episode 962 finished. (AvgLatErr: 0.5885, Steps: 181)
  [Worker 3] episode 963 finished. (AvgLatErr: 0.8279, Steps: 170)
  [Worker 3] episode 964 finished. (AvgLatErr: 0.8053, Steps: 165)
  [Worker 3] episode 965 finished. (AvgLatErr: 0.7455, Steps: 167)
  [Worker 3] episode 966 finished. (AvgLatErr: 1.4033, Steps: 179)
  [Worker 3] episode 967 finished. (AvgLatErr: 0.9330, Steps: 169)
  [Worker 3] episode 968 finished. (AvgLatErr: 1.3388, Steps: 177)
  [Worker 3] episode 969 finished. (AvgLatErr: 0.9415, Steps: 177)
[Worker 3].
Warning: num_agents (8) is greater than the number of available vehicle parameters (4). Cycling vehicle templates.
[Worker 5] TensorFlow device=GPU, mixed_precision=mixed_float16
[Worker 5] Random seed fixed: 601001
[Worker 5] started on GPU.
  [Worker 5] episode 960 finished. (AvgLatErr: 0.3202, Steps: 160)
  [Worker 5] episode 961 finished. (AvgLatErr: 0.3907, Steps: 136)
  [Worker 5] episode 962 finished. (AvgLatErr: 0.2923, Steps: 148)
  [Worker 5] episode 963 finished. (AvgLatErr: 0.2167, Steps: 163)
  [Worker 5] episode 964 finished. (AvgLatErr: 0.3008, Steps: 136)
  [Worker 5] episode 965 finished. (AvgLatErr: 0.2367, Steps: 146)
  [Worker 5] episode 966 finished. (AvgLatErr: 0.3340, Steps: 137)
  [Worker 5] episode 967 finished. (AvgLatErr: 0.2044, Steps: 140)
  [Worker 5] episode 968 finished. (AvgLatErr: 0.1824, Steps: 138)
  [Worker 5] episode 969 finished. (AvgLatErr: 0.3030, Steps: 141)
[Worker 5].
Warning: num_agents (8) is greater than the number of available vehicle parameters (4). Cycling vehicle templates.
[Worker 7] TensorFlow device=GPU, mixed_precision=mixed_float16
[Worker 7] Random seed fixed: 801001
[Worker 7] started on GPU.
  [Worker 7] episode 960 finished. (AvgLatErr: 0.2045, Steps: 123)
  [Worker 7] episode 961 finished. (AvgLatErr: 0.1464, Steps: 130)
  [Worker 7] episode 962 finished. (AvgLatErr: 0.2996, Steps: 134)
  [Worker 7] episode 963 finished. (AvgLatErr: 0.1986, Steps: 120)
  [Worker 7] episode 964 finished. (AvgLatErr: 0.2357, Steps: 123)
  [Worker 7] episode 965 finished. (AvgLatErr: 0.1547, Steps: 120)
  [Worker 7] episode 966 finished. (AvgLatErr: 0.2536, Steps: 122)
  [Worker 7] episode 967 finished. (AvgLatErr: 0.1633, Steps: 122)
  [Worker 7] episode 968 finished. (AvgLatErr: 0.2033, Steps: 118)
  [Worker 7] episode 969 finished. (AvgLatErr: 0.2652, Steps: 122)
[Worker 7].
Warning: num_agents (8) is greater than the number of available vehicle parameters (4). Cycling vehicle templates.
[Worker 6] TensorFlow device=GPU, mixed_precision=mixed_float16
[Worker 6] Random seed fixed: 701001
[Worker 6] started on GPU.
  [Worker 6] episode 960 finished. (AvgLatErr: 0.5942, Steps: 184)
  [Worker 6] episode 961 finished. (AvgLatErr: 0.6575, Steps: 187)
  [Worker 6] episode 962 finished. (AvgLatErr: 0.7261, Steps: 200)
  [Worker 6] episode 963 finished. (AvgLatErr: 2.0210, Steps: 200)
  [Worker 6] episode 964 finished. (AvgLatErr: 0.4770, Steps: 173)
  [Worker 6] episode 965 finished. (AvgLatErr: 0.4991, Steps: 173)
  [Worker 6] episode 966 finished. (AvgLatErr: 0.6474, Steps: 200)
  [Worker 6] episode 967 finished. (AvgLatErr: 1.0730, Steps: 200)
  [Worker 6] episode 968 finished. (AvgLatErr: 0.5113, Steps: 188)
  [Worker 6] episode 969 finished. (AvgLatErr: 0.6783, Steps: 188)
[Worker 6].
[Main] workers finished. (elapsed: 82.33s)
[Main] Aggregation-selected agents: [1, 4, 5, 7]
[Main] FedAdagrad update completed.
[Main] Replay buffers reset after global model update.
============================================================================================
969 EP / Agent 0 : Avg Lat Err 2.1525
969 EP / Agent 1 : Avg Lat Err 0.2813
969 EP / Agent 2 : Avg Lat Err 0.7656
969 EP / Agent 3 : Avg Lat Err 0.9415
969 EP / Agent 4 : Avg Lat Err 0.2376
969 EP / Agent 5 : Avg Lat Err 0.3030
969 EP / Agent 6 : Avg Lat Err 0.6783
969 EP / Agent 7 : Avg Lat Err 0.2652
============================================================================================

============================================================================================
[Main] FL round started. (episode 970 ~ 979)
[Main] Client selection: mode=error_low, budget=4
[Main] Participating agents: [0, 1, 2, 3, 4, 5, 6, 7]
Warning: num_agents (8) is greater than the number of available vehicle parameters (4). Cycling vehicle templates.
[Worker 1] TensorFlow device=GPU, mixed_precision=mixed_float16
[Worker 1] Random seed fixed: 201011
[Worker 1] started on GPU.
  [Worker 1] episode 970 finished. (AvgLatErr: 0.2199, Steps: 118)
  [Worker 1] episode 971 finished. (AvgLatErr: 0.3253, Steps: 110)
  [Worker 1] episode 972 finished. (AvgLatErr: 0.1805, Steps: 115)
  [Worker 1] episode 973 finished. (AvgLatErr: 0.2123, Steps: 104)
  [Worker 1] episode 974 finished. (AvgLatErr: 0.3812, Steps: 121)
  [Worker 1] episode 975 finished. (AvgLatErr: 0.2344, Steps: 125)
  [Worker 1] episode 976 finished. (AvgLatErr: 0.2184, Steps: 118)
  [Worker 1] episode 977 finished. (AvgLatErr: 0.1809, Steps: 109)
  [Worker 1] episode 978 finished. (AvgLatErr: 0.1675, Steps: 113)
  [Worker 1] episode 979 finished. (AvgLatErr: 0.2684, Steps: 116)
[Worker 1].
Warning: num_agents (8) is greater than the number of available vehicle parameters (4). Cycling vehicle templates.
[Worker 0] TensorFlow device=GPU, mixed_precision=mixed_float16
[Worker 0] Random seed fixed: 101011
[Worker 0] started on GPU.
  [Worker 0] episode 970 finished. (AvgLatErr: 0.7801, Steps: 132)
  [Worker 0] episode 971 finished. (AvgLatErr: 0.8297, Steps: 134)
  [Worker 0] episode 972 finished. (AvgLatErr: 1.0935, Steps: 136)
  [Worker 0] episode 973 finished. (AvgLatErr: 1.2263, Steps: 132)
  [Worker 0] episode 974 finished. (AvgLatErr: 1.4346, Steps: 127)
  [Worker 0] episode 975 finished. (AvgLatErr: 1.8624, Steps: 143)
  [Worker 0] episode 976 finished. (AvgLatErr: 1.2147, Steps: 130)
  [Worker 0] episode 977 finished. (AvgLatErr: 1.7551, Steps: 131)
  [Worker 0] episode 978 finished. (AvgLatErr: 1.9261, Steps: 138)
  [Worker 0] episode 979 finished. (AvgLatErr: 1.0249, Steps: 140)
[Worker 0].
Warning: num_agents (8) is greater than the number of available vehicle parameters (4). Cycling vehicle templates.
[Worker 2] TensorFlow device=GPU, mixed_precision=mixed_float16
[Worker 2] Random seed fixed: 301011
[Worker 2] started on GPU.
  [Worker 2] episode 970 finished. (AvgLatErr: 0.2850, Steps: 123)
  [Worker 2] episode 971 finished. (AvgLatErr: 0.4833, Steps: 126)
  [Worker 2] episode 972 finished. (AvgLatErr: 0.5029, Steps: 116)
  [Worker 2] episode 973 finished. (AvgLatErr: 0.5423, Steps: 113)
  [Worker 2] episode 974 finished. (AvgLatErr: 0.4162, Steps: 114)
  [Worker 2] episode 975 finished. (AvgLatErr: 0.4321, Steps: 122)
  [Worker 2] episode 976 finished. (AvgLatErr: 0.3965, Steps: 121)
  [Worker 2] episode 977 finished. (AvgLatErr: 0.6006, Steps: 111)
  [Worker 2] episode 978 finished. (AvgLatErr: 0.4246, Steps: 120)
  [Worker 2] episode 979 finished. (AvgLatErr: 0.5708, Steps: 121)
[Worker 2].
Warning: num_agents (8) is greater than the number of available vehicle parameters (4). Cycling vehicle templates.
[Worker 4] TensorFlow device=GPU, mixed_precision=mixed_float16
[Worker 4] Random seed fixed: 501011
[Worker 4] started on GPU.
  [Worker 4] episode 970 finished. (AvgLatErr: 0.3936, Steps: 152)
  [Worker 4] episode 971 finished. (AvgLatErr: 0.3304, Steps: 153)
  [Worker 4] episode 972 finished. (AvgLatErr: 0.2618, Steps: 149)
  [Worker 4] episode 973 finished. (AvgLatErr: 0.3291, Steps: 152)
  [Worker 4] episode 974 finished. (AvgLatErr: 0.3631, Steps: 149)
  [Worker 4] episode 975 finished. (AvgLatErr: 0.3397, Steps: 148)
  [Worker 4] episode 976 finished. (AvgLatErr: 0.3365, Steps: 144)
  [Worker 4] episode 977 finished. (AvgLatErr: 0.2977, Steps: 155)
  [Worker 4] episode 978 finished. (AvgLatErr: 0.4135, Steps: 148)
  [Worker 4] episode 979 finished. (AvgLatErr: 0.3908, Steps: 151)
[Worker 4].
Warning: num_agents (8) is greater than the number of available vehicle parameters (4). Cycling vehicle templates.
[Worker 3] TensorFlow device=GPU, mixed_precision=mixed_float16
[Worker 3] Random seed fixed: 401011
[Worker 3] started on GPU.
  [Worker 3] episode 970 finished. (AvgLatErr: 0.5354, Steps: 166)
  [Worker 3] episode 971 finished. (AvgLatErr: 0.6887, Steps: 175)
  [Worker 3] episode 972 finished. (AvgLatErr: 0.6090, Steps: 190)
  [Worker 3] episode 973 finished. (AvgLatErr: 0.7848, Steps: 173)
  [Worker 3] episode 974 finished. (AvgLatErr: 0.5618, Steps: 173)
  [Worker 3] episode 975 finished. (AvgLatErr: 0.9969, Steps: 165)
  [Worker 3] episode 976 finished. (AvgLatErr: 0.7587, Steps: 163)
  [Worker 3] episode 977 finished. (AvgLatErr: 0.8061, Steps: 173)
  [Worker 3] episode 978 finished. (AvgLatErr: 0.9491, Steps: 169)
  [Worker 3] episode 979 finished. (AvgLatErr: 0.6775, Steps: 159)
[Worker 3].
Warning: num_agents (8) is greater than the number of available vehicle parameters (4). Cycling vehicle templates.
[Worker 5] TensorFlow device=GPU, mixed_precision=mixed_float16
[Worker 5] Random seed fixed: 601011
[Worker 5] started on GPU.
  [Worker 5] episode 970 finished. (AvgLatErr: 0.2904, Steps: 147)
  [Worker 5] episode 971 finished. (AvgLatErr: 0.2868, Steps: 137)
  [Worker 5] episode 972 finished. (AvgLatErr: 0.2527, Steps: 141)
  [Worker 5] episode 973 finished. (AvgLatErr: 0.2324, Steps: 141)
  [Worker 5] episode 974 finished. (AvgLatErr: 0.2021, Steps: 143)
  [Worker 5] episode 975 finished. (AvgLatErr: 0.1890, Steps: 146)
  [Worker 5] episode 976 finished. (AvgLatErr: 0.4087, Steps: 154)
  [Worker 5] episode 977 finished. (AvgLatErr: 0.2918, Steps: 140)
  [Worker 5] episode 978 finished. (AvgLatErr: 0.2276, Steps: 155)
  [Worker 5] episode 979 finished. (AvgLatErr: 0.1957, Steps: 144)
[Worker 5].
Warning: num_agents (8) is greater than the number of available vehicle parameters (4). Cycling vehicle templates.
[Worker 7] TensorFlow device=GPU, mixed_precision=mixed_float16
[Worker 7] Random seed fixed: 801011
[Worker 7] started on GPU.
  [Worker 7] episode 970 finished. (AvgLatErr: 0.1858, Steps: 128)
  [Worker 7] episode 971 finished. (AvgLatErr: 0.2075, Steps: 123)
  [Worker 7] episode 972 finished. (AvgLatErr: 0.1649, Steps: 122)
  [Worker 7] episode 973 finished. (AvgLatErr: 0.3262, Steps: 126)
  [Worker 7] episode 974 finished. (AvgLatErr: 0.1507, Steps: 128)
  [Worker 7] episode 975 finished. (AvgLatErr: 0.2454, Steps: 138)
  [Worker 7] episode 976 finished. (AvgLatErr: 0.1396, Steps: 127)
  [Worker 7] episode 977 finished. (AvgLatErr: 0.1508, Steps: 119)
  [Worker 7] episode 978 finished. (AvgLatErr: 0.1741, Steps: 124)
  [Worker 7] episode 979 finished. (AvgLatErr: 0.1954, Steps: 118)
[Worker 7].
Warning: num_agents (8) is greater than the number of available vehicle parameters (4). Cycling vehicle templates.
[Worker 6] TensorFlow device=GPU, mixed_precision=mixed_float16
[Worker 6] Random seed fixed: 701011
[Worker 6] started on GPU.
  [Worker 6] episode 970 finished. (AvgLatErr: 0.4631, Steps: 200)
  [Worker 6] episode 971 finished. (AvgLatErr: 0.6631, Steps: 188)
  [Worker 6] episode 972 finished. (AvgLatErr: 0.5174, Steps: 183)
  [Worker 6] episode 973 finished. (AvgLatErr: 0.7019, Steps: 200)
  [Worker 6] episode 974 finished. (AvgLatErr: 0.7344, Steps: 188)
  [Worker 6] episode 975 finished. (AvgLatErr: 0.6389, Steps: 200)
  [Worker 6] episode 976 finished. (AvgLatErr: 0.3963, Steps: 181)
  [Worker 6] episode 977 finished. (AvgLatErr: 0.5082, Steps: 196)
  [Worker 6] episode 978 finished. (AvgLatErr: 0.4468, Steps: 179)
  [Worker 6] episode 979 finished. (AvgLatErr: 0.5497, Steps: 188)
[Worker 6].
[Main] workers finished. (elapsed: 81.64s)
[Main] Aggregation-selected agents: [1, 4, 5, 7]
[Main] FedAdagrad update completed.
[Main] Replay buffers reset after global model update.
============================================================================================
979 EP / Agent 0 : Avg Lat Err 1.0249
979 EP / Agent 1 : Avg Lat Err 0.2684
979 EP / Agent 2 : Avg Lat Err 0.5708
979 EP / Agent 3 : Avg Lat Err 0.6775
979 EP / Agent 4 : Avg Lat Err 0.3908
979 EP / Agent 5 : Avg Lat Err 0.1957
979 EP / Agent 6 : Avg Lat Err 0.5497
979 EP / Agent 7 : Avg Lat Err 0.1954
============================================================================================

============================================================================================
[Main] FL round started. (episode 980 ~ 989)
[Main] Client selection: mode=error_low, budget=4
[Main] Participating agents: [0, 1, 2, 3, 4, 5, 6, 7]
Warning: num_agents (8) is greater than the number of available vehicle parameters (4). Cycling vehicle templates.
[Worker 0] TensorFlow device=GPU, mixed_precision=mixed_float16
[Worker 0] Random seed fixed: 101021
[Worker 0] started on GPU.
  [Worker 0] episode 980 finished. (AvgLatErr: 0.9393, Steps: 133)
  [Worker 0] episode 981 finished. (AvgLatErr: 1.2043, Steps: 120)
  [Worker 0] episode 982 finished. (AvgLatErr: 1.0164, Steps: 127)
  [Worker 0] episode 983 finished. (AvgLatErr: 1.2258, Steps: 129)
  [Worker 0] episode 984 finished. (AvgLatErr: 1.2200, Steps: 123)
  [Worker 0] episode 985 finished. (AvgLatErr: 1.5011, Steps: 124)
  [Worker 0] episode 986 finished. (AvgLatErr: 1.1381, Steps: 135)
  [Worker 0] episode 987 finished. (AvgLatErr: 1.6207, Steps: 129)
  [Worker 0] episode 988 finished. (AvgLatErr: 2.0689, Steps: 132)
  [Worker 0] episode 989 finished. (AvgLatErr: 1.2675, Steps: 130)
[Worker 0].
Warning: num_agents (8) is greater than the number of available vehicle parameters (4). Cycling vehicle templates.
[Worker 1] TensorFlow device=GPU, mixed_precision=mixed_float16
[Worker 1] Random seed fixed: 201021
[Worker 1] started on GPU.
  [Worker 1] episode 980 finished. (AvgLatErr: 0.1990, Steps: 108)
  [Worker 1] episode 981 finished. (AvgLatErr: 0.2063, Steps: 122)
  [Worker 1] episode 982 finished. (AvgLatErr: 0.3088, Steps: 112)
  [Worker 1] episode 983 finished. (AvgLatErr: 0.1554, Steps: 117)
  [Worker 1] episode 984 finished. (AvgLatErr: 0.1454, Steps: 114)
  [Worker 1] episode 985 finished. (AvgLatErr: 0.2227, Steps: 127)
  [Worker 1] episode 986 finished. (AvgLatErr: 0.2779, Steps: 111)
  [Worker 1] episode 987 finished. (AvgLatErr: 0.2376, Steps: 108)
  [Worker 1] episode 988 finished. (AvgLatErr: 0.2584, Steps: 114)
  [Worker 1] episode 989 finished. (AvgLatErr: 0.2322, Steps: 111)
[Worker 1].
Warning: num_agents (8) is greater than the number of available vehicle parameters (4). Cycling vehicle templates.
[Worker 2] TensorFlow device=GPU, mixed_precision=mixed_float16
[Worker 2] Random seed fixed: 301021
[Worker 2] started on GPU.
  [Worker 2] episode 980 finished. (AvgLatErr: 0.5964, Steps: 116)
  [Worker 2] episode 981 finished. (AvgLatErr: 0.4527, Steps: 122)
  [Worker 2] episode 982 finished. (AvgLatErr: 0.4489, Steps: 110)
  [Worker 2] episode 983 finished. (AvgLatErr: 0.6260, Steps: 122)
  [Worker 2] episode 984 finished. (AvgLatErr: 0.6044, Steps: 119)
  [Worker 2] episode 985 finished. (AvgLatErr: 0.5672, Steps: 119)
  [Worker 2] episode 986 finished. (AvgLatErr: 0.6043, Steps: 108)
  [Worker 2] episode 987 finished. (AvgLatErr: 0.5893, Steps: 117)
  [Worker 2] episode 988 finished. (AvgLatErr: 0.5548, Steps: 108)
  [Worker 2] episode 989 finished. (AvgLatErr: 0.5867, Steps: 111)
[Worker 2].
Warning: num_agents (8) is greater than the number of available vehicle parameters (4). Cycling vehicle templates.
[Worker 3] TensorFlow device=GPU, mixed_precision=mixed_float16
[Worker 3] Random seed fixed: 401021
[Worker 3] started on GPU.
  [Worker 3] episode 980 finished. (AvgLatErr: 0.6942, Steps: 166)
  [Worker 3] episode 981 finished. (AvgLatErr: 0.6718, Steps: 171)
  [Worker 3] episode 982 finished. (AvgLatErr: 0.8632, Steps: 171)
  [Worker 3] episode 983 finished. (AvgLatErr: 0.7012, Steps: 166)
  [Worker 3] episode 984 finished. (AvgLatErr: 0.9094, Steps: 168)
  [Worker 3] episode 985 finished. (AvgLatErr: 1.4715, Steps: 176)
  [Worker 3] episode 986 finished. (AvgLatErr: 0.4199, Steps: 169)
  [Worker 3] episode 987 finished. (AvgLatErr: 0.7434, Steps: 167)
  [Worker 3] episode 988 finished. (AvgLatErr: 1.4068, Steps: 176)
  [Worker 3] episode 989 finished. (AvgLatErr: 0.4624, Steps: 162)
[Worker 3].
Warning: num_agents (8) is greater than the number of available vehicle parameters (4). Cycling vehicle templates.
[Worker 4] TensorFlow device=GPU, mixed_precision=mixed_float16
[Worker 4] Random seed fixed: 501021
[Worker 4] started on GPU.
  [Worker 4] episode 980 finished. (AvgLatErr: 0.3251, Steps: 152)
  [Worker 4] episode 981 finished. (AvgLatErr: 0.3203, Steps: 156)
  [Worker 4] episode 982 finished. (AvgLatErr: 0.2703, Steps: 161)
  [Worker 4] episode 983 finished. (AvgLatErr: 0.2149, Steps: 163)
  [Worker 4] episode 984 finished. (AvgLatErr: 0.2890, Steps: 162)
  [Worker 4] episode 985 finished. (AvgLatErr: 0.3035, Steps: 158)
  [Worker 4] episode 986 finished. (AvgLatErr: 0.2528, Steps: 160)
  [Worker 4] episode 987 finished. (AvgLatErr: 0.3770, Steps: 159)
  [Worker 4] episode 988 finished. (AvgLatErr: 0.3401, Steps: 159)
  [Worker 4] episode 989 finished. (AvgLatErr: 0.3400, Steps: 154)
[Worker 4].
Warning: num_agents (8) is greater than the number of available vehicle parameters (4). Cycling vehicle templates.
[Worker 5] TensorFlow device=GPU, mixed_precision=mixed_float16
[Worker 5] Random seed fixed: 601021
[Worker 5] started on GPU.
  [Worker 5] episode 980 finished. (AvgLatErr: 0.2901, Steps: 140)
  [Worker 5] episode 981 finished. (AvgLatErr: 0.2836, Steps: 133)
  [Worker 5] episode 982 finished. (AvgLatErr: 0.3404, Steps: 143)
  [Worker 5] episode 983 finished. (AvgLatErr: 0.2595, Steps: 151)
  [Worker 5] episode 984 finished. (AvgLatErr: 0.2294, Steps: 146)
  [Worker 5] episode 985 finished. (AvgLatErr: 0.2494, Steps: 137)
  [Worker 5] episode 986 finished. (AvgLatErr: 0.2539, Steps: 145)
  [Worker 5] episode 987 finished. (AvgLatErr: 0.2401, Steps: 150)
  [Worker 5] episode 988 finished. (AvgLatErr: 0.3142, Steps: 168)
  [Worker 5] episode 989 finished. (AvgLatErr: 0.1820, Steps: 143)
[Worker 5].
Warning: num_agents (8) is greater than the number of available vehicle parameters (4). Cycling vehicle templates.
[Worker 7] TensorFlow device=GPU, mixed_precision=mixed_float16
[Worker 7] Random seed fixed: 801021
[Worker 7] started on GPU.
  [Worker 7] episode 980 finished. (AvgLatErr: 0.1485, Steps: 123)
  [Worker 7] episode 981 finished. (AvgLatErr: 0.2516, Steps: 120)
  [Worker 7] episode 982 finished. (AvgLatErr: 0.2346, Steps: 124)
  [Worker 7] episode 983 finished. (AvgLatErr: 0.1739, Steps: 132)
  [Worker 7] episode 984 finished. (AvgLatErr: 0.2993, Steps: 121)
  [Worker 7] episode 985 finished. (AvgLatErr: 0.1953, Steps: 118)
  [Worker 7] episode 986 finished. (AvgLatErr: 0.2710, Steps: 127)
  [Worker 7] episode 987 finished. (AvgLatErr: 0.1461, Steps: 130)
  [Worker 7] episode 988 finished. (AvgLatErr: 0.2355, Steps: 147)
  [Worker 7] episode 989 finished. (AvgLatErr: 0.2338, Steps: 140)
[Worker 7].
Warning: num_agents (8) is greater than the number of available vehicle parameters (4). Cycling vehicle templates.
[Worker 6] TensorFlow device=GPU, mixed_precision=mixed_float16
[Worker 6] Random seed fixed: 701021
[Worker 6] started on GPU.
  [Worker 6] episode 980 finished. (AvgLatErr: 0.5740, Steps: 200)
  [Worker 6] episode 981 finished. (AvgLatErr: 0.5536, Steps: 169)
  [Worker 6] episode 982 finished. (AvgLatErr: 0.5872, Steps: 183)
  [Worker 6] episode 983 finished. (AvgLatErr: 0.6330, Steps: 200)
  [Worker 6] episode 984 finished. (AvgLatErr: 0.5418, Steps: 200)
  [Worker 6] episode 985 finished. (AvgLatErr: 0.6048, Steps: 200)
  [Worker 6] episode 986 finished. (AvgLatErr: 0.5942, Steps: 194)
  [Worker 6] episode 987 finished. (AvgLatErr: 0.7786, Steps: 193)
  [Worker 6] episode 988 finished. (AvgLatErr: 0.6398, Steps: 178)
  [Worker 6] episode 989 finished. (AvgLatErr: 0.5997, Steps: 190)
[Worker 6].
[Main] workers finished. (elapsed: 81.68s)
[Main] Aggregation-selected agents: [1, 4, 5, 7]
[Main] FedAdagrad update completed.
[Main] Replay buffers reset after global model update.
============================================================================================
989 EP / Agent 0 : Avg Lat Err 1.2675
989 EP / Agent 1 : Avg Lat Err 0.2322
989 EP / Agent 2 : Avg Lat Err 0.5867
989 EP / Agent 3 : Avg Lat Err 0.4624
989 EP / Agent 4 : Avg Lat Err 0.3400
989 EP / Agent 5 : Avg Lat Err 0.1820
989 EP / Agent 6 : Avg Lat Err 0.5997
989 EP / Agent 7 : Avg Lat Err 0.2338
============================================================================================

============================================================================================
[Main] FL round started. (episode 990 ~ 999)
[Main] Client selection: mode=error_low, budget=4
[Main] Participating agents: [0, 1, 2, 3, 4, 5, 6, 7]
Warning: num_agents (8) is greater than the number of available vehicle parameters (4). Cycling vehicle templates.
[Worker 0] TensorFlow device=GPU, mixed_precision=mixed_float16
[Worker 0] Random seed fixed: 101031
[Worker 0] started on GPU.
  [Worker 0] episode 990 finished. (AvgLatErr: 0.9120, Steps: 128)
  [Worker 0] episode 991 finished. (AvgLatErr: 0.9112, Steps: 131)
  [Worker 0] episode 992 finished. (AvgLatErr: 0.8854, Steps: 126)
  [Worker 0] episode 993 finished. (AvgLatErr: 0.8941, Steps: 128)
  [Worker 0] episode 994 finished. (AvgLatErr: 1.7117, Steps: 131)
  [Worker 0] episode 995 finished. (AvgLatErr: 1.4304, Steps: 127)
  [Worker 0] episode 996 finished. (AvgLatErr: 1.2608, Steps: 130)
  [Worker 0] episode 997 finished. (AvgLatErr: 0.9017, Steps: 123)
  [Worker 0] episode 998 finished. (AvgLatErr: 1.5664, Steps: 127)
  [Worker 0] episode 999 finished. (AvgLatErr: 2.1751, Steps: 133)
[Worker 0].
Warning: num_agents (8) is greater than the number of available vehicle parameters (4). Cycling vehicle templates.
[Worker 1] TensorFlow device=GPU, mixed_precision=mixed_float16
[Worker 1] Random seed fixed: 201031
[Worker 1] started on GPU.
  [Worker 1] episode 990 finished. (AvgLatErr: 0.2103, Steps: 113)
  [Worker 1] episode 991 finished. (AvgLatErr: 0.1711, Steps: 122)
  [Worker 1] episode 992 finished. (AvgLatErr: 0.1520, Steps: 113)
  [Worker 1] episode 993 finished. (AvgLatErr: 0.1453, Steps: 122)
  [Worker 1] episode 994 finished. (AvgLatErr: 0.2504, Steps: 108)
  [Worker 1] episode 995 finished. (AvgLatErr: 0.1869, Steps: 110)
  [Worker 1] episode 996 finished. (AvgLatErr: 0.2396, Steps: 115)
  [Worker 1] episode 997 finished. (AvgLatErr: 0.1405, Steps: 120)
  [Worker 1] episode 998 finished. (AvgLatErr: 0.2186, Steps: 118)
  [Worker 1] episode 999 finished. (AvgLatErr: 0.1818, Steps: 125)
[Worker 1].
Warning: num_agents (8) is greater than the number of available vehicle parameters (4). Cycling vehicle templates.
[Worker 2] TensorFlow device=GPU, mixed_precision=mixed_float16
[Worker 2] Random seed fixed: 301031
[Worker 2] started on GPU.
  [Worker 2] episode 990 finished. (AvgLatErr: 0.5330, Steps: 120)
  [Worker 2] episode 991 finished. (AvgLatErr: 0.4173, Steps: 118)
  [Worker 2] episode 992 finished. (AvgLatErr: 0.5317, Steps: 116)
  [Worker 2] episode 993 finished. (AvgLatErr: 0.6510, Steps: 108)
  [Worker 2] episode 994 finished. (AvgLatErr: 0.7816, Steps: 114)
  [Worker 2] episode 995 finished. (AvgLatErr: 0.6557, Steps: 118)
  [Worker 2] episode 996 finished. (AvgLatErr: 0.6357, Steps: 114)
  [Worker 2] episode 997 finished. (AvgLatErr: 0.7130, Steps: 113)
  [Worker 2] episode 998 finished. (AvgLatErr: 0.6507, Steps: 113)
  [Worker 2] episode 999 finished. (AvgLatErr: 0.7801, Steps: 116)
[Worker 2].
Warning: num_agents (8) is greater than the number of available vehicle parameters (4). Cycling vehicle templates.
[Worker 3] TensorFlow device=GPU, mixed_precision=mixed_float16
[Worker 3] Random seed fixed: 401031
[Worker 3] started on GPU.
  [Worker 3] episode 990 finished. (AvgLatErr: 0.9464, Steps: 171)
  [Worker 3] episode 991 finished. (AvgLatErr: 0.6937, Steps: 175)
  [Worker 3] episode 992 finished. (AvgLatErr: 1.0342, Steps: 170)
  [Worker 3] episode 993 finished. (AvgLatErr: 0.7011, Steps: 171)
  [Worker 3] episode 994 finished. (AvgLatErr: 1.0028, Steps: 164)
  [Worker 3] episode 995 finished. (AvgLatErr: 1.1659, Steps: 153)
  [Worker 3] episode 996 finished. (AvgLatErr: 0.6484, Steps: 172)
  [Worker 3] episode 997 finished. (AvgLatErr: 0.5727, Steps: 168)
  [Worker 3] episode 998 finished. (AvgLatErr: 0.9835, Steps: 182)
  [Worker 3] episode 999 finished. (AvgLatErr: 0.8511, Steps: 167)
[Worker 3].
Warning: num_agents (8) is greater than the number of available vehicle parameters (4). Cycling vehicle templates.
[Worker 4] TensorFlow device=GPU, mixed_precision=mixed_float16
[Worker 4] Random seed fixed: 501031
[Worker 4] started on GPU.
  [Worker 4] episode 990 finished. (AvgLatErr: 0.3869, Steps: 156)
  [Worker 4] episode 991 finished. (AvgLatErr: 0.2593, Steps: 153)
  [Worker 4] episode 992 finished. (AvgLatErr: 0.2323, Steps: 153)
  [Worker 4] episode 993 finished. (AvgLatErr: 0.3247, Steps: 149)
  [Worker 4] episode 994 finished. (AvgLatErr: 0.2975, Steps: 151)
  [Worker 4] episode 995 finished. (AvgLatErr: 0.2845, Steps: 156)
  [Worker 4] episode 996 finished. (AvgLatErr: 0.4096, Steps: 155)
  [Worker 4] episode 997 finished. (AvgLatErr: 0.2654, Steps: 160)
  [Worker 4] episode 998 finished. (AvgLatErr: 0.2860, Steps: 151)
  [Worker 4] episode 999 finished. (AvgLatErr: 0.3325, Steps: 153)
[Worker 4].
Warning: num_agents (8) is greater than the number of available vehicle parameters (4). Cycling vehicle templates.
[Worker 5] TensorFlow device=GPU, mixed_precision=mixed_float16
[Worker 5] Random seed fixed: 601031
[Worker 5] started on GPU.
  [Worker 5] episode 990 finished. (AvgLatErr: 0.2011, Steps: 142)
  [Worker 5] episode 991 finished. (AvgLatErr: 0.2953, Steps: 147)
  [Worker 5] episode 992 finished. (AvgLatErr: 0.2269, Steps: 137)
  [Worker 5] episode 993 finished. (AvgLatErr: 0.2201, Steps: 137)
  [Worker 5] episode 994 finished. (AvgLatErr: 0.2156, Steps: 149)
  [Worker 5] episode 995 finished. (AvgLatErr: 0.2020, Steps: 145)
  [Worker 5] episode 996 finished. (AvgLatErr: 0.2384, Steps: 145)
  [Worker 5] episode 997 finished. (AvgLatErr: 0.2613, Steps: 146)
  [Worker 5] episode 998 finished. (AvgLatErr: 0.3333, Steps: 147)
  [Worker 5] episode 999 finished. (AvgLatErr: 0.2522, Steps: 177)
[Worker 5].
Warning: num_agents (8) is greater than the number of available vehicle parameters (4). Cycling vehicle templates.
[Worker 7] TensorFlow device=GPU, mixed_precision=mixed_float16
[Worker 7] Random seed fixed: 801031
[Worker 7] started on GPU.
  [Worker 7] episode 990 finished. (AvgLatErr: 0.1924, Steps: 123)
  [Worker 7] episode 991 finished. (AvgLatErr: 0.1872, Steps: 120)
  [Worker 7] episode 992 finished. (AvgLatErr: 0.1706, Steps: 128)
  [Worker 7] episode 993 finished. (AvgLatErr: 0.2509, Steps: 127)
  [Worker 7] episode 994 finished. (AvgLatErr: 0.2472, Steps: 132)
  [Worker 7] episode 995 finished. (AvgLatErr: 0.2416, Steps: 126)
  [Worker 7] episode 996 finished. (AvgLatErr: 0.1997, Steps: 125)
  [Worker 7] episode 997 finished. (AvgLatErr: 0.2166, Steps: 119)
  [Worker 7] episode 998 finished. (AvgLatErr: 0.3079, Steps: 124)
  [Worker 7] episode 999 finished. (AvgLatErr: 0.2008, Steps: 132)
[Worker 7].
Warning: num_agents (8) is greater than the number of available vehicle parameters (4). Cycling vehicle templates.
[Worker 6] TensorFlow device=GPU, mixed_precision=mixed_float16
[Worker 6] Random seed fixed: 701031
[Worker 6] started on GPU.
  [Worker 6] episode 990 finished. (AvgLatErr: 0.7179, Steps: 200)
  [Worker 6] episode 991 finished. (AvgLatErr: 0.7963, Steps: 200)
  [Worker 6] episode 992 finished. (AvgLatErr: 0.4801, Steps: 194)
  [Worker 6] episode 993 finished. (AvgLatErr: 0.5404, Steps: 185)
  [Worker 6] episode 994 finished. (AvgLatErr: 0.6143, Steps: 200)
  [Worker 6] episode 995 finished. (AvgLatErr: 0.4448, Steps: 190)
  [Worker 6] episode 996 finished. (AvgLatErr: 0.5535, Steps: 198)
  [Worker 6] episode 997 finished. (AvgLatErr: 0.4066, Steps: 187)
  [Worker 6] episode 998 finished. (AvgLatErr: 0.3939, Steps: 195)
  [Worker 6] episode 999 finished. (AvgLatErr: 0.4279, Steps: 198)
[Worker 6].
[Main] workers finished. (elapsed: 82.11s)
[Main] Aggregation-selected agents: [1, 4, 5, 7]
[Main] FedAdagrad update completed.
[Main] Replay buffers reset after global model update.
============================================================================================
999 EP / Agent 0 : Avg Lat Err 2.1751
999 EP / Agent 1 : Avg Lat Err 0.1818
999 EP / Agent 2 : Avg Lat Err 0.7801
999 EP / Agent 3 : Avg Lat Err 0.8511
999 EP / Agent 4 : Avg Lat Err 0.3325
999 EP / Agent 5 : Avg Lat Err 0.2522
999 EP / Agent 6 : Avg Lat Err 0.4279
999 EP / Agent 7 : Avg Lat Err 0.2008
============================================================================================
[Main] Model checkpoint saved: C:\Users\syd79\FRL-Q\experiments\fast_parallel_fedadagrad_8errorlow4_20260916_run1_error_low_4of8\checkpoints\global_model_episode_001000.weights.h5
Total training finished.
Final model saved to: C:\Users\syd79\FRL-Q\experiments\fast_parallel_fedadagrad_8errorlow4_20260916_run1_error_low_4of8\models\fl_global_model_final_fedadagrad.h5
