Warning: num_agents (8) is greater than the number of available vehicle parameters (4). Cycling vehicle templates.
[Main] Random seed fixed: 41
[Main] Experiment directory: C:\Users\syd79\FRL-Q\experiments\fast_parallel_fedadagrad_8random4_20260916_run1_random_4of8
[Main] TensorFlow device=GPU, mixed_precision=mixed_float16
Create new CSV file.

============================================================================================
[Main] FL round started. (episode 0 ~ 9)
[Main] Client selection: mode=random, budget=4
[Main] Participating agents: [0, 1, 2, 3, 4, 5, 6, 7]
Warning: num_agents (8) is greater than the number of available vehicle parameters (4). Cycling vehicle templates.
[Worker 0] TensorFlow device=GPU, mixed_precision=mixed_float16
[Worker 0] Random seed fixed: 100041
[Worker 0] started on GPU.
  [Worker 0] episode 0 finished. (AvgLatErr: 54.9409, Steps: 200)
  [Worker 0] episode 1 finished. (AvgLatErr: 8.8923, Steps: 200)
  [Worker 0] episode 2 finished. (AvgLatErr: 60.3701, Steps: 200)
  [Worker 0] episode 3 finished. (AvgLatErr: 48.3816, Steps: 200)
  [Worker 0] episode 4 finished. (AvgLatErr: 42.3269, Steps: 200)
  [Worker 0] episode 5 finished. (AvgLatErr: 106.4477, Steps: 200)
  [Worker 0] episode 6 finished. (AvgLatErr: 53.8230, Steps: 200)
  [Worker 0] episode 7 finished. (AvgLatErr: 16.2101, Steps: 200)
  [Worker 0] episode 8 finished. (AvgLatErr: 43.1667, Steps: 200)
  [Worker 0] episode 9 finished. (AvgLatErr: 63.1073, Steps: 200)
[Worker 0].
Warning: num_agents (8) is greater than the number of available vehicle parameters (4). Cycling vehicle templates.
[Worker 1] TensorFlow device=GPU, mixed_precision=mixed_float16
[Worker 1] Random seed fixed: 200041
[Worker 1] started on GPU.
  [Worker 1] episode 0 finished. (AvgLatErr: 76.9952, Steps: 200)
  [Worker 1] episode 1 finished. (AvgLatErr: 11.5406, Steps: 200)
  [Worker 1] episode 2 finished. (AvgLatErr: 9.1148, Steps: 200)
  [Worker 1] episode 3 finished. (AvgLatErr: 20.2128, Steps: 200)
  [Worker 1] episode 4 finished. (AvgLatErr: 22.2966, Steps: 200)
  [Worker 1] episode 5 finished. (AvgLatErr: 17.1869, Steps: 200)
  [Worker 1] episode 6 finished. (AvgLatErr: 16.0998, Steps: 200)
  [Worker 1] episode 7 finished. (AvgLatErr: 47.2059, Steps: 200)
  [Worker 1] episode 8 finished. (AvgLatErr: 35.9090, Steps: 200)
  [Worker 1] episode 9 finished. (AvgLatErr: 6.5839, Steps: 200)
[Worker 1].
Warning: num_agents (8) is greater than the number of available vehicle parameters (4). Cycling vehicle templates.
[Worker 2] TensorFlow device=GPU, mixed_precision=mixed_float16
[Worker 2] Random seed fixed: 300041
[Worker 2] started on GPU.
  [Worker 2] episode 0 finished. (AvgLatErr: 41.8335, Steps: 200)
  [Worker 2] episode 1 finished. (AvgLatErr: 15.9017, Steps: 200)
  [Worker 2] episode 2 finished. (AvgLatErr: 47.0350, Steps: 200)
  [Worker 2] episode 3 finished. (AvgLatErr: 51.3911, Steps: 200)
  [Worker 2] episode 4 finished. (AvgLatErr: 41.0925, Steps: 200)
  [Worker 2] episode 5 finished. (AvgLatErr: 12.6035, Steps: 200)
  [Worker 2] episode 6 finished. (AvgLatErr: 33.0096, Steps: 200)
  [Worker 2] episode 7 finished. (AvgLatErr: 35.3118, Steps: 200)
  [Worker 2] episode 8 finished. (AvgLatErr: 27.2639, Steps: 200)
  [Worker 2] episode 9 finished. (AvgLatErr: 21.0678, Steps: 200)
[Worker 2].
Warning: num_agents (8) is greater than the number of available vehicle parameters (4). Cycling vehicle templates.
[Worker 3] TensorFlow device=GPU, mixed_precision=mixed_float16
[Worker 3] Random seed fixed: 400041
[Worker 3] started on GPU.
  [Worker 3] episode 0 finished. (AvgLatErr: 58.1456, Steps: 200)
  [Worker 3] episode 1 finished. (AvgLatErr: 7.5248, Steps: 200)
  [Worker 3] episode 2 finished. (AvgLatErr: 33.0408, Steps: 200)
  [Worker 3] episode 3 finished. (AvgLatErr: 44.6330, Steps: 200)
  [Worker 3] episode 4 finished. (AvgLatErr: 45.0187, Steps: 200)
  [Worker 3] episode 5 finished. (AvgLatErr: 11.0494, Steps: 200)
  [Worker 3] episode 6 finished. (AvgLatErr: 11.2320, Steps: 200)
  [Worker 3] episode 7 finished. (AvgLatErr: 27.2661, Steps: 200)
  [Worker 3] episode 8 finished. (AvgLatErr: 22.9313, Steps: 200)
  [Worker 3] episode 9 finished. (AvgLatErr: 7.8585, Steps: 200)
[Worker 3].
Warning: num_agents (8) is greater than the number of available vehicle parameters (4). Cycling vehicle templates.
[Worker 4] TensorFlow device=GPU, mixed_precision=mixed_float16
[Worker 4] Random seed fixed: 500041
[Worker 4] started on GPU.
  [Worker 4] episode 0 finished. (AvgLatErr: 28.3421, Steps: 200)
  [Worker 4] episode 1 finished. (AvgLatErr: 60.4508, Steps: 200)
  [Worker 4] episode 2 finished. (AvgLatErr: 59.2820, Steps: 200)
  [Worker 4] episode 3 finished. (AvgLatErr: 41.7274, Steps: 200)
  [Worker 4] episode 4 finished. (AvgLatErr: 61.2212, Steps: 200)
  [Worker 4] episode 5 finished. (AvgLatErr: 23.7377, Steps: 200)
  [Worker 4] episode 6 finished. (AvgLatErr: 24.2770, Steps: 200)
  [Worker 4] episode 7 finished. (AvgLatErr: 28.6968, Steps: 200)
  [Worker 4] episode 8 finished. (AvgLatErr: 16.5396, Steps: 200)
  [Worker 4] episode 9 finished. (AvgLatErr: 38.8938, Steps: 200)
[Worker 4].
Warning: num_agents (8) is greater than the number of available vehicle parameters (4). Cycling vehicle templates.
[Worker 5] TensorFlow device=GPU, mixed_precision=mixed_float16
[Worker 5] Random seed fixed: 600041
[Worker 5] started on GPU.
  [Worker 5] episode 0 finished. (AvgLatErr: 24.8862, Steps: 200)
  [Worker 5] episode 1 finished. (AvgLatErr: 25.1109, Steps: 200)
  [Worker 5] episode 2 finished. (AvgLatErr: 41.2827, Steps: 200)
  [Worker 5] episode 3 finished. (AvgLatErr: 29.3448, Steps: 200)
  [Worker 5] episode 4 finished. (AvgLatErr: 25.0737, Steps: 200)
  [Worker 5] episode 5 finished. (AvgLatErr: 56.7068, Steps: 200)
  [Worker 5] episode 6 finished. (AvgLatErr: 54.8781, Steps: 200)
  [Worker 5] episode 7 finished. (AvgLatErr: 37.1438, Steps: 200)
  [Worker 5] episode 8 finished. (AvgLatErr: 47.4779, Steps: 200)
  [Worker 5] episode 9 finished. (AvgLatErr: 51.7552, Steps: 200)
[Worker 5].
Warning: num_agents (8) is greater than the number of available vehicle parameters (4). Cycling vehicle templates.
[Worker 6] TensorFlow device=GPU, mixed_precision=mixed_float16
[Worker 6] Random seed fixed: 700041
[Worker 6] started on GPU.
  [Worker 6] episode 0 finished. (AvgLatErr: 19.0369, Steps: 200)
  [Worker 6] episode 1 finished. (AvgLatErr: 27.3619, Steps: 200)
  [Worker 6] episode 2 finished. (AvgLatErr: 55.4345, Steps: 200)
  [Worker 6] episode 3 finished. (AvgLatErr: 49.8868, Steps: 200)
  [Worker 6] episode 4 finished. (AvgLatErr: 23.1736, Steps: 200)
  [Worker 6] episode 5 finished. (AvgLatErr: 22.4525, Steps: 200)
  [Worker 6] episode 6 finished. (AvgLatErr: 39.5775, Steps: 200)
  [Worker 6] episode 7 finished. (AvgLatErr: 64.7929, Steps: 200)
  [Worker 6] episode 8 finished. (AvgLatErr: 13.5553, Steps: 200)
  [Worker 6] episode 9 finished. (AvgLatErr: 36.5440, Steps: 200)
[Worker 6].
Warning: num_agents (8) is greater than the number of available vehicle parameters (4). Cycling vehicle templates.
[Worker 7] TensorFlow device=GPU, mixed_precision=mixed_float16
[Worker 7] Random seed fixed: 800041
[Worker 7] started on GPU.
  [Worker 7] episode 0 finished. (AvgLatErr: 51.9459, Steps: 200)
  [Worker 7] episode 1 finished. (AvgLatErr: 16.0289, Steps: 200)
  [Worker 7] episode 2 finished. (AvgLatErr: 39.8200, Steps: 200)
  [Worker 7] episode 3 finished. (AvgLatErr: 24.6598, Steps: 200)
  [Worker 7] episode 4 finished. (AvgLatErr: 57.5926, Steps: 200)
  [Worker 7] episode 5 finished. (AvgLatErr: 29.1196, Steps: 200)
  [Worker 7] episode 6 finished. (AvgLatErr: 14.6944, Steps: 200)
  [Worker 7] episode 7 finished. (AvgLatErr: 27.7486, Steps: 200)
  [Worker 7] episode 8 finished. (AvgLatErr: 35.8316, Steps: 200)
  [Worker 7] episode 9 finished. (AvgLatErr: 24.3788, Steps: 200)
[Worker 7].
[Main] workers finished. (elapsed: 129.11s)
[Main] Aggregation-selected agents: [1, 4, 6, 7]
[Main] FedAdagrad update completed.
[Main] Replay buffers reset after global model update.
============================================================================================
9 EP / Agent 0 : Avg Lat Err 63.1073
9 EP / Agent 1 : Avg Lat Err 6.5839
9 EP / Agent 2 : Avg Lat Err 21.0678
9 EP / Agent 3 : Avg Lat Err 7.8585
9 EP / Agent 4 : Avg Lat Err 38.8938
9 EP / Agent 5 : Avg Lat Err 51.7552
9 EP / Agent 6 : Avg Lat Err 36.5440
9 EP / Agent 7 : Avg Lat Err 24.3788
============================================================================================

============================================================================================
[Main] FL round started. (episode 10 ~ 19)
[Main] Client selection: mode=random, budget=4
[Main] Participating agents: [0, 1, 2, 3, 4, 5, 6, 7]
Warning: num_agents (8) is greater than the number of available vehicle parameters (4). Cycling vehicle templates.
[Worker 0] TensorFlow device=GPU, mixed_precision=mixed_float16
[Worker 0] Random seed fixed: 100051
[Worker 0] started on GPU.
  [Worker 0] episode 10 finished. (AvgLatErr: 8.1774, Steps: 200)
  [Worker 0] episode 11 finished. (AvgLatErr: 33.5962, Steps: 200)
  [Worker 0] episode 12 finished. (AvgLatErr: 9.2478, Steps: 200)
  [Worker 0] episode 13 finished. (AvgLatErr: 6.6013, Steps: 200)
  [Worker 0] episode 14 finished. (AvgLatErr: 7.7951, Steps: 200)
  [Worker 0] episode 15 finished. (AvgLatErr: 19.8328, Steps: 200)
  [Worker 0] episode 16 finished. (AvgLatErr: 10.1223, Steps: 200)
  [Worker 0] episode 17 finished. (AvgLatErr: 34.1698, Steps: 200)
  [Worker 0] episode 18 finished. (AvgLatErr: 19.5987, Steps: 200)
  [Worker 0] episode 19 finished. (AvgLatErr: 15.9770, Steps: 200)
[Worker 0].
Warning: num_agents (8) is greater than the number of available vehicle parameters (4). Cycling vehicle templates.
[Worker 1] TensorFlow device=GPU, mixed_precision=mixed_float16
[Worker 1] Random seed fixed: 200051
[Worker 1] started on GPU.
  [Worker 1] episode 10 finished. (AvgLatErr: 14.5808, Steps: 200)
  [Worker 1] episode 11 finished. (AvgLatErr: 19.0927, Steps: 200)
  [Worker 1] episode 12 finished. (AvgLatErr: 4.2664, Steps: 200)
  [Worker 1] episode 13 finished. (AvgLatErr: 4.7860, Steps: 200)
  [Worker 1] episode 14 finished. (AvgLatErr: 16.7278, Steps: 200)
  [Worker 1] episode 15 finished. (AvgLatErr: 19.8919, Steps: 200)
  [Worker 1] episode 16 finished. (AvgLatErr: 21.0786, Steps: 200)
  [Worker 1] episode 17 finished. (AvgLatErr: 29.2819, Steps: 200)
  [Worker 1] episode 18 finished. (AvgLatErr: 7.5981, Steps: 200)
  [Worker 1] episode 19 finished. (AvgLatErr: 17.9948, Steps: 200)
[Worker 1].
Warning: num_agents (8) is greater than the number of available vehicle parameters (4). Cycling vehicle templates.
[Worker 2] TensorFlow device=GPU, mixed_precision=mixed_float16
[Worker 2] Random seed fixed: 300051
[Worker 2] started on GPU.
  [Worker 2] episode 10 finished. (AvgLatErr: 11.4969, Steps: 200)
  [Worker 2] episode 11 finished. (AvgLatErr: 17.5405, Steps: 200)
  [Worker 2] episode 12 finished. (AvgLatErr: 12.6103, Steps: 200)
  [Worker 2] episode 13 finished. (AvgLatErr: 4.1387, Steps: 200)
  [Worker 2] episode 14 finished. (AvgLatErr: 10.0735, Steps: 200)
  [Worker 2] episode 15 finished. (AvgLatErr: 5.4155, Steps: 200)
  [Worker 2] episode 16 finished. (AvgLatErr: 29.4692, Steps: 200)
  [Worker 2] episode 17 finished. (AvgLatErr: 4.7819, Steps: 200)
  [Worker 2] episode 18 finished. (AvgLatErr: 15.8911, Steps: 200)
  [Worker 2] episode 19 finished. (AvgLatErr: 6.2268, Steps: 200)
[Worker 2].
Warning: num_agents (8) is greater than the number of available vehicle parameters (4). Cycling vehicle templates.
[Worker 3] TensorFlow device=GPU, mixed_precision=mixed_float16
[Worker 3] Random seed fixed: 400051
[Worker 3] started on GPU.
  [Worker 3] episode 10 finished. (AvgLatErr: 14.7349, Steps: 200)
  [Worker 3] episode 11 finished. (AvgLatErr: 35.1677, Steps: 200)
  [Worker 3] episode 12 finished. (AvgLatErr: 12.5182, Steps: 200)
  [Worker 3] episode 13 finished. (AvgLatErr: 5.6134, Steps: 200)
  [Worker 3] episode 14 finished. (AvgLatErr: 6.4178, Steps: 200)
  [Worker 3] episode 15 finished. (AvgLatErr: 11.4687, Steps: 200)
  [Worker 3] episode 16 finished. (AvgLatErr: 5.1113, Steps: 200)
  [Worker 3] episode 17 finished. (AvgLatErr: 18.3930, Steps: 200)
  [Worker 3] episode 18 finished. (AvgLatErr: 7.5566, Steps: 200)
  [Worker 3] episode 19 finished. (AvgLatErr: 11.6522, Steps: 200)
[Worker 3].
Warning: num_agents (8) is greater than the number of available vehicle parameters (4). Cycling vehicle templates.
[Worker 4] TensorFlow device=GPU, mixed_precision=mixed_float16
[Worker 4] Random seed fixed: 500051
[Worker 4] started on GPU.
  [Worker 4] episode 10 finished. (AvgLatErr: 23.6758, Steps: 200)
  [Worker 4] episode 11 finished. (AvgLatErr: 5.8505, Steps: 200)
  [Worker 4] episode 12 finished. (AvgLatErr: 5.5077, Steps: 200)
  [Worker 4] episode 13 finished. (AvgLatErr: 11.4464, Steps: 200)
  [Worker 4] episode 14 finished. (AvgLatErr: 27.6510, Steps: 200)
  [Worker 4] episode 15 finished. (AvgLatErr: 15.9504, Steps: 200)
  [Worker 4] episode 16 finished. (AvgLatErr: 11.7583, Steps: 200)
  [Worker 4] episode 17 finished. (AvgLatErr: 134.2526, Steps: 200)
  [Worker 4] episode 18 finished. (AvgLatErr: 37.7053, Steps: 200)
  [Worker 4] episode 19 finished. (AvgLatErr: 28.6432, Steps: 200)
[Worker 4].
Warning: num_agents (8) is greater than the number of available vehicle parameters (4). Cycling vehicle templates.
[Worker 5] TensorFlow device=GPU, mixed_precision=mixed_float16
[Worker 5] Random seed fixed: 600051
[Worker 5] started on GPU.
  [Worker 5] episode 10 finished. (AvgLatErr: 17.9922, Steps: 200)
  [Worker 5] episode 11 finished. (AvgLatErr: 21.9754, Steps: 200)
  [Worker 5] episode 12 finished. (AvgLatErr: 18.0639, Steps: 200)
  [Worker 5] episode 13 finished. (AvgLatErr: 89.4476, Steps: 200)
  [Worker 5] episode 14 finished. (AvgLatErr: 14.9459, Steps: 200)
  [Worker 5] episode 15 finished. (AvgLatErr: 37.3813, Steps: 200)
  [Worker 5] episode 16 finished. (AvgLatErr: 46.2467, Steps: 200)
  [Worker 5] episode 17 finished. (AvgLatErr: 59.1124, Steps: 200)
  [Worker 5] episode 18 finished. (AvgLatErr: 58.4963, Steps: 200)
  [Worker 5] episode 19 finished. (AvgLatErr: 33.7759, Steps: 200)
[Worker 5].
Warning: num_agents (8) is greater than the number of available vehicle parameters (4). Cycling vehicle templates.
[Worker 6] TensorFlow device=GPU, mixed_precision=mixed_float16
[Worker 6] Random seed fixed: 700051
[Worker 6] started on GPU.
  [Worker 6] episode 10 finished. (AvgLatErr: 14.1372, Steps: 200)
  [Worker 6] episode 11 finished. (AvgLatErr: 9.3383, Steps: 200)
  [Worker 6] episode 12 finished. (AvgLatErr: 6.5487, Steps: 200)
  [Worker 6] episode 13 finished. (AvgLatErr: 15.9680, Steps: 200)
  [Worker 6] episode 14 finished. (AvgLatErr: 21.9307, Steps: 200)
  [Worker 6] episode 15 finished. (AvgLatErr: 9.9255, Steps: 200)
  [Worker 6] episode 16 finished. (AvgLatErr: 6.2435, Steps: 200)
  [Worker 6] episode 17 finished. (AvgLatErr: 83.3514, Steps: 200)
  [Worker 6] episode 18 finished. (AvgLatErr: 28.7121, Steps: 200)
  [Worker 6] episode 19 finished. (AvgLatErr: 28.5243, Steps: 200)
[Worker 6].
Warning: num_agents (8) is greater than the number of available vehicle parameters (4). Cycling vehicle templates.
[Worker 7] TensorFlow device=GPU, mixed_precision=mixed_float16
[Worker 7] Random seed fixed: 800051
[Worker 7] started on GPU.
  [Worker 7] episode 10 finished. (AvgLatErr: 13.3652, Steps: 200)
  [Worker 7] episode 11 finished. (AvgLatErr: 13.9271, Steps: 200)
  [Worker 7] episode 12 finished. (AvgLatErr: 10.4916, Steps: 200)
  [Worker 7] episode 13 finished. (AvgLatErr: 20.1466, Steps: 200)
  [Worker 7] episode 14 finished. (AvgLatErr: 47.9024, Steps: 200)
  [Worker 7] episode 15 finished. (AvgLatErr: 12.4336, Steps: 200)
  [Worker 7] episode 16 finished. (AvgLatErr: 7.8021, Steps: 200)
  [Worker 7] episode 17 finished. (AvgLatErr: 7.7054, Steps: 200)
  [Worker 7] episode 18 finished. (AvgLatErr: 5.5578, Steps: 200)
  [Worker 7] episode 19 finished. (AvgLatErr: 20.6952, Steps: 200)
[Worker 7].
[Main] workers finished. (elapsed: 125.02s)
[Main] Aggregation-selected agents: [0, 4, 6, 7]
[Main] FedAdagrad update completed.
[Main] Replay buffers reset after global model update.
============================================================================================
19 EP / Agent 0 : Avg Lat Err 15.9770
19 EP / Agent 1 : Avg Lat Err 17.9948
19 EP / Agent 2 : Avg Lat Err 6.2268
19 EP / Agent 3 : Avg Lat Err 11.6522
19 EP / Agent 4 : Avg Lat Err 28.6432
19 EP / Agent 5 : Avg Lat Err 33.7759
19 EP / Agent 6 : Avg Lat Err 28.5243
19 EP / Agent 7 : Avg Lat Err 20.6952
============================================================================================

============================================================================================
[Main] FL round started. (episode 20 ~ 29)
[Main] Client selection: mode=random, budget=4
[Main] Participating agents: [0, 1, 2, 3, 4, 5, 6, 7]
Warning: num_agents (8) is greater than the number of available vehicle parameters (4). Cycling vehicle templates.
[Worker 0] TensorFlow device=GPU, mixed_precision=mixed_float16
[Worker 0] Random seed fixed: 100061
[Worker 0] started on GPU.
  [Worker 0] episode 20 finished. (AvgLatErr: 34.6711, Steps: 200)
  [Worker 0] episode 21 finished. (AvgLatErr: 46.0579, Steps: 200)
  [Worker 0] episode 22 finished. (AvgLatErr: 41.5231, Steps: 200)
  [Worker 0] episode 23 finished. (AvgLatErr: 76.3108, Steps: 200)
  [Worker 0] episode 24 finished. (AvgLatErr: 12.4261, Steps: 200)
  [Worker 0] episode 25 finished. (AvgLatErr: 6.8567, Steps: 200)
  [Worker 0] episode 26 finished. (AvgLatErr: 18.9390, Steps: 200)
  [Worker 0] episode 27 finished. (AvgLatErr: 34.5838, Steps: 200)
  [Worker 0] episode 28 finished. (AvgLatErr: 14.0194, Steps: 200)
  [Worker 0] episode 29 finished. (AvgLatErr: 32.0688, Steps: 200)
[Worker 0].
Warning: num_agents (8) is greater than the number of available vehicle parameters (4). Cycling vehicle templates.
[Worker 1] TensorFlow device=GPU, mixed_precision=mixed_float16
[Worker 1] Random seed fixed: 200061
[Worker 1] started on GPU.
  [Worker 1] episode 20 finished. (AvgLatErr: 15.8015, Steps: 200)
  [Worker 1] episode 21 finished. (AvgLatErr: 20.4324, Steps: 200)
  [Worker 1] episode 22 finished. (AvgLatErr: 30.0161, Steps: 200)
  [Worker 1] episode 23 finished. (AvgLatErr: 29.0127, Steps: 200)
  [Worker 1] episode 24 finished. (AvgLatErr: 24.2714, Steps: 200)
  [Worker 1] episode 25 finished. (AvgLatErr: 11.2644, Steps: 200)
  [Worker 1] episode 26 finished. (AvgLatErr: 6.9877, Steps: 200)
  [Worker 1] episode 27 finished. (AvgLatErr: 17.8713, Steps: 200)
  [Worker 1] episode 28 finished. (AvgLatErr: 18.5997, Steps: 200)
  [Worker 1] episode 29 finished. (AvgLatErr: 11.6549, Steps: 200)
[Worker 1].
Warning: num_agents (8) is greater than the number of available vehicle parameters (4). Cycling vehicle templates.
[Worker 2] TensorFlow device=GPU, mixed_precision=mixed_float16
[Worker 2] Random seed fixed: 300061
[Worker 2] started on GPU.
  [Worker 2] episode 20 finished. (AvgLatErr: 28.1246, Steps: 200)
  [Worker 2] episode 21 finished. (AvgLatErr: 11.5707, Steps: 200)
  [Worker 2] episode 22 finished. (AvgLatErr: 6.0413, Steps: 200)
  [Worker 2] episode 23 finished. (AvgLatErr: 9.9132, Steps: 200)
  [Worker 2] episode 24 finished. (AvgLatErr: 54.4856, Steps: 200)
  [Worker 2] episode 25 finished. (AvgLatErr: 32.1104, Steps: 200)
  [Worker 2] episode 26 finished. (AvgLatErr: 15.1848, Steps: 200)
  [Worker 2] episode 27 finished. (AvgLatErr: 7.8225, Steps: 200)
  [Worker 2] episode 28 finished. (AvgLatErr: 12.7005, Steps: 200)
  [Worker 2] episode 29 finished. (AvgLatErr: 8.1275, Steps: 200)
[Worker 2].
Warning: num_agents (8) is greater than the number of available vehicle parameters (4). Cycling vehicle templates.
[Worker 3] TensorFlow device=GPU, mixed_precision=mixed_float16
[Worker 3] Random seed fixed: 400061
[Worker 3] started on GPU.
  [Worker 3] episode 20 finished. (AvgLatErr: 15.0120, Steps: 200)
  [Worker 3] episode 21 finished. (AvgLatErr: 6.6577, Steps: 200)
  [Worker 3] episode 22 finished. (AvgLatErr: 5.3783, Steps: 200)
  [Worker 3] episode 23 finished. (AvgLatErr: 7.2704, Steps: 200)
  [Worker 3] episode 24 finished. (AvgLatErr: 6.8929, Steps: 200)
  [Worker 3] episode 25 finished. (AvgLatErr: 16.7580, Steps: 200)
  [Worker 3] episode 26 finished. (AvgLatErr: 23.5404, Steps: 200)
  [Worker 3] episode 27 finished. (AvgLatErr: 31.9982, Steps: 200)
  [Worker 3] episode 28 finished. (AvgLatErr: 34.6919, Steps: 200)
  [Worker 3] episode 29 finished. (AvgLatErr: 2.1541, Steps: 200)
[Worker 3].
Warning: num_agents (8) is greater than the number of available vehicle parameters (4). Cycling vehicle templates.
[Worker 4] TensorFlow device=GPU, mixed_precision=mixed_float16
[Worker 4] Random seed fixed: 500061
[Worker 4] started on GPU.
  [Worker 4] episode 20 finished. (AvgLatErr: 8.8194, Steps: 200)
  [Worker 4] episode 21 finished. (AvgLatErr: 33.5943, Steps: 200)
  [Worker 4] episode 22 finished. (AvgLatErr: 19.9782, Steps: 200)
  [Worker 4] episode 23 finished. (AvgLatErr: 29.6899, Steps: 200)
  [Worker 4] episode 24 finished. (AvgLatErr: 15.3778, Steps: 200)
  [Worker 4] episode 25 finished. (AvgLatErr: 16.5569, Steps: 200)
  [Worker 4] episode 26 finished. (AvgLatErr: 21.2609, Steps: 200)
  [Worker 4] episode 27 finished. (AvgLatErr: 13.3919, Steps: 200)
  [Worker 4] episode 28 finished. (AvgLatErr: 68.5958, Steps: 200)
  [Worker 4] episode 29 finished. (AvgLatErr: 78.4680, Steps: 200)
[Worker 4].
Warning: num_agents (8) is greater than the number of available vehicle parameters (4). Cycling vehicle templates.
[Worker 5] TensorFlow device=GPU, mixed_precision=mixed_float16
[Worker 5] Random seed fixed: 600061
[Worker 5] started on GPU.
  [Worker 5] episode 20 finished. (AvgLatErr: 28.9051, Steps: 200)
  [Worker 5] episode 21 finished. (AvgLatErr: 8.8762, Steps: 200)
  [Worker 5] episode 22 finished. (AvgLatErr: 10.4712, Steps: 200)
  [Worker 5] episode 23 finished. (AvgLatErr: 3.8427, Steps: 200)
  [Worker 5] episode 24 finished. (AvgLatErr: 7.6345, Steps: 200)
  [Worker 5] episode 25 finished. (AvgLatErr: 20.0601, Steps: 200)
  [Worker 5] episode 26 finished. (AvgLatErr: 14.0274, Steps: 200)
  [Worker 5] episode 27 finished. (AvgLatErr: 13.5392, Steps: 200)
  [Worker 5] episode 28 finished. (AvgLatErr: 13.9073, Steps: 200)
  [Worker 5] episode 29 finished. (AvgLatErr: 26.0782, Steps: 200)
[Worker 5].
Warning: num_agents (8) is greater than the number of available vehicle parameters (4). Cycling vehicle templates.
[Worker 6] TensorFlow device=GPU, mixed_precision=mixed_float16
[Worker 6] Random seed fixed: 700061
[Worker 6] started on GPU.
  [Worker 6] episode 20 finished. (AvgLatErr: 16.1648, Steps: 200)
  [Worker 6] episode 21 finished. (AvgLatErr: 18.0327, Steps: 200)
  [Worker 6] episode 22 finished. (AvgLatErr: 11.5169, Steps: 200)
  [Worker 6] episode 23 finished. (AvgLatErr: 9.4482, Steps: 200)
  [Worker 6] episode 24 finished. (AvgLatErr: 8.6493, Steps: 200)
  [Worker 6] episode 25 finished. (AvgLatErr: 12.9710, Steps: 200)
  [Worker 6] episode 26 finished. (AvgLatErr: 5.7969, Steps: 200)
  [Worker 6] episode 27 finished. (AvgLatErr: 28.9710, Steps: 200)
  [Worker 6] episode 28 finished. (AvgLatErr: 36.3035, Steps: 200)
  [Worker 6] episode 29 finished. (AvgLatErr: 10.1529, Steps: 200)
[Worker 6].
Warning: num_agents (8) is greater than the number of available vehicle parameters (4). Cycling vehicle templates.
[Worker 7] TensorFlow device=GPU, mixed_precision=mixed_float16
[Worker 7] Random seed fixed: 800061
[Worker 7] started on GPU.
  [Worker 7] episode 20 finished. (AvgLatErr: 7.3454, Steps: 200)
  [Worker 7] episode 21 finished. (AvgLatErr: 13.6460, Steps: 200)
  [Worker 7] episode 22 finished. (AvgLatErr: 22.4085, Steps: 200)
  [Worker 7] episode 23 finished. (AvgLatErr: 14.1913, Steps: 200)
  [Worker 7] episode 24 finished. (AvgLatErr: 15.5199, Steps: 200)
  [Worker 7] episode 25 finished. (AvgLatErr: 17.5078, Steps: 200)
  [Worker 7] episode 26 finished. (AvgLatErr: 13.7232, Steps: 200)
  [Worker 7] episode 27 finished. (AvgLatErr: 27.6941, Steps: 200)
  [Worker 7] episode 28 finished. (AvgLatErr: 33.2892, Steps: 200)
  [Worker 7] episode 29 finished. (AvgLatErr: 5.1158, Steps: 200)
[Worker 7].
[Main] workers finished. (elapsed: 117.25s)
[Main] Aggregation-selected agents: [0, 1, 3, 7]
[Main] FedAdagrad update completed.
[Main] Replay buffers reset after global model update.
============================================================================================
29 EP / Agent 0 : Avg Lat Err 32.0688
29 EP / Agent 1 : Avg Lat Err 11.6549
29 EP / Agent 2 : Avg Lat Err 8.1275
29 EP / Agent 3 : Avg Lat Err 2.1541
29 EP / Agent 4 : Avg Lat Err 78.4680
29 EP / Agent 5 : Avg Lat Err 26.0782
29 EP / Agent 6 : Avg Lat Err 10.1529
29 EP / Agent 7 : Avg Lat Err 5.1158
============================================================================================

============================================================================================
[Main] FL round started. (episode 30 ~ 39)
[Main] Client selection: mode=random, budget=4
[Main] Participating agents: [0, 1, 2, 3, 4, 5, 6, 7]
Warning: num_agents (8) is greater than the number of available vehicle parameters (4). Cycling vehicle templates.
[Worker 0] TensorFlow device=GPU, mixed_precision=mixed_float16
[Worker 0] Random seed fixed: 100071
[Worker 0] started on GPU.
  [Worker 0] episode 30 finished. (AvgLatErr: 14.1427, Steps: 200)
  [Worker 0] episode 31 finished. (AvgLatErr: 16.2063, Steps: 200)
  [Worker 0] episode 32 finished. (AvgLatErr: 9.6331, Steps: 200)
  [Worker 0] episode 33 finished. (AvgLatErr: 17.2008, Steps: 200)
  [Worker 0] episode 34 finished. (AvgLatErr: 18.4239, Steps: 200)
  [Worker 0] episode 35 finished. (AvgLatErr: 6.5910, Steps: 200)
  [Worker 0] episode 36 finished. (AvgLatErr: 5.9397, Steps: 81)
  [Worker 0] episode 37 finished. (AvgLatErr: 7.3267, Steps: 200)
  [Worker 0] episode 38 finished. (AvgLatErr: 6.1463, Steps: 200)
  [Worker 0] episode 39 finished. (AvgLatErr: 12.6586, Steps: 200)
[Worker 0].
Warning: num_agents (8) is greater than the number of available vehicle parameters (4). Cycling vehicle templates.
[Worker 1] TensorFlow device=GPU, mixed_precision=mixed_float16
[Worker 1] Random seed fixed: 200071
[Worker 1] started on GPU.
  [Worker 1] episode 30 finished. (AvgLatErr: 6.1041, Steps: 200)
  [Worker 1] episode 31 finished. (AvgLatErr: 5.3270, Steps: 200)
  [Worker 1] episode 32 finished. (AvgLatErr: 25.8773, Steps: 200)
  [Worker 1] episode 33 finished. (AvgLatErr: 11.5821, Steps: 200)
  [Worker 1] episode 34 finished. (AvgLatErr: 7.1526, Steps: 200)
  [Worker 1] episode 35 finished. (AvgLatErr: 5.4464, Steps: 200)
  [Worker 1] episode 36 finished. (AvgLatErr: 7.5194, Steps: 200)
  [Worker 1] episode 37 finished. (AvgLatErr: 21.1561, Steps: 200)
  [Worker 1] episode 38 finished. (AvgLatErr: 25.6320, Steps: 200)
  [Worker 1] episode 39 finished. (AvgLatErr: 13.2313, Steps: 200)
[Worker 1].
Warning: num_agents (8) is greater than the number of available vehicle parameters (4). Cycling vehicle templates.
[Worker 2] TensorFlow device=GPU, mixed_precision=mixed_float16
[Worker 2] Random seed fixed: 300071
[Worker 2] started on GPU.
  [Worker 2] episode 30 finished. (AvgLatErr: 13.8755, Steps: 200)
  [Worker 2] episode 31 finished. (AvgLatErr: 10.8974, Steps: 88)
  [Worker 2] episode 32 finished. (AvgLatErr: 7.2838, Steps: 200)
  [Worker 2] episode 33 finished. (AvgLatErr: 41.2991, Steps: 200)
  [Worker 2] episode 34 finished. (AvgLatErr: 14.6908, Steps: 200)
  [Worker 2] episode 35 finished. (AvgLatErr: 8.0948, Steps: 200)
  [Worker 2] episode 36 finished. (AvgLatErr: 8.2670, Steps: 200)
  [Worker 2] episode 37 finished. (AvgLatErr: 6.4920, Steps: 200)
  [Worker 2] episode 38 finished. (AvgLatErr: 7.0292, Steps: 200)
  [Worker 2] episode 39 finished. (AvgLatErr: 10.3941, Steps: 200)
[Worker 2].
Warning: num_agents (8) is greater than the number of available vehicle parameters (4). Cycling vehicle templates.
[Worker 3] TensorFlow device=GPU, mixed_precision=mixed_float16
[Worker 3] Random seed fixed: 400071
[Worker 3] started on GPU.
  [Worker 3] episode 30 finished. (AvgLatErr: 7.3311, Steps: 200)
  [Worker 3] episode 31 finished. (AvgLatErr: 9.7692, Steps: 200)
  [Worker 3] episode 32 finished. (AvgLatErr: 25.5231, Steps: 200)
  [Worker 3] episode 33 finished. (AvgLatErr: 14.3062, Steps: 200)
  [Worker 3] episode 34 finished. (AvgLatErr: 21.6758, Steps: 200)
  [Worker 3] episode 35 finished. (AvgLatErr: 5.3278, Steps: 200)
  [Worker 3] episode 36 finished. (AvgLatErr: 9.0036, Steps: 200)
  [Worker 3] episode 37 finished. (AvgLatErr: 11.1657, Steps: 200)
  [Worker 3] episode 38 finished. (AvgLatErr: 8.9294, Steps: 200)
  [Worker 3] episode 39 finished. (AvgLatErr: 24.6675, Steps: 200)
[Worker 3].
Warning: num_agents (8) is greater than the number of available vehicle parameters (4). Cycling vehicle templates.
[Worker 4] TensorFlow device=GPU, mixed_precision=mixed_float16
[Worker 4] Random seed fixed: 500071
[Worker 4] started on GPU.
  [Worker 4] episode 30 finished. (AvgLatErr: 17.3817, Steps: 200)
  [Worker 4] episode 31 finished. (AvgLatErr: 14.8219, Steps: 200)
  [Worker 4] episode 32 finished. (AvgLatErr: 13.4248, Steps: 200)
  [Worker 4] episode 33 finished. (AvgLatErr: 7.7807, Steps: 200)
  [Worker 4] episode 34 finished. (AvgLatErr: 9.4725, Steps: 200)
  [Worker 4] episode 35 finished. (AvgLatErr: 5.3278, Steps: 200)
  [Worker 4] episode 36 finished. (AvgLatErr: 36.0310, Steps: 200)
  [Worker 4] episode 37 finished. (AvgLatErr: 17.0367, Steps: 200)
  [Worker 4] episode 38 finished. (AvgLatErr: 6.7341, Steps: 200)
  [Worker 4] episode 39 finished. (AvgLatErr: 10.5472, Steps: 200)
[Worker 4].
Warning: num_agents (8) is greater than the number of available vehicle parameters (4). Cycling vehicle templates.
[Worker 5] TensorFlow device=GPU, mixed_precision=mixed_float16
[Worker 5] Random seed fixed: 600071
[Worker 5] started on GPU.
  [Worker 5] episode 30 finished. (AvgLatErr: 8.6110, Steps: 200)
  [Worker 5] episode 31 finished. (AvgLatErr: 5.5326, Steps: 200)
  [Worker 5] episode 32 finished. (AvgLatErr: 6.4907, Steps: 200)
  [Worker 5] episode 33 finished. (AvgLatErr: 9.8317, Steps: 200)
  [Worker 5] episode 34 finished. (AvgLatErr: 10.0036, Steps: 200)
  [Worker 5] episode 35 finished. (AvgLatErr: 6.2377, Steps: 200)
  [Worker 5] episode 36 finished. (AvgLatErr: 16.2625, Steps: 200)
  [Worker 5] episode 37 finished. (AvgLatErr: 5.4859, Steps: 200)
  [Worker 5] episode 38 finished. (AvgLatErr: 4.3966, Steps: 200)
  [Worker 5] episode 39 finished. (AvgLatErr: 21.4464, Steps: 200)
[Worker 5].
Warning: num_agents (8) is greater than the number of available vehicle parameters (4). Cycling vehicle templates.
[Worker 6] TensorFlow device=GPU, mixed_precision=mixed_float16
[Worker 6] Random seed fixed: 700071
[Worker 6] started on GPU.
  [Worker 6] episode 30 finished. (AvgLatErr: 7.7139, Steps: 200)
  [Worker 6] episode 31 finished. (AvgLatErr: 11.8273, Steps: 200)
  [Worker 6] episode 32 finished. (AvgLatErr: 6.8411, Steps: 200)
  [Worker 6] episode 33 finished. (AvgLatErr: 9.6311, Steps: 200)
  [Worker 6] episode 34 finished. (AvgLatErr: 15.2125, Steps: 200)
  [Worker 6] episode 35 finished. (AvgLatErr: 4.4437, Steps: 200)
  [Worker 6] episode 36 finished. (AvgLatErr: 9.2395, Steps: 200)
  [Worker 6] episode 37 finished. (AvgLatErr: 17.6540, Steps: 200)
  [Worker 6] episode 38 finished. (AvgLatErr: 5.6342, Steps: 200)
  [Worker 6] episode 39 finished. (AvgLatErr: 10.4966, Steps: 200)
[Worker 6].
Warning: num_agents (8) is greater than the number of available vehicle parameters (4). Cycling vehicle templates.
[Worker 7] TensorFlow device=GPU, mixed_precision=mixed_float16
[Worker 7] Random seed fixed: 800071
[Worker 7] started on GPU.
  [Worker 7] episode 30 finished. (AvgLatErr: 6.6364, Steps: 200)
  [Worker 7] episode 31 finished. (AvgLatErr: 13.4606, Steps: 200)
  [Worker 7] episode 32 finished. (AvgLatErr: 9.7466, Steps: 200)
  [Worker 7] episode 33 finished. (AvgLatErr: 47.0548, Steps: 200)
  [Worker 7] episode 34 finished. (AvgLatErr: 9.0396, Steps: 200)
  [Worker 7] episode 35 finished. (AvgLatErr: 14.3465, Steps: 200)
  [Worker 7] episode 36 finished. (AvgLatErr: 7.3451, Steps: 200)
  [Worker 7] episode 37 finished. (AvgLatErr: 17.0988, Steps: 200)
  [Worker 7] episode 38 finished. (AvgLatErr: 12.9759, Steps: 200)
  [Worker 7] episode 39 finished. (AvgLatErr: 13.3637, Steps: 200)
[Worker 7].
[Main] workers finished. (elapsed: 116.33s)
[Main] Aggregation-selected agents: [1, 2, 4, 5]
[Main] FedAdagrad update completed.
[Main] Replay buffers reset after global model update.
============================================================================================
39 EP / Agent 0 : Avg Lat Err 12.6586
39 EP / Agent 1 : Avg Lat Err 13.2313
39 EP / Agent 2 : Avg Lat Err 10.3941
39 EP / Agent 3 : Avg Lat Err 24.6675
39 EP / Agent 4 : Avg Lat Err 10.5472
39 EP / Agent 5 : Avg Lat Err 21.4464
39 EP / Agent 6 : Avg Lat Err 10.4966
39 EP / Agent 7 : Avg Lat Err 13.3637
============================================================================================

============================================================================================
[Main] FL round started. (episode 40 ~ 49)
[Main] Client selection: mode=random, budget=4
[Main] Participating agents: [0, 1, 2, 3, 4, 5, 6, 7]
Warning: num_agents (8) is greater than the number of available vehicle parameters (4). Cycling vehicle templates.
[Worker 0] TensorFlow device=GPU, mixed_precision=mixed_float16
[Worker 0] Random seed fixed: 100081
[Worker 0] started on GPU.
  [Worker 0] episode 40 finished. (AvgLatErr: 6.7046, Steps: 200)
  [Worker 0] episode 41 finished. (AvgLatErr: 6.4359, Steps: 200)
  [Worker 0] episode 42 finished. (AvgLatErr: 11.1417, Steps: 200)
  [Worker 0] episode 43 finished. (AvgLatErr: 44.4419, Steps: 200)
  [Worker 0] episode 44 finished. (AvgLatErr: 11.0459, Steps: 200)
  [Worker 0] episode 45 finished. (AvgLatErr: 13.2395, Steps: 200)
  [Worker 0] episode 46 finished. (AvgLatErr: 13.9665, Steps: 200)
  [Worker 0] episode 47 finished. (AvgLatErr: 7.2082, Steps: 166)
  [Worker 0] episode 48 finished. (AvgLatErr: 13.7205, Steps: 200)
  [Worker 0] episode 49 finished. (AvgLatErr: 45.5226, Steps: 200)
[Worker 0].
Warning: num_agents (8) is greater than the number of available vehicle parameters (4). Cycling vehicle templates.
[Worker 1] TensorFlow device=GPU, mixed_precision=mixed_float16
[Worker 1] Random seed fixed: 200081
[Worker 1] started on GPU.
  [Worker 1] episode 40 finished. (AvgLatErr: 9.5787, Steps: 200)
  [Worker 1] episode 41 finished. (AvgLatErr: 4.5249, Steps: 200)
  [Worker 1] episode 42 finished. (AvgLatErr: 4.3224, Steps: 200)
  [Worker 1] episode 43 finished. (AvgLatErr: 7.8447, Steps: 200)
  [Worker 1] episode 44 finished. (AvgLatErr: 11.8162, Steps: 200)
  [Worker 1] episode 45 finished. (AvgLatErr: 13.4165, Steps: 200)
  [Worker 1] episode 46 finished. (AvgLatErr: 9.6995, Steps: 200)
  [Worker 1] episode 47 finished. (AvgLatErr: 4.5671, Steps: 200)
  [Worker 1] episode 48 finished. (AvgLatErr: 3.4119, Steps: 200)
  [Worker 1] episode 49 finished. (AvgLatErr: 7.7068, Steps: 200)
[Worker 1].
Warning: num_agents (8) is greater than the number of available vehicle parameters (4). Cycling vehicle templates.
[Worker 2] TensorFlow device=GPU, mixed_precision=mixed_float16
[Worker 2] Random seed fixed: 300081
[Worker 2] started on GPU.
  [Worker 2] episode 40 finished. (AvgLatErr: 7.8538, Steps: 200)
  [Worker 2] episode 41 finished. (AvgLatErr: 19.0228, Steps: 200)
  [Worker 2] episode 42 finished. (AvgLatErr: 7.5291, Steps: 200)
  [Worker 2] episode 43 finished. (AvgLatErr: 10.7192, Steps: 200)
  [Worker 2] episode 44 finished. (AvgLatErr: 26.0291, Steps: 200)
  [Worker 2] episode 45 finished. (AvgLatErr: 22.0518, Steps: 200)
  [Worker 2] episode 46 finished. (AvgLatErr: 3.2938, Steps: 200)
  [Worker 2] episode 47 finished. (AvgLatErr: 18.2774, Steps: 200)
  [Worker 2] episode 48 finished. (AvgLatErr: 4.8609, Steps: 200)
  [Worker 2] episode 49 finished. (AvgLatErr: 7.2080, Steps: 200)
[Worker 2].
Warning: num_agents (8) is greater than the number of available vehicle parameters (4). Cycling vehicle templates.
[Worker 3] TensorFlow device=GPU, mixed_precision=mixed_float16
[Worker 3] Random seed fixed: 400081
[Worker 3] started on GPU.
  [Worker 3] episode 40 finished. (AvgLatErr: 12.2091, Steps: 200)
  [Worker 3] episode 41 finished. (AvgLatErr: 8.4489, Steps: 143)
  [Worker 3] episode 42 finished. (AvgLatErr: 7.9366, Steps: 200)
  [Worker 3] episode 43 finished. (AvgLatErr: 3.7798, Steps: 200)
  [Worker 3] episode 44 finished. (AvgLatErr: 4.6549, Steps: 200)
  [Worker 3] episode 45 finished. (AvgLatErr: 3.2968, Steps: 200)
  [Worker 3] episode 46 finished. (AvgLatErr: 5.4790, Steps: 156)
  [Worker 3] episode 47 finished. (AvgLatErr: 6.9086, Steps: 200)
  [Worker 3] episode 48 finished. (AvgLatErr: 3.7409, Steps: 200)
  [Worker 3] episode 49 finished. (AvgLatErr: 5.4543, Steps: 200)
[Worker 3].
Warning: num_agents (8) is greater than the number of available vehicle parameters (4). Cycling vehicle templates.
[Worker 4] TensorFlow device=GPU, mixed_precision=mixed_float16
[Worker 4] Random seed fixed: 500081
[Worker 4] started on GPU.
  [Worker 4] episode 40 finished. (AvgLatErr: 7.3218, Steps: 200)
  [Worker 4] episode 41 finished. (AvgLatErr: 5.5413, Steps: 200)
  [Worker 4] episode 42 finished. (AvgLatErr: 11.0322, Steps: 200)
  [Worker 4] episode 43 finished. (AvgLatErr: 8.7228, Steps: 200)
  [Worker 4] episode 44 finished. (AvgLatErr: 5.5121, Steps: 200)
  [Worker 4] episode 45 finished. (AvgLatErr: 9.9412, Steps: 200)
  [Worker 4] episode 46 finished. (AvgLatErr: 5.0047, Steps: 200)
  [Worker 4] episode 47 finished. (AvgLatErr: 3.3435, Steps: 200)
  [Worker 4] episode 48 finished. (AvgLatErr: 3.5331, Steps: 200)
  [Worker 4] episode 49 finished. (AvgLatErr: 3.1012, Steps: 200)
[Worker 4].
Warning: num_agents (8) is greater than the number of available vehicle parameters (4). Cycling vehicle templates.
[Worker 5] TensorFlow device=GPU, mixed_precision=mixed_float16
[Worker 5] Random seed fixed: 600081
[Worker 5] started on GPU.
  [Worker 5] episode 40 finished. (AvgLatErr: 4.0371, Steps: 200)
  [Worker 5] episode 41 finished. (AvgLatErr: 15.5716, Steps: 200)
  [Worker 5] episode 42 finished. (AvgLatErr: 11.1899, Steps: 200)
  [Worker 5] episode 43 finished. (AvgLatErr: 8.2707, Steps: 200)
  [Worker 5] episode 44 finished. (AvgLatErr: 17.0151, Steps: 200)
  [Worker 5] episode 45 finished. (AvgLatErr: 9.3963, Steps: 200)
  [Worker 5] episode 46 finished. (AvgLatErr: 12.9990, Steps: 200)
  [Worker 5] episode 47 finished. (AvgLatErr: 7.8007, Steps: 200)
  [Worker 5] episode 48 finished. (AvgLatErr: 8.6862, Steps: 200)
  [Worker 5] episode 49 finished. (AvgLatErr: 4.4189, Steps: 200)
[Worker 5].
Warning: num_agents (8) is greater than the number of available vehicle parameters (4). Cycling vehicle templates.
[Worker 6] TensorFlow device=GPU, mixed_precision=mixed_float16
[Worker 6] Random seed fixed: 700081
[Worker 6] started on GPU.
  [Worker 6] episode 40 finished. (AvgLatErr: 9.2868, Steps: 200)
  [Worker 6] episode 41 finished. (AvgLatErr: 14.5449, Steps: 200)
  [Worker 6] episode 42 finished. (AvgLatErr: 5.5969, Steps: 200)
  [Worker 6] episode 43 finished. (AvgLatErr: 8.4586, Steps: 200)
  [Worker 6] episode 44 finished. (AvgLatErr: 4.7651, Steps: 200)
  [Worker 6] episode 45 finished. (AvgLatErr: 2.6264, Steps: 200)
  [Worker 6] episode 46 finished. (AvgLatErr: 6.6611, Steps: 200)
  [Worker 6] episode 47 finished. (AvgLatErr: 3.7789, Steps: 200)
  [Worker 6] episode 48 finished. (AvgLatErr: 6.4171, Steps: 200)
  [Worker 6] episode 49 finished. (AvgLatErr: 3.9457, Steps: 200)
[Worker 6].
Warning: num_agents (8) is greater than the number of available vehicle parameters (4). Cycling vehicle templates.
[Worker 7] TensorFlow device=GPU, mixed_precision=mixed_float16
[Worker 7] Random seed fixed: 800081
[Worker 7] started on GPU.
  [Worker 7] episode 40 finished. (AvgLatErr: 17.7451, Steps: 200)
  [Worker 7] episode 41 finished. (AvgLatErr: 20.1500, Steps: 200)
  [Worker 7] episode 42 finished. (AvgLatErr: 20.3693, Steps: 200)
  [Worker 7] episode 43 finished. (AvgLatErr: 8.7281, Steps: 200)
  [Worker 7] episode 44 finished. (AvgLatErr: 5.8895, Steps: 200)
  [Worker 7] episode 45 finished. (AvgLatErr: 6.1495, Steps: 200)
  [Worker 7] episode 46 finished. (AvgLatErr: 4.7593, Steps: 200)
  [Worker 7] episode 47 finished. (AvgLatErr: 7.7121, Steps: 200)
  [Worker 7] episode 48 finished. (AvgLatErr: 5.8871, Steps: 200)
  [Worker 7] episode 49 finished. (AvgLatErr: 8.4101, Steps: 200)
[Worker 7].
[Main] workers finished. (elapsed: 119.08s)
[Main] Aggregation-selected agents: [0, 5, 6, 7]
[Main] FedAdagrad update completed.
[Main] Replay buffers reset after global model update.
============================================================================================
49 EP / Agent 0 : Avg Lat Err 45.5226
49 EP / Agent 1 : Avg Lat Err 7.7068
49 EP / Agent 2 : Avg Lat Err 7.2080
49 EP / Agent 3 : Avg Lat Err 5.4543
49 EP / Agent 4 : Avg Lat Err 3.1012
49 EP / Agent 5 : Avg Lat Err 4.4189
49 EP / Agent 6 : Avg Lat Err 3.9457
49 EP / Agent 7 : Avg Lat Err 8.4101
============================================================================================
[Main] Model checkpoint saved: C:\Users\syd79\FRL-Q\experiments\fast_parallel_fedadagrad_8random4_20260916_run1_random_4of8\checkpoints\global_model_episode_000050.weights.h5

============================================================================================
[Main] FL round started. (episode 50 ~ 59)
[Main] Client selection: mode=random, budget=4
[Main] Participating agents: [0, 1, 2, 3, 4, 5, 6, 7]
Warning: num_agents (8) is greater than the number of available vehicle parameters (4). Cycling vehicle templates.
[Worker 0] TensorFlow device=GPU, mixed_precision=mixed_float16
[Worker 0] Random seed fixed: 100091
[Worker 0] started on GPU.
  [Worker 0] episode 50 finished. (AvgLatErr: 4.8108, Steps: 200)
  [Worker 0] episode 51 finished. (AvgLatErr: 6.7464, Steps: 161)
  [Worker 0] episode 52 finished. (AvgLatErr: 6.3280, Steps: 200)
  [Worker 0] episode 53 finished. (AvgLatErr: 4.2007, Steps: 162)
  [Worker 0] episode 54 finished. (AvgLatErr: 4.7968, Steps: 200)
  [Worker 0] episode 55 finished. (AvgLatErr: 2.9094, Steps: 160)
  [Worker 0] episode 56 finished. (AvgLatErr: 6.9778, Steps: 200)
  [Worker 0] episode 57 finished. (AvgLatErr: 4.0687, Steps: 200)
  [Worker 0] episode 58 finished. (AvgLatErr: 3.9314, Steps: 200)
  [Worker 0] episode 59 finished. (AvgLatErr: 3.7982, Steps: 200)
[Worker 0].
Warning: num_agents (8) is greater than the number of available vehicle parameters (4). Cycling vehicle templates.
[Worker 1] TensorFlow device=GPU, mixed_precision=mixed_float16
[Worker 1] Random seed fixed: 200091
[Worker 1] started on GPU.
  [Worker 1] episode 50 finished. (AvgLatErr: 3.0889, Steps: 200)
  [Worker 1] episode 51 finished. (AvgLatErr: 3.5263, Steps: 200)
  [Worker 1] episode 52 finished. (AvgLatErr: 3.9782, Steps: 200)
  [Worker 1] episode 53 finished. (AvgLatErr: 5.9410, Steps: 200)
  [Worker 1] episode 54 finished. (AvgLatErr: 2.8067, Steps: 200)
  [Worker 1] episode 55 finished. (AvgLatErr: 6.1500, Steps: 200)
  [Worker 1] episode 56 finished. (AvgLatErr: 2.0967, Steps: 200)
  [Worker 1] episode 57 finished. (AvgLatErr: 2.9092, Steps: 200)
  [Worker 1] episode 58 finished. (AvgLatErr: 7.4623, Steps: 200)
  [Worker 1] episode 59 finished. (AvgLatErr: 5.0569, Steps: 200)
[Worker 1].
Warning: num_agents (8) is greater than the number of available vehicle parameters (4). Cycling vehicle templates.
[Worker 3] TensorFlow device=GPU, mixed_precision=mixed_float16
[Worker 3] Random seed fixed: 400091
[Worker 3] started on GPU.
  [Worker 3] episode 50 finished. (AvgLatErr: 3.9389, Steps: 200)
  [Worker 3] episode 51 finished. (AvgLatErr: 8.7801, Steps: 200)
  [Worker 3] episode 52 finished. (AvgLatErr: 8.2518, Steps: 200)
  [Worker 3] episode 53 finished. (AvgLatErr: 3.2802, Steps: 200)
  [Worker 3] episode 54 finished. (AvgLatErr: 8.1828, Steps: 152)
  [Worker 3] episode 55 finished. (AvgLatErr: 5.2243, Steps: 200)
  [Worker 3] episode 56 finished. (AvgLatErr: 6.6805, Steps: 200)
  [Worker 3] episode 57 finished. (AvgLatErr: 6.3820, Steps: 200)
  [Worker 3] episode 58 finished. (AvgLatErr: 4.7937, Steps: 200)
  [Worker 3] episode 59 finished. (AvgLatErr: 5.5528, Steps: 200)
[Worker 3].
Warning: num_agents (8) is greater than the number of available vehicle parameters (4). Cycling vehicle templates.
[Worker 2] TensorFlow device=GPU, mixed_precision=mixed_float16
[Worker 2] Random seed fixed: 300091
[Worker 2] started on GPU.
  [Worker 2] episode 50 finished. (AvgLatErr: 4.2161, Steps: 200)
  [Worker 2] episode 51 finished. (AvgLatErr: 2.8418, Steps: 200)
  [Worker 2] episode 52 finished. (AvgLatErr: 4.6886, Steps: 200)
  [Worker 2] episode 53 finished. (AvgLatErr: 5.1250, Steps: 200)
  [Worker 2] episode 54 finished. (AvgLatErr: 6.6158, Steps: 200)
  [Worker 2] episode 55 finished. (AvgLatErr: 6.7586, Steps: 200)
  [Worker 2] episode 56 finished. (AvgLatErr: 8.6582, Steps: 200)
  [Worker 2] episode 57 finished. (AvgLatErr: 5.1255, Steps: 200)
  [Worker 2] episode 58 finished. (AvgLatErr: 3.5188, Steps: 200)
  [Worker 2] episode 59 finished. (AvgLatErr: 6.3466, Steps: 200)
[Worker 2].
Warning: num_agents (8) is greater than the number of available vehicle parameters (4). Cycling vehicle templates.
[Worker 4] TensorFlow device=GPU, mixed_precision=mixed_float16
[Worker 4] Random seed fixed: 500091
[Worker 4] started on GPU.
  [Worker 4] episode 50 finished. (AvgLatErr: 4.1639, Steps: 200)
  [Worker 4] episode 51 finished. (AvgLatErr: 7.1304, Steps: 200)
  [Worker 4] episode 52 finished. (AvgLatErr: 6.6999, Steps: 200)
  [Worker 4] episode 53 finished. (AvgLatErr: 6.0211, Steps: 200)
  [Worker 4] episode 54 finished. (AvgLatErr: 3.0734, Steps: 200)
  [Worker 4] episode 55 finished. (AvgLatErr: 3.4884, Steps: 200)
  [Worker 4] episode 56 finished. (AvgLatErr: 3.7463, Steps: 200)
  [Worker 4] episode 57 finished. (AvgLatErr: 6.4369, Steps: 200)
  [Worker 4] episode 58 finished. (AvgLatErr: 5.8150, Steps: 200)
  [Worker 4] episode 59 finished. (AvgLatErr: 4.7033, Steps: 200)
[Worker 4].
Warning: num_agents (8) is greater than the number of available vehicle parameters (4). Cycling vehicle templates.
[Worker 5] TensorFlow device=GPU, mixed_precision=mixed_float16
[Worker 5] Random seed fixed: 600091
[Worker 5] started on GPU.
  [Worker 5] episode 50 finished. (AvgLatErr: 3.6406, Steps: 200)
  [Worker 5] episode 51 finished. (AvgLatErr: 14.0354, Steps: 200)
  [Worker 5] episode 52 finished. (AvgLatErr: 4.2492, Steps: 200)
  [Worker 5] episode 53 finished. (AvgLatErr: 7.9152, Steps: 200)
  [Worker 5] episode 54 finished. (AvgLatErr: 2.5859, Steps: 200)
  [Worker 5] episode 55 finished. (AvgLatErr: 3.7119, Steps: 200)
  [Worker 5] episode 56 finished. (AvgLatErr: 17.4644, Steps: 200)
  [Worker 5] episode 57 finished. (AvgLatErr: 11.0189, Steps: 200)
  [Worker 5] episode 58 finished. (AvgLatErr: 10.2339, Steps: 200)
  [Worker 5] episode 59 finished. (AvgLatErr: 3.7121, Steps: 200)
[Worker 5].
Warning: num_agents (8) is greater than the number of available vehicle parameters (4). Cycling vehicle templates.
[Worker 6] TensorFlow device=GPU, mixed_precision=mixed_float16
[Worker 6] Random seed fixed: 700091
[Worker 6] started on GPU.
  [Worker 6] episode 50 finished. (AvgLatErr: 2.9393, Steps: 200)
  [Worker 6] episode 51 finished. (AvgLatErr: 3.2239, Steps: 200)
  [Worker 6] episode 52 finished. (AvgLatErr: 4.5053, Steps: 200)
  [Worker 6] episode 53 finished. (AvgLatErr: 6.6926, Steps: 200)
  [Worker 6] episode 54 finished. (AvgLatErr: 4.6720, Steps: 200)
  [Worker 6] episode 55 finished. (AvgLatErr: 4.6735, Steps: 200)
  [Worker 6] episode 56 finished. (AvgLatErr: 4.7080, Steps: 200)
  [Worker 6] episode 57 finished. (AvgLatErr: 1.5686, Steps: 200)
  [Worker 6] episode 58 finished. (AvgLatErr: 2.9375, Steps: 200)
  [Worker 6] episode 59 finished. (AvgLatErr: 3.5368, Steps: 200)
[Worker 6].
Warning: num_agents (8) is greater than the number of available vehicle parameters (4). Cycling vehicle templates.
[Worker 7] TensorFlow device=GPU, mixed_precision=mixed_float16
[Worker 7] Random seed fixed: 800091
[Worker 7] started on GPU.
  [Worker 7] episode 50 finished. (AvgLatErr: 3.0116, Steps: 200)
  [Worker 7] episode 51 finished. (AvgLatErr: 2.7108, Steps: 200)
  [Worker 7] episode 52 finished. (AvgLatErr: 3.6579, Steps: 200)
  [Worker 7] episode 53 finished. (AvgLatErr: 8.1125, Steps: 200)
  [Worker 7] episode 54 finished. (AvgLatErr: 3.7533, Steps: 200)
  [Worker 7] episode 55 finished. (AvgLatErr: 8.4054, Steps: 200)
  [Worker 7] episode 56 finished. (AvgLatErr: 5.0846, Steps: 200)
  [Worker 7] episode 57 finished. (AvgLatErr: 5.9570, Steps: 200)
  [Worker 7] episode 58 finished. (AvgLatErr: 8.8702, Steps: 200)
  [Worker 7] episode 59 finished. (AvgLatErr: 3.8817, Steps: 200)
[Worker 7].
[Main] workers finished. (elapsed: 125.52s)
[Main] Aggregation-selected agents: [0, 4, 5, 7]
[Main] FedAdagrad update completed.
[Main] Replay buffers reset after global model update.
============================================================================================
59 EP / Agent 0 : Avg Lat Err 3.7982
59 EP / Agent 1 : Avg Lat Err 5.0569
59 EP / Agent 2 : Avg Lat Err 6.3466
59 EP / Agent 3 : Avg Lat Err 5.5528
59 EP / Agent 4 : Avg Lat Err 4.7033
59 EP / Agent 5 : Avg Lat Err 3.7121
59 EP / Agent 6 : Avg Lat Err 3.5368
59 EP / Agent 7 : Avg Lat Err 3.8817
============================================================================================

============================================================================================
[Main] FL round started. (episode 60 ~ 69)
[Main] Client selection: mode=random, budget=4
[Main] Participating agents: [0, 1, 2, 3, 4, 5, 6, 7]
Warning: num_agents (8) is greater than the number of available vehicle parameters (4). Cycling vehicle templates.
[Worker 0] TensorFlow device=GPU, mixed_precision=mixed_float16
[Worker 0] Random seed fixed: 100101
[Worker 0] started on GPU.
  [Worker 0] episode 60 finished. (AvgLatErr: 3.3184, Steps: 159)
  [Worker 0] episode 61 finished. (AvgLatErr: 6.6629, Steps: 158)
  [Worker 0] episode 62 finished. (AvgLatErr: 3.6214, Steps: 96)
  [Worker 0] episode 63 finished. (AvgLatErr: 3.3637, Steps: 200)
  [Worker 0] episode 64 finished. (AvgLatErr: 5.0061, Steps: 151)
  [Worker 0] episode 65 finished. (AvgLatErr: 3.0770, Steps: 141)
  [Worker 0] episode 66 finished. (AvgLatErr: 6.2549, Steps: 200)
  [Worker 0] episode 67 finished. (AvgLatErr: 10.7113, Steps: 200)
  [Worker 0] episode 68 finished. (AvgLatErr: 3.0326, Steps: 142)
  [Worker 0] episode 69 finished. (AvgLatErr: 3.6958, Steps: 200)
[Worker 0].
Warning: num_agents (8) is greater than the number of available vehicle parameters (4). Cycling vehicle templates.
[Worker 1] TensorFlow device=GPU, mixed_precision=mixed_float16
[Worker 1] Random seed fixed: 200101
[Worker 1] started on GPU.
  [Worker 1] episode 60 finished. (AvgLatErr: 2.4248, Steps: 182)
  [Worker 1] episode 61 finished. (AvgLatErr: 1.7675, Steps: 173)
  [Worker 1] episode 62 finished. (AvgLatErr: 1.0439, Steps: 137)
  [Worker 1] episode 63 finished. (AvgLatErr: 1.8940, Steps: 145)
  [Worker 1] episode 64 finished. (AvgLatErr: 0.9469, Steps: 132)
  [Worker 1] episode 65 finished. (AvgLatErr: 0.9573, Steps: 144)
  [Worker 1] episode 66 finished. (AvgLatErr: 3.4721, Steps: 200)
  [Worker 1] episode 67 finished. (AvgLatErr: 1.6424, Steps: 169)
  [Worker 1] episode 68 finished. (AvgLatErr: 0.9141, Steps: 140)
  [Worker 1] episode 69 finished. (AvgLatErr: 0.6937, Steps: 134)
[Worker 1].
Warning: num_agents (8) is greater than the number of available vehicle parameters (4). Cycling vehicle templates.
[Worker 2] TensorFlow device=GPU, mixed_precision=mixed_float16
[Worker 2] Random seed fixed: 300101
[Worker 2] started on GPU.
  [Worker 2] episode 60 finished. (AvgLatErr: 2.8010, Steps: 188)
  [Worker 2] episode 61 finished. (AvgLatErr: 2.3157, Steps: 151)
  [Worker 2] episode 62 finished. (AvgLatErr: 2.8536, Steps: 200)
  [Worker 2] episode 63 finished. (AvgLatErr: 9.1961, Steps: 200)
  [Worker 2] episode 64 finished. (AvgLatErr: 3.0117, Steps: 200)
  [Worker 2] episode 65 finished. (AvgLatErr: 7.5060, Steps: 200)
  [Worker 2] episode 66 finished. (AvgLatErr: 4.9868, Steps: 183)
  [Worker 2] episode 67 finished. (AvgLatErr: 3.6007, Steps: 154)
  [Worker 2] episode 68 finished. (AvgLatErr: 7.8539, Steps: 200)
  [Worker 2] episode 69 finished. (AvgLatErr: 3.7873, Steps: 200)
[Worker 2].
Warning: num_agents (8) is greater than the number of available vehicle parameters (4). Cycling vehicle templates.
[Worker 3] TensorFlow device=GPU, mixed_precision=mixed_float16
[Worker 3] Random seed fixed: 400101
[Worker 3] started on GPU.
  [Worker 3] episode 60 finished. (AvgLatErr: 3.1166, Steps: 200)
  [Worker 3] episode 61 finished. (AvgLatErr: 2.9583, Steps: 200)
  [Worker 3] episode 62 finished. (AvgLatErr: 6.6001, Steps: 200)
  [Worker 3] episode 63 finished. (AvgLatErr: 6.4766, Steps: 200)
  [Worker 3] episode 64 finished. (AvgLatErr: 7.4175, Steps: 200)
  [Worker 3] episode 65 finished. (AvgLatErr: 4.2029, Steps: 200)
  [Worker 3] episode 66 finished. (AvgLatErr: 4.8517, Steps: 200)
  [Worker 3] episode 67 finished. (AvgLatErr: 7.9928, Steps: 200)
  [Worker 3] episode 68 finished. (AvgLatErr: 7.2782, Steps: 200)
  [Worker 3] episode 69 finished. (AvgLatErr: 4.6249, Steps: 200)
[Worker 3].
Warning: num_agents (8) is greater than the number of available vehicle parameters (4). Cycling vehicle templates.
[Worker 4] TensorFlow device=GPU, mixed_precision=mixed_float16
[Worker 4] Random seed fixed: 500101
[Worker 4] started on GPU.
  [Worker 4] episode 60 finished. (AvgLatErr: 3.1346, Steps: 200)
  [Worker 4] episode 61 finished. (AvgLatErr: 2.8717, Steps: 200)
  [Worker 4] episode 62 finished. (AvgLatErr: 2.9616, Steps: 200)
  [Worker 4] episode 63 finished. (AvgLatErr: 2.4220, Steps: 196)
  [Worker 4] episode 64 finished. (AvgLatErr: 9.4236, Steps: 200)
  [Worker 4] episode 65 finished. (AvgLatErr: 7.5663, Steps: 200)
  [Worker 4] episode 66 finished. (AvgLatErr: 2.2146, Steps: 200)
  [Worker 4] episode 67 finished. (AvgLatErr: 3.7762, Steps: 200)
  [Worker 4] episode 68 finished. (AvgLatErr: 2.5241, Steps: 179)
  [Worker 4] episode 69 finished. (AvgLatErr: 1.8574, Steps: 200)
[Worker 4].
Warning: num_agents (8) is greater than the number of available vehicle parameters (4). Cycling vehicle templates.
[Worker 5] TensorFlow device=GPU, mixed_precision=mixed_float16
[Worker 5] Random seed fixed: 600101
[Worker 5] started on GPU.
  [Worker 5] episode 60 finished. (AvgLatErr: 1.1791, Steps: 200)
  [Worker 5] episode 61 finished. (AvgLatErr: 1.9563, Steps: 200)
  [Worker 5] episode 62 finished. (AvgLatErr: 3.7050, Steps: 200)
  [Worker 5] episode 63 finished. (AvgLatErr: 1.3931, Steps: 200)
  [Worker 5] episode 64 finished. (AvgLatErr: 2.5682, Steps: 200)
  [Worker 5] episode 65 finished. (AvgLatErr: 1.7463, Steps: 200)
  [Worker 5] episode 66 finished. (AvgLatErr: 1.2731, Steps: 187)
  [Worker 5] episode 67 finished. (AvgLatErr: 1.2315, Steps: 184)
  [Worker 5] episode 68 finished. (AvgLatErr: 3.0154, Steps: 200)
  [Worker 5] episode 69 finished. (AvgLatErr: 1.5140, Steps: 200)
[Worker 5].
Warning: num_agents (8) is greater than the number of available vehicle parameters (4). Cycling vehicle templates.
[Worker 6] TensorFlow device=GPU, mixed_precision=mixed_float16
[Worker 6] Random seed fixed: 700101
[Worker 6] started on GPU.
  [Worker 6] episode 60 finished. (AvgLatErr: 1.9412, Steps: 200)
  [Worker 6] episode 61 finished. (AvgLatErr: 3.2875, Steps: 200)
  [Worker 6] episode 62 finished. (AvgLatErr: 2.5962, Steps: 200)
  [Worker 6] episode 63 finished. (AvgLatErr: 3.3101, Steps: 200)
  [Worker 6] episode 64 finished. (AvgLatErr: 6.7749, Steps: 200)
  [Worker 6] episode 65 finished. (AvgLatErr: 2.1875, Steps: 200)
  [Worker 6] episode 66 finished. (AvgLatErr: 2.3759, Steps: 200)
  [Worker 6] episode 67 finished. (AvgLatErr: 2.1133, Steps: 200)
  [Worker 6] episode 68 finished. (AvgLatErr: 5.1239, Steps: 200)
  [Worker 6] episode 69 finished. (AvgLatErr: 2.9446, Steps: 200)
[Worker 6].
Warning: num_agents (8) is greater than the number of available vehicle parameters (4). Cycling vehicle templates.
[Worker 7] TensorFlow device=GPU, mixed_precision=mixed_float16
[Worker 7] Random seed fixed: 800101
[Worker 7] started on GPU.
  [Worker 7] episode 60 finished. (AvgLatErr: 1.8441, Steps: 173)
  [Worker 7] episode 61 finished. (AvgLatErr: 3.8232, Steps: 200)
  [Worker 7] episode 62 finished. (AvgLatErr: 1.5813, Steps: 200)
  [Worker 7] episode 63 finished. (AvgLatErr: 4.2421, Steps: 200)
  [Worker 7] episode 64 finished. (AvgLatErr: 0.7827, Steps: 176)
  [Worker 7] episode 65 finished. (AvgLatErr: 5.2887, Steps: 200)
  [Worker 7] episode 66 finished. (AvgLatErr: 0.9583, Steps: 163)
  [Worker 7] episode 67 finished. (AvgLatErr: 1.7368, Steps: 174)
  [Worker 7] episode 68 finished. (AvgLatErr: 6.7909, Steps: 200)
  [Worker 7] episode 69 finished. (AvgLatErr: 1.2562, Steps: 171)
[Worker 7].
[Main] workers finished. (elapsed: 126.10s)
[Main] Aggregation-selected agents: [0, 2, 6, 7]
[Main] FedAdagrad update completed.
[Main] Replay buffers reset after global model update.
============================================================================================
69 EP / Agent 0 : Avg Lat Err 3.6958
69 EP / Agent 1 : Avg Lat Err 0.6937
69 EP / Agent 2 : Avg Lat Err 3.7873
69 EP / Agent 3 : Avg Lat Err 4.6249
69 EP / Agent 4 : Avg Lat Err 1.8574
69 EP / Agent 5 : Avg Lat Err 1.5140
69 EP / Agent 6 : Avg Lat Err 2.9446
69 EP / Agent 7 : Avg Lat Err 1.2562
============================================================================================

============================================================================================
[Main] FL round started. (episode 70 ~ 79)
[Main] Client selection: mode=random, budget=4
[Main] Participating agents: [0, 1, 2, 3, 4, 5, 6, 7]
Warning: num_agents (8) is greater than the number of available vehicle parameters (4). Cycling vehicle templates.
[Worker 1] TensorFlow device=GPU, mixed_precision=mixed_float16
[Worker 1] Random seed fixed: 200111
[Worker 1] started on GPU.
  [Worker 1] episode 70 finished. (AvgLatErr: 1.7292, Steps: 169)
  [Worker 1] episode 71 finished. (AvgLatErr: 0.4631, Steps: 179)
  [Worker 1] episode 72 finished. (AvgLatErr: 0.7318, Steps: 153)
  [Worker 1] episode 73 finished. (AvgLatErr: 1.4193, Steps: 184)
  [Worker 1] episode 74 finished. (AvgLatErr: 0.8522, Steps: 135)
  [Worker 1] episode 75 finished. (AvgLatErr: 0.7941, Steps: 122)
  [Worker 1] episode 76 finished. (AvgLatErr: 1.0176, Steps: 142)
  [Worker 1] episode 77 finished. (AvgLatErr: 1.8104, Steps: 199)
  [Worker 1] episode 78 finished. (AvgLatErr: 3.2172, Steps: 185)
  [Worker 1] episode 79 finished. (AvgLatErr: 2.1239, Steps: 140)
[Worker 1].
Warning: num_agents (8) is greater than the number of available vehicle parameters (4). Cycling vehicle templates.
[Worker 0] TensorFlow device=GPU, mixed_precision=mixed_float16
[Worker 0] Random seed fixed: 100111
[Worker 0] started on GPU.
  [Worker 0] episode 70 finished. (AvgLatErr: 2.6206, Steps: 200)
  [Worker 0] episode 71 finished. (AvgLatErr: 5.8110, Steps: 200)
  [Worker 0] episode 72 finished. (AvgLatErr: 4.3155, Steps: 200)
  [Worker 0] episode 73 finished. (AvgLatErr: 4.2002, Steps: 200)
  [Worker 0] episode 74 finished. (AvgLatErr: 6.5741, Steps: 200)
  [Worker 0] episode 75 finished. (AvgLatErr: 10.1888, Steps: 192)
  [Worker 0] episode 76 finished. (AvgLatErr: 8.2014, Steps: 110)
  [Worker 0] episode 77 finished. (AvgLatErr: 5.5469, Steps: 200)
  [Worker 0] episode 78 finished. (AvgLatErr: 4.2795, Steps: 200)
  [Worker 0] episode 79 finished. (AvgLatErr: 3.8810, Steps: 200)
[Worker 0].
Warning: num_agents (8) is greater than the number of available vehicle parameters (4). Cycling vehicle templates.
[Worker 2] TensorFlow device=GPU, mixed_precision=mixed_float16
[Worker 2] Random seed fixed: 300111
[Worker 2] started on GPU.
  [Worker 2] episode 70 finished. (AvgLatErr: 4.7005, Steps: 200)
  [Worker 2] episode 71 finished. (AvgLatErr: 3.6492, Steps: 200)
  [Worker 2] episode 72 finished. (AvgLatErr: 2.1293, Steps: 190)
  [Worker 2] episode 73 finished. (AvgLatErr: 2.3773, Steps: 200)
  [Worker 2] episode 74 finished. (AvgLatErr: 2.2967, Steps: 200)
  [Worker 2] episode 75 finished. (AvgLatErr: 1.8792, Steps: 188)
  [Worker 2] episode 76 finished. (AvgLatErr: 1.2094, Steps: 171)
  [Worker 2] episode 77 finished. (AvgLatErr: 4.2022, Steps: 200)
  [Worker 2] episode 78 finished. (AvgLatErr: 1.1833, Steps: 152)
  [Worker 2] episode 79 finished. (AvgLatErr: 1.4001, Steps: 156)
[Worker 2].
Warning: num_agents (8) is greater than the number of available vehicle parameters (4). Cycling vehicle templates.
[Worker 3] TensorFlow device=GPU, mixed_precision=mixed_float16
[Worker 3] Random seed fixed: 400111
[Worker 3] started on GPU.
  [Worker 3] episode 70 finished. (AvgLatErr: 3.2618, Steps: 200)
  [Worker 3] episode 71 finished. (AvgLatErr: 1.9873, Steps: 200)
  [Worker 3] episode 72 finished. (AvgLatErr: 5.1916, Steps: 200)
  [Worker 3] episode 73 finished. (AvgLatErr: 3.0592, Steps: 200)
  [Worker 3] episode 74 finished. (AvgLatErr: 1.9515, Steps: 200)
  [Worker 3] episode 75 finished. (AvgLatErr: 3.1875, Steps: 200)
  [Worker 3] episode 76 finished. (AvgLatErr: 3.2182, Steps: 200)
  [Worker 3] episode 77 finished. (AvgLatErr: 2.7110, Steps: 200)
  [Worker 3] episode 78 finished. (AvgLatErr: 5.0358, Steps: 200)
  [Worker 3] episode 79 finished. (AvgLatErr: 2.3671, Steps: 200)
[Worker 3].
Warning: num_agents (8) is greater than the number of available vehicle parameters (4). Cycling vehicle templates.
[Worker 5] TensorFlow device=GPU, mixed_precision=mixed_float16
[Worker 5] Random seed fixed: 600111
[Worker 5] started on GPU.
  [Worker 5] episode 70 finished. (AvgLatErr: 0.8329, Steps: 200)
  [Worker 5] episode 71 finished. (AvgLatErr: 0.7969, Steps: 200)
  [Worker 5] episode 72 finished. (AvgLatErr: 2.1194, Steps: 200)
  [Worker 5] episode 73 finished. (AvgLatErr: 0.6044, Steps: 146)
  [Worker 5] episode 74 finished. (AvgLatErr: 0.6966, Steps: 153)
  [Worker 5] episode 75 finished. (AvgLatErr: 0.8102, Steps: 171)
  [Worker 5] episode 76 finished. (AvgLatErr: 0.6656, Steps: 171)
  [Worker 5] episode 77 finished. (AvgLatErr: 1.5136, Steps: 195)
  [Worker 5] episode 78 finished. (AvgLatErr: 0.7622, Steps: 176)
  [Worker 5] episode 79 finished. (AvgLatErr: 0.7238, Steps: 153)
[Worker 5].
Warning: num_agents (8) is greater than the number of available vehicle parameters (4). Cycling vehicle templates.
[Worker 7] TensorFlow device=GPU, mixed_precision=mixed_float16
[Worker 7] Random seed fixed: 800111
[Worker 7] started on GPU.
  [Worker 7] episode 70 finished. (AvgLatErr: 1.4558, Steps: 200)
  [Worker 7] episode 71 finished. (AvgLatErr: 0.7806, Steps: 163)
  [Worker 7] episode 72 finished. (AvgLatErr: 2.9299, Steps: 192)
  [Worker 7] episode 73 finished. (AvgLatErr: 2.8126, Steps: 133)
  [Worker 7] episode 74 finished. (AvgLatErr: 3.1868, Steps: 196)
  [Worker 7] episode 75 finished. (AvgLatErr: 0.9297, Steps: 124)
  [Worker 7] episode 76 finished. (AvgLatErr: 1.5864, Steps: 139)
  [Worker 7] episode 77 finished. (AvgLatErr: 0.7658, Steps: 163)
  [Worker 7] episode 78 finished. (AvgLatErr: 0.5536, Steps: 128)
  [Worker 7] episode 79 finished. (AvgLatErr: 0.6778, Steps: 148)
[Worker 7].
Warning: num_agents (8) is greater than the number of available vehicle parameters (4). Cycling vehicle templates.
[Worker 4] TensorFlow device=GPU, mixed_precision=mixed_float16
[Worker 4] Random seed fixed: 500111
[Worker 4] started on GPU.
  [Worker 4] episode 70 finished. (AvgLatErr: 6.2402, Steps: 200)
  [Worker 4] episode 71 finished. (AvgLatErr: 1.8025, Steps: 200)
  [Worker 4] episode 72 finished. (AvgLatErr: 1.7663, Steps: 200)
  [Worker 4] episode 73 finished. (AvgLatErr: 3.2862, Steps: 200)
  [Worker 4] episode 74 finished. (AvgLatErr: 2.3245, Steps: 200)
  [Worker 4] episode 75 finished. (AvgLatErr: 2.1639, Steps: 200)
  [Worker 4] episode 76 finished. (AvgLatErr: 2.3051, Steps: 200)
  [Worker 4] episode 77 finished. (AvgLatErr: 3.4729, Steps: 200)
  [Worker 4] episode 78 finished. (AvgLatErr: 2.7709, Steps: 200)
  [Worker 4] episode 79 finished. (AvgLatErr: 2.9556, Steps: 200)
[Worker 4].
Warning: num_agents (8) is greater than the number of available vehicle parameters (4). Cycling vehicle templates.
[Worker 6] TensorFlow device=GPU, mixed_precision=mixed_float16
[Worker 6] Random seed fixed: 700111
[Worker 6] started on GPU.
  [Worker 6] episode 70 finished. (AvgLatErr: 3.8782, Steps: 200)
  [Worker 6] episode 71 finished. (AvgLatErr: 2.2295, Steps: 200)
  [Worker 6] episode 72 finished. (AvgLatErr: 3.7544, Steps: 200)
  [Worker 6] episode 73 finished. (AvgLatErr: 2.0937, Steps: 200)
  [Worker 6] episode 74 finished. (AvgLatErr: 1.8964, Steps: 200)
  [Worker 6] episode 75 finished. (AvgLatErr: 1.4267, Steps: 200)
  [Worker 6] episode 76 finished. (AvgLatErr: 1.3994, Steps: 200)
  [Worker 6] episode 77 finished. (AvgLatErr: 1.2289, Steps: 200)
  [Worker 6] episode 78 finished. (AvgLatErr: 4.2636, Steps: 200)
  [Worker 6] episode 79 finished. (AvgLatErr: 0.9138, Steps: 200)
[Worker 6].
[Main] workers finished. (elapsed: 121.48s)
[Main] Aggregation-selected agents: [1, 4, 6, 7]
[Main] FedAdagrad update completed.
[Main] Replay buffers reset after global model update.
============================================================================================
79 EP / Agent 0 : Avg Lat Err 3.8810
79 EP / Agent 1 : Avg Lat Err 2.1239
79 EP / Agent 2 : Avg Lat Err 1.4001
79 EP / Agent 3 : Avg Lat Err 2.3671
79 EP / Agent 4 : Avg Lat Err 2.9556
79 EP / Agent 5 : Avg Lat Err 0.7238
79 EP / Agent 6 : Avg Lat Err 0.9138
79 EP / Agent 7 : Avg Lat Err 0.6778
============================================================================================

============================================================================================
[Main] FL round started. (episode 80 ~ 89)
[Main] Client selection: mode=random, budget=4
[Main] Participating agents: [0, 1, 2, 3, 4, 5, 6, 7]
Warning: num_agents (8) is greater than the number of available vehicle parameters (4). Cycling vehicle templates.
[Worker 0] TensorFlow device=GPU, mixed_precision=mixed_float16
[Worker 0] Random seed fixed: 100121
[Worker 0] started on GPU.
  [Worker 0] episode 80 finished. (AvgLatErr: 1.8599, Steps: 147)
  [Worker 0] episode 81 finished. (AvgLatErr: 1.9070, Steps: 175)
  [Worker 0] episode 82 finished. (AvgLatErr: 2.4621, Steps: 163)
  [Worker 0] episode 83 finished. (AvgLatErr: 1.9788, Steps: 135)
  [Worker 0] episode 84 finished. (AvgLatErr: 3.4544, Steps: 151)
  [Worker 0] episode 85 finished. (AvgLatErr: 1.9993, Steps: 159)
  [Worker 0] episode 86 finished. (AvgLatErr: 1.8356, Steps: 136)
  [Worker 0] episode 87 finished. (AvgLatErr: 1.6257, Steps: 128)
  [Worker 0] episode 88 finished. (AvgLatErr: 2.2166, Steps: 159)
  [Worker 0] episode 89 finished. (AvgLatErr: 1.8449, Steps: 142)
[Worker 0].
Warning: num_agents (8) is greater than the number of available vehicle parameters (4). Cycling vehicle templates.
[Worker 1] TensorFlow device=GPU, mixed_precision=mixed_float16
[Worker 1] Random seed fixed: 200121
[Worker 1] started on GPU.
  [Worker 1] episode 80 finished. (AvgLatErr: 0.8004, Steps: 131)
  [Worker 1] episode 81 finished. (AvgLatErr: 0.6638, Steps: 130)
  [Worker 1] episode 82 finished. (AvgLatErr: 2.0180, Steps: 159)
  [Worker 1] episode 83 finished. (AvgLatErr: 1.1633, Steps: 142)
  [Worker 1] episode 84 finished. (AvgLatErr: 0.4775, Steps: 106)
  [Worker 1] episode 85 finished. (AvgLatErr: 1.1927, Steps: 108)
  [Worker 1] episode 86 finished. (AvgLatErr: 1.2669, Steps: 135)
  [Worker 1] episode 87 finished. (AvgLatErr: 1.9291, Steps: 155)
  [Worker 1] episode 88 finished. (AvgLatErr: 0.5196, Steps: 107)
  [Worker 1] episode 89 finished. (AvgLatErr: 8.0162, Steps: 200)
[Worker 1].
Warning: num_agents (8) is greater than the number of available vehicle parameters (4). Cycling vehicle templates.
[Worker 2] TensorFlow device=GPU, mixed_precision=mixed_float16
[Worker 2] Random seed fixed: 300121
[Worker 2] started on GPU.
  [Worker 2] episode 80 finished. (AvgLatErr: 1.0222, Steps: 153)
  [Worker 2] episode 81 finished. (AvgLatErr: 0.6191, Steps: 161)
  [Worker 2] episode 82 finished. (AvgLatErr: 1.0069, Steps: 160)
  [Worker 2] episode 83 finished. (AvgLatErr: 0.8143, Steps: 146)
  [Worker 2] episode 84 finished. (AvgLatErr: 3.5090, Steps: 184)
  [Worker 2] episode 85 finished. (AvgLatErr: 1.0122, Steps: 135)
  [Worker 2] episode 86 finished. (AvgLatErr: 1.7782, Steps: 177)
  [Worker 2] episode 87 finished. (AvgLatErr: 1.4157, Steps: 171)
  [Worker 2] episode 88 finished. (AvgLatErr: 1.0033, Steps: 165)
  [Worker 2] episode 89 finished. (AvgLatErr: 0.9817, Steps: 135)
[Worker 2].
Warning: num_agents (8) is greater than the number of available vehicle parameters (4). Cycling vehicle templates.
[Worker 3] TensorFlow device=GPU, mixed_precision=mixed_float16
[Worker 3] Random seed fixed: 400121
[Worker 3] started on GPU.
  [Worker 3] episode 80 finished. (AvgLatErr: 1.0422, Steps: 185)
  [Worker 3] episode 81 finished. (AvgLatErr: 1.5294, Steps: 197)
  [Worker 3] episode 82 finished. (AvgLatErr: 1.1314, Steps: 184)
  [Worker 3] episode 83 finished. (AvgLatErr: 1.4168, Steps: 197)
  [Worker 3] episode 84 finished. (AvgLatErr: 1.3896, Steps: 197)
  [Worker 3] episode 85 finished. (AvgLatErr: 1.2379, Steps: 179)
  [Worker 3] episode 86 finished. (AvgLatErr: 1.1043, Steps: 187)
  [Worker 3] episode 87 finished. (AvgLatErr: 0.9990, Steps: 192)
  [Worker 3] episode 88 finished. (AvgLatErr: 2.2105, Steps: 200)
  [Worker 3] episode 89 finished. (AvgLatErr: 1.0634, Steps: 188)
[Worker 3].
Warning: num_agents (8) is greater than the number of available vehicle parameters (4). Cycling vehicle templates.
[Worker 4] TensorFlow device=GPU, mixed_precision=mixed_float16
[Worker 4] Random seed fixed: 500121
[Worker 4] started on GPU.
  [Worker 4] episode 80 finished. (AvgLatErr: 1.0990, Steps: 194)
  [Worker 4] episode 81 finished. (AvgLatErr: 0.8197, Steps: 200)
  [Worker 4] episode 82 finished. (AvgLatErr: 1.7922, Steps: 168)
  [Worker 4] episode 83 finished. (AvgLatErr: 1.2899, Steps: 200)
  [Worker 4] episode 84 finished. (AvgLatErr: 1.2907, Steps: 196)
  [Worker 4] episode 85 finished. (AvgLatErr: 2.4748, Steps: 200)
  [Worker 4] episode 86 finished. (AvgLatErr: 0.8969, Steps: 182)
  [Worker 4] episode 87 finished. (AvgLatErr: 1.3549, Steps: 177)
  [Worker 4] episode 88 finished. (AvgLatErr: 1.0609, Steps: 186)
  [Worker 4] episode 89 finished. (AvgLatErr: 0.6658, Steps: 169)
[Worker 4].
Warning: num_agents (8) is greater than the number of available vehicle parameters (4). Cycling vehicle templates.
[Worker 7] TensorFlow device=GPU, mixed_precision=mixed_float16
[Worker 7] Random seed fixed: 800121
[Worker 7] started on GPU.
  [Worker 7] episode 80 finished. (AvgLatErr: 0.6171, Steps: 173)
  [Worker 7] episode 81 finished. (AvgLatErr: 0.9013, Steps: 168)
  [Worker 7] episode 82 finished. (AvgLatErr: 0.7249, Steps: 172)
  [Worker 7] episode 83 finished. (AvgLatErr: 1.7773, Steps: 137)
  [Worker 7] episode 84 finished. (AvgLatErr: 0.8960, Steps: 153)
  [Worker 7] episode 85 finished. (AvgLatErr: 0.9354, Steps: 144)
  [Worker 7] episode 86 finished. (AvgLatErr: 2.3756, Steps: 194)
  [Worker 7] episode 87 finished. (AvgLatErr: 2.2432, Steps: 200)
  [Worker 7] episode 88 finished. (AvgLatErr: 0.3668, Steps: 119)
  [Worker 7] episode 89 finished. (AvgLatErr: 1.2162, Steps: 126)
[Worker 7].
Warning: num_agents (8) is greater than the number of available vehicle parameters (4). Cycling vehicle templates.
[Worker 5] TensorFlow device=GPU, mixed_precision=mixed_float16
[Worker 5] Random seed fixed: 600121
[Worker 5] started on GPU.
  [Worker 5] episode 80 finished. (AvgLatErr: 0.4796, Steps: 157)
  [Worker 5] episode 81 finished. (AvgLatErr: 0.8453, Steps: 196)
  [Worker 5] episode 82 finished. (AvgLatErr: 0.9809, Steps: 157)
  [Worker 5] episode 83 finished. (AvgLatErr: 1.5153, Steps: 200)
  [Worker 5] episode 84 finished. (AvgLatErr: 2.6999, Steps: 200)
  [Worker 5] episode 85 finished. (AvgLatErr: 3.1067, Steps: 200)
  [Worker 5] episode 86 finished. (AvgLatErr: 2.0673, Steps: 200)
  [Worker 5] episode 87 finished. (AvgLatErr: 0.8839, Steps: 179)
  [Worker 5] episode 88 finished. (AvgLatErr: 1.3280, Steps: 192)
  [Worker 5] episode 89 finished. (AvgLatErr: 2.3121, Steps: 200)
[Worker 5].
Warning: num_agents (8) is greater than the number of available vehicle parameters (4). Cycling vehicle templates.
[Worker 6] TensorFlow device=GPU, mixed_precision=mixed_float16
[Worker 6] Random seed fixed: 700121
[Worker 6] started on GPU.
  [Worker 6] episode 80 finished. (AvgLatErr: 1.1674, Steps: 200)
  [Worker 6] episode 81 finished. (AvgLatErr: 1.4494, Steps: 200)
  [Worker 6] episode 82 finished. (AvgLatErr: 2.2965, Steps: 200)
  [Worker 6] episode 83 finished. (AvgLatErr: 2.0800, Steps: 191)
  [Worker 6] episode 84 finished. (AvgLatErr: 1.7006, Steps: 200)
  [Worker 6] episode 85 finished. (AvgLatErr: 1.2613, Steps: 200)
  [Worker 6] episode 86 finished. (AvgLatErr: 1.3528, Steps: 200)
  [Worker 6] episode 87 finished. (AvgLatErr: 1.4709, Steps: 200)
  [Worker 6] episode 88 finished. (AvgLatErr: 1.8946, Steps: 200)
  [Worker 6] episode 89 finished. (AvgLatErr: 1.1330, Steps: 200)
[Worker 6].
[Main] workers finished. (elapsed: 114.28s)
[Main] Aggregation-selected agents: [3, 5, 6, 7]
[Main] FedAdagrad update completed.
[Main] Replay buffers reset after global model update.
============================================================================================
89 EP / Agent 0 : Avg Lat Err 1.8449
89 EP / Agent 1 : Avg Lat Err 8.0162
89 EP / Agent 2 : Avg Lat Err 0.9817
89 EP / Agent 3 : Avg Lat Err 1.0634
89 EP / Agent 4 : Avg Lat Err 0.6658
89 EP / Agent 5 : Avg Lat Err 2.3121
89 EP / Agent 6 : Avg Lat Err 1.1330
89 EP / Agent 7 : Avg Lat Err 1.2162
============================================================================================

============================================================================================
[Main] FL round started. (episode 90 ~ 99)
[Main] Client selection: mode=random, budget=4
[Main] Participating agents: [0, 1, 2, 3, 4, 5, 6, 7]
Warning: num_agents (8) is greater than the number of available vehicle parameters (4). Cycling vehicle templates.
[Worker 0] TensorFlow device=GPU, mixed_precision=mixed_float16
[Worker 0] Random seed fixed: 100131
[Worker 0] started on GPU.
  [Worker 0] episode 90 finished. (AvgLatErr: 4.3757, Steps: 200)
  [Worker 0] episode 91 finished. (AvgLatErr: 2.1077, Steps: 146)
  [Worker 0] episode 92 finished. (AvgLatErr: 2.7479, Steps: 176)
  [Worker 0] episode 93 finished. (AvgLatErr: 3.4239, Steps: 188)
  [Worker 0] episode 94 finished. (AvgLatErr: 5.0670, Steps: 185)
  [Worker 0] episode 95 finished. (AvgLatErr: 4.6796, Steps: 200)
  [Worker 0] episode 96 finished. (AvgLatErr: 4.5442, Steps: 186)
  [Worker 0] episode 97 finished. (AvgLatErr: 5.1652, Steps: 189)
  [Worker 0] episode 98 finished. (AvgLatErr: 2.1944, Steps: 144)
  [Worker 0] episode 99 finished. (AvgLatErr: 1.8644, Steps: 195)
[Worker 0].
Warning: num_agents (8) is greater than the number of available vehicle parameters (4). Cycling vehicle templates.
[Worker 2] TensorFlow device=GPU, mixed_precision=mixed_float16
[Worker 2] Random seed fixed: 300131
[Worker 2] started on GPU.
  [Worker 2] episode 90 finished. (AvgLatErr: 1.1930, Steps: 158)
  [Worker 2] episode 91 finished. (AvgLatErr: 1.1972, Steps: 155)
  [Worker 2] episode 92 finished. (AvgLatErr: 1.0915, Steps: 156)
  [Worker 2] episode 93 finished. (AvgLatErr: 1.5743, Steps: 159)
  [Worker 2] episode 94 finished. (AvgLatErr: 1.3139, Steps: 162)
  [Worker 2] episode 95 finished. (AvgLatErr: 0.8645, Steps: 129)
  [Worker 2] episode 96 finished. (AvgLatErr: 1.1001, Steps: 144)
  [Worker 2] episode 97 finished. (AvgLatErr: 0.8717, Steps: 149)
  [Worker 2] episode 98 finished. (AvgLatErr: 1.2712, Steps: 155)
  [Worker 2] episode 99 finished. (AvgLatErr: 1.0121, Steps: 143)
[Worker 2].
Warning: num_agents (8) is greater than the number of available vehicle parameters (4). Cycling vehicle templates.
[Worker 1] TensorFlow device=GPU, mixed_precision=mixed_float16
[Worker 1] Random seed fixed: 200131
[Worker 1] started on GPU.
  [Worker 1] episode 90 finished. (AvgLatErr: 1.3246, Steps: 169)
  [Worker 1] episode 91 finished. (AvgLatErr: 0.7565, Steps: 118)
  [Worker 1] episode 92 finished. (AvgLatErr: 4.7088, Steps: 200)
  [Worker 1] episode 93 finished. (AvgLatErr: 3.0343, Steps: 191)
  [Worker 1] episode 94 finished. (AvgLatErr: 1.5696, Steps: 200)
  [Worker 1] episode 95 finished. (AvgLatErr: 1.2066, Steps: 157)
  [Worker 1] episode 96 finished. (AvgLatErr: 0.7490, Steps: 146)
  [Worker 1] episode 97 finished. (AvgLatErr: 1.3309, Steps: 190)
  [Worker 1] episode 98 finished. (AvgLatErr: 1.1281, Steps: 137)
  [Worker 1] episode 99 finished. (AvgLatErr: 2.2190, Steps: 184)
[Worker 1].
Warning: num_agents (8) is greater than the number of available vehicle parameters (4). Cycling vehicle templates.
[Worker 3] TensorFlow device=GPU, mixed_precision=mixed_float16
[Worker 3] Random seed fixed: 400131
[Worker 3] started on GPU.
  [Worker 3] episode 90 finished. (AvgLatErr: 1.2245, Steps: 172)
  [Worker 3] episode 91 finished. (AvgLatErr: 1.5732, Steps: 196)
  [Worker 3] episode 92 finished. (AvgLatErr: 1.4878, Steps: 200)
  [Worker 3] episode 93 finished. (AvgLatErr: 1.1185, Steps: 188)
  [Worker 3] episode 94 finished. (AvgLatErr: 1.2930, Steps: 171)
  [Worker 3] episode 95 finished. (AvgLatErr: 2.0526, Steps: 130)
  [Worker 3] episode 96 finished. (AvgLatErr: 1.9757, Steps: 200)
  [Worker 3] episode 97 finished. (AvgLatErr: 1.0641, Steps: 200)
  [Worker 3] episode 98 finished. (AvgLatErr: 0.9121, Steps: 200)
  [Worker 3] episode 99 finished. (AvgLatErr: 0.7823, Steps: 188)
[Worker 3].
Warning: num_agents (8) is greater than the number of available vehicle parameters (4). Cycling vehicle templates.
[Worker 4] TensorFlow device=GPU, mixed_precision=mixed_float16
[Worker 4] Random seed fixed: 500131
[Worker 4] started on GPU.
  [Worker 4] episode 90 finished. (AvgLatErr: 1.6319, Steps: 200)
  [Worker 4] episode 91 finished. (AvgLatErr: 1.1829, Steps: 200)
  [Worker 4] episode 92 finished. (AvgLatErr: 0.8227, Steps: 176)
  [Worker 4] episode 93 finished. (AvgLatErr: 0.8067, Steps: 182)
  [Worker 4] episode 94 finished. (AvgLatErr: 2.1218, Steps: 200)
  [Worker 4] episode 95 finished. (AvgLatErr: 1.5151, Steps: 158)
  [Worker 4] episode 96 finished. (AvgLatErr: 1.0477, Steps: 174)
  [Worker 4] episode 97 finished. (AvgLatErr: 0.8435, Steps: 181)
  [Worker 4] episode 98 finished. (AvgLatErr: 0.9531, Steps: 177)
  [Worker 4] episode 99 finished. (AvgLatErr: 0.6878, Steps: 174)
[Worker 4].
Warning: num_agents (8) is greater than the number of available vehicle parameters (4). Cycling vehicle templates.
[Worker 5] TensorFlow device=GPU, mixed_precision=mixed_float16
[Worker 5] Random seed fixed: 600131
[Worker 5] started on GPU.
  [Worker 5] episode 90 finished. (AvgLatErr: 0.6086, Steps: 160)
  [Worker 5] episode 91 finished. (AvgLatErr: 0.6133, Steps: 195)
  [Worker 5] episode 92 finished. (AvgLatErr: 0.5897, Steps: 200)
  [Worker 5] episode 93 finished. (AvgLatErr: 0.7026, Steps: 200)
  [Worker 5] episode 94 finished. (AvgLatErr: 0.8747, Steps: 156)
  [Worker 5] episode 95 finished. (AvgLatErr: 0.8744, Steps: 137)
  [Worker 5] episode 96 finished. (AvgLatErr: 0.6848, Steps: 131)
  [Worker 5] episode 97 finished. (AvgLatErr: 0.3890, Steps: 188)
  [Worker 5] episode 98 finished. (AvgLatErr: 0.6458, Steps: 180)
  [Worker 5] episode 99 finished. (AvgLatErr: 0.9675, Steps: 185)
[Worker 5].
Warning: num_agents (8) is greater than the number of available vehicle parameters (4). Cycling vehicle templates.
[Worker 7] TensorFlow device=GPU, mixed_precision=mixed_float16
[Worker 7] Random seed fixed: 800131
[Worker 7] started on GPU.
  [Worker 7] episode 90 finished. (AvgLatErr: 0.4346, Steps: 145)
  [Worker 7] episode 91 finished. (AvgLatErr: 0.7282, Steps: 132)
  [Worker 7] episode 92 finished. (AvgLatErr: 0.9430, Steps: 147)
  [Worker 7] episode 93 finished. (AvgLatErr: 0.8958, Steps: 163)
  [Worker 7] episode 94 finished. (AvgLatErr: 1.1574, Steps: 200)
  [Worker 7] episode 95 finished. (AvgLatErr: 1.9926, Steps: 200)
  [Worker 7] episode 96 finished. (AvgLatErr: 0.7624, Steps: 166)
  [Worker 7] episode 97 finished. (AvgLatErr: 0.8501, Steps: 185)
  [Worker 7] episode 98 finished. (AvgLatErr: 1.7647, Steps: 151)
  [Worker 7] episode 99 finished. (AvgLatErr: 1.3012, Steps: 152)
[Worker 7].
Warning: num_agents (8) is greater than the number of available vehicle parameters (4). Cycling vehicle templates.
[Worker 6] TensorFlow device=GPU, mixed_precision=mixed_float16
[Worker 6] Random seed fixed: 700131
[Worker 6] started on GPU.
  [Worker 6] episode 90 finished. (AvgLatErr: 1.8839, Steps: 200)
  [Worker 6] episode 91 finished. (AvgLatErr: 1.6195, Steps: 200)
  [Worker 6] episode 92 finished. (AvgLatErr: 1.9464, Steps: 200)
  [Worker 6] episode 93 finished. (AvgLatErr: 1.2951, Steps: 200)
  [Worker 6] episode 94 finished. (AvgLatErr: 1.0632, Steps: 200)
  [Worker 6] episode 95 finished. (AvgLatErr: 0.9570, Steps: 200)
  [Worker 6] episode 96 finished. (AvgLatErr: 0.9051, Steps: 200)
  [Worker 6] episode 97 finished. (AvgLatErr: 2.0595, Steps: 200)
  [Worker 6] episode 98 finished. (AvgLatErr: 0.5334, Steps: 200)
  [Worker 6] episode 99 finished. (AvgLatErr: 2.9028, Steps: 200)
[Worker 6].
[Main] workers finished. (elapsed: 115.86s)
[Main] Aggregation-selected agents: [0, 1, 5, 6]
[Main] FedAdagrad update completed.
[Main] Replay buffers reset after global model update.
============================================================================================
99 EP / Agent 0 : Avg Lat Err 1.8644
99 EP / Agent 1 : Avg Lat Err 2.2190
99 EP / Agent 2 : Avg Lat Err 1.0121
99 EP / Agent 3 : Avg Lat Err 0.7823
99 EP / Agent 4 : Avg Lat Err 0.6878
99 EP / Agent 5 : Avg Lat Err 0.9675
99 EP / Agent 6 : Avg Lat Err 2.9028
99 EP / Agent 7 : Avg Lat Err 1.3012
============================================================================================
[Main] Model checkpoint saved: C:\Users\syd79\FRL-Q\experiments\fast_parallel_fedadagrad_8random4_20260916_run1_random_4of8\checkpoints\global_model_episode_000100.weights.h5

============================================================================================
[Main] FL round started. (episode 100 ~ 109)
[Main] Client selection: mode=random, budget=4
[Main] Participating agents: [0, 1, 2, 3, 4, 5, 6, 7]
Warning: num_agents (8) is greater than the number of available vehicle parameters (4). Cycling vehicle templates.
[Worker 1] TensorFlow device=GPU, mixed_precision=mixed_float16
[Worker 1] Random seed fixed: 200141
[Worker 1] started on GPU.
  [Worker 1] episode 100 finished. (AvgLatErr: 0.5600, Steps: 135)
  [Worker 1] episode 101 finished. (AvgLatErr: 0.6101, Steps: 140)
  [Worker 1] episode 102 finished. (AvgLatErr: 0.3955, Steps: 141)
  [Worker 1] episode 103 finished. (AvgLatErr: 1.0789, Steps: 153)
  [Worker 1] episode 104 finished. (AvgLatErr: 0.4088, Steps: 120)
  [Worker 1] episode 105 finished. (AvgLatErr: 0.3558, Steps: 134)
  [Worker 1] episode 106 finished. (AvgLatErr: 0.2777, Steps: 152)
  [Worker 1] episode 107 finished. (AvgLatErr: 0.7474, Steps: 145)
  [Worker 1] episode 108 finished. (AvgLatErr: 0.2337, Steps: 115)
  [Worker 1] episode 109 finished. (AvgLatErr: 0.4736, Steps: 130)
[Worker 1].
Warning: num_agents (8) is greater than the number of available vehicle parameters (4). Cycling vehicle templates.
[Worker 0] TensorFlow device=GPU, mixed_precision=mixed_float16
[Worker 0] Random seed fixed: 100141
[Worker 0] started on GPU.
  [Worker 0] episode 100 finished. (AvgLatErr: 1.8475, Steps: 162)
  [Worker 0] episode 101 finished. (AvgLatErr: 1.7047, Steps: 145)
  [Worker 0] episode 102 finished. (AvgLatErr: 2.3713, Steps: 200)
  [Worker 0] episode 103 finished. (AvgLatErr: 1.9897, Steps: 200)
  [Worker 0] episode 104 finished. (AvgLatErr: 1.4126, Steps: 148)
  [Worker 0] episode 105 finished. (AvgLatErr: 1.9846, Steps: 137)
  [Worker 0] episode 106 finished. (AvgLatErr: 1.9591, Steps: 138)
  [Worker 0] episode 107 finished. (AvgLatErr: 5.1478, Steps: 191)
  [Worker 0] episode 108 finished. (AvgLatErr: 3.2797, Steps: 184)
  [Worker 0] episode 109 finished. (AvgLatErr: 1.1089, Steps: 137)
[Worker 0].
Warning: num_agents (8) is greater than the number of available vehicle parameters (4). Cycling vehicle templates.
[Worker 2] TensorFlow device=GPU, mixed_precision=mixed_float16
[Worker 2] Random seed fixed: 300141
[Worker 2] started on GPU.
  [Worker 2] episode 100 finished. (AvgLatErr: 0.7745, Steps: 141)
  [Worker 2] episode 101 finished. (AvgLatErr: 0.9411, Steps: 156)
  [Worker 2] episode 102 finished. (AvgLatErr: 0.8367, Steps: 135)
  [Worker 2] episode 103 finished. (AvgLatErr: 0.7176, Steps: 141)
  [Worker 2] episode 104 finished. (AvgLatErr: 1.7905, Steps: 169)
  [Worker 2] episode 105 finished. (AvgLatErr: 0.8453, Steps: 145)
  [Worker 2] episode 106 finished. (AvgLatErr: 1.1173, Steps: 147)
  [Worker 2] episode 107 finished. (AvgLatErr: 0.8455, Steps: 136)
  [Worker 2] episode 108 finished. (AvgLatErr: 0.8156, Steps: 149)
  [Worker 2] episode 109 finished. (AvgLatErr: 0.6840, Steps: 128)
[Worker 2].
Warning: num_agents (8) is greater than the number of available vehicle parameters (4). Cycling vehicle templates.
[Worker 3] TensorFlow device=GPU, mixed_precision=mixed_float16
[Worker 3] Random seed fixed: 400141
[Worker 3] started on GPU.
  [Worker 3] episode 100 finished. (AvgLatErr: 0.7181, Steps: 183)
  [Worker 3] episode 101 finished. (AvgLatErr: 1.4129, Steps: 200)
  [Worker 3] episode 102 finished. (AvgLatErr: 1.1371, Steps: 189)
  [Worker 3] episode 103 finished. (AvgLatErr: 1.1086, Steps: 190)
  [Worker 3] episode 104 finished. (AvgLatErr: 0.7299, Steps: 184)
  [Worker 3] episode 105 finished. (AvgLatErr: 1.3172, Steps: 165)
  [Worker 3] episode 106 finished. (AvgLatErr: 0.7765, Steps: 188)
  [Worker 3] episode 107 finished. (AvgLatErr: 1.7214, Steps: 182)
  [Worker 3] episode 108 finished. (AvgLatErr: 1.4241, Steps: 150)
  [Worker 3] episode 109 finished. (AvgLatErr: 1.2006, Steps: 175)
[Worker 3].
Warning: num_agents (8) is greater than the number of available vehicle parameters (4). Cycling vehicle templates.
[Worker 4] TensorFlow device=GPU, mixed_precision=mixed_float16
[Worker 4] Random seed fixed: 500141
[Worker 4] started on GPU.
  [Worker 4] episode 100 finished. (AvgLatErr: 1.0619, Steps: 192)
  [Worker 4] episode 101 finished. (AvgLatErr: 0.8655, Steps: 160)
  [Worker 4] episode 102 finished. (AvgLatErr: 1.7960, Steps: 183)
  [Worker 4] episode 103 finished. (AvgLatErr: 0.9646, Steps: 178)
  [Worker 4] episode 104 finished. (AvgLatErr: 0.7431, Steps: 150)
  [Worker 4] episode 105 finished. (AvgLatErr: 0.6058, Steps: 150)
  [Worker 4] episode 106 finished. (AvgLatErr: 0.6438, Steps: 159)
  [Worker 4] episode 107 finished. (AvgLatErr: 0.6862, Steps: 152)
  [Worker 4] episode 108 finished. (AvgLatErr: 0.7521, Steps: 163)
  [Worker 4] episode 109 finished. (AvgLatErr: 0.6875, Steps: 163)
[Worker 4].
Warning: num_agents (8) is greater than the number of available vehicle parameters (4). Cycling vehicle templates.
[Worker 7] TensorFlow device=GPU, mixed_precision=mixed_float16
[Worker 7] Random seed fixed: 800141
[Worker 7] started on GPU.
  [Worker 7] episode 100 finished. (AvgLatErr: 0.2654, Steps: 131)
  [Worker 7] episode 101 finished. (AvgLatErr: 0.3966, Steps: 173)
  [Worker 7] episode 102 finished. (AvgLatErr: 0.3693, Steps: 130)
  [Worker 7] episode 103 finished. (AvgLatErr: 0.4854, Steps: 156)
  [Worker 7] episode 104 finished. (AvgLatErr: 1.3768, Steps: 200)
  [Worker 7] episode 105 finished. (AvgLatErr: 0.5347, Steps: 156)
  [Worker 7] episode 106 finished. (AvgLatErr: 0.3462, Steps: 148)
  [Worker 7] episode 107 finished. (AvgLatErr: 0.2194, Steps: 146)
  [Worker 7] episode 108 finished. (AvgLatErr: 0.5232, Steps: 142)
  [Worker 7] episode 109 finished. (AvgLatErr: 0.2335, Steps: 148)
[Worker 7].
Warning: num_agents (8) is greater than the number of available vehicle parameters (4). Cycling vehicle templates.
[Worker 5] TensorFlow device=GPU, mixed_precision=mixed_float16
[Worker 5] Random seed fixed: 600141
[Worker 5] started on GPU.
  [Worker 5] episode 100 finished. (AvgLatErr: 0.5850, Steps: 170)
  [Worker 5] episode 101 finished. (AvgLatErr: 0.3580, Steps: 200)
  [Worker 5] episode 102 finished. (AvgLatErr: 0.8554, Steps: 200)
  [Worker 5] episode 103 finished. (AvgLatErr: 1.4631, Steps: 200)
  [Worker 5] episode 104 finished. (AvgLatErr: 0.7274, Steps: 167)
  [Worker 5] episode 105 finished. (AvgLatErr: 0.7147, Steps: 167)
  [Worker 5] episode 106 finished. (AvgLatErr: 0.8457, Steps: 188)
  [Worker 5] episode 107 finished. (AvgLatErr: 0.4449, Steps: 200)
  [Worker 5] episode 108 finished. (AvgLatErr: 1.3708, Steps: 174)
  [Worker 5] episode 109 finished. (AvgLatErr: 0.6652, Steps: 147)
[Worker 5].
Warning: num_agents (8) is greater than the number of available vehicle parameters (4). Cycling vehicle templates.
[Worker 6] TensorFlow device=GPU, mixed_precision=mixed_float16
[Worker 6] Random seed fixed: 700141
[Worker 6] started on GPU.
  [Worker 6] episode 100 finished. (AvgLatErr: 0.9093, Steps: 200)
  [Worker 6] episode 101 finished. (AvgLatErr: 1.1401, Steps: 200)
  [Worker 6] episode 102 finished. (AvgLatErr: 1.2958, Steps: 200)
  [Worker 6] episode 103 finished. (AvgLatErr: 0.9000, Steps: 200)
  [Worker 6] episode 104 finished. (AvgLatErr: 0.8477, Steps: 199)
  [Worker 6] episode 105 finished. (AvgLatErr: 0.9344, Steps: 200)
  [Worker 6] episode 106 finished. (AvgLatErr: 0.9134, Steps: 200)
  [Worker 6] episode 107 finished. (AvgLatErr: 0.7013, Steps: 200)
  [Worker 6] episode 108 finished. (AvgLatErr: 1.4088, Steps: 200)
  [Worker 6] episode 109 finished. (AvgLatErr: 0.7234, Steps: 200)
[Worker 6].
[Main] workers finished. (elapsed: 117.37s)
[Main] Aggregation-selected agents: [0, 3, 5, 6]
[Main] FedAdagrad update completed.
[Main] Replay buffers reset after global model update.
============================================================================================
109 EP / Agent 0 : Avg Lat Err 1.1089
109 EP / Agent 1 : Avg Lat Err 0.4736
109 EP / Agent 2 : Avg Lat Err 0.6840
109 EP / Agent 3 : Avg Lat Err 1.2006
109 EP / Agent 4 : Avg Lat Err 0.6875
109 EP / Agent 5 : Avg Lat Err 0.6652
109 EP / Agent 6 : Avg Lat Err 0.7234
109 EP / Agent 7 : Avg Lat Err 0.2335
============================================================================================

============================================================================================
[Main] FL round started. (episode 110 ~ 119)
[Main] Client selection: mode=random, budget=4
[Main] Participating agents: [0, 1, 2, 3, 4, 5, 6, 7]
Warning: num_agents (8) is greater than the number of available vehicle parameters (4). Cycling vehicle templates.
[Worker 0] TensorFlow device=GPU, mixed_precision=mixed_float16
[Worker 0] Random seed fixed: 100151
[Worker 0] started on GPU.
  [Worker 0] episode 110 finished. (AvgLatErr: 2.3045, Steps: 154)
  [Worker 0] episode 111 finished. (AvgLatErr: 2.9224, Steps: 164)
  [Worker 0] episode 112 finished. (AvgLatErr: 4.3208, Steps: 149)
  [Worker 0] episode 113 finished. (AvgLatErr: 5.2338, Steps: 174)
  [Worker 0] episode 114 finished. (AvgLatErr: 1.3942, Steps: 136)
  [Worker 0] episode 115 finished. (AvgLatErr: 1.4786, Steps: 139)
  [Worker 0] episode 116 finished. (AvgLatErr: 1.7086, Steps: 143)
  [Worker 0] episode 117 finished. (AvgLatErr: 1.3014, Steps: 150)
  [Worker 0] episode 118 finished. (AvgLatErr: 3.2473, Steps: 185)
  [Worker 0] episode 119 finished. (AvgLatErr: 1.6886, Steps: 155)
[Worker 0].
Warning: num_agents (8) is greater than the number of available vehicle parameters (4). Cycling vehicle templates.
[Worker 1] TensorFlow device=GPU, mixed_precision=mixed_float16
[Worker 1] Random seed fixed: 200151
[Worker 1] started on GPU.
  [Worker 1] episode 110 finished. (AvgLatErr: 0.5441, Steps: 154)
  [Worker 1] episode 111 finished. (AvgLatErr: 0.3447, Steps: 140)
  [Worker 1] episode 112 finished. (AvgLatErr: 0.5376, Steps: 116)
  [Worker 1] episode 113 finished. (AvgLatErr: 0.8937, Steps: 131)
  [Worker 1] episode 114 finished. (AvgLatErr: 0.6101, Steps: 145)
  [Worker 1] episode 115 finished. (AvgLatErr: 0.4943, Steps: 118)
  [Worker 1] episode 116 finished. (AvgLatErr: 0.9742, Steps: 138)
  [Worker 1] episode 117 finished. (AvgLatErr: 0.7559, Steps: 115)
  [Worker 1] episode 118 finished. (AvgLatErr: 0.5024, Steps: 129)
  [Worker 1] episode 119 finished. (AvgLatErr: 0.7360, Steps: 174)
[Worker 1].
Warning: num_agents (8) is greater than the number of available vehicle parameters (4). Cycling vehicle templates.
[Worker 2] TensorFlow device=GPU, mixed_precision=mixed_float16
[Worker 2] Random seed fixed: 300151
[Worker 2] started on GPU.
  [Worker 2] episode 110 finished. (AvgLatErr: 0.8563, Steps: 160)
  [Worker 2] episode 111 finished. (AvgLatErr: 0.8164, Steps: 132)
  [Worker 2] episode 112 finished. (AvgLatErr: 1.2744, Steps: 157)
  [Worker 2] episode 113 finished. (AvgLatErr: 1.0571, Steps: 137)
  [Worker 2] episode 114 finished. (AvgLatErr: 0.9539, Steps: 157)
  [Worker 2] episode 115 finished. (AvgLatErr: 0.6526, Steps: 130)
  [Worker 2] episode 116 finished. (AvgLatErr: 0.8419, Steps: 122)
  [Worker 2] episode 117 finished. (AvgLatErr: 0.8947, Steps: 127)
  [Worker 2] episode 118 finished. (AvgLatErr: 1.1607, Steps: 124)
  [Worker 2] episode 119 finished. (AvgLatErr: 0.6909, Steps: 133)
[Worker 2].
Warning: num_agents (8) is greater than the number of available vehicle parameters (4). Cycling vehicle templates.
[Worker 3] TensorFlow device=GPU, mixed_precision=mixed_float16
[Worker 3] Random seed fixed: 400151
[Worker 3] started on GPU.
  [Worker 3] episode 110 finished. (AvgLatErr: 0.7156, Steps: 192)
  [Worker 3] episode 111 finished. (AvgLatErr: 0.7351, Steps: 184)
  [Worker 3] episode 112 finished. (AvgLatErr: 0.7708, Steps: 182)
  [Worker 3] episode 113 finished. (AvgLatErr: 1.1238, Steps: 190)
  [Worker 3] episode 114 finished. (AvgLatErr: 1.7503, Steps: 200)
  [Worker 3] episode 115 finished. (AvgLatErr: 1.4014, Steps: 200)
  [Worker 3] episode 116 finished. (AvgLatErr: 0.9474, Steps: 183)
  [Worker 3] episode 117 finished. (AvgLatErr: 0.5879, Steps: 173)
  [Worker 3] episode 118 finished. (AvgLatErr: 2.1992, Steps: 200)
  [Worker 3] episode 119 finished. (AvgLatErr: 1.9986, Steps: 171)
[Worker 3].
Warning: num_agents (8) is greater than the number of available vehicle parameters (4). Cycling vehicle templates.
[Worker 4] TensorFlow device=GPU, mixed_precision=mixed_float16
[Worker 4] Random seed fixed: 500151
[Worker 4] started on GPU.
  [Worker 4] episode 110 finished. (AvgLatErr: 0.8800, Steps: 200)
  [Worker 4] episode 111 finished. (AvgLatErr: 1.7981, Steps: 200)
  [Worker 4] episode 112 finished. (AvgLatErr: 0.6472, Steps: 183)
  [Worker 4] episode 113 finished. (AvgLatErr: 1.4118, Steps: 200)
  [Worker 4] episode 114 finished. (AvgLatErr: 0.9758, Steps: 187)
  [Worker 4] episode 115 finished. (AvgLatErr: 2.7331, Steps: 200)
  [Worker 4] episode 116 finished. (AvgLatErr: 0.8979, Steps: 174)
  [Worker 4] episode 117 finished. (AvgLatErr: 1.5383, Steps: 186)
  [Worker 4] episode 118 finished. (AvgLatErr: 1.1412, Steps: 172)
  [Worker 4] episode 119 finished. (AvgLatErr: 0.8692, Steps: 177)
[Worker 4].
Warning: num_agents (8) is greater than the number of available vehicle parameters (4). Cycling vehicle templates.
[Worker 5] TensorFlow device=GPU, mixed_precision=mixed_float16
[Worker 5] Random seed fixed: 600151
[Worker 5] started on GPU.
  [Worker 5] episode 110 finished. (AvgLatErr: 0.4207, Steps: 185)
  [Worker 5] episode 111 finished. (AvgLatErr: 0.6651, Steps: 162)
  [Worker 5] episode 112 finished. (AvgLatErr: 0.6941, Steps: 184)
  [Worker 5] episode 113 finished. (AvgLatErr: 0.6545, Steps: 162)
  [Worker 5] episode 114 finished. (AvgLatErr: 0.6573, Steps: 163)
  [Worker 5] episode 115 finished. (AvgLatErr: 0.4523, Steps: 168)
  [Worker 5] episode 116 finished. (AvgLatErr: 0.4389, Steps: 169)
  [Worker 5] episode 117 finished. (AvgLatErr: 0.2751, Steps: 200)
  [Worker 5] episode 118 finished. (AvgLatErr: 0.4272, Steps: 183)
  [Worker 5] episode 119 finished. (AvgLatErr: 0.2996, Steps: 159)
[Worker 5].
Warning: num_agents (8) is greater than the number of available vehicle parameters (4). Cycling vehicle templates.
[Worker 7] TensorFlow device=GPU, mixed_precision=mixed_float16
[Worker 7] Random seed fixed: 800151
[Worker 7] started on GPU.
  [Worker 7] episode 110 finished. (AvgLatErr: 0.9668, Steps: 150)
  [Worker 7] episode 111 finished. (AvgLatErr: 1.5710, Steps: 200)
  [Worker 7] episode 112 finished. (AvgLatErr: 1.4517, Steps: 200)
  [Worker 7] episode 113 finished. (AvgLatErr: 0.4704, Steps: 150)
  [Worker 7] episode 114 finished. (AvgLatErr: 0.5226, Steps: 195)
  [Worker 7] episode 115 finished. (AvgLatErr: 0.3650, Steps: 133)
  [Worker 7] episode 116 finished. (AvgLatErr: 2.9356, Steps: 174)
  [Worker 7] episode 117 finished. (AvgLatErr: 3.1213, Steps: 200)
  [Worker 7] episode 118 finished. (AvgLatErr: 1.9387, Steps: 176)
  [Worker 7] episode 119 finished. (AvgLatErr: 0.9144, Steps: 160)
[Worker 7].
Warning: num_agents (8) is greater than the number of available vehicle parameters (4). Cycling vehicle templates.
[Worker 6] TensorFlow device=GPU, mixed_precision=mixed_float16
[Worker 6] Random seed fixed: 700151
[Worker 6] started on GPU.
  [Worker 6] episode 110 finished. (AvgLatErr: 0.5610, Steps: 200)
  [Worker 6] episode 111 finished. (AvgLatErr: 1.8986, Steps: 200)
  [Worker 6] episode 112 finished. (AvgLatErr: 0.8473, Steps: 200)
  [Worker 6] episode 113 finished. (AvgLatErr: 0.6472, Steps: 200)
  [Worker 6] episode 114 finished. (AvgLatErr: 0.8193, Steps: 200)
  [Worker 6] episode 115 finished. (AvgLatErr: 0.6919, Steps: 200)
  [Worker 6] episode 116 finished. (AvgLatErr: 1.2943, Steps: 200)
  [Worker 6] episode 117 finished. (AvgLatErr: 0.8053, Steps: 200)
  [Worker 6] episode 118 finished. (AvgLatErr: 0.6773, Steps: 200)
  [Worker 6] episode 119 finished. (AvgLatErr: 0.6438, Steps: 198)
[Worker 6].
[Main] workers finished. (elapsed: 113.92s)
[Main] Aggregation-selected agents: [1, 3, 4, 6]
[Main] FedAdagrad update completed.
[Main] Replay buffers reset after global model update.
============================================================================================
119 EP / Agent 0 : Avg Lat Err 1.6886
119 EP / Agent 1 : Avg Lat Err 0.7360
119 EP / Agent 2 : Avg Lat Err 0.6909
119 EP / Agent 3 : Avg Lat Err 1.9986
119 EP / Agent 4 : Avg Lat Err 0.8692
119 EP / Agent 5 : Avg Lat Err 0.2996
119 EP / Agent 6 : Avg Lat Err 0.6438
119 EP / Agent 7 : Avg Lat Err 0.9144
============================================================================================

============================================================================================
[Main] FL round started. (episode 120 ~ 129)
[Main] Client selection: mode=random, budget=4
[Main] Participating agents: [0, 1, 2, 3, 4, 5, 6, 7]
Warning: num_agents (8) is greater than the number of available vehicle parameters (4). Cycling vehicle templates.
[Worker 0] TensorFlow device=GPU, mixed_precision=mixed_float16
[Worker 0] Random seed fixed: 100161
[Worker 0] started on GPU.
  [Worker 0] episode 120 finished. (AvgLatErr: 1.0397, Steps: 132)
  [Worker 0] episode 121 finished. (AvgLatErr: 2.7147, Steps: 160)
  [Worker 0] episode 122 finished. (AvgLatErr: 1.3298, Steps: 150)
  [Worker 0] episode 123 finished. (AvgLatErr: 1.0020, Steps: 137)
  [Worker 0] episode 124 finished. (AvgLatErr: 0.6723, Steps: 137)
  [Worker 0] episode 125 finished. (AvgLatErr: 1.1684, Steps: 130)
  [Worker 0] episode 126 finished. (AvgLatErr: 1.2363, Steps: 143)
  [Worker 0] episode 127 finished. (AvgLatErr: 1.2314, Steps: 139)
  [Worker 0] episode 128 finished. (AvgLatErr: 0.9670, Steps: 141)
  [Worker 0] episode 129 finished. (AvgLatErr: 1.4099, Steps: 143)
[Worker 0].
Warning: num_agents (8) is greater than the number of available vehicle parameters (4). Cycling vehicle templates.
[Worker 1] TensorFlow device=GPU, mixed_precision=mixed_float16
[Worker 1] Random seed fixed: 200161
[Worker 1] started on GPU.
  [Worker 1] episode 120 finished. (AvgLatErr: 0.5421, Steps: 139)
  [Worker 1] episode 121 finished. (AvgLatErr: 0.5709, Steps: 146)
  [Worker 1] episode 122 finished. (AvgLatErr: 0.3489, Steps: 142)
  [Worker 1] episode 123 finished. (AvgLatErr: 0.5230, Steps: 129)
  [Worker 1] episode 124 finished. (AvgLatErr: 0.5601, Steps: 135)
  [Worker 1] episode 125 finished. (AvgLatErr: 0.4130, Steps: 121)
  [Worker 1] episode 126 finished. (AvgLatErr: 1.2702, Steps: 147)
  [Worker 1] episode 127 finished. (AvgLatErr: 0.4642, Steps: 127)
  [Worker 1] episode 128 finished. (AvgLatErr: 0.5247, Steps: 147)
  [Worker 1] episode 129 finished. (AvgLatErr: 0.3469, Steps: 131)
[Worker 1].
Warning: num_agents (8) is greater than the number of available vehicle parameters (4). Cycling vehicle templates.
[Worker 2] TensorFlow device=GPU, mixed_precision=mixed_float16
[Worker 2] Random seed fixed: 300161
[Worker 2] started on GPU.
  [Worker 2] episode 120 finished. (AvgLatErr: 0.7054, Steps: 131)
  [Worker 2] episode 121 finished. (AvgLatErr: 1.1485, Steps: 127)
  [Worker 2] episode 122 finished. (AvgLatErr: 0.8547, Steps: 136)
  [Worker 2] episode 123 finished. (AvgLatErr: 1.0785, Steps: 137)
  [Worker 2] episode 124 finished. (AvgLatErr: 1.1980, Steps: 113)
  [Worker 2] episode 125 finished. (AvgLatErr: 0.9870, Steps: 122)
  [Worker 2] episode 126 finished. (AvgLatErr: 2.3816, Steps: 172)
  [Worker 2] episode 127 finished. (AvgLatErr: 0.8410, Steps: 119)
  [Worker 2] episode 128 finished. (AvgLatErr: 0.6091, Steps: 115)
  [Worker 2] episode 129 finished. (AvgLatErr: 1.0158, Steps: 119)
[Worker 2].
Warning: num_agents (8) is greater than the number of available vehicle parameters (4). Cycling vehicle templates.
[Worker 4] TensorFlow device=GPU, mixed_precision=mixed_float16
[Worker 4] Random seed fixed: 500161
[Worker 4] started on GPU.
  [Worker 4] episode 120 finished. (AvgLatErr: 3.8304, Steps: 200)
  [Worker 4] episode 121 finished. (AvgLatErr: 1.3131, Steps: 194)
  [Worker 4] episode 122 finished. (AvgLatErr: 1.2099, Steps: 176)
  [Worker 4] episode 123 finished. (AvgLatErr: 0.8692, Steps: 161)
  [Worker 4] episode 124 finished. (AvgLatErr: 0.8975, Steps: 158)
  [Worker 4] episode 125 finished. (AvgLatErr: 0.9420, Steps: 171)
  [Worker 4] episode 126 finished. (AvgLatErr: 0.9830, Steps: 163)
  [Worker 4] episode 127 finished. (AvgLatErr: 0.5113, Steps: 151)
  [Worker 4] episode 128 finished. (AvgLatErr: 0.9782, Steps: 157)
  [Worker 4] episode 129 finished. (AvgLatErr: 0.8295, Steps: 155)
[Worker 4].
Warning: num_agents (8) is greater than the number of available vehicle parameters (4). Cycling vehicle templates.
[Worker 3] TensorFlow device=GPU, mixed_precision=mixed_float16
[Worker 3] Random seed fixed: 400161
[Worker 3] started on GPU.
  [Worker 3] episode 120 finished. (AvgLatErr: 0.9069, Steps: 194)
  [Worker 3] episode 121 finished. (AvgLatErr: 0.6530, Steps: 178)
  [Worker 3] episode 122 finished. (AvgLatErr: 0.7291, Steps: 200)
  [Worker 3] episode 123 finished. (AvgLatErr: 0.4665, Steps: 187)
  [Worker 3] episode 124 finished. (AvgLatErr: 0.7652, Steps: 187)
  [Worker 3] episode 125 finished. (AvgLatErr: 0.4184, Steps: 195)
  [Worker 3] episode 126 finished. (AvgLatErr: 0.6359, Steps: 196)
  [Worker 3] episode 127 finished. (AvgLatErr: 0.3369, Steps: 200)
  [Worker 3] episode 128 finished. (AvgLatErr: 0.6796, Steps: 200)
  [Worker 3] episode 129 finished. (AvgLatErr: 0.6273, Steps: 187)
[Worker 3].
Warning: num_agents (8) is greater than the number of available vehicle parameters (4). Cycling vehicle templates.
[Worker 7] TensorFlow device=GPU, mixed_precision=mixed_float16
[Worker 7] Random seed fixed: 800161
[Worker 7] started on GPU.
  [Worker 7] episode 120 finished. (AvgLatErr: 0.5230, Steps: 157)
  [Worker 7] episode 121 finished. (AvgLatErr: 0.4818, Steps: 126)
  [Worker 7] episode 122 finished. (AvgLatErr: 0.3748, Steps: 143)
  [Worker 7] episode 123 finished. (AvgLatErr: 0.6751, Steps: 140)
  [Worker 7] episode 124 finished. (AvgLatErr: 0.5411, Steps: 134)
  [Worker 7] episode 125 finished. (AvgLatErr: 0.4969, Steps: 129)
  [Worker 7] episode 126 finished. (AvgLatErr: 0.4463, Steps: 136)
  [Worker 7] episode 127 finished. (AvgLatErr: 0.4286, Steps: 154)
  [Worker 7] episode 128 finished. (AvgLatErr: 0.5611, Steps: 135)
  [Worker 7] episode 129 finished. (AvgLatErr: 1.3737, Steps: 191)
[Worker 7].
Warning: num_agents (8) is greater than the number of available vehicle parameters (4). Cycling vehicle templates.
[Worker 5] TensorFlow device=GPU, mixed_precision=mixed_float16
[Worker 5] Random seed fixed: 600161
[Worker 5] started on GPU.
  [Worker 5] episode 120 finished. (AvgLatErr: 0.9453, Steps: 188)
  [Worker 5] episode 121 finished. (AvgLatErr: 0.3931, Steps: 171)
  [Worker 5] episode 122 finished. (AvgLatErr: 0.6997, Steps: 177)
  [Worker 5] episode 123 finished. (AvgLatErr: 0.6047, Steps: 188)
  [Worker 5] episode 124 finished. (AvgLatErr: 1.0239, Steps: 154)
  [Worker 5] episode 125 finished. (AvgLatErr: 0.6212, Steps: 168)
  [Worker 5] episode 126 finished. (AvgLatErr: 0.5267, Steps: 161)
  [Worker 5] episode 127 finished. (AvgLatErr: 0.4839, Steps: 153)
  [Worker 5] episode 128 finished. (AvgLatErr: 0.3130, Steps: 166)
  [Worker 5] episode 129 finished. (AvgLatErr: 0.2526, Steps: 200)
[Worker 5].
Warning: num_agents (8) is greater than the number of available vehicle parameters (4). Cycling vehicle templates.
[Worker 6] TensorFlow device=GPU, mixed_precision=mixed_float16
[Worker 6] Random seed fixed: 700161
[Worker 6] started on GPU.
  [Worker 6] episode 120 finished. (AvgLatErr: 0.7860, Steps: 200)
  [Worker 6] episode 121 finished. (AvgLatErr: 0.6070, Steps: 200)
  [Worker 6] episode 122 finished. (AvgLatErr: 0.7093, Steps: 200)
  [Worker 6] episode 123 finished. (AvgLatErr: 0.6718, Steps: 200)
  [Worker 6] episode 124 finished. (AvgLatErr: 0.7228, Steps: 200)
  [Worker 6] episode 125 finished. (AvgLatErr: 0.8172, Steps: 200)
  [Worker 6] episode 126 finished. (AvgLatErr: 1.1972, Steps: 200)
  [Worker 6] episode 127 finished. (AvgLatErr: 0.9731, Steps: 200)
  [Worker 6] episode 128 finished. (AvgLatErr: 0.6516, Steps: 187)
  [Worker 6] episode 129 finished. (AvgLatErr: 1.2211, Steps: 200)
[Worker 6].
[Main] workers finished. (elapsed: 113.29s)
[Main] Aggregation-selected agents: [1, 4, 5, 7]
[Main] FedAdagrad update completed.
[Main] Replay buffers reset after global model update.
============================================================================================
129 EP / Agent 0 : Avg Lat Err 1.4099
129 EP / Agent 1 : Avg Lat Err 0.3469
129 EP / Agent 2 : Avg Lat Err 1.0158
129 EP / Agent 3 : Avg Lat Err 0.6273
129 EP / Agent 4 : Avg Lat Err 0.8295
129 EP / Agent 5 : Avg Lat Err 0.2526
129 EP / Agent 6 : Avg Lat Err 1.2211
129 EP / Agent 7 : Avg Lat Err 1.3737
============================================================================================

============================================================================================
[Main] FL round started. (episode 130 ~ 139)
[Main] Client selection: mode=random, budget=4
[Main] Participating agents: [0, 1, 2, 3, 4, 5, 6, 7]
Warning: num_agents (8) is greater than the number of available vehicle parameters (4). Cycling vehicle templates.
[Worker 0] TensorFlow device=GPU, mixed_precision=mixed_float16
[Worker 0] Random seed fixed: 100171
[Worker 0] started on GPU.
  [Worker 0] episode 130 finished. (AvgLatErr: 1.5880, Steps: 133)
  [Worker 0] episode 131 finished. (AvgLatErr: 1.2559, Steps: 123)
  [Worker 0] episode 132 finished. (AvgLatErr: 1.2470, Steps: 143)
  [Worker 0] episode 133 finished. (AvgLatErr: 1.3724, Steps: 151)
  [Worker 0] episode 134 finished. (AvgLatErr: 1.5441, Steps: 139)
  [Worker 0] episode 135 finished. (AvgLatErr: 1.2049, Steps: 150)
  [Worker 0] episode 136 finished. (AvgLatErr: 1.1900, Steps: 148)
  [Worker 0] episode 137 finished. (AvgLatErr: 1.3309, Steps: 136)
  [Worker 0] episode 138 finished. (AvgLatErr: 1.4796, Steps: 132)
  [Worker 0] episode 139 finished. (AvgLatErr: 1.5095, Steps: 140)
[Worker 0].
Warning: num_agents (8) is greater than the number of available vehicle parameters (4). Cycling vehicle templates.
[Worker 2] TensorFlow device=GPU, mixed_precision=mixed_float16
[Worker 2] Random seed fixed: 300171
[Worker 2] started on GPU.
  [Worker 2] episode 130 finished. (AvgLatErr: 1.4585, Steps: 146)
  [Worker 2] episode 131 finished. (AvgLatErr: 0.8040, Steps: 127)
  [Worker 2] episode 132 finished. (AvgLatErr: 1.0370, Steps: 166)
  [Worker 2] episode 133 finished. (AvgLatErr: 0.7826, Steps: 111)
  [Worker 2] episode 134 finished. (AvgLatErr: 5.7465, Steps: 173)
  [Worker 2] episode 135 finished. (AvgLatErr: 0.9703, Steps: 115)
  [Worker 2] episode 136 finished. (AvgLatErr: 0.7195, Steps: 117)
  [Worker 2] episode 137 finished. (AvgLatErr: 1.2412, Steps: 123)
  [Worker 2] episode 138 finished. (AvgLatErr: 0.8945, Steps: 145)
  [Worker 2] episode 139 finished. (AvgLatErr: 0.7575, Steps: 133)
[Worker 2].
Warning: num_agents (8) is greater than the number of available vehicle parameters (4). Cycling vehicle templates.
[Worker 1] TensorFlow device=GPU, mixed_precision=mixed_float16
[Worker 1] Random seed fixed: 200171
[Worker 1] started on GPU.
  [Worker 1] episode 130 finished. (AvgLatErr: 0.3309, Steps: 112)
  [Worker 1] episode 131 finished. (AvgLatErr: 0.3736, Steps: 143)
  [Worker 1] episode 132 finished. (AvgLatErr: 0.3848, Steps: 145)
  [Worker 1] episode 133 finished. (AvgLatErr: 0.2587, Steps: 200)
  [Worker 1] episode 134 finished. (AvgLatErr: 0.2369, Steps: 165)
  [Worker 1] episode 135 finished. (AvgLatErr: 0.4334, Steps: 162)
  [Worker 1] episode 136 finished. (AvgLatErr: 0.3276, Steps: 156)
  [Worker 1] episode 137 finished. (AvgLatErr: 0.2520, Steps: 142)
  [Worker 1] episode 138 finished. (AvgLatErr: 0.2844, Steps: 115)
  [Worker 1] episode 139 finished. (AvgLatErr: 0.2966, Steps: 140)
[Worker 1].
Warning: num_agents (8) is greater than the number of available vehicle parameters (4). Cycling vehicle templates.
[Worker 4] TensorFlow device=GPU, mixed_precision=mixed_float16
[Worker 4] Random seed fixed: 500171
[Worker 4] started on GPU.
  [Worker 4] episode 130 finished. (AvgLatErr: 0.7848, Steps: 175)
  [Worker 4] episode 131 finished. (AvgLatErr: 0.7970, Steps: 172)
  [Worker 4] episode 132 finished. (AvgLatErr: 0.6099, Steps: 185)
  [Worker 4] episode 133 finished. (AvgLatErr: 0.6017, Steps: 165)
  [Worker 4] episode 134 finished. (AvgLatErr: 0.3740, Steps: 174)
  [Worker 4] episode 135 finished. (AvgLatErr: 0.7701, Steps: 189)
  [Worker 4] episode 136 finished. (AvgLatErr: 0.6944, Steps: 166)
  [Worker 4] episode 137 finished. (AvgLatErr: 0.5309, Steps: 176)
  [Worker 4] episode 138 finished. (AvgLatErr: 0.4710, Steps: 174)
  [Worker 4] episode 139 finished. (AvgLatErr: 0.4064, Steps: 172)
[Worker 4].
Warning: num_agents (8) is greater than the number of available vehicle parameters (4). Cycling vehicle templates.
[Worker 3] TensorFlow device=GPU, mixed_precision=mixed_float16
[Worker 3] Random seed fixed: 400171
[Worker 3] started on GPU.
  [Worker 3] episode 130 finished. (AvgLatErr: 1.0778, Steps: 182)
  [Worker 3] episode 131 finished. (AvgLatErr: 0.9950, Steps: 183)
  [Worker 3] episode 132 finished. (AvgLatErr: 1.0763, Steps: 188)
  [Worker 3] episode 133 finished. (AvgLatErr: 1.1140, Steps: 200)
  [Worker 3] episode 134 finished. (AvgLatErr: 0.8691, Steps: 179)
  [Worker 3] episode 135 finished. (AvgLatErr: 0.9175, Steps: 175)
  [Worker 3] episode 136 finished. (AvgLatErr: 0.6986, Steps: 180)
  [Worker 3] episode 137 finished. (AvgLatErr: 1.1096, Steps: 182)
  [Worker 3] episode 138 finished. (AvgLatErr: 1.2636, Steps: 189)
  [Worker 3] episode 139 finished. (AvgLatErr: 0.8374, Steps: 176)
[Worker 3].
Warning: num_agents (8) is greater than the number of available vehicle parameters (4). Cycling vehicle templates.
[Worker 7] TensorFlow device=GPU, mixed_precision=mixed_float16
[Worker 7] Random seed fixed: 800171
[Worker 7] started on GPU.
  [Worker 7] episode 130 finished. (AvgLatErr: 0.3674, Steps: 122)
  [Worker 7] episode 131 finished. (AvgLatErr: 0.5480, Steps: 142)
  [Worker 7] episode 132 finished. (AvgLatErr: 0.3569, Steps: 134)
  [Worker 7] episode 133 finished. (AvgLatErr: 0.2195, Steps: 177)
  [Worker 7] episode 134 finished. (AvgLatErr: 0.5651, Steps: 154)
  [Worker 7] episode 135 finished. (AvgLatErr: 0.4717, Steps: 147)
  [Worker 7] episode 136 finished. (AvgLatErr: 0.3655, Steps: 136)
  [Worker 7] episode 137 finished. (AvgLatErr: 0.6052, Steps: 124)
  [Worker 7] episode 138 finished. (AvgLatErr: 0.5410, Steps: 144)
  [Worker 7] episode 139 finished. (AvgLatErr: 0.7977, Steps: 137)
[Worker 7].
Warning: num_agents (8) is greater than the number of available vehicle parameters (4). Cycling vehicle templates.
[Worker 5] TensorFlow device=GPU, mixed_precision=mixed_float16
[Worker 5] Random seed fixed: 600171
[Worker 5] started on GPU.
  [Worker 5] episode 130 finished. (AvgLatErr: 0.5069, Steps: 159)
  [Worker 5] episode 131 finished. (AvgLatErr: 0.4549, Steps: 150)
  [Worker 5] episode 132 finished. (AvgLatErr: 0.6317, Steps: 170)
  [Worker 5] episode 133 finished. (AvgLatErr: 0.2347, Steps: 200)
  [Worker 5] episode 134 finished. (AvgLatErr: 0.2592, Steps: 200)
  [Worker 5] episode 135 finished. (AvgLatErr: 0.3380, Steps: 200)
  [Worker 5] episode 136 finished. (AvgLatErr: 0.3405, Steps: 193)
  [Worker 5] episode 137 finished. (AvgLatErr: 0.2928, Steps: 179)
  [Worker 5] episode 138 finished. (AvgLatErr: 0.1685, Steps: 200)
  [Worker 5] episode 139 finished. (AvgLatErr: 0.3102, Steps: 170)
[Worker 5].
Warning: num_agents (8) is greater than the number of available vehicle parameters (4). Cycling vehicle templates.
[Worker 6] TensorFlow device=GPU, mixed_precision=mixed_float16
[Worker 6] Random seed fixed: 700171
[Worker 6] started on GPU.
  [Worker 6] episode 130 finished. (AvgLatErr: 1.4986, Steps: 200)
  [Worker 6] episode 131 finished. (AvgLatErr: 1.0217, Steps: 200)
  [Worker 6] episode 132 finished. (AvgLatErr: 1.1726, Steps: 196)
  [Worker 6] episode 133 finished. (AvgLatErr: 0.6980, Steps: 198)
  [Worker 6] episode 134 finished. (AvgLatErr: 0.6120, Steps: 200)
  [Worker 6] episode 135 finished. (AvgLatErr: 0.7011, Steps: 200)
  [Worker 6] episode 136 finished. (AvgLatErr: 2.1456, Steps: 200)
  [Worker 6] episode 137 finished. (AvgLatErr: 1.3538, Steps: 200)
  [Worker 6] episode 138 finished. (AvgLatErr: 0.9392, Steps: 200)
  [Worker 6] episode 139 finished. (AvgLatErr: 0.5425, Steps: 200)
[Worker 6].
[Main] workers finished. (elapsed: 111.39s)
[Main] Aggregation-selected agents: [2, 3, 6, 7]
[Main] FedAdagrad update completed.
[Main] Replay buffers reset after global model update.
============================================================================================
139 EP / Agent 0 : Avg Lat Err 1.5095
139 EP / Agent 1 : Avg Lat Err 0.2966
139 EP / Agent 2 : Avg Lat Err 0.7575
139 EP / Agent 3 : Avg Lat Err 0.8374
139 EP / Agent 4 : Avg Lat Err 0.4064
139 EP / Agent 5 : Avg Lat Err 0.3102
139 EP / Agent 6 : Avg Lat Err 0.5425
139 EP / Agent 7 : Avg Lat Err 0.7977
============================================================================================

============================================================================================
[Main] FL round started. (episode 140 ~ 149)
[Main] Client selection: mode=random, budget=4
[Main] Participating agents: [0, 1, 2, 3, 4, 5, 6, 7]
Warning: num_agents (8) is greater than the number of available vehicle parameters (4). Cycling vehicle templates.
[Worker 0] TensorFlow device=GPU, mixed_precision=mixed_float16
[Worker 0] Random seed fixed: 100181
[Worker 0] started on GPU.
  [Worker 0] episode 140 finished. (AvgLatErr: 1.1199, Steps: 123)
  [Worker 0] episode 141 finished. (AvgLatErr: 2.6423, Steps: 156)
  [Worker 0] episode 142 finished. (AvgLatErr: 2.2191, Steps: 133)
  [Worker 0] episode 143 finished. (AvgLatErr: 1.2109, Steps: 130)
  [Worker 0] episode 144 finished. (AvgLatErr: 1.4301, Steps: 135)
  [Worker 0] episode 145 finished. (AvgLatErr: 1.4167, Steps: 140)
  [Worker 0] episode 146 finished. (AvgLatErr: 1.7631, Steps: 134)
  [Worker 0] episode 147 finished. (AvgLatErr: 1.2764, Steps: 150)
  [Worker 0] episode 148 finished. (AvgLatErr: 1.1894, Steps: 131)
  [Worker 0] episode 149 finished. (AvgLatErr: 3.3797, Steps: 192)
[Worker 0].
Warning: num_agents (8) is greater than the number of available vehicle parameters (4). Cycling vehicle templates.
[Worker 1] TensorFlow device=GPU, mixed_precision=mixed_float16
[Worker 1] Random seed fixed: 200181
[Worker 1] started on GPU.
  [Worker 1] episode 140 finished. (AvgLatErr: 0.4919, Steps: 127)
  [Worker 1] episode 141 finished. (AvgLatErr: 0.3439, Steps: 126)
  [Worker 1] episode 142 finished. (AvgLatErr: 0.2565, Steps: 133)
  [Worker 1] episode 143 finished. (AvgLatErr: 0.3570, Steps: 135)
  [Worker 1] episode 144 finished. (AvgLatErr: 0.7990, Steps: 142)
  [Worker 1] episode 145 finished. (AvgLatErr: 0.6990, Steps: 120)
  [Worker 1] episode 146 finished. (AvgLatErr: 0.2549, Steps: 148)
  [Worker 1] episode 147 finished. (AvgLatErr: 0.3620, Steps: 132)
  [Worker 1] episode 148 finished. (AvgLatErr: 0.3354, Steps: 133)
  [Worker 1] episode 149 finished. (AvgLatErr: 0.4610, Steps: 158)
[Worker 1].
Warning: num_agents (8) is greater than the number of available vehicle parameters (4). Cycling vehicle templates.
[Worker 2] TensorFlow device=GPU, mixed_precision=mixed_float16
[Worker 2] Random seed fixed: 300181
[Worker 2] started on GPU.
  [Worker 2] episode 140 finished. (AvgLatErr: 0.7120, Steps: 129)
  [Worker 2] episode 141 finished. (AvgLatErr: 1.8008, Steps: 168)
  [Worker 2] episode 142 finished. (AvgLatErr: 1.4101, Steps: 175)
  [Worker 2] episode 143 finished. (AvgLatErr: 0.3403, Steps: 153)
  [Worker 2] episode 144 finished. (AvgLatErr: 0.9268, Steps: 125)
  [Worker 2] episode 145 finished. (AvgLatErr: 0.8763, Steps: 152)
  [Worker 2] episode 146 finished. (AvgLatErr: 0.5704, Steps: 126)
  [Worker 2] episode 147 finished. (AvgLatErr: 0.6743, Steps: 126)
  [Worker 2] episode 148 finished. (AvgLatErr: 0.8130, Steps: 128)
  [Worker 2] episode 149 finished. (AvgLatErr: 0.5925, Steps: 127)
[Worker 2].
Warning: num_agents (8) is greater than the number of available vehicle parameters (4). Cycling vehicle templates.
[Worker 3] TensorFlow device=GPU, mixed_precision=mixed_float16
[Worker 3] Random seed fixed: 400181
[Worker 3] started on GPU.
  [Worker 3] episode 140 finished. (AvgLatErr: 0.7891, Steps: 171)
  [Worker 3] episode 141 finished. (AvgLatErr: 0.7007, Steps: 174)
  [Worker 3] episode 142 finished. (AvgLatErr: 0.6272, Steps: 182)
  [Worker 3] episode 143 finished. (AvgLatErr: 0.8488, Steps: 191)
  [Worker 3] episode 144 finished. (AvgLatErr: 0.6562, Steps: 175)
  [Worker 3] episode 145 finished. (AvgLatErr: 0.4430, Steps: 188)
  [Worker 3] episode 146 finished. (AvgLatErr: 1.3016, Steps: 176)
  [Worker 3] episode 147 finished. (AvgLatErr: 1.1939, Steps: 200)
  [Worker 3] episode 148 finished. (AvgLatErr: 0.6332, Steps: 170)
  [Worker 3] episode 149 finished. (AvgLatErr: 0.6776, Steps: 173)
[Worker 3].
Warning: num_agents (8) is greater than the number of available vehicle parameters (4). Cycling vehicle templates.
[Worker 4] TensorFlow device=GPU, mixed_precision=mixed_float16
[Worker 4] Random seed fixed: 500181
[Worker 4] started on GPU.
  [Worker 4] episode 140 finished. (AvgLatErr: 0.6484, Steps: 174)
  [Worker 4] episode 141 finished. (AvgLatErr: 1.0448, Steps: 195)
  [Worker 4] episode 142 finished. (AvgLatErr: 0.7256, Steps: 158)
  [Worker 4] episode 143 finished. (AvgLatErr: 0.5445, Steps: 160)
  [Worker 4] episode 144 finished. (AvgLatErr: 0.6008, Steps: 159)
  [Worker 4] episode 145 finished. (AvgLatErr: 0.7908, Steps: 176)
  [Worker 4] episode 146 finished. (AvgLatErr: 1.3794, Steps: 192)
  [Worker 4] episode 147 finished. (AvgLatErr: 0.4773, Steps: 147)
  [Worker 4] episode 148 finished. (AvgLatErr: 0.4405, Steps: 151)
  [Worker 4] episode 149 finished. (AvgLatErr: 0.4616, Steps: 168)
[Worker 4].
Warning: num_agents (8) is greater than the number of available vehicle parameters (4). Cycling vehicle templates.
[Worker 7] TensorFlow device=GPU, mixed_precision=mixed_float16
[Worker 7] Random seed fixed: 800181
[Worker 7] started on GPU.
  [Worker 7] episode 140 finished. (AvgLatErr: 0.3577, Steps: 124)
  [Worker 7] episode 141 finished. (AvgLatErr: 0.3044, Steps: 128)
  [Worker 7] episode 142 finished. (AvgLatErr: 0.6091, Steps: 149)
  [Worker 7] episode 143 finished. (AvgLatErr: 0.4185, Steps: 141)
  [Worker 7] episode 144 finished. (AvgLatErr: 0.2944, Steps: 132)
  [Worker 7] episode 145 finished. (AvgLatErr: 0.3269, Steps: 148)
  [Worker 7] episode 146 finished. (AvgLatErr: 0.6188, Steps: 146)
  [Worker 7] episode 147 finished. (AvgLatErr: 0.4335, Steps: 143)
  [Worker 7] episode 148 finished. (AvgLatErr: 0.4658, Steps: 134)
  [Worker 7] episode 149 finished. (AvgLatErr: 0.3450, Steps: 158)
[Worker 7].
Warning: num_agents (8) is greater than the number of available vehicle parameters (4). Cycling vehicle templates.
[Worker 5] TensorFlow device=GPU, mixed_precision=mixed_float16
[Worker 5] Random seed fixed: 600181
[Worker 5] started on GPU.
  [Worker 5] episode 140 finished. (AvgLatErr: 0.3854, Steps: 141)
  [Worker 5] episode 141 finished. (AvgLatErr: 0.5449, Steps: 182)
  [Worker 5] episode 142 finished. (AvgLatErr: 0.3767, Steps: 142)
  [Worker 5] episode 143 finished. (AvgLatErr: 0.4865, Steps: 191)
  [Worker 5] episode 144 finished. (AvgLatErr: 0.1411, Steps: 200)
  [Worker 5] episode 145 finished. (AvgLatErr: 0.1888, Steps: 200)
  [Worker 5] episode 146 finished. (AvgLatErr: 0.1558, Steps: 200)
  [Worker 5] episode 147 finished. (AvgLatErr: 0.1794, Steps: 200)
  [Worker 5] episode 148 finished. (AvgLatErr: 0.1878, Steps: 192)
  [Worker 5] episode 149 finished. (AvgLatErr: 0.1329, Steps: 200)
[Worker 5].
Warning: num_agents (8) is greater than the number of available vehicle parameters (4). Cycling vehicle templates.
[Worker 6] TensorFlow device=GPU, mixed_precision=mixed_float16
[Worker 6] Random seed fixed: 700181
[Worker 6] started on GPU.
  [Worker 6] episode 140 finished. (AvgLatErr: 0.9570, Steps: 200)
  [Worker 6] episode 141 finished. (AvgLatErr: 0.4399, Steps: 200)
  [Worker 6] episode 142 finished. (AvgLatErr: 0.2690, Steps: 200)
  [Worker 6] episode 143 finished. (AvgLatErr: 0.1882, Steps: 200)
  [Worker 6] episode 144 finished. (AvgLatErr: 0.4012, Steps: 200)
  [Worker 6] episode 145 finished. (AvgLatErr: 0.4279, Steps: 200)
  [Worker 6] episode 146 finished. (AvgLatErr: 0.2900, Steps: 200)
  [Worker 6] episode 147 finished. (AvgLatErr: 0.2877, Steps: 200)
  [Worker 6] episode 148 finished. (AvgLatErr: 0.4464, Steps: 200)
  [Worker 6] episode 149 finished. (AvgLatErr: 1.0506, Steps: 200)
[Worker 6].
[Main] workers finished. (elapsed: 112.33s)
[Main] Aggregation-selected agents: [0, 1, 3, 5]
[Main] FedAdagrad update completed.
[Main] Replay buffers reset after global model update.
============================================================================================
149 EP / Agent 0 : Avg Lat Err 3.3797
149 EP / Agent 1 : Avg Lat Err 0.4610
149 EP / Agent 2 : Avg Lat Err 0.5925
149 EP / Agent 3 : Avg Lat Err 0.6776
149 EP / Agent 4 : Avg Lat Err 0.4616
149 EP / Agent 5 : Avg Lat Err 0.1329
149 EP / Agent 6 : Avg Lat Err 1.0506
149 EP / Agent 7 : Avg Lat Err 0.3450
============================================================================================
[Main] Model checkpoint saved: C:\Users\syd79\FRL-Q\experiments\fast_parallel_fedadagrad_8random4_20260916_run1_random_4of8\checkpoints\global_model_episode_000150.weights.h5

============================================================================================
[Main] FL round started. (episode 150 ~ 159)
[Main] Client selection: mode=random, budget=4
[Main] Participating agents: [0, 1, 2, 3, 4, 5, 6, 7]
Warning: num_agents (8) is greater than the number of available vehicle parameters (4). Cycling vehicle templates.
[Worker 0] TensorFlow device=GPU, mixed_precision=mixed_float16
[Worker 0] Random seed fixed: 100191
[Worker 0] started on GPU.
  [Worker 0] episode 150 finished. (AvgLatErr: 1.4995, Steps: 131)
  [Worker 0] episode 151 finished. (AvgLatErr: 1.5041, Steps: 138)
  [Worker 0] episode 152 finished. (AvgLatErr: 1.6261, Steps: 121)
  [Worker 0] episode 153 finished. (AvgLatErr: 1.7027, Steps: 134)
  [Worker 0] episode 154 finished. (AvgLatErr: 1.3724, Steps: 132)
  [Worker 0] episode 155 finished. (AvgLatErr: 1.6089, Steps: 135)
  [Worker 0] episode 156 finished. (AvgLatErr: 1.9605, Steps: 147)
  [Worker 0] episode 157 finished. (AvgLatErr: 1.5198, Steps: 133)
  [Worker 0] episode 158 finished. (AvgLatErr: 1.8803, Steps: 152)
  [Worker 0] episode 159 finished. (AvgLatErr: 1.8904, Steps: 140)
[Worker 0].
Warning: num_agents (8) is greater than the number of available vehicle parameters (4). Cycling vehicle templates.
[Worker 1] TensorFlow device=GPU, mixed_precision=mixed_float16
[Worker 1] Random seed fixed: 200191
[Worker 1] started on GPU.
  [Worker 1] episode 150 finished. (AvgLatErr: 0.2277, Steps: 126)
  [Worker 1] episode 151 finished. (AvgLatErr: 0.5159, Steps: 129)
  [Worker 1] episode 152 finished. (AvgLatErr: 0.3576, Steps: 119)
  [Worker 1] episode 153 finished. (AvgLatErr: 0.4539, Steps: 138)
  [Worker 1] episode 154 finished. (AvgLatErr: 0.3169, Steps: 119)
  [Worker 1] episode 155 finished. (AvgLatErr: 0.2932, Steps: 123)
  [Worker 1] episode 156 finished. (AvgLatErr: 0.2824, Steps: 128)
  [Worker 1] episode 157 finished. (AvgLatErr: 0.3196, Steps: 127)
  [Worker 1] episode 158 finished. (AvgLatErr: 0.2015, Steps: 163)
  [Worker 1] episode 159 finished. (AvgLatErr: 0.3782, Steps: 132)
[Worker 1].
Warning: num_agents (8) is greater than the number of available vehicle parameters (4). Cycling vehicle templates.
[Worker 2] TensorFlow device=GPU, mixed_precision=mixed_float16
[Worker 2] Random seed fixed: 300191
[Worker 2] started on GPU.
  [Worker 2] episode 150 finished. (AvgLatErr: 1.4452, Steps: 149)
  [Worker 2] episode 151 finished. (AvgLatErr: 0.4516, Steps: 125)
  [Worker 2] episode 152 finished. (AvgLatErr: 1.4969, Steps: 157)
  [Worker 2] episode 153 finished. (AvgLatErr: 1.0883, Steps: 170)
  [Worker 2] episode 154 finished. (AvgLatErr: 0.7162, Steps: 130)
  [Worker 2] episode 155 finished. (AvgLatErr: 2.0567, Steps: 181)
  [Worker 2] episode 156 finished. (AvgLatErr: 0.8684, Steps: 117)
  [Worker 2] episode 157 finished. (AvgLatErr: 1.1717, Steps: 116)
  [Worker 2] episode 158 finished. (AvgLatErr: 0.6157, Steps: 135)
  [Worker 2] episode 159 finished. (AvgLatErr: 1.0961, Steps: 175)
[Worker 2].
Warning: num_agents (8) is greater than the number of available vehicle parameters (4). Cycling vehicle templates.
[Worker 3] TensorFlow device=GPU, mixed_precision=mixed_float16
[Worker 3] Random seed fixed: 400191
[Worker 3] started on GPU.
  [Worker 3] episode 150 finished. (AvgLatErr: 0.4390, Steps: 180)
  [Worker 3] episode 151 finished. (AvgLatErr: 0.7087, Steps: 164)
  [Worker 3] episode 152 finished. (AvgLatErr: 1.2598, Steps: 185)
  [Worker 3] episode 153 finished. (AvgLatErr: 0.7435, Steps: 197)
  [Worker 3] episode 154 finished. (AvgLatErr: 0.5000, Steps: 200)
  [Worker 3] episode 155 finished. (AvgLatErr: 0.1985, Steps: 200)
  [Worker 3] episode 156 finished. (AvgLatErr: 1.3999, Steps: 187)
  [Worker 3] episode 157 finished. (AvgLatErr: 0.3541, Steps: 200)
  [Worker 3] episode 158 finished. (AvgLatErr: 0.5141, Steps: 198)
  [Worker 3] episode 159 finished. (AvgLatErr: 0.5331, Steps: 187)
[Worker 3].
Warning: num_agents (8) is greater than the number of available vehicle parameters (4). Cycling vehicle templates.
[Worker 4] TensorFlow device=GPU, mixed_precision=mixed_float16
[Worker 4] Random seed fixed: 500191
[Worker 4] started on GPU.
  [Worker 4] episode 150 finished. (AvgLatErr: 0.5543, Steps: 174)
  [Worker 4] episode 151 finished. (AvgLatErr: 0.4196, Steps: 176)
  [Worker 4] episode 152 finished. (AvgLatErr: 0.6623, Steps: 166)
  [Worker 4] episode 153 finished. (AvgLatErr: 0.5988, Steps: 168)
  [Worker 4] episode 154 finished. (AvgLatErr: 0.3688, Steps: 175)
  [Worker 4] episode 155 finished. (AvgLatErr: 0.8643, Steps: 184)
  [Worker 4] episode 156 finished. (AvgLatErr: 0.4748, Steps: 174)
  [Worker 4] episode 157 finished. (AvgLatErr: 0.6353, Steps: 180)
  [Worker 4] episode 158 finished. (AvgLatErr: 0.5651, Steps: 180)
  [Worker 4] episode 159 finished. (AvgLatErr: 1.2995, Steps: 183)
[Worker 4].
Warning: num_agents (8) is greater than the number of available vehicle parameters (4). Cycling vehicle templates.
[Worker 5] TensorFlow device=GPU, mixed_precision=mixed_float16
[Worker 5] Random seed fixed: 600191
[Worker 5] started on GPU.
  [Worker 5] episode 150 finished. (AvgLatErr: 0.2697, Steps: 172)
  [Worker 5] episode 151 finished. (AvgLatErr: 0.5712, Steps: 164)
  [Worker 5] episode 152 finished. (AvgLatErr: 0.5562, Steps: 133)
  [Worker 5] episode 153 finished. (AvgLatErr: 0.3634, Steps: 144)
  [Worker 5] episode 154 finished. (AvgLatErr: 0.4020, Steps: 166)
  [Worker 5] episode 155 finished. (AvgLatErr: 0.5766, Steps: 159)
  [Worker 5] episode 156 finished. (AvgLatErr: 0.4719, Steps: 161)
  [Worker 5] episode 157 finished. (AvgLatErr: 0.4297, Steps: 177)
  [Worker 5] episode 158 finished. (AvgLatErr: 0.2817, Steps: 163)
  [Worker 5] episode 159 finished. (AvgLatErr: 0.7982, Steps: 189)
[Worker 5].
Warning: num_agents (8) is greater than the number of available vehicle parameters (4). Cycling vehicle templates.
[Worker 7] TensorFlow device=GPU, mixed_precision=mixed_float16
[Worker 7] Random seed fixed: 800191
[Worker 7] started on GPU.
  [Worker 7] episode 150 finished. (AvgLatErr: 0.5106, Steps: 144)
  [Worker 7] episode 151 finished. (AvgLatErr: 0.2680, Steps: 147)
  [Worker 7] episode 152 finished. (AvgLatErr: 0.2999, Steps: 156)
  [Worker 7] episode 153 finished. (AvgLatErr: 0.2635, Steps: 155)
  [Worker 7] episode 154 finished. (AvgLatErr: 0.3695, Steps: 163)
  [Worker 7] episode 155 finished. (AvgLatErr: 1.4420, Steps: 200)
  [Worker 7] episode 156 finished. (AvgLatErr: 0.3556, Steps: 151)
  [Worker 7] episode 157 finished. (AvgLatErr: 0.3991, Steps: 135)
  [Worker 7] episode 158 finished. (AvgLatErr: 0.8253, Steps: 134)
  [Worker 7] episode 159 finished. (AvgLatErr: 1.0153, Steps: 134)
[Worker 7].
Warning: num_agents (8) is greater than the number of available vehicle parameters (4). Cycling vehicle templates.
[Worker 6] TensorFlow device=GPU, mixed_precision=mixed_float16
[Worker 6] Random seed fixed: 700191
[Worker 6] started on GPU.
  [Worker 6] episode 150 finished. (AvgLatErr: 0.5355, Steps: 200)
  [Worker 6] episode 151 finished. (AvgLatErr: 0.5774, Steps: 200)
  [Worker 6] episode 152 finished. (AvgLatErr: 0.6654, Steps: 200)
  [Worker 6] episode 153 finished. (AvgLatErr: 0.5424, Steps: 200)
  [Worker 6] episode 154 finished. (AvgLatErr: 0.4771, Steps: 200)
  [Worker 6] episode 155 finished. (AvgLatErr: 0.6195, Steps: 200)
  [Worker 6] episode 156 finished. (AvgLatErr: 0.8231, Steps: 200)
  [Worker 6] episode 157 finished. (AvgLatErr: 0.4623, Steps: 200)
  [Worker 6] episode 158 finished. (AvgLatErr: 0.6270, Steps: 200)
  [Worker 6] episode 159 finished. (AvgLatErr: 0.7140, Steps: 200)
[Worker 6].
[Main] workers finished. (elapsed: 112.74s)
[Main] Aggregation-selected agents: [0, 3, 6, 7]
[Main] FedAdagrad update completed.
[Main] Replay buffers reset after global model update.
============================================================================================
159 EP / Agent 0 : Avg Lat Err 1.8904
159 EP / Agent 1 : Avg Lat Err 0.3782
159 EP / Agent 2 : Avg Lat Err 1.0961
159 EP / Agent 3 : Avg Lat Err 0.5331
159 EP / Agent 4 : Avg Lat Err 1.2995
159 EP / Agent 5 : Avg Lat Err 0.7982
159 EP / Agent 6 : Avg Lat Err 0.7140
159 EP / Agent 7 : Avg Lat Err 1.0153
============================================================================================

============================================================================================
[Main] FL round started. (episode 160 ~ 169)
[Main] Client selection: mode=random, budget=4
[Main] Participating agents: [0, 1, 2, 3, 4, 5, 6, 7]
Warning: num_agents (8) is greater than the number of available vehicle parameters (4). Cycling vehicle templates.
[Worker 0] TensorFlow device=GPU, mixed_precision=mixed_float16
[Worker 0] Random seed fixed: 100201
[Worker 0] started on GPU.
  [Worker 0] episode 160 finished. (AvgLatErr: 0.9791, Steps: 139)
  [Worker 0] episode 161 finished. (AvgLatErr: 1.1860, Steps: 140)
  [Worker 0] episode 162 finished. (AvgLatErr: 0.7330, Steps: 140)
  [Worker 0] episode 163 finished. (AvgLatErr: 1.2333, Steps: 140)
  [Worker 0] episode 164 finished. (AvgLatErr: 1.2477, Steps: 142)
  [Worker 0] episode 165 finished. (AvgLatErr: 1.1953, Steps: 137)
  [Worker 0] episode 166 finished. (AvgLatErr: 1.1030, Steps: 134)
  [Worker 0] episode 167 finished. (AvgLatErr: 1.0695, Steps: 142)
  [Worker 0] episode 168 finished. (AvgLatErr: 0.7094, Steps: 139)
  [Worker 0] episode 169 finished. (AvgLatErr: 0.7406, Steps: 138)
[Worker 0].
Warning: num_agents (8) is greater than the number of available vehicle parameters (4). Cycling vehicle templates.
[Worker 1] TensorFlow device=GPU, mixed_precision=mixed_float16
[Worker 1] Random seed fixed: 200201
[Worker 1] started on GPU.
  [Worker 1] episode 160 finished. (AvgLatErr: 0.4586, Steps: 123)
  [Worker 1] episode 161 finished. (AvgLatErr: 0.3026, Steps: 136)
  [Worker 1] episode 162 finished. (AvgLatErr: 0.3549, Steps: 127)
  [Worker 1] episode 163 finished. (AvgLatErr: 0.3833, Steps: 157)
  [Worker 1] episode 164 finished. (AvgLatErr: 0.2106, Steps: 146)
  [Worker 1] episode 165 finished. (AvgLatErr: 0.2670, Steps: 139)
  [Worker 1] episode 166 finished. (AvgLatErr: 0.2903, Steps: 129)
  [Worker 1] episode 167 finished. (AvgLatErr: 0.4541, Steps: 137)
  [Worker 1] episode 168 finished. (AvgLatErr: 0.4070, Steps: 140)
  [Worker 1] episode 169 finished. (AvgLatErr: 0.2467, Steps: 135)
[Worker 1].
Warning: num_agents (8) is greater than the number of available vehicle parameters (4). Cycling vehicle templates.
[Worker 2] TensorFlow device=GPU, mixed_precision=mixed_float16
[Worker 2] Random seed fixed: 300201
[Worker 2] started on GPU.
  [Worker 2] episode 160 finished. (AvgLatErr: 0.5702, Steps: 139)
  [Worker 2] episode 161 finished. (AvgLatErr: 0.5253, Steps: 149)
  [Worker 2] episode 162 finished. (AvgLatErr: 0.3907, Steps: 145)
  [Worker 2] episode 163 finished. (AvgLatErr: 0.4215, Steps: 130)
  [Worker 2] episode 164 finished. (AvgLatErr: 0.3669, Steps: 136)
  [Worker 2] episode 165 finished. (AvgLatErr: 0.6319, Steps: 129)
  [Worker 2] episode 166 finished. (AvgLatErr: 0.4300, Steps: 135)
  [Worker 2] episode 167 finished. (AvgLatErr: 0.4633, Steps: 130)
  [Worker 2] episode 168 finished. (AvgLatErr: 0.3331, Steps: 139)
  [Worker 2] episode 169 finished. (AvgLatErr: 0.3894, Steps: 155)
[Worker 2].
Warning: num_agents (8) is greater than the number of available vehicle parameters (4). Cycling vehicle templates.
[Worker 3] TensorFlow device=GPU, mixed_precision=mixed_float16
[Worker 3] Random seed fixed: 400201
[Worker 3] started on GPU.
  [Worker 3] episode 160 finished. (AvgLatErr: 0.7742, Steps: 169)
  [Worker 3] episode 161 finished. (AvgLatErr: 0.6444, Steps: 171)
  [Worker 3] episode 162 finished. (AvgLatErr: 0.8806, Steps: 170)
  [Worker 3] episode 163 finished. (AvgLatErr: 1.1762, Steps: 180)
  [Worker 3] episode 164 finished. (AvgLatErr: 0.5320, Steps: 163)
  [Worker 3] episode 165 finished. (AvgLatErr: 0.6557, Steps: 169)
  [Worker 3] episode 166 finished. (AvgLatErr: 0.5274, Steps: 169)
  [Worker 3] episode 167 finished. (AvgLatErr: 0.7036, Steps: 173)
  [Worker 3] episode 168 finished. (AvgLatErr: 0.9566, Steps: 187)
  [Worker 3] episode 169 finished. (AvgLatErr: 0.7784, Steps: 171)
[Worker 3].
Warning: num_agents (8) is greater than the number of available vehicle parameters (4). Cycling vehicle templates.
[Worker 4] TensorFlow device=GPU, mixed_precision=mixed_float16
[Worker 4] Random seed fixed: 500201
[Worker 4] started on GPU.
  [Worker 4] episode 160 finished. (AvgLatErr: 0.4842, Steps: 179)
  [Worker 4] episode 161 finished. (AvgLatErr: 0.4365, Steps: 189)
  [Worker 4] episode 162 finished. (AvgLatErr: 0.4957, Steps: 171)
  [Worker 4] episode 163 finished. (AvgLatErr: 0.4514, Steps: 159)
  [Worker 4] episode 164 finished. (AvgLatErr: 1.0270, Steps: 200)
  [Worker 4] episode 165 finished. (AvgLatErr: 0.3459, Steps: 160)
  [Worker 4] episode 166 finished. (AvgLatErr: 0.6447, Steps: 164)
  [Worker 4] episode 167 finished. (AvgLatErr: 0.3860, Steps: 179)
  [Worker 4] episode 168 finished. (AvgLatErr: 0.4167, Steps: 177)
  [Worker 4] episode 169 finished. (AvgLatErr: 0.3774, Steps: 165)
[Worker 4].
Warning: num_agents (8) is greater than the number of available vehicle parameters (4). Cycling vehicle templates.
[Worker 5] TensorFlow device=GPU, mixed_precision=mixed_float16
[Worker 5] Random seed fixed: 600201
[Worker 5] started on GPU.
  [Worker 5] episode 160 finished. (AvgLatErr: 0.5838, Steps: 171)
  [Worker 5] episode 161 finished. (AvgLatErr: 0.2566, Steps: 173)
  [Worker 5] episode 162 finished. (AvgLatErr: 0.3420, Steps: 168)
  [Worker 5] episode 163 finished. (AvgLatErr: 0.4564, Steps: 169)
  [Worker 5] episode 164 finished. (AvgLatErr: 0.2263, Steps: 170)
  [Worker 5] episode 165 finished. (AvgLatErr: 0.2934, Steps: 174)
  [Worker 5] episode 166 finished. (AvgLatErr: 0.2833, Steps: 187)
  [Worker 5] episode 167 finished. (AvgLatErr: 0.4259, Steps: 167)
  [Worker 5] episode 168 finished. (AvgLatErr: 0.2186, Steps: 158)
  [Worker 5] episode 169 finished. (AvgLatErr: 0.5577, Steps: 167)
[Worker 5].
Warning: num_agents (8) is greater than the number of available vehicle parameters (4). Cycling vehicle templates.
[Worker 7] TensorFlow device=GPU, mixed_precision=mixed_float16
[Worker 7] Random seed fixed: 800201
[Worker 7] started on GPU.
  [Worker 7] episode 160 finished. (AvgLatErr: 0.5483, Steps: 140)
  [Worker 7] episode 161 finished. (AvgLatErr: 0.2562, Steps: 152)
  [Worker 7] episode 162 finished. (AvgLatErr: 0.3983, Steps: 143)
  [Worker 7] episode 163 finished. (AvgLatErr: 0.5547, Steps: 173)
  [Worker 7] episode 164 finished. (AvgLatErr: 0.5385, Steps: 165)
  [Worker 7] episode 165 finished. (AvgLatErr: 0.5217, Steps: 145)
  [Worker 7] episode 166 finished. (AvgLatErr: 1.2186, Steps: 156)
  [Worker 7] episode 167 finished. (AvgLatErr: 0.4922, Steps: 159)
  [Worker 7] episode 168 finished. (AvgLatErr: 0.3198, Steps: 181)
  [Worker 7] episode 169 finished. (AvgLatErr: 0.6390, Steps: 150)
[Worker 7].
Warning: num_agents (8) is greater than the number of available vehicle parameters (4). Cycling vehicle templates.
[Worker 6] TensorFlow device=GPU, mixed_precision=mixed_float16
[Worker 6] Random seed fixed: 700201
[Worker 6] started on GPU.
  [Worker 6] episode 160 finished. (AvgLatErr: 0.9836, Steps: 200)
  [Worker 6] episode 161 finished. (AvgLatErr: 0.6643, Steps: 200)
  [Worker 6] episode 162 finished. (AvgLatErr: 0.4907, Steps: 200)
  [Worker 6] episode 163 finished. (AvgLatErr: 0.4783, Steps: 200)
  [Worker 6] episode 164 finished. (AvgLatErr: 0.5654, Steps: 200)
  [Worker 6] episode 165 finished. (AvgLatErr: 0.6211, Steps: 200)
  [Worker 6] episode 166 finished. (AvgLatErr: 0.6639, Steps: 200)
  [Worker 6] episode 167 finished. (AvgLatErr: 0.3792, Steps: 200)
  [Worker 6] episode 168 finished. (AvgLatErr: 0.4003, Steps: 200)
  [Worker 6] episode 169 finished. (AvgLatErr: 0.5105, Steps: 200)
[Worker 6].
[Main] workers finished. (elapsed: 109.05s)
[Main] Aggregation-selected agents: [0, 1, 3, 6]
[Main] FedAdagrad update completed.
[Main] Replay buffers reset after global model update.
============================================================================================
169 EP / Agent 0 : Avg Lat Err 0.7406
169 EP / Agent 1 : Avg Lat Err 0.2467
169 EP / Agent 2 : Avg Lat Err 0.3894
169 EP / Agent 3 : Avg Lat Err 0.7784
169 EP / Agent 4 : Avg Lat Err 0.3774
169 EP / Agent 5 : Avg Lat Err 0.5577
169 EP / Agent 6 : Avg Lat Err 0.5105
169 EP / Agent 7 : Avg Lat Err 0.6390
============================================================================================

============================================================================================
[Main] FL round started. (episode 170 ~ 179)
[Main] Client selection: mode=random, budget=4
[Main] Participating agents: [0, 1, 2, 3, 4, 5, 6, 7]
Warning: num_agents (8) is greater than the number of available vehicle parameters (4). Cycling vehicle templates.
[Worker 0] TensorFlow device=GPU, mixed_precision=mixed_float16
[Worker 0] Random seed fixed: 100211
[Worker 0] started on GPU.
  [Worker 0] episode 170 finished. (AvgLatErr: 0.9869, Steps: 145)
  [Worker 0] episode 171 finished. (AvgLatErr: 2.1409, Steps: 146)
  [Worker 0] episode 172 finished. (AvgLatErr: 0.9456, Steps: 135)
  [Worker 0] episode 173 finished. (AvgLatErr: 1.2738, Steps: 138)
  [Worker 0] episode 174 finished. (AvgLatErr: 1.1947, Steps: 147)
  [Worker 0] episode 175 finished. (AvgLatErr: 0.8962, Steps: 148)
  [Worker 0] episode 176 finished. (AvgLatErr: 1.1363, Steps: 134)
  [Worker 0] episode 177 finished. (AvgLatErr: 1.1572, Steps: 133)
  [Worker 0] episode 178 finished. (AvgLatErr: 1.0227, Steps: 130)
  [Worker 0] episode 179 finished. (AvgLatErr: 1.0514, Steps: 144)
[Worker 0].
Warning: num_agents (8) is greater than the number of available vehicle parameters (4). Cycling vehicle templates.
[Worker 1] TensorFlow device=GPU, mixed_precision=mixed_float16
[Worker 1] Random seed fixed: 200211
[Worker 1] started on GPU.
  [Worker 1] episode 170 finished. (AvgLatErr: 0.2158, Steps: 142)
  [Worker 1] episode 171 finished. (AvgLatErr: 0.2333, Steps: 177)
  [Worker 1] episode 172 finished. (AvgLatErr: 0.2662, Steps: 144)
  [Worker 1] episode 173 finished. (AvgLatErr: 0.1614, Steps: 147)
  [Worker 1] episode 174 finished. (AvgLatErr: 0.2045, Steps: 163)
  [Worker 1] episode 175 finished. (AvgLatErr: 0.1358, Steps: 149)
  [Worker 1] episode 176 finished. (AvgLatErr: 0.3206, Steps: 139)
  [Worker 1] episode 177 finished. (AvgLatErr: 0.3190, Steps: 146)
  [Worker 1] episode 178 finished. (AvgLatErr: 0.2885, Steps: 142)
  [Worker 1] episode 179 finished. (AvgLatErr: 0.4093, Steps: 154)
[Worker 1].
Warning: num_agents (8) is greater than the number of available vehicle parameters (4). Cycling vehicle templates.
[Worker 2] TensorFlow device=GPU, mixed_precision=mixed_float16
[Worker 2] Random seed fixed: 300211
[Worker 2] started on GPU.
  [Worker 2] episode 170 finished. (AvgLatErr: 0.3867, Steps: 131)
  [Worker 2] episode 171 finished. (AvgLatErr: 0.5310, Steps: 140)
  [Worker 2] episode 172 finished. (AvgLatErr: 0.3976, Steps: 144)
  [Worker 2] episode 173 finished. (AvgLatErr: 1.1260, Steps: 133)
  [Worker 2] episode 174 finished. (AvgLatErr: 0.5716, Steps: 138)
  [Worker 2] episode 175 finished. (AvgLatErr: 0.6453, Steps: 133)
  [Worker 2] episode 176 finished. (AvgLatErr: 0.5698, Steps: 139)
  [Worker 2] episode 177 finished. (AvgLatErr: 0.5759, Steps: 138)
  [Worker 2] episode 178 finished. (AvgLatErr: 0.4167, Steps: 126)
  [Worker 2] episode 179 finished. (AvgLatErr: 0.5091, Steps: 144)
[Worker 2].
Warning: num_agents (8) is greater than the number of available vehicle parameters (4). Cycling vehicle templates.
[Worker 3] TensorFlow device=GPU, mixed_precision=mixed_float16
[Worker 3] Random seed fixed: 400211
[Worker 3] started on GPU.
  [Worker 3] episode 170 finished. (AvgLatErr: 0.3130, Steps: 200)
  [Worker 3] episode 171 finished. (AvgLatErr: 0.3859, Steps: 198)
  [Worker 3] episode 172 finished. (AvgLatErr: 0.3958, Steps: 177)
  [Worker 3] episode 173 finished. (AvgLatErr: 0.5710, Steps: 182)
  [Worker 3] episode 174 finished. (AvgLatErr: 0.7553, Steps: 192)
  [Worker 3] episode 175 finished. (AvgLatErr: 0.4283, Steps: 189)
  [Worker 3] episode 176 finished. (AvgLatErr: 0.3334, Steps: 194)
  [Worker 3] episode 177 finished. (AvgLatErr: 0.8417, Steps: 200)
  [Worker 3] episode 178 finished. (AvgLatErr: 1.0870, Steps: 198)
  [Worker 3] episode 179 finished. (AvgLatErr: 1.3539, Steps: 200)
[Worker 3].
Warning: num_agents (8) is greater than the number of available vehicle parameters (4). Cycling vehicle templates.
[Worker 5] TensorFlow device=GPU, mixed_precision=mixed_float16
[Worker 5] Random seed fixed: 600211
[Worker 5] started on GPU.
  [Worker 5] episode 170 finished. (AvgLatErr: 0.3347, Steps: 200)
  [Worker 5] episode 171 finished. (AvgLatErr: 0.3610, Steps: 161)
  [Worker 5] episode 172 finished. (AvgLatErr: 0.3506, Steps: 176)
  [Worker 5] episode 173 finished. (AvgLatErr: 0.3263, Steps: 145)
  [Worker 5] episode 174 finished. (AvgLatErr: 0.5005, Steps: 163)
  [Worker 5] episode 175 finished. (AvgLatErr: 0.3091, Steps: 182)
  [Worker 5] episode 176 finished. (AvgLatErr: 0.3689, Steps: 175)
  [Worker 5] episode 177 finished. (AvgLatErr: 0.3186, Steps: 140)
  [Worker 5] episode 178 finished. (AvgLatErr: 0.4172, Steps: 129)
  [Worker 5] episode 179 finished. (AvgLatErr: 0.3230, Steps: 147)
[Worker 5].
Warning: num_agents (8) is greater than the number of available vehicle parameters (4). Cycling vehicle templates.
[Worker 4] TensorFlow device=GPU, mixed_precision=mixed_float16
[Worker 4] Random seed fixed: 500211
[Worker 4] started on GPU.
  [Worker 4] episode 170 finished. (AvgLatErr: 0.6524, Steps: 200)
  [Worker 4] episode 171 finished. (AvgLatErr: 0.4066, Steps: 169)
  [Worker 4] episode 172 finished. (AvgLatErr: 0.4969, Steps: 200)
  [Worker 4] episode 173 finished. (AvgLatErr: 0.4820, Steps: 176)
  [Worker 4] episode 174 finished. (AvgLatErr: 0.3886, Steps: 187)
  [Worker 4] episode 175 finished. (AvgLatErr: 0.7466, Steps: 159)
  [Worker 4] episode 176 finished. (AvgLatErr: 0.5229, Steps: 171)
  [Worker 4] episode 177 finished. (AvgLatErr: 0.5338, Steps: 153)
  [Worker 4] episode 178 finished. (AvgLatErr: 0.4853, Steps: 162)
  [Worker 4] episode 179 finished. (AvgLatErr: 0.3036, Steps: 181)
[Worker 4].
Warning: num_agents (8) is greater than the number of available vehicle parameters (4). Cycling vehicle templates.
[Worker 7] TensorFlow device=GPU, mixed_precision=mixed_float16
[Worker 7] Random seed fixed: 800211
[Worker 7] started on GPU.
  [Worker 7] episode 170 finished. (AvgLatErr: 0.4421, Steps: 172)
  [Worker 7] episode 171 finished. (AvgLatErr: 0.6806, Steps: 169)
  [Worker 7] episode 172 finished. (AvgLatErr: 0.1633, Steps: 167)
  [Worker 7] episode 173 finished. (AvgLatErr: 0.2210, Steps: 156)
  [Worker 7] episode 174 finished. (AvgLatErr: 0.4013, Steps: 158)
  [Worker 7] episode 175 finished. (AvgLatErr: 0.3774, Steps: 140)
  [Worker 7] episode 176 finished. (AvgLatErr: 0.2794, Steps: 160)
  [Worker 7] episode 177 finished. (AvgLatErr: 0.5140, Steps: 142)
  [Worker 7] episode 178 finished. (AvgLatErr: 0.3365, Steps: 138)
  [Worker 7] episode 179 finished. (AvgLatErr: 0.2854, Steps: 152)
[Worker 7].
Warning: num_agents (8) is greater than the number of available vehicle parameters (4). Cycling vehicle templates.
[Worker 6] TensorFlow device=GPU, mixed_precision=mixed_float16
[Worker 6] Random seed fixed: 700211
[Worker 6] started on GPU.
  [Worker 6] episode 170 finished. (AvgLatErr: 0.4712, Steps: 200)
  [Worker 6] episode 171 finished. (AvgLatErr: 0.5423, Steps: 200)
  [Worker 6] episode 172 finished. (AvgLatErr: 0.5767, Steps: 200)
  [Worker 6] episode 173 finished. (AvgLatErr: 0.4290, Steps: 200)
  [Worker 6] episode 174 finished. (AvgLatErr: 0.4861, Steps: 200)
  [Worker 6] episode 175 finished. (AvgLatErr: 0.4711, Steps: 200)
  [Worker 6] episode 176 finished. (AvgLatErr: 0.5293, Steps: 200)
  [Worker 6] episode 177 finished. (AvgLatErr: 0.6727, Steps: 200)
  [Worker 6] episode 178 finished. (AvgLatErr: 0.6707, Steps: 200)
  [Worker 6] episode 179 finished. (AvgLatErr: 0.5705, Steps: 199)
[Worker 6].
[Main] workers finished. (elapsed: 110.81s)
[Main] Aggregation-selected agents: [1, 2, 4, 5]
[Main] FedAdagrad update completed.
[Main] Replay buffers reset after global model update.
============================================================================================
179 EP / Agent 0 : Avg Lat Err 1.0514
179 EP / Agent 1 : Avg Lat Err 0.4093
179 EP / Agent 2 : Avg Lat Err 0.5091
179 EP / Agent 3 : Avg Lat Err 1.3539
179 EP / Agent 4 : Avg Lat Err 0.3036
179 EP / Agent 5 : Avg Lat Err 0.3230
179 EP / Agent 6 : Avg Lat Err 0.5705
179 EP / Agent 7 : Avg Lat Err 0.2854
============================================================================================

============================================================================================
[Main] FL round started. (episode 180 ~ 189)
[Main] Client selection: mode=random, budget=4
[Main] Participating agents: [0, 1, 2, 3, 4, 5, 6, 7]
Warning: num_agents (8) is greater than the number of available vehicle parameters (4). Cycling vehicle templates.
[Worker 0] TensorFlow device=GPU, mixed_precision=mixed_float16
[Worker 0] Random seed fixed: 100221
[Worker 0] started on GPU.
  [Worker 0] episode 180 finished. (AvgLatErr: 1.0173, Steps: 142)
  [Worker 0] episode 181 finished. (AvgLatErr: 1.2483, Steps: 142)
  [Worker 0] episode 182 finished. (AvgLatErr: 1.0155, Steps: 136)
  [Worker 0] episode 183 finished. (AvgLatErr: 0.7993, Steps: 123)
  [Worker 0] episode 184 finished. (AvgLatErr: 0.7680, Steps: 137)
  [Worker 0] episode 185 finished. (AvgLatErr: 0.7633, Steps: 151)
  [Worker 0] episode 186 finished. (AvgLatErr: 1.0274, Steps: 139)
  [Worker 0] episode 187 finished. (AvgLatErr: 1.0567, Steps: 140)
  [Worker 0] episode 188 finished. (AvgLatErr: 0.4533, Steps: 152)
  [Worker 0] episode 189 finished. (AvgLatErr: 2.6552, Steps: 164)
[Worker 0].
Warning: num_agents (8) is greater than the number of available vehicle parameters (4). Cycling vehicle templates.
[Worker 1] TensorFlow device=GPU, mixed_precision=mixed_float16
[Worker 1] Random seed fixed: 200221
[Worker 1] started on GPU.
  [Worker 1] episode 180 finished. (AvgLatErr: 0.1985, Steps: 134)
  [Worker 1] episode 181 finished. (AvgLatErr: 0.2824, Steps: 126)
  [Worker 1] episode 182 finished. (AvgLatErr: 2.1018, Steps: 177)
  [Worker 1] episode 183 finished. (AvgLatErr: 0.3459, Steps: 158)
  [Worker 1] episode 184 finished. (AvgLatErr: 0.3988, Steps: 158)
  [Worker 1] episode 185 finished. (AvgLatErr: 0.2581, Steps: 157)
  [Worker 1] episode 186 finished. (AvgLatErr: 0.1773, Steps: 149)
  [Worker 1] episode 187 finished. (AvgLatErr: 0.3588, Steps: 145)
  [Worker 1] episode 188 finished. (AvgLatErr: 0.3781, Steps: 135)
  [Worker 1] episode 189 finished. (AvgLatErr: 0.2281, Steps: 126)
[Worker 1].
Warning: num_agents (8) is greater than the number of available vehicle parameters (4). Cycling vehicle templates.
[Worker 2] TensorFlow device=GPU, mixed_precision=mixed_float16
[Worker 2] Random seed fixed: 300221
[Worker 2] started on GPU.
  [Worker 2] episode 180 finished. (AvgLatErr: 0.4731, Steps: 140)
  [Worker 2] episode 181 finished. (AvgLatErr: 0.4673, Steps: 142)
  [Worker 2] episode 182 finished. (AvgLatErr: 0.4723, Steps: 149)
  [Worker 2] episode 183 finished. (AvgLatErr: 0.6660, Steps: 143)
  [Worker 2] episode 184 finished. (AvgLatErr: 0.6571, Steps: 140)
  [Worker 2] episode 185 finished. (AvgLatErr: 0.8714, Steps: 132)
  [Worker 2] episode 186 finished. (AvgLatErr: 0.6269, Steps: 135)
  [Worker 2] episode 187 finished. (AvgLatErr: 0.5141, Steps: 126)
  [Worker 2] episode 188 finished. (AvgLatErr: 0.7828, Steps: 127)
  [Worker 2] episode 189 finished. (AvgLatErr: 0.4027, Steps: 140)
[Worker 2].
Warning: num_agents (8) is greater than the number of available vehicle parameters (4). Cycling vehicle templates.
[Worker 3] TensorFlow device=GPU, mixed_precision=mixed_float16
[Worker 3] Random seed fixed: 400221
[Worker 3] started on GPU.
  [Worker 3] episode 180 finished. (AvgLatErr: 0.4879, Steps: 194)
  [Worker 3] episode 181 finished. (AvgLatErr: 0.6188, Steps: 195)
  [Worker 3] episode 182 finished. (AvgLatErr: 0.5537, Steps: 186)
  [Worker 3] episode 183 finished. (AvgLatErr: 0.5039, Steps: 179)
  [Worker 3] episode 184 finished. (AvgLatErr: 0.3845, Steps: 197)
  [Worker 3] episode 185 finished. (AvgLatErr: 0.4859, Steps: 179)
  [Worker 3] episode 186 finished. (AvgLatErr: 0.4533, Steps: 186)
  [Worker 3] episode 187 finished. (AvgLatErr: 0.4355, Steps: 194)
  [Worker 3] episode 188 finished. (AvgLatErr: 0.4787, Steps: 188)
  [Worker 3] episode 189 finished. (AvgLatErr: 0.3295, Steps: 200)
[Worker 3].
Warning: num_agents (8) is greater than the number of available vehicle parameters (4). Cycling vehicle templates.
[Worker 4] TensorFlow device=GPU, mixed_precision=mixed_float16
[Worker 4] Random seed fixed: 500221
[Worker 4] started on GPU.
  [Worker 4] episode 180 finished. (AvgLatErr: 0.5077, Steps: 199)
  [Worker 4] episode 181 finished. (AvgLatErr: 0.5042, Steps: 186)
  [Worker 4] episode 182 finished. (AvgLatErr: 0.4027, Steps: 200)
  [Worker 4] episode 183 finished. (AvgLatErr: 0.3180, Steps: 161)
  [Worker 4] episode 184 finished. (AvgLatErr: 0.2735, Steps: 200)
  [Worker 4] episode 185 finished. (AvgLatErr: 0.5354, Steps: 162)
  [Worker 4] episode 186 finished. (AvgLatErr: 0.4741, Steps: 169)
  [Worker 4] episode 187 finished. (AvgLatErr: 0.2315, Steps: 200)
  [Worker 4] episode 188 finished. (AvgLatErr: 0.4134, Steps: 193)
  [Worker 4] episode 189 finished. (AvgLatErr: 0.4178, Steps: 167)
[Worker 4].
Warning: num_agents (8) is greater than the number of available vehicle parameters (4). Cycling vehicle templates.
[Worker 7] TensorFlow device=GPU, mixed_precision=mixed_float16
[Worker 7] Random seed fixed: 800221
[Worker 7] started on GPU.
  [Worker 7] episode 180 finished. (AvgLatErr: 0.1886, Steps: 157)
  [Worker 7] episode 181 finished. (AvgLatErr: 0.3902, Steps: 153)
  [Worker 7] episode 182 finished. (AvgLatErr: 0.3379, Steps: 122)
  [Worker 7] episode 183 finished. (AvgLatErr: 0.3065, Steps: 155)
  [Worker 7] episode 184 finished. (AvgLatErr: 0.2375, Steps: 154)
  [Worker 7] episode 185 finished. (AvgLatErr: 0.2836, Steps: 143)
  [Worker 7] episode 186 finished. (AvgLatErr: 0.3092, Steps: 136)
  [Worker 7] episode 187 finished. (AvgLatErr: 0.2187, Steps: 121)
  [Worker 7] episode 188 finished. (AvgLatErr: 0.2492, Steps: 132)
  [Worker 7] episode 189 finished. (AvgLatErr: 0.5169, Steps: 117)
[Worker 7].
Warning: num_agents (8) is greater than the number of available vehicle parameters (4). Cycling vehicle templates.
[Worker 5] TensorFlow device=GPU, mixed_precision=mixed_float16
[Worker 5] Random seed fixed: 600221
[Worker 5] started on GPU.
  [Worker 5] episode 180 finished. (AvgLatErr: 0.3737, Steps: 192)
  [Worker 5] episode 181 finished. (AvgLatErr: 0.1823, Steps: 166)
  [Worker 5] episode 182 finished. (AvgLatErr: 0.2515, Steps: 200)
  [Worker 5] episode 183 finished. (AvgLatErr: 0.4507, Steps: 196)
  [Worker 5] episode 184 finished. (AvgLatErr: 0.3444, Steps: 161)
  [Worker 5] episode 185 finished. (AvgLatErr: 0.5657, Steps: 173)
  [Worker 5] episode 186 finished. (AvgLatErr: 0.3023, Steps: 170)
  [Worker 5] episode 187 finished. (AvgLatErr: 0.4127, Steps: 185)
  [Worker 5] episode 188 finished. (AvgLatErr: 0.4698, Steps: 163)
  [Worker 5] episode 189 finished. (AvgLatErr: 0.2385, Steps: 187)
[Worker 5].
Warning: num_agents (8) is greater than the number of available vehicle parameters (4). Cycling vehicle templates.
[Worker 6] TensorFlow device=GPU, mixed_precision=mixed_float16
[Worker 6] Random seed fixed: 700221
[Worker 6] started on GPU.
  [Worker 6] episode 180 finished. (AvgLatErr: 0.3710, Steps: 200)
  [Worker 6] episode 181 finished. (AvgLatErr: 0.5135, Steps: 200)
  [Worker 6] episode 182 finished. (AvgLatErr: 0.4278, Steps: 200)
  [Worker 6] episode 183 finished. (AvgLatErr: 0.4902, Steps: 200)
  [Worker 6] episode 184 finished. (AvgLatErr: 0.4928, Steps: 200)
  [Worker 6] episode 185 finished. (AvgLatErr: 0.4071, Steps: 200)
  [Worker 6] episode 186 finished. (AvgLatErr: 0.4400, Steps: 200)
  [Worker 6] episode 187 finished. (AvgLatErr: 0.4705, Steps: 200)
  [Worker 6] episode 188 finished. (AvgLatErr: 0.7492, Steps: 200)
  [Worker 6] episode 189 finished. (AvgLatErr: 0.6921, Steps: 200)
[Worker 6].
[Main] workers finished. (elapsed: 112.44s)
[Main] Aggregation-selected agents: [1, 2, 5, 7]
[Main] FedAdagrad update completed.
[Main] Replay buffers reset after global model update.
============================================================================================
189 EP / Agent 0 : Avg Lat Err 2.6552
189 EP / Agent 1 : Avg Lat Err 0.2281
189 EP / Agent 2 : Avg Lat Err 0.4027
189 EP / Agent 3 : Avg Lat Err 0.3295
189 EP / Agent 4 : Avg Lat Err 0.4178
189 EP / Agent 5 : Avg Lat Err 0.2385
189 EP / Agent 6 : Avg Lat Err 0.6921
189 EP / Agent 7 : Avg Lat Err 0.5169
============================================================================================

============================================================================================
[Main] FL round started. (episode 190 ~ 199)
[Main] Client selection: mode=random, budget=4
[Main] Participating agents: [0, 1, 2, 3, 4, 5, 6, 7]
Warning: num_agents (8) is greater than the number of available vehicle parameters (4). Cycling vehicle templates.
[Worker 0] TensorFlow device=GPU, mixed_precision=mixed_float16
[Worker 0] Random seed fixed: 100231
[Worker 0] started on GPU.
  [Worker 0] episode 190 finished. (AvgLatErr: 0.9808, Steps: 139)
  [Worker 0] episode 191 finished. (AvgLatErr: 0.8480, Steps: 132)
  [Worker 0] episode 192 finished. (AvgLatErr: 1.8003, Steps: 142)
  [Worker 0] episode 193 finished. (AvgLatErr: 1.1559, Steps: 138)
  [Worker 0] episode 194 finished. (AvgLatErr: 2.4584, Steps: 152)
  [Worker 0] episode 195 finished. (AvgLatErr: 1.4371, Steps: 140)
  [Worker 0] episode 196 finished. (AvgLatErr: 1.2537, Steps: 142)
  [Worker 0] episode 197 finished. (AvgLatErr: 1.5398, Steps: 154)
  [Worker 0] episode 198 finished. (AvgLatErr: 0.7336, Steps: 127)
  [Worker 0] episode 199 finished. (AvgLatErr: 0.7488, Steps: 140)
[Worker 0].
Warning: num_agents (8) is greater than the number of available vehicle parameters (4). Cycling vehicle templates.
[Worker 1] TensorFlow device=GPU, mixed_precision=mixed_float16
[Worker 1] Random seed fixed: 200231
[Worker 1] started on GPU.
  [Worker 1] episode 190 finished. (AvgLatErr: 0.1908, Steps: 139)
  [Worker 1] episode 191 finished. (AvgLatErr: 0.2162, Steps: 135)
  [Worker 1] episode 192 finished. (AvgLatErr: 0.2175, Steps: 146)
  [Worker 1] episode 193 finished. (AvgLatErr: 0.2843, Steps: 154)
  [Worker 1] episode 194 finished. (AvgLatErr: 0.2119, Steps: 159)
  [Worker 1] episode 195 finished. (AvgLatErr: 0.2225, Steps: 142)
  [Worker 1] episode 196 finished. (AvgLatErr: 0.2904, Steps: 136)
  [Worker 1] episode 197 finished. (AvgLatErr: 0.2097, Steps: 142)
  [Worker 1] episode 198 finished. (AvgLatErr: 0.2189, Steps: 147)
  [Worker 1] episode 199 finished. (AvgLatErr: 0.2572, Steps: 153)
[Worker 1].
Warning: num_agents (8) is greater than the number of available vehicle parameters (4). Cycling vehicle templates.
[Worker 2] TensorFlow device=GPU, mixed_precision=mixed_float16
[Worker 2] Random seed fixed: 300231
[Worker 2] started on GPU.
  [Worker 2] episode 190 finished. (AvgLatErr: 0.3958, Steps: 134)
  [Worker 2] episode 191 finished. (AvgLatErr: 0.2848, Steps: 149)
  [Worker 2] episode 192 finished. (AvgLatErr: 0.4455, Steps: 128)
  [Worker 2] episode 193 finished. (AvgLatErr: 0.5347, Steps: 157)
  [Worker 2] episode 194 finished. (AvgLatErr: 0.6148, Steps: 151)
  [Worker 2] episode 195 finished. (AvgLatErr: 0.5079, Steps: 134)
  [Worker 2] episode 196 finished. (AvgLatErr: 0.4027, Steps: 113)
  [Worker 2] episode 197 finished. (AvgLatErr: 0.6238, Steps: 147)
  [Worker 2] episode 198 finished. (AvgLatErr: 1.8095, Steps: 165)
  [Worker 2] episode 199 finished. (AvgLatErr: 0.4542, Steps: 129)
[Worker 2].
Warning: num_agents (8) is greater than the number of available vehicle parameters (4). Cycling vehicle templates.
[Worker 3] TensorFlow device=GPU, mixed_precision=mixed_float16
[Worker 3] Random seed fixed: 400231
[Worker 3] started on GPU.
  [Worker 3] episode 190 finished. (AvgLatErr: 0.5174, Steps: 172)
  [Worker 3] episode 191 finished. (AvgLatErr: 0.4647, Steps: 188)
  [Worker 3] episode 192 finished. (AvgLatErr: 0.5111, Steps: 178)
  [Worker 3] episode 193 finished. (AvgLatErr: 0.8699, Steps: 198)
  [Worker 3] episode 194 finished. (AvgLatErr: 0.5674, Steps: 184)
  [Worker 3] episode 195 finished. (AvgLatErr: 0.7059, Steps: 184)
  [Worker 3] episode 196 finished. (AvgLatErr: 0.5658, Steps: 187)
  [Worker 3] episode 197 finished. (AvgLatErr: 0.5817, Steps: 172)
  [Worker 3] episode 198 finished. (AvgLatErr: 0.6643, Steps: 181)
  [Worker 3] episode 199 finished. (AvgLatErr: 0.5438, Steps: 186)
[Worker 3].
Warning: num_agents (8) is greater than the number of available vehicle parameters (4). Cycling vehicle templates.
[Worker 4] TensorFlow device=GPU, mixed_precision=mixed_float16
[Worker 4] Random seed fixed: 500231
[Worker 4] started on GPU.
  [Worker 4] episode 190 finished. (AvgLatErr: 0.3994, Steps: 177)
  [Worker 4] episode 191 finished. (AvgLatErr: 0.5174, Steps: 189)
  [Worker 4] episode 192 finished. (AvgLatErr: 0.4998, Steps: 170)
  [Worker 4] episode 193 finished. (AvgLatErr: 0.4334, Steps: 160)
  [Worker 4] episode 194 finished. (AvgLatErr: 0.3822, Steps: 190)
  [Worker 4] episode 195 finished. (AvgLatErr: 0.2678, Steps: 199)
  [Worker 4] episode 196 finished. (AvgLatErr: 0.3961, Steps: 173)
  [Worker 4] episode 197 finished. (AvgLatErr: 0.3511, Steps: 162)
  [Worker 4] episode 198 finished. (AvgLatErr: 0.3322, Steps: 182)
  [Worker 4] episode 199 finished. (AvgLatErr: 0.3259, Steps: 165)
[Worker 4].
Warning: num_agents (8) is greater than the number of available vehicle parameters (4). Cycling vehicle templates.
[Worker 7] TensorFlow device=GPU, mixed_precision=mixed_float16
[Worker 7] Random seed fixed: 800231
[Worker 7] started on GPU.
  [Worker 7] episode 190 finished. (AvgLatErr: 0.2719, Steps: 161)
  [Worker 7] episode 191 finished. (AvgLatErr: 0.2397, Steps: 142)
  [Worker 7] episode 192 finished. (AvgLatErr: 0.4493, Steps: 139)
  [Worker 7] episode 193 finished. (AvgLatErr: 0.3563, Steps: 152)
  [Worker 7] episode 194 finished. (AvgLatErr: 0.3731, Steps: 162)
  [Worker 7] episode 195 finished. (AvgLatErr: 0.2279, Steps: 139)
  [Worker 7] episode 196 finished. (AvgLatErr: 0.3099, Steps: 162)
  [Worker 7] episode 197 finished. (AvgLatErr: 0.2384, Steps: 144)
  [Worker 7] episode 198 finished. (AvgLatErr: 0.2879, Steps: 154)
  [Worker 7] episode 199 finished. (AvgLatErr: 0.2314, Steps: 132)
[Worker 7].
Warning: num_agents (8) is greater than the number of available vehicle parameters (4). Cycling vehicle templates.
[Worker 5] TensorFlow device=GPU, mixed_precision=mixed_float16
[Worker 5] Random seed fixed: 600231
[Worker 5] started on GPU.
  [Worker 5] episode 190 finished. (AvgLatErr: 0.2771, Steps: 175)
  [Worker 5] episode 191 finished. (AvgLatErr: 0.3074, Steps: 170)
  [Worker 5] episode 192 finished. (AvgLatErr: 0.3366, Steps: 172)
  [Worker 5] episode 193 finished. (AvgLatErr: 0.3285, Steps: 159)
  [Worker 5] episode 194 finished. (AvgLatErr: 0.4352, Steps: 164)
  [Worker 5] episode 195 finished. (AvgLatErr: 0.4621, Steps: 189)
  [Worker 5] episode 196 finished. (AvgLatErr: 0.3558, Steps: 200)
  [Worker 5] episode 197 finished. (AvgLatErr: 0.3112, Steps: 160)
  [Worker 5] episode 198 finished. (AvgLatErr: 0.2823, Steps: 193)
  [Worker 5] episode 199 finished. (AvgLatErr: 0.4689, Steps: 172)
[Worker 5].
Warning: num_agents (8) is greater than the number of available vehicle parameters (4). Cycling vehicle templates.
[Worker 6] TensorFlow device=GPU, mixed_precision=mixed_float16
[Worker 6] Random seed fixed: 700231
[Worker 6] started on GPU.
  [Worker 6] episode 190 finished. (AvgLatErr: 0.5689, Steps: 200)
  [Worker 6] episode 191 finished. (AvgLatErr: 0.6791, Steps: 200)
  [Worker 6] episode 192 finished. (AvgLatErr: 0.4903, Steps: 200)
  [Worker 6] episode 193 finished. (AvgLatErr: 0.8221, Steps: 200)
  [Worker 6] episode 194 finished. (AvgLatErr: 0.3307, Steps: 200)
  [Worker 6] episode 195 finished. (AvgLatErr: 0.5739, Steps: 200)
  [Worker 6] episode 196 finished. (AvgLatErr: 0.3957, Steps: 200)
  [Worker 6] episode 197 finished. (AvgLatErr: 0.2756, Steps: 200)
  [Worker 6] episode 198 finished. (AvgLatErr: 0.4607, Steps: 200)
  [Worker 6] episode 199 finished. (AvgLatErr: 0.6117, Steps: 200)
[Worker 6].
[Main] workers finished. (elapsed: 113.20s)
[Main] Aggregation-selected agents: [0, 3, 4, 7]
[Main] FedAdagrad update completed.
[Main] Replay buffers reset after global model update.
============================================================================================
199 EP / Agent 0 : Avg Lat Err 0.7488
199 EP / Agent 1 : Avg Lat Err 0.2572
199 EP / Agent 2 : Avg Lat Err 0.4542
199 EP / Agent 3 : Avg Lat Err 0.5438
199 EP / Agent 4 : Avg Lat Err 0.3259
199 EP / Agent 5 : Avg Lat Err 0.4689
199 EP / Agent 6 : Avg Lat Err 0.6117
199 EP / Agent 7 : Avg Lat Err 0.2314
============================================================================================
[Main] Model checkpoint saved: C:\Users\syd79\FRL-Q\experiments\fast_parallel_fedadagrad_8random4_20260916_run1_random_4of8\checkpoints\global_model_episode_000200.weights.h5

============================================================================================
[Main] FL round started. (episode 200 ~ 209)
[Main] Client selection: mode=random, budget=4
[Main] Participating agents: [0, 1, 2, 3, 4, 5, 6, 7]
Warning: num_agents (8) is greater than the number of available vehicle parameters (4). Cycling vehicle templates.
[Worker 0] TensorFlow device=GPU, mixed_precision=mixed_float16
[Worker 0] Random seed fixed: 100241
[Worker 0] started on GPU.
  [Worker 0] episode 200 finished. (AvgLatErr: 0.8906, Steps: 131)
  [Worker 0] episode 201 finished. (AvgLatErr: 0.7329, Steps: 135)
  [Worker 0] episode 202 finished. (AvgLatErr: 0.6298, Steps: 130)
  [Worker 0] episode 203 finished. (AvgLatErr: 1.2392, Steps: 137)
  [Worker 0] episode 204 finished. (AvgLatErr: 2.1381, Steps: 162)
  [Worker 0] episode 205 finished. (AvgLatErr: 0.9792, Steps: 140)
  [Worker 0] episode 206 finished. (AvgLatErr: 0.8089, Steps: 146)
  [Worker 0] episode 207 finished. (AvgLatErr: 1.1955, Steps: 146)
  [Worker 0] episode 208 finished. (AvgLatErr: 1.8116, Steps: 142)
  [Worker 0] episode 209 finished. (AvgLatErr: 0.8723, Steps: 141)
[Worker 0].
Warning: num_agents (8) is greater than the number of available vehicle parameters (4). Cycling vehicle templates.
[Worker 1] TensorFlow device=GPU, mixed_precision=mixed_float16
[Worker 1] Random seed fixed: 200241
[Worker 1] started on GPU.
  [Worker 1] episode 200 finished. (AvgLatErr: 0.1699, Steps: 128)
  [Worker 1] episode 201 finished. (AvgLatErr: 0.1589, Steps: 150)
  [Worker 1] episode 202 finished. (AvgLatErr: 0.2154, Steps: 148)
  [Worker 1] episode 203 finished. (AvgLatErr: 0.2343, Steps: 124)
  [Worker 1] episode 204 finished. (AvgLatErr: 0.2326, Steps: 144)
  [Worker 1] episode 205 finished. (AvgLatErr: 0.2572, Steps: 139)
  [Worker 1] episode 206 finished. (AvgLatErr: 0.1583, Steps: 132)
  [Worker 1] episode 207 finished. (AvgLatErr: 0.2111, Steps: 125)
  [Worker 1] episode 208 finished. (AvgLatErr: 0.2884, Steps: 136)
  [Worker 1] episode 209 finished. (AvgLatErr: 1.3582, Steps: 177)
[Worker 1].
Warning: num_agents (8) is greater than the number of available vehicle parameters (4). Cycling vehicle templates.
[Worker 2] TensorFlow device=GPU, mixed_precision=mixed_float16
[Worker 2] Random seed fixed: 300241
[Worker 2] started on GPU.
  [Worker 2] episode 200 finished. (AvgLatErr: 0.3926, Steps: 146)
  [Worker 2] episode 201 finished. (AvgLatErr: 0.3381, Steps: 142)
  [Worker 2] episode 202 finished. (AvgLatErr: 0.2594, Steps: 149)
  [Worker 2] episode 203 finished. (AvgLatErr: 0.5017, Steps: 134)
  [Worker 2] episode 204 finished. (AvgLatErr: 0.3340, Steps: 146)
  [Worker 2] episode 205 finished. (AvgLatErr: 0.3354, Steps: 134)
  [Worker 2] episode 206 finished. (AvgLatErr: 0.5656, Steps: 142)
  [Worker 2] episode 207 finished. (AvgLatErr: 0.3855, Steps: 131)
  [Worker 2] episode 208 finished. (AvgLatErr: 0.4533, Steps: 142)
  [Worker 2] episode 209 finished. (AvgLatErr: 0.3913, Steps: 124)
[Worker 2].
Warning: num_agents (8) is greater than the number of available vehicle parameters (4). Cycling vehicle templates.
[Worker 3] TensorFlow device=GPU, mixed_precision=mixed_float16
[Worker 3] Random seed fixed: 400241
[Worker 3] started on GPU.
  [Worker 3] episode 200 finished. (AvgLatErr: 0.4412, Steps: 200)
  [Worker 3] episode 201 finished. (AvgLatErr: 0.4301, Steps: 169)
  [Worker 3] episode 202 finished. (AvgLatErr: 0.5995, Steps: 169)
  [Worker 3] episode 203 finished. (AvgLatErr: 0.4997, Steps: 170)
  [Worker 3] episode 204 finished. (AvgLatErr: 0.6032, Steps: 184)
  [Worker 3] episode 205 finished. (AvgLatErr: 0.3016, Steps: 194)
  [Worker 3] episode 206 finished. (AvgLatErr: 0.5198, Steps: 187)
  [Worker 3] episode 207 finished. (AvgLatErr: 0.5293, Steps: 185)
  [Worker 3] episode 208 finished. (AvgLatErr: 0.3347, Steps: 196)
  [Worker 3] episode 209 finished. (AvgLatErr: 0.6617, Steps: 195)
[Worker 3].
Warning: num_agents (8) is greater than the number of available vehicle parameters (4). Cycling vehicle templates.
[Worker 4] TensorFlow device=GPU, mixed_precision=mixed_float16
[Worker 4] Random seed fixed: 500241
[Worker 4] started on GPU.
  [Worker 4] episode 200 finished. (AvgLatErr: 0.4443, Steps: 192)
  [Worker 4] episode 201 finished. (AvgLatErr: 0.4590, Steps: 162)
  [Worker 4] episode 202 finished. (AvgLatErr: 0.4240, Steps: 173)
  [Worker 4] episode 203 finished. (AvgLatErr: 0.4284, Steps: 171)
  [Worker 4] episode 204 finished. (AvgLatErr: 0.3389, Steps: 161)
  [Worker 4] episode 205 finished. (AvgLatErr: 0.4427, Steps: 196)
  [Worker 4] episode 206 finished. (AvgLatErr: 0.4284, Steps: 183)
  [Worker 4] episode 207 finished. (AvgLatErr: 0.3949, Steps: 156)
  [Worker 4] episode 208 finished. (AvgLatErr: 0.3283, Steps: 155)
  [Worker 4] episode 209 finished. (AvgLatErr: 0.3308, Steps: 159)
[Worker 4].
Warning: num_agents (8) is greater than the number of available vehicle parameters (4). Cycling vehicle templates.
[Worker 7] TensorFlow device=GPU, mixed_precision=mixed_float16
[Worker 7] Random seed fixed: 800241
[Worker 7] started on GPU.
  [Worker 7] episode 200 finished. (AvgLatErr: 0.1694, Steps: 182)
  [Worker 7] episode 201 finished. (AvgLatErr: 0.1445, Steps: 179)
  [Worker 7] episode 202 finished. (AvgLatErr: 0.2393, Steps: 154)
  [Worker 7] episode 203 finished. (AvgLatErr: 0.5841, Steps: 147)
  [Worker 7] episode 204 finished. (AvgLatErr: 0.4734, Steps: 147)
  [Worker 7] episode 205 finished. (AvgLatErr: 0.1373, Steps: 194)
  [Worker 7] episode 206 finished. (AvgLatErr: 0.2359, Steps: 150)
  [Worker 7] episode 207 finished. (AvgLatErr: 0.1767, Steps: 130)
  [Worker 7] episode 208 finished. (AvgLatErr: 0.4208, Steps: 135)
  [Worker 7] episode 209 finished. (AvgLatErr: 0.2632, Steps: 130)
[Worker 7].
Warning: num_agents (8) is greater than the number of available vehicle parameters (4). Cycling vehicle templates.
[Worker 5] TensorFlow device=GPU, mixed_precision=mixed_float16
[Worker 5] Random seed fixed: 600241
[Worker 5] started on GPU.
  [Worker 5] episode 200 finished. (AvgLatErr: 0.1827, Steps: 192)
  [Worker 5] episode 201 finished. (AvgLatErr: 0.2352, Steps: 200)
  [Worker 5] episode 202 finished. (AvgLatErr: 0.1913, Steps: 163)
  [Worker 5] episode 203 finished. (AvgLatErr: 0.1276, Steps: 200)
  [Worker 5] episode 204 finished. (AvgLatErr: 0.1281, Steps: 200)
  [Worker 5] episode 205 finished. (AvgLatErr: 0.1591, Steps: 200)
  [Worker 5] episode 206 finished. (AvgLatErr: 0.2080, Steps: 190)
  [Worker 5] episode 207 finished. (AvgLatErr: 0.3138, Steps: 175)
  [Worker 5] episode 208 finished. (AvgLatErr: 0.3470, Steps: 183)
  [Worker 5] episode 209 finished. (AvgLatErr: 0.2310, Steps: 189)
[Worker 5].
Warning: num_agents (8) is greater than the number of available vehicle parameters (4). Cycling vehicle templates.
[Worker 6] TensorFlow device=GPU, mixed_precision=mixed_float16
[Worker 6] Random seed fixed: 700241
[Worker 6] started on GPU.
  [Worker 6] episode 200 finished. (AvgLatErr: 0.7368, Steps: 200)
  [Worker 6] episode 201 finished. (AvgLatErr: 0.8499, Steps: 200)
  [Worker 6] episode 202 finished. (AvgLatErr: 1.4756, Steps: 200)
  [Worker 6] episode 203 finished. (AvgLatErr: 0.4345, Steps: 200)
  [Worker 6] episode 204 finished. (AvgLatErr: 1.2845, Steps: 200)
  [Worker 6] episode 205 finished. (AvgLatErr: 0.4007, Steps: 200)
  [Worker 6] episode 206 finished. (AvgLatErr: 0.4846, Steps: 200)
  [Worker 6] episode 207 finished. (AvgLatErr: 0.2988, Steps: 200)
  [Worker 6] episode 208 finished. (AvgLatErr: 0.4692, Steps: 200)
  [Worker 6] episode 209 finished. (AvgLatErr: 0.6841, Steps: 200)
[Worker 6].
[Main] workers finished. (elapsed: 112.57s)
[Main] Aggregation-selected agents: [1, 3, 6, 7]
[Main] FedAdagrad update completed.
[Main] Replay buffers reset after global model update.
============================================================================================
209 EP / Agent 0 : Avg Lat Err 0.8723
209 EP / Agent 1 : Avg Lat Err 1.3582
209 EP / Agent 2 : Avg Lat Err 0.3913
209 EP / Agent 3 : Avg Lat Err 0.6617
209 EP / Agent 4 : Avg Lat Err 0.3308
209 EP / Agent 5 : Avg Lat Err 0.2310
209 EP / Agent 6 : Avg Lat Err 0.6841
209 EP / Agent 7 : Avg Lat Err 0.2632
============================================================================================

============================================================================================
[Main] FL round started. (episode 210 ~ 219)
[Main] Client selection: mode=random, budget=4
[Main] Participating agents: [0, 1, 2, 3, 4, 5, 6, 7]
Warning: num_agents (8) is greater than the number of available vehicle parameters (4). Cycling vehicle templates.
[Worker 0] TensorFlow device=GPU, mixed_precision=mixed_float16
[Worker 0] Random seed fixed: 100251
[Worker 0] started on GPU.
  [Worker 0] episode 210 finished. (AvgLatErr: 0.7119, Steps: 131)
  [Worker 0] episode 211 finished. (AvgLatErr: 1.2222, Steps: 143)
  [Worker 0] episode 212 finished. (AvgLatErr: 1.0501, Steps: 148)
  [Worker 0] episode 213 finished. (AvgLatErr: 0.9511, Steps: 137)
  [Worker 0] episode 214 finished. (AvgLatErr: 0.8621, Steps: 145)
  [Worker 0] episode 215 finished. (AvgLatErr: 0.7484, Steps: 143)
  [Worker 0] episode 216 finished. (AvgLatErr: 0.7691, Steps: 131)
  [Worker 0] episode 217 finished. (AvgLatErr: 0.5531, Steps: 140)
  [Worker 0] episode 218 finished. (AvgLatErr: 0.8072, Steps: 140)
  [Worker 0] episode 219 finished. (AvgLatErr: 0.7531, Steps: 136)
[Worker 0].
Warning: num_agents (8) is greater than the number of available vehicle parameters (4). Cycling vehicle templates.
[Worker 1] TensorFlow device=GPU, mixed_precision=mixed_float16
[Worker 1] Random seed fixed: 200251
[Worker 1] started on GPU.
  [Worker 1] episode 210 finished. (AvgLatErr: 0.2211, Steps: 139)
  [Worker 1] episode 211 finished. (AvgLatErr: 0.1699, Steps: 148)
  [Worker 1] episode 212 finished. (AvgLatErr: 0.1615, Steps: 146)
  [Worker 1] episode 213 finished. (AvgLatErr: 0.1758, Steps: 129)
  [Worker 1] episode 214 finished. (AvgLatErr: 0.2303, Steps: 126)
  [Worker 1] episode 215 finished. (AvgLatErr: 0.2866, Steps: 131)
  [Worker 1] episode 216 finished. (AvgLatErr: 0.2402, Steps: 110)
  [Worker 1] episode 217 finished. (AvgLatErr: 1.3316, Steps: 169)
  [Worker 1] episode 218 finished. (AvgLatErr: 0.2197, Steps: 154)
  [Worker 1] episode 219 finished. (AvgLatErr: 0.2669, Steps: 122)
[Worker 1].
Warning: num_agents (8) is greater than the number of available vehicle parameters (4). Cycling vehicle templates.
[Worker 2] TensorFlow device=GPU, mixed_precision=mixed_float16
[Worker 2] Random seed fixed: 300251
[Worker 2] started on GPU.
  [Worker 2] episode 210 finished. (AvgLatErr: 0.4324, Steps: 133)
  [Worker 2] episode 211 finished. (AvgLatErr: 0.4678, Steps: 133)
  [Worker 2] episode 212 finished. (AvgLatErr: 0.3755, Steps: 132)
  [Worker 2] episode 213 finished. (AvgLatErr: 0.7071, Steps: 151)
  [Worker 2] episode 214 finished. (AvgLatErr: 0.5514, Steps: 130)
  [Worker 2] episode 215 finished. (AvgLatErr: 0.5097, Steps: 139)
  [Worker 2] episode 216 finished. (AvgLatErr: 0.4163, Steps: 132)
  [Worker 2] episode 217 finished. (AvgLatErr: 2.7268, Steps: 200)
  [Worker 2] episode 218 finished. (AvgLatErr: 0.5302, Steps: 133)
  [Worker 2] episode 219 finished. (AvgLatErr: 0.3492, Steps: 126)
[Worker 2].
Warning: num_agents (8) is greater than the number of available vehicle parameters (4). Cycling vehicle templates.
[Worker 3] TensorFlow device=GPU, mixed_precision=mixed_float16
[Worker 3] Random seed fixed: 400251
[Worker 3] started on GPU.
  [Worker 3] episode 210 finished. (AvgLatErr: 0.6329, Steps: 184)
  [Worker 3] episode 211 finished. (AvgLatErr: 0.4498, Steps: 169)
  [Worker 3] episode 212 finished. (AvgLatErr: 0.5967, Steps: 198)
  [Worker 3] episode 213 finished. (AvgLatErr: 0.5539, Steps: 173)
  [Worker 3] episode 214 finished. (AvgLatErr: 0.7354, Steps: 188)
  [Worker 3] episode 215 finished. (AvgLatErr: 0.4414, Steps: 178)
  [Worker 3] episode 216 finished. (AvgLatErr: 0.5061, Steps: 180)
  [Worker 3] episode 217 finished. (AvgLatErr: 1.8673, Steps: 200)
  [Worker 3] episode 218 finished. (AvgLatErr: 0.4287, Steps: 176)
  [Worker 3] episode 219 finished. (AvgLatErr: 0.8078, Steps: 187)
[Worker 3].
Warning: num_agents (8) is greater than the number of available vehicle parameters (4). Cycling vehicle templates.
[Worker 4] TensorFlow device=GPU, mixed_precision=mixed_float16
[Worker 4] Random seed fixed: 500251
[Worker 4] started on GPU.
  [Worker 4] episode 210 finished. (AvgLatErr: 0.3907, Steps: 169)
  [Worker 4] episode 211 finished. (AvgLatErr: 0.4985, Steps: 170)
  [Worker 4] episode 212 finished. (AvgLatErr: 0.3601, Steps: 159)
  [Worker 4] episode 213 finished. (AvgLatErr: 0.3632, Steps: 153)
  [Worker 4] episode 214 finished. (AvgLatErr: 0.4697, Steps: 178)
  [Worker 4] episode 215 finished. (AvgLatErr: 0.3097, Steps: 173)
  [Worker 4] episode 216 finished. (AvgLatErr: 0.4014, Steps: 180)
  [Worker 4] episode 217 finished. (AvgLatErr: 0.5633, Steps: 199)
  [Worker 4] episode 218 finished. (AvgLatErr: 0.4800, Steps: 167)
  [Worker 4] episode 219 finished. (AvgLatErr: 0.4432, Steps: 159)
[Worker 4].
Warning: num_agents (8) is greater than the number of available vehicle parameters (4). Cycling vehicle templates.
[Worker 7] TensorFlow device=GPU, mixed_precision=mixed_float16
[Worker 7] Random seed fixed: 800251
[Worker 7] started on GPU.
  [Worker 7] episode 210 finished. (AvgLatErr: 0.2395, Steps: 139)
  [Worker 7] episode 211 finished. (AvgLatErr: 0.2636, Steps: 163)
  [Worker 7] episode 212 finished. (AvgLatErr: 0.2492, Steps: 122)
  [Worker 7] episode 213 finished. (AvgLatErr: 0.3533, Steps: 144)
  [Worker 7] episode 214 finished. (AvgLatErr: 0.3782, Steps: 139)
  [Worker 7] episode 215 finished. (AvgLatErr: 0.3352, Steps: 150)
  [Worker 7] episode 216 finished. (AvgLatErr: 0.2778, Steps: 134)
  [Worker 7] episode 217 finished. (AvgLatErr: 0.3638, Steps: 130)
  [Worker 7] episode 218 finished. (AvgLatErr: 0.1959, Steps: 142)
  [Worker 7] episode 219 finished. (AvgLatErr: 0.3553, Steps: 142)
[Worker 7].
Warning: num_agents (8) is greater than the number of available vehicle parameters (4). Cycling vehicle templates.
[Worker 5] TensorFlow device=GPU, mixed_precision=mixed_float16
[Worker 5] Random seed fixed: 600251
[Worker 5] started on GPU.
  [Worker 5] episode 210 finished. (AvgLatErr: 0.3752, Steps: 161)
  [Worker 5] episode 211 finished. (AvgLatErr: 0.3228, Steps: 174)
  [Worker 5] episode 212 finished. (AvgLatErr: 0.2205, Steps: 180)
  [Worker 5] episode 213 finished. (AvgLatErr: 0.1815, Steps: 183)
  [Worker 5] episode 214 finished. (AvgLatErr: 0.2044, Steps: 175)
  [Worker 5] episode 215 finished. (AvgLatErr: 0.1616, Steps: 158)
  [Worker 5] episode 216 finished. (AvgLatErr: 0.3036, Steps: 141)
  [Worker 5] episode 217 finished. (AvgLatErr: 0.2424, Steps: 154)
  [Worker 5] episode 218 finished. (AvgLatErr: 0.2493, Steps: 159)
  [Worker 5] episode 219 finished. (AvgLatErr: 0.2399, Steps: 175)
[Worker 5].
Warning: num_agents (8) is greater than the number of available vehicle parameters (4). Cycling vehicle templates.
[Worker 6] TensorFlow device=GPU, mixed_precision=mixed_float16
[Worker 6] Random seed fixed: 700251
[Worker 6] started on GPU.
  [Worker 6] episode 210 finished. (AvgLatErr: 0.4295, Steps: 200)
  [Worker 6] episode 211 finished. (AvgLatErr: 0.5432, Steps: 200)
  [Worker 6] episode 212 finished. (AvgLatErr: 0.6923, Steps: 200)
  [Worker 6] episode 213 finished. (AvgLatErr: 0.4275, Steps: 200)
  [Worker 6] episode 214 finished. (AvgLatErr: 0.3829, Steps: 200)
  [Worker 6] episode 215 finished. (AvgLatErr: 0.3550, Steps: 200)
  [Worker 6] episode 216 finished. (AvgLatErr: 0.4438, Steps: 200)
  [Worker 6] episode 217 finished. (AvgLatErr: 0.4941, Steps: 200)
  [Worker 6] episode 218 finished. (AvgLatErr: 0.2520, Steps: 200)
  [Worker 6] episode 219 finished. (AvgLatErr: 0.4266, Steps: 200)
[Worker 6].
[Main] workers finished. (elapsed: 115.59s)
[Main] Aggregation-selected agents: [1, 2, 6, 7]
[Main] FedAdagrad update completed.
[Main] Replay buffers reset after global model update.
============================================================================================
219 EP / Agent 0 : Avg Lat Err 0.7531
219 EP / Agent 1 : Avg Lat Err 0.2669
219 EP / Agent 2 : Avg Lat Err 0.3492
219 EP / Agent 3 : Avg Lat Err 0.8078
219 EP / Agent 4 : Avg Lat Err 0.4432
219 EP / Agent 5 : Avg Lat Err 0.2399
219 EP / Agent 6 : Avg Lat Err 0.4266
219 EP / Agent 7 : Avg Lat Err 0.3553
============================================================================================

============================================================================================
[Main] FL round started. (episode 220 ~ 229)
[Main] Client selection: mode=random, budget=4
[Main] Participating agents: [0, 1, 2, 3, 4, 5, 6, 7]
Warning: num_agents (8) is greater than the number of available vehicle parameters (4). Cycling vehicle templates.
[Worker 0] TensorFlow device=GPU, mixed_precision=mixed_float16
[Worker 0] Random seed fixed: 100261
[Worker 0] started on GPU.
  [Worker 0] episode 220 finished. (AvgLatErr: 0.6074, Steps: 130)
  [Worker 0] episode 221 finished. (AvgLatErr: 0.7637, Steps: 140)
  [Worker 0] episode 222 finished. (AvgLatErr: 0.6466, Steps: 135)
  [Worker 0] episode 223 finished. (AvgLatErr: 0.6740, Steps: 130)
  [Worker 0] episode 224 finished. (AvgLatErr: 0.8497, Steps: 129)
  [Worker 0] episode 225 finished. (AvgLatErr: 0.7513, Steps: 142)
  [Worker 0] episode 226 finished. (AvgLatErr: 0.6953, Steps: 133)
  [Worker 0] episode 227 finished. (AvgLatErr: 0.7810, Steps: 127)
  [Worker 0] episode 228 finished. (AvgLatErr: 0.7473, Steps: 132)
  [Worker 0] episode 229 finished. (AvgLatErr: 0.5414, Steps: 128)
[Worker 0].
Warning: num_agents (8) is greater than the number of available vehicle parameters (4). Cycling vehicle templates.
[Worker 1] TensorFlow device=GPU, mixed_precision=mixed_float16
[Worker 1] Random seed fixed: 200261
[Worker 1] started on GPU.
  [Worker 1] episode 220 finished. (AvgLatErr: 0.1626, Steps: 146)
  [Worker 1] episode 221 finished. (AvgLatErr: 0.3312, Steps: 125)
  [Worker 1] episode 222 finished. (AvgLatErr: 3.2399, Steps: 200)
  [Worker 1] episode 223 finished. (AvgLatErr: 0.5684, Steps: 133)
  [Worker 1] episode 224 finished. (AvgLatErr: 0.3641, Steps: 169)
  [Worker 1] episode 225 finished. (AvgLatErr: 0.2768, Steps: 154)
  [Worker 1] episode 226 finished. (AvgLatErr: 0.7021, Steps: 153)
  [Worker 1] episode 227 finished. (AvgLatErr: 0.3903, Steps: 144)
  [Worker 1] episode 228 finished. (AvgLatErr: 0.4512, Steps: 147)
  [Worker 1] episode 229 finished. (AvgLatErr: 0.4014, Steps: 132)
[Worker 1].
Warning: num_agents (8) is greater than the number of available vehicle parameters (4). Cycling vehicle templates.
[Worker 2] TensorFlow device=GPU, mixed_precision=mixed_float16
[Worker 2] Random seed fixed: 300261
[Worker 2] started on GPU.
  [Worker 2] episode 220 finished. (AvgLatErr: 0.3040, Steps: 130)
  [Worker 2] episode 221 finished. (AvgLatErr: 0.4126, Steps: 138)
  [Worker 2] episode 222 finished. (AvgLatErr: 0.2987, Steps: 137)
  [Worker 2] episode 223 finished. (AvgLatErr: 0.4068, Steps: 138)
  [Worker 2] episode 224 finished. (AvgLatErr: 0.5045, Steps: 142)
  [Worker 2] episode 225 finished. (AvgLatErr: 0.5223, Steps: 147)
  [Worker 2] episode 226 finished. (AvgLatErr: 0.4970, Steps: 140)
  [Worker 2] episode 227 finished. (AvgLatErr: 0.3937, Steps: 152)
  [Worker 2] episode 228 finished. (AvgLatErr: 0.4251, Steps: 143)
  [Worker 2] episode 229 finished. (AvgLatErr: 0.2792, Steps: 136)
[Worker 2].
Warning: num_agents (8) is greater than the number of available vehicle parameters (4). Cycling vehicle templates.
[Worker 3] TensorFlow device=GPU, mixed_precision=mixed_float16
[Worker 3] Random seed fixed: 400261
[Worker 3] started on GPU.
  [Worker 3] episode 220 finished. (AvgLatErr: 0.4025, Steps: 189)
  [Worker 3] episode 221 finished. (AvgLatErr: 0.7981, Steps: 177)
  [Worker 3] episode 222 finished. (AvgLatErr: 0.7472, Steps: 181)
  [Worker 3] episode 223 finished. (AvgLatErr: 0.9296, Steps: 183)
  [Worker 3] episode 224 finished. (AvgLatErr: 0.3701, Steps: 170)
  [Worker 3] episode 225 finished. (AvgLatErr: 0.4824, Steps: 193)
  [Worker 3] episode 226 finished. (AvgLatErr: 0.6130, Steps: 182)
  [Worker 3] episode 227 finished. (AvgLatErr: 0.5010, Steps: 175)
  [Worker 3] episode 228 finished. (AvgLatErr: 0.4684, Steps: 167)
  [Worker 3] episode 229 finished. (AvgLatErr: 0.3211, Steps: 192)
[Worker 3].
Warning: num_agents (8) is greater than the number of available vehicle parameters (4). Cycling vehicle templates.
[Worker 4] TensorFlow device=GPU, mixed_precision=mixed_float16
[Worker 4] Random seed fixed: 500261
[Worker 4] started on GPU.
  [Worker 4] episode 220 finished. (AvgLatErr: 0.3568, Steps: 182)
  [Worker 4] episode 221 finished. (AvgLatErr: 0.3675, Steps: 200)
  [Worker 4] episode 222 finished. (AvgLatErr: 0.3842, Steps: 174)
  [Worker 4] episode 223 finished. (AvgLatErr: 0.5759, Steps: 190)
  [Worker 4] episode 224 finished. (AvgLatErr: 0.3232, Steps: 163)
  [Worker 4] episode 225 finished. (AvgLatErr: 0.6482, Steps: 170)
  [Worker 4] episode 226 finished. (AvgLatErr: 0.3334, Steps: 189)
  [Worker 4] episode 227 finished. (AvgLatErr: 0.4637, Steps: 196)
  [Worker 4] episode 228 finished. (AvgLatErr: 0.4962, Steps: 181)
  [Worker 4] episode 229 finished. (AvgLatErr: 0.2963, Steps: 159)
[Worker 4].
Warning: num_agents (8) is greater than the number of available vehicle parameters (4). Cycling vehicle templates.
[Worker 5] TensorFlow device=GPU, mixed_precision=mixed_float16
[Worker 5] Random seed fixed: 600261
[Worker 5] started on GPU.
  [Worker 5] episode 220 finished. (AvgLatErr: 0.1927, Steps: 179)
  [Worker 5] episode 221 finished. (AvgLatErr: 0.2921, Steps: 185)
  [Worker 5] episode 222 finished. (AvgLatErr: 0.3888, Steps: 168)
  [Worker 5] episode 223 finished. (AvgLatErr: 0.3258, Steps: 158)
  [Worker 5] episode 224 finished. (AvgLatErr: 0.2907, Steps: 167)
  [Worker 5] episode 225 finished. (AvgLatErr: 0.2447, Steps: 157)
  [Worker 5] episode 226 finished. (AvgLatErr: 0.1129, Steps: 200)
  [Worker 5] episode 227 finished. (AvgLatErr: 0.1581, Steps: 200)
  [Worker 5] episode 228 finished. (AvgLatErr: 0.2138, Steps: 175)
  [Worker 5] episode 229 finished. (AvgLatErr: 0.2222, Steps: 180)
[Worker 5].
Warning: num_agents (8) is greater than the number of available vehicle parameters (4). Cycling vehicle templates.
[Worker 7] TensorFlow device=GPU, mixed_precision=mixed_float16
[Worker 7] Random seed fixed: 800261
[Worker 7] started on GPU.
  [Worker 7] episode 220 finished. (AvgLatErr: 0.2052, Steps: 138)
  [Worker 7] episode 221 finished. (AvgLatErr: 0.2351, Steps: 144)
  [Worker 7] episode 222 finished. (AvgLatErr: 0.1363, Steps: 152)
  [Worker 7] episode 223 finished. (AvgLatErr: 0.2350, Steps: 146)
  [Worker 7] episode 224 finished. (AvgLatErr: 0.3700, Steps: 141)
  [Worker 7] episode 225 finished. (AvgLatErr: 0.2056, Steps: 136)
  [Worker 7] episode 226 finished. (AvgLatErr: 0.3072, Steps: 132)
  [Worker 7] episode 227 finished. (AvgLatErr: 0.3013, Steps: 150)
  [Worker 7] episode 228 finished. (AvgLatErr: 0.2495, Steps: 122)
  [Worker 7] episode 229 finished. (AvgLatErr: 0.1739, Steps: 145)
[Worker 7].
Warning: num_agents (8) is greater than the number of available vehicle parameters (4). Cycling vehicle templates.
[Worker 6] TensorFlow device=GPU, mixed_precision=mixed_float16
[Worker 6] Random seed fixed: 700261
[Worker 6] started on GPU.
  [Worker 6] episode 220 finished. (AvgLatErr: 0.4093, Steps: 200)
  [Worker 6] episode 221 finished. (AvgLatErr: 0.4846, Steps: 200)
  [Worker 6] episode 222 finished. (AvgLatErr: 0.5400, Steps: 200)
  [Worker 6] episode 223 finished. (AvgLatErr: 0.3901, Steps: 200)
  [Worker 6] episode 224 finished. (AvgLatErr: 0.2697, Steps: 200)
  [Worker 6] episode 225 finished. (AvgLatErr: 0.2645, Steps: 200)
  [Worker 6] episode 226 finished. (AvgLatErr: 0.2636, Steps: 200)
  [Worker 6] episode 227 finished. (AvgLatErr: 0.3728, Steps: 200)
  [Worker 6] episode 228 finished. (AvgLatErr: 0.3945, Steps: 200)
  [Worker 6] episode 229 finished. (AvgLatErr: 0.3940, Steps: 200)
[Worker 6].
[Main] workers finished. (elapsed: 114.55s)
[Main] Aggregation-selected agents: [0, 4, 5, 7]
[Main] FedAdagrad update completed.
[Main] Replay buffers reset after global model update.
============================================================================================
229 EP / Agent 0 : Avg Lat Err 0.5414
229 EP / Agent 1 : Avg Lat Err 0.4014
229 EP / Agent 2 : Avg Lat Err 0.2792
229 EP / Agent 3 : Avg Lat Err 0.3211
229 EP / Agent 4 : Avg Lat Err 0.2963
229 EP / Agent 5 : Avg Lat Err 0.2222
229 EP / Agent 6 : Avg Lat Err 0.3940
229 EP / Agent 7 : Avg Lat Err 0.1739
============================================================================================

============================================================================================
[Main] FL round started. (episode 230 ~ 239)
[Main] Client selection: mode=random, budget=4
[Main] Participating agents: [0, 1, 2, 3, 4, 5, 6, 7]
Warning: num_agents (8) is greater than the number of available vehicle parameters (4). Cycling vehicle templates.
[Worker 0] TensorFlow device=GPU, mixed_precision=mixed_float16
[Worker 0] Random seed fixed: 100271
[Worker 0] started on GPU.
  [Worker 0] episode 230 finished. (AvgLatErr: 0.6572, Steps: 131)
  [Worker 0] episode 231 finished. (AvgLatErr: 0.7430, Steps: 145)
  [Worker 0] episode 232 finished. (AvgLatErr: 0.9114, Steps: 134)
  [Worker 0] episode 233 finished. (AvgLatErr: 0.9325, Steps: 133)
  [Worker 0] episode 234 finished. (AvgLatErr: 0.9749, Steps: 141)
  [Worker 0] episode 235 finished. (AvgLatErr: 1.1780, Steps: 133)
  [Worker 0] episode 236 finished. (AvgLatErr: 0.7417, Steps: 128)
  [Worker 0] episode 237 finished. (AvgLatErr: 1.0171, Steps: 136)
  [Worker 0] episode 238 finished. (AvgLatErr: 1.1365, Steps: 122)
  [Worker 0] episode 239 finished. (AvgLatErr: 1.1880, Steps: 139)
[Worker 0].
Warning: num_agents (8) is greater than the number of available vehicle parameters (4). Cycling vehicle templates.
[Worker 1] TensorFlow device=GPU, mixed_precision=mixed_float16
[Worker 1] Random seed fixed: 200271
[Worker 1] started on GPU.
  [Worker 1] episode 230 finished. (AvgLatErr: 0.1657, Steps: 155)
  [Worker 1] episode 231 finished. (AvgLatErr: 0.2813, Steps: 132)
  [Worker 1] episode 232 finished. (AvgLatErr: 0.5040, Steps: 140)
  [Worker 1] episode 233 finished. (AvgLatErr: 0.2210, Steps: 112)
  [Worker 1] episode 234 finished. (AvgLatErr: 0.4267, Steps: 101)
  [Worker 1] episode 235 finished. (AvgLatErr: 0.1592, Steps: 134)
  [Worker 1] episode 236 finished. (AvgLatErr: 0.3190, Steps: 115)
  [Worker 1] episode 237 finished. (AvgLatErr: 0.2359, Steps: 119)
  [Worker 1] episode 238 finished. (AvgLatErr: 0.1604, Steps: 143)
  [Worker 1] episode 239 finished. (AvgLatErr: 0.2129, Steps: 137)
[Worker 1].
Warning: num_agents (8) is greater than the number of available vehicle parameters (4). Cycling vehicle templates.
[Worker 2] TensorFlow device=GPU, mixed_precision=mixed_float16
[Worker 2] Random seed fixed: 300271
[Worker 2] started on GPU.
  [Worker 2] episode 230 finished. (AvgLatErr: 0.2363, Steps: 135)
  [Worker 2] episode 231 finished. (AvgLatErr: 0.4993, Steps: 130)
  [Worker 2] episode 232 finished. (AvgLatErr: 0.3233, Steps: 138)
  [Worker 2] episode 233 finished. (AvgLatErr: 0.4728, Steps: 134)
  [Worker 2] episode 234 finished. (AvgLatErr: 0.5148, Steps: 135)
  [Worker 2] episode 235 finished. (AvgLatErr: 0.2750, Steps: 138)
  [Worker 2] episode 236 finished. (AvgLatErr: 0.3401, Steps: 128)
  [Worker 2] episode 237 finished. (AvgLatErr: 2.6493, Steps: 188)
  [Worker 2] episode 238 finished. (AvgLatErr: 0.7725, Steps: 117)
  [Worker 2] episode 239 finished. (AvgLatErr: 0.4687, Steps: 117)
[Worker 2].
Warning: num_agents (8) is greater than the number of available vehicle parameters (4). Cycling vehicle templates.
[Worker 3] TensorFlow device=GPU, mixed_precision=mixed_float16
[Worker 3] Random seed fixed: 400271
[Worker 3] started on GPU.
  [Worker 3] episode 230 finished. (AvgLatErr: 0.4044, Steps: 198)
  [Worker 3] episode 231 finished. (AvgLatErr: 0.5060, Steps: 172)
  [Worker 3] episode 232 finished. (AvgLatErr: 0.4186, Steps: 194)
  [Worker 3] episode 233 finished. (AvgLatErr: 0.6255, Steps: 175)
  [Worker 3] episode 234 finished. (AvgLatErr: 0.4726, Steps: 185)
  [Worker 3] episode 235 finished. (AvgLatErr: 0.3511, Steps: 191)
  [Worker 3] episode 236 finished. (AvgLatErr: 0.3886, Steps: 193)
  [Worker 3] episode 237 finished. (AvgLatErr: 0.4529, Steps: 181)
  [Worker 3] episode 238 finished. (AvgLatErr: 0.4728, Steps: 171)
  [Worker 3] episode 239 finished. (AvgLatErr: 0.4155, Steps: 168)
[Worker 3].
Warning: num_agents (8) is greater than the number of available vehicle parameters (4). Cycling vehicle templates.
[Worker 4] TensorFlow device=GPU, mixed_precision=mixed_float16
[Worker 4] Random seed fixed: 500271
[Worker 4] started on GPU.
  [Worker 4] episode 230 finished. (AvgLatErr: 0.3724, Steps: 180)
  [Worker 4] episode 231 finished. (AvgLatErr: 0.5226, Steps: 172)
  [Worker 4] episode 232 finished. (AvgLatErr: 0.2985, Steps: 173)
  [Worker 4] episode 233 finished. (AvgLatErr: 0.4941, Steps: 183)
  [Worker 4] episode 234 finished. (AvgLatErr: 0.3580, Steps: 151)
  [Worker 4] episode 235 finished. (AvgLatErr: 0.4098, Steps: 160)
  [Worker 4] episode 236 finished. (AvgLatErr: 0.5031, Steps: 153)
  [Worker 4] episode 237 finished. (AvgLatErr: 0.3643, Steps: 177)
  [Worker 4] episode 238 finished. (AvgLatErr: 0.4233, Steps: 170)
  [Worker 4] episode 239 finished. (AvgLatErr: 0.6007, Steps: 171)
[Worker 4].
Warning: num_agents (8) is greater than the number of available vehicle parameters (4). Cycling vehicle templates.
[Worker 7] TensorFlow device=GPU, mixed_precision=mixed_float16
[Worker 7] Random seed fixed: 800271
[Worker 7] started on GPU.
  [Worker 7] episode 230 finished. (AvgLatErr: 0.2626, Steps: 175)
  [Worker 7] episode 231 finished. (AvgLatErr: 0.1451, Steps: 193)
  [Worker 7] episode 232 finished. (AvgLatErr: 0.3332, Steps: 158)
  [Worker 7] episode 233 finished. (AvgLatErr: 0.2609, Steps: 118)
  [Worker 7] episode 234 finished. (AvgLatErr: 0.5048, Steps: 119)
  [Worker 7] episode 235 finished. (AvgLatErr: 0.4066, Steps: 128)
  [Worker 7] episode 236 finished. (AvgLatErr: 0.4288, Steps: 120)
  [Worker 7] episode 237 finished. (AvgLatErr: 0.2866, Steps: 112)
  [Worker 7] episode 238 finished. (AvgLatErr: 0.2757, Steps: 125)
  [Worker 7] episode 239 finished. (AvgLatErr: 0.3821, Steps: 144)
[Worker 7].
Warning: num_agents (8) is greater than the number of available vehicle parameters (4). Cycling vehicle templates.
[Worker 5] TensorFlow device=GPU, mixed_precision=mixed_float16
[Worker 5] Random seed fixed: 600271
[Worker 5] started on GPU.
  [Worker 5] episode 230 finished. (AvgLatErr: 0.2968, Steps: 200)
  [Worker 5] episode 231 finished. (AvgLatErr: 0.2587, Steps: 199)
  [Worker 5] episode 232 finished. (AvgLatErr: 0.3337, Steps: 152)
  [Worker 5] episode 233 finished. (AvgLatErr: 0.2191, Steps: 173)
  [Worker 5] episode 234 finished. (AvgLatErr: 0.2101, Steps: 166)
  [Worker 5] episode 235 finished. (AvgLatErr: 0.2512, Steps: 200)
  [Worker 5] episode 236 finished. (AvgLatErr: 0.2330, Steps: 172)
  [Worker 5] episode 237 finished. (AvgLatErr: 0.2477, Steps: 162)
  [Worker 5] episode 238 finished. (AvgLatErr: 0.4470, Steps: 172)
  [Worker 5] episode 239 finished. (AvgLatErr: 0.2540, Steps: 184)
[Worker 5].
Warning: num_agents (8) is greater than the number of available vehicle parameters (4). Cycling vehicle templates.
[Worker 6] TensorFlow device=GPU, mixed_precision=mixed_float16
[Worker 6] Random seed fixed: 700271
[Worker 6] started on GPU.
  [Worker 6] episode 230 finished. (AvgLatErr: 0.3696, Steps: 200)
  [Worker 6] episode 231 finished. (AvgLatErr: 0.6355, Steps: 200)
  [Worker 6] episode 232 finished. (AvgLatErr: 0.5632, Steps: 200)
  [Worker 6] episode 233 finished. (AvgLatErr: 0.5716, Steps: 200)
  [Worker 6] episode 234 finished. (AvgLatErr: 0.5057, Steps: 200)
  [Worker 6] episode 235 finished. (AvgLatErr: 0.6227, Steps: 200)
  [Worker 6] episode 236 finished. (AvgLatErr: 0.3609, Steps: 200)
  [Worker 6] episode 237 finished. (AvgLatErr: 0.2260, Steps: 200)
  [Worker 6] episode 238 finished. (AvgLatErr: 0.3807, Steps: 200)
  [Worker 6] episode 239 finished. (AvgLatErr: 0.5153, Steps: 200)
[Worker 6].
[Main] workers finished. (elapsed: 112.39s)
[Main] Aggregation-selected agents: [1, 2, 4, 7]
[Main] FedAdagrad update completed.
[Main] Replay buffers reset after global model update.
============================================================================================
239 EP / Agent 0 : Avg Lat Err 1.1880
239 EP / Agent 1 : Avg Lat Err 0.2129
239 EP / Agent 2 : Avg Lat Err 0.4687
239 EP / Agent 3 : Avg Lat Err 0.4155
239 EP / Agent 4 : Avg Lat Err 0.6007
239 EP / Agent 5 : Avg Lat Err 0.2540
239 EP / Agent 6 : Avg Lat Err 0.5153
239 EP / Agent 7 : Avg Lat Err 0.3821
============================================================================================

============================================================================================
[Main] FL round started. (episode 240 ~ 249)
[Main] Client selection: mode=random, budget=4
[Main] Participating agents: [0, 1, 2, 3, 4, 5, 6, 7]
Warning: num_agents (8) is greater than the number of available vehicle parameters (4). Cycling vehicle templates.
[Worker 0] TensorFlow device=GPU, mixed_precision=mixed_float16
[Worker 0] Random seed fixed: 100281
[Worker 0] started on GPU.
  [Worker 0] episode 240 finished. (AvgLatErr: 0.7738, Steps: 128)
  [Worker 0] episode 241 finished. (AvgLatErr: 0.7570, Steps: 143)
  [Worker 0] episode 242 finished. (AvgLatErr: 0.7053, Steps: 140)
  [Worker 0] episode 243 finished. (AvgLatErr: 0.6801, Steps: 138)
  [Worker 0] episode 244 finished. (AvgLatErr: 0.9945, Steps: 136)
  [Worker 0] episode 245 finished. (AvgLatErr: 0.7430, Steps: 138)
  [Worker 0] episode 246 finished. (AvgLatErr: 0.6645, Steps: 134)
  [Worker 0] episode 247 finished. (AvgLatErr: 0.9317, Steps: 130)
  [Worker 0] episode 248 finished. (AvgLatErr: 1.1206, Steps: 140)
  [Worker 0] episode 249 finished. (AvgLatErr: 0.7821, Steps: 142)
[Worker 0].
Warning: num_agents (8) is greater than the number of available vehicle parameters (4). Cycling vehicle templates.
[Worker 2] TensorFlow device=GPU, mixed_precision=mixed_float16
[Worker 2] Random seed fixed: 300281
[Worker 2] started on GPU.
  [Worker 2] episode 240 finished. (AvgLatErr: 1.7385, Steps: 158)
  [Worker 2] episode 241 finished. (AvgLatErr: 0.3105, Steps: 126)
  [Worker 2] episode 242 finished. (AvgLatErr: 0.4026, Steps: 163)
  [Worker 2] episode 243 finished. (AvgLatErr: 0.4147, Steps: 127)
  [Worker 2] episode 244 finished. (AvgLatErr: 0.3919, Steps: 132)
  [Worker 2] episode 245 finished. (AvgLatErr: 0.3327, Steps: 131)
  [Worker 2] episode 246 finished. (AvgLatErr: 0.4717, Steps: 130)
  [Worker 2] episode 247 finished. (AvgLatErr: 0.5423, Steps: 139)
  [Worker 2] episode 248 finished. (AvgLatErr: 0.4100, Steps: 135)
  [Worker 2] episode 249 finished. (AvgLatErr: 0.6864, Steps: 128)
[Worker 2].
Warning: num_agents (8) is greater than the number of available vehicle parameters (4). Cycling vehicle templates.
[Worker 1] TensorFlow device=GPU, mixed_precision=mixed_float16
[Worker 1] Random seed fixed: 200281
[Worker 1] started on GPU.
  [Worker 1] episode 240 finished. (AvgLatErr: 0.1690, Steps: 157)
  [Worker 1] episode 241 finished. (AvgLatErr: 0.1210, Steps: 187)
  [Worker 1] episode 242 finished. (AvgLatErr: 0.2271, Steps: 131)
  [Worker 1] episode 243 finished. (AvgLatErr: 0.1343, Steps: 191)
  [Worker 1] episode 244 finished. (AvgLatErr: 0.1191, Steps: 195)
  [Worker 1] episode 245 finished. (AvgLatErr: 0.1692, Steps: 159)
  [Worker 1] episode 246 finished. (AvgLatErr: 0.1181, Steps: 151)
  [Worker 1] episode 247 finished. (AvgLatErr: 0.1730, Steps: 145)
  [Worker 1] episode 248 finished. (AvgLatErr: 0.1959, Steps: 140)
  [Worker 1] episode 249 finished. (AvgLatErr: 0.3758, Steps: 143)
[Worker 1].
Warning: num_agents (8) is greater than the number of available vehicle parameters (4). Cycling vehicle templates.
[Worker 4] TensorFlow device=GPU, mixed_precision=mixed_float16
[Worker 4] Random seed fixed: 500281
[Worker 4] started on GPU.
  [Worker 4] episode 240 finished. (AvgLatErr: 0.4133, Steps: 169)
  [Worker 4] episode 241 finished. (AvgLatErr: 0.6373, Steps: 175)
  [Worker 4] episode 242 finished. (AvgLatErr: 0.3801, Steps: 158)
  [Worker 4] episode 243 finished. (AvgLatErr: 0.3816, Steps: 159)
  [Worker 4] episode 244 finished. (AvgLatErr: 0.4290, Steps: 167)
  [Worker 4] episode 245 finished. (AvgLatErr: 0.3620, Steps: 162)
  [Worker 4] episode 246 finished. (AvgLatErr: 0.4958, Steps: 169)
  [Worker 4] episode 247 finished. (AvgLatErr: 0.4279, Steps: 165)
  [Worker 4] episode 248 finished. (AvgLatErr: 0.2916, Steps: 159)
  [Worker 4] episode 249 finished. (AvgLatErr: 0.4122, Steps: 148)
[Worker 4].
Warning: num_agents (8) is greater than the number of available vehicle parameters (4). Cycling vehicle templates.
[Worker 3] TensorFlow device=GPU, mixed_precision=mixed_float16
[Worker 3] Random seed fixed: 400281
[Worker 3] started on GPU.
  [Worker 3] episode 240 finished. (AvgLatErr: 0.3991, Steps: 185)
  [Worker 3] episode 241 finished. (AvgLatErr: 0.2320, Steps: 200)
  [Worker 3] episode 242 finished. (AvgLatErr: 0.4537, Steps: 184)
  [Worker 3] episode 243 finished. (AvgLatErr: 0.9247, Steps: 182)
  [Worker 3] episode 244 finished. (AvgLatErr: 0.4078, Steps: 165)
  [Worker 3] episode 245 finished. (AvgLatErr: 0.5274, Steps: 173)
  [Worker 3] episode 246 finished. (AvgLatErr: 0.3427, Steps: 199)
  [Worker 3] episode 247 finished. (AvgLatErr: 0.4812, Steps: 179)
  [Worker 3] episode 248 finished. (AvgLatErr: 0.4079, Steps: 185)
  [Worker 3] episode 249 finished. (AvgLatErr: 0.7393, Steps: 177)
[Worker 3].
Warning: num_agents (8) is greater than the number of available vehicle parameters (4). Cycling vehicle templates.
[Worker 7] TensorFlow device=GPU, mixed_precision=mixed_float16
[Worker 7] Random seed fixed: 800281
[Worker 7] started on GPU.
  [Worker 7] episode 240 finished. (AvgLatErr: 0.2065, Steps: 159)
  [Worker 7] episode 241 finished. (AvgLatErr: 0.3502, Steps: 154)
  [Worker 7] episode 242 finished. (AvgLatErr: 0.2949, Steps: 176)
  [Worker 7] episode 243 finished. (AvgLatErr: 0.1621, Steps: 148)
  [Worker 7] episode 244 finished. (AvgLatErr: 0.1942, Steps: 144)
  [Worker 7] episode 245 finished. (AvgLatErr: 0.5441, Steps: 139)
  [Worker 7] episode 246 finished. (AvgLatErr: 0.3463, Steps: 142)
  [Worker 7] episode 247 finished. (AvgLatErr: 0.5288, Steps: 126)
  [Worker 7] episode 248 finished. (AvgLatErr: 0.2956, Steps: 113)
  [Worker 7] episode 249 finished. (AvgLatErr: 0.4102, Steps: 137)
[Worker 7].
Warning: num_agents (8) is greater than the number of available vehicle parameters (4). Cycling vehicle templates.
[Worker 5] TensorFlow device=GPU, mixed_precision=mixed_float16
[Worker 5] Random seed fixed: 600281
[Worker 5] started on GPU.
  [Worker 5] episode 240 finished. (AvgLatErr: 0.2812, Steps: 199)
  [Worker 5] episode 241 finished. (AvgLatErr: 0.2320, Steps: 178)
  [Worker 5] episode 242 finished. (AvgLatErr: 0.3034, Steps: 182)
  [Worker 5] episode 243 finished. (AvgLatErr: 0.2554, Steps: 165)
  [Worker 5] episode 244 finished. (AvgLatErr: 0.3294, Steps: 172)
  [Worker 5] episode 245 finished. (AvgLatErr: 0.1674, Steps: 187)
  [Worker 5] episode 246 finished. (AvgLatErr: 0.3411, Steps: 168)
  [Worker 5] episode 247 finished. (AvgLatErr: 0.2164, Steps: 147)
  [Worker 5] episode 248 finished. (AvgLatErr: 0.1580, Steps: 186)
  [Worker 5] episode 249 finished. (AvgLatErr: 0.2519, Steps: 166)
[Worker 5].
Warning: num_agents (8) is greater than the number of available vehicle parameters (4). Cycling vehicle templates.
[Worker 6] TensorFlow device=GPU, mixed_precision=mixed_float16
[Worker 6] Random seed fixed: 700281
[Worker 6] started on GPU.
  [Worker 6] episode 240 finished. (AvgLatErr: 0.9732, Steps: 200)
  [Worker 6] episode 241 finished. (AvgLatErr: 0.6029, Steps: 200)
  [Worker 6] episode 242 finished. (AvgLatErr: 0.5124, Steps: 200)
  [Worker 6] episode 243 finished. (AvgLatErr: 0.4545, Steps: 200)
  [Worker 6] episode 244 finished. (AvgLatErr: 0.3159, Steps: 198)
  [Worker 6] episode 245 finished. (AvgLatErr: 0.3529, Steps: 200)
  [Worker 6] episode 246 finished. (AvgLatErr: 0.3456, Steps: 200)
  [Worker 6] episode 247 finished. (AvgLatErr: 0.4343, Steps: 200)
  [Worker 6] episode 248 finished. (AvgLatErr: 0.3758, Steps: 200)
  [Worker 6] episode 249 finished. (AvgLatErr: 0.2965, Steps: 200)
[Worker 6].
[Main] workers finished. (elapsed: 117.26s)
[Main] Aggregation-selected agents: [0, 1, 3, 4]
[Main] FedAdagrad update completed.
[Main] Replay buffers reset after global model update.
============================================================================================
249 EP / Agent 0 : Avg Lat Err 0.7821
249 EP / Agent 1 : Avg Lat Err 0.3758
249 EP / Agent 2 : Avg Lat Err 0.6864
249 EP / Agent 3 : Avg Lat Err 0.7393
249 EP / Agent 4 : Avg Lat Err 0.4122
249 EP / Agent 5 : Avg Lat Err 0.2519
249 EP / Agent 6 : Avg Lat Err 0.2965
249 EP / Agent 7 : Avg Lat Err 0.4102
============================================================================================
[Main] Model checkpoint saved: C:\Users\syd79\FRL-Q\experiments\fast_parallel_fedadagrad_8random4_20260916_run1_random_4of8\checkpoints\global_model_episode_000250.weights.h5

============================================================================================
[Main] FL round started. (episode 250 ~ 259)
[Main] Client selection: mode=random, budget=4
[Main] Participating agents: [0, 1, 2, 3, 4, 5, 6, 7]
Warning: num_agents (8) is greater than the number of available vehicle parameters (4). Cycling vehicle templates.
[Worker 0] TensorFlow device=GPU, mixed_precision=mixed_float16
[Worker 0] Random seed fixed: 100291
[Worker 0] started on GPU.
  [Worker 0] episode 250 finished. (AvgLatErr: 0.9090, Steps: 135)
  [Worker 0] episode 251 finished. (AvgLatErr: 0.9366, Steps: 138)
  [Worker 0] episode 252 finished. (AvgLatErr: 1.0565, Steps: 148)
  [Worker 0] episode 253 finished. (AvgLatErr: 1.1657, Steps: 139)
  [Worker 0] episode 254 finished. (AvgLatErr: 1.4053, Steps: 141)
  [Worker 0] episode 255 finished. (AvgLatErr: 1.1251, Steps: 140)
  [Worker 0] episode 256 finished. (AvgLatErr: 1.3932, Steps: 147)
  [Worker 0] episode 257 finished. (AvgLatErr: 0.6142, Steps: 137)
  [Worker 0] episode 258 finished. (AvgLatErr: 0.7242, Steps: 142)
  [Worker 0] episode 259 finished. (AvgLatErr: 0.7705, Steps: 158)
[Worker 0].
Warning: num_agents (8) is greater than the number of available vehicle parameters (4). Cycling vehicle templates.
[Worker 1] TensorFlow device=GPU, mixed_precision=mixed_float16
[Worker 1] Random seed fixed: 200291
[Worker 1] started on GPU.
  [Worker 1] episode 250 finished. (AvgLatErr: 0.1559, Steps: 141)
  [Worker 1] episode 251 finished. (AvgLatErr: 0.2720, Steps: 139)
  [Worker 1] episode 252 finished. (AvgLatErr: 0.3266, Steps: 143)
  [Worker 1] episode 253 finished. (AvgLatErr: 0.3508, Steps: 147)
  [Worker 1] episode 254 finished. (AvgLatErr: 0.2502, Steps: 151)
  [Worker 1] episode 255 finished. (AvgLatErr: 0.3390, Steps: 140)
  [Worker 1] episode 256 finished. (AvgLatErr: 0.3349, Steps: 141)
  [Worker 1] episode 257 finished. (AvgLatErr: 0.3404, Steps: 139)
  [Worker 1] episode 258 finished. (AvgLatErr: 0.3023, Steps: 141)
  [Worker 1] episode 259 finished. (AvgLatErr: 0.2615, Steps: 141)
[Worker 1].
Warning: num_agents (8) is greater than the number of available vehicle parameters (4). Cycling vehicle templates.
[Worker 2] TensorFlow device=GPU, mixed_precision=mixed_float16
[Worker 2] Random seed fixed: 300291
[Worker 2] started on GPU.
  [Worker 2] episode 250 finished. (AvgLatErr: 0.4435, Steps: 140)
  [Worker 2] episode 251 finished. (AvgLatErr: 0.2684, Steps: 155)
  [Worker 2] episode 252 finished. (AvgLatErr: 0.3792, Steps: 140)
  [Worker 2] episode 253 finished. (AvgLatErr: 0.3558, Steps: 138)
  [Worker 2] episode 254 finished. (AvgLatErr: 0.2201, Steps: 143)
  [Worker 2] episode 255 finished. (AvgLatErr: 0.4008, Steps: 135)
  [Worker 2] episode 256 finished. (AvgLatErr: 0.3221, Steps: 140)
  [Worker 2] episode 257 finished. (AvgLatErr: 0.3704, Steps: 136)
  [Worker 2] episode 258 finished. (AvgLatErr: 0.6690, Steps: 150)
  [Worker 2] episode 259 finished. (AvgLatErr: 0.4976, Steps: 157)
[Worker 2].
Warning: num_agents (8) is greater than the number of available vehicle parameters (4). Cycling vehicle templates.
[Worker 7] TensorFlow device=GPU, mixed_precision=mixed_float16
[Worker 7] Random seed fixed: 800291
[Worker 7] started on GPU.
  [Worker 7] episode 250 finished. (AvgLatErr: 0.1572, Steps: 152)
  [Worker 7] episode 251 finished. (AvgLatErr: 0.2103, Steps: 141)
  [Worker 7] episode 252 finished. (AvgLatErr: 0.4364, Steps: 132)
  [Worker 7] episode 253 finished. (AvgLatErr: 0.2637, Steps: 151)
  [Worker 7] episode 254 finished. (AvgLatErr: 0.2796, Steps: 137)
  [Worker 7] episode 255 finished. (AvgLatErr: 0.2568, Steps: 126)
  [Worker 7] episode 256 finished. (AvgLatErr: 0.1658, Steps: 138)
  [Worker 7] episode 257 finished. (AvgLatErr: 0.2632, Steps: 115)
  [Worker 7] episode 258 finished. (AvgLatErr: 0.3144, Steps: 132)
  [Worker 7] episode 259 finished. (AvgLatErr: 0.2737, Steps: 132)
[Worker 7].
Warning: num_agents (8) is greater than the number of available vehicle parameters (4). Cycling vehicle templates.
[Worker 4] TensorFlow device=GPU, mixed_precision=mixed_float16
[Worker 4] Random seed fixed: 500291
[Worker 4] started on GPU.
  [Worker 4] episode 250 finished. (AvgLatErr: 0.4045, Steps: 180)
  [Worker 4] episode 251 finished. (AvgLatErr: 0.3639, Steps: 178)
  [Worker 4] episode 252 finished. (AvgLatErr: 0.3353, Steps: 183)
  [Worker 4] episode 253 finished. (AvgLatErr: 0.2890, Steps: 187)
  [Worker 4] episode 254 finished. (AvgLatErr: 0.2736, Steps: 184)
  [Worker 4] episode 255 finished. (AvgLatErr: 0.5378, Steps: 179)
  [Worker 4] episode 256 finished. (AvgLatErr: 0.3323, Steps: 166)
  [Worker 4] episode 257 finished. (AvgLatErr: 0.3647, Steps: 189)
  [Worker 4] episode 258 finished. (AvgLatErr: 0.2204, Steps: 161)
  [Worker 4] episode 259 finished. (AvgLatErr: 0.4171, Steps: 158)
[Worker 4].
Warning: num_agents (8) is greater than the number of available vehicle parameters (4). Cycling vehicle templates.
[Worker 3] TensorFlow device=GPU, mixed_precision=mixed_float16
[Worker 3] Random seed fixed: 400291
[Worker 3] started on GPU.
  [Worker 3] episode 250 finished. (AvgLatErr: 0.2097, Steps: 193)
  [Worker 3] episode 251 finished. (AvgLatErr: 0.3035, Steps: 192)
  [Worker 3] episode 252 finished. (AvgLatErr: 0.3140, Steps: 194)
  [Worker 3] episode 253 finished. (AvgLatErr: 0.2366, Steps: 195)
  [Worker 3] episode 254 finished. (AvgLatErr: 0.2430, Steps: 200)
  [Worker 3] episode 255 finished. (AvgLatErr: 0.3405, Steps: 195)
  [Worker 3] episode 256 finished. (AvgLatErr: 0.2852, Steps: 198)
  [Worker 3] episode 257 finished. (AvgLatErr: 0.4920, Steps: 190)
  [Worker 3] episode 258 finished. (AvgLatErr: 0.2230, Steps: 183)
  [Worker 3] episode 259 finished. (AvgLatErr: 0.4765, Steps: 190)
[Worker 3].
Warning: num_agents (8) is greater than the number of available vehicle parameters (4). Cycling vehicle templates.
[Worker 5] TensorFlow device=GPU, mixed_precision=mixed_float16
[Worker 5] Random seed fixed: 600291
[Worker 5] started on GPU.
  [Worker 5] episode 250 finished. (AvgLatErr: 0.2531, Steps: 184)
  [Worker 5] episode 251 finished. (AvgLatErr: 0.2337, Steps: 186)
  [Worker 5] episode 252 finished. (AvgLatErr: 0.2128, Steps: 164)
  [Worker 5] episode 253 finished. (AvgLatErr: 0.2541, Steps: 179)
  [Worker 5] episode 254 finished. (AvgLatErr: 0.1412, Steps: 197)
  [Worker 5] episode 255 finished. (AvgLatErr: 0.1458, Steps: 200)
  [Worker 5] episode 256 finished. (AvgLatErr: 0.2816, Steps: 168)
  [Worker 5] episode 257 finished. (AvgLatErr: 0.1854, Steps: 179)
  [Worker 5] episode 258 finished. (AvgLatErr: 0.2353, Steps: 188)
  [Worker 5] episode 259 finished. (AvgLatErr: 0.2487, Steps: 168)
[Worker 5].
Warning: num_agents (8) is greater than the number of available vehicle parameters (4). Cycling vehicle templates.
[Worker 6] TensorFlow device=GPU, mixed_precision=mixed_float16
[Worker 6] Random seed fixed: 700291
[Worker 6] started on GPU.
  [Worker 6] episode 250 finished. (AvgLatErr: 0.3167, Steps: 198)
  [Worker 6] episode 251 finished. (AvgLatErr: 0.4046, Steps: 200)
  [Worker 6] episode 252 finished. (AvgLatErr: 0.4373, Steps: 200)
  [Worker 6] episode 253 finished. (AvgLatErr: 0.5268, Steps: 200)
  [Worker 6] episode 254 finished. (AvgLatErr: 0.4702, Steps: 200)
  [Worker 6] episode 255 finished. (AvgLatErr: 0.7616, Steps: 200)
  [Worker 6] episode 256 finished. (AvgLatErr: 0.5346, Steps: 200)
  [Worker 6] episode 257 finished. (AvgLatErr: 0.6656, Steps: 193)
  [Worker 6] episode 258 finished. (AvgLatErr: 0.4030, Steps: 200)
  [Worker 6] episode 259 finished. (AvgLatErr: 0.5659, Steps: 189)
[Worker 6].
[Main] workers finished. (elapsed: 111.71s)
[Main] Aggregation-selected agents: [0, 2, 5, 6]
[Main] FedAdagrad update completed.
[Main] Replay buffers reset after global model update.
============================================================================================
259 EP / Agent 0 : Avg Lat Err 0.7705
259 EP / Agent 1 : Avg Lat Err 0.2615
259 EP / Agent 2 : Avg Lat Err 0.4976
259 EP / Agent 3 : Avg Lat Err 0.4765
259 EP / Agent 4 : Avg Lat Err 0.4171
259 EP / Agent 5 : Avg Lat Err 0.2487
259 EP / Agent 6 : Avg Lat Err 0.5659
259 EP / Agent 7 : Avg Lat Err 0.2737
============================================================================================

============================================================================================
[Main] FL round started. (episode 260 ~ 269)
[Main] Client selection: mode=random, budget=4
[Main] Participating agents: [0, 1, 2, 3, 4, 5, 6, 7]
Warning: num_agents (8) is greater than the number of available vehicle parameters (4). Cycling vehicle templates.
[Worker 0] TensorFlow device=GPU, mixed_precision=mixed_float16
[Worker 0] Random seed fixed: 100301
[Worker 0] started on GPU.
  [Worker 0] episode 260 finished. (AvgLatErr: 0.5340, Steps: 132)
  [Worker 0] episode 261 finished. (AvgLatErr: 1.0869, Steps: 137)
  [Worker 0] episode 262 finished. (AvgLatErr: 1.0765, Steps: 138)
  [Worker 0] episode 263 finished. (AvgLatErr: 0.5305, Steps: 127)
  [Worker 0] episode 264 finished. (AvgLatErr: 0.7371, Steps: 151)
  [Worker 0] episode 265 finished. (AvgLatErr: 1.5398, Steps: 139)
  [Worker 0] episode 266 finished. (AvgLatErr: 0.4469, Steps: 138)
  [Worker 0] episode 267 finished. (AvgLatErr: 0.7732, Steps: 146)
  [Worker 0] episode 268 finished. (AvgLatErr: 1.1636, Steps: 131)
  [Worker 0] episode 269 finished. (AvgLatErr: 0.5833, Steps: 136)
[Worker 0].
Warning: num_agents (8) is greater than the number of available vehicle parameters (4). Cycling vehicle templates.
[Worker 1] TensorFlow device=GPU, mixed_precision=mixed_float16
[Worker 1] Random seed fixed: 200301
[Worker 1] started on GPU.
  [Worker 1] episode 260 finished. (AvgLatErr: 0.2481, Steps: 117)
  [Worker 1] episode 261 finished. (AvgLatErr: 0.3176, Steps: 140)
  [Worker 1] episode 262 finished. (AvgLatErr: 0.2560, Steps: 126)
  [Worker 1] episode 263 finished. (AvgLatErr: 0.2287, Steps: 123)
  [Worker 1] episode 264 finished. (AvgLatErr: 0.2880, Steps: 119)
  [Worker 1] episode 265 finished. (AvgLatErr: 0.2845, Steps: 143)
  [Worker 1] episode 266 finished. (AvgLatErr: 0.2508, Steps: 117)
  [Worker 1] episode 267 finished. (AvgLatErr: 0.1986, Steps: 126)
  [Worker 1] episode 268 finished. (AvgLatErr: 0.1250, Steps: 138)
  [Worker 1] episode 269 finished. (AvgLatErr: 0.1757, Steps: 133)
[Worker 1].
Warning: num_agents (8) is greater than the number of available vehicle parameters (4). Cycling vehicle templates.
[Worker 2] TensorFlow device=GPU, mixed_precision=mixed_float16
[Worker 2] Random seed fixed: 300301
[Worker 2] started on GPU.
  [Worker 2] episode 260 finished. (AvgLatErr: 0.3111, Steps: 138)
  [Worker 2] episode 261 finished. (AvgLatErr: 0.3124, Steps: 140)
  [Worker 2] episode 262 finished. (AvgLatErr: 0.4192, Steps: 139)
  [Worker 2] episode 263 finished. (AvgLatErr: 0.4276, Steps: 150)
  [Worker 2] episode 264 finished. (AvgLatErr: 0.3965, Steps: 133)
  [Worker 2] episode 265 finished. (AvgLatErr: 0.5473, Steps: 139)
  [Worker 2] episode 266 finished. (AvgLatErr: 0.7042, Steps: 131)
  [Worker 2] episode 267 finished. (AvgLatErr: 0.4541, Steps: 138)
  [Worker 2] episode 268 finished. (AvgLatErr: 0.7201, Steps: 136)
  [Worker 2] episode 269 finished. (AvgLatErr: 0.3801, Steps: 120)
[Worker 2].
Warning: num_agents (8) is greater than the number of available vehicle parameters (4). Cycling vehicle templates.
[Worker 4] TensorFlow device=GPU, mixed_precision=mixed_float16
[Worker 4] Random seed fixed: 500301
[Worker 4] started on GPU.
  [Worker 4] episode 260 finished. (AvgLatErr: 0.2770, Steps: 168)
  [Worker 4] episode 261 finished. (AvgLatErr: 0.3809, Steps: 184)
  [Worker 4] episode 262 finished. (AvgLatErr: 0.5176, Steps: 189)
  [Worker 4] episode 263 finished. (AvgLatErr: 0.5011, Steps: 183)
  [Worker 4] episode 264 finished. (AvgLatErr: 0.4012, Steps: 173)
  [Worker 4] episode 265 finished. (AvgLatErr: 0.3266, Steps: 153)
  [Worker 4] episode 266 finished. (AvgLatErr: 0.3023, Steps: 159)
  [Worker 4] episode 267 finished. (AvgLatErr: 0.3729, Steps: 153)
  [Worker 4] episode 268 finished. (AvgLatErr: 0.2824, Steps: 162)
  [Worker 4] episode 269 finished. (AvgLatErr: 0.3034, Steps: 168)
[Worker 4].
Warning: num_agents (8) is greater than the number of available vehicle parameters (4). Cycling vehicle templates.
[Worker 3] TensorFlow device=GPU, mixed_precision=mixed_float16
[Worker 3] Random seed fixed: 400301
[Worker 3] started on GPU.
  [Worker 3] episode 260 finished. (AvgLatErr: 0.2036, Steps: 200)
  [Worker 3] episode 261 finished. (AvgLatErr: 0.3399, Steps: 200)
  [Worker 3] episode 262 finished. (AvgLatErr: 0.3671, Steps: 180)
  [Worker 3] episode 263 finished. (AvgLatErr: 0.2492, Steps: 200)
  [Worker 3] episode 264 finished. (AvgLatErr: 0.3751, Steps: 198)
  [Worker 3] episode 265 finished. (AvgLatErr: 0.2167, Steps: 198)
  [Worker 3] episode 266 finished. (AvgLatErr: 0.1911, Steps: 200)
  [Worker 3] episode 267 finished. (AvgLatErr: 0.4190, Steps: 179)
  [Worker 3] episode 268 finished. (AvgLatErr: 0.3692, Steps: 188)
  [Worker 3] episode 269 finished. (AvgLatErr: 0.2869, Steps: 194)
[Worker 3].
Warning: num_agents (8) is greater than the number of available vehicle parameters (4). Cycling vehicle templates.
[Worker 7] TensorFlow device=GPU, mixed_precision=mixed_float16
[Worker 7] Random seed fixed: 800301
[Worker 7] started on GPU.
  [Worker 7] episode 260 finished. (AvgLatErr: 0.5810, Steps: 160)
  [Worker 7] episode 261 finished. (AvgLatErr: 0.3225, Steps: 144)
  [Worker 7] episode 262 finished. (AvgLatErr: 0.2521, Steps: 132)
  [Worker 7] episode 263 finished. (AvgLatErr: 0.1833, Steps: 167)
  [Worker 7] episode 264 finished. (AvgLatErr: 0.1160, Steps: 173)
  [Worker 7] episode 265 finished. (AvgLatErr: 0.3357, Steps: 140)
  [Worker 7] episode 266 finished. (AvgLatErr: 0.1920, Steps: 133)
  [Worker 7] episode 267 finished. (AvgLatErr: 0.2080, Steps: 125)
  [Worker 7] episode 268 finished. (AvgLatErr: 0.1496, Steps: 149)
  [Worker 7] episode 269 finished. (AvgLatErr: 0.3174, Steps: 152)
[Worker 7].
Warning: num_agents (8) is greater than the number of available vehicle parameters (4). Cycling vehicle templates.
[Worker 5] TensorFlow device=GPU, mixed_precision=mixed_float16
[Worker 5] Random seed fixed: 600301
[Worker 5] started on GPU.
  [Worker 5] episode 260 finished. (AvgLatErr: 0.1939, Steps: 178)
  [Worker 5] episode 261 finished. (AvgLatErr: 0.1553, Steps: 192)
  [Worker 5] episode 262 finished. (AvgLatErr: 0.2639, Steps: 182)
  [Worker 5] episode 263 finished. (AvgLatErr: 0.1815, Steps: 156)
  [Worker 5] episode 264 finished. (AvgLatErr: 0.3472, Steps: 170)
  [Worker 5] episode 265 finished. (AvgLatErr: 0.3744, Steps: 189)
  [Worker 5] episode 266 finished. (AvgLatErr: 0.2714, Steps: 160)
  [Worker 5] episode 267 finished. (AvgLatErr: 0.2535, Steps: 157)
  [Worker 5] episode 268 finished. (AvgLatErr: 0.2961, Steps: 159)
  [Worker 5] episode 269 finished. (AvgLatErr: 0.2646, Steps: 179)
[Worker 5].
Warning: num_agents (8) is greater than the number of available vehicle parameters (4). Cycling vehicle templates.
[Worker 6] TensorFlow device=GPU, mixed_precision=mixed_float16
[Worker 6] Random seed fixed: 700301
[Worker 6] started on GPU.
  [Worker 6] episode 260 finished. (AvgLatErr: 0.5841, Steps: 200)
  [Worker 6] episode 261 finished. (AvgLatErr: 0.6685, Steps: 200)
  [Worker 6] episode 262 finished. (AvgLatErr: 0.3338, Steps: 200)
  [Worker 6] episode 263 finished. (AvgLatErr: 0.2904, Steps: 200)
  [Worker 6] episode 264 finished. (AvgLatErr: 0.2698, Steps: 200)
  [Worker 6] episode 265 finished. (AvgLatErr: 0.5730, Steps: 200)
  [Worker 6] episode 266 finished. (AvgLatErr: 0.4906, Steps: 200)
  [Worker 6] episode 267 finished. (AvgLatErr: 0.3440, Steps: 200)
  [Worker 6] episode 268 finished. (AvgLatErr: 0.4274, Steps: 200)
  [Worker 6] episode 269 finished. (AvgLatErr: 0.3670, Steps: 200)
[Worker 6].
[Main] workers finished. (elapsed: 108.35s)
[Main] Aggregation-selected agents: [1, 4, 6, 7]
[Main] FedAdagrad update completed.
[Main] Replay buffers reset after global model update.
============================================================================================
269 EP / Agent 0 : Avg Lat Err 0.5833
269 EP / Agent 1 : Avg Lat Err 0.1757
269 EP / Agent 2 : Avg Lat Err 0.3801
269 EP / Agent 3 : Avg Lat Err 0.2869
269 EP / Agent 4 : Avg Lat Err 0.3034
269 EP / Agent 5 : Avg Lat Err 0.2646
269 EP / Agent 6 : Avg Lat Err 0.3670
269 EP / Agent 7 : Avg Lat Err 0.3174
============================================================================================

============================================================================================
[Main] FL round started. (episode 270 ~ 279)
[Main] Client selection: mode=random, budget=4
[Main] Participating agents: [0, 1, 2, 3, 4, 5, 6, 7]
Warning: num_agents (8) is greater than the number of available vehicle parameters (4). Cycling vehicle templates.
[Worker 0] TensorFlow device=GPU, mixed_precision=mixed_float16
[Worker 0] Random seed fixed: 100311
[Worker 0] started on GPU.
  [Worker 0] episode 270 finished. (AvgLatErr: 0.9693, Steps: 146)
  [Worker 0] episode 271 finished. (AvgLatErr: 1.1090, Steps: 141)
  [Worker 0] episode 272 finished. (AvgLatErr: 2.1693, Steps: 146)
  [Worker 0] episode 273 finished. (AvgLatErr: 1.1248, Steps: 140)
  [Worker 0] episode 274 finished. (AvgLatErr: 0.9815, Steps: 140)
  [Worker 0] episode 275 finished. (AvgLatErr: 1.1848, Steps: 146)
  [Worker 0] episode 276 finished. (AvgLatErr: 0.6376, Steps: 137)
  [Worker 0] episode 277 finished. (AvgLatErr: 0.6199, Steps: 138)
  [Worker 0] episode 278 finished. (AvgLatErr: 1.3039, Steps: 151)
  [Worker 0] episode 279 finished. (AvgLatErr: 0.5776, Steps: 147)
[Worker 0].
Warning: num_agents (8) is greater than the number of available vehicle parameters (4). Cycling vehicle templates.
[Worker 2] TensorFlow device=GPU, mixed_precision=mixed_float16
[Worker 2] Random seed fixed: 300311
[Worker 2] started on GPU.
  [Worker 2] episode 270 finished. (AvgLatErr: 0.2571, Steps: 142)
  [Worker 2] episode 271 finished. (AvgLatErr: 0.4743, Steps: 145)
  [Worker 2] episode 272 finished. (AvgLatErr: 0.4566, Steps: 122)
  [Worker 2] episode 273 finished. (AvgLatErr: 0.5807, Steps: 139)
  [Worker 2] episode 274 finished. (AvgLatErr: 0.2447, Steps: 149)
  [Worker 2] episode 275 finished. (AvgLatErr: 0.5468, Steps: 126)
  [Worker 2] episode 276 finished. (AvgLatErr: 0.3678, Steps: 133)
  [Worker 2] episode 277 finished. (AvgLatErr: 0.5904, Steps: 134)
  [Worker 2] episode 278 finished. (AvgLatErr: 0.3758, Steps: 129)
  [Worker 2] episode 279 finished. (AvgLatErr: 0.5403, Steps: 128)
[Worker 2].
Warning: num_agents (8) is greater than the number of available vehicle parameters (4). Cycling vehicle templates.
[Worker 1] TensorFlow device=GPU, mixed_precision=mixed_float16
[Worker 1] Random seed fixed: 200311
[Worker 1] started on GPU.
  [Worker 1] episode 270 finished. (AvgLatErr: 0.1024, Steps: 189)
  [Worker 1] episode 271 finished. (AvgLatErr: 0.2644, Steps: 122)
  [Worker 1] episode 272 finished. (AvgLatErr: 0.3637, Steps: 132)
  [Worker 1] episode 273 finished. (AvgLatErr: 0.1683, Steps: 132)
  [Worker 1] episode 274 finished. (AvgLatErr: 0.1994, Steps: 137)
  [Worker 1] episode 275 finished. (AvgLatErr: 0.1228, Steps: 161)
  [Worker 1] episode 276 finished. (AvgLatErr: 0.1984, Steps: 139)
  [Worker 1] episode 277 finished. (AvgLatErr: 0.1365, Steps: 163)
  [Worker 1] episode 278 finished. (AvgLatErr: 0.1479, Steps: 142)
  [Worker 1] episode 279 finished. (AvgLatErr: 0.1321, Steps: 200)
[Worker 1].
Warning: num_agents (8) is greater than the number of available vehicle parameters (4). Cycling vehicle templates.
[Worker 3] TensorFlow device=GPU, mixed_precision=mixed_float16
[Worker 3] Random seed fixed: 400311
[Worker 3] started on GPU.
  [Worker 3] episode 270 finished. (AvgLatErr: 0.3429, Steps: 196)
  [Worker 3] episode 271 finished. (AvgLatErr: 0.4548, Steps: 180)
  [Worker 3] episode 272 finished. (AvgLatErr: 0.5014, Steps: 194)
  [Worker 3] episode 273 finished. (AvgLatErr: 0.4641, Steps: 180)
  [Worker 3] episode 274 finished. (AvgLatErr: 0.4476, Steps: 178)
  [Worker 3] episode 275 finished. (AvgLatErr: 0.4123, Steps: 187)
  [Worker 3] episode 276 finished. (AvgLatErr: 0.3500, Steps: 193)
  [Worker 3] episode 277 finished. (AvgLatErr: 0.7918, Steps: 176)
  [Worker 3] episode 278 finished. (AvgLatErr: 0.5416, Steps: 181)
  [Worker 3] episode 279 finished. (AvgLatErr: 0.6116, Steps: 171)
[Worker 3].
Warning: num_agents (8) is greater than the number of available vehicle parameters (4). Cycling vehicle templates.
[Worker 4] TensorFlow device=GPU, mixed_precision=mixed_float16
[Worker 4] Random seed fixed: 500311
[Worker 4] started on GPU.
  [Worker 4] episode 270 finished. (AvgLatErr: 0.2784, Steps: 189)
  [Worker 4] episode 271 finished. (AvgLatErr: 0.3259, Steps: 181)
  [Worker 4] episode 272 finished. (AvgLatErr: 0.4926, Steps: 174)
  [Worker 4] episode 273 finished. (AvgLatErr: 0.4362, Steps: 200)
  [Worker 4] episode 274 finished. (AvgLatErr: 0.2849, Steps: 166)
  [Worker 4] episode 275 finished. (AvgLatErr: 0.1780, Steps: 200)
  [Worker 4] episode 276 finished. (AvgLatErr: 0.2652, Steps: 164)
  [Worker 4] episode 277 finished. (AvgLatErr: 0.3369, Steps: 160)
  [Worker 4] episode 278 finished. (AvgLatErr: 0.4792, Steps: 176)
  [Worker 4] episode 279 finished. (AvgLatErr: 0.2664, Steps: 179)
[Worker 4].
Warning: num_agents (8) is greater than the number of available vehicle parameters (4). Cycling vehicle templates.
[Worker 7] TensorFlow device=GPU, mixed_precision=mixed_float16
[Worker 7] Random seed fixed: 800311
[Worker 7] started on GPU.
  [Worker 7] episode 270 finished. (AvgLatErr: 0.1705, Steps: 170)
  [Worker 7] episode 271 finished. (AvgLatErr: 0.1388, Steps: 178)
  [Worker 7] episode 272 finished. (AvgLatErr: 0.2400, Steps: 164)
  [Worker 7] episode 273 finished. (AvgLatErr: 0.2692, Steps: 145)
  [Worker 7] episode 274 finished. (AvgLatErr: 0.1606, Steps: 161)
  [Worker 7] episode 275 finished. (AvgLatErr: 0.2406, Steps: 183)
  [Worker 7] episode 276 finished. (AvgLatErr: 0.3264, Steps: 156)
  [Worker 7] episode 277 finished. (AvgLatErr: 0.2565, Steps: 148)
  [Worker 7] episode 278 finished. (AvgLatErr: 0.3335, Steps: 162)
  [Worker 7] episode 279 finished. (AvgLatErr: 0.3518, Steps: 152)
[Worker 7].
Warning: num_agents (8) is greater than the number of available vehicle parameters (4). Cycling vehicle templates.
[Worker 5] TensorFlow device=GPU, mixed_precision=mixed_float16
[Worker 5] Random seed fixed: 600311
[Worker 5] started on GPU.
  [Worker 5] episode 270 finished. (AvgLatErr: 0.2893, Steps: 191)
  [Worker 5] episode 271 finished. (AvgLatErr: 0.2303, Steps: 200)
  [Worker 5] episode 272 finished. (AvgLatErr: 0.1393, Steps: 200)
  [Worker 5] episode 273 finished. (AvgLatErr: 0.1253, Steps: 200)
  [Worker 5] episode 274 finished. (AvgLatErr: 0.1287, Steps: 200)
  [Worker 5] episode 275 finished. (AvgLatErr: 0.1109, Steps: 200)
  [Worker 5] episode 276 finished. (AvgLatErr: 0.1142, Steps: 200)
  [Worker 5] episode 277 finished. (AvgLatErr: 0.2427, Steps: 178)
  [Worker 5] episode 278 finished. (AvgLatErr: 1.2397, Steps: 182)
  [Worker 5] episode 279 finished. (AvgLatErr: 0.3831, Steps: 175)
[Worker 5].
Warning: num_agents (8) is greater than the number of available vehicle parameters (4). Cycling vehicle templates.
[Worker 6] TensorFlow device=GPU, mixed_precision=mixed_float16
[Worker 6] Random seed fixed: 700311
[Worker 6] started on GPU.
  [Worker 6] episode 270 finished. (AvgLatErr: 0.4169, Steps: 200)
  [Worker 6] episode 271 finished. (AvgLatErr: 0.4420, Steps: 198)
  [Worker 6] episode 272 finished. (AvgLatErr: 0.5836, Steps: 200)
  [Worker 6] episode 273 finished. (AvgLatErr: 0.4577, Steps: 197)
  [Worker 6] episode 274 finished. (AvgLatErr: 0.3901, Steps: 200)
  [Worker 6] episode 275 finished. (AvgLatErr: 0.3042, Steps: 200)
  [Worker 6] episode 276 finished. (AvgLatErr: 0.3963, Steps: 200)
  [Worker 6] episode 277 finished. (AvgLatErr: 0.3899, Steps: 200)
  [Worker 6] episode 278 finished. (AvgLatErr: 0.3601, Steps: 200)
  [Worker 6] episode 279 finished. (AvgLatErr: 0.3269, Steps: 200)
[Worker 6].
[Main] workers finished. (elapsed: 110.36s)
[Main] Aggregation-selected agents: [0, 3, 5, 6]
[Main] FedAdagrad update completed.
[Main] Replay buffers reset after global model update.
============================================================================================
279 EP / Agent 0 : Avg Lat Err 0.5776
279 EP / Agent 1 : Avg Lat Err 0.1321
279 EP / Agent 2 : Avg Lat Err 0.5403
279 EP / Agent 3 : Avg Lat Err 0.6116
279 EP / Agent 4 : Avg Lat Err 0.2664
279 EP / Agent 5 : Avg Lat Err 0.3831
279 EP / Agent 6 : Avg Lat Err 0.3269
279 EP / Agent 7 : Avg Lat Err 0.3518
============================================================================================

============================================================================================
[Main] FL round started. (episode 280 ~ 289)
[Main] Client selection: mode=random, budget=4
[Main] Participating agents: [0, 1, 2, 3, 4, 5, 6, 7]
Warning: num_agents (8) is greater than the number of available vehicle parameters (4). Cycling vehicle templates.
[Worker 0] TensorFlow device=GPU, mixed_precision=mixed_float16
[Worker 0] Random seed fixed: 100321
[Worker 0] started on GPU.
  [Worker 0] episode 280 finished. (AvgLatErr: 0.3645, Steps: 139)
  [Worker 0] episode 281 finished. (AvgLatErr: 0.8268, Steps: 132)
  [Worker 0] episode 282 finished. (AvgLatErr: 0.6225, Steps: 139)
  [Worker 0] episode 283 finished. (AvgLatErr: 0.5905, Steps: 134)
  [Worker 0] episode 284 finished. (AvgLatErr: 0.5270, Steps: 141)
  [Worker 0] episode 285 finished. (AvgLatErr: 1.3371, Steps: 143)
  [Worker 0] episode 286 finished. (AvgLatErr: 0.5901, Steps: 148)
  [Worker 0] episode 287 finished. (AvgLatErr: 0.6464, Steps: 145)
  [Worker 0] episode 288 finished. (AvgLatErr: 0.6268, Steps: 136)
  [Worker 0] episode 289 finished. (AvgLatErr: 0.7650, Steps: 136)
[Worker 0].
Warning: num_agents (8) is greater than the number of available vehicle parameters (4). Cycling vehicle templates.
[Worker 2] TensorFlow device=GPU, mixed_precision=mixed_float16
[Worker 2] Random seed fixed: 300321
[Worker 2] started on GPU.
  [Worker 2] episode 280 finished. (AvgLatErr: 0.3611, Steps: 149)
  [Worker 2] episode 281 finished. (AvgLatErr: 0.1931, Steps: 137)
  [Worker 2] episode 282 finished. (AvgLatErr: 0.2728, Steps: 145)
  [Worker 2] episode 283 finished. (AvgLatErr: 0.1341, Steps: 167)
  [Worker 2] episode 284 finished. (AvgLatErr: 0.2156, Steps: 148)
  [Worker 2] episode 285 finished. (AvgLatErr: 0.2713, Steps: 146)
  [Worker 2] episode 286 finished. (AvgLatErr: 0.2641, Steps: 156)
  [Worker 2] episode 287 finished. (AvgLatErr: 0.1815, Steps: 152)
  [Worker 2] episode 288 finished. (AvgLatErr: 0.2993, Steps: 140)
  [Worker 2] episode 289 finished. (AvgLatErr: 0.4361, Steps: 146)
[Worker 2].
Warning: num_agents (8) is greater than the number of available vehicle parameters (4). Cycling vehicle templates.
[Worker 1] TensorFlow device=GPU, mixed_precision=mixed_float16
[Worker 1] Random seed fixed: 200321
[Worker 1] started on GPU.
  [Worker 1] episode 280 finished. (AvgLatErr: 0.0938, Steps: 197)
  [Worker 1] episode 281 finished. (AvgLatErr: 0.0923, Steps: 200)
  [Worker 1] episode 282 finished. (AvgLatErr: 0.1181, Steps: 200)
  [Worker 1] episode 283 finished. (AvgLatErr: 0.1223, Steps: 190)
  [Worker 1] episode 284 finished. (AvgLatErr: 0.0877, Steps: 200)
  [Worker 1] episode 285 finished. (AvgLatErr: 0.0897, Steps: 200)
  [Worker 1] episode 286 finished. (AvgLatErr: 0.1379, Steps: 178)
  [Worker 1] episode 287 finished. (AvgLatErr: 0.1313, Steps: 177)
  [Worker 1] episode 288 finished. (AvgLatErr: 0.1820, Steps: 168)
  [Worker 1] episode 289 finished. (AvgLatErr: 0.1021, Steps: 200)
[Worker 1].
Warning: num_agents (8) is greater than the number of available vehicle parameters (4). Cycling vehicle templates.
[Worker 4] TensorFlow device=GPU, mixed_precision=mixed_float16
[Worker 4] Random seed fixed: 500321
[Worker 4] started on GPU.
  [Worker 4] episode 280 finished. (AvgLatErr: 0.2051, Steps: 200)
  [Worker 4] episode 281 finished. (AvgLatErr: 0.2901, Steps: 197)
  [Worker 4] episode 282 finished. (AvgLatErr: 0.3548, Steps: 166)
  [Worker 4] episode 283 finished. (AvgLatErr: 0.1690, Steps: 200)
  [Worker 4] episode 284 finished. (AvgLatErr: 0.2453, Steps: 200)
  [Worker 4] episode 285 finished. (AvgLatErr: 0.3116, Steps: 161)
  [Worker 4] episode 286 finished. (AvgLatErr: 0.3341, Steps: 167)
  [Worker 4] episode 287 finished. (AvgLatErr: 0.3827, Steps: 176)
  [Worker 4] episode 288 finished. (AvgLatErr: 0.3206, Steps: 158)
  [Worker 4] episode 289 finished. (AvgLatErr: 0.3305, Steps: 153)
[Worker 4].
Warning: num_agents (8) is greater than the number of available vehicle parameters (4). Cycling vehicle templates.
[Worker 3] TensorFlow device=GPU, mixed_precision=mixed_float16
[Worker 3] Random seed fixed: 400321
[Worker 3] started on GPU.
  [Worker 3] episode 280 finished. (AvgLatErr: 0.1663, Steps: 200)
  [Worker 3] episode 281 finished. (AvgLatErr: 0.1727, Steps: 200)
  [Worker 3] episode 282 finished. (AvgLatErr: 0.1952, Steps: 200)
  [Worker 3] episode 283 finished. (AvgLatErr: 0.2314, Steps: 199)
  [Worker 3] episode 284 finished. (AvgLatErr: 0.2031, Steps: 200)
  [Worker 3] episode 285 finished. (AvgLatErr: 0.1522, Steps: 200)
  [Worker 3] episode 286 finished. (AvgLatErr: 0.3293, Steps: 200)
  [Worker 3] episode 287 finished. (AvgLatErr: 0.4652, Steps: 186)
  [Worker 3] episode 288 finished. (AvgLatErr: 0.4702, Steps: 184)
  [Worker 3] episode 289 finished. (AvgLatErr: 0.3393, Steps: 184)
[Worker 3].
Warning: num_agents (8) is greater than the number of available vehicle parameters (4). Cycling vehicle templates.
[Worker 5] TensorFlow device=GPU, mixed_precision=mixed_float16
[Worker 5] Random seed fixed: 600321
[Worker 5] started on GPU.
  [Worker 5] episode 280 finished. (AvgLatErr: 0.1156, Steps: 200)
  [Worker 5] episode 281 finished. (AvgLatErr: 0.1836, Steps: 195)
  [Worker 5] episode 282 finished. (AvgLatErr: 0.3778, Steps: 176)
  [Worker 5] episode 283 finished. (AvgLatErr: 0.4150, Steps: 195)
  [Worker 5] episode 284 finished. (AvgLatErr: 0.0938, Steps: 200)
  [Worker 5] episode 285 finished. (AvgLatErr: 0.2786, Steps: 199)
  [Worker 5] episode 286 finished. (AvgLatErr: 0.1558, Steps: 200)
  [Worker 5] episode 287 finished. (AvgLatErr: 0.3733, Steps: 162)
  [Worker 5] episode 288 finished. (AvgLatErr: 0.1350, Steps: 200)
  [Worker 5] episode 289 finished. (AvgLatErr: 0.1197, Steps: 200)
[Worker 5].
Warning: num_agents (8) is greater than the number of available vehicle parameters (4). Cycling vehicle templates.
[Worker 6] TensorFlow device=GPU, mixed_precision=mixed_float16
[Worker 6] Random seed fixed: 700321
[Worker 6] started on GPU.
  [Worker 6] episode 280 finished. (AvgLatErr: 0.3269, Steps: 200)
  [Worker 6] episode 281 finished. (AvgLatErr: 0.2213, Steps: 200)
  [Worker 6] episode 282 finished. (AvgLatErr: 0.2003, Steps: 200)
  [Worker 6] episode 283 finished. (AvgLatErr: 0.2311, Steps: 200)
  [Worker 6] episode 284 finished. (AvgLatErr: 0.2426, Steps: 200)
  [Worker 6] episode 285 finished. (AvgLatErr: 0.1011, Steps: 200)
  [Worker 6] episode 286 finished. (AvgLatErr: 0.1456, Steps: 200)
  [Worker 6] episode 287 finished. (AvgLatErr: 0.1701, Steps: 200)
  [Worker 6] episode 288 finished. (AvgLatErr: 0.3305, Steps: 200)
  [Worker 6] episode 289 finished. (AvgLatErr: 0.3423, Steps: 200)
[Worker 6].
Warning: num_agents (8) is greater than the number of available vehicle parameters (4). Cycling vehicle templates.
[Worker 7] TensorFlow device=GPU, mixed_precision=mixed_float16
[Worker 7] Random seed fixed: 800321
[Worker 7] started on GPU.
  [Worker 7] episode 280 finished. (AvgLatErr: 0.0982, Steps: 200)
  [Worker 7] episode 281 finished. (AvgLatErr: 0.0922, Steps: 200)
  [Worker 7] episode 282 finished. (AvgLatErr: 0.0882, Steps: 200)
  [Worker 7] episode 283 finished. (AvgLatErr: 0.0972, Steps: 200)
  [Worker 7] episode 284 finished. (AvgLatErr: 0.0827, Steps: 200)
  [Worker 7] episode 285 finished. (AvgLatErr: 0.1267, Steps: 200)
  [Worker 7] episode 286 finished. (AvgLatErr: 0.1239, Steps: 195)
  [Worker 7] episode 287 finished. (AvgLatErr: 0.2705, Steps: 162)
  [Worker 7] episode 288 finished. (AvgLatErr: 0.0995, Steps: 200)
  [Worker 7] episode 289 finished. (AvgLatErr: 0.0897, Steps: 200)
[Worker 7].
[Main] workers finished. (elapsed: 117.78s)
[Main] Aggregation-selected agents: [3, 5, 6, 7]
[Main] FedAdagrad update completed.
[Main] Replay buffers reset after global model update.
============================================================================================
289 EP / Agent 0 : Avg Lat Err 0.7650
289 EP / Agent 1 : Avg Lat Err 0.1021
289 EP / Agent 2 : Avg Lat Err 0.4361
289 EP / Agent 3 : Avg Lat Err 0.3393
289 EP / Agent 4 : Avg Lat Err 0.3305
289 EP / Agent 5 : Avg Lat Err 0.1197
289 EP / Agent 6 : Avg Lat Err 0.3423
289 EP / Agent 7 : Avg Lat Err 0.0897
============================================================================================

============================================================================================
[Main] FL round started. (episode 290 ~ 299)
[Main] Client selection: mode=random, budget=4
[Main] Participating agents: [0, 1, 2, 3, 4, 5, 6, 7]
Warning: num_agents (8) is greater than the number of available vehicle parameters (4). Cycling vehicle templates.
[Worker 0] TensorFlow device=GPU, mixed_precision=mixed_float16
[Worker 0] Random seed fixed: 100331
[Worker 0] started on GPU.
  [Worker 0] episode 290 finished. (AvgLatErr: 0.6458, Steps: 140)
  [Worker 0] episode 291 finished. (AvgLatErr: 0.7788, Steps: 144)
  [Worker 0] episode 292 finished. (AvgLatErr: 1.4311, Steps: 140)
  [Worker 0] episode 293 finished. (AvgLatErr: 0.4699, Steps: 165)
  [Worker 0] episode 294 finished. (AvgLatErr: 0.3695, Steps: 162)
  [Worker 0] episode 295 finished. (AvgLatErr: 0.5800, Steps: 144)
  [Worker 0] episode 296 finished. (AvgLatErr: 0.8687, Steps: 149)
  [Worker 0] episode 297 finished. (AvgLatErr: 0.9988, Steps: 137)
  [Worker 0] episode 298 finished. (AvgLatErr: 0.7947, Steps: 134)
  [Worker 0] episode 299 finished. (AvgLatErr: 1.2842, Steps: 148)
[Worker 0].
Warning: num_agents (8) is greater than the number of available vehicle parameters (4). Cycling vehicle templates.
[Worker 2] TensorFlow device=GPU, mixed_precision=mixed_float16
[Worker 2] Random seed fixed: 300331
[Worker 2] started on GPU.
  [Worker 2] episode 290 finished. (AvgLatErr: 0.2363, Steps: 145)
  [Worker 2] episode 291 finished. (AvgLatErr: 0.3657, Steps: 154)
  [Worker 2] episode 292 finished. (AvgLatErr: 0.2470, Steps: 161)
  [Worker 2] episode 293 finished. (AvgLatErr: 0.3740, Steps: 165)
  [Worker 2] episode 294 finished. (AvgLatErr: 0.1788, Steps: 160)
  [Worker 2] episode 295 finished. (AvgLatErr: 0.1460, Steps: 197)
  [Worker 2] episode 296 finished. (AvgLatErr: 0.1588, Steps: 164)
  [Worker 2] episode 297 finished. (AvgLatErr: 0.3111, Steps: 174)
  [Worker 2] episode 298 finished. (AvgLatErr: 0.1835, Steps: 166)
  [Worker 2] episode 299 finished. (AvgLatErr: 0.3404, Steps: 153)
[Worker 2].
Warning: num_agents (8) is greater than the number of available vehicle parameters (4). Cycling vehicle templates.
[Worker 1] TensorFlow device=GPU, mixed_precision=mixed_float16
[Worker 1] Random seed fixed: 200331
[Worker 1] started on GPU.
  [Worker 1] episode 290 finished. (AvgLatErr: 0.0859, Steps: 200)
  [Worker 1] episode 291 finished. (AvgLatErr: 0.0984, Steps: 200)
  [Worker 1] episode 292 finished. (AvgLatErr: 0.0900, Steps: 200)
  [Worker 1] episode 293 finished. (AvgLatErr: 0.0989, Steps: 200)
  [Worker 1] episode 294 finished. (AvgLatErr: 0.1450, Steps: 165)
  [Worker 1] episode 295 finished. (AvgLatErr: 0.1108, Steps: 200)
  [Worker 1] episode 296 finished. (AvgLatErr: 0.0965, Steps: 200)
  [Worker 1] episode 297 finished. (AvgLatErr: 0.0820, Steps: 200)
  [Worker 1] episode 298 finished. (AvgLatErr: 0.0781, Steps: 200)
  [Worker 1] episode 299 finished. (AvgLatErr: 0.0745, Steps: 200)
[Worker 1].
Warning: num_agents (8) is greater than the number of available vehicle parameters (4). Cycling vehicle templates.
[Worker 3] TensorFlow device=GPU, mixed_precision=mixed_float16
[Worker 3] Random seed fixed: 400331
[Worker 3] started on GPU.
  [Worker 3] episode 290 finished. (AvgLatErr: 0.2841, Steps: 200)
  [Worker 3] episode 291 finished. (AvgLatErr: 0.1404, Steps: 200)
  [Worker 3] episode 292 finished. (AvgLatErr: 0.1458, Steps: 200)
  [Worker 3] episode 293 finished. (AvgLatErr: 0.1313, Steps: 200)
  [Worker 3] episode 294 finished. (AvgLatErr: 0.1620, Steps: 200)
  [Worker 3] episode 295 finished. (AvgLatErr: 0.2754, Steps: 200)
  [Worker 3] episode 296 finished. (AvgLatErr: 0.1547, Steps: 200)
  [Worker 3] episode 297 finished. (AvgLatErr: 0.2735, Steps: 200)
  [Worker 3] episode 298 finished. (AvgLatErr: 0.2373, Steps: 200)
  [Worker 3] episode 299 finished. (AvgLatErr: 0.2101, Steps: 200)
[Worker 3].
Warning: num_agents (8) is greater than the number of available vehicle parameters (4). Cycling vehicle templates.
[Worker 4] TensorFlow device=GPU, mixed_precision=mixed_float16
[Worker 4] Random seed fixed: 500331
[Worker 4] started on GPU.
  [Worker 4] episode 290 finished. (AvgLatErr: 0.2929, Steps: 200)
  [Worker 4] episode 291 finished. (AvgLatErr: 0.3518, Steps: 189)
  [Worker 4] episode 292 finished. (AvgLatErr: 0.3211, Steps: 171)
  [Worker 4] episode 293 finished. (AvgLatErr: 0.5814, Steps: 183)
  [Worker 4] episode 294 finished. (AvgLatErr: 0.2845, Steps: 180)
  [Worker 4] episode 295 finished. (AvgLatErr: 0.3047, Steps: 194)
  [Worker 4] episode 296 finished. (AvgLatErr: 0.4127, Steps: 176)
  [Worker 4] episode 297 finished. (AvgLatErr: 0.3491, Steps: 200)
  [Worker 4] episode 298 finished. (AvgLatErr: 0.3770, Steps: 180)
  [Worker 4] episode 299 finished. (AvgLatErr: 0.4355, Steps: 177)
[Worker 4].
Warning: num_agents (8) is greater than the number of available vehicle parameters (4). Cycling vehicle templates.
[Worker 5] TensorFlow device=GPU, mixed_precision=mixed_float16
[Worker 5] Random seed fixed: 600331
[Worker 5] started on GPU.
  [Worker 5] episode 290 finished. (AvgLatErr: 0.0927, Steps: 200)
  [Worker 5] episode 291 finished. (AvgLatErr: 0.1152, Steps: 200)
  [Worker 5] episode 292 finished. (AvgLatErr: 0.1241, Steps: 200)
  [Worker 5] episode 293 finished. (AvgLatErr: 0.1418, Steps: 200)
  [Worker 5] episode 294 finished. (AvgLatErr: 0.1282, Steps: 200)
  [Worker 5] episode 295 finished. (AvgLatErr: 0.2846, Steps: 182)
  [Worker 5] episode 296 finished. (AvgLatErr: 0.2991, Steps: 188)
  [Worker 5] episode 297 finished. (AvgLatErr: 0.1961, Steps: 178)
  [Worker 5] episode 298 finished. (AvgLatErr: 0.2897, Steps: 173)
  [Worker 5] episode 299 finished. (AvgLatErr: 0.3359, Steps: 199)
[Worker 5].
Warning: num_agents (8) is greater than the number of available vehicle parameters (4). Cycling vehicle templates.
[Worker 6] TensorFlow device=GPU, mixed_precision=mixed_float16
[Worker 6] Random seed fixed: 700331
[Worker 6] started on GPU.
  [Worker 6] episode 290 finished. (AvgLatErr: 0.2596, Steps: 200)
  [Worker 6] episode 291 finished. (AvgLatErr: 0.3780, Steps: 200)
  [Worker 6] episode 292 finished. (AvgLatErr: 0.3712, Steps: 200)
  [Worker 6] episode 293 finished. (AvgLatErr: 0.3931, Steps: 200)
  [Worker 6] episode 294 finished. (AvgLatErr: 0.4423, Steps: 200)
  [Worker 6] episode 295 finished. (AvgLatErr: 0.3928, Steps: 188)
  [Worker 6] episode 296 finished. (AvgLatErr: 0.4560, Steps: 200)
  [Worker 6] episode 297 finished. (AvgLatErr: 0.3182, Steps: 200)
  [Worker 6] episode 298 finished. (AvgLatErr: 0.1801, Steps: 200)
  [Worker 6] episode 299 finished. (AvgLatErr: 0.3618, Steps: 200)
[Worker 6].
Warning: num_agents (8) is greater than the number of available vehicle parameters (4). Cycling vehicle templates.
[Worker 7] TensorFlow device=GPU, mixed_precision=mixed_float16
[Worker 7] Random seed fixed: 800331
[Worker 7] started on GPU.
  [Worker 7] episode 290 finished. (AvgLatErr: 0.1022, Steps: 200)
  [Worker 7] episode 291 finished. (AvgLatErr: 0.0979, Steps: 200)
  [Worker 7] episode 292 finished. (AvgLatErr: 0.0888, Steps: 200)
  [Worker 7] episode 293 finished. (AvgLatErr: 0.1229, Steps: 200)
  [Worker 7] episode 294 finished. (AvgLatErr: 0.0869, Steps: 200)
  [Worker 7] episode 295 finished. (AvgLatErr: 0.0878, Steps: 200)
  [Worker 7] episode 296 finished. (AvgLatErr: 0.0700, Steps: 200)
  [Worker 7] episode 297 finished. (AvgLatErr: 0.2037, Steps: 172)
  [Worker 7] episode 298 finished. (AvgLatErr: 0.0908, Steps: 200)
  [Worker 7] episode 299 finished. (AvgLatErr: 0.0741, Steps: 200)
[Worker 7].
[Main] workers finished. (elapsed: 115.75s)
[Main] Aggregation-selected agents: [3, 4, 6, 7]
[Main] FedAdagrad update completed.
[Main] Replay buffers reset after global model update.
============================================================================================
299 EP / Agent 0 : Avg Lat Err 1.2842
299 EP / Agent 1 : Avg Lat Err 0.0745
299 EP / Agent 2 : Avg Lat Err 0.3404
299 EP / Agent 3 : Avg Lat Err 0.2101
299 EP / Agent 4 : Avg Lat Err 0.4355
299 EP / Agent 5 : Avg Lat Err 0.3359
299 EP / Agent 6 : Avg Lat Err 0.3618
299 EP / Agent 7 : Avg Lat Err 0.0741
============================================================================================
[Main] Model checkpoint saved: C:\Users\syd79\FRL-Q\experiments\fast_parallel_fedadagrad_8random4_20260916_run1_random_4of8\checkpoints\global_model_episode_000300.weights.h5

============================================================================================
[Main] FL round started. (episode 300 ~ 309)
[Main] Client selection: mode=random, budget=4
[Main] Participating agents: [0, 1, 2, 3, 4, 5, 6, 7]
Warning: num_agents (8) is greater than the number of available vehicle parameters (4). Cycling vehicle templates.
[Worker 0] TensorFlow device=GPU, mixed_precision=mixed_float16
[Worker 0] Random seed fixed: 100341
[Worker 0] started on GPU.
  [Worker 0] episode 300 finished. (AvgLatErr: 0.4735, Steps: 144)
  [Worker 0] episode 301 finished. (AvgLatErr: 0.4925, Steps: 144)
  [Worker 0] episode 302 finished. (AvgLatErr: 0.6057, Steps: 140)
  [Worker 0] episode 303 finished. (AvgLatErr: 1.0222, Steps: 138)
  [Worker 0] episode 304 finished. (AvgLatErr: 1.2136, Steps: 137)
  [Worker 0] episode 305 finished. (AvgLatErr: 1.2433, Steps: 142)
  [Worker 0] episode 306 finished. (AvgLatErr: 0.8335, Steps: 137)
  [Worker 0] episode 307 finished. (AvgLatErr: 1.2653, Steps: 140)
  [Worker 0] episode 308 finished. (AvgLatErr: 1.1355, Steps: 147)
  [Worker 0] episode 309 finished. (AvgLatErr: 0.8313, Steps: 146)
[Worker 0].
Warning: num_agents (8) is greater than the number of available vehicle parameters (4). Cycling vehicle templates.
[Worker 2] TensorFlow device=GPU, mixed_precision=mixed_float16
[Worker 2] Random seed fixed: 300341
[Worker 2] started on GPU.
  [Worker 2] episode 300 finished. (AvgLatErr: 0.1033, Steps: 200)
  [Worker 2] episode 301 finished. (AvgLatErr: 0.1971, Steps: 178)
  [Worker 2] episode 302 finished. (AvgLatErr: 0.1106, Steps: 200)
  [Worker 2] episode 303 finished. (AvgLatErr: 0.1809, Steps: 174)
  [Worker 2] episode 304 finished. (AvgLatErr: 0.1189, Steps: 200)
  [Worker 2] episode 305 finished. (AvgLatErr: 0.1057, Steps: 200)
  [Worker 2] episode 306 finished. (AvgLatErr: 0.2817, Steps: 182)
  [Worker 2] episode 307 finished. (AvgLatErr: 0.7552, Steps: 137)
  [Worker 2] episode 308 finished. (AvgLatErr: 0.4348, Steps: 154)
  [Worker 2] episode 309 finished. (AvgLatErr: 0.2060, Steps: 146)
[Worker 2].
Warning: num_agents (8) is greater than the number of available vehicle parameters (4). Cycling vehicle templates.
[Worker 1] TensorFlow device=GPU, mixed_precision=mixed_float16
[Worker 1] Random seed fixed: 200341
[Worker 1] started on GPU.
  [Worker 1] episode 300 finished. (AvgLatErr: 0.0884, Steps: 200)
  [Worker 1] episode 301 finished. (AvgLatErr: 0.0962, Steps: 200)
  [Worker 1] episode 302 finished. (AvgLatErr: 0.0977, Steps: 200)
  [Worker 1] episode 303 finished. (AvgLatErr: 0.0863, Steps: 200)
  [Worker 1] episode 304 finished. (AvgLatErr: 0.1132, Steps: 200)
  [Worker 1] episode 305 finished. (AvgLatErr: 0.1127, Steps: 200)
  [Worker 1] episode 306 finished. (AvgLatErr: 0.1019, Steps: 200)
  [Worker 1] episode 307 finished. (AvgLatErr: 0.0908, Steps: 200)
  [Worker 1] episode 308 finished. (AvgLatErr: 0.0926, Steps: 200)
  [Worker 1] episode 309 finished. (AvgLatErr: 0.1173, Steps: 171)
[Worker 1].
Warning: num_agents (8) is greater than the number of available vehicle parameters (4). Cycling vehicle templates.
[Worker 4] TensorFlow device=GPU, mixed_precision=mixed_float16
[Worker 4] Random seed fixed: 500341
[Worker 4] started on GPU.
  [Worker 4] episode 300 finished. (AvgLatErr: 0.3180, Steps: 200)
  [Worker 4] episode 301 finished. (AvgLatErr: 0.3392, Steps: 182)
  [Worker 4] episode 302 finished. (AvgLatErr: 0.6614, Steps: 158)
  [Worker 4] episode 303 finished. (AvgLatErr: 0.3872, Steps: 154)
  [Worker 4] episode 304 finished. (AvgLatErr: 0.3386, Steps: 169)
  [Worker 4] episode 305 finished. (AvgLatErr: 0.3987, Steps: 168)
  [Worker 4] episode 306 finished. (AvgLatErr: 0.2525, Steps: 200)
  [Worker 4] episode 307 finished. (AvgLatErr: 0.3336, Steps: 175)
  [Worker 4] episode 308 finished. (AvgLatErr: 0.3162, Steps: 165)
  [Worker 4] episode 309 finished. (AvgLatErr: 0.3033, Steps: 185)
[Worker 4].
Warning: num_agents (8) is greater than the number of available vehicle parameters (4). Cycling vehicle templates.
[Worker 3] TensorFlow device=GPU, mixed_precision=mixed_float16
[Worker 3] Random seed fixed: 400341
[Worker 3] started on GPU.
  [Worker 3] episode 300 finished. (AvgLatErr: 0.1668, Steps: 200)
  [Worker 3] episode 301 finished. (AvgLatErr: 0.2692, Steps: 200)
  [Worker 3] episode 302 finished. (AvgLatErr: 0.1495, Steps: 200)
  [Worker 3] episode 303 finished. (AvgLatErr: 0.1329, Steps: 200)
  [Worker 3] episode 304 finished. (AvgLatErr: 0.1269, Steps: 200)
  [Worker 3] episode 305 finished. (AvgLatErr: 0.2303, Steps: 200)
  [Worker 3] episode 306 finished. (AvgLatErr: 0.2001, Steps: 200)
  [Worker 3] episode 307 finished. (AvgLatErr: 0.3720, Steps: 200)
  [Worker 3] episode 308 finished. (AvgLatErr: 0.2516, Steps: 200)
  [Worker 3] episode 309 finished. (AvgLatErr: 0.2835, Steps: 200)
[Worker 3].
Warning: num_agents (8) is greater than the number of available vehicle parameters (4). Cycling vehicle templates.
[Worker 7] TensorFlow device=GPU, mixed_precision=mixed_float16
[Worker 7] Random seed fixed: 800341
[Worker 7] started on GPU.
  [Worker 7] episode 300 finished. (AvgLatErr: 0.0944, Steps: 200)
  [Worker 7] episode 301 finished. (AvgLatErr: 0.0900, Steps: 200)
  [Worker 7] episode 302 finished. (AvgLatErr: 0.1372, Steps: 183)
  [Worker 7] episode 303 finished. (AvgLatErr: 0.1661, Steps: 166)
  [Worker 7] episode 304 finished. (AvgLatErr: 0.2953, Steps: 158)
  [Worker 7] episode 305 finished. (AvgLatErr: 0.1544, Steps: 166)
  [Worker 7] episode 306 finished. (AvgLatErr: 0.5232, Steps: 169)
  [Worker 7] episode 307 finished. (AvgLatErr: 0.4146, Steps: 142)
  [Worker 7] episode 308 finished. (AvgLatErr: 0.2633, Steps: 130)
  [Worker 7] episode 309 finished. (AvgLatErr: 0.1455, Steps: 200)
[Worker 7].
Warning: num_agents (8) is greater than the number of available vehicle parameters (4). Cycling vehicle templates.
[Worker 5] TensorFlow device=GPU, mixed_precision=mixed_float16
[Worker 5] Random seed fixed: 600341
[Worker 5] started on GPU.
  [Worker 5] episode 300 finished. (AvgLatErr: 0.1052, Steps: 200)
  [Worker 5] episode 301 finished. (AvgLatErr: 0.0970, Steps: 200)
  [Worker 5] episode 302 finished. (AvgLatErr: 0.1049, Steps: 200)
  [Worker 5] episode 303 finished. (AvgLatErr: 0.0964, Steps: 200)
  [Worker 5] episode 304 finished. (AvgLatErr: 0.0926, Steps: 200)
  [Worker 5] episode 305 finished. (AvgLatErr: 0.1184, Steps: 200)
  [Worker 5] episode 306 finished. (AvgLatErr: 0.1013, Steps: 200)
  [Worker 5] episode 307 finished. (AvgLatErr: 0.0897, Steps: 200)
  [Worker 5] episode 308 finished. (AvgLatErr: 0.0876, Steps: 200)
  [Worker 5] episode 309 finished. (AvgLatErr: 0.0817, Steps: 200)
[Worker 5].
Warning: num_agents (8) is greater than the number of available vehicle parameters (4). Cycling vehicle templates.
[Worker 6] TensorFlow device=GPU, mixed_precision=mixed_float16
[Worker 6] Random seed fixed: 700341
[Worker 6] started on GPU.
  [Worker 6] episode 300 finished. (AvgLatErr: 0.1105, Steps: 200)
  [Worker 6] episode 301 finished. (AvgLatErr: 0.1028, Steps: 200)
  [Worker 6] episode 302 finished. (AvgLatErr: 0.0984, Steps: 200)
  [Worker 6] episode 303 finished. (AvgLatErr: 0.1181, Steps: 200)
  [Worker 6] episode 304 finished. (AvgLatErr: 0.1879, Steps: 200)
  [Worker 6] episode 305 finished. (AvgLatErr: 0.4322, Steps: 200)
  [Worker 6] episode 306 finished. (AvgLatErr: 0.1045, Steps: 200)
  [Worker 6] episode 307 finished. (AvgLatErr: 0.3734, Steps: 200)
  [Worker 6] episode 308 finished. (AvgLatErr: 0.3082, Steps: 200)
  [Worker 6] episode 309 finished. (AvgLatErr: 0.3449, Steps: 200)
[Worker 6].
[Main] workers finished. (elapsed: 113.63s)
[Main] Aggregation-selected agents: [1, 3, 6, 7]
[Main] FedAdagrad update completed.
[Main] Replay buffers reset after global model update.
============================================================================================
309 EP / Agent 0 : Avg Lat Err 0.8313
309 EP / Agent 1 : Avg Lat Err 0.1173
309 EP / Agent 2 : Avg Lat Err 0.2060
309 EP / Agent 3 : Avg Lat Err 0.2835
309 EP / Agent 4 : Avg Lat Err 0.3033
309 EP / Agent 5 : Avg Lat Err 0.0817
309 EP / Agent 6 : Avg Lat Err 0.3449
309 EP / Agent 7 : Avg Lat Err 0.1455
============================================================================================

============================================================================================
[Main] FL round started. (episode 310 ~ 319)
[Main] Client selection: mode=random, budget=4
[Main] Participating agents: [0, 1, 2, 3, 4, 5, 6, 7]
Warning: num_agents (8) is greater than the number of available vehicle parameters (4). Cycling vehicle templates.
[Worker 0] TensorFlow device=GPU, mixed_precision=mixed_float16
[Worker 0] Random seed fixed: 100351
[Worker 0] started on GPU.
  [Worker 0] episode 310 finished. (AvgLatErr: 0.5001, Steps: 148)
  [Worker 0] episode 311 finished. (AvgLatErr: 0.8537, Steps: 143)
  [Worker 0] episode 312 finished. (AvgLatErr: 0.6291, Steps: 143)
  [Worker 0] episode 313 finished. (AvgLatErr: 0.7329, Steps: 154)
  [Worker 0] episode 314 finished. (AvgLatErr: 0.4362, Steps: 134)
  [Worker 0] episode 315 finished. (AvgLatErr: 0.3922, Steps: 151)
  [Worker 0] episode 316 finished. (AvgLatErr: 0.5366, Steps: 149)
  [Worker 0] episode 317 finished. (AvgLatErr: 0.5398, Steps: 143)
  [Worker 0] episode 318 finished. (AvgLatErr: 0.4172, Steps: 140)
  [Worker 0] episode 319 finished. (AvgLatErr: 0.3838, Steps: 145)
[Worker 0].
Warning: num_agents (8) is greater than the number of available vehicle parameters (4). Cycling vehicle templates.
[Worker 2] TensorFlow device=GPU, mixed_precision=mixed_float16
[Worker 2] Random seed fixed: 300351
[Worker 2] started on GPU.
  [Worker 2] episode 310 finished. (AvgLatErr: 0.1738, Steps: 184)
  [Worker 2] episode 311 finished. (AvgLatErr: 0.2007, Steps: 159)
  [Worker 2] episode 312 finished. (AvgLatErr: 0.2196, Steps: 151)
  [Worker 2] episode 313 finished. (AvgLatErr: 0.2388, Steps: 177)
  [Worker 2] episode 314 finished. (AvgLatErr: 0.3785, Steps: 148)
  [Worker 2] episode 315 finished. (AvgLatErr: 0.9022, Steps: 139)
  [Worker 2] episode 316 finished. (AvgLatErr: 0.4151, Steps: 134)
  [Worker 2] episode 317 finished. (AvgLatErr: 0.5206, Steps: 122)
  [Worker 2] episode 318 finished. (AvgLatErr: 0.3135, Steps: 153)
  [Worker 2] episode 319 finished. (AvgLatErr: 0.2820, Steps: 134)
[Worker 2].
Warning: num_agents (8) is greater than the number of available vehicle parameters (4). Cycling vehicle templates.
[Worker 1] TensorFlow device=GPU, mixed_precision=mixed_float16
[Worker 1] Random seed fixed: 200351
[Worker 1] started on GPU.
  [Worker 1] episode 310 finished. (AvgLatErr: 0.0867, Steps: 200)
  [Worker 1] episode 311 finished. (AvgLatErr: 0.0878, Steps: 200)
  [Worker 1] episode 312 finished. (AvgLatErr: 0.0953, Steps: 200)
  [Worker 1] episode 313 finished. (AvgLatErr: 0.0957, Steps: 195)
  [Worker 1] episode 314 finished. (AvgLatErr: 0.2278, Steps: 150)
  [Worker 1] episode 315 finished. (AvgLatErr: 0.1320, Steps: 192)
  [Worker 1] episode 316 finished. (AvgLatErr: 0.1108, Steps: 187)
  [Worker 1] episode 317 finished. (AvgLatErr: 0.1135, Steps: 157)
  [Worker 1] episode 318 finished. (AvgLatErr: 0.0995, Steps: 178)
  [Worker 1] episode 319 finished. (AvgLatErr: 0.1151, Steps: 165)
[Worker 1].
Warning: num_agents (8) is greater than the number of available vehicle parameters (4). Cycling vehicle templates.
[Worker 4] TensorFlow device=GPU, mixed_precision=mixed_float16
[Worker 4] Random seed fixed: 500351
[Worker 4] started on GPU.
  [Worker 4] episode 310 finished. (AvgLatErr: 0.2076, Steps: 200)
  [Worker 4] episode 311 finished. (AvgLatErr: 0.2700, Steps: 200)
  [Worker 4] episode 312 finished. (AvgLatErr: 0.3983, Steps: 198)
  [Worker 4] episode 313 finished. (AvgLatErr: 0.4486, Steps: 173)
  [Worker 4] episode 314 finished. (AvgLatErr: 0.3875, Steps: 163)
  [Worker 4] episode 315 finished. (AvgLatErr: 0.4211, Steps: 176)
  [Worker 4] episode 316 finished. (AvgLatErr: 0.3631, Steps: 165)
  [Worker 4] episode 317 finished. (AvgLatErr: 0.3800, Steps: 165)
  [Worker 4] episode 318 finished. (AvgLatErr: 0.3324, Steps: 163)
  [Worker 4] episode 319 finished. (AvgLatErr: 0.4073, Steps: 180)
[Worker 4].
Warning: num_agents (8) is greater than the number of available vehicle parameters (4). Cycling vehicle templates.
[Worker 3] TensorFlow device=GPU, mixed_precision=mixed_float16
[Worker 3] Random seed fixed: 400351
[Worker 3] started on GPU.
  [Worker 3] episode 310 finished. (AvgLatErr: 0.1406, Steps: 200)
  [Worker 3] episode 311 finished. (AvgLatErr: 0.1490, Steps: 200)
  [Worker 3] episode 312 finished. (AvgLatErr: 0.2212, Steps: 196)
  [Worker 3] episode 313 finished. (AvgLatErr: 0.3084, Steps: 200)
  [Worker 3] episode 314 finished. (AvgLatErr: 0.2256, Steps: 200)
  [Worker 3] episode 315 finished. (AvgLatErr: 0.3508, Steps: 200)
  [Worker 3] episode 316 finished. (AvgLatErr: 0.2074, Steps: 200)
  [Worker 3] episode 317 finished. (AvgLatErr: 0.4790, Steps: 200)
  [Worker 3] episode 318 finished. (AvgLatErr: 0.4238, Steps: 188)
  [Worker 3] episode 319 finished. (AvgLatErr: 0.4954, Steps: 187)
[Worker 3].
Warning: num_agents (8) is greater than the number of available vehicle parameters (4). Cycling vehicle templates.
[Worker 5] TensorFlow device=GPU, mixed_precision=mixed_float16
[Worker 5] Random seed fixed: 600351
[Worker 5] started on GPU.
  [Worker 5] episode 310 finished. (AvgLatErr: 0.0841, Steps: 200)
  [Worker 5] episode 311 finished. (AvgLatErr: 0.0869, Steps: 200)
  [Worker 5] episode 312 finished. (AvgLatErr: 0.0862, Steps: 200)
  [Worker 5] episode 313 finished. (AvgLatErr: 0.0909, Steps: 200)
  [Worker 5] episode 314 finished. (AvgLatErr: 0.1088, Steps: 200)
  [Worker 5] episode 315 finished. (AvgLatErr: 0.2505, Steps: 178)
  [Worker 5] episode 316 finished. (AvgLatErr: 0.1546, Steps: 200)
  [Worker 5] episode 317 finished. (AvgLatErr: 0.2650, Steps: 177)
  [Worker 5] episode 318 finished. (AvgLatErr: 0.3112, Steps: 200)
  [Worker 5] episode 319 finished. (AvgLatErr: 0.2707, Steps: 156)
[Worker 5].
Warning: num_agents (8) is greater than the number of available vehicle parameters (4). Cycling vehicle templates.
[Worker 6] TensorFlow device=GPU, mixed_precision=mixed_float16
[Worker 6] Random seed fixed: 700351
[Worker 6] started on GPU.
  [Worker 6] episode 310 finished. (AvgLatErr: 0.1011, Steps: 200)
  [Worker 6] episode 311 finished. (AvgLatErr: 0.3175, Steps: 200)
  [Worker 6] episode 312 finished. (AvgLatErr: 0.4904, Steps: 199)
  [Worker 6] episode 313 finished. (AvgLatErr: 0.5124, Steps: 200)
  [Worker 6] episode 314 finished. (AvgLatErr: 0.6806, Steps: 198)
  [Worker 6] episode 315 finished. (AvgLatErr: 0.5814, Steps: 200)
  [Worker 6] episode 316 finished. (AvgLatErr: 0.4191, Steps: 200)
  [Worker 6] episode 317 finished. (AvgLatErr: 0.3225, Steps: 200)
  [Worker 6] episode 318 finished. (AvgLatErr: 0.3993, Steps: 200)
  [Worker 6] episode 319 finished. (AvgLatErr: 0.3248, Steps: 200)
[Worker 6].
Warning: num_agents (8) is greater than the number of available vehicle parameters (4). Cycling vehicle templates.
[Worker 7] TensorFlow device=GPU, mixed_precision=mixed_float16
[Worker 7] Random seed fixed: 800351
[Worker 7] started on GPU.
  [Worker 7] episode 310 finished. (AvgLatErr: 0.0846, Steps: 200)
  [Worker 7] episode 311 finished. (AvgLatErr: 0.0901, Steps: 200)
  [Worker 7] episode 312 finished. (AvgLatErr: 0.1424, Steps: 165)
  [Worker 7] episode 313 finished. (AvgLatErr: 0.0801, Steps: 200)
  [Worker 7] episode 314 finished. (AvgLatErr: 0.0833, Steps: 200)
  [Worker 7] episode 315 finished. (AvgLatErr: 0.0850, Steps: 200)
  [Worker 7] episode 316 finished. (AvgLatErr: 0.0985, Steps: 200)
  [Worker 7] episode 317 finished. (AvgLatErr: 0.1403, Steps: 200)
  [Worker 7] episode 318 finished. (AvgLatErr: 0.0789, Steps: 200)
  [Worker 7] episode 319 finished. (AvgLatErr: 0.1066, Steps: 200)
[Worker 7].
[Main] workers finished. (elapsed: 113.82s)
[Main] Aggregation-selected agents: [1, 2, 4, 7]
[Main] FedAdagrad update completed.
[Main] Replay buffers reset after global model update.
============================================================================================
319 EP / Agent 0 : Avg Lat Err 0.3838
319 EP / Agent 1 : Avg Lat Err 0.1151
319 EP / Agent 2 : Avg Lat Err 0.2820
319 EP / Agent 3 : Avg Lat Err 0.4954
319 EP / Agent 4 : Avg Lat Err 0.4073
319 EP / Agent 5 : Avg Lat Err 0.2707
319 EP / Agent 6 : Avg Lat Err 0.3248
319 EP / Agent 7 : Avg Lat Err 0.1066
============================================================================================

============================================================================================
[Main] FL round started. (episode 320 ~ 329)
[Main] Client selection: mode=random, budget=4
[Main] Participating agents: [0, 1, 2, 3, 4, 5, 6, 7]
Warning: num_agents (8) is greater than the number of available vehicle parameters (4). Cycling vehicle templates.
[Worker 0] TensorFlow device=GPU, mixed_precision=mixed_float16
[Worker 0] Random seed fixed: 100361
[Worker 0] started on GPU.
  [Worker 0] episode 320 finished. (AvgLatErr: 0.3816, Steps: 149)
  [Worker 0] episode 321 finished. (AvgLatErr: 0.9306, Steps: 138)
  [Worker 0] episode 322 finished. (AvgLatErr: 1.0079, Steps: 145)
  [Worker 0] episode 323 finished. (AvgLatErr: 0.6356, Steps: 143)
  [Worker 0] episode 324 finished. (AvgLatErr: 0.6916, Steps: 146)
  [Worker 0] episode 325 finished. (AvgLatErr: 1.0474, Steps: 126)
  [Worker 0] episode 326 finished. (AvgLatErr: 0.8055, Steps: 131)
  [Worker 0] episode 327 finished. (AvgLatErr: 1.0201, Steps: 136)
  [Worker 0] episode 328 finished. (AvgLatErr: 1.7713, Steps: 149)
  [Worker 0] episode 329 finished. (AvgLatErr: 0.8496, Steps: 140)
[Worker 0].
Warning: num_agents (8) is greater than the number of available vehicle parameters (4). Cycling vehicle templates.
[Worker 2] TensorFlow device=GPU, mixed_precision=mixed_float16
[Worker 2] Random seed fixed: 300361
[Worker 2] started on GPU.
  [Worker 2] episode 320 finished. (AvgLatErr: 0.1554, Steps: 157)
  [Worker 2] episode 321 finished. (AvgLatErr: 0.2654, Steps: 129)
  [Worker 2] episode 322 finished. (AvgLatErr: 0.2954, Steps: 145)
  [Worker 2] episode 323 finished. (AvgLatErr: 0.1561, Steps: 185)
  [Worker 2] episode 324 finished. (AvgLatErr: 0.1257, Steps: 174)
  [Worker 2] episode 325 finished. (AvgLatErr: 0.3617, Steps: 139)
  [Worker 2] episode 326 finished. (AvgLatErr: 0.5432, Steps: 141)
  [Worker 2] episode 327 finished. (AvgLatErr: 0.3866, Steps: 132)
  [Worker 2] episode 328 finished. (AvgLatErr: 0.4121, Steps: 136)
  [Worker 2] episode 329 finished. (AvgLatErr: 0.4339, Steps: 140)
[Worker 2].
Warning: num_agents (8) is greater than the number of available vehicle parameters (4). Cycling vehicle templates.
[Worker 1] TensorFlow device=GPU, mixed_precision=mixed_float16
[Worker 1] Random seed fixed: 200361
[Worker 1] started on GPU.
  [Worker 1] episode 320 finished. (AvgLatErr: 0.1050, Steps: 200)
  [Worker 1] episode 321 finished. (AvgLatErr: 0.0762, Steps: 200)
  [Worker 1] episode 322 finished. (AvgLatErr: 0.0939, Steps: 191)
  [Worker 1] episode 323 finished. (AvgLatErr: 0.0921, Steps: 200)
  [Worker 1] episode 324 finished. (AvgLatErr: 0.0775, Steps: 200)
  [Worker 1] episode 325 finished. (AvgLatErr: 0.0835, Steps: 200)
  [Worker 1] episode 326 finished. (AvgLatErr: 0.0849, Steps: 198)
  [Worker 1] episode 327 finished. (AvgLatErr: 0.0731, Steps: 200)
  [Worker 1] episode 328 finished. (AvgLatErr: 0.0794, Steps: 200)
  [Worker 1] episode 329 finished. (AvgLatErr: 0.1210, Steps: 179)
[Worker 1].
Warning: num_agents (8) is greater than the number of available vehicle parameters (4). Cycling vehicle templates.
[Worker 3] TensorFlow device=GPU, mixed_precision=mixed_float16
[Worker 3] Random seed fixed: 400361
[Worker 3] started on GPU.
  [Worker 3] episode 320 finished. (AvgLatErr: 0.1792, Steps: 200)
  [Worker 3] episode 321 finished. (AvgLatErr: 0.1795, Steps: 200)
  [Worker 3] episode 322 finished. (AvgLatErr: 0.4068, Steps: 200)
  [Worker 3] episode 323 finished. (AvgLatErr: 0.3948, Steps: 188)
  [Worker 3] episode 324 finished. (AvgLatErr: 0.2264, Steps: 200)
  [Worker 3] episode 325 finished. (AvgLatErr: 0.1890, Steps: 200)
  [Worker 3] episode 326 finished. (AvgLatErr: 0.2195, Steps: 200)
  [Worker 3] episode 327 finished. (AvgLatErr: 0.2315, Steps: 200)
  [Worker 3] episode 328 finished. (AvgLatErr: 0.6899, Steps: 200)
  [Worker 3] episode 329 finished. (AvgLatErr: 0.2641, Steps: 200)
[Worker 3].
Warning: num_agents (8) is greater than the number of available vehicle parameters (4). Cycling vehicle templates.
[Worker 4] TensorFlow device=GPU, mixed_precision=mixed_float16
[Worker 4] Random seed fixed: 500361
[Worker 4] started on GPU.
  [Worker 4] episode 320 finished. (AvgLatErr: 0.3060, Steps: 200)
  [Worker 4] episode 321 finished. (AvgLatErr: 0.2993, Steps: 200)
  [Worker 4] episode 322 finished. (AvgLatErr: 0.4368, Steps: 172)
  [Worker 4] episode 323 finished. (AvgLatErr: 0.3320, Steps: 176)
  [Worker 4] episode 324 finished. (AvgLatErr: 0.3744, Steps: 197)
  [Worker 4] episode 325 finished. (AvgLatErr: 0.3822, Steps: 184)
  [Worker 4] episode 326 finished. (AvgLatErr: 0.3605, Steps: 181)
  [Worker 4] episode 327 finished. (AvgLatErr: 0.4097, Steps: 170)
  [Worker 4] episode 328 finished. (AvgLatErr: 0.3956, Steps: 200)
  [Worker 4] episode 329 finished. (AvgLatErr: 0.3241, Steps: 173)
[Worker 4].
Warning: num_agents (8) is greater than the number of available vehicle parameters (4). Cycling vehicle templates.
[Worker 5] TensorFlow device=GPU, mixed_precision=mixed_float16
[Worker 5] Random seed fixed: 600361
[Worker 5] started on GPU.
  [Worker 5] episode 320 finished. (AvgLatErr: 0.0904, Steps: 200)
  [Worker 5] episode 321 finished. (AvgLatErr: 0.0788, Steps: 200)
  [Worker 5] episode 322 finished. (AvgLatErr: 0.0912, Steps: 200)
  [Worker 5] episode 323 finished. (AvgLatErr: 0.1289, Steps: 200)
  [Worker 5] episode 324 finished. (AvgLatErr: 0.0862, Steps: 200)
  [Worker 5] episode 325 finished. (AvgLatErr: 0.1336, Steps: 200)
  [Worker 5] episode 326 finished. (AvgLatErr: 0.0832, Steps: 200)
  [Worker 5] episode 327 finished. (AvgLatErr: 0.0774, Steps: 200)
  [Worker 5] episode 328 finished. (AvgLatErr: 0.0831, Steps: 200)
  [Worker 5] episode 329 finished. (AvgLatErr: 0.0741, Steps: 200)
[Worker 5].
Warning: num_agents (8) is greater than the number of available vehicle parameters (4). Cycling vehicle templates.
[Worker 6] TensorFlow device=GPU, mixed_precision=mixed_float16
[Worker 6] Random seed fixed: 700361
[Worker 6] started on GPU.
  [Worker 6] episode 320 finished. (AvgLatErr: 0.1909, Steps: 200)
  [Worker 6] episode 321 finished. (AvgLatErr: 0.3066, Steps: 200)
  [Worker 6] episode 322 finished. (AvgLatErr: 0.5208, Steps: 200)
  [Worker 6] episode 323 finished. (AvgLatErr: 0.4356, Steps: 200)
  [Worker 6] episode 324 finished. (AvgLatErr: 0.3927, Steps: 200)
  [Worker 6] episode 325 finished. (AvgLatErr: 0.3057, Steps: 200)
  [Worker 6] episode 326 finished. (AvgLatErr: 0.3648, Steps: 200)
  [Worker 6] episode 327 finished. (AvgLatErr: 0.3027, Steps: 200)
  [Worker 6] episode 328 finished. (AvgLatErr: 0.3751, Steps: 200)
  [Worker 6] episode 329 finished. (AvgLatErr: 0.3732, Steps: 200)
[Worker 6].
Warning: num_agents (8) is greater than the number of available vehicle parameters (4). Cycling vehicle templates.
[Worker 7] TensorFlow device=GPU, mixed_precision=mixed_float16
[Worker 7] Random seed fixed: 800361
[Worker 7] started on GPU.
  [Worker 7] episode 320 finished. (AvgLatErr: 0.0826, Steps: 200)
  [Worker 7] episode 321 finished. (AvgLatErr: 0.0909, Steps: 200)
  [Worker 7] episode 322 finished. (AvgLatErr: 0.0859, Steps: 200)
  [Worker 7] episode 323 finished. (AvgLatErr: 0.1015, Steps: 200)
  [Worker 7] episode 324 finished. (AvgLatErr: 0.0871, Steps: 200)
  [Worker 7] episode 325 finished. (AvgLatErr: 0.0866, Steps: 200)
  [Worker 7] episode 326 finished. (AvgLatErr: 0.0802, Steps: 200)
  [Worker 7] episode 327 finished. (AvgLatErr: 0.0765, Steps: 200)
  [Worker 7] episode 328 finished. (AvgLatErr: 0.0757, Steps: 200)
  [Worker 7] episode 329 finished. (AvgLatErr: 0.0761, Steps: 200)
[Worker 7].
[Main] workers finished. (elapsed: 112.78s)
[Main] Aggregation-selected agents: [0, 1, 2, 4]
[Main] FedAdagrad update completed.
[Main] Replay buffers reset after global model update.
============================================================================================
329 EP / Agent 0 : Avg Lat Err 0.8496
329 EP / Agent 1 : Avg Lat Err 0.1210
329 EP / Agent 2 : Avg Lat Err 0.4339
329 EP / Agent 3 : Avg Lat Err 0.2641
329 EP / Agent 4 : Avg Lat Err 0.3241
329 EP / Agent 5 : Avg Lat Err 0.0741
329 EP / Agent 6 : Avg Lat Err 0.3732
329 EP / Agent 7 : Avg Lat Err 0.0761
============================================================================================

============================================================================================
[Main] FL round started. (episode 330 ~ 339)
[Main] Client selection: mode=random, budget=4
[Main] Participating agents: [0, 1, 2, 3, 4, 5, 6, 7]
Warning: num_agents (8) is greater than the number of available vehicle parameters (4). Cycling vehicle templates.
[Worker 0] TensorFlow device=GPU, mixed_precision=mixed_float16
[Worker 0] Random seed fixed: 100371
[Worker 0] started on GPU.
  [Worker 0] episode 330 finished. (AvgLatErr: 0.5098, Steps: 146)
  [Worker 0] episode 331 finished. (AvgLatErr: 0.5073, Steps: 136)
  [Worker 0] episode 332 finished. (AvgLatErr: 0.6354, Steps: 152)
  [Worker 0] episode 333 finished. (AvgLatErr: 0.5933, Steps: 139)
  [Worker 0] episode 334 finished. (AvgLatErr: 0.8543, Steps: 148)
  [Worker 0] episode 335 finished. (AvgLatErr: 0.7509, Steps: 138)
  [Worker 0] episode 336 finished. (AvgLatErr: 0.6853, Steps: 139)
  [Worker 0] episode 337 finished. (AvgLatErr: 1.0694, Steps: 147)
  [Worker 0] episode 338 finished. (AvgLatErr: 0.8847, Steps: 138)
  [Worker 0] episode 339 finished. (AvgLatErr: 0.8620, Steps: 136)
[Worker 0].
Warning: num_agents (8) is greater than the number of available vehicle parameters (4). Cycling vehicle templates.
[Worker 2] TensorFlow device=GPU, mixed_precision=mixed_float16
[Worker 2] Random seed fixed: 300371
[Worker 2] started on GPU.
  [Worker 2] episode 330 finished. (AvgLatErr: 0.1048, Steps: 200)
  [Worker 2] episode 331 finished. (AvgLatErr: 0.1660, Steps: 177)
  [Worker 2] episode 332 finished. (AvgLatErr: 0.2467, Steps: 142)
  [Worker 2] episode 333 finished. (AvgLatErr: 0.5588, Steps: 129)
  [Worker 2] episode 334 finished. (AvgLatErr: 0.4552, Steps: 125)
  [Worker 2] episode 335 finished. (AvgLatErr: 0.3454, Steps: 129)
  [Worker 2] episode 336 finished. (AvgLatErr: 0.3209, Steps: 130)
  [Worker 2] episode 337 finished. (AvgLatErr: 0.4830, Steps: 126)
  [Worker 2] episode 338 finished. (AvgLatErr: 0.4150, Steps: 129)
  [Worker 2] episode 339 finished. (AvgLatErr: 0.4471, Steps: 125)
[Worker 2].
Warning: num_agents (8) is greater than the number of available vehicle parameters (4). Cycling vehicle templates.
[Worker 1] TensorFlow device=GPU, mixed_precision=mixed_float16
[Worker 1] Random seed fixed: 200371
[Worker 1] started on GPU.
  [Worker 1] episode 330 finished. (AvgLatErr: 0.0832, Steps: 200)
  [Worker 1] episode 331 finished. (AvgLatErr: 0.2563, Steps: 158)
  [Worker 1] episode 332 finished. (AvgLatErr: 0.1152, Steps: 199)
  [Worker 1] episode 333 finished. (AvgLatErr: 0.1156, Steps: 200)
  [Worker 1] episode 334 finished. (AvgLatErr: 0.1229, Steps: 167)
  [Worker 1] episode 335 finished. (AvgLatErr: 0.1759, Steps: 159)
  [Worker 1] episode 336 finished. (AvgLatErr: 0.1041, Steps: 194)
  [Worker 1] episode 337 finished. (AvgLatErr: 0.1329, Steps: 170)
  [Worker 1] episode 338 finished. (AvgLatErr: 0.1572, Steps: 158)
  [Worker 1] episode 339 finished. (AvgLatErr: 0.1001, Steps: 181)
[Worker 1].
Warning: num_agents (8) is greater than the number of available vehicle parameters (4). Cycling vehicle templates.
[Worker 4] TensorFlow device=GPU, mixed_precision=mixed_float16
[Worker 4] Random seed fixed: 500371
[Worker 4] started on GPU.
  [Worker 4] episode 330 finished. (AvgLatErr: 0.1073, Steps: 200)
  [Worker 4] episode 331 finished. (AvgLatErr: 0.3582, Steps: 196)
  [Worker 4] episode 332 finished. (AvgLatErr: 0.5347, Steps: 163)
  [Worker 4] episode 333 finished. (AvgLatErr: 0.2062, Steps: 200)
  [Worker 4] episode 334 finished. (AvgLatErr: 0.3104, Steps: 187)
  [Worker 4] episode 335 finished. (AvgLatErr: 0.3731, Steps: 164)
  [Worker 4] episode 336 finished. (AvgLatErr: 0.2699, Steps: 199)
  [Worker 4] episode 337 finished. (AvgLatErr: 0.3674, Steps: 152)
  [Worker 4] episode 338 finished. (AvgLatErr: 0.4824, Steps: 176)
  [Worker 4] episode 339 finished. (AvgLatErr: 0.2394, Steps: 194)
[Worker 4].
Warning: num_agents (8) is greater than the number of available vehicle parameters (4). Cycling vehicle templates.
[Worker 3] TensorFlow device=GPU, mixed_precision=mixed_float16
[Worker 3] Random seed fixed: 400371
[Worker 3] started on GPU.
  [Worker 3] episode 330 finished. (AvgLatErr: 0.1406, Steps: 200)
  [Worker 3] episode 331 finished. (AvgLatErr: 0.2208, Steps: 200)
  [Worker 3] episode 332 finished. (AvgLatErr: 0.2294, Steps: 200)
  [Worker 3] episode 333 finished. (AvgLatErr: 0.3354, Steps: 200)
  [Worker 3] episode 334 finished. (AvgLatErr: 0.4632, Steps: 200)
  [Worker 3] episode 335 finished. (AvgLatErr: 0.4951, Steps: 185)
  [Worker 3] episode 336 finished. (AvgLatErr: 0.4913, Steps: 195)
  [Worker 3] episode 337 finished. (AvgLatErr: 0.5700, Steps: 199)
  [Worker 3] episode 338 finished. (AvgLatErr: 0.4900, Steps: 200)
  [Worker 3] episode 339 finished. (AvgLatErr: 0.4628, Steps: 190)
[Worker 3].
Warning: num_agents (8) is greater than the number of available vehicle parameters (4). Cycling vehicle templates.
[Worker 5] TensorFlow device=GPU, mixed_precision=mixed_float16
[Worker 5] Random seed fixed: 600371
[Worker 5] started on GPU.
  [Worker 5] episode 330 finished. (AvgLatErr: 0.1020, Steps: 200)
  [Worker 5] episode 331 finished. (AvgLatErr: 0.0916, Steps: 200)
  [Worker 5] episode 332 finished. (AvgLatErr: 0.0997, Steps: 200)
  [Worker 5] episode 333 finished. (AvgLatErr: 0.1057, Steps: 200)
  [Worker 5] episode 334 finished. (AvgLatErr: 0.2027, Steps: 185)
  [Worker 5] episode 335 finished. (AvgLatErr: 0.3053, Steps: 178)
  [Worker 5] episode 336 finished. (AvgLatErr: 0.4048, Steps: 154)
  [Worker 5] episode 337 finished. (AvgLatErr: 0.3145, Steps: 155)
  [Worker 5] episode 338 finished. (AvgLatErr: 0.2166, Steps: 161)
  [Worker 5] episode 339 finished. (AvgLatErr: 0.2706, Steps: 166)
[Worker 5].
Warning: num_agents (8) is greater than the number of available vehicle parameters (4). Cycling vehicle templates.
[Worker 7] TensorFlow device=GPU, mixed_precision=mixed_float16
[Worker 7] Random seed fixed: 800371
[Worker 7] started on GPU.
  [Worker 7] episode 330 finished. (AvgLatErr: 0.0861, Steps: 200)
  [Worker 7] episode 331 finished. (AvgLatErr: 0.1707, Steps: 143)
  [Worker 7] episode 332 finished. (AvgLatErr: 0.3032, Steps: 144)
  [Worker 7] episode 333 finished. (AvgLatErr: 0.4108, Steps: 150)
  [Worker 7] episode 334 finished. (AvgLatErr: 0.3699, Steps: 150)
  [Worker 7] episode 335 finished. (AvgLatErr: 0.1745, Steps: 162)
  [Worker 7] episode 336 finished. (AvgLatErr: 0.0963, Steps: 200)
  [Worker 7] episode 337 finished. (AvgLatErr: 0.1339, Steps: 176)
  [Worker 7] episode 338 finished. (AvgLatErr: 0.2992, Steps: 163)
  [Worker 7] episode 339 finished. (AvgLatErr: 0.1615, Steps: 154)
[Worker 7].
Warning: num_agents (8) is greater than the number of available vehicle parameters (4). Cycling vehicle templates.
[Worker 6] TensorFlow device=GPU, mixed_precision=mixed_float16
[Worker 6] Random seed fixed: 700371
[Worker 6] started on GPU.
  [Worker 6] episode 330 finished. (AvgLatErr: 0.1051, Steps: 200)
  [Worker 6] episode 331 finished. (AvgLatErr: 0.4804, Steps: 200)
  [Worker 6] episode 332 finished. (AvgLatErr: 0.3729, Steps: 200)
  [Worker 6] episode 333 finished. (AvgLatErr: 0.3689, Steps: 200)
  [Worker 6] episode 334 finished. (AvgLatErr: 0.5588, Steps: 200)
  [Worker 6] episode 335 finished. (AvgLatErr: 0.3890, Steps: 191)
  [Worker 6] episode 336 finished. (AvgLatErr: 0.4693, Steps: 200)
  [Worker 6] episode 337 finished. (AvgLatErr: 0.4402, Steps: 200)
  [Worker 6] episode 338 finished. (AvgLatErr: 0.4228, Steps: 200)
  [Worker 6] episode 339 finished. (AvgLatErr: 0.4917, Steps: 200)
[Worker 6].
[Main] workers finished. (elapsed: 110.14s)
[Main] Aggregation-selected agents: [2, 3, 6, 7]
[Main] FedAdagrad update completed.
[Main] Replay buffers reset after global model update.
============================================================================================
339 EP / Agent 0 : Avg Lat Err 0.8620
339 EP / Agent 1 : Avg Lat Err 0.1001
339 EP / Agent 2 : Avg Lat Err 0.4471
339 EP / Agent 3 : Avg Lat Err 0.4628
339 EP / Agent 4 : Avg Lat Err 0.2394
339 EP / Agent 5 : Avg Lat Err 0.2706
339 EP / Agent 6 : Avg Lat Err 0.4917
339 EP / Agent 7 : Avg Lat Err 0.1615
============================================================================================

============================================================================================
[Main] FL round started. (episode 340 ~ 349)
[Main] Client selection: mode=random, budget=4
[Main] Participating agents: [0, 1, 2, 3, 4, 5, 6, 7]
Warning: num_agents (8) is greater than the number of available vehicle parameters (4). Cycling vehicle templates.
[Worker 0] TensorFlow device=GPU, mixed_precision=mixed_float16
[Worker 0] Random seed fixed: 100381
[Worker 0] started on GPU.
  [Worker 0] episode 340 finished. (AvgLatErr: 0.4099, Steps: 148)
  [Worker 0] episode 341 finished. (AvgLatErr: 0.3640, Steps: 139)
  [Worker 0] episode 342 finished. (AvgLatErr: 0.9863, Steps: 129)
  [Worker 0] episode 343 finished. (AvgLatErr: 0.6851, Steps: 136)
  [Worker 0] episode 344 finished. (AvgLatErr: 0.6575, Steps: 142)
  [Worker 0] episode 345 finished. (AvgLatErr: 0.6586, Steps: 137)
  [Worker 0] episode 346 finished. (AvgLatErr: 0.6390, Steps: 130)
  [Worker 0] episode 347 finished. (AvgLatErr: 0.7341, Steps: 141)
  [Worker 0] episode 348 finished. (AvgLatErr: 1.7183, Steps: 152)
  [Worker 0] episode 349 finished. (AvgLatErr: 0.8442, Steps: 144)
[Worker 0].
Warning: num_agents (8) is greater than the number of available vehicle parameters (4). Cycling vehicle templates.
[Worker 2] TensorFlow device=GPU, mixed_precision=mixed_float16
[Worker 2] Random seed fixed: 300381
[Worker 2] started on GPU.
  [Worker 2] episode 340 finished. (AvgLatErr: 0.3294, Steps: 117)
  [Worker 2] episode 341 finished. (AvgLatErr: 0.3968, Steps: 128)
  [Worker 2] episode 342 finished. (AvgLatErr: 0.4315, Steps: 139)
  [Worker 2] episode 343 finished. (AvgLatErr: 0.2261, Steps: 141)
  [Worker 2] episode 344 finished. (AvgLatErr: 0.3936, Steps: 121)
  [Worker 2] episode 345 finished. (AvgLatErr: 0.5284, Steps: 125)
  [Worker 2] episode 346 finished. (AvgLatErr: 0.4885, Steps: 143)
  [Worker 2] episode 347 finished. (AvgLatErr: 0.7172, Steps: 129)
  [Worker 2] episode 348 finished. (AvgLatErr: 0.4693, Steps: 119)
  [Worker 2] episode 349 finished. (AvgLatErr: 0.4080, Steps: 131)
[Worker 2].
Warning: num_agents (8) is greater than the number of available vehicle parameters (4). Cycling vehicle templates.
[Worker 1] TensorFlow device=GPU, mixed_precision=mixed_float16
[Worker 1] Random seed fixed: 200381
[Worker 1] started on GPU.
  [Worker 1] episode 340 finished. (AvgLatErr: 0.0907, Steps: 200)
  [Worker 1] episode 341 finished. (AvgLatErr: 0.1653, Steps: 156)
  [Worker 1] episode 342 finished. (AvgLatErr: 0.0806, Steps: 200)
  [Worker 1] episode 343 finished. (AvgLatErr: 0.1771, Steps: 171)
  [Worker 1] episode 344 finished. (AvgLatErr: 0.1535, Steps: 159)
  [Worker 1] episode 345 finished. (AvgLatErr: 0.1447, Steps: 148)
  [Worker 1] episode 346 finished. (AvgLatErr: 0.1346, Steps: 148)
  [Worker 1] episode 347 finished. (AvgLatErr: 0.1292, Steps: 152)
  [Worker 1] episode 348 finished. (AvgLatErr: 0.1702, Steps: 155)
  [Worker 1] episode 349 finished. (AvgLatErr: 0.1045, Steps: 183)
[Worker 1].
Warning: num_agents (8) is greater than the number of available vehicle parameters (4). Cycling vehicle templates.
[Worker 3] TensorFlow device=GPU, mixed_precision=mixed_float16
[Worker 3] Random seed fixed: 400381
[Worker 3] started on GPU.
  [Worker 3] episode 340 finished. (AvgLatErr: 0.3852, Steps: 200)
  [Worker 3] episode 341 finished. (AvgLatErr: 0.3552, Steps: 198)
  [Worker 3] episode 342 finished. (AvgLatErr: 0.5202, Steps: 199)
  [Worker 3] episode 343 finished. (AvgLatErr: 0.3922, Steps: 179)
  [Worker 3] episode 344 finished. (AvgLatErr: 0.7056, Steps: 181)
  [Worker 3] episode 345 finished. (AvgLatErr: 0.4143, Steps: 175)
  [Worker 3] episode 346 finished. (AvgLatErr: 0.7155, Steps: 172)
  [Worker 3] episode 347 finished. (AvgLatErr: 0.5408, Steps: 176)
  [Worker 3] episode 348 finished. (AvgLatErr: 0.3914, Steps: 189)
  [Worker 3] episode 349 finished. (AvgLatErr: 0.4252, Steps: 188)
[Worker 3].
Warning: num_agents (8) is greater than the number of available vehicle parameters (4). Cycling vehicle templates.
[Worker 4] TensorFlow device=GPU, mixed_precision=mixed_float16
[Worker 4] Random seed fixed: 500381
[Worker 4] started on GPU.
  [Worker 4] episode 340 finished. (AvgLatErr: 6.0788, Steps: 200)
  [Worker 4] episode 341 finished. (AvgLatErr: 0.4651, Steps: 184)
  [Worker 4] episode 342 finished. (AvgLatErr: 0.6021, Steps: 182)
  [Worker 4] episode 343 finished. (AvgLatErr: 0.5625, Steps: 158)
  [Worker 4] episode 344 finished. (AvgLatErr: 0.5256, Steps: 165)
  [Worker 4] episode 345 finished. (AvgLatErr: 0.4712, Steps: 172)
  [Worker 4] episode 346 finished. (AvgLatErr: 0.5713, Steps: 158)
  [Worker 4] episode 347 finished. (AvgLatErr: 0.5500, Steps: 160)
  [Worker 4] episode 348 finished. (AvgLatErr: 0.2682, Steps: 171)
  [Worker 4] episode 349 finished. (AvgLatErr: 0.5470, Steps: 172)
[Worker 4].
Warning: num_agents (8) is greater than the number of available vehicle parameters (4). Cycling vehicle templates.
[Worker 5] TensorFlow device=GPU, mixed_precision=mixed_float16
[Worker 5] Random seed fixed: 600381
[Worker 5] started on GPU.
  [Worker 5] episode 340 finished. (AvgLatErr: 0.0777, Steps: 200)
  [Worker 5] episode 341 finished. (AvgLatErr: 0.0816, Steps: 200)
  [Worker 5] episode 342 finished. (AvgLatErr: 0.0789, Steps: 200)
  [Worker 5] episode 343 finished. (AvgLatErr: 0.0763, Steps: 200)
  [Worker 5] episode 344 finished. (AvgLatErr: 0.2360, Steps: 167)
  [Worker 5] episode 345 finished. (AvgLatErr: 0.0923, Steps: 200)
  [Worker 5] episode 346 finished. (AvgLatErr: 0.3203, Steps: 200)
  [Worker 5] episode 347 finished. (AvgLatErr: 0.3156, Steps: 199)
  [Worker 5] episode 348 finished. (AvgLatErr: 0.4142, Steps: 200)
  [Worker 5] episode 349 finished. (AvgLatErr: 0.2893, Steps: 200)
[Worker 5].
Warning: num_agents (8) is greater than the number of available vehicle parameters (4). Cycling vehicle templates.
[Worker 7] TensorFlow device=GPU, mixed_precision=mixed_float16
[Worker 7] Random seed fixed: 800381
[Worker 7] started on GPU.
  [Worker 7] episode 340 finished. (AvgLatErr: 0.0815, Steps: 200)
  [Worker 7] episode 341 finished. (AvgLatErr: 0.0986, Steps: 200)
  [Worker 7] episode 342 finished. (AvgLatErr: 0.0744, Steps: 200)
  [Worker 7] episode 343 finished. (AvgLatErr: 0.1033, Steps: 200)
  [Worker 7] episode 344 finished. (AvgLatErr: 0.0969, Steps: 200)
  [Worker 7] episode 345 finished. (AvgLatErr: 0.0878, Steps: 200)
  [Worker 7] episode 346 finished. (AvgLatErr: 0.0939, Steps: 200)
  [Worker 7] episode 347 finished. (AvgLatErr: 0.2203, Steps: 185)
  [Worker 7] episode 348 finished. (AvgLatErr: 0.3387, Steps: 157)
  [Worker 7] episode 349 finished. (AvgLatErr: 0.3182, Steps: 171)
[Worker 7].
Warning: num_agents (8) is greater than the number of available vehicle parameters (4). Cycling vehicle templates.
[Worker 6] TensorFlow device=GPU, mixed_precision=mixed_float16
[Worker 6] Random seed fixed: 700381
[Worker 6] started on GPU.
  [Worker 6] episode 340 finished. (AvgLatErr: 0.1439, Steps: 200)
  [Worker 6] episode 341 finished. (AvgLatErr: 0.2819, Steps: 200)
  [Worker 6] episode 342 finished. (AvgLatErr: 0.4052, Steps: 200)
  [Worker 6] episode 343 finished. (AvgLatErr: 0.6151, Steps: 200)
  [Worker 6] episode 344 finished. (AvgLatErr: 0.4851, Steps: 200)
  [Worker 6] episode 345 finished. (AvgLatErr: 0.6073, Steps: 200)
  [Worker 6] episode 346 finished. (AvgLatErr: 0.4574, Steps: 200)
  [Worker 6] episode 347 finished. (AvgLatErr: 0.3502, Steps: 200)
  [Worker 6] episode 348 finished. (AvgLatErr: 0.4941, Steps: 200)
  [Worker 6] episode 349 finished. (AvgLatErr: 0.4914, Steps: 200)
[Worker 6].
[Main] workers finished. (elapsed: 111.43s)
[Main] Aggregation-selected agents: [1, 2, 5, 7]
[Main] FedAdagrad update completed.
[Main] Replay buffers reset after global model update.
============================================================================================
349 EP / Agent 0 : Avg Lat Err 0.8442
349 EP / Agent 1 : Avg Lat Err 0.1045
349 EP / Agent 2 : Avg Lat Err 0.4080
349 EP / Agent 3 : Avg Lat Err 0.4252
349 EP / Agent 4 : Avg Lat Err 0.5470
349 EP / Agent 5 : Avg Lat Err 0.2893
349 EP / Agent 6 : Avg Lat Err 0.4914
349 EP / Agent 7 : Avg Lat Err 0.3182
============================================================================================
[Main] Model checkpoint saved: C:\Users\syd79\FRL-Q\experiments\fast_parallel_fedadagrad_8random4_20260916_run1_random_4of8\checkpoints\global_model_episode_000350.weights.h5

============================================================================================
[Main] FL round started. (episode 350 ~ 359)
[Main] Client selection: mode=random, budget=4
[Main] Participating agents: [0, 1, 2, 3, 4, 5, 6, 7]
Warning: num_agents (8) is greater than the number of available vehicle parameters (4). Cycling vehicle templates.
[Worker 0] TensorFlow device=GPU, mixed_precision=mixed_float16
[Worker 0] Random seed fixed: 100391
[Worker 0] started on GPU.
  [Worker 0] episode 350 finished. (AvgLatErr: 0.3830, Steps: 146)
  [Worker 0] episode 351 finished. (AvgLatErr: 0.9011, Steps: 146)
  [Worker 0] episode 352 finished. (AvgLatErr: 0.9454, Steps: 147)
  [Worker 0] episode 353 finished. (AvgLatErr: 0.7654, Steps: 132)
  [Worker 0] episode 354 finished. (AvgLatErr: 0.6705, Steps: 133)
  [Worker 0] episode 355 finished. (AvgLatErr: 0.7529, Steps: 147)
  [Worker 0] episode 356 finished. (AvgLatErr: 0.5403, Steps: 138)
  [Worker 0] episode 357 finished. (AvgLatErr: 0.8642, Steps: 143)
  [Worker 0] episode 358 finished. (AvgLatErr: 0.9102, Steps: 133)
  [Worker 0] episode 359 finished. (AvgLatErr: 0.6488, Steps: 138)
[Worker 0].
Warning: num_agents (8) is greater than the number of available vehicle parameters (4). Cycling vehicle templates.
[Worker 2] TensorFlow device=GPU, mixed_precision=mixed_float16
[Worker 2] Random seed fixed: 300391
[Worker 2] started on GPU.
  [Worker 2] episode 350 finished. (AvgLatErr: 0.1240, Steps: 179)
  [Worker 2] episode 351 finished. (AvgLatErr: 0.1950, Steps: 176)
  [Worker 2] episode 352 finished. (AvgLatErr: 0.3246, Steps: 147)
  [Worker 2] episode 353 finished. (AvgLatErr: 0.5645, Steps: 134)
  [Worker 2] episode 354 finished. (AvgLatErr: 0.4164, Steps: 161)
  [Worker 2] episode 355 finished. (AvgLatErr: 0.3804, Steps: 128)
  [Worker 2] episode 356 finished. (AvgLatErr: 0.4924, Steps: 149)
  [Worker 2] episode 357 finished. (AvgLatErr: 0.2956, Steps: 133)
  [Worker 2] episode 358 finished. (AvgLatErr: 0.4458, Steps: 144)
  [Worker 2] episode 359 finished. (AvgLatErr: 0.3322, Steps: 153)
[Worker 2].
Warning: num_agents (8) is greater than the number of available vehicle parameters (4). Cycling vehicle templates.
[Worker 1] TensorFlow device=GPU, mixed_precision=mixed_float16
[Worker 1] Random seed fixed: 200391
[Worker 1] started on GPU.
  [Worker 1] episode 350 finished. (AvgLatErr: 0.1434, Steps: 167)
  [Worker 1] episode 351 finished. (AvgLatErr: 0.1224, Steps: 169)
  [Worker 1] episode 352 finished. (AvgLatErr: 0.2304, Steps: 165)
  [Worker 1] episode 353 finished. (AvgLatErr: 0.1188, Steps: 177)
  [Worker 1] episode 354 finished. (AvgLatErr: 0.1801, Steps: 166)
  [Worker 1] episode 355 finished. (AvgLatErr: 0.1204, Steps: 174)
  [Worker 1] episode 356 finished. (AvgLatErr: 0.1268, Steps: 197)
  [Worker 1] episode 357 finished. (AvgLatErr: 0.1283, Steps: 184)
  [Worker 1] episode 358 finished. (AvgLatErr: 0.3460, Steps: 157)
  [Worker 1] episode 359 finished. (AvgLatErr: 0.2032, Steps: 167)
[Worker 1].
Warning: num_agents (8) is greater than the number of available vehicle parameters (4). Cycling vehicle templates.
[Worker 4] TensorFlow device=GPU, mixed_precision=mixed_float16
[Worker 4] Random seed fixed: 500391
[Worker 4] started on GPU.
  [Worker 4] episode 350 finished. (AvgLatErr: 0.3930, Steps: 196)
  [Worker 4] episode 351 finished. (AvgLatErr: 0.4085, Steps: 168)
  [Worker 4] episode 352 finished. (AvgLatErr: 0.2894, Steps: 150)
  [Worker 4] episode 353 finished. (AvgLatErr: 0.3224, Steps: 167)
  [Worker 4] episode 354 finished. (AvgLatErr: 0.4053, Steps: 155)
  [Worker 4] episode 355 finished. (AvgLatErr: 0.4024, Steps: 154)
  [Worker 4] episode 356 finished. (AvgLatErr: 0.3822, Steps: 151)
  [Worker 4] episode 357 finished. (AvgLatErr: 3.9761, Steps: 200)
  [Worker 4] episode 358 finished. (AvgLatErr: 0.4915, Steps: 152)
  [Worker 4] episode 359 finished. (AvgLatErr: 0.4206, Steps: 163)
[Worker 4].
Warning: num_agents (8) is greater than the number of available vehicle parameters (4). Cycling vehicle templates.
[Worker 3] TensorFlow device=GPU, mixed_precision=mixed_float16
[Worker 3] Random seed fixed: 400391
[Worker 3] started on GPU.
  [Worker 3] episode 350 finished. (AvgLatErr: 0.1979, Steps: 200)
  [Worker 3] episode 351 finished. (AvgLatErr: 0.5541, Steps: 171)
  [Worker 3] episode 352 finished. (AvgLatErr: 0.4557, Steps: 192)
  [Worker 3] episode 353 finished. (AvgLatErr: 0.6986, Steps: 184)
  [Worker 3] episode 354 finished. (AvgLatErr: 0.3170, Steps: 200)
  [Worker 3] episode 355 finished. (AvgLatErr: 1.4471, Steps: 195)
  [Worker 3] episode 356 finished. (AvgLatErr: 0.3181, Steps: 180)
  [Worker 3] episode 357 finished. (AvgLatErr: 0.3170, Steps: 197)
  [Worker 3] episode 358 finished. (AvgLatErr: 0.5959, Steps: 195)
  [Worker 3] episode 359 finished. (AvgLatErr: 0.4577, Steps: 183)
[Worker 3].
Warning: num_agents (8) is greater than the number of available vehicle parameters (4). Cycling vehicle templates.
[Worker 5] TensorFlow device=GPU, mixed_precision=mixed_float16
[Worker 5] Random seed fixed: 600391
[Worker 5] started on GPU.
  [Worker 5] episode 350 finished. (AvgLatErr: 0.0857, Steps: 200)
  [Worker 5] episode 351 finished. (AvgLatErr: 0.2433, Steps: 174)
  [Worker 5] episode 352 finished. (AvgLatErr: 0.1113, Steps: 200)
  [Worker 5] episode 353 finished. (AvgLatErr: 0.1636, Steps: 200)
  [Worker 5] episode 354 finished. (AvgLatErr: 0.3123, Steps: 160)
  [Worker 5] episode 355 finished. (AvgLatErr: 0.2314, Steps: 186)
  [Worker 5] episode 356 finished. (AvgLatErr: 0.1863, Steps: 198)
  [Worker 5] episode 357 finished. (AvgLatErr: 0.2150, Steps: 181)
  [Worker 5] episode 358 finished. (AvgLatErr: 0.1784, Steps: 196)
  [Worker 5] episode 359 finished. (AvgLatErr: 0.2718, Steps: 188)
[Worker 5].
Warning: num_agents (8) is greater than the number of available vehicle parameters (4). Cycling vehicle templates.
[Worker 7] TensorFlow device=GPU, mixed_precision=mixed_float16
[Worker 7] Random seed fixed: 800391
[Worker 7] started on GPU.
  [Worker 7] episode 350 finished. (AvgLatErr: 0.0832, Steps: 200)
  [Worker 7] episode 351 finished. (AvgLatErr: 0.0855, Steps: 200)
  [Worker 7] episode 352 finished. (AvgLatErr: 0.0852, Steps: 200)
  [Worker 7] episode 353 finished. (AvgLatErr: 0.1186, Steps: 174)
  [Worker 7] episode 354 finished. (AvgLatErr: 0.1102, Steps: 187)
  [Worker 7] episode 355 finished. (AvgLatErr: 0.1011, Steps: 198)
  [Worker 7] episode 356 finished. (AvgLatErr: 0.1205, Steps: 200)
  [Worker 7] episode 357 finished. (AvgLatErr: 0.1428, Steps: 167)
  [Worker 7] episode 358 finished. (AvgLatErr: 0.1532, Steps: 197)
  [Worker 7] episode 359 finished. (AvgLatErr: 0.2529, Steps: 168)
[Worker 7].
Warning: num_agents (8) is greater than the number of available vehicle parameters (4). Cycling vehicle templates.
[Worker 6] TensorFlow device=GPU, mixed_precision=mixed_float16
[Worker 6] Random seed fixed: 700391
[Worker 6] started on GPU.
  [Worker 6] episode 350 finished. (AvgLatErr: 0.7356, Steps: 200)
  [Worker 6] episode 351 finished. (AvgLatErr: 0.4040, Steps: 200)
  [Worker 6] episode 352 finished. (AvgLatErr: 0.4938, Steps: 200)
  [Worker 6] episode 353 finished. (AvgLatErr: 0.6827, Steps: 200)
  [Worker 6] episode 354 finished. (AvgLatErr: 0.4049, Steps: 200)
  [Worker 6] episode 355 finished. (AvgLatErr: 0.5694, Steps: 200)
  [Worker 6] episode 356 finished. (AvgLatErr: 0.3540, Steps: 200)
  [Worker 6] episode 357 finished. (AvgLatErr: 0.2993, Steps: 200)
  [Worker 6] episode 358 finished. (AvgLatErr: 0.4857, Steps: 200)
  [Worker 6] episode 359 finished. (AvgLatErr: 0.4465, Steps: 200)
[Worker 6].
[Main] workers finished. (elapsed: 112.03s)
[Main] Aggregation-selected agents: [0, 1, 5, 6]
[Main] FedAdagrad update completed.
[Main] Replay buffers reset after global model update.
============================================================================================
359 EP / Agent 0 : Avg Lat Err 0.6488
359 EP / Agent 1 : Avg Lat Err 0.2032
359 EP / Agent 2 : Avg Lat Err 0.3322
359 EP / Agent 3 : Avg Lat Err 0.4577
359 EP / Agent 4 : Avg Lat Err 0.4206
359 EP / Agent 5 : Avg Lat Err 0.2718
359 EP / Agent 6 : Avg Lat Err 0.4465
359 EP / Agent 7 : Avg Lat Err 0.2529
============================================================================================

============================================================================================
[Main] FL round started. (episode 360 ~ 369)
[Main] Client selection: mode=random, budget=4
[Main] Participating agents: [0, 1, 2, 3, 4, 5, 6, 7]
Warning: num_agents (8) is greater than the number of available vehicle parameters (4). Cycling vehicle templates.
[Worker 0] TensorFlow device=GPU, mixed_precision=mixed_float16
[Worker 0] Random seed fixed: 100401
[Worker 0] started on GPU.
  [Worker 0] episode 360 finished. (AvgLatErr: 0.9725, Steps: 139)
  [Worker 0] episode 361 finished. (AvgLatErr: 1.5511, Steps: 157)
  [Worker 0] episode 362 finished. (AvgLatErr: 1.0877, Steps: 132)
  [Worker 0] episode 363 finished. (AvgLatErr: 1.0174, Steps: 134)
  [Worker 0] episode 364 finished. (AvgLatErr: 0.8897, Steps: 138)
  [Worker 0] episode 365 finished. (AvgLatErr: 0.8818, Steps: 139)
  [Worker 0] episode 366 finished. (AvgLatErr: 0.8987, Steps: 139)
  [Worker 0] episode 367 finished. (AvgLatErr: 0.6050, Steps: 132)
  [Worker 0] episode 368 finished. (AvgLatErr: 0.7584, Steps: 127)
  [Worker 0] episode 369 finished. (AvgLatErr: 0.9404, Steps: 132)
[Worker 0].
Warning: num_agents (8) is greater than the number of available vehicle parameters (4). Cycling vehicle templates.
[Worker 2] TensorFlow device=GPU, mixed_precision=mixed_float16
[Worker 2] Random seed fixed: 300401
[Worker 2] started on GPU.
  [Worker 2] episode 360 finished. (AvgLatErr: 0.2742, Steps: 167)
  [Worker 2] episode 361 finished. (AvgLatErr: 0.4185, Steps: 139)
  [Worker 2] episode 362 finished. (AvgLatErr: 0.4462, Steps: 169)
  [Worker 2] episode 363 finished. (AvgLatErr: 0.3091, Steps: 157)
  [Worker 2] episode 364 finished. (AvgLatErr: 0.4826, Steps: 152)
  [Worker 2] episode 365 finished. (AvgLatErr: 0.2642, Steps: 143)
  [Worker 2] episode 366 finished. (AvgLatErr: 0.3138, Steps: 161)
  [Worker 2] episode 367 finished. (AvgLatErr: 0.1489, Steps: 155)
  [Worker 2] episode 368 finished. (AvgLatErr: 0.3618, Steps: 146)
  [Worker 2] episode 369 finished. (AvgLatErr: 0.3984, Steps: 121)
[Worker 2].
Warning: num_agents (8) is greater than the number of available vehicle parameters (4). Cycling vehicle templates.
[Worker 1] TensorFlow device=GPU, mixed_precision=mixed_float16
[Worker 1] Random seed fixed: 200401
[Worker 1] started on GPU.
  [Worker 1] episode 360 finished. (AvgLatErr: 0.0956, Steps: 175)
  [Worker 1] episode 361 finished. (AvgLatErr: 0.0783, Steps: 200)
  [Worker 1] episode 362 finished. (AvgLatErr: 0.0918, Steps: 200)
  [Worker 1] episode 363 finished. (AvgLatErr: 0.1144, Steps: 171)
  [Worker 1] episode 364 finished. (AvgLatErr: 0.0696, Steps: 200)
  [Worker 1] episode 365 finished. (AvgLatErr: 0.0743, Steps: 200)
  [Worker 1] episode 366 finished. (AvgLatErr: 0.0669, Steps: 200)
  [Worker 1] episode 367 finished. (AvgLatErr: 0.0879, Steps: 200)
  [Worker 1] episode 368 finished. (AvgLatErr: 0.0712, Steps: 200)
  [Worker 1] episode 369 finished. (AvgLatErr: 0.0793, Steps: 200)
[Worker 1].
Warning: num_agents (8) is greater than the number of available vehicle parameters (4). Cycling vehicle templates.
[Worker 3] TensorFlow device=GPU, mixed_precision=mixed_float16
[Worker 3] Random seed fixed: 400401
[Worker 3] started on GPU.
  [Worker 3] episode 360 finished. (AvgLatErr: 0.2643, Steps: 200)
  [Worker 3] episode 361 finished. (AvgLatErr: 0.3153, Steps: 200)
  [Worker 3] episode 362 finished. (AvgLatErr: 0.5155, Steps: 172)
  [Worker 3] episode 363 finished. (AvgLatErr: 0.6711, Steps: 173)
  [Worker 3] episode 364 finished. (AvgLatErr: 0.4557, Steps: 178)
  [Worker 3] episode 365 finished. (AvgLatErr: 0.4986, Steps: 183)
  [Worker 3] episode 366 finished. (AvgLatErr: 0.4623, Steps: 167)
  [Worker 3] episode 367 finished. (AvgLatErr: 0.3406, Steps: 180)
  [Worker 3] episode 368 finished. (AvgLatErr: 0.7030, Steps: 182)
  [Worker 3] episode 369 finished. (AvgLatErr: 1.3314, Steps: 190)
[Worker 3].
Warning: num_agents (8) is greater than the number of available vehicle parameters (4). Cycling vehicle templates.
[Worker 4] TensorFlow device=GPU, mixed_precision=mixed_float16
[Worker 4] Random seed fixed: 500401
[Worker 4] started on GPU.
  [Worker 4] episode 360 finished. (AvgLatErr: 0.3792, Steps: 200)
  [Worker 4] episode 361 finished. (AvgLatErr: 0.2338, Steps: 200)
  [Worker 4] episode 362 finished. (AvgLatErr: 0.4942, Steps: 195)
  [Worker 4] episode 363 finished. (AvgLatErr: 0.3695, Steps: 176)
  [Worker 4] episode 364 finished. (AvgLatErr: 0.3469, Steps: 200)
  [Worker 4] episode 365 finished. (AvgLatErr: 0.2771, Steps: 195)
  [Worker 4] episode 366 finished. (AvgLatErr: 0.3129, Steps: 159)
  [Worker 4] episode 367 finished. (AvgLatErr: 0.3858, Steps: 179)
  [Worker 4] episode 368 finished. (AvgLatErr: 0.3390, Steps: 175)
  [Worker 4] episode 369 finished. (AvgLatErr: 0.3656, Steps: 183)
[Worker 4].
Warning: num_agents (8) is greater than the number of available vehicle parameters (4). Cycling vehicle templates.
[Worker 5] TensorFlow device=GPU, mixed_precision=mixed_float16
[Worker 5] Random seed fixed: 600401
[Worker 5] started on GPU.
  [Worker 5] episode 360 finished. (AvgLatErr: 0.1198, Steps: 200)
  [Worker 5] episode 361 finished. (AvgLatErr: 0.1584, Steps: 200)
  [Worker 5] episode 362 finished. (AvgLatErr: 0.0845, Steps: 200)
  [Worker 5] episode 363 finished. (AvgLatErr: 0.0798, Steps: 200)
  [Worker 5] episode 364 finished. (AvgLatErr: 0.2135, Steps: 189)
  [Worker 5] episode 365 finished. (AvgLatErr: 0.1103, Steps: 200)
  [Worker 5] episode 366 finished. (AvgLatErr: 0.1087, Steps: 200)
  [Worker 5] episode 367 finished. (AvgLatErr: 0.0987, Steps: 200)
  [Worker 5] episode 368 finished. (AvgLatErr: 0.0786, Steps: 200)
  [Worker 5] episode 369 finished. (AvgLatErr: 0.0820, Steps: 200)
[Worker 5].
Warning: num_agents (8) is greater than the number of available vehicle parameters (4). Cycling vehicle templates.
[Worker 7] TensorFlow device=GPU, mixed_precision=mixed_float16
[Worker 7] Random seed fixed: 800401
[Worker 7] started on GPU.
  [Worker 7] episode 360 finished. (AvgLatErr: 0.1265, Steps: 178)
  [Worker 7] episode 361 finished. (AvgLatErr: 0.0738, Steps: 200)
  [Worker 7] episode 362 finished. (AvgLatErr: 0.1020, Steps: 200)
  [Worker 7] episode 363 finished. (AvgLatErr: 0.1256, Steps: 200)
  [Worker 7] episode 364 finished. (AvgLatErr: 0.0842, Steps: 200)
  [Worker 7] episode 365 finished. (AvgLatErr: 0.2019, Steps: 200)
  [Worker 7] episode 366 finished. (AvgLatErr: 0.1263, Steps: 187)
  [Worker 7] episode 367 finished. (AvgLatErr: 0.1750, Steps: 166)
  [Worker 7] episode 368 finished. (AvgLatErr: 0.2214, Steps: 173)
  [Worker 7] episode 369 finished. (AvgLatErr: 0.1954, Steps: 166)
[Worker 7].
Warning: num_agents (8) is greater than the number of available vehicle parameters (4). Cycling vehicle templates.
[Worker 6] TensorFlow device=GPU, mixed_precision=mixed_float16
[Worker 6] Random seed fixed: 700401
[Worker 6] started on GPU.
  [Worker 6] episode 360 finished. (AvgLatErr: 0.3503, Steps: 200)
  [Worker 6] episode 361 finished. (AvgLatErr: 0.1032, Steps: 200)
  [Worker 6] episode 362 finished. (AvgLatErr: 0.1241, Steps: 200)
  [Worker 6] episode 363 finished. (AvgLatErr: 0.1103, Steps: 200)
  [Worker 6] episode 364 finished. (AvgLatErr: 0.4517, Steps: 200)
  [Worker 6] episode 365 finished. (AvgLatErr: 0.2329, Steps: 200)
  [Worker 6] episode 366 finished. (AvgLatErr: 0.1860, Steps: 200)
  [Worker 6] episode 367 finished. (AvgLatErr: 0.2359, Steps: 200)
  [Worker 6] episode 368 finished. (AvgLatErr: 0.3513, Steps: 200)
  [Worker 6] episode 369 finished. (AvgLatErr: 0.3328, Steps: 200)
[Worker 6].
[Main] workers finished. (elapsed: 113.27s)
[Main] Aggregation-selected agents: [1, 2, 4, 5]
[Main] FedAdagrad update completed.
[Main] Replay buffers reset after global model update.
============================================================================================
369 EP / Agent 0 : Avg Lat Err 0.9404
369 EP / Agent 1 : Avg Lat Err 0.0793
369 EP / Agent 2 : Avg Lat Err 0.3984
369 EP / Agent 3 : Avg Lat Err 1.3314
369 EP / Agent 4 : Avg Lat Err 0.3656
369 EP / Agent 5 : Avg Lat Err 0.0820
369 EP / Agent 6 : Avg Lat Err 0.3328
369 EP / Agent 7 : Avg Lat Err 0.1954
============================================================================================

============================================================================================
[Main] FL round started. (episode 370 ~ 379)
[Main] Client selection: mode=random, budget=4
[Main] Participating agents: [0, 1, 2, 3, 4, 5, 6, 7]
Warning: num_agents (8) is greater than the number of available vehicle parameters (4). Cycling vehicle templates.
[Worker 0] TensorFlow device=GPU, mixed_precision=mixed_float16
[Worker 0] Random seed fixed: 100411
[Worker 0] started on GPU.
  [Worker 0] episode 370 finished. (AvgLatErr: 0.4181, Steps: 141)
  [Worker 0] episode 371 finished. (AvgLatErr: 1.0512, Steps: 135)
  [Worker 0] episode 372 finished. (AvgLatErr: 0.7840, Steps: 143)
  [Worker 0] episode 373 finished. (AvgLatErr: 1.8994, Steps: 147)
  [Worker 0] episode 374 finished. (AvgLatErr: 1.5257, Steps: 131)
  [Worker 0] episode 375 finished. (AvgLatErr: 0.9625, Steps: 131)
  [Worker 0] episode 376 finished. (AvgLatErr: 0.8660, Steps: 131)
  [Worker 0] episode 377 finished. (AvgLatErr: 0.6784, Steps: 144)
  [Worker 0] episode 378 finished. (AvgLatErr: 0.5962, Steps: 148)
  [Worker 0] episode 379 finished. (AvgLatErr: 0.5694, Steps: 135)
[Worker 0].
Warning: num_agents (8) is greater than the number of available vehicle parameters (4). Cycling vehicle templates.
[Worker 2] TensorFlow device=GPU, mixed_precision=mixed_float16
[Worker 2] Random seed fixed: 300411
[Worker 2] started on GPU.
  [Worker 2] episode 370 finished. (AvgLatErr: 0.0796, Steps: 200)
  [Worker 2] episode 371 finished. (AvgLatErr: 0.0994, Steps: 200)
  [Worker 2] episode 372 finished. (AvgLatErr: 0.3445, Steps: 153)
  [Worker 2] episode 373 finished. (AvgLatErr: 0.5620, Steps: 130)
  [Worker 2] episode 374 finished. (AvgLatErr: 0.7490, Steps: 131)
  [Worker 2] episode 375 finished. (AvgLatErr: 0.3309, Steps: 131)
  [Worker 2] episode 376 finished. (AvgLatErr: 0.3966, Steps: 130)
  [Worker 2] episode 377 finished. (AvgLatErr: 0.3072, Steps: 137)
  [Worker 2] episode 378 finished. (AvgLatErr: 0.4501, Steps: 137)
  [Worker 2] episode 379 finished. (AvgLatErr: 0.3068, Steps: 134)
[Worker 2].
Warning: num_agents (8) is greater than the number of available vehicle parameters (4). Cycling vehicle templates.
[Worker 1] TensorFlow device=GPU, mixed_precision=mixed_float16
[Worker 1] Random seed fixed: 200411
[Worker 1] started on GPU.
  [Worker 1] episode 370 finished. (AvgLatErr: 0.0795, Steps: 200)
  [Worker 1] episode 371 finished. (AvgLatErr: 0.3325, Steps: 153)
  [Worker 1] episode 372 finished. (AvgLatErr: 0.0926, Steps: 167)
  [Worker 1] episode 373 finished. (AvgLatErr: 0.0849, Steps: 200)
  [Worker 1] episode 374 finished. (AvgLatErr: 0.0752, Steps: 200)
  [Worker 1] episode 375 finished. (AvgLatErr: 0.0736, Steps: 191)
  [Worker 1] episode 376 finished. (AvgLatErr: 0.0672, Steps: 200)
  [Worker 1] episode 377 finished. (AvgLatErr: 0.0875, Steps: 200)
  [Worker 1] episode 378 finished. (AvgLatErr: 0.0738, Steps: 200)
  [Worker 1] episode 379 finished. (AvgLatErr: 0.1652, Steps: 134)
[Worker 1].
Warning: num_agents (8) is greater than the number of available vehicle parameters (4). Cycling vehicle templates.
[Worker 3] TensorFlow device=GPU, mixed_precision=mixed_float16
[Worker 3] Random seed fixed: 400411
[Worker 3] started on GPU.
  [Worker 3] episode 370 finished. (AvgLatErr: 0.1398, Steps: 200)
  [Worker 3] episode 371 finished. (AvgLatErr: 0.2716, Steps: 200)
  [Worker 3] episode 372 finished. (AvgLatErr: 0.2568, Steps: 200)
  [Worker 3] episode 373 finished. (AvgLatErr: 0.2671, Steps: 200)
  [Worker 3] episode 374 finished. (AvgLatErr: 0.3499, Steps: 192)
  [Worker 3] episode 375 finished. (AvgLatErr: 0.1502, Steps: 200)
  [Worker 3] episode 376 finished. (AvgLatErr: 0.1880, Steps: 200)
  [Worker 3] episode 377 finished. (AvgLatErr: 0.2349, Steps: 200)
  [Worker 3] episode 378 finished. (AvgLatErr: 0.2599, Steps: 200)
  [Worker 3] episode 379 finished. (AvgLatErr: 0.1507, Steps: 200)
[Worker 3].
Warning: num_agents (8) is greater than the number of available vehicle parameters (4). Cycling vehicle templates.
[Worker 4] TensorFlow device=GPU, mixed_precision=mixed_float16
[Worker 4] Random seed fixed: 500411
[Worker 4] started on GPU.
  [Worker 4] episode 370 finished. (AvgLatErr: 0.2405, Steps: 200)
  [Worker 4] episode 371 finished. (AvgLatErr: 0.2723, Steps: 200)
  [Worker 4] episode 372 finished. (AvgLatErr: 0.3805, Steps: 174)
  [Worker 4] episode 373 finished. (AvgLatErr: 0.4287, Steps: 200)
  [Worker 4] episode 374 finished. (AvgLatErr: 0.3587, Steps: 200)
  [Worker 4] episode 375 finished. (AvgLatErr: 0.2732, Steps: 190)
  [Worker 4] episode 376 finished. (AvgLatErr: 0.3665, Steps: 188)
  [Worker 4] episode 377 finished. (AvgLatErr: 0.3419, Steps: 193)
  [Worker 4] episode 378 finished. (AvgLatErr: 0.4820, Steps: 163)
  [Worker 4] episode 379 finished. (AvgLatErr: 0.3313, Steps: 177)
[Worker 4].
Warning: num_agents (8) is greater than the number of available vehicle parameters (4). Cycling vehicle templates.
[Worker 5] TensorFlow device=GPU, mixed_precision=mixed_float16
[Worker 5] Random seed fixed: 600411
[Worker 5] started on GPU.
  [Worker 5] episode 370 finished. (AvgLatErr: 0.0717, Steps: 200)
  [Worker 5] episode 371 finished. (AvgLatErr: 0.0819, Steps: 200)
  [Worker 5] episode 372 finished. (AvgLatErr: 0.0855, Steps: 200)
  [Worker 5] episode 373 finished. (AvgLatErr: 0.0919, Steps: 200)
  [Worker 5] episode 374 finished. (AvgLatErr: 0.0850, Steps: 200)
  [Worker 5] episode 375 finished. (AvgLatErr: 0.0778, Steps: 200)
  [Worker 5] episode 376 finished. (AvgLatErr: 0.0770, Steps: 200)
  [Worker 5] episode 377 finished. (AvgLatErr: 0.3445, Steps: 188)
  [Worker 5] episode 378 finished. (AvgLatErr: 0.3419, Steps: 200)
  [Worker 5] episode 379 finished. (AvgLatErr: 0.1903, Steps: 170)
[Worker 5].
Warning: num_agents (8) is greater than the number of available vehicle parameters (4). Cycling vehicle templates.
[Worker 7] TensorFlow device=GPU, mixed_precision=mixed_float16
[Worker 7] Random seed fixed: 800411
[Worker 7] started on GPU.
  [Worker 7] episode 370 finished. (AvgLatErr: 0.0804, Steps: 200)
  [Worker 7] episode 371 finished. (AvgLatErr: 0.0880, Steps: 200)
  [Worker 7] episode 372 finished. (AvgLatErr: 0.1123, Steps: 196)
  [Worker 7] episode 373 finished. (AvgLatErr: 0.1959, Steps: 183)
  [Worker 7] episode 374 finished. (AvgLatErr: 0.1919, Steps: 184)
  [Worker 7] episode 375 finished. (AvgLatErr: 0.1863, Steps: 150)
  [Worker 7] episode 376 finished. (AvgLatErr: 0.2043, Steps: 159)
  [Worker 7] episode 377 finished. (AvgLatErr: 0.0883, Steps: 199)
  [Worker 7] episode 378 finished. (AvgLatErr: 0.1583, Steps: 173)
  [Worker 7] episode 379 finished. (AvgLatErr: 0.2536, Steps: 179)
[Worker 7].
Warning: num_agents (8) is greater than the number of available vehicle parameters (4). Cycling vehicle templates.
[Worker 6] TensorFlow device=GPU, mixed_precision=mixed_float16
[Worker 6] Random seed fixed: 700411
[Worker 6] started on GPU.
  [Worker 6] episode 370 finished. (AvgLatErr: 0.2796, Steps: 200)
  [Worker 6] episode 371 finished. (AvgLatErr: 0.0802, Steps: 200)
  [Worker 6] episode 372 finished. (AvgLatErr: 0.0940, Steps: 200)
  [Worker 6] episode 373 finished. (AvgLatErr: 0.1028, Steps: 200)
  [Worker 6] episode 374 finished. (AvgLatErr: 0.0901, Steps: 200)
  [Worker 6] episode 375 finished. (AvgLatErr: 0.0783, Steps: 200)
  [Worker 6] episode 376 finished. (AvgLatErr: 0.3312, Steps: 200)
  [Worker 6] episode 377 finished. (AvgLatErr: 0.4468, Steps: 200)
  [Worker 6] episode 378 finished. (AvgLatErr: 0.6629, Steps: 200)
  [Worker 6] episode 379 finished. (AvgLatErr: 0.4766, Steps: 200)
[Worker 6].
[Main] workers finished. (elapsed: 111.76s)
[Main] Aggregation-selected agents: [0, 1, 6, 7]
[Main] FedAdagrad update completed.
[Main] Replay buffers reset after global model update.
============================================================================================
379 EP / Agent 0 : Avg Lat Err 0.5694
379 EP / Agent 1 : Avg Lat Err 0.1652
379 EP / Agent 2 : Avg Lat Err 0.3068
379 EP / Agent 3 : Avg Lat Err 0.1507
379 EP / Agent 4 : Avg Lat Err 0.3313
379 EP / Agent 5 : Avg Lat Err 0.1903
379 EP / Agent 6 : Avg Lat Err 0.4766
379 EP / Agent 7 : Avg Lat Err 0.2536
============================================================================================

============================================================================================
[Main] FL round started. (episode 380 ~ 389)
[Main] Client selection: mode=random, budget=4
[Main] Participating agents: [0, 1, 2, 3, 4, 5, 6, 7]
Warning: num_agents (8) is greater than the number of available vehicle parameters (4). Cycling vehicle templates.
[Worker 0] TensorFlow device=GPU, mixed_precision=mixed_float16
[Worker 0] Random seed fixed: 100421
[Worker 0] started on GPU.
  [Worker 0] episode 380 finished. (AvgLatErr: 0.3552, Steps: 147)
  [Worker 0] episode 381 finished. (AvgLatErr: 1.3831, Steps: 139)
  [Worker 0] episode 382 finished. (AvgLatErr: 0.9907, Steps: 145)
  [Worker 0] episode 383 finished. (AvgLatErr: 0.3566, Steps: 145)
  [Worker 0] episode 384 finished. (AvgLatErr: 0.2313, Steps: 200)
  [Worker 0] episode 385 finished. (AvgLatErr: 0.3743, Steps: 162)
  [Worker 0] episode 386 finished. (AvgLatErr: 0.8980, Steps: 165)
  [Worker 0] episode 387 finished. (AvgLatErr: 0.8363, Steps: 143)
  [Worker 0] episode 388 finished. (AvgLatErr: 0.4173, Steps: 161)
  [Worker 0] episode 389 finished. (AvgLatErr: 0.5970, Steps: 169)
[Worker 0].
Warning: num_agents (8) is greater than the number of available vehicle parameters (4). Cycling vehicle templates.
[Worker 1] TensorFlow device=GPU, mixed_precision=mixed_float16
[Worker 1] Random seed fixed: 200421
[Worker 1] started on GPU.
  [Worker 1] episode 380 finished. (AvgLatErr: 0.0898, Steps: 184)
  [Worker 1] episode 381 finished. (AvgLatErr: 0.1383, Steps: 200)
  [Worker 1] episode 382 finished. (AvgLatErr: 0.1075, Steps: 170)
  [Worker 1] episode 383 finished. (AvgLatErr: 0.1203, Steps: 174)
  [Worker 1] episode 384 finished. (AvgLatErr: 0.0810, Steps: 200)
  [Worker 1] episode 385 finished. (AvgLatErr: 0.1331, Steps: 172)
  [Worker 1] episode 386 finished. (AvgLatErr: 0.1685, Steps: 177)
  [Worker 1] episode 387 finished. (AvgLatErr: 0.1067, Steps: 158)
  [Worker 1] episode 388 finished. (AvgLatErr: 0.0989, Steps: 158)
  [Worker 1] episode 389 finished. (AvgLatErr: 0.0845, Steps: 169)
[Worker 1].
Warning: num_agents (8) is greater than the number of available vehicle parameters (4). Cycling vehicle templates.
[Worker 2] TensorFlow device=GPU, mixed_precision=mixed_float16
[Worker 2] Random seed fixed: 300421
[Worker 2] started on GPU.
  [Worker 2] episode 380 finished. (AvgLatErr: 0.1346, Steps: 195)
  [Worker 2] episode 381 finished. (AvgLatErr: 0.1193, Steps: 197)
  [Worker 2] episode 382 finished. (AvgLatErr: 0.5193, Steps: 148)
  [Worker 2] episode 383 finished. (AvgLatErr: 0.5075, Steps: 150)
  [Worker 2] episode 384 finished. (AvgLatErr: 3.4461, Steps: 200)
  [Worker 2] episode 385 finished. (AvgLatErr: 0.2699, Steps: 145)
  [Worker 2] episode 386 finished. (AvgLatErr: 0.4131, Steps: 150)
  [Worker 2] episode 387 finished. (AvgLatErr: 0.4117, Steps: 149)
  [Worker 2] episode 388 finished. (AvgLatErr: 0.4066, Steps: 158)
  [Worker 2] episode 389 finished. (AvgLatErr: 0.5768, Steps: 158)
[Worker 2].
Warning: num_agents (8) is greater than the number of available vehicle parameters (4). Cycling vehicle templates.
[Worker 3] TensorFlow device=GPU, mixed_precision=mixed_float16
[Worker 3] Random seed fixed: 400421
[Worker 3] started on GPU.
  [Worker 3] episode 380 finished. (AvgLatErr: 0.2244, Steps: 200)
  [Worker 3] episode 381 finished. (AvgLatErr: 0.1492, Steps: 200)
  [Worker 3] episode 382 finished. (AvgLatErr: 0.1386, Steps: 200)
  [Worker 3] episode 383 finished. (AvgLatErr: 0.2597, Steps: 200)
  [Worker 3] episode 384 finished. (AvgLatErr: 0.3579, Steps: 198)
  [Worker 3] episode 385 finished. (AvgLatErr: 0.1643, Steps: 200)
  [Worker 3] episode 386 finished. (AvgLatErr: 0.4205, Steps: 191)
  [Worker 3] episode 387 finished. (AvgLatErr: 0.4930, Steps: 187)
  [Worker 3] episode 388 finished. (AvgLatErr: 0.4474, Steps: 200)
  [Worker 3] episode 389 finished. (AvgLatErr: 0.8510, Steps: 183)
[Worker 3].
Warning: num_agents (8) is greater than the number of available vehicle parameters (4). Cycling vehicle templates.
[Worker 4] TensorFlow device=GPU, mixed_precision=mixed_float16
[Worker 4] Random seed fixed: 500421
[Worker 4] started on GPU.
  [Worker 4] episode 380 finished. (AvgLatErr: 0.3181, Steps: 200)
  [Worker 4] episode 381 finished. (AvgLatErr: 0.5466, Steps: 171)
  [Worker 4] episode 382 finished. (AvgLatErr: 0.5733, Steps: 169)
  [Worker 4] episode 383 finished. (AvgLatErr: 0.2905, Steps: 178)
  [Worker 4] episode 384 finished. (AvgLatErr: 0.1327, Steps: 200)
  [Worker 4] episode 385 finished. (AvgLatErr: 0.3111, Steps: 198)
  [Worker 4] episode 386 finished. (AvgLatErr: 0.3719, Steps: 166)
  [Worker 4] episode 387 finished. (AvgLatErr: 0.4535, Steps: 167)
  [Worker 4] episode 388 finished. (AvgLatErr: 0.2885, Steps: 165)
  [Worker 4] episode 389 finished. (AvgLatErr: 0.3152, Steps: 147)
[Worker 4].
Warning: num_agents (8) is greater than the number of available vehicle parameters (4). Cycling vehicle templates.
[Worker 5] TensorFlow device=GPU, mixed_precision=mixed_float16
[Worker 5] Random seed fixed: 600421
[Worker 5] started on GPU.
  [Worker 5] episode 380 finished. (AvgLatErr: 0.1097, Steps: 200)
  [Worker 5] episode 381 finished. (AvgLatErr: 0.0711, Steps: 200)
  [Worker 5] episode 382 finished. (AvgLatErr: 0.1507, Steps: 200)
  [Worker 5] episode 383 finished. (AvgLatErr: 0.2074, Steps: 200)
  [Worker 5] episode 384 finished. (AvgLatErr: 0.1492, Steps: 200)
  [Worker 5] episode 385 finished. (AvgLatErr: 0.0995, Steps: 200)
  [Worker 5] episode 386 finished. (AvgLatErr: 0.1344, Steps: 200)
  [Worker 5] episode 387 finished. (AvgLatErr: 0.1685, Steps: 200)
  [Worker 5] episode 388 finished. (AvgLatErr: 0.2311, Steps: 192)
  [Worker 5] episode 389 finished. (AvgLatErr: 0.1588, Steps: 200)
[Worker 5].
Warning: num_agents (8) is greater than the number of available vehicle parameters (4). Cycling vehicle templates.
[Worker 6] TensorFlow device=GPU, mixed_precision=mixed_float16
[Worker 6] Random seed fixed: 700421
[Worker 6] started on GPU.
  [Worker 6] episode 380 finished. (AvgLatErr: 0.1472, Steps: 200)
  [Worker 6] episode 381 finished. (AvgLatErr: 0.2343, Steps: 200)
  [Worker 6] episode 382 finished. (AvgLatErr: 0.2627, Steps: 200)
  [Worker 6] episode 383 finished. (AvgLatErr: 0.4020, Steps: 200)
  [Worker 6] episode 384 finished. (AvgLatErr: 0.3811, Steps: 200)
  [Worker 6] episode 385 finished. (AvgLatErr: 0.2992, Steps: 200)
  [Worker 6] episode 386 finished. (AvgLatErr: 0.1080, Steps: 200)
  [Worker 6] episode 387 finished. (AvgLatErr: 0.2308, Steps: 200)
  [Worker 6] episode 388 finished. (AvgLatErr: 0.2934, Steps: 200)
  [Worker 6] episode 389 finished. (AvgLatErr: 0.2903, Steps: 200)
[Worker 6].
Warning: num_agents (8) is greater than the number of available vehicle parameters (4). Cycling vehicle templates.
[Worker 7] TensorFlow device=GPU, mixed_precision=mixed_float16
[Worker 7] Random seed fixed: 800421
[Worker 7] started on GPU.
  [Worker 7] episode 380 finished. (AvgLatErr: 0.0949, Steps: 200)
  [Worker 7] episode 381 finished. (AvgLatErr: 0.0836, Steps: 200)
  [Worker 7] episode 382 finished. (AvgLatErr: 0.0999, Steps: 200)
  [Worker 7] episode 383 finished. (AvgLatErr: 0.1214, Steps: 176)
  [Worker 7] episode 384 finished. (AvgLatErr: 0.0943, Steps: 200)
  [Worker 7] episode 385 finished. (AvgLatErr: 0.1052, Steps: 200)
  [Worker 7] episode 386 finished. (AvgLatErr: 0.0883, Steps: 200)
  [Worker 7] episode 387 finished. (AvgLatErr: 0.0891, Steps: 200)
  [Worker 7] episode 388 finished. (AvgLatErr: 0.0863, Steps: 200)
  [Worker 7] episode 389 finished. (AvgLatErr: 0.0868, Steps: 200)
[Worker 7].
[Main] workers finished. (elapsed: 115.08s)
[Main] Aggregation-selected agents: [0, 2, 6, 7]
[Main] FedAdagrad update completed.
[Main] Replay buffers reset after global model update.
============================================================================================
389 EP / Agent 0 : Avg Lat Err 0.5970
389 EP / Agent 1 : Avg Lat Err 0.0845
389 EP / Agent 2 : Avg Lat Err 0.5768
389 EP / Agent 3 : Avg Lat Err 0.8510
389 EP / Agent 4 : Avg Lat Err 0.3152
389 EP / Agent 5 : Avg Lat Err 0.1588
389 EP / Agent 6 : Avg Lat Err 0.2903
389 EP / Agent 7 : Avg Lat Err 0.0868
============================================================================================

============================================================================================
[Main] FL round started. (episode 390 ~ 399)
[Main] Client selection: mode=random, budget=4
[Main] Participating agents: [0, 1, 2, 3, 4, 5, 6, 7]
Warning: num_agents (8) is greater than the number of available vehicle parameters (4). Cycling vehicle templates.
[Worker 0] TensorFlow device=GPU, mixed_precision=mixed_float16
[Worker 0] Random seed fixed: 100431
[Worker 0] started on GPU.
  [Worker 0] episode 390 finished. (AvgLatErr: 0.2386, Steps: 146)
  [Worker 0] episode 391 finished. (AvgLatErr: 0.6589, Steps: 132)
  [Worker 0] episode 392 finished. (AvgLatErr: 0.4909, Steps: 132)
  [Worker 0] episode 393 finished. (AvgLatErr: 0.5025, Steps: 150)
  [Worker 0] episode 394 finished. (AvgLatErr: 0.4530, Steps: 148)
  [Worker 0] episode 395 finished. (AvgLatErr: 0.6871, Steps: 142)
  [Worker 0] episode 396 finished. (AvgLatErr: 0.4905, Steps: 147)
  [Worker 0] episode 397 finished. (AvgLatErr: 0.6272, Steps: 141)
  [Worker 0] episode 398 finished. (AvgLatErr: 0.6913, Steps: 144)
  [Worker 0] episode 399 finished. (AvgLatErr: 0.3503, Steps: 141)
[Worker 0].
Warning: num_agents (8) is greater than the number of available vehicle parameters (4). Cycling vehicle templates.
[Worker 2] TensorFlow device=GPU, mixed_precision=mixed_float16
[Worker 2] Random seed fixed: 300431
[Worker 2] started on GPU.
  [Worker 2] episode 390 finished. (AvgLatErr: 0.0868, Steps: 200)
  [Worker 2] episode 391 finished. (AvgLatErr: 0.1558, Steps: 168)
  [Worker 2] episode 392 finished. (AvgLatErr: 0.3072, Steps: 166)
  [Worker 2] episode 393 finished. (AvgLatErr: 0.3083, Steps: 155)
  [Worker 2] episode 394 finished. (AvgLatErr: 0.3424, Steps: 153)
  [Worker 2] episode 395 finished. (AvgLatErr: 0.3132, Steps: 130)
  [Worker 2] episode 396 finished. (AvgLatErr: 0.2363, Steps: 134)
  [Worker 2] episode 397 finished. (AvgLatErr: 0.1670, Steps: 185)
  [Worker 2] episode 398 finished. (AvgLatErr: 0.4090, Steps: 129)
  [Worker 2] episode 399 finished. (AvgLatErr: 0.2250, Steps: 160)
[Worker 2].
Warning: num_agents (8) is greater than the number of available vehicle parameters (4). Cycling vehicle templates.
[Worker 1] TensorFlow device=GPU, mixed_precision=mixed_float16
[Worker 1] Random seed fixed: 200431
[Worker 1] started on GPU.
  [Worker 1] episode 390 finished. (AvgLatErr: 0.1048, Steps: 186)
  [Worker 1] episode 391 finished. (AvgLatErr: 0.0791, Steps: 200)
  [Worker 1] episode 392 finished. (AvgLatErr: 0.0912, Steps: 190)
  [Worker 1] episode 393 finished. (AvgLatErr: 0.1220, Steps: 175)
  [Worker 1] episode 394 finished. (AvgLatErr: 0.0750, Steps: 200)
  [Worker 1] episode 395 finished. (AvgLatErr: 0.0846, Steps: 200)
  [Worker 1] episode 396 finished. (AvgLatErr: 0.0776, Steps: 200)
  [Worker 1] episode 397 finished. (AvgLatErr: 0.1236, Steps: 183)
  [Worker 1] episode 398 finished. (AvgLatErr: 0.1565, Steps: 164)
  [Worker 1] episode 399 finished. (AvgLatErr: 0.0764, Steps: 200)
[Worker 1].
Warning: num_agents (8) is greater than the number of available vehicle parameters (4). Cycling vehicle templates.
[Worker 3] TensorFlow device=GPU, mixed_precision=mixed_float16
[Worker 3] Random seed fixed: 400431
[Worker 3] started on GPU.
  [Worker 3] episode 390 finished. (AvgLatErr: 0.2321, Steps: 200)
  [Worker 3] episode 391 finished. (AvgLatErr: 0.3173, Steps: 200)
  [Worker 3] episode 392 finished. (AvgLatErr: 0.5557, Steps: 193)
  [Worker 3] episode 393 finished. (AvgLatErr: 0.5133, Steps: 199)
  [Worker 3] episode 394 finished. (AvgLatErr: 0.4213, Steps: 191)
  [Worker 3] episode 395 finished. (AvgLatErr: 0.5596, Steps: 187)
  [Worker 3] episode 396 finished. (AvgLatErr: 0.3762, Steps: 181)
  [Worker 3] episode 397 finished. (AvgLatErr: 0.6302, Steps: 185)
  [Worker 3] episode 398 finished. (AvgLatErr: 0.7417, Steps: 183)
  [Worker 3] episode 399 finished. (AvgLatErr: 0.4394, Steps: 179)
[Worker 3].
Warning: num_agents (8) is greater than the number of available vehicle parameters (4). Cycling vehicle templates.
[Worker 4] TensorFlow device=GPU, mixed_precision=mixed_float16
[Worker 4] Random seed fixed: 500431
[Worker 4] started on GPU.
  [Worker 4] episode 390 finished. (AvgLatErr: 0.1843, Steps: 200)
  [Worker 4] episode 391 finished. (AvgLatErr: 0.2168, Steps: 200)
  [Worker 4] episode 392 finished. (AvgLatErr: 0.2655, Steps: 200)
  [Worker 4] episode 393 finished. (AvgLatErr: 0.3106, Steps: 200)
  [Worker 4] episode 394 finished. (AvgLatErr: 0.3088, Steps: 190)
  [Worker 4] episode 395 finished. (AvgLatErr: 0.3783, Steps: 177)
  [Worker 4] episode 396 finished. (AvgLatErr: 0.4451, Steps: 160)
  [Worker 4] episode 397 finished. (AvgLatErr: 0.2676, Steps: 159)
  [Worker 4] episode 398 finished. (AvgLatErr: 0.3341, Steps: 163)
  [Worker 4] episode 399 finished. (AvgLatErr: 0.2558, Steps: 195)
[Worker 4].
Warning: num_agents (8) is greater than the number of available vehicle parameters (4). Cycling vehicle templates.
[Worker 7] TensorFlow device=GPU, mixed_precision=mixed_float16
[Worker 7] Random seed fixed: 800431
[Worker 7] started on GPU.
  [Worker 7] episode 390 finished. (AvgLatErr: 0.0763, Steps: 200)
  [Worker 7] episode 391 finished. (AvgLatErr: 0.0851, Steps: 200)
  [Worker 7] episode 392 finished. (AvgLatErr: 0.1720, Steps: 178)
  [Worker 7] episode 393 finished. (AvgLatErr: 0.1442, Steps: 198)
  [Worker 7] episode 394 finished. (AvgLatErr: 0.1087, Steps: 200)
  [Worker 7] episode 395 finished. (AvgLatErr: 0.0837, Steps: 200)
  [Worker 7] episode 396 finished. (AvgLatErr: 0.1788, Steps: 157)
  [Worker 7] episode 397 finished. (AvgLatErr: 0.1483, Steps: 153)
  [Worker 7] episode 398 finished. (AvgLatErr: 0.1980, Steps: 139)
  [Worker 7] episode 399 finished. (AvgLatErr: 0.1387, Steps: 165)
[Worker 7].
Warning: num_agents (8) is greater than the number of available vehicle parameters (4). Cycling vehicle templates.
[Worker 5] TensorFlow device=GPU, mixed_precision=mixed_float16
[Worker 5] Random seed fixed: 600431
[Worker 5] started on GPU.
  [Worker 5] episode 390 finished. (AvgLatErr: 0.0965, Steps: 200)
  [Worker 5] episode 391 finished. (AvgLatErr: 0.1745, Steps: 200)
  [Worker 5] episode 392 finished. (AvgLatErr: 0.2229, Steps: 173)
  [Worker 5] episode 393 finished. (AvgLatErr: 0.3143, Steps: 191)
  [Worker 5] episode 394 finished. (AvgLatErr: 0.2853, Steps: 192)
  [Worker 5] episode 395 finished. (AvgLatErr: 0.5552, Steps: 200)
  [Worker 5] episode 396 finished. (AvgLatErr: 0.3291, Steps: 200)
  [Worker 5] episode 397 finished. (AvgLatErr: 6.9230, Steps: 200)
  [Worker 5] episode 398 finished. (AvgLatErr: 0.3388, Steps: 200)
  [Worker 5] episode 399 finished. (AvgLatErr: 0.7507, Steps: 200)
[Worker 5].
Warning: num_agents (8) is greater than the number of available vehicle parameters (4). Cycling vehicle templates.
[Worker 6] TensorFlow device=GPU, mixed_precision=mixed_float16
[Worker 6] Random seed fixed: 700431
[Worker 6] started on GPU.
  [Worker 6] episode 390 finished. (AvgLatErr: 0.0916, Steps: 200)
  [Worker 6] episode 391 finished. (AvgLatErr: 0.1951, Steps: 200)
  [Worker 6] episode 392 finished. (AvgLatErr: 0.2307, Steps: 200)
  [Worker 6] episode 393 finished. (AvgLatErr: 0.3303, Steps: 200)
  [Worker 6] episode 394 finished. (AvgLatErr: 0.2710, Steps: 200)
  [Worker 6] episode 395 finished. (AvgLatErr: 0.1105, Steps: 200)
  [Worker 6] episode 396 finished. (AvgLatErr: 0.1218, Steps: 200)
  [Worker 6] episode 397 finished. (AvgLatErr: 0.1924, Steps: 200)
  [Worker 6] episode 398 finished. (AvgLatErr: 0.4465, Steps: 200)
  [Worker 6] episode 399 finished. (AvgLatErr: 0.3917, Steps: 200)
[Worker 6].
[Main] workers finished. (elapsed: 112.89s)
[Main] Aggregation-selected agents: [0, 3, 4, 7]
[Main] FedAdagrad update completed.
[Main] Replay buffers reset after global model update.
============================================================================================
399 EP / Agent 0 : Avg Lat Err 0.3503
399 EP / Agent 1 : Avg Lat Err 0.0764
399 EP / Agent 2 : Avg Lat Err 0.2250
399 EP / Agent 3 : Avg Lat Err 0.4394
399 EP / Agent 4 : Avg Lat Err 0.2558
399 EP / Agent 5 : Avg Lat Err 0.7507
399 EP / Agent 6 : Avg Lat Err 0.3917
399 EP / Agent 7 : Avg Lat Err 0.1387
============================================================================================
[Main] Model checkpoint saved: C:\Users\syd79\FRL-Q\experiments\fast_parallel_fedadagrad_8random4_20260916_run1_random_4of8\checkpoints\global_model_episode_000400.weights.h5

============================================================================================
[Main] FL round started. (episode 400 ~ 409)
[Main] Client selection: mode=random, budget=4
[Main] Participating agents: [0, 1, 2, 3, 4, 5, 6, 7]
Warning: num_agents (8) is greater than the number of available vehicle parameters (4). Cycling vehicle templates.
[Worker 0] TensorFlow device=GPU, mixed_precision=mixed_float16
[Worker 0] Random seed fixed: 100441
[Worker 0] started on GPU.
  [Worker 0] episode 400 finished. (AvgLatErr: 0.7046, Steps: 149)
  [Worker 0] episode 401 finished. (AvgLatErr: 0.5855, Steps: 138)
  [Worker 0] episode 402 finished. (AvgLatErr: 0.6892, Steps: 161)
  [Worker 0] episode 403 finished. (AvgLatErr: 0.5978, Steps: 146)
  [Worker 0] episode 404 finished. (AvgLatErr: 0.5734, Steps: 135)
  [Worker 0] episode 405 finished. (AvgLatErr: 0.5532, Steps: 143)
  [Worker 0] episode 406 finished. (AvgLatErr: 0.5263, Steps: 140)
  [Worker 0] episode 407 finished. (AvgLatErr: 0.7429, Steps: 136)
  [Worker 0] episode 408 finished. (AvgLatErr: 0.8096, Steps: 145)
  [Worker 0] episode 409 finished. (AvgLatErr: 0.4535, Steps: 136)
[Worker 0].
Warning: num_agents (8) is greater than the number of available vehicle parameters (4). Cycling vehicle templates.
[Worker 2] TensorFlow device=GPU, mixed_precision=mixed_float16
[Worker 2] Random seed fixed: 300441
[Worker 2] started on GPU.
  [Worker 2] episode 400 finished. (AvgLatErr: 0.1840, Steps: 156)
  [Worker 2] episode 401 finished. (AvgLatErr: 0.3359, Steps: 150)
  [Worker 2] episode 402 finished. (AvgLatErr: 0.3407, Steps: 136)
  [Worker 2] episode 403 finished. (AvgLatErr: 0.4597, Steps: 149)
  [Worker 2] episode 404 finished. (AvgLatErr: 0.2338, Steps: 141)
  [Worker 2] episode 405 finished. (AvgLatErr: 0.4201, Steps: 157)
  [Worker 2] episode 406 finished. (AvgLatErr: 0.2382, Steps: 145)
  [Worker 2] episode 407 finished. (AvgLatErr: 0.1706, Steps: 160)
  [Worker 2] episode 408 finished. (AvgLatErr: 0.2193, Steps: 162)
  [Worker 2] episode 409 finished. (AvgLatErr: 0.3234, Steps: 142)
[Worker 2].
Warning: num_agents (8) is greater than the number of available vehicle parameters (4). Cycling vehicle templates.
[Worker 1] TensorFlow device=GPU, mixed_precision=mixed_float16
[Worker 1] Random seed fixed: 200441
[Worker 1] started on GPU.
  [Worker 1] episode 400 finished. (AvgLatErr: 0.0844, Steps: 191)
  [Worker 1] episode 401 finished. (AvgLatErr: 0.0763, Steps: 193)
  [Worker 1] episode 402 finished. (AvgLatErr: 0.0768, Steps: 200)
  [Worker 1] episode 403 finished. (AvgLatErr: 0.0881, Steps: 195)
  [Worker 1] episode 404 finished. (AvgLatErr: 0.0772, Steps: 200)
  [Worker 1] episode 405 finished. (AvgLatErr: 0.1949, Steps: 160)
  [Worker 1] episode 406 finished. (AvgLatErr: 0.1959, Steps: 142)
  [Worker 1] episode 407 finished. (AvgLatErr: 0.1747, Steps: 146)
  [Worker 1] episode 408 finished. (AvgLatErr: 0.1675, Steps: 151)
  [Worker 1] episode 409 finished. (AvgLatErr: 0.1564, Steps: 149)
[Worker 1].
Warning: num_agents (8) is greater than the number of available vehicle parameters (4). Cycling vehicle templates.
[Worker 3] TensorFlow device=GPU, mixed_precision=mixed_float16
[Worker 3] Random seed fixed: 400441
[Worker 3] started on GPU.
  [Worker 3] episode 400 finished. (AvgLatErr: 0.3036, Steps: 193)
  [Worker 3] episode 401 finished. (AvgLatErr: 0.4022, Steps: 192)
  [Worker 3] episode 402 finished. (AvgLatErr: 0.5192, Steps: 173)
  [Worker 3] episode 403 finished. (AvgLatErr: 0.3751, Steps: 198)
  [Worker 3] episode 404 finished. (AvgLatErr: 0.2531, Steps: 200)
  [Worker 3] episode 405 finished. (AvgLatErr: 0.2442, Steps: 195)
  [Worker 3] episode 406 finished. (AvgLatErr: 0.4377, Steps: 200)
  [Worker 3] episode 407 finished. (AvgLatErr: 0.4606, Steps: 191)
  [Worker 3] episode 408 finished. (AvgLatErr: 0.3749, Steps: 185)
  [Worker 3] episode 409 finished. (AvgLatErr: 0.2686, Steps: 200)
[Worker 3].
Warning: num_agents (8) is greater than the number of available vehicle parameters (4). Cycling vehicle templates.
[Worker 4] TensorFlow device=GPU, mixed_precision=mixed_float16
[Worker 4] Random seed fixed: 500441
[Worker 4] started on GPU.
  [Worker 4] episode 400 finished. (AvgLatErr: 0.2172, Steps: 200)
  [Worker 4] episode 401 finished. (AvgLatErr: 0.3651, Steps: 200)
  [Worker 4] episode 402 finished. (AvgLatErr: 0.2916, Steps: 200)
  [Worker 4] episode 403 finished. (AvgLatErr: 0.2092, Steps: 200)
  [Worker 4] episode 404 finished. (AvgLatErr: 0.2700, Steps: 192)
  [Worker 4] episode 405 finished. (AvgLatErr: 0.3594, Steps: 200)
  [Worker 4] episode 406 finished. (AvgLatErr: 0.4360, Steps: 200)
  [Worker 4] episode 407 finished. (AvgLatErr: 0.2919, Steps: 200)
  [Worker 4] episode 408 finished. (AvgLatErr: 0.3373, Steps: 197)
  [Worker 4] episode 409 finished. (AvgLatErr: 0.2923, Steps: 192)
[Worker 4].
Warning: num_agents (8) is greater than the number of available vehicle parameters (4). Cycling vehicle templates.
[Worker 5] TensorFlow device=GPU, mixed_precision=mixed_float16
[Worker 5] Random seed fixed: 600441
[Worker 5] started on GPU.
  [Worker 5] episode 400 finished. (AvgLatErr: 0.0944, Steps: 200)
  [Worker 5] episode 401 finished. (AvgLatErr: 0.1421, Steps: 200)
  [Worker 5] episode 402 finished. (AvgLatErr: 0.2054, Steps: 155)
  [Worker 5] episode 403 finished. (AvgLatErr: 0.1273, Steps: 200)
  [Worker 5] episode 404 finished. (AvgLatErr: 0.1499, Steps: 200)
  [Worker 5] episode 405 finished. (AvgLatErr: 0.2168, Steps: 170)
  [Worker 5] episode 406 finished. (AvgLatErr: 0.1294, Steps: 196)
  [Worker 5] episode 407 finished. (AvgLatErr: 0.1446, Steps: 200)
  [Worker 5] episode 408 finished. (AvgLatErr: 0.1651, Steps: 187)
  [Worker 5] episode 409 finished. (AvgLatErr: 0.1184, Steps: 200)
[Worker 5].
Warning: num_agents (8) is greater than the number of available vehicle parameters (4). Cycling vehicle templates.
[Worker 6] TensorFlow device=GPU, mixed_precision=mixed_float16
[Worker 6] Random seed fixed: 700441
[Worker 6] started on GPU.
  [Worker 6] episode 400 finished. (AvgLatErr: 0.0782, Steps: 200)
  [Worker 6] episode 401 finished. (AvgLatErr: 0.2486, Steps: 200)
  [Worker 6] episode 402 finished. (AvgLatErr: 0.4922, Steps: 200)
  [Worker 6] episode 403 finished. (AvgLatErr: 0.2797, Steps: 200)
  [Worker 6] episode 404 finished. (AvgLatErr: 0.3354, Steps: 200)
  [Worker 6] episode 405 finished. (AvgLatErr: 0.1638, Steps: 200)
  [Worker 6] episode 406 finished. (AvgLatErr: 0.2659, Steps: 200)
  [Worker 6] episode 407 finished. (AvgLatErr: 0.1995, Steps: 200)
  [Worker 6] episode 408 finished. (AvgLatErr: 0.2674, Steps: 200)
  [Worker 6] episode 409 finished. (AvgLatErr: 0.3212, Steps: 200)
[Worker 6].
Warning: num_agents (8) is greater than the number of available vehicle parameters (4). Cycling vehicle templates.
[Worker 7] TensorFlow device=GPU, mixed_precision=mixed_float16
[Worker 7] Random seed fixed: 800441
[Worker 7] started on GPU.
  [Worker 7] episode 400 finished. (AvgLatErr: 0.0801, Steps: 200)
  [Worker 7] episode 401 finished. (AvgLatErr: 0.0990, Steps: 191)
  [Worker 7] episode 402 finished. (AvgLatErr: 0.0784, Steps: 200)
  [Worker 7] episode 403 finished. (AvgLatErr: 0.0740, Steps: 200)
  [Worker 7] episode 404 finished. (AvgLatErr: 0.0812, Steps: 200)
  [Worker 7] episode 405 finished. (AvgLatErr: 0.1232, Steps: 185)
  [Worker 7] episode 406 finished. (AvgLatErr: 0.1865, Steps: 199)
  [Worker 7] episode 407 finished. (AvgLatErr: 0.1344, Steps: 176)
  [Worker 7] episode 408 finished. (AvgLatErr: 0.1645, Steps: 200)
  [Worker 7] episode 409 finished. (AvgLatErr: 0.1863, Steps: 185)
[Worker 7].
[Main] workers finished. (elapsed: 111.79s)
[Main] Aggregation-selected agents: [1, 3, 5, 6]
[Main] FedAdagrad update completed.
[Main] Replay buffers reset after global model update.
============================================================================================
409 EP / Agent 0 : Avg Lat Err 0.4535
409 EP / Agent 1 : Avg Lat Err 0.1564
409 EP / Agent 2 : Avg Lat Err 0.3234
409 EP / Agent 3 : Avg Lat Err 0.2686
409 EP / Agent 4 : Avg Lat Err 0.2923
409 EP / Agent 5 : Avg Lat Err 0.1184
409 EP / Agent 6 : Avg Lat Err 0.3212
409 EP / Agent 7 : Avg Lat Err 0.1863
============================================================================================

============================================================================================
[Main] FL round started. (episode 410 ~ 419)
[Main] Client selection: mode=random, budget=4
[Main] Participating agents: [0, 1, 2, 3, 4, 5, 6, 7]
Warning: num_agents (8) is greater than the number of available vehicle parameters (4). Cycling vehicle templates.
[Worker 0] TensorFlow device=GPU, mixed_precision=mixed_float16
[Worker 0] Random seed fixed: 100451
[Worker 0] started on GPU.
  [Worker 0] episode 410 finished. (AvgLatErr: 0.4653, Steps: 143)
  [Worker 0] episode 411 finished. (AvgLatErr: 0.3869, Steps: 132)
  [Worker 0] episode 412 finished. (AvgLatErr: 0.8319, Steps: 152)
  [Worker 0] episode 413 finished. (AvgLatErr: 0.7636, Steps: 146)
  [Worker 0] episode 414 finished. (AvgLatErr: 0.4761, Steps: 130)
  [Worker 0] episode 415 finished. (AvgLatErr: 1.0421, Steps: 141)
  [Worker 0] episode 416 finished. (AvgLatErr: 0.9157, Steps: 147)
  [Worker 0] episode 417 finished. (AvgLatErr: 0.6897, Steps: 133)
  [Worker 0] episode 418 finished. (AvgLatErr: 0.8360, Steps: 137)
  [Worker 0] episode 419 finished. (AvgLatErr: 0.5423, Steps: 146)
[Worker 0].
Warning: num_agents (8) is greater than the number of available vehicle parameters (4). Cycling vehicle templates.
[Worker 1] TensorFlow device=GPU, mixed_precision=mixed_float16
[Worker 1] Random seed fixed: 200451
[Worker 1] started on GPU.
  [Worker 1] episode 410 finished. (AvgLatErr: 0.0871, Steps: 182)
  [Worker 1] episode 411 finished. (AvgLatErr: 0.1183, Steps: 155)
  [Worker 1] episode 412 finished. (AvgLatErr: 0.1593, Steps: 146)
  [Worker 1] episode 413 finished. (AvgLatErr: 0.2022, Steps: 154)
  [Worker 1] episode 414 finished. (AvgLatErr: 1.2424, Steps: 190)
  [Worker 1] episode 415 finished. (AvgLatErr: 0.2059, Steps: 174)
  [Worker 1] episode 416 finished. (AvgLatErr: 0.1078, Steps: 165)
  [Worker 1] episode 417 finished. (AvgLatErr: 0.1995, Steps: 138)
  [Worker 1] episode 418 finished. (AvgLatErr: 0.1076, Steps: 162)
  [Worker 1] episode 419 finished. (AvgLatErr: 0.1649, Steps: 152)
[Worker 1].
Warning: num_agents (8) is greater than the number of available vehicle parameters (4). Cycling vehicle templates.
[Worker 2] TensorFlow device=GPU, mixed_precision=mixed_float16
[Worker 2] Random seed fixed: 300451
[Worker 2] started on GPU.
  [Worker 2] episode 410 finished. (AvgLatErr: 0.1462, Steps: 172)
  [Worker 2] episode 411 finished. (AvgLatErr: 0.2620, Steps: 159)
  [Worker 2] episode 412 finished. (AvgLatErr: 0.1561, Steps: 171)
  [Worker 2] episode 413 finished. (AvgLatErr: 0.1843, Steps: 148)
  [Worker 2] episode 414 finished. (AvgLatErr: 0.2241, Steps: 146)
  [Worker 2] episode 415 finished. (AvgLatErr: 0.6275, Steps: 133)
  [Worker 2] episode 416 finished. (AvgLatErr: 0.3045, Steps: 139)
  [Worker 2] episode 417 finished. (AvgLatErr: 0.2734, Steps: 132)
  [Worker 2] episode 418 finished. (AvgLatErr: 0.4688, Steps: 132)
  [Worker 2] episode 419 finished. (AvgLatErr: 0.3525, Steps: 131)
[Worker 2].
Warning: num_agents (8) is greater than the number of available vehicle parameters (4). Cycling vehicle templates.
[Worker 3] TensorFlow device=GPU, mixed_precision=mixed_float16
[Worker 3] Random seed fixed: 400451
[Worker 3] started on GPU.
  [Worker 3] episode 410 finished. (AvgLatErr: 0.2719, Steps: 200)
  [Worker 3] episode 411 finished. (AvgLatErr: 0.3255, Steps: 200)
  [Worker 3] episode 412 finished. (AvgLatErr: 0.2708, Steps: 200)
  [Worker 3] episode 413 finished. (AvgLatErr: 0.2129, Steps: 200)
  [Worker 3] episode 414 finished. (AvgLatErr: 0.1801, Steps: 200)
  [Worker 3] episode 415 finished. (AvgLatErr: 0.1781, Steps: 200)
  [Worker 3] episode 416 finished. (AvgLatErr: 0.1515, Steps: 200)
  [Worker 3] episode 417 finished. (AvgLatErr: 0.2943, Steps: 200)
  [Worker 3] episode 418 finished. (AvgLatErr: 0.2430, Steps: 200)
  [Worker 3] episode 419 finished. (AvgLatErr: 0.3904, Steps: 186)
[Worker 3].
Warning: num_agents (8) is greater than the number of available vehicle parameters (4). Cycling vehicle templates.
[Worker 4] TensorFlow device=GPU, mixed_precision=mixed_float16
[Worker 4] Random seed fixed: 500451
[Worker 4] started on GPU.
  [Worker 4] episode 410 finished. (AvgLatErr: 0.3234, Steps: 184)
  [Worker 4] episode 411 finished. (AvgLatErr: 0.3456, Steps: 188)
  [Worker 4] episode 412 finished. (AvgLatErr: 0.3941, Steps: 200)
  [Worker 4] episode 413 finished. (AvgLatErr: 0.3569, Steps: 200)
  [Worker 4] episode 414 finished. (AvgLatErr: 0.2663, Steps: 178)
  [Worker 4] episode 415 finished. (AvgLatErr: 0.3697, Steps: 185)
  [Worker 4] episode 416 finished. (AvgLatErr: 0.4451, Steps: 197)
  [Worker 4] episode 417 finished. (AvgLatErr: 0.4884, Steps: 170)
  [Worker 4] episode 418 finished. (AvgLatErr: 0.5028, Steps: 187)
  [Worker 4] episode 419 finished. (AvgLatErr: 0.3726, Steps: 187)
[Worker 4].
Warning: num_agents (8) is greater than the number of available vehicle parameters (4). Cycling vehicle templates.
[Worker 7] TensorFlow device=GPU, mixed_precision=mixed_float16
[Worker 7] Random seed fixed: 800451
[Worker 7] started on GPU.
  [Worker 7] episode 410 finished. (AvgLatErr: 0.0857, Steps: 200)
  [Worker 7] episode 411 finished. (AvgLatErr: 0.0840, Steps: 200)
  [Worker 7] episode 412 finished. (AvgLatErr: 0.1335, Steps: 184)
  [Worker 7] episode 413 finished. (AvgLatErr: 0.1525, Steps: 169)
  [Worker 7] episode 414 finished. (AvgLatErr: 0.1253, Steps: 166)
  [Worker 7] episode 415 finished. (AvgLatErr: 0.2123, Steps: 147)
  [Worker 7] episode 416 finished. (AvgLatErr: 0.1960, Steps: 158)
  [Worker 7] episode 417 finished. (AvgLatErr: 0.1123, Steps: 186)
  [Worker 7] episode 418 finished. (AvgLatErr: 0.1076, Steps: 169)
  [Worker 7] episode 419 finished. (AvgLatErr: 0.1206, Steps: 181)
[Worker 7].
Warning: num_agents (8) is greater than the number of available vehicle parameters (4). Cycling vehicle templates.
[Worker 5] TensorFlow device=GPU, mixed_precision=mixed_float16
[Worker 5] Random seed fixed: 600451
[Worker 5] started on GPU.
  [Worker 5] episode 410 finished. (AvgLatErr: 0.0770, Steps: 200)
  [Worker 5] episode 411 finished. (AvgLatErr: 0.0841, Steps: 200)
  [Worker 5] episode 412 finished. (AvgLatErr: 0.0848, Steps: 200)
  [Worker 5] episode 413 finished. (AvgLatErr: 0.0977, Steps: 200)
  [Worker 5] episode 414 finished. (AvgLatErr: 0.1063, Steps: 200)
  [Worker 5] episode 415 finished. (AvgLatErr: 0.0777, Steps: 200)
  [Worker 5] episode 416 finished. (AvgLatErr: 0.1428, Steps: 183)
  [Worker 5] episode 417 finished. (AvgLatErr: 0.2416, Steps: 195)
  [Worker 5] episode 418 finished. (AvgLatErr: 0.3336, Steps: 194)
  [Worker 5] episode 419 finished. (AvgLatErr: 0.2969, Steps: 188)
[Worker 5].
Warning: num_agents (8) is greater than the number of available vehicle parameters (4). Cycling vehicle templates.
[Worker 6] TensorFlow device=GPU, mixed_precision=mixed_float16
[Worker 6] Random seed fixed: 700451
[Worker 6] started on GPU.
  [Worker 6] episode 410 finished. (AvgLatErr: 0.2501, Steps: 200)
  [Worker 6] episode 411 finished. (AvgLatErr: 0.3211, Steps: 200)
  [Worker 6] episode 412 finished. (AvgLatErr: 0.2462, Steps: 200)
  [Worker 6] episode 413 finished. (AvgLatErr: 0.2235, Steps: 200)
  [Worker 6] episode 414 finished. (AvgLatErr: 0.1881, Steps: 200)
  [Worker 6] episode 415 finished. (AvgLatErr: 0.2047, Steps: 200)
  [Worker 6] episode 416 finished. (AvgLatErr: 0.3986, Steps: 200)
  [Worker 6] episode 417 finished. (AvgLatErr: 0.1506, Steps: 200)
  [Worker 6] episode 418 finished. (AvgLatErr: 0.3269, Steps: 200)
  [Worker 6] episode 419 finished. (AvgLatErr: 0.2309, Steps: 200)
[Worker 6].
[Main] workers finished. (elapsed: 112.15s)
[Main] Aggregation-selected agents: [3, 4, 5, 6]
[Main] FedAdagrad update completed.
[Main] Replay buffers reset after global model update.
============================================================================================
419 EP / Agent 0 : Avg Lat Err 0.5423
419 EP / Agent 1 : Avg Lat Err 0.1649
419 EP / Agent 2 : Avg Lat Err 0.3525
419 EP / Agent 3 : Avg Lat Err 0.3904
419 EP / Agent 4 : Avg Lat Err 0.3726
419 EP / Agent 5 : Avg Lat Err 0.2969
419 EP / Agent 6 : Avg Lat Err 0.2309
419 EP / Agent 7 : Avg Lat Err 0.1206
============================================================================================

============================================================================================
[Main] FL round started. (episode 420 ~ 429)
[Main] Client selection: mode=random, budget=4
[Main] Participating agents: [0, 1, 2, 3, 4, 5, 6, 7]
Warning: num_agents (8) is greater than the number of available vehicle parameters (4). Cycling vehicle templates.
[Worker 0] TensorFlow device=GPU, mixed_precision=mixed_float16
[Worker 0] Random seed fixed: 100461
[Worker 0] started on GPU.
  [Worker 0] episode 420 finished. (AvgLatErr: 0.4244, Steps: 133)
  [Worker 0] episode 421 finished. (AvgLatErr: 0.6266, Steps: 125)
  [Worker 0] episode 422 finished. (AvgLatErr: 0.4834, Steps: 145)
  [Worker 0] episode 423 finished. (AvgLatErr: 0.7808, Steps: 141)
  [Worker 0] episode 424 finished. (AvgLatErr: 0.9327, Steps: 142)
  [Worker 0] episode 425 finished. (AvgLatErr: 0.5746, Steps: 140)
  [Worker 0] episode 426 finished. (AvgLatErr: 0.9577, Steps: 138)
  [Worker 0] episode 427 finished. (AvgLatErr: 0.9896, Steps: 142)
  [Worker 0] episode 428 finished. (AvgLatErr: 0.9212, Steps: 144)
  [Worker 0] episode 429 finished. (AvgLatErr: 0.7764, Steps: 148)
[Worker 0].
Warning: num_agents (8) is greater than the number of available vehicle parameters (4). Cycling vehicle templates.
[Worker 1] TensorFlow device=GPU, mixed_precision=mixed_float16
[Worker 1] Random seed fixed: 200461
[Worker 1] started on GPU.
  [Worker 1] episode 420 finished. (AvgLatErr: 0.1039, Steps: 179)
  [Worker 1] episode 421 finished. (AvgLatErr: 0.0821, Steps: 200)
  [Worker 1] episode 422 finished. (AvgLatErr: 0.0999, Steps: 179)
  [Worker 1] episode 423 finished. (AvgLatErr: 0.1205, Steps: 188)
  [Worker 1] episode 424 finished. (AvgLatErr: 0.1890, Steps: 156)
  [Worker 1] episode 425 finished. (AvgLatErr: 0.1781, Steps: 179)
  [Worker 1] episode 426 finished. (AvgLatErr: 0.0722, Steps: 200)
  [Worker 1] episode 427 finished. (AvgLatErr: 0.1441, Steps: 171)
  [Worker 1] episode 428 finished. (AvgLatErr: 0.1036, Steps: 173)
  [Worker 1] episode 429 finished. (AvgLatErr: 0.2413, Steps: 141)
[Worker 1].
Warning: num_agents (8) is greater than the number of available vehicle parameters (4). Cycling vehicle templates.
[Worker 2] TensorFlow device=GPU, mixed_precision=mixed_float16
[Worker 2] Random seed fixed: 300461
[Worker 2] started on GPU.
  [Worker 2] episode 420 finished. (AvgLatErr: 0.0872, Steps: 200)
  [Worker 2] episode 421 finished. (AvgLatErr: 0.1017, Steps: 200)
  [Worker 2] episode 422 finished. (AvgLatErr: 0.1088, Steps: 200)
  [Worker 2] episode 423 finished. (AvgLatErr: 0.1022, Steps: 200)
  [Worker 2] episode 424 finished. (AvgLatErr: 0.1437, Steps: 184)
  [Worker 2] episode 425 finished. (AvgLatErr: 0.1426, Steps: 171)
  [Worker 2] episode 426 finished. (AvgLatErr: 0.3418, Steps: 161)
  [Worker 2] episode 427 finished. (AvgLatErr: 0.1866, Steps: 150)
  [Worker 2] episode 428 finished. (AvgLatErr: 0.2390, Steps: 161)
  [Worker 2] episode 429 finished. (AvgLatErr: 0.1053, Steps: 200)
[Worker 2].
Warning: num_agents (8) is greater than the number of available vehicle parameters (4). Cycling vehicle templates.
[Worker 3] TensorFlow device=GPU, mixed_precision=mixed_float16
[Worker 3] Random seed fixed: 400461
[Worker 3] started on GPU.
  [Worker 3] episode 420 finished. (AvgLatErr: 0.3330, Steps: 196)
  [Worker 3] episode 421 finished. (AvgLatErr: 0.2535, Steps: 200)
  [Worker 3] episode 422 finished. (AvgLatErr: 0.2288, Steps: 200)
  [Worker 3] episode 423 finished. (AvgLatErr: 0.5501, Steps: 173)
  [Worker 3] episode 424 finished. (AvgLatErr: 0.5236, Steps: 170)
  [Worker 3] episode 425 finished. (AvgLatErr: 0.4053, Steps: 198)
  [Worker 3] episode 426 finished. (AvgLatErr: 0.2137, Steps: 200)
  [Worker 3] episode 427 finished. (AvgLatErr: 0.4170, Steps: 200)
  [Worker 3] episode 428 finished. (AvgLatErr: 0.4048, Steps: 185)
  [Worker 3] episode 429 finished. (AvgLatErr: 0.4555, Steps: 200)
[Worker 3].
Warning: num_agents (8) is greater than the number of available vehicle parameters (4). Cycling vehicle templates.
[Worker 4] TensorFlow device=GPU, mixed_precision=mixed_float16
[Worker 4] Random seed fixed: 500461
[Worker 4] started on GPU.
  [Worker 4] episode 420 finished. (AvgLatErr: 0.2120, Steps: 200)
  [Worker 4] episode 421 finished. (AvgLatErr: 0.1684, Steps: 200)
  [Worker 4] episode 422 finished. (AvgLatErr: 0.3090, Steps: 200)
  [Worker 4] episode 423 finished. (AvgLatErr: 0.4567, Steps: 200)
  [Worker 4] episode 424 finished. (AvgLatErr: 0.6105, Steps: 169)
  [Worker 4] episode 425 finished. (AvgLatErr: 0.5664, Steps: 200)
  [Worker 4] episode 426 finished. (AvgLatErr: 0.5684, Steps: 180)
  [Worker 4] episode 427 finished. (AvgLatErr: 0.6293, Steps: 172)
  [Worker 4] episode 428 finished. (AvgLatErr: 0.6454, Steps: 195)
  [Worker 4] episode 429 finished. (AvgLatErr: 0.2835, Steps: 196)
[Worker 4].
Warning: num_agents (8) is greater than the number of available vehicle parameters (4). Cycling vehicle templates.
[Worker 5] TensorFlow device=GPU, mixed_precision=mixed_float16
[Worker 5] Random seed fixed: 600461
[Worker 5] started on GPU.
  [Worker 5] episode 420 finished. (AvgLatErr: 0.0951, Steps: 200)
  [Worker 5] episode 421 finished. (AvgLatErr: 0.0823, Steps: 200)
  [Worker 5] episode 422 finished. (AvgLatErr: 0.0843, Steps: 200)
  [Worker 5] episode 423 finished. (AvgLatErr: 0.2010, Steps: 196)
  [Worker 5] episode 424 finished. (AvgLatErr: 0.0710, Steps: 200)
  [Worker 5] episode 425 finished. (AvgLatErr: 0.1796, Steps: 200)
  [Worker 5] episode 426 finished. (AvgLatErr: 0.0722, Steps: 200)
  [Worker 5] episode 427 finished. (AvgLatErr: 0.1039, Steps: 200)
  [Worker 5] episode 428 finished. (AvgLatErr: 0.1287, Steps: 200)
  [Worker 5] episode 429 finished. (AvgLatErr: 0.0807, Steps: 200)
[Worker 5].
Warning: num_agents (8) is greater than the number of available vehicle parameters (4). Cycling vehicle templates.
[Worker 6] TensorFlow device=GPU, mixed_precision=mixed_float16
[Worker 6] Random seed fixed: 700461
[Worker 6] started on GPU.
  [Worker 6] episode 420 finished. (AvgLatErr: 0.1007, Steps: 200)
  [Worker 6] episode 421 finished. (AvgLatErr: 0.3829, Steps: 200)
  [Worker 6] episode 422 finished. (AvgLatErr: 0.2926, Steps: 200)
  [Worker 6] episode 423 finished. (AvgLatErr: 0.2901, Steps: 200)
  [Worker 6] episode 424 finished. (AvgLatErr: 0.2889, Steps: 200)
  [Worker 6] episode 425 finished. (AvgLatErr: 0.2673, Steps: 200)
  [Worker 6] episode 426 finished. (AvgLatErr: 0.3211, Steps: 200)
  [Worker 6] episode 427 finished. (AvgLatErr: 0.3304, Steps: 200)
  [Worker 6] episode 428 finished. (AvgLatErr: 0.6700, Steps: 200)
  [Worker 6] episode 429 finished. (AvgLatErr: 0.2527, Steps: 200)
[Worker 6].
Warning: num_agents (8) is greater than the number of available vehicle parameters (4). Cycling vehicle templates.
[Worker 7] TensorFlow device=GPU, mixed_precision=mixed_float16
[Worker 7] Random seed fixed: 800461
[Worker 7] started on GPU.
  [Worker 7] episode 420 finished. (AvgLatErr: 0.0963, Steps: 181)
  [Worker 7] episode 421 finished. (AvgLatErr: 0.2521, Steps: 177)
  [Worker 7] episode 422 finished. (AvgLatErr: 0.0808, Steps: 200)
  [Worker 7] episode 423 finished. (AvgLatErr: 0.0872, Steps: 200)
  [Worker 7] episode 424 finished. (AvgLatErr: 0.0854, Steps: 200)
  [Worker 7] episode 425 finished. (AvgLatErr: 0.0794, Steps: 200)
  [Worker 7] episode 426 finished. (AvgLatErr: 0.0966, Steps: 200)
  [Worker 7] episode 427 finished. (AvgLatErr: 0.0822, Steps: 200)
  [Worker 7] episode 428 finished. (AvgLatErr: 0.1372, Steps: 182)
  [Worker 7] episode 429 finished. (AvgLatErr: 0.1696, Steps: 180)
[Worker 7].
[Main] workers finished. (elapsed: 115.67s)
[Main] Aggregation-selected agents: [2, 4, 5, 7]
[Main] FedAdagrad update completed.
[Main] Replay buffers reset after global model update.
============================================================================================
429 EP / Agent 0 : Avg Lat Err 0.7764
429 EP / Agent 1 : Avg Lat Err 0.2413
429 EP / Agent 2 : Avg Lat Err 0.1053
429 EP / Agent 3 : Avg Lat Err 0.4555
429 EP / Agent 4 : Avg Lat Err 0.2835
429 EP / Agent 5 : Avg Lat Err 0.0807
429 EP / Agent 6 : Avg Lat Err 0.2527
429 EP / Agent 7 : Avg Lat Err 0.1696
============================================================================================

============================================================================================
[Main] FL round started. (episode 430 ~ 439)
[Main] Client selection: mode=random, budget=4
[Main] Participating agents: [0, 1, 2, 3, 4, 5, 6, 7]
Warning: num_agents (8) is greater than the number of available vehicle parameters (4). Cycling vehicle templates.
[Worker 0] TensorFlow device=GPU, mixed_precision=mixed_float16
[Worker 0] Random seed fixed: 100471
[Worker 0] started on GPU.
  [Worker 0] episode 430 finished. (AvgLatErr: 0.3025, Steps: 160)
  [Worker 0] episode 431 finished. (AvgLatErr: 0.2339, Steps: 171)
  [Worker 0] episode 432 finished. (AvgLatErr: 0.2514, Steps: 171)
  [Worker 0] episode 433 finished. (AvgLatErr: 0.8621, Steps: 142)
  [Worker 0] episode 434 finished. (AvgLatErr: 0.8636, Steps: 146)
  [Worker 0] episode 435 finished. (AvgLatErr: 0.8865, Steps: 152)
  [Worker 0] episode 436 finished. (AvgLatErr: 0.3887, Steps: 138)
  [Worker 0] episode 437 finished. (AvgLatErr: 0.6417, Steps: 142)
  [Worker 0] episode 438 finished. (AvgLatErr: 0.4379, Steps: 155)
  [Worker 0] episode 439 finished. (AvgLatErr: 0.8221, Steps: 149)
[Worker 0].
Warning: num_agents (8) is greater than the number of available vehicle parameters (4). Cycling vehicle templates.
[Worker 1] TensorFlow device=GPU, mixed_precision=mixed_float16
[Worker 1] Random seed fixed: 200471
[Worker 1] started on GPU.
  [Worker 1] episode 430 finished. (AvgLatErr: 0.0790, Steps: 189)
  [Worker 1] episode 431 finished. (AvgLatErr: 0.0829, Steps: 191)
  [Worker 1] episode 432 finished. (AvgLatErr: 0.1348, Steps: 146)
  [Worker 1] episode 433 finished. (AvgLatErr: 0.2790, Steps: 127)
  [Worker 1] episode 434 finished. (AvgLatErr: 0.1550, Steps: 158)
  [Worker 1] episode 435 finished. (AvgLatErr: 0.1238, Steps: 151)
  [Worker 1] episode 436 finished. (AvgLatErr: 0.2427, Steps: 135)
  [Worker 1] episode 437 finished. (AvgLatErr: 0.1013, Steps: 179)
  [Worker 1] episode 438 finished. (AvgLatErr: 0.2700, Steps: 153)
  [Worker 1] episode 439 finished. (AvgLatErr: 0.1497, Steps: 145)
[Worker 1].
Warning: num_agents (8) is greater than the number of available vehicle parameters (4). Cycling vehicle templates.
[Worker 2] TensorFlow device=GPU, mixed_precision=mixed_float16
[Worker 2] Random seed fixed: 300471
[Worker 2] started on GPU.
  [Worker 2] episode 430 finished. (AvgLatErr: 0.1551, Steps: 169)
  [Worker 2] episode 431 finished. (AvgLatErr: 0.1803, Steps: 164)
  [Worker 2] episode 432 finished. (AvgLatErr: 0.3331, Steps: 139)
  [Worker 2] episode 433 finished. (AvgLatErr: 0.2220, Steps: 166)
  [Worker 2] episode 434 finished. (AvgLatErr: 0.3471, Steps: 155)
  [Worker 2] episode 435 finished. (AvgLatErr: 0.1457, Steps: 151)
  [Worker 2] episode 436 finished. (AvgLatErr: 0.3177, Steps: 156)
  [Worker 2] episode 437 finished. (AvgLatErr: 0.3977, Steps: 144)
  [Worker 2] episode 438 finished. (AvgLatErr: 0.1786, Steps: 149)
  [Worker 2] episode 439 finished. (AvgLatErr: 0.4746, Steps: 140)
[Worker 2].
Warning: num_agents (8) is greater than the number of available vehicle parameters (4). Cycling vehicle templates.
[Worker 3] TensorFlow device=GPU, mixed_precision=mixed_float16
[Worker 3] Random seed fixed: 400471
[Worker 3] started on GPU.
  [Worker 3] episode 430 finished. (AvgLatErr: 0.2186, Steps: 200)
  [Worker 3] episode 431 finished. (AvgLatErr: 0.2171, Steps: 200)
  [Worker 3] episode 432 finished. (AvgLatErr: 0.2389, Steps: 200)
  [Worker 3] episode 433 finished. (AvgLatErr: 0.4477, Steps: 190)
  [Worker 3] episode 434 finished. (AvgLatErr: 0.4917, Steps: 200)
  [Worker 3] episode 435 finished. (AvgLatErr: 0.4622, Steps: 200)
  [Worker 3] episode 436 finished. (AvgLatErr: 0.6107, Steps: 200)
  [Worker 3] episode 437 finished. (AvgLatErr: 0.2057, Steps: 200)
  [Worker 3] episode 438 finished. (AvgLatErr: 0.6785, Steps: 200)
  [Worker 3] episode 439 finished. (AvgLatErr: 0.3469, Steps: 200)
[Worker 3].
Warning: num_agents (8) is greater than the number of available vehicle parameters (4). Cycling vehicle templates.
[Worker 4] TensorFlow device=GPU, mixed_precision=mixed_float16
[Worker 4] Random seed fixed: 500471
[Worker 4] started on GPU.
  [Worker 4] episode 430 finished. (AvgLatErr: 0.3053, Steps: 193)
  [Worker 4] episode 431 finished. (AvgLatErr: 0.4933, Steps: 167)
  [Worker 4] episode 432 finished. (AvgLatErr: 0.2573, Steps: 200)
  [Worker 4] episode 433 finished. (AvgLatErr: 0.2090, Steps: 180)
  [Worker 4] episode 434 finished. (AvgLatErr: 0.2895, Steps: 200)
  [Worker 4] episode 435 finished. (AvgLatErr: 0.2410, Steps: 191)
  [Worker 4] episode 436 finished. (AvgLatErr: 0.4862, Steps: 176)
  [Worker 4] episode 437 finished. (AvgLatErr: 0.2818, Steps: 200)
  [Worker 4] episode 438 finished. (AvgLatErr: 0.3456, Steps: 184)
  [Worker 4] episode 439 finished. (AvgLatErr: 0.3202, Steps: 200)
[Worker 4].
Warning: num_agents (8) is greater than the number of available vehicle parameters (4). Cycling vehicle templates.
[Worker 5] TensorFlow device=GPU, mixed_precision=mixed_float16
[Worker 5] Random seed fixed: 600471
[Worker 5] started on GPU.
  [Worker 5] episode 430 finished. (AvgLatErr: 0.0750, Steps: 200)
  [Worker 5] episode 431 finished. (AvgLatErr: 0.0776, Steps: 200)
  [Worker 5] episode 432 finished. (AvgLatErr: 0.1497, Steps: 200)
  [Worker 5] episode 433 finished. (AvgLatErr: 0.1876, Steps: 200)
  [Worker 5] episode 434 finished. (AvgLatErr: 0.3146, Steps: 200)
  [Worker 5] episode 435 finished. (AvgLatErr: 0.1985, Steps: 200)
  [Worker 5] episode 436 finished. (AvgLatErr: 0.1502, Steps: 200)
  [Worker 5] episode 437 finished. (AvgLatErr: 0.2153, Steps: 200)
  [Worker 5] episode 438 finished. (AvgLatErr: 0.0920, Steps: 200)
  [Worker 5] episode 439 finished. (AvgLatErr: 0.0878, Steps: 200)
[Worker 5].
Warning: num_agents (8) is greater than the number of available vehicle parameters (4). Cycling vehicle templates.
[Worker 7] TensorFlow device=GPU, mixed_precision=mixed_float16
[Worker 7] Random seed fixed: 800471
[Worker 7] started on GPU.
  [Worker 7] episode 430 finished. (AvgLatErr: 0.0765, Steps: 200)
  [Worker 7] episode 431 finished. (AvgLatErr: 0.0941, Steps: 200)
  [Worker 7] episode 432 finished. (AvgLatErr: 0.0873, Steps: 197)
  [Worker 7] episode 433 finished. (AvgLatErr: 0.2214, Steps: 178)
  [Worker 7] episode 434 finished. (AvgLatErr: 0.2204, Steps: 166)
  [Worker 7] episode 435 finished. (AvgLatErr: 0.1592, Steps: 178)
  [Worker 7] episode 436 finished. (AvgLatErr: 0.1072, Steps: 194)
  [Worker 7] episode 437 finished. (AvgLatErr: 0.1373, Steps: 189)
  [Worker 7] episode 438 finished. (AvgLatErr: 0.2263, Steps: 168)
  [Worker 7] episode 439 finished. (AvgLatErr: 0.1320, Steps: 191)
[Worker 7].
Warning: num_agents (8) is greater than the number of available vehicle parameters (4). Cycling vehicle templates.
[Worker 6] TensorFlow device=GPU, mixed_precision=mixed_float16
[Worker 6] Random seed fixed: 700471
[Worker 6] started on GPU.
  [Worker 6] episode 430 finished. (AvgLatErr: 0.1350, Steps: 200)
  [Worker 6] episode 431 finished. (AvgLatErr: 0.3135, Steps: 200)
  [Worker 6] episode 432 finished. (AvgLatErr: 0.3046, Steps: 200)
  [Worker 6] episode 433 finished. (AvgLatErr: 0.4473, Steps: 200)
  [Worker 6] episode 434 finished. (AvgLatErr: 0.2390, Steps: 200)
  [Worker 6] episode 435 finished. (AvgLatErr: 0.1959, Steps: 200)
  [Worker 6] episode 436 finished. (AvgLatErr: 0.4531, Steps: 200)
  [Worker 6] episode 437 finished. (AvgLatErr: 0.3309, Steps: 200)
  [Worker 6] episode 438 finished. (AvgLatErr: 0.4538, Steps: 195)
  [Worker 6] episode 439 finished. (AvgLatErr: 0.3688, Steps: 200)
[Worker 6].
[Main] workers finished. (elapsed: 111.01s)
[Main] Aggregation-selected agents: [1, 2, 6, 7]
[Main] FedAdagrad update completed.
[Main] Replay buffers reset after global model update.
============================================================================================
439 EP / Agent 0 : Avg Lat Err 0.8221
439 EP / Agent 1 : Avg Lat Err 0.1497
439 EP / Agent 2 : Avg Lat Err 0.4746
439 EP / Agent 3 : Avg Lat Err 0.3469
439 EP / Agent 4 : Avg Lat Err 0.3202
439 EP / Agent 5 : Avg Lat Err 0.0878
439 EP / Agent 6 : Avg Lat Err 0.3688
439 EP / Agent 7 : Avg Lat Err 0.1320
============================================================================================

============================================================================================
[Main] FL round started. (episode 440 ~ 449)
[Main] Client selection: mode=random, budget=4
[Main] Participating agents: [0, 1, 2, 3, 4, 5, 6, 7]
Warning: num_agents (8) is greater than the number of available vehicle parameters (4). Cycling vehicle templates.
[Worker 0] TensorFlow device=GPU, mixed_precision=mixed_float16
[Worker 0] Random seed fixed: 100481
[Worker 0] started on GPU.
  [Worker 0] episode 440 finished. (AvgLatErr: 0.2364, Steps: 153)
  [Worker 0] episode 441 finished. (AvgLatErr: 0.5639, Steps: 141)
  [Worker 0] episode 442 finished. (AvgLatErr: 0.9518, Steps: 145)
  [Worker 0] episode 443 finished. (AvgLatErr: 1.5068, Steps: 137)
  [Worker 0] episode 444 finished. (AvgLatErr: 1.0815, Steps: 128)
  [Worker 0] episode 445 finished. (AvgLatErr: 1.4677, Steps: 140)
  [Worker 0] episode 446 finished. (AvgLatErr: 0.8983, Steps: 141)
  [Worker 0] episode 447 finished. (AvgLatErr: 0.6062, Steps: 152)
  [Worker 0] episode 448 finished. (AvgLatErr: 0.6697, Steps: 137)
  [Worker 0] episode 449 finished. (AvgLatErr: 0.8207, Steps: 143)
[Worker 0].
Warning: num_agents (8) is greater than the number of available vehicle parameters (4). Cycling vehicle templates.
[Worker 2] TensorFlow device=GPU, mixed_precision=mixed_float16
[Worker 2] Random seed fixed: 300481
[Worker 2] started on GPU.
  [Worker 2] episode 440 finished. (AvgLatErr: 0.1631, Steps: 157)
  [Worker 2] episode 441 finished. (AvgLatErr: 0.1524, Steps: 167)
  [Worker 2] episode 442 finished. (AvgLatErr: 0.1419, Steps: 179)
  [Worker 2] episode 443 finished. (AvgLatErr: 0.1194, Steps: 168)
  [Worker 2] episode 444 finished. (AvgLatErr: 0.2479, Steps: 154)
  [Worker 2] episode 445 finished. (AvgLatErr: 0.3689, Steps: 148)
  [Worker 2] episode 446 finished. (AvgLatErr: 0.4812, Steps: 150)
  [Worker 2] episode 447 finished. (AvgLatErr: 0.3097, Steps: 136)
  [Worker 2] episode 448 finished. (AvgLatErr: 0.4362, Steps: 142)
  [Worker 2] episode 449 finished. (AvgLatErr: 0.3969, Steps: 143)
[Worker 2].
Warning: num_agents (8) is greater than the number of available vehicle parameters (4). Cycling vehicle templates.
[Worker 1] TensorFlow device=GPU, mixed_precision=mixed_float16
[Worker 1] Random seed fixed: 200481
[Worker 1] started on GPU.
  [Worker 1] episode 440 finished. (AvgLatErr: 0.0848, Steps: 200)
  [Worker 1] episode 441 finished. (AvgLatErr: 0.0706, Steps: 200)
  [Worker 1] episode 442 finished. (AvgLatErr: 0.0799, Steps: 200)
  [Worker 1] episode 443 finished. (AvgLatErr: 0.0803, Steps: 200)
  [Worker 1] episode 444 finished. (AvgLatErr: 0.0942, Steps: 192)
  [Worker 1] episode 445 finished. (AvgLatErr: 0.0962, Steps: 183)
  [Worker 1] episode 446 finished. (AvgLatErr: 0.1514, Steps: 159)
  [Worker 1] episode 447 finished. (AvgLatErr: 0.2155, Steps: 169)
  [Worker 1] episode 448 finished. (AvgLatErr: 0.2157, Steps: 165)
  [Worker 1] episode 449 finished. (AvgLatErr: 0.1185, Steps: 186)
[Worker 1].
Warning: num_agents (8) is greater than the number of available vehicle parameters (4). Cycling vehicle templates.
[Worker 3] TensorFlow device=GPU, mixed_precision=mixed_float16
[Worker 3] Random seed fixed: 400481
[Worker 3] started on GPU.
  [Worker 3] episode 440 finished. (AvgLatErr: 0.1023, Steps: 200)
  [Worker 3] episode 441 finished. (AvgLatErr: 0.1257, Steps: 200)
  [Worker 3] episode 442 finished. (AvgLatErr: 0.2154, Steps: 200)
  [Worker 3] episode 443 finished. (AvgLatErr: 0.3501, Steps: 186)
  [Worker 3] episode 444 finished. (AvgLatErr: 0.4414, Steps: 192)
  [Worker 3] episode 445 finished. (AvgLatErr: 0.5031, Steps: 198)
  [Worker 3] episode 446 finished. (AvgLatErr: 0.5682, Steps: 186)
  [Worker 3] episode 447 finished. (AvgLatErr: 0.6376, Steps: 193)
  [Worker 3] episode 448 finished. (AvgLatErr: 0.5036, Steps: 181)
  [Worker 3] episode 449 finished. (AvgLatErr: 0.3411, Steps: 184)
[Worker 3].
Warning: num_agents (8) is greater than the number of available vehicle parameters (4). Cycling vehicle templates.
[Worker 4] TensorFlow device=GPU, mixed_precision=mixed_float16
[Worker 4] Random seed fixed: 500481
[Worker 4] started on GPU.
  [Worker 4] episode 440 finished. (AvgLatErr: 0.3263, Steps: 200)
  [Worker 4] episode 441 finished. (AvgLatErr: 0.3619, Steps: 170)
  [Worker 4] episode 442 finished. (AvgLatErr: 0.3125, Steps: 175)
  [Worker 4] episode 443 finished. (AvgLatErr: 0.3041, Steps: 190)
  [Worker 4] episode 444 finished. (AvgLatErr: 0.2859, Steps: 196)
  [Worker 4] episode 445 finished. (AvgLatErr: 0.3032, Steps: 155)
  [Worker 4] episode 446 finished. (AvgLatErr: 0.3391, Steps: 166)
  [Worker 4] episode 447 finished. (AvgLatErr: 0.2844, Steps: 175)
  [Worker 4] episode 448 finished. (AvgLatErr: 0.2378, Steps: 200)
  [Worker 4] episode 449 finished. (AvgLatErr: 0.2179, Steps: 200)
[Worker 4].
Warning: num_agents (8) is greater than the number of available vehicle parameters (4). Cycling vehicle templates.
[Worker 5] TensorFlow device=GPU, mixed_precision=mixed_float16
[Worker 5] Random seed fixed: 600481
[Worker 5] started on GPU.
  [Worker 5] episode 440 finished. (AvgLatErr: 0.0783, Steps: 200)
  [Worker 5] episode 441 finished. (AvgLatErr: 0.0928, Steps: 200)
  [Worker 5] episode 442 finished. (AvgLatErr: 0.1174, Steps: 200)
  [Worker 5] episode 443 finished. (AvgLatErr: 0.1817, Steps: 200)
  [Worker 5] episode 444 finished. (AvgLatErr: 0.2078, Steps: 183)
  [Worker 5] episode 445 finished. (AvgLatErr: 0.1277, Steps: 200)
  [Worker 5] episode 446 finished. (AvgLatErr: 0.0895, Steps: 200)
  [Worker 5] episode 447 finished. (AvgLatErr: 0.2211, Steps: 198)
  [Worker 5] episode 448 finished. (AvgLatErr: 0.2467, Steps: 200)
  [Worker 5] episode 449 finished. (AvgLatErr: 0.2799, Steps: 200)
[Worker 5].
Warning: num_agents (8) is greater than the number of available vehicle parameters (4). Cycling vehicle templates.
[Worker 7] TensorFlow device=GPU, mixed_precision=mixed_float16
[Worker 7] Random seed fixed: 800481
[Worker 7] started on GPU.
  [Worker 7] episode 440 finished. (AvgLatErr: 0.0791, Steps: 200)
  [Worker 7] episode 441 finished. (AvgLatErr: 0.0917, Steps: 200)
  [Worker 7] episode 442 finished. (AvgLatErr: 0.1086, Steps: 194)
  [Worker 7] episode 443 finished. (AvgLatErr: 0.1217, Steps: 200)
  [Worker 7] episode 444 finished. (AvgLatErr: 0.1652, Steps: 181)
  [Worker 7] episode 445 finished. (AvgLatErr: 0.1202, Steps: 189)
  [Worker 7] episode 446 finished. (AvgLatErr: 0.0824, Steps: 192)
  [Worker 7] episode 447 finished. (AvgLatErr: 0.1401, Steps: 166)
  [Worker 7] episode 448 finished. (AvgLatErr: 0.1462, Steps: 159)
  [Worker 7] episode 449 finished. (AvgLatErr: 0.1081, Steps: 164)
[Worker 7].
Warning: num_agents (8) is greater than the number of available vehicle parameters (4). Cycling vehicle templates.
[Worker 6] TensorFlow device=GPU, mixed_precision=mixed_float16
[Worker 6] Random seed fixed: 700481
[Worker 6] started on GPU.
  [Worker 6] episode 440 finished. (AvgLatErr: 0.1789, Steps: 200)
  [Worker 6] episode 441 finished. (AvgLatErr: 0.2865, Steps: 200)
  [Worker 6] episode 442 finished. (AvgLatErr: 0.1761, Steps: 200)
  [Worker 6] episode 443 finished. (AvgLatErr: 0.0985, Steps: 200)
  [Worker 6] episode 444 finished. (AvgLatErr: 0.1938, Steps: 200)
  [Worker 6] episode 445 finished. (AvgLatErr: 0.1922, Steps: 200)
  [Worker 6] episode 446 finished. (AvgLatErr: 0.2140, Steps: 200)
  [Worker 6] episode 447 finished. (AvgLatErr: 0.3274, Steps: 200)
  [Worker 6] episode 448 finished. (AvgLatErr: 0.3260, Steps: 200)
  [Worker 6] episode 449 finished. (AvgLatErr: 0.2777, Steps: 200)
[Worker 6].
[Main] workers finished. (elapsed: 111.35s)
[Main] Aggregation-selected agents: [0, 2, 3, 5]
[Main] FedAdagrad update completed.
[Main] Replay buffers reset after global model update.
============================================================================================
449 EP / Agent 0 : Avg Lat Err 0.8207
449 EP / Agent 1 : Avg Lat Err 0.1185
449 EP / Agent 2 : Avg Lat Err 0.3969
449 EP / Agent 3 : Avg Lat Err 0.3411
449 EP / Agent 4 : Avg Lat Err 0.2179
449 EP / Agent 5 : Avg Lat Err 0.2799
449 EP / Agent 6 : Avg Lat Err 0.2777
449 EP / Agent 7 : Avg Lat Err 0.1081
============================================================================================
[Main] Model checkpoint saved: C:\Users\syd79\FRL-Q\experiments\fast_parallel_fedadagrad_8random4_20260916_run1_random_4of8\checkpoints\global_model_episode_000450.weights.h5

============================================================================================
[Main] FL round started. (episode 450 ~ 459)
[Main] Client selection: mode=random, budget=4
[Main] Participating agents: [0, 1, 2, 3, 4, 5, 6, 7]
Warning: num_agents (8) is greater than the number of available vehicle parameters (4). Cycling vehicle templates.
[Worker 0] TensorFlow device=GPU, mixed_precision=mixed_float16
[Worker 0] Random seed fixed: 100491
[Worker 0] started on GPU.
  [Worker 0] episode 450 finished. (AvgLatErr: 0.6736, Steps: 140)
  [Worker 0] episode 451 finished. (AvgLatErr: 1.0717, Steps: 149)
  [Worker 0] episode 452 finished. (AvgLatErr: 0.9341, Steps: 142)
  [Worker 0] episode 453 finished. (AvgLatErr: 0.5587, Steps: 133)
  [Worker 0] episode 454 finished. (AvgLatErr: 1.0476, Steps: 141)
  [Worker 0] episode 455 finished. (AvgLatErr: 1.3203, Steps: 140)
  [Worker 0] episode 456 finished. (AvgLatErr: 1.0584, Steps: 140)
  [Worker 0] episode 457 finished. (AvgLatErr: 0.7375, Steps: 135)
  [Worker 0] episode 458 finished. (AvgLatErr: 1.5800, Steps: 152)
  [Worker 0] episode 459 finished. (AvgLatErr: 1.1467, Steps: 145)
[Worker 0].
Warning: num_agents (8) is greater than the number of available vehicle parameters (4). Cycling vehicle templates.
[Worker 1] TensorFlow device=GPU, mixed_precision=mixed_float16
[Worker 1] Random seed fixed: 200491
[Worker 1] started on GPU.
  [Worker 1] episode 450 finished. (AvgLatErr: 0.1981, Steps: 150)
  [Worker 1] episode 451 finished. (AvgLatErr: 0.1635, Steps: 165)
  [Worker 1] episode 452 finished. (AvgLatErr: 0.1302, Steps: 167)
  [Worker 1] episode 453 finished. (AvgLatErr: 0.1403, Steps: 163)
  [Worker 1] episode 454 finished. (AvgLatErr: 0.1326, Steps: 169)
  [Worker 1] episode 455 finished. (AvgLatErr: 0.1664, Steps: 167)
  [Worker 1] episode 456 finished. (AvgLatErr: 0.1854, Steps: 153)
  [Worker 1] episode 457 finished. (AvgLatErr: 0.1229, Steps: 167)
  [Worker 1] episode 458 finished. (AvgLatErr: 0.2657, Steps: 151)
  [Worker 1] episode 459 finished. (AvgLatErr: 0.1782, Steps: 151)
[Worker 1].
Warning: num_agents (8) is greater than the number of available vehicle parameters (4). Cycling vehicle templates.
[Worker 2] TensorFlow device=GPU, mixed_precision=mixed_float16
[Worker 2] Random seed fixed: 300491
[Worker 2] started on GPU.
  [Worker 2] episode 450 finished. (AvgLatErr: 0.4917, Steps: 137)
  [Worker 2] episode 451 finished. (AvgLatErr: 0.2958, Steps: 147)
  [Worker 2] episode 452 finished. (AvgLatErr: 0.4134, Steps: 143)
  [Worker 2] episode 453 finished. (AvgLatErr: 0.2015, Steps: 158)
  [Worker 2] episode 454 finished. (AvgLatErr: 0.2937, Steps: 153)
  [Worker 2] episode 455 finished. (AvgLatErr: 0.2886, Steps: 136)
  [Worker 2] episode 456 finished. (AvgLatErr: 0.1746, Steps: 156)
  [Worker 2] episode 457 finished. (AvgLatErr: 0.2527, Steps: 169)
  [Worker 2] episode 458 finished. (AvgLatErr: 0.1230, Steps: 180)
  [Worker 2] episode 459 finished. (AvgLatErr: 0.2890, Steps: 164)
[Worker 2].
Warning: num_agents (8) is greater than the number of available vehicle parameters (4). Cycling vehicle templates.
[Worker 3] TensorFlow device=GPU, mixed_precision=mixed_float16
[Worker 3] Random seed fixed: 400491
[Worker 3] started on GPU.
  [Worker 3] episode 450 finished. (AvgLatErr: 0.3190, Steps: 200)
  [Worker 3] episode 451 finished. (AvgLatErr: 0.3025, Steps: 195)
  [Worker 3] episode 452 finished. (AvgLatErr: 0.6906, Steps: 174)
  [Worker 3] episode 453 finished. (AvgLatErr: 0.5222, Steps: 183)
  [Worker 3] episode 454 finished. (AvgLatErr: 0.7126, Steps: 200)
  [Worker 3] episode 455 finished. (AvgLatErr: 0.3497, Steps: 199)
  [Worker 3] episode 456 finished. (AvgLatErr: 0.6223, Steps: 181)
  [Worker 3] episode 457 finished. (AvgLatErr: 0.4026, Steps: 193)
  [Worker 3] episode 458 finished. (AvgLatErr: 0.4256, Steps: 197)
  [Worker 3] episode 459 finished. (AvgLatErr: 0.8364, Steps: 192)
[Worker 3].
Warning: num_agents (8) is greater than the number of available vehicle parameters (4). Cycling vehicle templates.
[Worker 4] TensorFlow device=GPU, mixed_precision=mixed_float16
[Worker 4] Random seed fixed: 500491
[Worker 4] started on GPU.
  [Worker 4] episode 450 finished. (AvgLatErr: 0.4060, Steps: 196)
  [Worker 4] episode 451 finished. (AvgLatErr: 0.3351, Steps: 194)
  [Worker 4] episode 452 finished. (AvgLatErr: 0.2958, Steps: 187)
  [Worker 4] episode 453 finished. (AvgLatErr: 0.3664, Steps: 200)
  [Worker 4] episode 454 finished. (AvgLatErr: 0.3623, Steps: 195)
  [Worker 4] episode 455 finished. (AvgLatErr: 0.3287, Steps: 176)
  [Worker 4] episode 456 finished. (AvgLatErr: 0.3529, Steps: 177)
  [Worker 4] episode 457 finished. (AvgLatErr: 0.3356, Steps: 159)
  [Worker 4] episode 458 finished. (AvgLatErr: 0.2819, Steps: 173)
  [Worker 4] episode 459 finished. (AvgLatErr: 0.3033, Steps: 200)
[Worker 4].
Warning: num_agents (8) is greater than the number of available vehicle parameters (4). Cycling vehicle templates.
[Worker 7] TensorFlow device=GPU, mixed_precision=mixed_float16
[Worker 7] Random seed fixed: 800491
[Worker 7] started on GPU.
  [Worker 7] episode 450 finished. (AvgLatErr: 0.1596, Steps: 161)
  [Worker 7] episode 451 finished. (AvgLatErr: 0.1564, Steps: 175)
  [Worker 7] episode 452 finished. (AvgLatErr: 0.0983, Steps: 200)
  [Worker 7] episode 453 finished. (AvgLatErr: 0.2705, Steps: 152)
  [Worker 7] episode 454 finished. (AvgLatErr: 0.1225, Steps: 170)
  [Worker 7] episode 455 finished. (AvgLatErr: 0.1365, Steps: 172)
  [Worker 7] episode 456 finished. (AvgLatErr: 0.1607, Steps: 163)
  [Worker 7] episode 457 finished. (AvgLatErr: 0.2420, Steps: 161)
  [Worker 7] episode 458 finished. (AvgLatErr: 0.1997, Steps: 147)
  [Worker 7] episode 459 finished. (AvgLatErr: 0.1684, Steps: 157)
[Worker 7].
Warning: num_agents (8) is greater than the number of available vehicle parameters (4). Cycling vehicle templates.
[Worker 5] TensorFlow device=GPU, mixed_precision=mixed_float16
[Worker 5] Random seed fixed: 600491
[Worker 5] started on GPU.
  [Worker 5] episode 450 finished. (AvgLatErr: 0.1465, Steps: 182)
  [Worker 5] episode 451 finished. (AvgLatErr: 0.1155, Steps: 200)
  [Worker 5] episode 452 finished. (AvgLatErr: 0.1118, Steps: 200)
  [Worker 5] episode 453 finished. (AvgLatErr: 0.1280, Steps: 197)
  [Worker 5] episode 454 finished. (AvgLatErr: 0.2191, Steps: 180)
  [Worker 5] episode 455 finished. (AvgLatErr: 0.1124, Steps: 192)
  [Worker 5] episode 456 finished. (AvgLatErr: 0.1297, Steps: 200)
  [Worker 5] episode 457 finished. (AvgLatErr: 0.1635, Steps: 200)
  [Worker 5] episode 458 finished. (AvgLatErr: 0.1951, Steps: 193)
  [Worker 5] episode 459 finished. (AvgLatErr: 0.1487, Steps: 200)
[Worker 5].
Warning: num_agents (8) is greater than the number of available vehicle parameters (4). Cycling vehicle templates.
[Worker 6] TensorFlow device=GPU, mixed_precision=mixed_float16
[Worker 6] Random seed fixed: 700491
[Worker 6] started on GPU.
  [Worker 6] episode 450 finished. (AvgLatErr: 0.2958, Steps: 200)
  [Worker 6] episode 451 finished. (AvgLatErr: 0.3995, Steps: 200)
  [Worker 6] episode 452 finished. (AvgLatErr: 0.5806, Steps: 200)
  [Worker 6] episode 453 finished. (AvgLatErr: 0.4351, Steps: 200)
  [Worker 6] episode 454 finished. (AvgLatErr: 0.2954, Steps: 200)
  [Worker 6] episode 455 finished. (AvgLatErr: 0.4213, Steps: 200)
  [Worker 6] episode 456 finished. (AvgLatErr: 0.4389, Steps: 200)
  [Worker 6] episode 457 finished. (AvgLatErr: 0.4437, Steps: 200)
  [Worker 6] episode 458 finished. (AvgLatErr: 0.3763, Steps: 200)
  [Worker 6] episode 459 finished. (AvgLatErr: 0.5312, Steps: 200)
[Worker 6].
[Main] workers finished. (elapsed: 114.48s)
[Main] Aggregation-selected agents: [1, 2, 3, 5]
[Main] FedAdagrad update completed.
[Main] Replay buffers reset after global model update.
============================================================================================
459 EP / Agent 0 : Avg Lat Err 1.1467
459 EP / Agent 1 : Avg Lat Err 0.1782
459 EP / Agent 2 : Avg Lat Err 0.2890
459 EP / Agent 3 : Avg Lat Err 0.8364
459 EP / Agent 4 : Avg Lat Err 0.3033
459 EP / Agent 5 : Avg Lat Err 0.1487
459 EP / Agent 6 : Avg Lat Err 0.5312
459 EP / Agent 7 : Avg Lat Err 0.1684
============================================================================================

============================================================================================
[Main] FL round started. (episode 460 ~ 469)
[Main] Client selection: mode=random, budget=4
[Main] Participating agents: [0, 1, 2, 3, 4, 5, 6, 7]
Warning: num_agents (8) is greater than the number of available vehicle parameters (4). Cycling vehicle templates.
[Worker 0] TensorFlow device=GPU, mixed_precision=mixed_float16
[Worker 0] Random seed fixed: 100501
[Worker 0] started on GPU.
  [Worker 0] episode 460 finished. (AvgLatErr: 0.4279, Steps: 154)
  [Worker 0] episode 461 finished. (AvgLatErr: 0.5640, Steps: 147)
  [Worker 0] episode 462 finished. (AvgLatErr: 0.8463, Steps: 148)
  [Worker 0] episode 463 finished. (AvgLatErr: 0.4687, Steps: 158)
  [Worker 0] episode 464 finished. (AvgLatErr: 0.6587, Steps: 154)
  [Worker 0] episode 465 finished. (AvgLatErr: 0.4092, Steps: 174)
  [Worker 0] episode 466 finished. (AvgLatErr: 0.5533, Steps: 166)
  [Worker 0] episode 467 finished. (AvgLatErr: 0.4911, Steps: 154)
  [Worker 0] episode 468 finished. (AvgLatErr: 0.3693, Steps: 153)
  [Worker 0] episode 469 finished. (AvgLatErr: 0.3850, Steps: 141)
[Worker 0].
Warning: num_agents (8) is greater than the number of available vehicle parameters (4). Cycling vehicle templates.
[Worker 1] TensorFlow device=GPU, mixed_precision=mixed_float16
[Worker 1] Random seed fixed: 200501
[Worker 1] started on GPU.
  [Worker 1] episode 460 finished. (AvgLatErr: 0.1043, Steps: 170)
  [Worker 1] episode 461 finished. (AvgLatErr: 0.1226, Steps: 165)
  [Worker 1] episode 462 finished. (AvgLatErr: 0.1033, Steps: 157)
  [Worker 1] episode 463 finished. (AvgLatErr: 0.1178, Steps: 156)
  [Worker 1] episode 464 finished. (AvgLatErr: 0.1296, Steps: 150)
  [Worker 1] episode 465 finished. (AvgLatErr: 0.1446, Steps: 145)
  [Worker 1] episode 466 finished. (AvgLatErr: 0.1359, Steps: 135)
  [Worker 1] episode 467 finished. (AvgLatErr: 0.1407, Steps: 142)
  [Worker 1] episode 468 finished. (AvgLatErr: 0.1305, Steps: 140)
  [Worker 1] episode 469 finished. (AvgLatErr: 0.1261, Steps: 152)
[Worker 1].
Warning: num_agents (8) is greater than the number of available vehicle parameters (4). Cycling vehicle templates.
[Worker 2] TensorFlow device=GPU, mixed_precision=mixed_float16
[Worker 2] Random seed fixed: 300501
[Worker 2] started on GPU.
  [Worker 2] episode 460 finished. (AvgLatErr: 0.1247, Steps: 178)
  [Worker 2] episode 461 finished. (AvgLatErr: 0.1595, Steps: 154)
  [Worker 2] episode 462 finished. (AvgLatErr: 0.2318, Steps: 148)
  [Worker 2] episode 463 finished. (AvgLatErr: 0.3989, Steps: 145)
  [Worker 2] episode 464 finished. (AvgLatErr: 0.2489, Steps: 169)
  [Worker 2] episode 465 finished. (AvgLatErr: 0.2793, Steps: 146)
  [Worker 2] episode 466 finished. (AvgLatErr: 0.2226, Steps: 168)
  [Worker 2] episode 467 finished. (AvgLatErr: 0.1616, Steps: 158)
  [Worker 2] episode 468 finished. (AvgLatErr: 0.2273, Steps: 157)
  [Worker 2] episode 469 finished. (AvgLatErr: 0.2336, Steps: 147)
[Worker 2].
Warning: num_agents (8) is greater than the number of available vehicle parameters (4). Cycling vehicle templates.
[Worker 4] TensorFlow device=GPU, mixed_precision=mixed_float16
[Worker 4] Random seed fixed: 500501
[Worker 4] started on GPU.
  [Worker 4] episode 460 finished. (AvgLatErr: 0.3244, Steps: 200)
  [Worker 4] episode 461 finished. (AvgLatErr: 0.3474, Steps: 173)
  [Worker 4] episode 462 finished. (AvgLatErr: 0.3983, Steps: 160)
  [Worker 4] episode 463 finished. (AvgLatErr: 0.3029, Steps: 154)
  [Worker 4] episode 464 finished. (AvgLatErr: 0.3721, Steps: 163)
  [Worker 4] episode 465 finished. (AvgLatErr: 0.3254, Steps: 189)
  [Worker 4] episode 466 finished. (AvgLatErr: 0.3996, Steps: 172)
  [Worker 4] episode 467 finished. (AvgLatErr: 0.4818, Steps: 182)
  [Worker 4] episode 468 finished. (AvgLatErr: 0.3822, Steps: 167)
  [Worker 4] episode 469 finished. (AvgLatErr: 0.3963, Steps: 163)
[Worker 4].
Warning: num_agents (8) is greater than the number of available vehicle parameters (4). Cycling vehicle templates.
[Worker 3] TensorFlow device=GPU, mixed_precision=mixed_float16
[Worker 3] Random seed fixed: 400501
[Worker 3] started on GPU.
  [Worker 3] episode 460 finished. (AvgLatErr: 0.2698, Steps: 200)
  [Worker 3] episode 461 finished. (AvgLatErr: 0.3000, Steps: 200)
  [Worker 3] episode 462 finished. (AvgLatErr: 0.4896, Steps: 182)
  [Worker 3] episode 463 finished. (AvgLatErr: 0.4110, Steps: 197)
  [Worker 3] episode 464 finished. (AvgLatErr: 0.7922, Steps: 198)
  [Worker 3] episode 465 finished. (AvgLatErr: 0.3284, Steps: 200)
  [Worker 3] episode 466 finished. (AvgLatErr: 0.2164, Steps: 200)
  [Worker 3] episode 467 finished. (AvgLatErr: 0.3186, Steps: 195)
  [Worker 3] episode 468 finished. (AvgLatErr: 1.2866, Steps: 166)
  [Worker 3] episode 469 finished. (AvgLatErr: 0.5693, Steps: 190)
[Worker 3].
Warning: num_agents (8) is greater than the number of available vehicle parameters (4). Cycling vehicle templates.
[Worker 5] TensorFlow device=GPU, mixed_precision=mixed_float16
[Worker 5] Random seed fixed: 600501
[Worker 5] started on GPU.
  [Worker 5] episode 460 finished. (AvgLatErr: 0.1129, Steps: 200)
  [Worker 5] episode 461 finished. (AvgLatErr: 0.1266, Steps: 175)
  [Worker 5] episode 462 finished. (AvgLatErr: 0.1425, Steps: 187)
  [Worker 5] episode 463 finished. (AvgLatErr: 0.2323, Steps: 194)
  [Worker 5] episode 464 finished. (AvgLatErr: 0.2153, Steps: 184)
  [Worker 5] episode 465 finished. (AvgLatErr: 0.1792, Steps: 200)
  [Worker 5] episode 466 finished. (AvgLatErr: 0.1658, Steps: 173)
  [Worker 5] episode 467 finished. (AvgLatErr: 0.2080, Steps: 198)
  [Worker 5] episode 468 finished. (AvgLatErr: 0.2162, Steps: 194)
  [Worker 5] episode 469 finished. (AvgLatErr: 0.1277, Steps: 199)
[Worker 5].
Warning: num_agents (8) is greater than the number of available vehicle parameters (4). Cycling vehicle templates.
[Worker 6] TensorFlow device=GPU, mixed_precision=mixed_float16
[Worker 6] Random seed fixed: 700501
[Worker 6] started on GPU.
  [Worker 6] episode 460 finished. (AvgLatErr: 0.2498, Steps: 200)
  [Worker 6] episode 461 finished. (AvgLatErr: 0.3208, Steps: 200)
  [Worker 6] episode 462 finished. (AvgLatErr: 0.4024, Steps: 200)
  [Worker 6] episode 463 finished. (AvgLatErr: 0.3173, Steps: 200)
  [Worker 6] episode 464 finished. (AvgLatErr: 0.5071, Steps: 200)
  [Worker 6] episode 465 finished. (AvgLatErr: 0.4725, Steps: 200)
  [Worker 6] episode 466 finished. (AvgLatErr: 0.4696, Steps: 200)
  [Worker 6] episode 467 finished. (AvgLatErr: 0.5212, Steps: 195)
  [Worker 6] episode 468 finished. (AvgLatErr: 0.3075, Steps: 200)
  [Worker 6] episode 469 finished. (AvgLatErr: 0.2855, Steps: 200)
[Worker 6].
Warning: num_agents (8) is greater than the number of available vehicle parameters (4). Cycling vehicle templates.
[Worker 7] TensorFlow device=GPU, mixed_precision=mixed_float16
[Worker 7] Random seed fixed: 800501
[Worker 7] started on GPU.
  [Worker 7] episode 460 finished. (AvgLatErr: 0.0918, Steps: 199)
  [Worker 7] episode 461 finished. (AvgLatErr: 0.1154, Steps: 187)
  [Worker 7] episode 462 finished. (AvgLatErr: 0.0797, Steps: 200)
  [Worker 7] episode 463 finished. (AvgLatErr: 0.0991, Steps: 200)
  [Worker 7] episode 464 finished. (AvgLatErr: 0.0848, Steps: 200)
  [Worker 7] episode 465 finished. (AvgLatErr: 0.0936, Steps: 197)
  [Worker 7] episode 466 finished. (AvgLatErr: 0.1179, Steps: 196)
  [Worker 7] episode 467 finished. (AvgLatErr: 0.1118, Steps: 191)
  [Worker 7] episode 468 finished. (AvgLatErr: 0.0853, Steps: 191)
  [Worker 7] episode 469 finished. (AvgLatErr: 0.0941, Steps: 178)
[Worker 7].
[Main] workers finished. (elapsed: 110.62s)
[Main] Aggregation-selected agents: [0, 4, 6, 7]
[Main] FedAdagrad update completed.
[Main] Replay buffers reset after global model update.
============================================================================================
469 EP / Agent 0 : Avg Lat Err 0.3850
469 EP / Agent 1 : Avg Lat Err 0.1261
469 EP / Agent 2 : Avg Lat Err 0.2336
469 EP / Agent 3 : Avg Lat Err 0.5693
469 EP / Agent 4 : Avg Lat Err 0.3963
469 EP / Agent 5 : Avg Lat Err 0.1277
469 EP / Agent 6 : Avg Lat Err 0.2855
469 EP / Agent 7 : Avg Lat Err 0.0941
============================================================================================

============================================================================================
[Main] FL round started. (episode 470 ~ 479)
[Main] Client selection: mode=random, budget=4
[Main] Participating agents: [0, 1, 2, 3, 4, 5, 6, 7]
Warning: num_agents (8) is greater than the number of available vehicle parameters (4). Cycling vehicle templates.
[Worker 0] TensorFlow device=GPU, mixed_precision=mixed_float16
[Worker 0] Random seed fixed: 100511
[Worker 0] started on GPU.
  [Worker 0] episode 470 finished. (AvgLatErr: 0.1360, Steps: 172)
  [Worker 0] episode 471 finished. (AvgLatErr: 0.4729, Steps: 144)
  [Worker 0] episode 472 finished. (AvgLatErr: 0.6450, Steps: 137)
  [Worker 0] episode 473 finished. (AvgLatErr: 0.8438, Steps: 140)
  [Worker 0] episode 474 finished. (AvgLatErr: 0.5512, Steps: 137)
  [Worker 0] episode 475 finished. (AvgLatErr: 1.3249, Steps: 141)
  [Worker 0] episode 476 finished. (AvgLatErr: 0.6606, Steps: 151)
  [Worker 0] episode 477 finished. (AvgLatErr: 0.6939, Steps: 138)
  [Worker 0] episode 478 finished. (AvgLatErr: 0.7144, Steps: 140)
  [Worker 0] episode 479 finished. (AvgLatErr: 0.3256, Steps: 151)
[Worker 0].
Warning: num_agents (8) is greater than the number of available vehicle parameters (4). Cycling vehicle templates.
[Worker 2] TensorFlow device=GPU, mixed_precision=mixed_float16
[Worker 2] Random seed fixed: 300511
[Worker 2] started on GPU.
  [Worker 2] episode 470 finished. (AvgLatErr: 0.0994, Steps: 200)
  [Worker 2] episode 471 finished. (AvgLatErr: 0.1306, Steps: 176)
  [Worker 2] episode 472 finished. (AvgLatErr: 0.3560, Steps: 172)
  [Worker 2] episode 473 finished. (AvgLatErr: 0.1168, Steps: 184)
  [Worker 2] episode 474 finished. (AvgLatErr: 0.1654, Steps: 164)
  [Worker 2] episode 475 finished. (AvgLatErr: 0.1777, Steps: 156)
  [Worker 2] episode 476 finished. (AvgLatErr: 0.1818, Steps: 162)
  [Worker 2] episode 477 finished. (AvgLatErr: 0.2565, Steps: 134)
  [Worker 2] episode 478 finished. (AvgLatErr: 0.3793, Steps: 140)
  [Worker 2] episode 479 finished. (AvgLatErr: 0.2124, Steps: 160)
[Worker 2].
Warning: num_agents (8) is greater than the number of available vehicle parameters (4). Cycling vehicle templates.
[Worker 1] TensorFlow device=GPU, mixed_precision=mixed_float16
[Worker 1] Random seed fixed: 200511
[Worker 1] started on GPU.
  [Worker 1] episode 470 finished. (AvgLatErr: 0.0782, Steps: 189)
  [Worker 1] episode 471 finished. (AvgLatErr: 0.0770, Steps: 190)
  [Worker 1] episode 472 finished. (AvgLatErr: 0.0935, Steps: 179)
  [Worker 1] episode 473 finished. (AvgLatErr: 0.0938, Steps: 194)
  [Worker 1] episode 474 finished. (AvgLatErr: 0.0938, Steps: 173)
  [Worker 1] episode 475 finished. (AvgLatErr: 0.0819, Steps: 200)
  [Worker 1] episode 476 finished. (AvgLatErr: 0.1027, Steps: 148)
  [Worker 1] episode 477 finished. (AvgLatErr: 0.1010, Steps: 168)
  [Worker 1] episode 478 finished. (AvgLatErr: 0.2395, Steps: 160)
  [Worker 1] episode 479 finished. (AvgLatErr: 0.1854, Steps: 142)
[Worker 1].
Warning: num_agents (8) is greater than the number of available vehicle parameters (4). Cycling vehicle templates.
[Worker 3] TensorFlow device=GPU, mixed_precision=mixed_float16
[Worker 3] Random seed fixed: 400511
[Worker 3] started on GPU.
  [Worker 3] episode 470 finished. (AvgLatErr: 0.1804, Steps: 200)
  [Worker 3] episode 471 finished. (AvgLatErr: 0.3911, Steps: 200)
  [Worker 3] episode 472 finished. (AvgLatErr: 0.5037, Steps: 200)
  [Worker 3] episode 473 finished. (AvgLatErr: 0.2391, Steps: 200)
  [Worker 3] episode 474 finished. (AvgLatErr: 0.3079, Steps: 200)
  [Worker 3] episode 475 finished. (AvgLatErr: 0.4381, Steps: 200)
  [Worker 3] episode 476 finished. (AvgLatErr: 0.8450, Steps: 189)
  [Worker 3] episode 477 finished. (AvgLatErr: 0.2503, Steps: 200)
  [Worker 3] episode 478 finished. (AvgLatErr: 0.5418, Steps: 200)
  [Worker 3] episode 479 finished. (AvgLatErr: 0.2195, Steps: 200)
[Worker 3].
Warning: num_agents (8) is greater than the number of available vehicle parameters (4). Cycling vehicle templates.
[Worker 4] TensorFlow device=GPU, mixed_precision=mixed_float16
[Worker 4] Random seed fixed: 500511
[Worker 4] started on GPU.
  [Worker 4] episode 470 finished. (AvgLatErr: 0.1820, Steps: 200)
  [Worker 4] episode 471 finished. (AvgLatErr: 0.3034, Steps: 200)
  [Worker 4] episode 472 finished. (AvgLatErr: 0.2054, Steps: 200)
  [Worker 4] episode 473 finished. (AvgLatErr: 0.2624, Steps: 192)
  [Worker 4] episode 474 finished. (AvgLatErr: 0.3211, Steps: 191)
  [Worker 4] episode 475 finished. (AvgLatErr: 0.4598, Steps: 189)
  [Worker 4] episode 476 finished. (AvgLatErr: 0.2844, Steps: 185)
  [Worker 4] episode 477 finished. (AvgLatErr: 0.3958, Steps: 187)
  [Worker 4] episode 478 finished. (AvgLatErr: 0.2510, Steps: 180)
  [Worker 4] episode 479 finished. (AvgLatErr: 0.4604, Steps: 189)
[Worker 4].
Warning: num_agents (8) is greater than the number of available vehicle parameters (4). Cycling vehicle templates.
[Worker 5] TensorFlow device=GPU, mixed_precision=mixed_float16
[Worker 5] Random seed fixed: 600511
[Worker 5] started on GPU.
  [Worker 5] episode 470 finished. (AvgLatErr: 0.0893, Steps: 200)
  [Worker 5] episode 471 finished. (AvgLatErr: 0.1247, Steps: 200)
  [Worker 5] episode 472 finished. (AvgLatErr: 0.1686, Steps: 192)
  [Worker 5] episode 473 finished. (AvgLatErr: 0.2092, Steps: 193)
  [Worker 5] episode 474 finished. (AvgLatErr: 0.1983, Steps: 199)
  [Worker 5] episode 475 finished. (AvgLatErr: 0.1711, Steps: 188)
  [Worker 5] episode 476 finished. (AvgLatErr: 0.2674, Steps: 178)
  [Worker 5] episode 477 finished. (AvgLatErr: 0.3427, Steps: 176)
  [Worker 5] episode 478 finished. (AvgLatErr: 0.3841, Steps: 173)
  [Worker 5] episode 479 finished. (AvgLatErr: 0.2411, Steps: 200)
[Worker 5].
Warning: num_agents (8) is greater than the number of available vehicle parameters (4). Cycling vehicle templates.
[Worker 7] TensorFlow device=GPU, mixed_precision=mixed_float16
[Worker 7] Random seed fixed: 800511
[Worker 7] started on GPU.
  [Worker 7] episode 470 finished. (AvgLatErr: 0.0938, Steps: 200)
  [Worker 7] episode 471 finished. (AvgLatErr: 0.2029, Steps: 127)
  [Worker 7] episode 472 finished. (AvgLatErr: 0.2342, Steps: 163)
  [Worker 7] episode 473 finished. (AvgLatErr: 0.3343, Steps: 146)
  [Worker 7] episode 474 finished. (AvgLatErr: 0.1600, Steps: 176)
  [Worker 7] episode 475 finished. (AvgLatErr: 0.1837, Steps: 164)
  [Worker 7] episode 476 finished. (AvgLatErr: 0.1162, Steps: 149)
  [Worker 7] episode 477 finished. (AvgLatErr: 0.2049, Steps: 156)
  [Worker 7] episode 478 finished. (AvgLatErr: 0.1471, Steps: 156)
  [Worker 7] episode 479 finished. (AvgLatErr: 0.1543, Steps: 150)
[Worker 7].
Warning: num_agents (8) is greater than the number of available vehicle parameters (4). Cycling vehicle templates.
[Worker 6] TensorFlow device=GPU, mixed_precision=mixed_float16
[Worker 6] Random seed fixed: 700511
[Worker 6] started on GPU.
  [Worker 6] episode 470 finished. (AvgLatErr: 0.1995, Steps: 200)
  [Worker 6] episode 471 finished. (AvgLatErr: 0.2527, Steps: 200)
  [Worker 6] episode 472 finished. (AvgLatErr: 0.2976, Steps: 200)
  [Worker 6] episode 473 finished. (AvgLatErr: 0.3860, Steps: 200)
  [Worker 6] episode 474 finished. (AvgLatErr: 0.5061, Steps: 200)
  [Worker 6] episode 475 finished. (AvgLatErr: 0.1795, Steps: 200)
  [Worker 6] episode 476 finished. (AvgLatErr: 0.1068, Steps: 200)
  [Worker 6] episode 477 finished. (AvgLatErr: 0.2274, Steps: 200)
  [Worker 6] episode 478 finished. (AvgLatErr: 0.2365, Steps: 200)
  [Worker 6] episode 479 finished. (AvgLatErr: 0.2699, Steps: 200)
[Worker 6].
[Main] workers finished. (elapsed: 113.71s)
[Main] Aggregation-selected agents: [2, 5, 6, 7]
[Main] FedAdagrad update completed.
[Main] Replay buffers reset after global model update.
============================================================================================
479 EP / Agent 0 : Avg Lat Err 0.3256
479 EP / Agent 1 : Avg Lat Err 0.1854
479 EP / Agent 2 : Avg Lat Err 0.2124
479 EP / Agent 3 : Avg Lat Err 0.2195
479 EP / Agent 4 : Avg Lat Err 0.4604
479 EP / Agent 5 : Avg Lat Err 0.2411
479 EP / Agent 6 : Avg Lat Err 0.2699
479 EP / Agent 7 : Avg Lat Err 0.1543
============================================================================================

============================================================================================
[Main] FL round started. (episode 480 ~ 489)
[Main] Client selection: mode=random, budget=4
[Main] Participating agents: [0, 1, 2, 3, 4, 5, 6, 7]
Warning: num_agents (8) is greater than the number of available vehicle parameters (4). Cycling vehicle templates.
[Worker 0] TensorFlow device=GPU, mixed_precision=mixed_float16
[Worker 0] Random seed fixed: 100521
[Worker 0] started on GPU.
  [Worker 0] episode 480 finished. (AvgLatErr: 0.2824, Steps: 144)
  [Worker 0] episode 481 finished. (AvgLatErr: 1.1513, Steps: 130)
  [Worker 0] episode 482 finished. (AvgLatErr: 0.5882, Steps: 124)
  [Worker 0] episode 483 finished. (AvgLatErr: 0.6928, Steps: 142)
  [Worker 0] episode 484 finished. (AvgLatErr: 0.5720, Steps: 132)
  [Worker 0] episode 485 finished. (AvgLatErr: 1.0430, Steps: 135)
  [Worker 0] episode 486 finished. (AvgLatErr: 0.8379, Steps: 140)
  [Worker 0] episode 487 finished. (AvgLatErr: 1.1750, Steps: 138)
  [Worker 0] episode 488 finished. (AvgLatErr: 0.8974, Steps: 132)
  [Worker 0] episode 489 finished. (AvgLatErr: 1.0298, Steps: 131)
[Worker 0].
Warning: num_agents (8) is greater than the number of available vehicle parameters (4). Cycling vehicle templates.
[Worker 2] TensorFlow device=GPU, mixed_precision=mixed_float16
[Worker 2] Random seed fixed: 300521
[Worker 2] started on GPU.
  [Worker 2] episode 480 finished. (AvgLatErr: 0.0968, Steps: 189)
  [Worker 2] episode 481 finished. (AvgLatErr: 0.4657, Steps: 149)
  [Worker 2] episode 482 finished. (AvgLatErr: 0.4265, Steps: 130)
  [Worker 2] episode 483 finished. (AvgLatErr: 0.3022, Steps: 141)
  [Worker 2] episode 484 finished. (AvgLatErr: 0.5538, Steps: 126)
  [Worker 2] episode 485 finished. (AvgLatErr: 0.4906, Steps: 131)
  [Worker 2] episode 486 finished. (AvgLatErr: 0.5628, Steps: 134)
  [Worker 2] episode 487 finished. (AvgLatErr: 0.3612, Steps: 113)
  [Worker 2] episode 488 finished. (AvgLatErr: 0.5195, Steps: 136)
  [Worker 2] episode 489 finished. (AvgLatErr: 0.2448, Steps: 138)
[Worker 2].
Warning: num_agents (8) is greater than the number of available vehicle parameters (4). Cycling vehicle templates.
[Worker 1] TensorFlow device=GPU, mixed_precision=mixed_float16
[Worker 1] Random seed fixed: 200521
[Worker 1] started on GPU.
  [Worker 1] episode 480 finished. (AvgLatErr: 0.0861, Steps: 199)
  [Worker 1] episode 481 finished. (AvgLatErr: 0.0829, Steps: 176)
  [Worker 1] episode 482 finished. (AvgLatErr: 0.1180, Steps: 192)
  [Worker 1] episode 483 finished. (AvgLatErr: 0.1812, Steps: 155)
  [Worker 1] episode 484 finished. (AvgLatErr: 0.1656, Steps: 157)
  [Worker 1] episode 485 finished. (AvgLatErr: 0.1076, Steps: 140)
  [Worker 1] episode 486 finished. (AvgLatErr: 0.1633, Steps: 172)
  [Worker 1] episode 487 finished. (AvgLatErr: 0.1255, Steps: 155)
  [Worker 1] episode 488 finished. (AvgLatErr: 0.1482, Steps: 173)
  [Worker 1] episode 489 finished. (AvgLatErr: 0.1082, Steps: 156)
[Worker 1].
Warning: num_agents (8) is greater than the number of available vehicle parameters (4). Cycling vehicle templates.
[Worker 3] TensorFlow device=GPU, mixed_precision=mixed_float16
[Worker 3] Random seed fixed: 400521
[Worker 3] started on GPU.
  [Worker 3] episode 480 finished. (AvgLatErr: 0.1340, Steps: 200)
  [Worker 3] episode 481 finished. (AvgLatErr: 0.1875, Steps: 197)
  [Worker 3] episode 482 finished. (AvgLatErr: 0.2306, Steps: 184)
  [Worker 3] episode 483 finished. (AvgLatErr: 0.2107, Steps: 187)
  [Worker 3] episode 484 finished. (AvgLatErr: 0.2550, Steps: 195)
  [Worker 3] episode 485 finished. (AvgLatErr: 0.2134, Steps: 200)
  [Worker 3] episode 486 finished. (AvgLatErr: 0.2077, Steps: 200)
  [Worker 3] episode 487 finished. (AvgLatErr: 0.5389, Steps: 198)
  [Worker 3] episode 488 finished. (AvgLatErr: 0.3753, Steps: 189)
  [Worker 3] episode 489 finished. (AvgLatErr: 0.3361, Steps: 200)
[Worker 3].
Warning: num_agents (8) is greater than the number of available vehicle parameters (4). Cycling vehicle templates.
[Worker 4] TensorFlow device=GPU, mixed_precision=mixed_float16
[Worker 4] Random seed fixed: 500521
[Worker 4] started on GPU.
  [Worker 4] episode 480 finished. (AvgLatErr: 0.3294, Steps: 184)
  [Worker 4] episode 481 finished. (AvgLatErr: 0.2258, Steps: 178)
  [Worker 4] episode 482 finished. (AvgLatErr: 0.2485, Steps: 200)
  [Worker 4] episode 483 finished. (AvgLatErr: 0.2660, Steps: 200)
  [Worker 4] episode 484 finished. (AvgLatErr: 0.3473, Steps: 200)
  [Worker 4] episode 485 finished. (AvgLatErr: 0.2831, Steps: 200)
  [Worker 4] episode 486 finished. (AvgLatErr: 0.3235, Steps: 200)
  [Worker 4] episode 487 finished. (AvgLatErr: 0.2416, Steps: 181)
  [Worker 4] episode 488 finished. (AvgLatErr: 0.2331, Steps: 183)
  [Worker 4] episode 489 finished. (AvgLatErr: 0.2738, Steps: 175)
[Worker 4].
Warning: num_agents (8) is greater than the number of available vehicle parameters (4). Cycling vehicle templates.
[Worker 7] TensorFlow device=GPU, mixed_precision=mixed_float16
[Worker 7] Random seed fixed: 800521
[Worker 7] started on GPU.
  [Worker 7] episode 480 finished. (AvgLatErr: 0.1080, Steps: 200)
  [Worker 7] episode 481 finished. (AvgLatErr: 0.1235, Steps: 149)
  [Worker 7] episode 482 finished. (AvgLatErr: 0.1053, Steps: 176)
  [Worker 7] episode 483 finished. (AvgLatErr: 0.2366, Steps: 165)
  [Worker 7] episode 484 finished. (AvgLatErr: 0.1059, Steps: 184)
  [Worker 7] episode 485 finished. (AvgLatErr: 0.1969, Steps: 169)
  [Worker 7] episode 486 finished. (AvgLatErr: 0.1863, Steps: 136)
  [Worker 7] episode 487 finished. (AvgLatErr: 0.2263, Steps: 142)
  [Worker 7] episode 488 finished. (AvgLatErr: 0.1714, Steps: 179)
  [Worker 7] episode 489 finished. (AvgLatErr: 0.2483, Steps: 168)
[Worker 7].
Warning: num_agents (8) is greater than the number of available vehicle parameters (4). Cycling vehicle templates.
[Worker 5] TensorFlow device=GPU, mixed_precision=mixed_float16
[Worker 5] Random seed fixed: 600521
[Worker 5] started on GPU.
  [Worker 5] episode 480 finished. (AvgLatErr: 0.1088, Steps: 200)
  [Worker 5] episode 481 finished. (AvgLatErr: 0.1446, Steps: 200)
  [Worker 5] episode 482 finished. (AvgLatErr: 0.1687, Steps: 200)
  [Worker 5] episode 483 finished. (AvgLatErr: 0.0789, Steps: 200)
  [Worker 5] episode 484 finished. (AvgLatErr: 0.1307, Steps: 200)
  [Worker 5] episode 485 finished. (AvgLatErr: 0.1275, Steps: 200)
  [Worker 5] episode 486 finished. (AvgLatErr: 0.0796, Steps: 200)
  [Worker 5] episode 487 finished. (AvgLatErr: 0.1963, Steps: 185)
  [Worker 5] episode 488 finished. (AvgLatErr: 0.1657, Steps: 198)
  [Worker 5] episode 489 finished. (AvgLatErr: 0.1401, Steps: 185)
[Worker 5].
Warning: num_agents (8) is greater than the number of available vehicle parameters (4). Cycling vehicle templates.
[Worker 6] TensorFlow device=GPU, mixed_precision=mixed_float16
[Worker 6] Random seed fixed: 700521
[Worker 6] started on GPU.
  [Worker 6] episode 480 finished. (AvgLatErr: 0.2607, Steps: 200)
  [Worker 6] episode 481 finished. (AvgLatErr: 0.3307, Steps: 200)
  [Worker 6] episode 482 finished. (AvgLatErr: 0.1905, Steps: 200)
  [Worker 6] episode 483 finished. (AvgLatErr: 0.2038, Steps: 200)
  [Worker 6] episode 484 finished. (AvgLatErr: 0.4623, Steps: 198)
  [Worker 6] episode 485 finished. (AvgLatErr: 0.5000, Steps: 200)
  [Worker 6] episode 486 finished. (AvgLatErr: 0.2734, Steps: 200)
  [Worker 6] episode 487 finished. (AvgLatErr: 0.3996, Steps: 200)
  [Worker 6] episode 488 finished. (AvgLatErr: 0.4038, Steps: 200)
  [Worker 6] episode 489 finished. (AvgLatErr: 0.3022, Steps: 200)
[Worker 6].
[Main] workers finished. (elapsed: 110.63s)
[Main] Aggregation-selected agents: [0, 2, 3, 7]
[Main] FedAdagrad update completed.
[Main] Replay buffers reset after global model update.
============================================================================================
489 EP / Agent 0 : Avg Lat Err 1.0298
489 EP / Agent 1 : Avg Lat Err 0.1082
489 EP / Agent 2 : Avg Lat Err 0.2448
489 EP / Agent 3 : Avg Lat Err 0.3361
489 EP / Agent 4 : Avg Lat Err 0.2738
489 EP / Agent 5 : Avg Lat Err 0.1401
489 EP / Agent 6 : Avg Lat Err 0.3022
489 EP / Agent 7 : Avg Lat Err 0.2483
============================================================================================

============================================================================================
[Main] FL round started. (episode 490 ~ 499)
[Main] Client selection: mode=random, budget=4
[Main] Participating agents: [0, 1, 2, 3, 4, 5, 6, 7]
Warning: num_agents (8) is greater than the number of available vehicle parameters (4). Cycling vehicle templates.
[Worker 0] TensorFlow device=GPU, mixed_precision=mixed_float16
[Worker 0] Random seed fixed: 100531
[Worker 0] started on GPU.
  [Worker 0] episode 490 finished. (AvgLatErr: 0.4131, Steps: 143)
  [Worker 0] episode 491 finished. (AvgLatErr: 0.3343, Steps: 136)
  [Worker 0] episode 492 finished. (AvgLatErr: 0.8330, Steps: 137)
  [Worker 0] episode 493 finished. (AvgLatErr: 1.2166, Steps: 131)
  [Worker 0] episode 494 finished. (AvgLatErr: 0.7068, Steps: 132)
  [Worker 0] episode 495 finished. (AvgLatErr: 1.5553, Steps: 134)
  [Worker 0] episode 496 finished. (AvgLatErr: 1.0604, Steps: 132)
  [Worker 0] episode 497 finished. (AvgLatErr: 0.9684, Steps: 138)
  [Worker 0] episode 498 finished. (AvgLatErr: 0.7746, Steps: 135)
  [Worker 0] episode 499 finished. (AvgLatErr: 0.6845, Steps: 134)
[Worker 0].
Warning: num_agents (8) is greater than the number of available vehicle parameters (4). Cycling vehicle templates.
[Worker 1] TensorFlow device=GPU, mixed_precision=mixed_float16
[Worker 1] Random seed fixed: 200531
[Worker 1] started on GPU.
  [Worker 1] episode 490 finished. (AvgLatErr: 0.1054, Steps: 150)
  [Worker 1] episode 491 finished. (AvgLatErr: 0.1027, Steps: 148)
  [Worker 1] episode 492 finished. (AvgLatErr: 0.0883, Steps: 155)
  [Worker 1] episode 493 finished. (AvgLatErr: 0.1061, Steps: 144)
  [Worker 1] episode 494 finished. (AvgLatErr: 0.1618, Steps: 150)
  [Worker 1] episode 495 finished. (AvgLatErr: 0.2258, Steps: 151)
  [Worker 1] episode 496 finished. (AvgLatErr: 0.1606, Steps: 154)
  [Worker 1] episode 497 finished. (AvgLatErr: 0.1209, Steps: 155)
  [Worker 1] episode 498 finished. (AvgLatErr: 0.0934, Steps: 186)
  [Worker 1] episode 499 finished. (AvgLatErr: 0.1568, Steps: 156)
[Worker 1].
Warning: num_agents (8) is greater than the number of available vehicle parameters (4). Cycling vehicle templates.
[Worker 2] TensorFlow device=GPU, mixed_precision=mixed_float16
[Worker 2] Random seed fixed: 300531
[Worker 2] started on GPU.
  [Worker 2] episode 490 finished. (AvgLatErr: 0.2119, Steps: 136)
  [Worker 2] episode 491 finished. (AvgLatErr: 0.5032, Steps: 140)
  [Worker 2] episode 492 finished. (AvgLatErr: 0.4050, Steps: 123)
  [Worker 2] episode 493 finished. (AvgLatErr: 0.4572, Steps: 135)
  [Worker 2] episode 494 finished. (AvgLatErr: 4.5729, Steps: 200)
  [Worker 2] episode 495 finished. (AvgLatErr: 0.5065, Steps: 145)
  [Worker 2] episode 496 finished. (AvgLatErr: 0.3277, Steps: 143)
  [Worker 2] episode 497 finished. (AvgLatErr: 0.4756, Steps: 145)
  [Worker 2] episode 498 finished. (AvgLatErr: 0.2563, Steps: 126)
  [Worker 2] episode 499 finished. (AvgLatErr: 0.4464, Steps: 126)
[Worker 2].
Warning: num_agents (8) is greater than the number of available vehicle parameters (4). Cycling vehicle templates.
[Worker 3] TensorFlow device=GPU, mixed_precision=mixed_float16
[Worker 3] Random seed fixed: 400531
[Worker 3] started on GPU.
  [Worker 3] episode 490 finished. (AvgLatErr: 0.2968, Steps: 196)
  [Worker 3] episode 491 finished. (AvgLatErr: 0.3728, Steps: 183)
  [Worker 3] episode 492 finished. (AvgLatErr: 0.1787, Steps: 187)
  [Worker 3] episode 493 finished. (AvgLatErr: 0.3101, Steps: 173)
  [Worker 3] episode 494 finished. (AvgLatErr: 0.5273, Steps: 187)
  [Worker 3] episode 495 finished. (AvgLatErr: 0.4942, Steps: 183)
  [Worker 3] episode 496 finished. (AvgLatErr: 0.4949, Steps: 179)
  [Worker 3] episode 497 finished. (AvgLatErr: 0.5109, Steps: 172)
  [Worker 3] episode 498 finished. (AvgLatErr: 0.5500, Steps: 200)
  [Worker 3] episode 499 finished. (AvgLatErr: 0.4366, Steps: 189)
[Worker 3].
Warning: num_agents (8) is greater than the number of available vehicle parameters (4). Cycling vehicle templates.
[Worker 4] TensorFlow device=GPU, mixed_precision=mixed_float16
[Worker 4] Random seed fixed: 500531
[Worker 4] started on GPU.
  [Worker 4] episode 490 finished. (AvgLatErr: 0.3072, Steps: 194)
  [Worker 4] episode 491 finished. (AvgLatErr: 0.2996, Steps: 200)
  [Worker 4] episode 492 finished. (AvgLatErr: 0.1769, Steps: 200)
  [Worker 4] episode 493 finished. (AvgLatErr: 0.3572, Steps: 200)
  [Worker 4] episode 494 finished. (AvgLatErr: 0.3481, Steps: 167)
  [Worker 4] episode 495 finished. (AvgLatErr: 0.3303, Steps: 176)
  [Worker 4] episode 496 finished. (AvgLatErr: 0.3165, Steps: 165)
  [Worker 4] episode 497 finished. (AvgLatErr: 0.2912, Steps: 185)
  [Worker 4] episode 498 finished. (AvgLatErr: 0.3392, Steps: 183)
  [Worker 4] episode 499 finished. (AvgLatErr: 0.2808, Steps: 179)
[Worker 4].
Warning: num_agents (8) is greater than the number of available vehicle parameters (4). Cycling vehicle templates.
[Worker 7] TensorFlow device=GPU, mixed_precision=mixed_float16
[Worker 7] Random seed fixed: 800531
[Worker 7] started on GPU.
  [Worker 7] episode 490 finished. (AvgLatErr: 0.1896, Steps: 173)
  [Worker 7] episode 491 finished. (AvgLatErr: 0.1464, Steps: 156)
  [Worker 7] episode 492 finished. (AvgLatErr: 0.2483, Steps: 151)
  [Worker 7] episode 493 finished. (AvgLatErr: 0.2230, Steps: 166)
  [Worker 7] episode 494 finished. (AvgLatErr: 0.2513, Steps: 146)
  [Worker 7] episode 495 finished. (AvgLatErr: 0.1454, Steps: 149)
  [Worker 7] episode 496 finished. (AvgLatErr: 0.1708, Steps: 167)
  [Worker 7] episode 497 finished. (AvgLatErr: 0.1727, Steps: 162)
  [Worker 7] episode 498 finished. (AvgLatErr: 0.1411, Steps: 149)
  [Worker 7] episode 499 finished. (AvgLatErr: 0.1059, Steps: 162)
[Worker 7].
Warning: num_agents (8) is greater than the number of available vehicle parameters (4). Cycling vehicle templates.
[Worker 5] TensorFlow device=GPU, mixed_precision=mixed_float16
[Worker 5] Random seed fixed: 600531
[Worker 5] started on GPU.
  [Worker 5] episode 490 finished. (AvgLatErr: 0.1161, Steps: 200)
  [Worker 5] episode 491 finished. (AvgLatErr: 0.1668, Steps: 200)
  [Worker 5] episode 492 finished. (AvgLatErr: 0.0961, Steps: 200)
  [Worker 5] episode 493 finished. (AvgLatErr: 0.0818, Steps: 200)
  [Worker 5] episode 494 finished. (AvgLatErr: 0.0797, Steps: 200)
  [Worker 5] episode 495 finished. (AvgLatErr: 0.1621, Steps: 183)
  [Worker 5] episode 496 finished. (AvgLatErr: 0.1422, Steps: 200)
  [Worker 5] episode 497 finished. (AvgLatErr: 0.1028, Steps: 200)
  [Worker 5] episode 498 finished. (AvgLatErr: 0.1186, Steps: 198)
  [Worker 5] episode 499 finished. (AvgLatErr: 0.0968, Steps: 200)
[Worker 5].
Warning: num_agents (8) is greater than the number of available vehicle parameters (4). Cycling vehicle templates.
[Worker 6] TensorFlow device=GPU, mixed_precision=mixed_float16
[Worker 6] Random seed fixed: 700531
[Worker 6] started on GPU.
  [Worker 6] episode 490 finished. (AvgLatErr: 0.2545, Steps: 200)
  [Worker 6] episode 491 finished. (AvgLatErr: 0.2800, Steps: 200)
  [Worker 6] episode 492 finished. (AvgLatErr: 0.3555, Steps: 200)
  [Worker 6] episode 493 finished. (AvgLatErr: 0.3039, Steps: 200)
  [Worker 6] episode 494 finished. (AvgLatErr: 0.1882, Steps: 200)
  [Worker 6] episode 495 finished. (AvgLatErr: 0.2554, Steps: 200)
  [Worker 6] episode 496 finished. (AvgLatErr: 0.2588, Steps: 200)
  [Worker 6] episode 497 finished. (AvgLatErr: 0.3314, Steps: 200)
  [Worker 6] episode 498 finished. (AvgLatErr: 0.4099, Steps: 200)
  [Worker 6] episode 499 finished. (AvgLatErr: 0.3531, Steps: 200)
[Worker 6].
[Main] workers finished. (elapsed: 109.94s)
[Main] Aggregation-selected agents: [2, 4, 6, 7]
[Main] FedAdagrad update completed.
[Main] Replay buffers reset after global model update.
============================================================================================
499 EP / Agent 0 : Avg Lat Err 0.6845
499 EP / Agent 1 : Avg Lat Err 0.1568
499 EP / Agent 2 : Avg Lat Err 0.4464
499 EP / Agent 3 : Avg Lat Err 0.4366
499 EP / Agent 4 : Avg Lat Err 0.2808
499 EP / Agent 5 : Avg Lat Err 0.0968
499 EP / Agent 6 : Avg Lat Err 0.3531
499 EP / Agent 7 : Avg Lat Err 0.1059
============================================================================================
[Main] Model checkpoint saved: C:\Users\syd79\FRL-Q\experiments\fast_parallel_fedadagrad_8random4_20260916_run1_random_4of8\checkpoints\global_model_episode_000500.weights.h5

============================================================================================
[Main] FL round started. (episode 500 ~ 509)
[Main] Client selection: mode=random, budget=4
[Main] Participating agents: [0, 1, 2, 3, 4, 5, 6, 7]
Warning: num_agents (8) is greater than the number of available vehicle parameters (4). Cycling vehicle templates.
[Worker 0] TensorFlow device=GPU, mixed_precision=mixed_float16
[Worker 0] Random seed fixed: 100541
[Worker 0] started on GPU.
  [Worker 0] episode 500 finished. (AvgLatErr: 0.3925, Steps: 143)
  [Worker 0] episode 501 finished. (AvgLatErr: 0.6052, Steps: 142)
  [Worker 0] episode 502 finished. (AvgLatErr: 1.0251, Steps: 139)
  [Worker 0] episode 503 finished. (AvgLatErr: 0.6288, Steps: 140)
  [Worker 0] episode 504 finished. (AvgLatErr: 1.0060, Steps: 151)
  [Worker 0] episode 505 finished. (AvgLatErr: 0.8442, Steps: 144)
  [Worker 0] episode 506 finished. (AvgLatErr: 1.0613, Steps: 135)
  [Worker 0] episode 507 finished. (AvgLatErr: 4.7144, Steps: 124)
  [Worker 0] episode 508 finished. (AvgLatErr: 0.8602, Steps: 147)
  [Worker 0] episode 509 finished. (AvgLatErr: 0.7512, Steps: 144)
[Worker 0].
Warning: num_agents (8) is greater than the number of available vehicle parameters (4). Cycling vehicle templates.
[Worker 2] TensorFlow device=GPU, mixed_precision=mixed_float16
[Worker 2] Random seed fixed: 300541
[Worker 2] started on GPU.
  [Worker 2] episode 500 finished. (AvgLatErr: 0.2011, Steps: 137)
  [Worker 2] episode 501 finished. (AvgLatErr: 0.5466, Steps: 149)
  [Worker 2] episode 502 finished. (AvgLatErr: 0.1850, Steps: 147)
  [Worker 2] episode 503 finished. (AvgLatErr: 0.2238, Steps: 160)
  [Worker 2] episode 504 finished. (AvgLatErr: 0.3832, Steps: 123)
  [Worker 2] episode 505 finished. (AvgLatErr: 0.2319, Steps: 150)
  [Worker 2] episode 506 finished. (AvgLatErr: 0.2731, Steps: 163)
  [Worker 2] episode 507 finished. (AvgLatErr: 0.4107, Steps: 131)
  [Worker 2] episode 508 finished. (AvgLatErr: 0.2761, Steps: 117)
  [Worker 2] episode 509 finished. (AvgLatErr: 0.3934, Steps: 136)
[Worker 2].
Warning: num_agents (8) is greater than the number of available vehicle parameters (4). Cycling vehicle templates.
[Worker 1] TensorFlow device=GPU, mixed_precision=mixed_float16
[Worker 1] Random seed fixed: 200541
[Worker 1] started on GPU.
  [Worker 1] episode 500 finished. (AvgLatErr: 0.1137, Steps: 176)
  [Worker 1] episode 501 finished. (AvgLatErr: 0.0929, Steps: 178)
  [Worker 1] episode 502 finished. (AvgLatErr: 0.1035, Steps: 161)
  [Worker 1] episode 503 finished. (AvgLatErr: 0.0985, Steps: 155)
  [Worker 1] episode 504 finished. (AvgLatErr: 0.1142, Steps: 172)
  [Worker 1] episode 505 finished. (AvgLatErr: 0.0996, Steps: 177)
  [Worker 1] episode 506 finished. (AvgLatErr: 0.0925, Steps: 167)
  [Worker 1] episode 507 finished. (AvgLatErr: 0.1249, Steps: 150)
  [Worker 1] episode 508 finished. (AvgLatErr: 0.0923, Steps: 152)
  [Worker 1] episode 509 finished. (AvgLatErr: 0.1348, Steps: 158)
[Worker 1].
Warning: num_agents (8) is greater than the number of available vehicle parameters (4). Cycling vehicle templates.
[Worker 3] TensorFlow device=GPU, mixed_precision=mixed_float16
[Worker 3] Random seed fixed: 400541
[Worker 3] started on GPU.
  [Worker 3] episode 500 finished. (AvgLatErr: 0.2606, Steps: 200)
  [Worker 3] episode 501 finished. (AvgLatErr: 0.3649, Steps: 181)
  [Worker 3] episode 502 finished. (AvgLatErr: 0.4463, Steps: 177)
  [Worker 3] episode 503 finished. (AvgLatErr: 0.1641, Steps: 200)
  [Worker 3] episode 504 finished. (AvgLatErr: 0.3637, Steps: 185)
  [Worker 3] episode 505 finished. (AvgLatErr: 0.3621, Steps: 178)
  [Worker 3] episode 506 finished. (AvgLatErr: 0.3019, Steps: 191)
  [Worker 3] episode 507 finished. (AvgLatErr: 0.4324, Steps: 185)
  [Worker 3] episode 508 finished. (AvgLatErr: 0.4516, Steps: 200)
  [Worker 3] episode 509 finished. (AvgLatErr: 0.3681, Steps: 200)
[Worker 3].
Warning: num_agents (8) is greater than the number of available vehicle parameters (4). Cycling vehicle templates.
[Worker 4] TensorFlow device=GPU, mixed_precision=mixed_float16
[Worker 4] Random seed fixed: 500541
[Worker 4] started on GPU.
  [Worker 4] episode 500 finished. (AvgLatErr: 0.3165, Steps: 200)
  [Worker 4] episode 501 finished. (AvgLatErr: 0.3327, Steps: 175)
  [Worker 4] episode 502 finished. (AvgLatErr: 0.4584, Steps: 181)
  [Worker 4] episode 503 finished. (AvgLatErr: 0.3746, Steps: 167)
  [Worker 4] episode 504 finished. (AvgLatErr: 1.1987, Steps: 200)
  [Worker 4] episode 505 finished. (AvgLatErr: 0.3639, Steps: 172)
  [Worker 4] episode 506 finished. (AvgLatErr: 0.2163, Steps: 167)
  [Worker 4] episode 507 finished. (AvgLatErr: 0.3107, Steps: 151)
  [Worker 4] episode 508 finished. (AvgLatErr: 0.2775, Steps: 165)
  [Worker 4] episode 509 finished. (AvgLatErr: 0.3036, Steps: 156)
[Worker 4].
Warning: num_agents (8) is greater than the number of available vehicle parameters (4). Cycling vehicle templates.
[Worker 7] TensorFlow device=GPU, mixed_precision=mixed_float16
[Worker 7] Random seed fixed: 800541
[Worker 7] started on GPU.
  [Worker 7] episode 500 finished. (AvgLatErr: 0.0910, Steps: 200)
  [Worker 7] episode 501 finished. (AvgLatErr: 0.2663, Steps: 160)
  [Worker 7] episode 502 finished. (AvgLatErr: 0.1167, Steps: 173)
  [Worker 7] episode 503 finished. (AvgLatErr: 0.2206, Steps: 141)
  [Worker 7] episode 504 finished. (AvgLatErr: 0.1406, Steps: 158)
  [Worker 7] episode 505 finished. (AvgLatErr: 0.1543, Steps: 173)
  [Worker 7] episode 506 finished. (AvgLatErr: 0.1569, Steps: 141)
  [Worker 7] episode 507 finished. (AvgLatErr: 0.2322, Steps: 154)
  [Worker 7] episode 508 finished. (AvgLatErr: 1.9775, Steps: 200)
  [Worker 7] episode 509 finished. (AvgLatErr: 0.1655, Steps: 156)
[Worker 7].
Warning: num_agents (8) is greater than the number of available vehicle parameters (4). Cycling vehicle templates.
[Worker 5] TensorFlow device=GPU, mixed_precision=mixed_float16
[Worker 5] Random seed fixed: 600541
[Worker 5] started on GPU.
  [Worker 5] episode 500 finished. (AvgLatErr: 0.0868, Steps: 200)
  [Worker 5] episode 501 finished. (AvgLatErr: 0.0888, Steps: 200)
  [Worker 5] episode 502 finished. (AvgLatErr: 0.4102, Steps: 191)
  [Worker 5] episode 503 finished. (AvgLatErr: 0.1223, Steps: 200)
  [Worker 5] episode 504 finished. (AvgLatErr: 0.1810, Steps: 200)
  [Worker 5] episode 505 finished. (AvgLatErr: 0.1213, Steps: 200)
  [Worker 5] episode 506 finished. (AvgLatErr: 0.1656, Steps: 187)
  [Worker 5] episode 507 finished. (AvgLatErr: 0.2005, Steps: 186)
  [Worker 5] episode 508 finished. (AvgLatErr: 0.2761, Steps: 179)
  [Worker 5] episode 509 finished. (AvgLatErr: 0.1645, Steps: 176)
[Worker 5].
Warning: num_agents (8) is greater than the number of available vehicle parameters (4). Cycling vehicle templates.
[Worker 6] TensorFlow device=GPU, mixed_precision=mixed_float16
[Worker 6] Random seed fixed: 700541
[Worker 6] started on GPU.
  [Worker 6] episode 500 finished. (AvgLatErr: 0.2972, Steps: 200)
  [Worker 6] episode 501 finished. (AvgLatErr: 0.3659, Steps: 200)
  [Worker 6] episode 502 finished. (AvgLatErr: 0.3351, Steps: 200)
  [Worker 6] episode 503 finished. (AvgLatErr: 0.2400, Steps: 200)
  [Worker 6] episode 504 finished. (AvgLatErr: 0.2638, Steps: 200)
  [Worker 6] episode 505 finished. (AvgLatErr: 0.4172, Steps: 200)
  [Worker 6] episode 506 finished. (AvgLatErr: 0.3167, Steps: 200)
  [Worker 6] episode 507 finished. (AvgLatErr: 0.1556, Steps: 200)
  [Worker 6] episode 508 finished. (AvgLatErr: 0.5162, Steps: 200)
  [Worker 6] episode 509 finished. (AvgLatErr: 0.4362, Steps: 200)
[Worker 6].
[Main] workers finished. (elapsed: 108.73s)
[Main] Aggregation-selected agents: [0, 3, 5, 7]
[Main] FedAdagrad update completed.
[Main] Replay buffers reset after global model update.
============================================================================================
509 EP / Agent 0 : Avg Lat Err 0.7512
509 EP / Agent 1 : Avg Lat Err 0.1348
509 EP / Agent 2 : Avg Lat Err 0.3934
509 EP / Agent 3 : Avg Lat Err 0.3681
509 EP / Agent 4 : Avg Lat Err 0.3036
509 EP / Agent 5 : Avg Lat Err 0.1645
509 EP / Agent 6 : Avg Lat Err 0.4362
509 EP / Agent 7 : Avg Lat Err 0.1655
============================================================================================

============================================================================================
[Main] FL round started. (episode 510 ~ 519)
[Main] Client selection: mode=random, budget=4
[Main] Participating agents: [0, 1, 2, 3, 4, 5, 6, 7]
Warning: num_agents (8) is greater than the number of available vehicle parameters (4). Cycling vehicle templates.
[Worker 0] TensorFlow device=GPU, mixed_precision=mixed_float16
[Worker 0] Random seed fixed: 100551
[Worker 0] started on GPU.
  [Worker 0] episode 510 finished. (AvgLatErr: 0.3369, Steps: 152)
  [Worker 0] episode 511 finished. (AvgLatErr: 0.4106, Steps: 138)
  [Worker 0] episode 512 finished. (AvgLatErr: 1.0727, Steps: 139)
  [Worker 0] episode 513 finished. (AvgLatErr: 0.9748, Steps: 145)
  [Worker 0] episode 514 finished. (AvgLatErr: 0.5014, Steps: 148)
  [Worker 0] episode 515 finished. (AvgLatErr: 0.5631, Steps: 139)
  [Worker 0] episode 516 finished. (AvgLatErr: 1.0791, Steps: 139)
  [Worker 0] episode 517 finished. (AvgLatErr: 0.6070, Steps: 140)
  [Worker 0] episode 518 finished. (AvgLatErr: 0.8855, Steps: 140)
  [Worker 0] episode 519 finished. (AvgLatErr: 0.9155, Steps: 146)
[Worker 0].
Warning: num_agents (8) is greater than the number of available vehicle parameters (4). Cycling vehicle templates.
[Worker 2] TensorFlow device=GPU, mixed_precision=mixed_float16
[Worker 2] Random seed fixed: 300551
[Worker 2] started on GPU.
  [Worker 2] episode 510 finished. (AvgLatErr: 0.1273, Steps: 154)
  [Worker 2] episode 511 finished. (AvgLatErr: 0.2184, Steps: 146)
  [Worker 2] episode 512 finished. (AvgLatErr: 0.1919, Steps: 152)
  [Worker 2] episode 513 finished. (AvgLatErr: 0.1569, Steps: 157)
  [Worker 2] episode 514 finished. (AvgLatErr: 0.1460, Steps: 172)
  [Worker 2] episode 515 finished. (AvgLatErr: 0.1165, Steps: 200)
  [Worker 2] episode 516 finished. (AvgLatErr: 0.2020, Steps: 157)
  [Worker 2] episode 517 finished. (AvgLatErr: 0.1944, Steps: 159)
  [Worker 2] episode 518 finished. (AvgLatErr: 0.2351, Steps: 138)
  [Worker 2] episode 519 finished. (AvgLatErr: 0.2697, Steps: 143)
[Worker 2].
Warning: num_agents (8) is greater than the number of available vehicle parameters (4). Cycling vehicle templates.
[Worker 1] TensorFlow device=GPU, mixed_precision=mixed_float16
[Worker 1] Random seed fixed: 200551
[Worker 1] started on GPU.
  [Worker 1] episode 510 finished. (AvgLatErr: 0.0775, Steps: 200)
  [Worker 1] episode 511 finished. (AvgLatErr: 0.1245, Steps: 175)
  [Worker 1] episode 512 finished. (AvgLatErr: 0.2511, Steps: 139)
  [Worker 1] episode 513 finished. (AvgLatErr: 0.1269, Steps: 171)
  [Worker 1] episode 514 finished. (AvgLatErr: 0.1468, Steps: 141)
  [Worker 1] episode 515 finished. (AvgLatErr: 0.2407, Steps: 140)
  [Worker 1] episode 516 finished. (AvgLatErr: 0.1403, Steps: 164)
  [Worker 1] episode 517 finished. (AvgLatErr: 0.2083, Steps: 154)
  [Worker 1] episode 518 finished. (AvgLatErr: 0.1014, Steps: 174)
  [Worker 1] episode 519 finished. (AvgLatErr: 0.0802, Steps: 200)
[Worker 1].
Warning: num_agents (8) is greater than the number of available vehicle parameters (4). Cycling vehicle templates.
[Worker 3] TensorFlow device=GPU, mixed_precision=mixed_float16
[Worker 3] Random seed fixed: 400551
[Worker 3] started on GPU.
  [Worker 3] episode 510 finished. (AvgLatErr: 0.3718, Steps: 200)
  [Worker 3] episode 511 finished. (AvgLatErr: 0.1998, Steps: 200)
  [Worker 3] episode 512 finished. (AvgLatErr: 0.7596, Steps: 180)
  [Worker 3] episode 513 finished. (AvgLatErr: 0.8724, Steps: 169)
  [Worker 3] episode 514 finished. (AvgLatErr: 0.8613, Steps: 177)
  [Worker 3] episode 515 finished. (AvgLatErr: 0.9106, Steps: 185)
  [Worker 3] episode 516 finished. (AvgLatErr: 0.3883, Steps: 182)
  [Worker 3] episode 517 finished. (AvgLatErr: 0.6314, Steps: 191)
  [Worker 3] episode 518 finished. (AvgLatErr: 0.5278, Steps: 172)
  [Worker 3] episode 519 finished. (AvgLatErr: 0.6312, Steps: 189)
[Worker 3].
Warning: num_agents (8) is greater than the number of available vehicle parameters (4). Cycling vehicle templates.
[Worker 4] TensorFlow device=GPU, mixed_precision=mixed_float16
[Worker 4] Random seed fixed: 500551
[Worker 4] started on GPU.
  [Worker 4] episode 510 finished. (AvgLatErr: 0.3106, Steps: 175)
  [Worker 4] episode 511 finished. (AvgLatErr: 0.7532, Steps: 200)
  [Worker 4] episode 512 finished. (AvgLatErr: 0.3783, Steps: 191)
  [Worker 4] episode 513 finished. (AvgLatErr: 0.2707, Steps: 179)
  [Worker 4] episode 514 finished. (AvgLatErr: 0.4229, Steps: 200)
  [Worker 4] episode 515 finished. (AvgLatErr: 0.3583, Steps: 167)
  [Worker 4] episode 516 finished. (AvgLatErr: 0.3453, Steps: 176)
  [Worker 4] episode 517 finished. (AvgLatErr: 0.4304, Steps: 156)
  [Worker 4] episode 518 finished. (AvgLatErr: 0.3166, Steps: 173)
  [Worker 4] episode 519 finished. (AvgLatErr: 0.3812, Steps: 165)
[Worker 4].
Warning: num_agents (8) is greater than the number of available vehicle parameters (4). Cycling vehicle templates.
[Worker 7] TensorFlow device=GPU, mixed_precision=mixed_float16
[Worker 7] Random seed fixed: 800551
[Worker 7] started on GPU.
  [Worker 7] episode 510 finished. (AvgLatErr: 0.0976, Steps: 200)
  [Worker 7] episode 511 finished. (AvgLatErr: 0.5610, Steps: 149)
  [Worker 7] episode 512 finished. (AvgLatErr: 0.1968, Steps: 126)
  [Worker 7] episode 513 finished. (AvgLatErr: 0.2032, Steps: 119)
  [Worker 7] episode 514 finished. (AvgLatErr: 0.2850, Steps: 143)
  [Worker 7] episode 515 finished. (AvgLatErr: 0.3386, Steps: 136)
  [Worker 7] episode 516 finished. (AvgLatErr: 0.3160, Steps: 130)
  [Worker 7] episode 517 finished. (AvgLatErr: 0.2545, Steps: 172)
  [Worker 7] episode 518 finished. (AvgLatErr: 0.2410, Steps: 121)
  [Worker 7] episode 519 finished. (AvgLatErr: 0.2841, Steps: 147)
[Worker 7].
Warning: num_agents (8) is greater than the number of available vehicle parameters (4). Cycling vehicle templates.
[Worker 5] TensorFlow device=GPU, mixed_precision=mixed_float16
[Worker 5] Random seed fixed: 600551
[Worker 5] started on GPU.
  [Worker 5] episode 510 finished. (AvgLatErr: 0.0873, Steps: 200)
  [Worker 5] episode 511 finished. (AvgLatErr: 0.0913, Steps: 200)
  [Worker 5] episode 512 finished. (AvgLatErr: 0.0866, Steps: 200)
  [Worker 5] episode 513 finished. (AvgLatErr: 0.1116, Steps: 200)
  [Worker 5] episode 514 finished. (AvgLatErr: 0.0993, Steps: 200)
  [Worker 5] episode 515 finished. (AvgLatErr: 0.1177, Steps: 200)
  [Worker 5] episode 516 finished. (AvgLatErr: 0.0926, Steps: 200)
  [Worker 5] episode 517 finished. (AvgLatErr: 0.1166, Steps: 200)
  [Worker 5] episode 518 finished. (AvgLatErr: 0.2486, Steps: 200)
  [Worker 5] episode 519 finished. (AvgLatErr: 0.4258, Steps: 189)
[Worker 5].
Warning: num_agents (8) is greater than the number of available vehicle parameters (4). Cycling vehicle templates.
[Worker 6] TensorFlow device=GPU, mixed_precision=mixed_float16
[Worker 6] Random seed fixed: 700551
[Worker 6] started on GPU.
  [Worker 6] episode 510 finished. (AvgLatErr: 0.1631, Steps: 200)
  [Worker 6] episode 511 finished. (AvgLatErr: 0.3966, Steps: 200)
  [Worker 6] episode 512 finished. (AvgLatErr: 0.3431, Steps: 200)
  [Worker 6] episode 513 finished. (AvgLatErr: 0.4639, Steps: 200)
  [Worker 6] episode 514 finished. (AvgLatErr: 0.2801, Steps: 200)
  [Worker 6] episode 515 finished. (AvgLatErr: 0.3086, Steps: 200)
  [Worker 6] episode 516 finished. (AvgLatErr: 0.3923, Steps: 200)
  [Worker 6] episode 517 finished. (AvgLatErr: 0.5156, Steps: 200)
  [Worker 6] episode 518 finished. (AvgLatErr: 0.6153, Steps: 200)
  [Worker 6] episode 519 finished. (AvgLatErr: 0.4004, Steps: 200)
[Worker 6].
[Main] workers finished. (elapsed: 110.62s)
[Main] Aggregation-selected agents: [1, 2, 3, 5]
[Main] FedAdagrad update completed.
[Main] Replay buffers reset after global model update.
============================================================================================
519 EP / Agent 0 : Avg Lat Err 0.9155
519 EP / Agent 1 : Avg Lat Err 0.0802
519 EP / Agent 2 : Avg Lat Err 0.2697
519 EP / Agent 3 : Avg Lat Err 0.6312
519 EP / Agent 4 : Avg Lat Err 0.3812
519 EP / Agent 5 : Avg Lat Err 0.4258
519 EP / Agent 6 : Avg Lat Err 0.4004
519 EP / Agent 7 : Avg Lat Err 0.2841
============================================================================================

============================================================================================
[Main] FL round started. (episode 520 ~ 529)
[Main] Client selection: mode=random, budget=4
[Main] Participating agents: [0, 1, 2, 3, 4, 5, 6, 7]
Warning: num_agents (8) is greater than the number of available vehicle parameters (4). Cycling vehicle templates.
[Worker 0] TensorFlow device=GPU, mixed_precision=mixed_float16
[Worker 0] Random seed fixed: 100561
[Worker 0] started on GPU.
  [Worker 0] episode 520 finished. (AvgLatErr: 1.0260, Steps: 128)
  [Worker 0] episode 521 finished. (AvgLatErr: 0.9755, Steps: 124)
  [Worker 0] episode 522 finished. (AvgLatErr: 0.7258, Steps: 140)
  [Worker 0] episode 523 finished. (AvgLatErr: 0.8684, Steps: 143)
  [Worker 0] episode 524 finished. (AvgLatErr: 1.0536, Steps: 136)
  [Worker 0] episode 525 finished. (AvgLatErr: 0.8195, Steps: 130)
  [Worker 0] episode 526 finished. (AvgLatErr: 1.2960, Steps: 132)
  [Worker 0] episode 527 finished. (AvgLatErr: 1.0075, Steps: 142)
  [Worker 0] episode 528 finished. (AvgLatErr: 1.0552, Steps: 145)
  [Worker 0] episode 529 finished. (AvgLatErr: 1.7202, Steps: 140)
[Worker 0].
Warning: num_agents (8) is greater than the number of available vehicle parameters (4). Cycling vehicle templates.
[Worker 1] TensorFlow device=GPU, mixed_precision=mixed_float16
[Worker 1] Random seed fixed: 200561
[Worker 1] started on GPU.
  [Worker 1] episode 520 finished. (AvgLatErr: 0.0755, Steps: 197)
  [Worker 1] episode 521 finished. (AvgLatErr: 0.1230, Steps: 152)
  [Worker 1] episode 522 finished. (AvgLatErr: 0.1247, Steps: 148)
  [Worker 1] episode 523 finished. (AvgLatErr: 0.1498, Steps: 138)
  [Worker 1] episode 524 finished. (AvgLatErr: 0.1407, Steps: 139)
  [Worker 1] episode 525 finished. (AvgLatErr: 0.1144, Steps: 164)
  [Worker 1] episode 526 finished. (AvgLatErr: 0.2201, Steps: 148)
  [Worker 1] episode 527 finished. (AvgLatErr: 0.1798, Steps: 137)
  [Worker 1] episode 528 finished. (AvgLatErr: 0.3059, Steps: 145)
  [Worker 1] episode 529 finished. (AvgLatErr: 0.2293, Steps: 145)
[Worker 1].
Warning: num_agents (8) is greater than the number of available vehicle parameters (4). Cycling vehicle templates.
[Worker 2] TensorFlow device=GPU, mixed_precision=mixed_float16
[Worker 2] Random seed fixed: 300561
[Worker 2] started on GPU.
  [Worker 2] episode 520 finished. (AvgLatErr: 0.2646, Steps: 143)
  [Worker 2] episode 521 finished. (AvgLatErr: 0.3801, Steps: 136)
  [Worker 2] episode 522 finished. (AvgLatErr: 0.5074, Steps: 132)
  [Worker 2] episode 523 finished. (AvgLatErr: 0.3023, Steps: 141)
  [Worker 2] episode 524 finished. (AvgLatErr: 0.3995, Steps: 155)
  [Worker 2] episode 525 finished. (AvgLatErr: 0.3037, Steps: 137)
  [Worker 2] episode 526 finished. (AvgLatErr: 0.3291, Steps: 139)
  [Worker 2] episode 527 finished. (AvgLatErr: 0.4016, Steps: 139)
  [Worker 2] episode 528 finished. (AvgLatErr: 0.1914, Steps: 140)
  [Worker 2] episode 529 finished. (AvgLatErr: 0.3338, Steps: 138)
[Worker 2].
Warning: num_agents (8) is greater than the number of available vehicle parameters (4). Cycling vehicle templates.
[Worker 3] TensorFlow device=GPU, mixed_precision=mixed_float16
[Worker 3] Random seed fixed: 400561
[Worker 3] started on GPU.
  [Worker 3] episode 520 finished. (AvgLatErr: 0.4116, Steps: 200)
  [Worker 3] episode 521 finished. (AvgLatErr: 0.6044, Steps: 173)
  [Worker 3] episode 522 finished. (AvgLatErr: 0.5581, Steps: 172)
  [Worker 3] episode 523 finished. (AvgLatErr: 0.6882, Steps: 174)
  [Worker 3] episode 524 finished. (AvgLatErr: 0.6412, Steps: 175)
  [Worker 3] episode 525 finished. (AvgLatErr: 0.6368, Steps: 174)
  [Worker 3] episode 526 finished. (AvgLatErr: 0.4436, Steps: 176)
  [Worker 3] episode 527 finished. (AvgLatErr: 0.6083, Steps: 178)
  [Worker 3] episode 528 finished. (AvgLatErr: 0.5713, Steps: 168)
  [Worker 3] episode 529 finished. (AvgLatErr: 1.0674, Steps: 181)
[Worker 3].
Warning: num_agents (8) is greater than the number of available vehicle parameters (4). Cycling vehicle templates.
[Worker 4] TensorFlow device=GPU, mixed_precision=mixed_float16
[Worker 4] Random seed fixed: 500561
[Worker 4] started on GPU.
  [Worker 4] episode 520 finished. (AvgLatErr: 0.2646, Steps: 182)
  [Worker 4] episode 521 finished. (AvgLatErr: 0.3496, Steps: 195)
  [Worker 4] episode 522 finished. (AvgLatErr: 0.2824, Steps: 200)
  [Worker 4] episode 523 finished. (AvgLatErr: 0.3360, Steps: 183)
  [Worker 4] episode 524 finished. (AvgLatErr: 0.3219, Steps: 197)
  [Worker 4] episode 525 finished. (AvgLatErr: 0.2459, Steps: 189)
  [Worker 4] episode 526 finished. (AvgLatErr: 0.2301, Steps: 192)
  [Worker 4] episode 527 finished. (AvgLatErr: 0.2623, Steps: 200)
  [Worker 4] episode 528 finished. (AvgLatErr: 0.3380, Steps: 182)
  [Worker 4] episode 529 finished. (AvgLatErr: 0.4225, Steps: 168)
[Worker 4].
Warning: num_agents (8) is greater than the number of available vehicle parameters (4). Cycling vehicle templates.
[Worker 5] TensorFlow device=GPU, mixed_precision=mixed_float16
[Worker 5] Random seed fixed: 600561
[Worker 5] started on GPU.
  [Worker 5] episode 520 finished. (AvgLatErr: 0.1147, Steps: 200)
  [Worker 5] episode 521 finished. (AvgLatErr: 0.2216, Steps: 177)
  [Worker 5] episode 522 finished. (AvgLatErr: 0.1621, Steps: 183)
  [Worker 5] episode 523 finished. (AvgLatErr: 0.1840, Steps: 172)
  [Worker 5] episode 524 finished. (AvgLatErr: 0.2448, Steps: 162)
  [Worker 5] episode 525 finished. (AvgLatErr: 0.2463, Steps: 178)
  [Worker 5] episode 526 finished. (AvgLatErr: 0.1266, Steps: 183)
  [Worker 5] episode 527 finished. (AvgLatErr: 0.2587, Steps: 159)
  [Worker 5] episode 528 finished. (AvgLatErr: 0.2634, Steps: 182)
  [Worker 5] episode 529 finished. (AvgLatErr: 0.1966, Steps: 183)
[Worker 5].
Warning: num_agents (8) is greater than the number of available vehicle parameters (4). Cycling vehicle templates.
[Worker 7] TensorFlow device=GPU, mixed_precision=mixed_float16
[Worker 7] Random seed fixed: 800561
[Worker 7] started on GPU.
  [Worker 7] episode 520 finished. (AvgLatErr: 0.0936, Steps: 200)
  [Worker 7] episode 521 finished. (AvgLatErr: 0.2599, Steps: 156)
  [Worker 7] episode 522 finished. (AvgLatErr: 0.2063, Steps: 148)
  [Worker 7] episode 523 finished. (AvgLatErr: 0.1843, Steps: 147)
  [Worker 7] episode 524 finished. (AvgLatErr: 0.1432, Steps: 159)
  [Worker 7] episode 525 finished. (AvgLatErr: 0.1517, Steps: 146)
  [Worker 7] episode 526 finished. (AvgLatErr: 0.1315, Steps: 180)
  [Worker 7] episode 527 finished. (AvgLatErr: 0.1681, Steps: 159)
  [Worker 7] episode 528 finished. (AvgLatErr: 0.5330, Steps: 157)
  [Worker 7] episode 529 finished. (AvgLatErr: 0.2810, Steps: 151)
[Worker 7].
Warning: num_agents (8) is greater than the number of available vehicle parameters (4). Cycling vehicle templates.
[Worker 6] TensorFlow device=GPU, mixed_precision=mixed_float16
[Worker 6] Random seed fixed: 700561
[Worker 6] started on GPU.
  [Worker 6] episode 520 finished. (AvgLatErr: 0.2916, Steps: 200)
  [Worker 6] episode 521 finished. (AvgLatErr: 0.2629, Steps: 200)
  [Worker 6] episode 522 finished. (AvgLatErr: 0.4472, Steps: 200)
  [Worker 6] episode 523 finished. (AvgLatErr: 0.3429, Steps: 200)
  [Worker 6] episode 524 finished. (AvgLatErr: 0.3194, Steps: 200)
  [Worker 6] episode 525 finished. (AvgLatErr: 0.1747, Steps: 200)
  [Worker 6] episode 526 finished. (AvgLatErr: 0.3044, Steps: 200)
  [Worker 6] episode 527 finished. (AvgLatErr: 0.3238, Steps: 200)
  [Worker 6] episode 528 finished. (AvgLatErr: 0.3499, Steps: 200)
  [Worker 6] episode 529 finished. (AvgLatErr: 0.2694, Steps: 200)
[Worker 6].
[Main] workers finished. (elapsed: 109.81s)
[Main] Aggregation-selected agents: [0, 3, 4, 5]
[Main] FedAdagrad update completed.
[Main] Replay buffers reset after global model update.
============================================================================================
529 EP / Agent 0 : Avg Lat Err 1.7202
529 EP / Agent 1 : Avg Lat Err 0.2293
529 EP / Agent 2 : Avg Lat Err 0.3338
529 EP / Agent 3 : Avg Lat Err 1.0674
529 EP / Agent 4 : Avg Lat Err 0.4225
529 EP / Agent 5 : Avg Lat Err 0.1966
529 EP / Agent 6 : Avg Lat Err 0.2694
529 EP / Agent 7 : Avg Lat Err 0.2810
============================================================================================

============================================================================================
[Main] FL round started. (episode 530 ~ 539)
[Main] Client selection: mode=random, budget=4
[Main] Participating agents: [0, 1, 2, 3, 4, 5, 6, 7]
Warning: num_agents (8) is greater than the number of available vehicle parameters (4). Cycling vehicle templates.
[Worker 0] TensorFlow device=GPU, mixed_precision=mixed_float16
[Worker 0] Random seed fixed: 100571
[Worker 0] started on GPU.
  [Worker 0] episode 530 finished. (AvgLatErr: 0.6115, Steps: 142)
  [Worker 0] episode 531 finished. (AvgLatErr: 0.8068, Steps: 145)
  [Worker 0] episode 532 finished. (AvgLatErr: 0.6205, Steps: 131)
  [Worker 0] episode 533 finished. (AvgLatErr: 0.4744, Steps: 143)
  [Worker 0] episode 534 finished. (AvgLatErr: 0.4016, Steps: 151)
  [Worker 0] episode 535 finished. (AvgLatErr: 0.5954, Steps: 126)
  [Worker 0] episode 536 finished. (AvgLatErr: 0.8307, Steps: 140)
  [Worker 0] episode 537 finished. (AvgLatErr: 0.4813, Steps: 143)
  [Worker 0] episode 538 finished. (AvgLatErr: 0.6423, Steps: 148)
  [Worker 0] episode 539 finished. (AvgLatErr: 0.3732, Steps: 148)
[Worker 0].
Warning: num_agents (8) is greater than the number of available vehicle parameters (4). Cycling vehicle templates.
[Worker 1] TensorFlow device=GPU, mixed_precision=mixed_float16
[Worker 1] Random seed fixed: 200571
[Worker 1] started on GPU.
  [Worker 1] episode 530 finished. (AvgLatErr: 0.1160, Steps: 129)
  [Worker 1] episode 531 finished. (AvgLatErr: 0.1163, Steps: 150)
  [Worker 1] episode 532 finished. (AvgLatErr: 0.1210, Steps: 146)
  [Worker 1] episode 533 finished. (AvgLatErr: 0.1358, Steps: 146)
  [Worker 1] episode 534 finished. (AvgLatErr: 0.1524, Steps: 146)
  [Worker 1] episode 535 finished. (AvgLatErr: 0.1936, Steps: 117)
  [Worker 1] episode 536 finished. (AvgLatErr: 0.1430, Steps: 130)
  [Worker 1] episode 537 finished. (AvgLatErr: 0.1922, Steps: 138)
  [Worker 1] episode 538 finished. (AvgLatErr: 0.1167, Steps: 154)
  [Worker 1] episode 539 finished. (AvgLatErr: 0.1627, Steps: 123)
[Worker 1].
Warning: num_agents (8) is greater than the number of available vehicle parameters (4). Cycling vehicle templates.
[Worker 2] TensorFlow device=GPU, mixed_precision=mixed_float16
[Worker 2] Random seed fixed: 300571
[Worker 2] started on GPU.
  [Worker 2] episode 530 finished. (AvgLatErr: 0.3180, Steps: 144)
  [Worker 2] episode 531 finished. (AvgLatErr: 0.4312, Steps: 137)
  [Worker 2] episode 532 finished. (AvgLatErr: 0.3797, Steps: 142)
  [Worker 2] episode 533 finished. (AvgLatErr: 0.5220, Steps: 133)
  [Worker 2] episode 534 finished. (AvgLatErr: 0.3465, Steps: 139)
  [Worker 2] episode 535 finished. (AvgLatErr: 0.3433, Steps: 127)
  [Worker 2] episode 536 finished. (AvgLatErr: 0.2906, Steps: 130)
  [Worker 2] episode 537 finished. (AvgLatErr: 0.2986, Steps: 164)
  [Worker 2] episode 538 finished. (AvgLatErr: 0.3829, Steps: 134)
  [Worker 2] episode 539 finished. (AvgLatErr: 0.2925, Steps: 131)
[Worker 2].
Warning: num_agents (8) is greater than the number of available vehicle parameters (4). Cycling vehicle templates.
[Worker 3] TensorFlow device=GPU, mixed_precision=mixed_float16
[Worker 3] Random seed fixed: 400571
[Worker 3] started on GPU.
  [Worker 3] episode 530 finished. (AvgLatErr: 0.2694, Steps: 197)
  [Worker 3] episode 531 finished. (AvgLatErr: 0.6717, Steps: 185)
  [Worker 3] episode 532 finished. (AvgLatErr: 0.4866, Steps: 180)
  [Worker 3] episode 533 finished. (AvgLatErr: 0.4551, Steps: 190)
  [Worker 3] episode 534 finished. (AvgLatErr: 0.5877, Steps: 178)
  [Worker 3] episode 535 finished. (AvgLatErr: 0.6072, Steps: 179)
  [Worker 3] episode 536 finished. (AvgLatErr: 0.6027, Steps: 185)
  [Worker 3] episode 537 finished. (AvgLatErr: 0.4363, Steps: 184)
  [Worker 3] episode 538 finished. (AvgLatErr: 0.4579, Steps: 192)
  [Worker 3] episode 539 finished. (AvgLatErr: 0.4886, Steps: 184)
[Worker 3].
Warning: num_agents (8) is greater than the number of available vehicle parameters (4). Cycling vehicle templates.
[Worker 4] TensorFlow device=GPU, mixed_precision=mixed_float16
[Worker 4] Random seed fixed: 500571
[Worker 4] started on GPU.
  [Worker 4] episode 530 finished. (AvgLatErr: 0.4282, Steps: 194)
  [Worker 4] episode 531 finished. (AvgLatErr: 0.2710, Steps: 185)
  [Worker 4] episode 532 finished. (AvgLatErr: 0.2632, Steps: 197)
  [Worker 4] episode 533 finished. (AvgLatErr: 0.3025, Steps: 184)
  [Worker 4] episode 534 finished. (AvgLatErr: 0.3049, Steps: 186)
  [Worker 4] episode 535 finished. (AvgLatErr: 0.5082, Steps: 186)
  [Worker 4] episode 536 finished. (AvgLatErr: 0.2603, Steps: 185)
  [Worker 4] episode 537 finished. (AvgLatErr: 0.3638, Steps: 172)
  [Worker 4] episode 538 finished. (AvgLatErr: 0.3403, Steps: 170)
  [Worker 4] episode 539 finished. (AvgLatErr: 0.2770, Steps: 178)
[Worker 4].
Warning: num_agents (8) is greater than the number of available vehicle parameters (4). Cycling vehicle templates.
[Worker 7] TensorFlow device=GPU, mixed_precision=mixed_float16
[Worker 7] Random seed fixed: 800571
[Worker 7] started on GPU.
  [Worker 7] episode 530 finished. (AvgLatErr: 0.2295, Steps: 199)
  [Worker 7] episode 531 finished. (AvgLatErr: 0.1434, Steps: 147)
  [Worker 7] episode 532 finished. (AvgLatErr: 0.1904, Steps: 144)
  [Worker 7] episode 533 finished. (AvgLatErr: 0.2915, Steps: 157)
  [Worker 7] episode 534 finished. (AvgLatErr: 0.1340, Steps: 154)
  [Worker 7] episode 535 finished. (AvgLatErr: 0.1093, Steps: 187)
  [Worker 7] episode 536 finished. (AvgLatErr: 0.1660, Steps: 150)
  [Worker 7] episode 537 finished. (AvgLatErr: 0.2752, Steps: 138)
  [Worker 7] episode 538 finished. (AvgLatErr: 0.2199, Steps: 132)
  [Worker 7] episode 539 finished. (AvgLatErr: 0.2703, Steps: 129)
[Worker 7].
Warning: num_agents (8) is greater than the number of available vehicle parameters (4). Cycling vehicle templates.
[Worker 5] TensorFlow device=GPU, mixed_precision=mixed_float16
[Worker 5] Random seed fixed: 600571
[Worker 5] started on GPU.
  [Worker 5] episode 530 finished. (AvgLatErr: 0.1862, Steps: 200)
  [Worker 5] episode 531 finished. (AvgLatErr: 0.1413, Steps: 200)
  [Worker 5] episode 532 finished. (AvgLatErr: 0.1854, Steps: 171)
  [Worker 5] episode 533 finished. (AvgLatErr: 0.1683, Steps: 167)
  [Worker 5] episode 534 finished. (AvgLatErr: 0.1425, Steps: 181)
  [Worker 5] episode 535 finished. (AvgLatErr: 0.1904, Steps: 193)
  [Worker 5] episode 536 finished. (AvgLatErr: 0.0972, Steps: 200)
  [Worker 5] episode 537 finished. (AvgLatErr: 0.0965, Steps: 200)
  [Worker 5] episode 538 finished. (AvgLatErr: 0.2144, Steps: 197)
  [Worker 5] episode 539 finished. (AvgLatErr: 0.0833, Steps: 200)
[Worker 5].
Warning: num_agents (8) is greater than the number of available vehicle parameters (4). Cycling vehicle templates.
[Worker 6] TensorFlow device=GPU, mixed_precision=mixed_float16
[Worker 6] Random seed fixed: 700571
[Worker 6] started on GPU.
  [Worker 6] episode 530 finished. (AvgLatErr: 0.4180, Steps: 200)
  [Worker 6] episode 531 finished. (AvgLatErr: 0.3100, Steps: 200)
  [Worker 6] episode 532 finished. (AvgLatErr: 0.4973, Steps: 200)
  [Worker 6] episode 533 finished. (AvgLatErr: 0.4704, Steps: 200)
  [Worker 6] episode 534 finished. (AvgLatErr: 0.5489, Steps: 200)
  [Worker 6] episode 535 finished. (AvgLatErr: 0.7952, Steps: 200)
  [Worker 6] episode 536 finished. (AvgLatErr: 0.3313, Steps: 200)
  [Worker 6] episode 537 finished. (AvgLatErr: 0.4742, Steps: 200)
  [Worker 6] episode 538 finished. (AvgLatErr: 0.5436, Steps: 198)
  [Worker 6] episode 539 finished. (AvgLatErr: 0.4419, Steps: 200)
[Worker 6].
[Main] workers finished. (elapsed: 107.73s)
[Main] Aggregation-selected agents: [2, 3, 5, 7]
[Main] FedAdagrad update completed.
[Main] Replay buffers reset after global model update.
============================================================================================
539 EP / Agent 0 : Avg Lat Err 0.3732
539 EP / Agent 1 : Avg Lat Err 0.1627
539 EP / Agent 2 : Avg Lat Err 0.2925
539 EP / Agent 3 : Avg Lat Err 0.4886
539 EP / Agent 4 : Avg Lat Err 0.2770
539 EP / Agent 5 : Avg Lat Err 0.0833
539 EP / Agent 6 : Avg Lat Err 0.4419
539 EP / Agent 7 : Avg Lat Err 0.2703
============================================================================================

============================================================================================
[Main] FL round started. (episode 540 ~ 549)
[Main] Client selection: mode=random, budget=4
[Main] Participating agents: [0, 1, 2, 3, 4, 5, 6, 7]
Warning: num_agents (8) is greater than the number of available vehicle parameters (4). Cycling vehicle templates.
[Worker 0] TensorFlow device=GPU, mixed_precision=mixed_float16
[Worker 0] Random seed fixed: 100581
[Worker 0] started on GPU.
  [Worker 0] episode 540 finished. (AvgLatErr: 0.7578, Steps: 129)
  [Worker 0] episode 541 finished. (AvgLatErr: 0.6193, Steps: 148)
  [Worker 0] episode 542 finished. (AvgLatErr: 1.1658, Steps: 144)
  [Worker 0] episode 543 finished. (AvgLatErr: 0.6289, Steps: 137)
  [Worker 0] episode 544 finished. (AvgLatErr: 1.1772, Steps: 138)
  [Worker 0] episode 545 finished. (AvgLatErr: 1.3775, Steps: 142)
  [Worker 0] episode 546 finished. (AvgLatErr: 0.7458, Steps: 137)
  [Worker 0] episode 547 finished. (AvgLatErr: 0.7683, Steps: 130)
  [Worker 0] episode 548 finished. (AvgLatErr: 1.0657, Steps: 142)
  [Worker 0] episode 549 finished. (AvgLatErr: 1.1927, Steps: 136)
[Worker 0].
Warning: num_agents (8) is greater than the number of available vehicle parameters (4). Cycling vehicle templates.
[Worker 2] TensorFlow device=GPU, mixed_precision=mixed_float16
[Worker 2] Random seed fixed: 300581
[Worker 2] started on GPU.
  [Worker 2] episode 540 finished. (AvgLatErr: 0.3492, Steps: 137)
  [Worker 2] episode 541 finished. (AvgLatErr: 0.3730, Steps: 145)
  [Worker 2] episode 542 finished. (AvgLatErr: 1.3195, Steps: 133)
  [Worker 2] episode 543 finished. (AvgLatErr: 0.2636, Steps: 133)
  [Worker 2] episode 544 finished. (AvgLatErr: 0.5112, Steps: 117)
  [Worker 2] episode 545 finished. (AvgLatErr: 0.4469, Steps: 134)
  [Worker 2] episode 546 finished. (AvgLatErr: 0.3538, Steps: 136)
  [Worker 2] episode 547 finished. (AvgLatErr: 0.4719, Steps: 135)
  [Worker 2] episode 548 finished. (AvgLatErr: 0.4259, Steps: 136)
  [Worker 2] episode 549 finished. (AvgLatErr: 0.4857, Steps: 128)
[Worker 2].
Warning: num_agents (8) is greater than the number of available vehicle parameters (4). Cycling vehicle templates.
[Worker 1] TensorFlow device=GPU, mixed_precision=mixed_float16
[Worker 1] Random seed fixed: 200581
[Worker 1] started on GPU.
  [Worker 1] episode 540 finished. (AvgLatErr: 0.1835, Steps: 140)
  [Worker 1] episode 541 finished. (AvgLatErr: 0.1653, Steps: 120)
  [Worker 1] episode 542 finished. (AvgLatErr: 0.1094, Steps: 151)
  [Worker 1] episode 543 finished. (AvgLatErr: 0.2269, Steps: 122)
  [Worker 1] episode 544 finished. (AvgLatErr: 0.2859, Steps: 159)
  [Worker 1] episode 545 finished. (AvgLatErr: 0.1093, Steps: 200)
  [Worker 1] episode 546 finished. (AvgLatErr: 0.3394, Steps: 146)
  [Worker 1] episode 547 finished. (AvgLatErr: 0.2154, Steps: 132)
  [Worker 1] episode 548 finished. (AvgLatErr: 0.1563, Steps: 146)
  [Worker 1] episode 549 finished. (AvgLatErr: 0.1550, Steps: 132)
[Worker 1].
Warning: num_agents (8) is greater than the number of available vehicle parameters (4). Cycling vehicle templates.
[Worker 3] TensorFlow device=GPU, mixed_precision=mixed_float16
[Worker 3] Random seed fixed: 400581
[Worker 3] started on GPU.
  [Worker 3] episode 540 finished. (AvgLatErr: 0.5210, Steps: 191)
  [Worker 3] episode 541 finished. (AvgLatErr: 0.4075, Steps: 168)
  [Worker 3] episode 542 finished. (AvgLatErr: 0.3481, Steps: 175)
  [Worker 3] episode 543 finished. (AvgLatErr: 0.4636, Steps: 180)
  [Worker 3] episode 544 finished. (AvgLatErr: 0.5478, Steps: 174)
  [Worker 3] episode 545 finished. (AvgLatErr: 0.5098, Steps: 179)
  [Worker 3] episode 546 finished. (AvgLatErr: 0.2639, Steps: 182)
  [Worker 3] episode 547 finished. (AvgLatErr: 0.3124, Steps: 181)
  [Worker 3] episode 548 finished. (AvgLatErr: 0.4839, Steps: 172)
  [Worker 3] episode 549 finished. (AvgLatErr: 0.4254, Steps: 182)
[Worker 3].
Warning: num_agents (8) is greater than the number of available vehicle parameters (4). Cycling vehicle templates.
[Worker 4] TensorFlow device=GPU, mixed_precision=mixed_float16
[Worker 4] Random seed fixed: 500581
[Worker 4] started on GPU.
  [Worker 4] episode 540 finished. (AvgLatErr: 0.4477, Steps: 175)
  [Worker 4] episode 541 finished. (AvgLatErr: 0.3626, Steps: 172)
  [Worker 4] episode 542 finished. (AvgLatErr: 0.4220, Steps: 172)
  [Worker 4] episode 543 finished. (AvgLatErr: 0.3632, Steps: 174)
  [Worker 4] episode 544 finished. (AvgLatErr: 0.3374, Steps: 180)
  [Worker 4] episode 545 finished. (AvgLatErr: 0.3988, Steps: 168)
  [Worker 4] episode 546 finished. (AvgLatErr: 0.3846, Steps: 176)
  [Worker 4] episode 547 finished. (AvgLatErr: 0.3810, Steps: 184)
  [Worker 4] episode 548 finished. (AvgLatErr: 0.1835, Steps: 184)
  [Worker 4] episode 549 finished. (AvgLatErr: 0.2699, Steps: 190)
[Worker 4].
Warning: num_agents (8) is greater than the number of available vehicle parameters (4). Cycling vehicle templates.
[Worker 7] TensorFlow device=GPU, mixed_precision=mixed_float16
[Worker 7] Random seed fixed: 800581
[Worker 7] started on GPU.
  [Worker 7] episode 540 finished. (AvgLatErr: 0.1470, Steps: 140)
  [Worker 7] episode 541 finished. (AvgLatErr: 0.1247, Steps: 166)
  [Worker 7] episode 542 finished. (AvgLatErr: 0.1796, Steps: 143)
  [Worker 7] episode 543 finished. (AvgLatErr: 0.1212, Steps: 153)
  [Worker 7] episode 544 finished. (AvgLatErr: 0.1699, Steps: 158)
  [Worker 7] episode 545 finished. (AvgLatErr: 0.2076, Steps: 162)
  [Worker 7] episode 546 finished. (AvgLatErr: 0.1046, Steps: 169)
  [Worker 7] episode 547 finished. (AvgLatErr: 0.1402, Steps: 166)
  [Worker 7] episode 548 finished. (AvgLatErr: 0.2145, Steps: 146)
  [Worker 7] episode 549 finished. (AvgLatErr: 0.1862, Steps: 162)
[Worker 7].
Warning: num_agents (8) is greater than the number of available vehicle parameters (4). Cycling vehicle templates.
[Worker 5] TensorFlow device=GPU, mixed_precision=mixed_float16
[Worker 5] Random seed fixed: 600581
[Worker 5] started on GPU.
  [Worker 5] episode 540 finished. (AvgLatErr: 0.3784, Steps: 175)
  [Worker 5] episode 541 finished. (AvgLatErr: 0.1251, Steps: 200)
  [Worker 5] episode 542 finished. (AvgLatErr: 0.3134, Steps: 171)
  [Worker 5] episode 543 finished. (AvgLatErr: 0.2284, Steps: 163)
  [Worker 5] episode 544 finished. (AvgLatErr: 0.1902, Steps: 178)
  [Worker 5] episode 545 finished. (AvgLatErr: 0.1273, Steps: 180)
  [Worker 5] episode 546 finished. (AvgLatErr: 0.1192, Steps: 195)
  [Worker 5] episode 547 finished. (AvgLatErr: 0.2413, Steps: 167)
  [Worker 5] episode 548 finished. (AvgLatErr: 0.1829, Steps: 188)
  [Worker 5] episode 549 finished. (AvgLatErr: 0.2079, Steps: 192)
[Worker 5].
Warning: num_agents (8) is greater than the number of available vehicle parameters (4). Cycling vehicle templates.
[Worker 6] TensorFlow device=GPU, mixed_precision=mixed_float16
[Worker 6] Random seed fixed: 700581
[Worker 6] started on GPU.
  [Worker 6] episode 540 finished. (AvgLatErr: 0.3125, Steps: 200)
  [Worker 6] episode 541 finished. (AvgLatErr: 0.4415, Steps: 200)
  [Worker 6] episode 542 finished. (AvgLatErr: 0.3361, Steps: 200)
  [Worker 6] episode 543 finished. (AvgLatErr: 0.4228, Steps: 200)
  [Worker 6] episode 544 finished. (AvgLatErr: 0.3487, Steps: 200)
  [Worker 6] episode 545 finished. (AvgLatErr: 0.5774, Steps: 200)
  [Worker 6] episode 546 finished. (AvgLatErr: 0.4665, Steps: 200)
  [Worker 6] episode 547 finished. (AvgLatErr: 0.3293, Steps: 200)
  [Worker 6] episode 548 finished. (AvgLatErr: 0.2878, Steps: 200)
  [Worker 6] episode 549 finished. (AvgLatErr: 0.3813, Steps: 200)
[Worker 6].
[Main] workers finished. (elapsed: 105.36s)
[Main] Aggregation-selected agents: [0, 1, 3, 5]
[Main] FedAdagrad update completed.
[Main] Replay buffers reset after global model update.
============================================================================================
549 EP / Agent 0 : Avg Lat Err 1.1927
549 EP / Agent 1 : Avg Lat Err 0.1550
549 EP / Agent 2 : Avg Lat Err 0.4857
549 EP / Agent 3 : Avg Lat Err 0.4254
549 EP / Agent 4 : Avg Lat Err 0.2699
549 EP / Agent 5 : Avg Lat Err 0.2079
549 EP / Agent 6 : Avg Lat Err 0.3813
549 EP / Agent 7 : Avg Lat Err 0.1862
============================================================================================
[Main] Model checkpoint saved: C:\Users\syd79\FRL-Q\experiments\fast_parallel_fedadagrad_8random4_20260916_run1_random_4of8\checkpoints\global_model_episode_000550.weights.h5

============================================================================================
[Main] FL round started. (episode 550 ~ 559)
[Main] Client selection: mode=random, budget=4
[Main] Participating agents: [0, 1, 2, 3, 4, 5, 6, 7]
Warning: num_agents (8) is greater than the number of available vehicle parameters (4). Cycling vehicle templates.
[Worker 0] TensorFlow device=GPU, mixed_precision=mixed_float16
[Worker 0] Random seed fixed: 100591
[Worker 0] started on GPU.
  [Worker 0] episode 550 finished. (AvgLatErr: 0.6763, Steps: 119)
  [Worker 0] episode 551 finished. (AvgLatErr: 0.9915, Steps: 139)
  [Worker 0] episode 552 finished. (AvgLatErr: 1.4398, Steps: 143)
  [Worker 0] episode 553 finished. (AvgLatErr: 1.6373, Steps: 130)
  [Worker 0] episode 554 finished. (AvgLatErr: 1.3289, Steps: 131)
  [Worker 0] episode 555 finished. (AvgLatErr: 1.0924, Steps: 129)
  [Worker 0] episode 556 finished. (AvgLatErr: 1.0493, Steps: 126)
  [Worker 0] episode 557 finished. (AvgLatErr: 1.9201, Steps: 106)
  [Worker 0] episode 558 finished. (AvgLatErr: 0.6213, Steps: 135)
  [Worker 0] episode 559 finished. (AvgLatErr: 0.9213, Steps: 137)
[Worker 0].
Warning: num_agents (8) is greater than the number of available vehicle parameters (4). Cycling vehicle templates.
[Worker 1] TensorFlow device=GPU, mixed_precision=mixed_float16
[Worker 1] Random seed fixed: 200591
[Worker 1] started on GPU.
  [Worker 1] episode 550 finished. (AvgLatErr: 0.1461, Steps: 138)
  [Worker 1] episode 551 finished. (AvgLatErr: 0.1388, Steps: 159)
  [Worker 1] episode 552 finished. (AvgLatErr: 0.1830, Steps: 128)
  [Worker 1] episode 553 finished. (AvgLatErr: 0.0942, Steps: 151)
  [Worker 1] episode 554 finished. (AvgLatErr: 0.1194, Steps: 147)
  [Worker 1] episode 555 finished. (AvgLatErr: 0.3204, Steps: 129)
  [Worker 1] episode 556 finished. (AvgLatErr: 0.2099, Steps: 140)
  [Worker 1] episode 557 finished. (AvgLatErr: 0.1644, Steps: 132)
  [Worker 1] episode 558 finished. (AvgLatErr: 0.1438, Steps: 126)
  [Worker 1] episode 559 finished. (AvgLatErr: 0.3413, Steps: 135)
[Worker 1].
Warning: num_agents (8) is greater than the number of available vehicle parameters (4). Cycling vehicle templates.
[Worker 2] TensorFlow device=GPU, mixed_precision=mixed_float16
[Worker 2] Random seed fixed: 300591
[Worker 2] started on GPU.
  [Worker 2] episode 550 finished. (AvgLatErr: 0.2469, Steps: 128)
  [Worker 2] episode 551 finished. (AvgLatErr: 0.2373, Steps: 138)
  [Worker 2] episode 552 finished. (AvgLatErr: 0.3932, Steps: 145)
  [Worker 2] episode 553 finished. (AvgLatErr: 0.2764, Steps: 127)
  [Worker 2] episode 554 finished. (AvgLatErr: 1.2283, Steps: 142)
  [Worker 2] episode 555 finished. (AvgLatErr: 0.5246, Steps: 112)
  [Worker 2] episode 556 finished. (AvgLatErr: 0.5871, Steps: 144)
  [Worker 2] episode 557 finished. (AvgLatErr: 0.3535, Steps: 122)
  [Worker 2] episode 558 finished. (AvgLatErr: 0.8751, Steps: 138)
  [Worker 2] episode 559 finished. (AvgLatErr: 0.2228, Steps: 143)
[Worker 2].
Warning: num_agents (8) is greater than the number of available vehicle parameters (4). Cycling vehicle templates.
[Worker 3] TensorFlow device=GPU, mixed_precision=mixed_float16
[Worker 3] Random seed fixed: 400591
[Worker 3] started on GPU.
  [Worker 3] episode 550 finished. (AvgLatErr: 0.3767, Steps: 182)
  [Worker 3] episode 551 finished. (AvgLatErr: 0.4166, Steps: 185)
  [Worker 3] episode 552 finished. (AvgLatErr: 0.4320, Steps: 183)
  [Worker 3] episode 553 finished. (AvgLatErr: 0.5762, Steps: 180)
  [Worker 3] episode 554 finished. (AvgLatErr: 0.5550, Steps: 174)
  [Worker 3] episode 555 finished. (AvgLatErr: 0.3488, Steps: 177)
  [Worker 3] episode 556 finished. (AvgLatErr: 0.3321, Steps: 200)
  [Worker 3] episode 557 finished. (AvgLatErr: 0.2549, Steps: 184)
  [Worker 3] episode 558 finished. (AvgLatErr: 0.4949, Steps: 182)
  [Worker 3] episode 559 finished. (AvgLatErr: 0.3748, Steps: 181)
[Worker 3].
Warning: num_agents (8) is greater than the number of available vehicle parameters (4). Cycling vehicle templates.
[Worker 4] TensorFlow device=GPU, mixed_precision=mixed_float16
[Worker 4] Random seed fixed: 500591
[Worker 4] started on GPU.
  [Worker 4] episode 550 finished. (AvgLatErr: 0.4101, Steps: 180)
  [Worker 4] episode 551 finished. (AvgLatErr: 0.2379, Steps: 200)
  [Worker 4] episode 552 finished. (AvgLatErr: 0.2295, Steps: 191)
  [Worker 4] episode 553 finished. (AvgLatErr: 0.3388, Steps: 163)
  [Worker 4] episode 554 finished. (AvgLatErr: 0.2757, Steps: 181)
  [Worker 4] episode 555 finished. (AvgLatErr: 0.2615, Steps: 177)
  [Worker 4] episode 556 finished. (AvgLatErr: 0.3507, Steps: 166)
  [Worker 4] episode 557 finished. (AvgLatErr: 0.2765, Steps: 181)
  [Worker 4] episode 558 finished. (AvgLatErr: 0.2495, Steps: 161)
  [Worker 4] episode 559 finished. (AvgLatErr: 0.3777, Steps: 189)
[Worker 4].
Warning: num_agents (8) is greater than the number of available vehicle parameters (4). Cycling vehicle templates.
[Worker 7] TensorFlow device=GPU, mixed_precision=mixed_float16
[Worker 7] Random seed fixed: 800591
[Worker 7] started on GPU.
  [Worker 7] episode 550 finished. (AvgLatErr: 0.2156, Steps: 140)
  [Worker 7] episode 551 finished. (AvgLatErr: 0.2349, Steps: 140)
  [Worker 7] episode 552 finished. (AvgLatErr: 0.3098, Steps: 156)
  [Worker 7] episode 553 finished. (AvgLatErr: 0.1642, Steps: 143)
  [Worker 7] episode 554 finished. (AvgLatErr: 0.1686, Steps: 129)
  [Worker 7] episode 555 finished. (AvgLatErr: 0.1089, Steps: 180)
  [Worker 7] episode 556 finished. (AvgLatErr: 0.1952, Steps: 169)
  [Worker 7] episode 557 finished. (AvgLatErr: 0.1315, Steps: 165)
  [Worker 7] episode 558 finished. (AvgLatErr: 0.1259, Steps: 170)
  [Worker 7] episode 559 finished. (AvgLatErr: 0.1517, Steps: 149)
[Worker 7].
Warning: num_agents (8) is greater than the number of available vehicle parameters (4). Cycling vehicle templates.
[Worker 5] TensorFlow device=GPU, mixed_precision=mixed_float16
[Worker 5] Random seed fixed: 600591
[Worker 5] started on GPU.
  [Worker 5] episode 550 finished. (AvgLatErr: 0.1982, Steps: 163)
  [Worker 5] episode 551 finished. (AvgLatErr: 0.1050, Steps: 200)
  [Worker 5] episode 552 finished. (AvgLatErr: 0.1498, Steps: 200)
  [Worker 5] episode 553 finished. (AvgLatErr: 0.1364, Steps: 176)
  [Worker 5] episode 554 finished. (AvgLatErr: 0.1149, Steps: 193)
  [Worker 5] episode 555 finished. (AvgLatErr: 0.1318, Steps: 178)
  [Worker 5] episode 556 finished. (AvgLatErr: 0.1800, Steps: 195)
  [Worker 5] episode 557 finished. (AvgLatErr: 0.2663, Steps: 170)
  [Worker 5] episode 558 finished. (AvgLatErr: 0.1991, Steps: 179)
  [Worker 5] episode 559 finished. (AvgLatErr: 0.1764, Steps: 196)
[Worker 5].
Warning: num_agents (8) is greater than the number of available vehicle parameters (4). Cycling vehicle templates.
[Worker 6] TensorFlow device=GPU, mixed_precision=mixed_float16
[Worker 6] Random seed fixed: 700591
[Worker 6] started on GPU.
  [Worker 6] episode 550 finished. (AvgLatErr: 0.3050, Steps: 200)
  [Worker 6] episode 551 finished. (AvgLatErr: 0.2858, Steps: 200)
  [Worker 6] episode 552 finished. (AvgLatErr: 0.4418, Steps: 200)
  [Worker 6] episode 553 finished. (AvgLatErr: 0.6173, Steps: 200)
  [Worker 6] episode 554 finished. (AvgLatErr: 0.4488, Steps: 200)
  [Worker 6] episode 555 finished. (AvgLatErr: 0.5701, Steps: 199)
  [Worker 6] episode 556 finished. (AvgLatErr: 0.4145, Steps: 200)
  [Worker 6] episode 557 finished. (AvgLatErr: 0.4184, Steps: 199)
  [Worker 6] episode 558 finished. (AvgLatErr: 0.2783, Steps: 200)
  [Worker 6] episode 559 finished. (AvgLatErr: 0.3550, Steps: 200)
[Worker 6].
[Main] workers finished. (elapsed: 86.53s)
[Main] Aggregation-selected agents: [0, 2, 4, 5]
[Main] FedAdagrad update completed.
[Main] Replay buffers reset after global model update.
============================================================================================
559 EP / Agent 0 : Avg Lat Err 0.9213
559 EP / Agent 1 : Avg Lat Err 0.3413
559 EP / Agent 2 : Avg Lat Err 0.2228
559 EP / Agent 3 : Avg Lat Err 0.3748
559 EP / Agent 4 : Avg Lat Err 0.3777
559 EP / Agent 5 : Avg Lat Err 0.1764
559 EP / Agent 6 : Avg Lat Err 0.3550
559 EP / Agent 7 : Avg Lat Err 0.1517
============================================================================================

============================================================================================
[Main] FL round started. (episode 560 ~ 569)
[Main] Client selection: mode=random, budget=4
[Main] Participating agents: [0, 1, 2, 3, 4, 5, 6, 7]
Warning: num_agents (8) is greater than the number of available vehicle parameters (4). Cycling vehicle templates.
[Worker 0] TensorFlow device=GPU, mixed_precision=mixed_float16
[Worker 0] Random seed fixed: 100601
[Worker 0] started on GPU.
  [Worker 0] episode 560 finished. (AvgLatErr: 0.4811, Steps: 135)
  [Worker 0] episode 561 finished. (AvgLatErr: 0.6842, Steps: 133)
  [Worker 0] episode 562 finished. (AvgLatErr: 0.6829, Steps: 131)
  [Worker 0] episode 563 finished. (AvgLatErr: 0.8899, Steps: 140)
  [Worker 0] episode 564 finished. (AvgLatErr: 1.0854, Steps: 133)
  [Worker 0] episode 565 finished. (AvgLatErr: 0.7177, Steps: 138)
  [Worker 0] episode 566 finished. (AvgLatErr: 1.2485, Steps: 140)
  [Worker 0] episode 567 finished. (AvgLatErr: 0.6868, Steps: 129)
  [Worker 0] episode 568 finished. (AvgLatErr: 0.5193, Steps: 149)
  [Worker 0] episode 569 finished. (AvgLatErr: 0.5498, Steps: 127)
[Worker 0].
Warning: num_agents (8) is greater than the number of available vehicle parameters (4). Cycling vehicle templates.
[Worker 2] TensorFlow device=GPU, mixed_precision=mixed_float16
[Worker 2] Random seed fixed: 300601
[Worker 2] started on GPU.
  [Worker 2] episode 560 finished. (AvgLatErr: 0.2689, Steps: 133)
  [Worker 2] episode 561 finished. (AvgLatErr: 0.1817, Steps: 139)
  [Worker 2] episode 562 finished. (AvgLatErr: 0.2465, Steps: 144)
  [Worker 2] episode 563 finished. (AvgLatErr: 0.3994, Steps: 153)
  [Worker 2] episode 564 finished. (AvgLatErr: 0.2142, Steps: 151)
  [Worker 2] episode 565 finished. (AvgLatErr: 0.2570, Steps: 139)
  [Worker 2] episode 566 finished. (AvgLatErr: 0.3029, Steps: 121)
  [Worker 2] episode 567 finished. (AvgLatErr: 0.2428, Steps: 149)
  [Worker 2] episode 568 finished. (AvgLatErr: 0.5590, Steps: 126)
  [Worker 2] episode 569 finished. (AvgLatErr: 0.3571, Steps: 125)
[Worker 2].
Warning: num_agents (8) is greater than the number of available vehicle parameters (4). Cycling vehicle templates.
[Worker 1] TensorFlow device=GPU, mixed_precision=mixed_float16
[Worker 1] Random seed fixed: 200601
[Worker 1] started on GPU.
  [Worker 1] episode 560 finished. (AvgLatErr: 0.1567, Steps: 144)
  [Worker 1] episode 561 finished. (AvgLatErr: 2.3371, Steps: 200)
  [Worker 1] episode 562 finished. (AvgLatErr: 0.1552, Steps: 163)
  [Worker 1] episode 563 finished. (AvgLatErr: 0.1614, Steps: 150)
  [Worker 1] episode 564 finished. (AvgLatErr: 0.1724, Steps: 160)
  [Worker 1] episode 565 finished. (AvgLatErr: 0.1597, Steps: 151)
  [Worker 1] episode 566 finished. (AvgLatErr: 0.1082, Steps: 161)
  [Worker 1] episode 567 finished. (AvgLatErr: 0.1025, Steps: 161)
  [Worker 1] episode 568 finished. (AvgLatErr: 0.1569, Steps: 137)
  [Worker 1] episode 569 finished. (AvgLatErr: 0.2807, Steps: 141)
[Worker 1].
Warning: num_agents (8) is greater than the number of available vehicle parameters (4). Cycling vehicle templates.
[Worker 3] TensorFlow device=GPU, mixed_precision=mixed_float16
[Worker 3] Random seed fixed: 400601
[Worker 3] started on GPU.
  [Worker 3] episode 560 finished. (AvgLatErr: 0.5638, Steps: 182)
  [Worker 3] episode 561 finished. (AvgLatErr: 0.3208, Steps: 183)
  [Worker 3] episode 562 finished. (AvgLatErr: 0.5256, Steps: 182)
  [Worker 3] episode 563 finished. (AvgLatErr: 0.2982, Steps: 195)
  [Worker 3] episode 564 finished. (AvgLatErr: 0.4755, Steps: 177)
  [Worker 3] episode 565 finished. (AvgLatErr: 0.4752, Steps: 187)
  [Worker 3] episode 566 finished. (AvgLatErr: 0.3741, Steps: 196)
  [Worker 3] episode 567 finished. (AvgLatErr: 0.8302, Steps: 190)
  [Worker 3] episode 568 finished. (AvgLatErr: 0.6100, Steps: 173)
  [Worker 3] episode 569 finished. (AvgLatErr: 0.9718, Steps: 187)
[Worker 3].
Warning: num_agents (8) is greater than the number of available vehicle parameters (4). Cycling vehicle templates.
[Worker 4] TensorFlow device=GPU, mixed_precision=mixed_float16
[Worker 4] Random seed fixed: 500601
[Worker 4] started on GPU.
  [Worker 4] episode 560 finished. (AvgLatErr: 0.3692, Steps: 177)
  [Worker 4] episode 561 finished. (AvgLatErr: 0.1673, Steps: 200)
  [Worker 4] episode 562 finished. (AvgLatErr: 0.1228, Steps: 200)
  [Worker 4] episode 563 finished. (AvgLatErr: 0.2944, Steps: 200)
  [Worker 4] episode 564 finished. (AvgLatErr: 0.3224, Steps: 200)
  [Worker 4] episode 565 finished. (AvgLatErr: 0.3548, Steps: 184)
  [Worker 4] episode 566 finished. (AvgLatErr: 0.2683, Steps: 181)
  [Worker 4] episode 567 finished. (AvgLatErr: 0.2407, Steps: 183)
  [Worker 4] episode 568 finished. (AvgLatErr: 0.3736, Steps: 198)
  [Worker 4] episode 569 finished. (AvgLatErr: 0.2804, Steps: 179)
[Worker 4].
Warning: num_agents (8) is greater than the number of available vehicle parameters (4). Cycling vehicle templates.
[Worker 5] TensorFlow device=GPU, mixed_precision=mixed_float16
[Worker 5] Random seed fixed: 600601
[Worker 5] started on GPU.
  [Worker 5] episode 560 finished. (AvgLatErr: 0.1975, Steps: 172)
  [Worker 5] episode 561 finished. (AvgLatErr: 0.1565, Steps: 175)
  [Worker 5] episode 562 finished. (AvgLatErr: 0.0924, Steps: 200)
  [Worker 5] episode 563 finished. (AvgLatErr: 0.1254, Steps: 184)
  [Worker 5] episode 564 finished. (AvgLatErr: 0.1594, Steps: 178)
  [Worker 5] episode 565 finished. (AvgLatErr: 0.1516, Steps: 185)
  [Worker 5] episode 566 finished. (AvgLatErr: 0.1367, Steps: 193)
  [Worker 5] episode 567 finished. (AvgLatErr: 0.1330, Steps: 191)
  [Worker 5] episode 568 finished. (AvgLatErr: 0.1377, Steps: 184)
  [Worker 5] episode 569 finished. (AvgLatErr: 0.1972, Steps: 178)
[Worker 5].
Warning: num_agents (8) is greater than the number of available vehicle parameters (4). Cycling vehicle templates.
[Worker 7] TensorFlow device=GPU, mixed_precision=mixed_float16
[Worker 7] Random seed fixed: 800601
[Worker 7] started on GPU.
  [Worker 7] episode 560 finished. (AvgLatErr: 0.2084, Steps: 153)
  [Worker 7] episode 561 finished. (AvgLatErr: 0.3094, Steps: 145)
  [Worker 7] episode 562 finished. (AvgLatErr: 0.1768, Steps: 177)
  [Worker 7] episode 563 finished. (AvgLatErr: 0.1007, Steps: 183)
  [Worker 7] episode 564 finished. (AvgLatErr: 0.1161, Steps: 165)
  [Worker 7] episode 565 finished. (AvgLatErr: 0.1349, Steps: 168)
  [Worker 7] episode 566 finished. (AvgLatErr: 0.1368, Steps: 152)
  [Worker 7] episode 567 finished. (AvgLatErr: 0.0993, Steps: 187)
  [Worker 7] episode 568 finished. (AvgLatErr: 0.1432, Steps: 171)
  [Worker 7] episode 569 finished. (AvgLatErr: 0.1108, Steps: 149)
[Worker 7].
Warning: num_agents (8) is greater than the number of available vehicle parameters (4). Cycling vehicle templates.
[Worker 6] TensorFlow device=GPU, mixed_precision=mixed_float16
[Worker 6] Random seed fixed: 700601
[Worker 6] started on GPU.
  [Worker 6] episode 560 finished. (AvgLatErr: 0.3582, Steps: 200)
  [Worker 6] episode 561 finished. (AvgLatErr: 0.2587, Steps: 200)
  [Worker 6] episode 562 finished. (AvgLatErr: 0.3129, Steps: 200)
  [Worker 6] episode 563 finished. (AvgLatErr: 0.3318, Steps: 200)
  [Worker 6] episode 564 finished. (AvgLatErr: 0.3524, Steps: 200)
  [Worker 6] episode 565 finished. (AvgLatErr: 0.6831, Steps: 200)
  [Worker 6] episode 566 finished. (AvgLatErr: 0.4757, Steps: 200)
  [Worker 6] episode 567 finished. (AvgLatErr: 0.4740, Steps: 200)
  [Worker 6] episode 568 finished. (AvgLatErr: 0.2646, Steps: 200)
  [Worker 6] episode 569 finished. (AvgLatErr: 0.5244, Steps: 200)
[Worker 6].
[Main] workers finished. (elapsed: 85.84s)
[Main] Aggregation-selected agents: [2, 4, 5, 6]
[Main] FedAdagrad update completed.
[Main] Replay buffers reset after global model update.
============================================================================================
569 EP / Agent 0 : Avg Lat Err 0.5498
569 EP / Agent 1 : Avg Lat Err 0.2807
569 EP / Agent 2 : Avg Lat Err 0.3571
569 EP / Agent 3 : Avg Lat Err 0.9718
569 EP / Agent 4 : Avg Lat Err 0.2804
569 EP / Agent 5 : Avg Lat Err 0.1972
569 EP / Agent 6 : Avg Lat Err 0.5244
569 EP / Agent 7 : Avg Lat Err 0.1108
============================================================================================

============================================================================================
[Main] FL round started. (episode 570 ~ 579)
[Main] Client selection: mode=random, budget=4
[Main] Participating agents: [0, 1, 2, 3, 4, 5, 6, 7]
Warning: num_agents (8) is greater than the number of available vehicle parameters (4). Cycling vehicle templates.
[Worker 0] TensorFlow device=GPU, mixed_precision=mixed_float16
[Worker 0] Random seed fixed: 100611
[Worker 0] started on GPU.
  [Worker 0] episode 570 finished. (AvgLatErr: 0.4509, Steps: 136)
  [Worker 0] episode 571 finished. (AvgLatErr: 0.8053, Steps: 137)
  [Worker 0] episode 572 finished. (AvgLatErr: 0.8937, Steps: 133)
  [Worker 0] episode 573 finished. (AvgLatErr: 0.5324, Steps: 129)
  [Worker 0] episode 574 finished. (AvgLatErr: 1.2808, Steps: 134)
  [Worker 0] episode 575 finished. (AvgLatErr: 1.2664, Steps: 129)
  [Worker 0] episode 576 finished. (AvgLatErr: 0.8146, Steps: 135)
  [Worker 0] episode 577 finished. (AvgLatErr: 0.9045, Steps: 145)
  [Worker 0] episode 578 finished. (AvgLatErr: 1.1074, Steps: 138)
  [Worker 0] episode 579 finished. (AvgLatErr: 0.6916, Steps: 134)
[Worker 0].
Warning: num_agents (8) is greater than the number of available vehicle parameters (4). Cycling vehicle templates.
[Worker 1] TensorFlow device=GPU, mixed_precision=mixed_float16
[Worker 1] Random seed fixed: 200611
[Worker 1] started on GPU.
  [Worker 1] episode 570 finished. (AvgLatErr: 0.1516, Steps: 152)
  [Worker 1] episode 571 finished. (AvgLatErr: 0.1650, Steps: 134)
  [Worker 1] episode 572 finished. (AvgLatErr: 0.1328, Steps: 154)
  [Worker 1] episode 573 finished. (AvgLatErr: 0.0915, Steps: 137)
  [Worker 1] episode 574 finished. (AvgLatErr: 0.0972, Steps: 142)
  [Worker 1] episode 575 finished. (AvgLatErr: 0.1528, Steps: 133)
  [Worker 1] episode 576 finished. (AvgLatErr: 0.0999, Steps: 137)
  [Worker 1] episode 577 finished. (AvgLatErr: 0.1093, Steps: 147)
  [Worker 1] episode 578 finished. (AvgLatErr: 0.1416, Steps: 139)
  [Worker 1] episode 579 finished. (AvgLatErr: 0.1110, Steps: 162)
[Worker 1].
Warning: num_agents (8) is greater than the number of available vehicle parameters (4). Cycling vehicle templates.
[Worker 2] TensorFlow device=GPU, mixed_precision=mixed_float16
[Worker 2] Random seed fixed: 300611
[Worker 2] started on GPU.
  [Worker 2] episode 570 finished. (AvgLatErr: 0.4660, Steps: 151)
  [Worker 2] episode 571 finished. (AvgLatErr: 0.2217, Steps: 150)
  [Worker 2] episode 572 finished. (AvgLatErr: 0.2231, Steps: 151)
  [Worker 2] episode 573 finished. (AvgLatErr: 0.2334, Steps: 147)
  [Worker 2] episode 574 finished. (AvgLatErr: 0.2037, Steps: 160)
  [Worker 2] episode 575 finished. (AvgLatErr: 0.1694, Steps: 147)
  [Worker 2] episode 576 finished. (AvgLatErr: 0.4543, Steps: 148)
  [Worker 2] episode 577 finished. (AvgLatErr: 0.1867, Steps: 137)
  [Worker 2] episode 578 finished. (AvgLatErr: 0.2010, Steps: 132)
  [Worker 2] episode 579 finished. (AvgLatErr: 0.3280, Steps: 130)
[Worker 2].
Warning: num_agents (8) is greater than the number of available vehicle parameters (4). Cycling vehicle templates.
[Worker 3] TensorFlow device=GPU, mixed_precision=mixed_float16
[Worker 3] Random seed fixed: 400611
[Worker 3] started on GPU.
  [Worker 3] episode 570 finished. (AvgLatErr: 0.4834, Steps: 191)
  [Worker 3] episode 571 finished. (AvgLatErr: 0.4345, Steps: 200)
  [Worker 3] episode 572 finished. (AvgLatErr: 0.2857, Steps: 194)
  [Worker 3] episode 573 finished. (AvgLatErr: 0.3576, Steps: 186)
  [Worker 3] episode 574 finished. (AvgLatErr: 0.3226, Steps: 188)
  [Worker 3] episode 575 finished. (AvgLatErr: 0.5943, Steps: 200)
  [Worker 3] episode 576 finished. (AvgLatErr: 0.4610, Steps: 181)
  [Worker 3] episode 577 finished. (AvgLatErr: 0.3064, Steps: 192)
  [Worker 3] episode 578 finished. (AvgLatErr: 0.2238, Steps: 197)
  [Worker 3] episode 579 finished. (AvgLatErr: 0.4708, Steps: 186)
[Worker 3].
Warning: num_agents (8) is greater than the number of available vehicle parameters (4). Cycling vehicle templates.
[Worker 4] TensorFlow device=GPU, mixed_precision=mixed_float16
[Worker 4] Random seed fixed: 500611
[Worker 4] started on GPU.
  [Worker 4] episode 570 finished. (AvgLatErr: 0.3275, Steps: 188)
  [Worker 4] episode 571 finished. (AvgLatErr: 0.3595, Steps: 191)
  [Worker 4] episode 572 finished. (AvgLatErr: 0.2330, Steps: 200)
  [Worker 4] episode 573 finished. (AvgLatErr: 0.2542, Steps: 168)
  [Worker 4] episode 574 finished. (AvgLatErr: 0.3199, Steps: 181)
  [Worker 4] episode 575 finished. (AvgLatErr: 0.3383, Steps: 178)
  [Worker 4] episode 576 finished. (AvgLatErr: 0.2966, Steps: 155)
  [Worker 4] episode 577 finished. (AvgLatErr: 0.3481, Steps: 175)
  [Worker 4] episode 578 finished. (AvgLatErr: 0.3823, Steps: 170)
  [Worker 4] episode 579 finished. (AvgLatErr: 0.1785, Steps: 200)
[Worker 4].
Warning: num_agents (8) is greater than the number of available vehicle parameters (4). Cycling vehicle templates.
[Worker 7] TensorFlow device=GPU, mixed_precision=mixed_float16
[Worker 7] Random seed fixed: 800611
[Worker 7] started on GPU.
  [Worker 7] episode 570 finished. (AvgLatErr: 0.1174, Steps: 166)
  [Worker 7] episode 571 finished. (AvgLatErr: 0.2389, Steps: 169)
  [Worker 7] episode 572 finished. (AvgLatErr: 0.2133, Steps: 194)
  [Worker 7] episode 573 finished. (AvgLatErr: 0.1578, Steps: 151)
  [Worker 7] episode 574 finished. (AvgLatErr: 0.1964, Steps: 156)
  [Worker 7] episode 575 finished. (AvgLatErr: 0.1273, Steps: 153)
  [Worker 7] episode 576 finished. (AvgLatErr: 0.2276, Steps: 152)
  [Worker 7] episode 577 finished. (AvgLatErr: 0.3420, Steps: 132)
  [Worker 7] episode 578 finished. (AvgLatErr: 0.2217, Steps: 142)
  [Worker 7] episode 579 finished. (AvgLatErr: 0.3230, Steps: 144)
[Worker 7].
Warning: num_agents (8) is greater than the number of available vehicle parameters (4). Cycling vehicle templates.
[Worker 5] TensorFlow device=GPU, mixed_precision=mixed_float16
[Worker 5] Random seed fixed: 600611
[Worker 5] started on GPU.
  [Worker 5] episode 570 finished. (AvgLatErr: 0.1235, Steps: 181)
  [Worker 5] episode 571 finished. (AvgLatErr: 0.2803, Steps: 161)
  [Worker 5] episode 572 finished. (AvgLatErr: 0.2745, Steps: 143)
  [Worker 5] episode 573 finished. (AvgLatErr: 0.1494, Steps: 200)
  [Worker 5] episode 574 finished. (AvgLatErr: 0.0832, Steps: 200)
  [Worker 5] episode 575 finished. (AvgLatErr: 0.1333, Steps: 198)
  [Worker 5] episode 576 finished. (AvgLatErr: 0.1160, Steps: 188)
  [Worker 5] episode 577 finished. (AvgLatErr: 0.1463, Steps: 181)
  [Worker 5] episode 578 finished. (AvgLatErr: 0.2417, Steps: 163)
  [Worker 5] episode 579 finished. (AvgLatErr: 0.3196, Steps: 177)
[Worker 5].
Warning: num_agents (8) is greater than the number of available vehicle parameters (4). Cycling vehicle templates.
[Worker 6] TensorFlow device=GPU, mixed_precision=mixed_float16
[Worker 6] Random seed fixed: 700611
[Worker 6] started on GPU.
  [Worker 6] episode 570 finished. (AvgLatErr: 0.2262, Steps: 200)
  [Worker 6] episode 571 finished. (AvgLatErr: 0.3536, Steps: 200)
  [Worker 6] episode 572 finished. (AvgLatErr: 0.3757, Steps: 200)
  [Worker 6] episode 573 finished. (AvgLatErr: 0.2261, Steps: 200)
  [Worker 6] episode 574 finished. (AvgLatErr: 0.3542, Steps: 200)
  [Worker 6] episode 575 finished. (AvgLatErr: 0.2122, Steps: 200)
  [Worker 6] episode 576 finished. (AvgLatErr: 0.2772, Steps: 200)
  [Worker 6] episode 577 finished. (AvgLatErr: 0.3881, Steps: 200)
  [Worker 6] episode 578 finished. (AvgLatErr: 0.4735, Steps: 200)
  [Worker 6] episode 579 finished. (AvgLatErr: 0.2662, Steps: 200)
[Worker 6].
[Main] workers finished. (elapsed: 86.59s)
[Main] Aggregation-selected agents: [0, 2, 3, 6]
[Main] FedAdagrad update completed.
[Main] Replay buffers reset after global model update.
============================================================================================
579 EP / Agent 0 : Avg Lat Err 0.6916
579 EP / Agent 1 : Avg Lat Err 0.1110
579 EP / Agent 2 : Avg Lat Err 0.3280
579 EP / Agent 3 : Avg Lat Err 0.4708
579 EP / Agent 4 : Avg Lat Err 0.1785
579 EP / Agent 5 : Avg Lat Err 0.3196
579 EP / Agent 6 : Avg Lat Err 0.2662
579 EP / Agent 7 : Avg Lat Err 0.3230
============================================================================================

============================================================================================
[Main] FL round started. (episode 580 ~ 589)
[Main] Client selection: mode=random, budget=4
[Main] Participating agents: [0, 1, 2, 3, 4, 5, 6, 7]
Warning: num_agents (8) is greater than the number of available vehicle parameters (4). Cycling vehicle templates.
[Worker 0] TensorFlow device=GPU, mixed_precision=mixed_float16
[Worker 0] Random seed fixed: 100621
[Worker 0] started on GPU.
  [Worker 0] episode 580 finished. (AvgLatErr: 0.8781, Steps: 134)
  [Worker 0] episode 581 finished. (AvgLatErr: 0.6515, Steps: 141)
  [Worker 0] episode 582 finished. (AvgLatErr: 1.0092, Steps: 135)
  [Worker 0] episode 583 finished. (AvgLatErr: 1.0834, Steps: 146)
  [Worker 0] episode 584 finished. (AvgLatErr: 0.5823, Steps: 136)
  [Worker 0] episode 585 finished. (AvgLatErr: 0.7739, Steps: 133)
  [Worker 0] episode 586 finished. (AvgLatErr: 1.6507, Steps: 144)
  [Worker 0] episode 587 finished. (AvgLatErr: 1.3891, Steps: 146)
  [Worker 0] episode 588 finished. (AvgLatErr: 0.8213, Steps: 140)
  [Worker 0] episode 589 finished. (AvgLatErr: 1.0699, Steps: 129)
[Worker 0].
Warning: num_agents (8) is greater than the number of available vehicle parameters (4). Cycling vehicle templates.
[Worker 1] TensorFlow device=GPU, mixed_precision=mixed_float16
[Worker 1] Random seed fixed: 200621
[Worker 1] started on GPU.
  [Worker 1] episode 580 finished. (AvgLatErr: 0.1582, Steps: 167)
  [Worker 1] episode 581 finished. (AvgLatErr: 0.1783, Steps: 132)
  [Worker 1] episode 582 finished. (AvgLatErr: 0.1797, Steps: 125)
  [Worker 1] episode 583 finished. (AvgLatErr: 0.1590, Steps: 140)
  [Worker 1] episode 584 finished. (AvgLatErr: 0.0860, Steps: 183)
  [Worker 1] episode 585 finished. (AvgLatErr: 0.1409, Steps: 138)
  [Worker 1] episode 586 finished. (AvgLatErr: 0.2202, Steps: 123)
  [Worker 1] episode 587 finished. (AvgLatErr: 0.1217, Steps: 155)
  [Worker 1] episode 588 finished. (AvgLatErr: 0.1313, Steps: 137)
  [Worker 1] episode 589 finished. (AvgLatErr: 0.0966, Steps: 180)
[Worker 1].
Warning: num_agents (8) is greater than the number of available vehicle parameters (4). Cycling vehicle templates.
[Worker 2] TensorFlow device=GPU, mixed_precision=mixed_float16
[Worker 2] Random seed fixed: 300621
[Worker 2] started on GPU.
  [Worker 2] episode 580 finished. (AvgLatErr: 0.2758, Steps: 141)
  [Worker 2] episode 581 finished. (AvgLatErr: 0.3459, Steps: 145)
  [Worker 2] episode 582 finished. (AvgLatErr: 0.3757, Steps: 131)
  [Worker 2] episode 583 finished. (AvgLatErr: 0.4175, Steps: 150)
  [Worker 2] episode 584 finished. (AvgLatErr: 0.3272, Steps: 127)
  [Worker 2] episode 585 finished. (AvgLatErr: 0.4857, Steps: 122)
  [Worker 2] episode 586 finished. (AvgLatErr: 0.5328, Steps: 117)
  [Worker 2] episode 587 finished. (AvgLatErr: 0.3927, Steps: 125)
  [Worker 2] episode 588 finished. (AvgLatErr: 0.4364, Steps: 134)
  [Worker 2] episode 589 finished. (AvgLatErr: 0.5251, Steps: 137)
[Worker 2].
Warning: num_agents (8) is greater than the number of available vehicle parameters (4). Cycling vehicle templates.
[Worker 3] TensorFlow device=GPU, mixed_precision=mixed_float16
[Worker 3] Random seed fixed: 400621
[Worker 3] started on GPU.
  [Worker 3] episode 580 finished. (AvgLatErr: 0.3089, Steps: 186)
  [Worker 3] episode 581 finished. (AvgLatErr: 0.3723, Steps: 179)
  [Worker 3] episode 582 finished. (AvgLatErr: 0.5132, Steps: 185)
  [Worker 3] episode 583 finished. (AvgLatErr: 0.3835, Steps: 176)
  [Worker 3] episode 584 finished. (AvgLatErr: 0.3673, Steps: 185)
  [Worker 3] episode 585 finished. (AvgLatErr: 0.4846, Steps: 182)
  [Worker 3] episode 586 finished. (AvgLatErr: 0.4195, Steps: 179)
  [Worker 3] episode 587 finished. (AvgLatErr: 0.7120, Steps: 184)
  [Worker 3] episode 588 finished. (AvgLatErr: 0.4588, Steps: 180)
  [Worker 3] episode 589 finished. (AvgLatErr: 0.3206, Steps: 178)
[Worker 3].
Warning: num_agents (8) is greater than the number of available vehicle parameters (4). Cycling vehicle templates.
[Worker 4] TensorFlow device=GPU, mixed_precision=mixed_float16
[Worker 4] Random seed fixed: 500621
[Worker 4] started on GPU.
  [Worker 4] episode 580 finished. (AvgLatErr: 0.3012, Steps: 185)
  [Worker 4] episode 581 finished. (AvgLatErr: 0.3295, Steps: 167)
  [Worker 4] episode 582 finished. (AvgLatErr: 0.2790, Steps: 178)
  [Worker 4] episode 583 finished. (AvgLatErr: 0.2350, Steps: 185)
  [Worker 4] episode 584 finished. (AvgLatErr: 0.2556, Steps: 176)
  [Worker 4] episode 585 finished. (AvgLatErr: 0.3626, Steps: 171)
  [Worker 4] episode 586 finished. (AvgLatErr: 0.2802, Steps: 165)
  [Worker 4] episode 587 finished. (AvgLatErr: 0.2393, Steps: 177)
  [Worker 4] episode 588 finished. (AvgLatErr: 0.2500, Steps: 182)
  [Worker 4] episode 589 finished. (AvgLatErr: 0.3658, Steps: 148)
[Worker 4].
Warning: num_agents (8) is greater than the number of available vehicle parameters (4). Cycling vehicle templates.
[Worker 5] TensorFlow device=GPU, mixed_precision=mixed_float16
[Worker 5] Random seed fixed: 600621
[Worker 5] started on GPU.
  [Worker 5] episode 580 finished. (AvgLatErr: 0.1834, Steps: 181)
  [Worker 5] episode 581 finished. (AvgLatErr: 0.1494, Steps: 200)
  [Worker 5] episode 582 finished. (AvgLatErr: 0.1973, Steps: 168)
  [Worker 5] episode 583 finished. (AvgLatErr: 0.1704, Steps: 179)
  [Worker 5] episode 584 finished. (AvgLatErr: 0.4611, Steps: 180)
  [Worker 5] episode 585 finished. (AvgLatErr: 0.1765, Steps: 189)
  [Worker 5] episode 586 finished. (AvgLatErr: 0.4566, Steps: 187)
  [Worker 5] episode 587 finished. (AvgLatErr: 0.1573, Steps: 183)
  [Worker 5] episode 588 finished. (AvgLatErr: 0.3178, Steps: 174)
  [Worker 5] episode 589 finished. (AvgLatErr: 0.2358, Steps: 162)
[Worker 5].
Warning: num_agents (8) is greater than the number of available vehicle parameters (4). Cycling vehicle templates.
[Worker 7] TensorFlow device=GPU, mixed_precision=mixed_float16
[Worker 7] Random seed fixed: 800621
[Worker 7] started on GPU.
  [Worker 7] episode 580 finished. (AvgLatErr: 0.1300, Steps: 171)
  [Worker 7] episode 581 finished. (AvgLatErr: 0.1271, Steps: 164)
  [Worker 7] episode 582 finished. (AvgLatErr: 0.1923, Steps: 154)
  [Worker 7] episode 583 finished. (AvgLatErr: 0.1198, Steps: 154)
  [Worker 7] episode 584 finished. (AvgLatErr: 0.1719, Steps: 161)
  [Worker 7] episode 585 finished. (AvgLatErr: 0.1515, Steps: 173)
  [Worker 7] episode 586 finished. (AvgLatErr: 0.1423, Steps: 174)
  [Worker 7] episode 587 finished. (AvgLatErr: 0.2178, Steps: 169)
  [Worker 7] episode 588 finished. (AvgLatErr: 0.2041, Steps: 142)
  [Worker 7] episode 589 finished. (AvgLatErr: 0.1874, Steps: 154)
[Worker 7].
Warning: num_agents (8) is greater than the number of available vehicle parameters (4). Cycling vehicle templates.
[Worker 6] TensorFlow device=GPU, mixed_precision=mixed_float16
[Worker 6] Random seed fixed: 700621
[Worker 6] started on GPU.
  [Worker 6] episode 580 finished. (AvgLatErr: 0.3405, Steps: 200)
  [Worker 6] episode 581 finished. (AvgLatErr: 0.3438, Steps: 200)
  [Worker 6] episode 582 finished. (AvgLatErr: 0.4706, Steps: 200)
  [Worker 6] episode 583 finished. (AvgLatErr: 0.4034, Steps: 200)
  [Worker 6] episode 584 finished. (AvgLatErr: 0.5221, Steps: 200)
  [Worker 6] episode 585 finished. (AvgLatErr: 0.5711, Steps: 200)
  [Worker 6] episode 586 finished. (AvgLatErr: 0.3601, Steps: 200)
  [Worker 6] episode 587 finished. (AvgLatErr: 0.4333, Steps: 200)
  [Worker 6] episode 588 finished. (AvgLatErr: 0.3810, Steps: 200)
  [Worker 6] episode 589 finished. (AvgLatErr: 0.3548, Steps: 200)
[Worker 6].
[Main] workers finished. (elapsed: 85.28s)
[Main] Aggregation-selected agents: [0, 1, 5, 6]
[Main] FedAdagrad update completed.
[Main] Replay buffers reset after global model update.
============================================================================================
589 EP / Agent 0 : Avg Lat Err 1.0699
589 EP / Agent 1 : Avg Lat Err 0.0966
589 EP / Agent 2 : Avg Lat Err 0.5251
589 EP / Agent 3 : Avg Lat Err 0.3206
589 EP / Agent 4 : Avg Lat Err 0.3658
589 EP / Agent 5 : Avg Lat Err 0.2358
589 EP / Agent 6 : Avg Lat Err 0.3548
589 EP / Agent 7 : Avg Lat Err 0.1874
============================================================================================

============================================================================================
[Main] FL round started. (episode 590 ~ 599)
[Main] Client selection: mode=random, budget=4
[Main] Participating agents: [0, 1, 2, 3, 4, 5, 6, 7]
Warning: num_agents (8) is greater than the number of available vehicle parameters (4). Cycling vehicle templates.
[Worker 0] TensorFlow device=GPU, mixed_precision=mixed_float16
[Worker 0] Random seed fixed: 100631
[Worker 0] started on GPU.
  [Worker 0] episode 590 finished. (AvgLatErr: 0.9807, Steps: 142)
  [Worker 0] episode 591 finished. (AvgLatErr: 0.9092, Steps: 143)
  [Worker 0] episode 592 finished. (AvgLatErr: 1.1603, Steps: 145)
  [Worker 0] episode 593 finished. (AvgLatErr: 5.0783, Steps: 200)
  [Worker 0] episode 594 finished. (AvgLatErr: 0.5634, Steps: 142)
  [Worker 0] episode 595 finished. (AvgLatErr: 0.8767, Steps: 152)
  [Worker 0] episode 596 finished. (AvgLatErr: 1.5842, Steps: 141)
  [Worker 0] episode 597 finished. (AvgLatErr: 1.0177, Steps: 139)
  [Worker 0] episode 598 finished. (AvgLatErr: 1.2567, Steps: 138)
  [Worker 0] episode 599 finished. (AvgLatErr: 1.0412, Steps: 156)
[Worker 0].
Warning: num_agents (8) is greater than the number of available vehicle parameters (4). Cycling vehicle templates.
[Worker 1] TensorFlow device=GPU, mixed_precision=mixed_float16
[Worker 1] Random seed fixed: 200631
[Worker 1] started on GPU.
  [Worker 1] episode 590 finished. (AvgLatErr: 0.1405, Steps: 140)
  [Worker 1] episode 591 finished. (AvgLatErr: 0.1106, Steps: 145)
  [Worker 1] episode 592 finished. (AvgLatErr: 0.1421, Steps: 125)
  [Worker 1] episode 593 finished. (AvgLatErr: 0.2037, Steps: 109)
  [Worker 1] episode 594 finished. (AvgLatErr: 0.0969, Steps: 154)
  [Worker 1] episode 595 finished. (AvgLatErr: 0.1874, Steps: 147)
  [Worker 1] episode 596 finished. (AvgLatErr: 0.0783, Steps: 198)
  [Worker 1] episode 597 finished. (AvgLatErr: 0.2233, Steps: 151)
  [Worker 1] episode 598 finished. (AvgLatErr: 0.1440, Steps: 135)
  [Worker 1] episode 599 finished. (AvgLatErr: 0.1952, Steps: 138)
[Worker 1].
Warning: num_agents (8) is greater than the number of available vehicle parameters (4). Cycling vehicle templates.
[Worker 2] TensorFlow device=GPU, mixed_precision=mixed_float16
[Worker 2] Random seed fixed: 300631
[Worker 2] started on GPU.
  [Worker 2] episode 590 finished. (AvgLatErr: 0.3145, Steps: 145)
  [Worker 2] episode 591 finished. (AvgLatErr: 0.2306, Steps: 152)
  [Worker 2] episode 592 finished. (AvgLatErr: 0.5388, Steps: 130)
  [Worker 2] episode 593 finished. (AvgLatErr: 0.3177, Steps: 123)
  [Worker 2] episode 594 finished. (AvgLatErr: 0.3672, Steps: 125)
  [Worker 2] episode 595 finished. (AvgLatErr: 0.3175, Steps: 139)
  [Worker 2] episode 596 finished. (AvgLatErr: 0.8416, Steps: 124)
  [Worker 2] episode 597 finished. (AvgLatErr: 0.2798, Steps: 119)
  [Worker 2] episode 598 finished. (AvgLatErr: 0.3301, Steps: 124)
  [Worker 2] episode 599 finished. (AvgLatErr: 0.1564, Steps: 178)
[Worker 2].
Warning: num_agents (8) is greater than the number of available vehicle parameters (4). Cycling vehicle templates.
[Worker 3] TensorFlow device=GPU, mixed_precision=mixed_float16
[Worker 3] Random seed fixed: 400631
[Worker 3] started on GPU.
  [Worker 3] episode 590 finished. (AvgLatErr: 0.5110, Steps: 183)
  [Worker 3] episode 591 finished. (AvgLatErr: 0.3344, Steps: 168)
  [Worker 3] episode 592 finished. (AvgLatErr: 0.4371, Steps: 181)
  [Worker 3] episode 593 finished. (AvgLatErr: 0.7561, Steps: 165)
  [Worker 3] episode 594 finished. (AvgLatErr: 0.5803, Steps: 175)
  [Worker 3] episode 595 finished. (AvgLatErr: 0.6099, Steps: 167)
  [Worker 3] episode 596 finished. (AvgLatErr: 0.7346, Steps: 176)
  [Worker 3] episode 597 finished. (AvgLatErr: 0.7627, Steps: 175)
  [Worker 3] episode 598 finished. (AvgLatErr: 0.4486, Steps: 177)
  [Worker 3] episode 599 finished. (AvgLatErr: 0.4054, Steps: 174)
[Worker 3].
Warning: num_agents (8) is greater than the number of available vehicle parameters (4). Cycling vehicle templates.
[Worker 4] TensorFlow device=GPU, mixed_precision=mixed_float16
[Worker 4] Random seed fixed: 500631
[Worker 4] started on GPU.
  [Worker 4] episode 590 finished. (AvgLatErr: 0.3872, Steps: 171)
  [Worker 4] episode 591 finished. (AvgLatErr: 0.3436, Steps: 153)
  [Worker 4] episode 592 finished. (AvgLatErr: 0.3514, Steps: 149)
  [Worker 4] episode 593 finished. (AvgLatErr: 0.3965, Steps: 165)
  [Worker 4] episode 594 finished. (AvgLatErr: 0.3860, Steps: 155)
  [Worker 4] episode 595 finished. (AvgLatErr: 0.3516, Steps: 164)
  [Worker 4] episode 596 finished. (AvgLatErr: 0.3705, Steps: 158)
  [Worker 4] episode 597 finished. (AvgLatErr: 0.4429, Steps: 165)
  [Worker 4] episode 598 finished. (AvgLatErr: 0.3398, Steps: 150)
  [Worker 4] episode 599 finished. (AvgLatErr: 0.2784, Steps: 161)
[Worker 4].
Warning: num_agents (8) is greater than the number of available vehicle parameters (4). Cycling vehicle templates.
[Worker 5] TensorFlow device=GPU, mixed_precision=mixed_float16
[Worker 5] Random seed fixed: 600631
[Worker 5] started on GPU.
  [Worker 5] episode 590 finished. (AvgLatErr: 0.3269, Steps: 186)
  [Worker 5] episode 591 finished. (AvgLatErr: 0.1286, Steps: 200)
  [Worker 5] episode 592 finished. (AvgLatErr: 0.0803, Steps: 200)
  [Worker 5] episode 593 finished. (AvgLatErr: 0.1920, Steps: 158)
  [Worker 5] episode 594 finished. (AvgLatErr: 0.1523, Steps: 176)
  [Worker 5] episode 595 finished. (AvgLatErr: 0.2313, Steps: 177)
  [Worker 5] episode 596 finished. (AvgLatErr: 0.1887, Steps: 159)
  [Worker 5] episode 597 finished. (AvgLatErr: 0.2557, Steps: 164)
  [Worker 5] episode 598 finished. (AvgLatErr: 0.2792, Steps: 166)
  [Worker 5] episode 599 finished. (AvgLatErr: 0.1785, Steps: 196)
[Worker 5].
Warning: num_agents (8) is greater than the number of available vehicle parameters (4). Cycling vehicle templates.
[Worker 7] TensorFlow device=GPU, mixed_precision=mixed_float16
[Worker 7] Random seed fixed: 800631
[Worker 7] started on GPU.
  [Worker 7] episode 590 finished. (AvgLatErr: 0.0921, Steps: 200)
  [Worker 7] episode 591 finished. (AvgLatErr: 0.1484, Steps: 184)
  [Worker 7] episode 592 finished. (AvgLatErr: 0.1273, Steps: 147)
  [Worker 7] episode 593 finished. (AvgLatErr: 0.1399, Steps: 198)
  [Worker 7] episode 594 finished. (AvgLatErr: 0.1364, Steps: 151)
  [Worker 7] episode 595 finished. (AvgLatErr: 0.1847, Steps: 156)
  [Worker 7] episode 596 finished. (AvgLatErr: 0.1631, Steps: 168)
  [Worker 7] episode 597 finished. (AvgLatErr: 0.2179, Steps: 174)
  [Worker 7] episode 598 finished. (AvgLatErr: 0.2589, Steps: 143)
  [Worker 7] episode 599 finished. (AvgLatErr: 0.2753, Steps: 148)
[Worker 7].
Warning: num_agents (8) is greater than the number of available vehicle parameters (4). Cycling vehicle templates.
[Worker 6] TensorFlow device=GPU, mixed_precision=mixed_float16
[Worker 6] Random seed fixed: 700631
[Worker 6] started on GPU.
  [Worker 6] episode 590 finished. (AvgLatErr: 0.4803, Steps: 200)
  [Worker 6] episode 591 finished. (AvgLatErr: 0.5375, Steps: 200)
  [Worker 6] episode 592 finished. (AvgLatErr: 0.4526, Steps: 200)
  [Worker 6] episode 593 finished. (AvgLatErr: 0.2966, Steps: 200)
  [Worker 6] episode 594 finished. (AvgLatErr: 0.3628, Steps: 200)
  [Worker 6] episode 595 finished. (AvgLatErr: 0.4130, Steps: 200)
  [Worker 6] episode 596 finished. (AvgLatErr: 0.3106, Steps: 200)
  [Worker 6] episode 597 finished. (AvgLatErr: 0.2813, Steps: 200)
  [Worker 6] episode 598 finished. (AvgLatErr: 0.3834, Steps: 200)
  [Worker 6] episode 599 finished. (AvgLatErr: 0.3205, Steps: 200)
[Worker 6].
[Main] workers finished. (elapsed: 85.30s)
[Main] Aggregation-selected agents: [0, 1, 2, 5]
[Main] FedAdagrad update completed.
[Main] Replay buffers reset after global model update.
============================================================================================
599 EP / Agent 0 : Avg Lat Err 1.0412
599 EP / Agent 1 : Avg Lat Err 0.1952
599 EP / Agent 2 : Avg Lat Err 0.1564
599 EP / Agent 3 : Avg Lat Err 0.4054
599 EP / Agent 4 : Avg Lat Err 0.2784
599 EP / Agent 5 : Avg Lat Err 0.1785
599 EP / Agent 6 : Avg Lat Err 0.3205
599 EP / Agent 7 : Avg Lat Err 0.2753
============================================================================================
[Main] Model checkpoint saved: C:\Users\syd79\FRL-Q\experiments\fast_parallel_fedadagrad_8random4_20260916_run1_random_4of8\checkpoints\global_model_episode_000600.weights.h5

============================================================================================
[Main] FL round started. (episode 600 ~ 609)
[Main] Client selection: mode=random, budget=4
[Main] Participating agents: [0, 1, 2, 3, 4, 5, 6, 7]
Warning: num_agents (8) is greater than the number of available vehicle parameters (4). Cycling vehicle templates.
[Worker 0] TensorFlow device=GPU, mixed_precision=mixed_float16
[Worker 0] Random seed fixed: 100641
[Worker 0] started on GPU.
  [Worker 0] episode 600 finished. (AvgLatErr: 0.8337, Steps: 146)
  [Worker 0] episode 601 finished. (AvgLatErr: 1.1376, Steps: 137)
  [Worker 0] episode 602 finished. (AvgLatErr: 0.6600, Steps: 129)
  [Worker 0] episode 603 finished. (AvgLatErr: 1.0197, Steps: 130)
  [Worker 0] episode 604 finished. (AvgLatErr: 0.8655, Steps: 125)
  [Worker 0] episode 605 finished. (AvgLatErr: 0.9309, Steps: 132)
  [Worker 0] episode 606 finished. (AvgLatErr: 1.0877, Steps: 141)
  [Worker 0] episode 607 finished. (AvgLatErr: 1.0290, Steps: 141)
  [Worker 0] episode 608 finished. (AvgLatErr: 0.5561, Steps: 137)
  [Worker 0] episode 609 finished. (AvgLatErr: 0.5926, Steps: 134)
[Worker 0].
Warning: num_agents (8) is greater than the number of available vehicle parameters (4). Cycling vehicle templates.
[Worker 1] TensorFlow device=GPU, mixed_precision=mixed_float16
[Worker 1] Random seed fixed: 200641
[Worker 1] started on GPU.
  [Worker 1] episode 600 finished. (AvgLatErr: 0.0873, Steps: 168)
  [Worker 1] episode 601 finished. (AvgLatErr: 0.1184, Steps: 150)
  [Worker 1] episode 602 finished. (AvgLatErr: 0.1102, Steps: 139)
  [Worker 1] episode 603 finished. (AvgLatErr: 0.1126, Steps: 137)
  [Worker 1] episode 604 finished. (AvgLatErr: 0.1534, Steps: 142)
  [Worker 1] episode 605 finished. (AvgLatErr: 0.1427, Steps: 131)
  [Worker 1] episode 606 finished. (AvgLatErr: 7.2339, Steps: 200)
  [Worker 1] episode 607 finished. (AvgLatErr: 0.1738, Steps: 144)
  [Worker 1] episode 608 finished. (AvgLatErr: 0.2118, Steps: 187)
  [Worker 1] episode 609 finished. (AvgLatErr: 0.3769, Steps: 135)
[Worker 1].
Warning: num_agents (8) is greater than the number of available vehicle parameters (4). Cycling vehicle templates.
[Worker 2] TensorFlow device=GPU, mixed_precision=mixed_float16
[Worker 2] Random seed fixed: 300641
[Worker 2] started on GPU.
  [Worker 2] episode 600 finished. (AvgLatErr: 0.2656, Steps: 124)
  [Worker 2] episode 601 finished. (AvgLatErr: 0.1799, Steps: 151)
  [Worker 2] episode 602 finished. (AvgLatErr: 0.2029, Steps: 148)
  [Worker 2] episode 603 finished. (AvgLatErr: 0.2860, Steps: 140)
  [Worker 2] episode 604 finished. (AvgLatErr: 0.2281, Steps: 162)
  [Worker 2] episode 605 finished. (AvgLatErr: 0.2539, Steps: 152)
  [Worker 2] episode 606 finished. (AvgLatErr: 0.3163, Steps: 142)
  [Worker 2] episode 607 finished. (AvgLatErr: 0.3562, Steps: 144)
  [Worker 2] episode 608 finished. (AvgLatErr: 0.3965, Steps: 138)
  [Worker 2] episode 609 finished. (AvgLatErr: 0.2890, Steps: 132)
[Worker 2].
Warning: num_agents (8) is greater than the number of available vehicle parameters (4). Cycling vehicle templates.
[Worker 3] TensorFlow device=GPU, mixed_precision=mixed_float16
[Worker 3] Random seed fixed: 400641
[Worker 3] started on GPU.
  [Worker 3] episode 600 finished. (AvgLatErr: 0.4464, Steps: 176)
  [Worker 3] episode 601 finished. (AvgLatErr: 0.3663, Steps: 185)
  [Worker 3] episode 602 finished. (AvgLatErr: 0.2960, Steps: 185)
  [Worker 3] episode 603 finished. (AvgLatErr: 0.4381, Steps: 175)
  [Worker 3] episode 604 finished. (AvgLatErr: 0.3134, Steps: 172)
  [Worker 3] episode 605 finished. (AvgLatErr: 0.4446, Steps: 161)
  [Worker 3] episode 606 finished. (AvgLatErr: 0.5027, Steps: 177)
  [Worker 3] episode 607 finished. (AvgLatErr: 0.4021, Steps: 174)
  [Worker 3] episode 608 finished. (AvgLatErr: 0.9130, Steps: 182)
  [Worker 3] episode 609 finished. (AvgLatErr: 0.4443, Steps: 176)
[Worker 3].
Warning: num_agents (8) is greater than the number of available vehicle parameters (4). Cycling vehicle templates.
[Worker 4] TensorFlow device=GPU, mixed_precision=mixed_float16
[Worker 4] Random seed fixed: 500641
[Worker 4] started on GPU.
  [Worker 4] episode 600 finished. (AvgLatErr: 0.3260, Steps: 169)
  [Worker 4] episode 601 finished. (AvgLatErr: 0.3402, Steps: 163)
  [Worker 4] episode 602 finished. (AvgLatErr: 0.2953, Steps: 162)
  [Worker 4] episode 603 finished. (AvgLatErr: 0.3007, Steps: 168)
  [Worker 4] episode 604 finished. (AvgLatErr: 0.3732, Steps: 178)
  [Worker 4] episode 605 finished. (AvgLatErr: 0.2803, Steps: 169)
  [Worker 4] episode 606 finished. (AvgLatErr: 0.3511, Steps: 157)
  [Worker 4] episode 607 finished. (AvgLatErr: 0.3620, Steps: 173)
  [Worker 4] episode 608 finished. (AvgLatErr: 0.2968, Steps: 163)
  [Worker 4] episode 609 finished. (AvgLatErr: 0.3978, Steps: 166)
[Worker 4].
Warning: num_agents (8) is greater than the number of available vehicle parameters (4). Cycling vehicle templates.
[Worker 5] TensorFlow device=GPU, mixed_precision=mixed_float16
[Worker 5] Random seed fixed: 600641
[Worker 5] started on GPU.
  [Worker 5] episode 600 finished. (AvgLatErr: 0.1023, Steps: 195)
  [Worker 5] episode 601 finished. (AvgLatErr: 0.1734, Steps: 164)
  [Worker 5] episode 602 finished. (AvgLatErr: 0.1936, Steps: 182)
  [Worker 5] episode 603 finished. (AvgLatErr: 0.1319, Steps: 191)
  [Worker 5] episode 604 finished. (AvgLatErr: 0.1101, Steps: 188)
  [Worker 5] episode 605 finished. (AvgLatErr: 0.1417, Steps: 167)
  [Worker 5] episode 606 finished. (AvgLatErr: 0.1791, Steps: 197)
  [Worker 5] episode 607 finished. (AvgLatErr: 0.2417, Steps: 159)
  [Worker 5] episode 608 finished. (AvgLatErr: 0.0929, Steps: 200)
  [Worker 5] episode 609 finished. (AvgLatErr: 0.1525, Steps: 169)
[Worker 5].
Warning: num_agents (8) is greater than the number of available vehicle parameters (4). Cycling vehicle templates.
[Worker 7] TensorFlow device=GPU, mixed_precision=mixed_float16
[Worker 7] Random seed fixed: 800641
[Worker 7] started on GPU.
  [Worker 7] episode 600 finished. (AvgLatErr: 0.1161, Steps: 162)
  [Worker 7] episode 601 finished. (AvgLatErr: 0.1680, Steps: 164)
  [Worker 7] episode 602 finished. (AvgLatErr: 0.2176, Steps: 127)
  [Worker 7] episode 603 finished. (AvgLatErr: 0.2404, Steps: 150)
  [Worker 7] episode 604 finished. (AvgLatErr: 0.1479, Steps: 185)
  [Worker 7] episode 605 finished. (AvgLatErr: 0.0869, Steps: 200)
  [Worker 7] episode 606 finished. (AvgLatErr: 0.1367, Steps: 161)
  [Worker 7] episode 607 finished. (AvgLatErr: 0.1527, Steps: 150)
  [Worker 7] episode 608 finished. (AvgLatErr: 0.4210, Steps: 127)
  [Worker 7] episode 609 finished. (AvgLatErr: 0.1331, Steps: 163)
[Worker 7].
Warning: num_agents (8) is greater than the number of available vehicle parameters (4). Cycling vehicle templates.
[Worker 6] TensorFlow device=GPU, mixed_precision=mixed_float16
[Worker 6] Random seed fixed: 700641
[Worker 6] started on GPU.
  [Worker 6] episode 600 finished. (AvgLatErr: 0.3753, Steps: 200)
  [Worker 6] episode 601 finished. (AvgLatErr: 0.3722, Steps: 200)
  [Worker 6] episode 602 finished. (AvgLatErr: 0.1879, Steps: 200)
  [Worker 6] episode 603 finished. (AvgLatErr: 0.3242, Steps: 200)
  [Worker 6] episode 604 finished. (AvgLatErr: 0.3876, Steps: 200)
  [Worker 6] episode 605 finished. (AvgLatErr: 0.3486, Steps: 200)
  [Worker 6] episode 606 finished. (AvgLatErr: 0.1692, Steps: 200)
  [Worker 6] episode 607 finished. (AvgLatErr: 0.2495, Steps: 200)
  [Worker 6] episode 608 finished. (AvgLatErr: 0.3453, Steps: 200)
  [Worker 6] episode 609 finished. (AvgLatErr: 0.7416, Steps: 200)
[Worker 6].
[Main] workers finished. (elapsed: 86.34s)
[Main] Aggregation-selected agents: [0, 2, 3, 6]
[Main] FedAdagrad update completed.
[Main] Replay buffers reset after global model update.
============================================================================================
609 EP / Agent 0 : Avg Lat Err 0.5926
609 EP / Agent 1 : Avg Lat Err 0.3769
609 EP / Agent 2 : Avg Lat Err 0.2890
609 EP / Agent 3 : Avg Lat Err 0.4443
609 EP / Agent 4 : Avg Lat Err 0.3978
609 EP / Agent 5 : Avg Lat Err 0.1525
609 EP / Agent 6 : Avg Lat Err 0.7416
609 EP / Agent 7 : Avg Lat Err 0.1331
============================================================================================

============================================================================================
[Main] FL round started. (episode 610 ~ 619)
[Main] Client selection: mode=random, budget=4
[Main] Participating agents: [0, 1, 2, 3, 4, 5, 6, 7]
Warning: num_agents (8) is greater than the number of available vehicle parameters (4). Cycling vehicle templates.
[Worker 0] TensorFlow device=GPU, mixed_precision=mixed_float16
[Worker 0] Random seed fixed: 100651
[Worker 0] started on GPU.
  [Worker 0] episode 610 finished. (AvgLatErr: 1.1149, Steps: 127)
  [Worker 0] episode 611 finished. (AvgLatErr: 1.0752, Steps: 130)
  [Worker 0] episode 612 finished. (AvgLatErr: 1.0319, Steps: 126)
  [Worker 0] episode 613 finished. (AvgLatErr: 0.6708, Steps: 136)
  [Worker 0] episode 614 finished. (AvgLatErr: 0.6622, Steps: 135)
  [Worker 0] episode 615 finished. (AvgLatErr: 0.7180, Steps: 140)
  [Worker 0] episode 616 finished. (AvgLatErr: 0.8956, Steps: 128)
  [Worker 0] episode 617 finished. (AvgLatErr: 0.6020, Steps: 134)
  [Worker 0] episode 618 finished. (AvgLatErr: 0.7955, Steps: 131)
  [Worker 0] episode 619 finished. (AvgLatErr: 0.6015, Steps: 135)
[Worker 0].
Warning: num_agents (8) is greater than the number of available vehicle parameters (4). Cycling vehicle templates.
[Worker 1] TensorFlow device=GPU, mixed_precision=mixed_float16
[Worker 1] Random seed fixed: 200651
[Worker 1] started on GPU.
  [Worker 1] episode 610 finished. (AvgLatErr: 0.2425, Steps: 136)
  [Worker 1] episode 611 finished. (AvgLatErr: 0.3116, Steps: 121)
  [Worker 1] episode 612 finished. (AvgLatErr: 0.1394, Steps: 129)
  [Worker 1] episode 613 finished. (AvgLatErr: 0.1475, Steps: 137)
  [Worker 1] episode 614 finished. (AvgLatErr: 0.2164, Steps: 130)
  [Worker 1] episode 615 finished. (AvgLatErr: 0.1333, Steps: 140)
  [Worker 1] episode 616 finished. (AvgLatErr: 0.2134, Steps: 131)
  [Worker 1] episode 617 finished. (AvgLatErr: 0.1484, Steps: 135)
  [Worker 1] episode 618 finished. (AvgLatErr: 0.1869, Steps: 121)
  [Worker 1] episode 619 finished. (AvgLatErr: 0.1762, Steps: 124)
[Worker 1].
Warning: num_agents (8) is greater than the number of available vehicle parameters (4). Cycling vehicle templates.
[Worker 2] TensorFlow device=GPU, mixed_precision=mixed_float16
[Worker 2] Random seed fixed: 300651
[Worker 2] started on GPU.
  [Worker 2] episode 610 finished. (AvgLatErr: 0.2407, Steps: 134)
  [Worker 2] episode 611 finished. (AvgLatErr: 0.1955, Steps: 143)
  [Worker 2] episode 612 finished. (AvgLatErr: 0.1165, Steps: 171)
  [Worker 2] episode 613 finished. (AvgLatErr: 0.1250, Steps: 150)
  [Worker 2] episode 614 finished. (AvgLatErr: 0.3236, Steps: 126)
  [Worker 2] episode 615 finished. (AvgLatErr: 0.4510, Steps: 136)
  [Worker 2] episode 616 finished. (AvgLatErr: 0.3671, Steps: 139)
  [Worker 2] episode 617 finished. (AvgLatErr: 0.4618, Steps: 120)
  [Worker 2] episode 618 finished. (AvgLatErr: 0.2884, Steps: 129)
  [Worker 2] episode 619 finished. (AvgLatErr: 0.6508, Steps: 141)
[Worker 2].
Warning: num_agents (8) is greater than the number of available vehicle parameters (4). Cycling vehicle templates.
[Worker 3] TensorFlow device=GPU, mixed_precision=mixed_float16
[Worker 3] Random seed fixed: 400651
[Worker 3] started on GPU.
  [Worker 3] episode 610 finished. (AvgLatErr: 0.4171, Steps: 178)
  [Worker 3] episode 611 finished. (AvgLatErr: 0.3511, Steps: 168)
  [Worker 3] episode 612 finished. (AvgLatErr: 0.4118, Steps: 168)
  [Worker 3] episode 613 finished. (AvgLatErr: 0.5450, Steps: 174)
  [Worker 3] episode 614 finished. (AvgLatErr: 0.4286, Steps: 176)
  [Worker 3] episode 615 finished. (AvgLatErr: 0.3661, Steps: 196)
  [Worker 3] episode 616 finished. (AvgLatErr: 0.5443, Steps: 170)
  [Worker 3] episode 617 finished. (AvgLatErr: 0.5561, Steps: 184)
  [Worker 3] episode 618 finished. (AvgLatErr: 0.4860, Steps: 182)
  [Worker 3] episode 619 finished. (AvgLatErr: 0.3983, Steps: 184)
[Worker 3].
Warning: num_agents (8) is greater than the number of available vehicle parameters (4). Cycling vehicle templates.
[Worker 4] TensorFlow device=GPU, mixed_precision=mixed_float16
[Worker 4] Random seed fixed: 500651
[Worker 4] started on GPU.
  [Worker 4] episode 610 finished. (AvgLatErr: 0.4220, Steps: 188)
  [Worker 4] episode 611 finished. (AvgLatErr: 0.3388, Steps: 184)
  [Worker 4] episode 612 finished. (AvgLatErr: 0.3386, Steps: 169)
  [Worker 4] episode 613 finished. (AvgLatErr: 0.4168, Steps: 159)
  [Worker 4] episode 614 finished. (AvgLatErr: 0.1762, Steps: 200)
  [Worker 4] episode 615 finished. (AvgLatErr: 0.3432, Steps: 171)
  [Worker 4] episode 616 finished. (AvgLatErr: 0.2532, Steps: 165)
  [Worker 4] episode 617 finished. (AvgLatErr: 0.2985, Steps: 176)
  [Worker 4] episode 618 finished. (AvgLatErr: 0.3729, Steps: 180)
  [Worker 4] episode 619 finished. (AvgLatErr: 0.4193, Steps: 157)
[Worker 4].
Warning: num_agents (8) is greater than the number of available vehicle parameters (4). Cycling vehicle templates.
[Worker 7] TensorFlow device=GPU, mixed_precision=mixed_float16
[Worker 7] Random seed fixed: 800651
[Worker 7] started on GPU.
  [Worker 7] episode 610 finished. (AvgLatErr: 0.2168, Steps: 138)
  [Worker 7] episode 611 finished. (AvgLatErr: 0.2116, Steps: 154)
  [Worker 7] episode 612 finished. (AvgLatErr: 0.2826, Steps: 167)
  [Worker 7] episode 613 finished. (AvgLatErr: 0.2617, Steps: 170)
  [Worker 7] episode 614 finished. (AvgLatErr: 0.1894, Steps: 142)
  [Worker 7] episode 615 finished. (AvgLatErr: 0.1806, Steps: 148)
  [Worker 7] episode 616 finished. (AvgLatErr: 0.2393, Steps: 142)
  [Worker 7] episode 617 finished. (AvgLatErr: 0.1554, Steps: 157)
  [Worker 7] episode 618 finished. (AvgLatErr: 0.1945, Steps: 157)
  [Worker 7] episode 619 finished. (AvgLatErr: 0.2145, Steps: 166)
[Worker 7].
Warning: num_agents (8) is greater than the number of available vehicle parameters (4). Cycling vehicle templates.
[Worker 5] TensorFlow device=GPU, mixed_precision=mixed_float16
[Worker 5] Random seed fixed: 600651
[Worker 5] started on GPU.
  [Worker 5] episode 610 finished. (AvgLatErr: 0.2258, Steps: 160)
  [Worker 5] episode 611 finished. (AvgLatErr: 0.2187, Steps: 170)
  [Worker 5] episode 612 finished. (AvgLatErr: 0.1537, Steps: 186)
  [Worker 5] episode 613 finished. (AvgLatErr: 0.2115, Steps: 164)
  [Worker 5] episode 614 finished. (AvgLatErr: 0.1764, Steps: 189)
  [Worker 5] episode 615 finished. (AvgLatErr: 0.1625, Steps: 194)
  [Worker 5] episode 616 finished. (AvgLatErr: 0.1552, Steps: 172)
  [Worker 5] episode 617 finished. (AvgLatErr: 0.1776, Steps: 164)
  [Worker 5] episode 618 finished. (AvgLatErr: 0.1154, Steps: 195)
  [Worker 5] episode 619 finished. (AvgLatErr: 0.2104, Steps: 166)
[Worker 5].
Warning: num_agents (8) is greater than the number of available vehicle parameters (4). Cycling vehicle templates.
[Worker 6] TensorFlow device=GPU, mixed_precision=mixed_float16
[Worker 6] Random seed fixed: 700651
[Worker 6] started on GPU.
  [Worker 6] episode 610 finished. (AvgLatErr: 0.3589, Steps: 200)
  [Worker 6] episode 611 finished. (AvgLatErr: 0.4183, Steps: 200)
  [Worker 6] episode 612 finished. (AvgLatErr: 0.5044, Steps: 200)
  [Worker 6] episode 613 finished. (AvgLatErr: 0.3877, Steps: 200)
  [Worker 6] episode 614 finished. (AvgLatErr: 0.3487, Steps: 200)
  [Worker 6] episode 615 finished. (AvgLatErr: 0.4287, Steps: 200)
  [Worker 6] episode 616 finished. (AvgLatErr: 0.3399, Steps: 200)
  [Worker 6] episode 617 finished. (AvgLatErr: 0.5476, Steps: 200)
  [Worker 6] episode 618 finished. (AvgLatErr: 0.3625, Steps: 200)
  [Worker 6] episode 619 finished. (AvgLatErr: 0.4745, Steps: 200)
[Worker 6].
[Main] workers finished. (elapsed: 86.02s)
[Main] Aggregation-selected agents: [0, 4, 5, 7]
[Main] FedAdagrad update completed.
[Main] Replay buffers reset after global model update.
============================================================================================
619 EP / Agent 0 : Avg Lat Err 0.6015
619 EP / Agent 1 : Avg Lat Err 0.1762
619 EP / Agent 2 : Avg Lat Err 0.6508
619 EP / Agent 3 : Avg Lat Err 0.3983
619 EP / Agent 4 : Avg Lat Err 0.4193
619 EP / Agent 5 : Avg Lat Err 0.2104
619 EP / Agent 6 : Avg Lat Err 0.4745
619 EP / Agent 7 : Avg Lat Err 0.2145
============================================================================================

============================================================================================
[Main] FL round started. (episode 620 ~ 629)
[Main] Client selection: mode=random, budget=4
[Main] Participating agents: [0, 1, 2, 3, 4, 5, 6, 7]
Warning: num_agents (8) is greater than the number of available vehicle parameters (4). Cycling vehicle templates.
[Worker 0] TensorFlow device=GPU, mixed_precision=mixed_float16
[Worker 0] Random seed fixed: 100661
[Worker 0] started on GPU.
  [Worker 0] episode 620 finished. (AvgLatErr: 1.1534, Steps: 133)
  [Worker 0] episode 621 finished. (AvgLatErr: 0.8768, Steps: 133)
  [Worker 0] episode 622 finished. (AvgLatErr: 1.1148, Steps: 130)
  [Worker 0] episode 623 finished. (AvgLatErr: 1.3054, Steps: 139)
  [Worker 0] episode 624 finished. (AvgLatErr: 1.2163, Steps: 137)
  [Worker 0] episode 625 finished. (AvgLatErr: 1.2773, Steps: 128)
  [Worker 0] episode 626 finished. (AvgLatErr: 1.0373, Steps: 125)
  [Worker 0] episode 627 finished. (AvgLatErr: 0.7761, Steps: 131)
  [Worker 0] episode 628 finished. (AvgLatErr: 4.6718, Steps: 161)
  [Worker 0] episode 629 finished. (AvgLatErr: 0.6856, Steps: 132)
[Worker 0].
Warning: num_agents (8) is greater than the number of available vehicle parameters (4). Cycling vehicle templates.
[Worker 1] TensorFlow device=GPU, mixed_precision=mixed_float16
[Worker 1] Random seed fixed: 200661
[Worker 1] started on GPU.
  [Worker 1] episode 620 finished. (AvgLatErr: 0.1811, Steps: 132)
  [Worker 1] episode 621 finished. (AvgLatErr: 0.1180, Steps: 132)
  [Worker 1] episode 622 finished. (AvgLatErr: 0.1946, Steps: 125)
  [Worker 1] episode 623 finished. (AvgLatErr: 0.1425, Steps: 150)
  [Worker 1] episode 624 finished. (AvgLatErr: 0.1627, Steps: 138)
  [Worker 1] episode 625 finished. (AvgLatErr: 0.1821, Steps: 143)
  [Worker 1] episode 626 finished. (AvgLatErr: 0.1521, Steps: 140)
  [Worker 1] episode 627 finished. (AvgLatErr: 0.1826, Steps: 142)
  [Worker 1] episode 628 finished. (AvgLatErr: 0.4173, Steps: 144)
  [Worker 1] episode 629 finished. (AvgLatErr: 0.1256, Steps: 131)
[Worker 1].
Warning: num_agents (8) is greater than the number of available vehicle parameters (4). Cycling vehicle templates.
[Worker 2] TensorFlow device=GPU, mixed_precision=mixed_float16
[Worker 2] Random seed fixed: 300661
[Worker 2] started on GPU.
  [Worker 2] episode 620 finished. (AvgLatErr: 0.4564, Steps: 140)
  [Worker 2] episode 621 finished. (AvgLatErr: 0.2567, Steps: 136)
  [Worker 2] episode 622 finished. (AvgLatErr: 0.3220, Steps: 135)
  [Worker 2] episode 623 finished. (AvgLatErr: 0.2764, Steps: 133)
  [Worker 2] episode 624 finished. (AvgLatErr: 0.4251, Steps: 134)
  [Worker 2] episode 625 finished. (AvgLatErr: 0.3821, Steps: 146)
  [Worker 2] episode 626 finished. (AvgLatErr: 0.3744, Steps: 132)
  [Worker 2] episode 627 finished. (AvgLatErr: 0.2829, Steps: 147)
  [Worker 2] episode 628 finished. (AvgLatErr: 0.4988, Steps: 143)
  [Worker 2] episode 629 finished. (AvgLatErr: 0.5910, Steps: 143)
[Worker 2].
Warning: num_agents (8) is greater than the number of available vehicle parameters (4). Cycling vehicle templates.
[Worker 3] TensorFlow device=GPU, mixed_precision=mixed_float16
[Worker 3] Random seed fixed: 400661
[Worker 3] started on GPU.
  [Worker 3] episode 620 finished. (AvgLatErr: 0.3242, Steps: 171)
  [Worker 3] episode 621 finished. (AvgLatErr: 0.4059, Steps: 180)
  [Worker 3] episode 622 finished. (AvgLatErr: 0.3700, Steps: 189)
  [Worker 3] episode 623 finished. (AvgLatErr: 0.6317, Steps: 177)
  [Worker 3] episode 624 finished. (AvgLatErr: 0.3524, Steps: 174)
  [Worker 3] episode 625 finished. (AvgLatErr: 0.3539, Steps: 181)
  [Worker 3] episode 626 finished. (AvgLatErr: 0.4274, Steps: 174)
  [Worker 3] episode 627 finished. (AvgLatErr: 0.3920, Steps: 174)
  [Worker 3] episode 628 finished. (AvgLatErr: 0.5888, Steps: 175)
  [Worker 3] episode 629 finished. (AvgLatErr: 0.5577, Steps: 186)
[Worker 3].
Warning: num_agents (8) is greater than the number of available vehicle parameters (4). Cycling vehicle templates.
[Worker 4] TensorFlow device=GPU, mixed_precision=mixed_float16
[Worker 4] Random seed fixed: 500661
[Worker 4] started on GPU.
  [Worker 4] episode 620 finished. (AvgLatErr: 0.4177, Steps: 169)
  [Worker 4] episode 621 finished. (AvgLatErr: 0.3717, Steps: 178)
  [Worker 4] episode 622 finished. (AvgLatErr: 0.3938, Steps: 184)
  [Worker 4] episode 623 finished. (AvgLatErr: 0.2449, Steps: 164)
  [Worker 4] episode 624 finished. (AvgLatErr: 0.2568, Steps: 170)
  [Worker 4] episode 625 finished. (AvgLatErr: 0.2068, Steps: 172)
  [Worker 4] episode 626 finished. (AvgLatErr: 0.4578, Steps: 166)
  [Worker 4] episode 627 finished. (AvgLatErr: 0.2719, Steps: 168)
  [Worker 4] episode 628 finished. (AvgLatErr: 0.7706, Steps: 173)
  [Worker 4] episode 629 finished. (AvgLatErr: 0.2566, Steps: 158)
[Worker 4].
Warning: num_agents (8) is greater than the number of available vehicle parameters (4). Cycling vehicle templates.
[Worker 7] TensorFlow device=GPU, mixed_precision=mixed_float16
[Worker 7] Random seed fixed: 800661
[Worker 7] started on GPU.
  [Worker 7] episode 620 finished. (AvgLatErr: 0.2576, Steps: 157)
  [Worker 7] episode 621 finished. (AvgLatErr: 0.1741, Steps: 139)
  [Worker 7] episode 622 finished. (AvgLatErr: 0.1794, Steps: 165)
  [Worker 7] episode 623 finished. (AvgLatErr: 0.1773, Steps: 125)
  [Worker 7] episode 624 finished. (AvgLatErr: 0.1823, Steps: 145)
  [Worker 7] episode 625 finished. (AvgLatErr: 0.2724, Steps: 141)
  [Worker 7] episode 626 finished. (AvgLatErr: 0.2655, Steps: 125)
  [Worker 7] episode 627 finished. (AvgLatErr: 0.2478, Steps: 142)
  [Worker 7] episode 628 finished. (AvgLatErr: 0.3602, Steps: 140)
  [Worker 7] episode 629 finished. (AvgLatErr: 0.3616, Steps: 155)
[Worker 7].
Warning: num_agents (8) is greater than the number of available vehicle parameters (4). Cycling vehicle templates.
[Worker 5] TensorFlow device=GPU, mixed_precision=mixed_float16
[Worker 5] Random seed fixed: 600661
[Worker 5] started on GPU.
  [Worker 5] episode 620 finished. (AvgLatErr: 0.2230, Steps: 170)
  [Worker 5] episode 621 finished. (AvgLatErr: 0.0945, Steps: 200)
  [Worker 5] episode 622 finished. (AvgLatErr: 0.1473, Steps: 194)
  [Worker 5] episode 623 finished. (AvgLatErr: 0.1802, Steps: 169)
  [Worker 5] episode 624 finished. (AvgLatErr: 0.2305, Steps: 163)
  [Worker 5] episode 625 finished. (AvgLatErr: 0.1763, Steps: 157)
  [Worker 5] episode 626 finished. (AvgLatErr: 0.0851, Steps: 200)
  [Worker 5] episode 627 finished. (AvgLatErr: 0.1233, Steps: 200)
  [Worker 5] episode 628 finished. (AvgLatErr: 0.2351, Steps: 179)
  [Worker 5] episode 629 finished. (AvgLatErr: 0.1517, Steps: 162)
[Worker 5].
Warning: num_agents (8) is greater than the number of available vehicle parameters (4). Cycling vehicle templates.
[Worker 6] TensorFlow device=GPU, mixed_precision=mixed_float16
[Worker 6] Random seed fixed: 700661
[Worker 6] started on GPU.
  [Worker 6] episode 620 finished. (AvgLatErr: 0.3535, Steps: 200)
  [Worker 6] episode 621 finished. (AvgLatErr: 0.4359, Steps: 200)
  [Worker 6] episode 622 finished. (AvgLatErr: 0.2693, Steps: 200)
  [Worker 6] episode 623 finished. (AvgLatErr: 0.5038, Steps: 200)
  [Worker 6] episode 624 finished. (AvgLatErr: 0.4272, Steps: 200)
  [Worker 6] episode 625 finished. (AvgLatErr: 0.4649, Steps: 200)
  [Worker 6] episode 626 finished. (AvgLatErr: 0.8189, Steps: 200)
  [Worker 6] episode 627 finished. (AvgLatErr: 0.5873, Steps: 200)
  [Worker 6] episode 628 finished. (AvgLatErr: 0.5398, Steps: 200)
  [Worker 6] episode 629 finished. (AvgLatErr: 0.4585, Steps: 200)
[Worker 6].
[Main] workers finished. (elapsed: 85.02s)
[Main] Aggregation-selected agents: [0, 1, 5, 7]
[Main] FedAdagrad update completed.
[Main] Replay buffers reset after global model update.
============================================================================================
629 EP / Agent 0 : Avg Lat Err 0.6856
629 EP / Agent 1 : Avg Lat Err 0.1256
629 EP / Agent 2 : Avg Lat Err 0.5910
629 EP / Agent 3 : Avg Lat Err 0.5577
629 EP / Agent 4 : Avg Lat Err 0.2566
629 EP / Agent 5 : Avg Lat Err 0.1517
629 EP / Agent 6 : Avg Lat Err 0.4585
629 EP / Agent 7 : Avg Lat Err 0.3616
============================================================================================

============================================================================================
[Main] FL round started. (episode 630 ~ 639)
[Main] Client selection: mode=random, budget=4
[Main] Participating agents: [0, 1, 2, 3, 4, 5, 6, 7]
Warning: num_agents (8) is greater than the number of available vehicle parameters (4). Cycling vehicle templates.
[Worker 0] TensorFlow device=GPU, mixed_precision=mixed_float16
[Worker 0] Random seed fixed: 100671
[Worker 0] started on GPU.
  [Worker 0] episode 630 finished. (AvgLatErr: 1.0183, Steps: 132)
  [Worker 0] episode 631 finished. (AvgLatErr: 0.9231, Steps: 135)
  [Worker 0] episode 632 finished. (AvgLatErr: 1.0299, Steps: 135)
  [Worker 0] episode 633 finished. (AvgLatErr: 1.0550, Steps: 131)
  [Worker 0] episode 634 finished. (AvgLatErr: 0.8591, Steps: 125)
  [Worker 0] episode 635 finished. (AvgLatErr: 1.4907, Steps: 140)
  [Worker 0] episode 636 finished. (AvgLatErr: 12.2329, Steps: 174)
  [Worker 0] episode 637 finished. (AvgLatErr: 1.6056, Steps: 139)
  [Worker 0] episode 638 finished. (AvgLatErr: 2.0851, Steps: 145)
  [Worker 0] episode 639 finished. (AvgLatErr: 1.8723, Steps: 136)
[Worker 0].
Warning: num_agents (8) is greater than the number of available vehicle parameters (4). Cycling vehicle templates.
[Worker 1] TensorFlow device=GPU, mixed_precision=mixed_float16
[Worker 1] Random seed fixed: 200671
[Worker 1] started on GPU.
  [Worker 1] episode 630 finished. (AvgLatErr: 0.1901, Steps: 122)
  [Worker 1] episode 631 finished. (AvgLatErr: 0.2430, Steps: 117)
  [Worker 1] episode 632 finished. (AvgLatErr: 0.1894, Steps: 145)
  [Worker 1] episode 633 finished. (AvgLatErr: 0.1529, Steps: 126)
  [Worker 1] episode 634 finished. (AvgLatErr: 0.2384, Steps: 123)
  [Worker 1] episode 635 finished. (AvgLatErr: 0.2023, Steps: 126)
  [Worker 1] episode 636 finished. (AvgLatErr: 0.1852, Steps: 152)
  [Worker 1] episode 637 finished. (AvgLatErr: 0.2082, Steps: 140)
  [Worker 1] episode 638 finished. (AvgLatErr: 0.2335, Steps: 130)
  [Worker 1] episode 639 finished. (AvgLatErr: 0.4420, Steps: 136)
[Worker 1].
Warning: num_agents (8) is greater than the number of available vehicle parameters (4). Cycling vehicle templates.
[Worker 2] TensorFlow device=GPU, mixed_precision=mixed_float16
[Worker 2] Random seed fixed: 300671
[Worker 2] started on GPU.
  [Worker 2] episode 630 finished. (AvgLatErr: 0.3874, Steps: 121)
  [Worker 2] episode 631 finished. (AvgLatErr: 0.3212, Steps: 128)
  [Worker 2] episode 632 finished. (AvgLatErr: 0.4808, Steps: 125)
  [Worker 2] episode 633 finished. (AvgLatErr: 0.4214, Steps: 141)
  [Worker 2] episode 634 finished. (AvgLatErr: 0.5724, Steps: 144)
  [Worker 2] episode 635 finished. (AvgLatErr: 0.4600, Steps: 131)
  [Worker 2] episode 636 finished. (AvgLatErr: 0.5194, Steps: 131)
  [Worker 2] episode 637 finished. (AvgLatErr: 0.4716, Steps: 129)
  [Worker 2] episode 638 finished. (AvgLatErr: 0.5365, Steps: 122)
  [Worker 2] episode 639 finished. (AvgLatErr: 0.3877, Steps: 129)
[Worker 2].
Warning: num_agents (8) is greater than the number of available vehicle parameters (4). Cycling vehicle templates.
[Worker 3] TensorFlow device=GPU, mixed_precision=mixed_float16
[Worker 3] Random seed fixed: 400671
[Worker 3] started on GPU.
  [Worker 3] episode 630 finished. (AvgLatErr: 0.7803, Steps: 181)
  [Worker 3] episode 631 finished. (AvgLatErr: 0.7682, Steps: 168)
  [Worker 3] episode 632 finished. (AvgLatErr: 1.7982, Steps: 138)
  [Worker 3] episode 633 finished. (AvgLatErr: 0.6702, Steps: 170)
  [Worker 3] episode 634 finished. (AvgLatErr: 0.7589, Steps: 181)
  [Worker 3] episode 635 finished. (AvgLatErr: 0.5978, Steps: 174)
  [Worker 3] episode 636 finished. (AvgLatErr: 0.9260, Steps: 177)
  [Worker 3] episode 637 finished. (AvgLatErr: 0.5242, Steps: 177)
  [Worker 3] episode 638 finished. (AvgLatErr: 0.6546, Steps: 166)
  [Worker 3] episode 639 finished. (AvgLatErr: 0.4372, Steps: 176)
[Worker 3].
Warning: num_agents (8) is greater than the number of available vehicle parameters (4). Cycling vehicle templates.
[Worker 4] TensorFlow device=GPU, mixed_precision=mixed_float16
[Worker 4] Random seed fixed: 500671
[Worker 4] started on GPU.
  [Worker 4] episode 630 finished. (AvgLatErr: 0.3711, Steps: 167)
  [Worker 4] episode 631 finished. (AvgLatErr: 0.3837, Steps: 167)
  [Worker 4] episode 632 finished. (AvgLatErr: 0.3700, Steps: 171)
  [Worker 4] episode 633 finished. (AvgLatErr: 0.3478, Steps: 200)
  [Worker 4] episode 634 finished. (AvgLatErr: 0.3182, Steps: 166)
  [Worker 4] episode 635 finished. (AvgLatErr: 0.5153, Steps: 178)
  [Worker 4] episode 636 finished. (AvgLatErr: 0.3517, Steps: 200)
  [Worker 4] episode 637 finished. (AvgLatErr: 0.2426, Steps: 172)
  [Worker 4] episode 638 finished. (AvgLatErr: 0.3246, Steps: 175)
  [Worker 4] episode 639 finished. (AvgLatErr: 0.3016, Steps: 200)
[Worker 4].
Warning: num_agents (8) is greater than the number of available vehicle parameters (4). Cycling vehicle templates.
[Worker 7] TensorFlow device=GPU, mixed_precision=mixed_float16
[Worker 7] Random seed fixed: 800671
[Worker 7] started on GPU.
  [Worker 7] episode 630 finished. (AvgLatErr: 0.2568, Steps: 144)
  [Worker 7] episode 631 finished. (AvgLatErr: 0.2294, Steps: 132)
  [Worker 7] episode 632 finished. (AvgLatErr: 0.1469, Steps: 148)
  [Worker 7] episode 633 finished. (AvgLatErr: 0.2561, Steps: 132)
  [Worker 7] episode 634 finished. (AvgLatErr: 0.2074, Steps: 151)
  [Worker 7] episode 635 finished. (AvgLatErr: 0.2638, Steps: 144)
  [Worker 7] episode 636 finished. (AvgLatErr: 0.2749, Steps: 162)
  [Worker 7] episode 637 finished. (AvgLatErr: 0.1751, Steps: 128)
  [Worker 7] episode 638 finished. (AvgLatErr: 0.1942, Steps: 150)
  [Worker 7] episode 639 finished. (AvgLatErr: 0.3387, Steps: 143)
[Worker 7].
Warning: num_agents (8) is greater than the number of available vehicle parameters (4). Cycling vehicle templates.
[Worker 5] TensorFlow device=GPU, mixed_precision=mixed_float16
[Worker 5] Random seed fixed: 600671
[Worker 5] started on GPU.
  [Worker 5] episode 630 finished. (AvgLatErr: 0.2154, Steps: 157)
  [Worker 5] episode 631 finished. (AvgLatErr: 0.2244, Steps: 172)
  [Worker 5] episode 632 finished. (AvgLatErr: 0.2073, Steps: 195)
  [Worker 5] episode 633 finished. (AvgLatErr: 0.1036, Steps: 200)
  [Worker 5] episode 634 finished. (AvgLatErr: 0.1603, Steps: 170)
  [Worker 5] episode 635 finished. (AvgLatErr: 0.1822, Steps: 181)
  [Worker 5] episode 636 finished. (AvgLatErr: 0.1625, Steps: 172)
  [Worker 5] episode 637 finished. (AvgLatErr: 0.2486, Steps: 174)
  [Worker 5] episode 638 finished. (AvgLatErr: 0.1631, Steps: 190)
  [Worker 5] episode 639 finished. (AvgLatErr: 0.2036, Steps: 171)
[Worker 5].
Warning: num_agents (8) is greater than the number of available vehicle parameters (4). Cycling vehicle templates.
[Worker 6] TensorFlow device=GPU, mixed_precision=mixed_float16
[Worker 6] Random seed fixed: 700671
[Worker 6] started on GPU.
  [Worker 6] episode 630 finished. (AvgLatErr: 0.3224, Steps: 194)
  [Worker 6] episode 631 finished. (AvgLatErr: 0.7452, Steps: 200)
  [Worker 6] episode 632 finished. (AvgLatErr: 0.6044, Steps: 194)
  [Worker 6] episode 633 finished. (AvgLatErr: 0.4801, Steps: 200)
  [Worker 6] episode 634 finished. (AvgLatErr: 0.6344, Steps: 200)
  [Worker 6] episode 635 finished. (AvgLatErr: 0.4692, Steps: 200)
  [Worker 6] episode 636 finished. (AvgLatErr: 0.5051, Steps: 182)
  [Worker 6] episode 637 finished. (AvgLatErr: 0.7399, Steps: 200)
  [Worker 6] episode 638 finished. (AvgLatErr: 0.6286, Steps: 198)
  [Worker 6] episode 639 finished. (AvgLatErr: 0.5699, Steps: 200)
[Worker 6].
[Main] workers finished. (elapsed: 84.33s)
[Main] Aggregation-selected agents: [0, 2, 4, 7]
[Main] FedAdagrad update completed.
[Main] Replay buffers reset after global model update.
============================================================================================
639 EP / Agent 0 : Avg Lat Err 1.8723
639 EP / Agent 1 : Avg Lat Err 0.4420
639 EP / Agent 2 : Avg Lat Err 0.3877
639 EP / Agent 3 : Avg Lat Err 0.4372
639 EP / Agent 4 : Avg Lat Err 0.3016
639 EP / Agent 5 : Avg Lat Err 0.2036
639 EP / Agent 6 : Avg Lat Err 0.5699
639 EP / Agent 7 : Avg Lat Err 0.3387
============================================================================================

============================================================================================
[Main] FL round started. (episode 640 ~ 649)
[Main] Client selection: mode=random, budget=4
[Main] Participating agents: [0, 1, 2, 3, 4, 5, 6, 7]
Warning: num_agents (8) is greater than the number of available vehicle parameters (4). Cycling vehicle templates.
[Worker 0] TensorFlow device=GPU, mixed_precision=mixed_float16
[Worker 0] Random seed fixed: 100681
[Worker 0] started on GPU.
  [Worker 0] episode 640 finished. (AvgLatErr: 0.7616, Steps: 132)
  [Worker 0] episode 641 finished. (AvgLatErr: 0.5650, Steps: 147)
  [Worker 0] episode 642 finished. (AvgLatErr: 0.5982, Steps: 130)
  [Worker 0] episode 643 finished. (AvgLatErr: 0.9252, Steps: 138)
  [Worker 0] episode 644 finished. (AvgLatErr: 0.7745, Steps: 141)
  [Worker 0] episode 645 finished. (AvgLatErr: 0.9487, Steps: 139)
  [Worker 0] episode 646 finished. (AvgLatErr: 1.4652, Steps: 139)
  [Worker 0] episode 647 finished. (AvgLatErr: 1.5642, Steps: 128)
  [Worker 0] episode 648 finished. (AvgLatErr: 0.5917, Steps: 126)
  [Worker 0] episode 649 finished. (AvgLatErr: 0.4889, Steps: 127)
[Worker 0].
Warning: num_agents (8) is greater than the number of available vehicle parameters (4). Cycling vehicle templates.
[Worker 2] TensorFlow device=GPU, mixed_precision=mixed_float16
[Worker 2] Random seed fixed: 300681
[Worker 2] started on GPU.
  [Worker 2] episode 640 finished. (AvgLatErr: 0.2515, Steps: 141)
  [Worker 2] episode 641 finished. (AvgLatErr: 0.2409, Steps: 132)
  [Worker 2] episode 642 finished. (AvgLatErr: 0.3258, Steps: 127)
  [Worker 2] episode 643 finished. (AvgLatErr: 0.2840, Steps: 140)
  [Worker 2] episode 644 finished. (AvgLatErr: 0.2691, Steps: 136)
  [Worker 2] episode 645 finished. (AvgLatErr: 0.1732, Steps: 127)
  [Worker 2] episode 646 finished. (AvgLatErr: 0.3913, Steps: 129)
  [Worker 2] episode 647 finished. (AvgLatErr: 0.3548, Steps: 131)
  [Worker 2] episode 648 finished. (AvgLatErr: 0.3814, Steps: 129)
  [Worker 2] episode 649 finished. (AvgLatErr: 0.3634, Steps: 136)
[Worker 2].
Warning: num_agents (8) is greater than the number of available vehicle parameters (4). Cycling vehicle templates.
[Worker 1] TensorFlow device=GPU, mixed_precision=mixed_float16
[Worker 1] Random seed fixed: 200681
[Worker 1] started on GPU.
  [Worker 1] episode 640 finished. (AvgLatErr: 0.1165, Steps: 153)
  [Worker 1] episode 641 finished. (AvgLatErr: 0.1633, Steps: 141)
  [Worker 1] episode 642 finished. (AvgLatErr: 0.1334, Steps: 188)
  [Worker 1] episode 643 finished. (AvgLatErr: 0.1106, Steps: 138)
  [Worker 1] episode 644 finished. (AvgLatErr: 0.1494, Steps: 141)
  [Worker 1] episode 645 finished. (AvgLatErr: 0.1291, Steps: 161)
  [Worker 1] episode 646 finished. (AvgLatErr: 0.2030, Steps: 135)
  [Worker 1] episode 647 finished. (AvgLatErr: 0.1845, Steps: 145)
  [Worker 1] episode 648 finished. (AvgLatErr: 0.1516, Steps: 149)
  [Worker 1] episode 649 finished. (AvgLatErr: 0.1344, Steps: 131)
[Worker 1].
Warning: num_agents (8) is greater than the number of available vehicle parameters (4). Cycling vehicle templates.
[Worker 4] TensorFlow device=GPU, mixed_precision=mixed_float16
[Worker 4] Random seed fixed: 500681
[Worker 4] started on GPU.
  [Worker 4] episode 640 finished. (AvgLatErr: 0.3466, Steps: 175)
  [Worker 4] episode 641 finished. (AvgLatErr: 0.2694, Steps: 155)
  [Worker 4] episode 642 finished. (AvgLatErr: 0.4019, Steps: 161)
  [Worker 4] episode 643 finished. (AvgLatErr: 0.4065, Steps: 166)
  [Worker 4] episode 644 finished. (AvgLatErr: 0.3819, Steps: 151)
  [Worker 4] episode 645 finished. (AvgLatErr: 0.3764, Steps: 154)
  [Worker 4] episode 646 finished. (AvgLatErr: 0.2629, Steps: 161)
  [Worker 4] episode 647 finished. (AvgLatErr: 0.2313, Steps: 159)
  [Worker 4] episode 648 finished. (AvgLatErr: 0.3972, Steps: 183)
  [Worker 4] episode 649 finished. (AvgLatErr: 0.2766, Steps: 170)
[Worker 4].
Warning: num_agents (8) is greater than the number of available vehicle parameters (4). Cycling vehicle templates.
[Worker 3] TensorFlow device=GPU, mixed_precision=mixed_float16
[Worker 3] Random seed fixed: 400681
[Worker 3] started on GPU.
  [Worker 3] episode 640 finished. (AvgLatErr: 0.4820, Steps: 185)
  [Worker 3] episode 641 finished. (AvgLatErr: 0.5952, Steps: 166)
  [Worker 3] episode 642 finished. (AvgLatErr: 0.4172, Steps: 177)
  [Worker 3] episode 643 finished. (AvgLatErr: 0.4971, Steps: 184)
  [Worker 3] episode 644 finished. (AvgLatErr: 0.6295, Steps: 171)
  [Worker 3] episode 645 finished. (AvgLatErr: 0.5529, Steps: 170)
  [Worker 3] episode 646 finished. (AvgLatErr: 0.1449, Steps: 200)
  [Worker 3] episode 647 finished. (AvgLatErr: 0.4645, Steps: 198)
  [Worker 3] episode 648 finished. (AvgLatErr: 0.2831, Steps: 200)
  [Worker 3] episode 649 finished. (AvgLatErr: 0.4914, Steps: 179)
[Worker 3].
Warning: num_agents (8) is greater than the number of available vehicle parameters (4). Cycling vehicle templates.
[Worker 7] TensorFlow device=GPU, mixed_precision=mixed_float16
[Worker 7] Random seed fixed: 800681
[Worker 7] started on GPU.
  [Worker 7] episode 640 finished. (AvgLatErr: 0.1312, Steps: 166)
  [Worker 7] episode 641 finished. (AvgLatErr: 0.1415, Steps: 142)
  [Worker 7] episode 642 finished. (AvgLatErr: 0.2189, Steps: 127)
  [Worker 7] episode 643 finished. (AvgLatErr: 0.1592, Steps: 142)
  [Worker 7] episode 644 finished. (AvgLatErr: 0.2134, Steps: 131)
  [Worker 7] episode 645 finished. (AvgLatErr: 0.3084, Steps: 135)
  [Worker 7] episode 646 finished. (AvgLatErr: 0.2176, Steps: 144)
  [Worker 7] episode 647 finished. (AvgLatErr: 0.1659, Steps: 135)
  [Worker 7] episode 648 finished. (AvgLatErr: 0.2719, Steps: 134)
  [Worker 7] episode 649 finished. (AvgLatErr: 0.2395, Steps: 141)
[Worker 7].
Warning: num_agents (8) is greater than the number of available vehicle parameters (4). Cycling vehicle templates.
[Worker 5] TensorFlow device=GPU, mixed_precision=mixed_float16
[Worker 5] Random seed fixed: 600681
[Worker 5] started on GPU.
  [Worker 5] episode 640 finished. (AvgLatErr: 0.0953, Steps: 200)
  [Worker 5] episode 641 finished. (AvgLatErr: 0.1505, Steps: 186)
  [Worker 5] episode 642 finished. (AvgLatErr: 0.1602, Steps: 199)
  [Worker 5] episode 643 finished. (AvgLatErr: 0.1774, Steps: 166)
  [Worker 5] episode 644 finished. (AvgLatErr: 0.2199, Steps: 170)
  [Worker 5] episode 645 finished. (AvgLatErr: 0.1860, Steps: 154)
  [Worker 5] episode 646 finished. (AvgLatErr: 0.2080, Steps: 166)
  [Worker 5] episode 647 finished. (AvgLatErr: 0.4630, Steps: 164)
  [Worker 5] episode 648 finished. (AvgLatErr: 0.1767, Steps: 154)
  [Worker 5] episode 649 finished. (AvgLatErr: 0.2848, Steps: 162)
[Worker 5].
Warning: num_agents (8) is greater than the number of available vehicle parameters (4). Cycling vehicle templates.
[Worker 6] TensorFlow device=GPU, mixed_precision=mixed_float16
[Worker 6] Random seed fixed: 700681
[Worker 6] started on GPU.
  [Worker 6] episode 640 finished. (AvgLatErr: 0.3341, Steps: 200)
  [Worker 6] episode 641 finished. (AvgLatErr: 0.5561, Steps: 200)
  [Worker 6] episode 642 finished. (AvgLatErr: 0.4318, Steps: 200)
  [Worker 6] episode 643 finished. (AvgLatErr: 0.3995, Steps: 200)
  [Worker 6] episode 644 finished. (AvgLatErr: 0.4585, Steps: 200)
  [Worker 6] episode 645 finished. (AvgLatErr: 0.2017, Steps: 200)
  [Worker 6] episode 646 finished. (AvgLatErr: 0.1802, Steps: 200)
  [Worker 6] episode 647 finished. (AvgLatErr: 0.3612, Steps: 200)
  [Worker 6] episode 648 finished. (AvgLatErr: 0.3379, Steps: 200)
  [Worker 6] episode 649 finished. (AvgLatErr: 0.2637, Steps: 200)
[Worker 6].
[Main] workers finished. (elapsed: 85.99s)
[Main] Aggregation-selected agents: [2, 4, 5, 7]
[Main] FedAdagrad update completed.
[Main] Replay buffers reset after global model update.
============================================================================================
649 EP / Agent 0 : Avg Lat Err 0.4889
649 EP / Agent 1 : Avg Lat Err 0.1344
649 EP / Agent 2 : Avg Lat Err 0.3634
649 EP / Agent 3 : Avg Lat Err 0.4914
649 EP / Agent 4 : Avg Lat Err 0.2766
649 EP / Agent 5 : Avg Lat Err 0.2848
649 EP / Agent 6 : Avg Lat Err 0.2637
649 EP / Agent 7 : Avg Lat Err 0.2395
============================================================================================
[Main] Model checkpoint saved: C:\Users\syd79\FRL-Q\experiments\fast_parallel_fedadagrad_8random4_20260916_run1_random_4of8\checkpoints\global_model_episode_000650.weights.h5

============================================================================================
[Main] FL round started. (episode 650 ~ 659)
[Main] Client selection: mode=random, budget=4
[Main] Participating agents: [0, 1, 2, 3, 4, 5, 6, 7]
Warning: num_agents (8) is greater than the number of available vehicle parameters (4). Cycling vehicle templates.
[Worker 0] TensorFlow device=GPU, mixed_precision=mixed_float16
[Worker 0] Random seed fixed: 100691
[Worker 0] started on GPU.
  [Worker 0] episode 650 finished. (AvgLatErr: 0.8412, Steps: 127)
  [Worker 0] episode 651 finished. (AvgLatErr: 0.7478, Steps: 131)
  [Worker 0] episode 652 finished. (AvgLatErr: 0.7452, Steps: 130)
  [Worker 0] episode 653 finished. (AvgLatErr: 0.5333, Steps: 137)
  [Worker 0] episode 654 finished. (AvgLatErr: 0.6289, Steps: 135)
  [Worker 0] episode 655 finished. (AvgLatErr: 0.7948, Steps: 128)
  [Worker 0] episode 656 finished. (AvgLatErr: 1.0466, Steps: 125)
  [Worker 0] episode 657 finished. (AvgLatErr: 0.7764, Steps: 131)
  [Worker 0] episode 658 finished. (AvgLatErr: 1.4341, Steps: 130)
  [Worker 0] episode 659 finished. (AvgLatErr: 0.8478, Steps: 131)
[Worker 0].
Warning: num_agents (8) is greater than the number of available vehicle parameters (4). Cycling vehicle templates.
[Worker 1] TensorFlow device=GPU, mixed_precision=mixed_float16
[Worker 1] Random seed fixed: 200691
[Worker 1] started on GPU.
  [Worker 1] episode 650 finished. (AvgLatErr: 0.1406, Steps: 132)
  [Worker 1] episode 651 finished. (AvgLatErr: 0.1300, Steps: 144)
  [Worker 1] episode 652 finished. (AvgLatErr: 0.1466, Steps: 155)
  [Worker 1] episode 653 finished. (AvgLatErr: 0.1508, Steps: 176)
  [Worker 1] episode 654 finished. (AvgLatErr: 0.2701, Steps: 131)
  [Worker 1] episode 655 finished. (AvgLatErr: 0.1122, Steps: 149)
  [Worker 1] episode 656 finished. (AvgLatErr: 0.2224, Steps: 131)
  [Worker 1] episode 657 finished. (AvgLatErr: 0.1208, Steps: 148)
  [Worker 1] episode 658 finished. (AvgLatErr: 0.1791, Steps: 138)
  [Worker 1] episode 659 finished. (AvgLatErr: 0.1697, Steps: 139)
[Worker 1].
Warning: num_agents (8) is greater than the number of available vehicle parameters (4). Cycling vehicle templates.
[Worker 2] TensorFlow device=GPU, mixed_precision=mixed_float16
[Worker 2] Random seed fixed: 300691
[Worker 2] started on GPU.
  [Worker 2] episode 650 finished. (AvgLatErr: 0.2988, Steps: 126)
  [Worker 2] episode 651 finished. (AvgLatErr: 0.3083, Steps: 130)
  [Worker 2] episode 652 finished. (AvgLatErr: 0.1933, Steps: 140)
  [Worker 2] episode 653 finished. (AvgLatErr: 0.3022, Steps: 127)
  [Worker 2] episode 654 finished. (AvgLatErr: 0.5537, Steps: 134)
  [Worker 2] episode 655 finished. (AvgLatErr: 0.4424, Steps: 132)
  [Worker 2] episode 656 finished. (AvgLatErr: 0.3174, Steps: 128)
  [Worker 2] episode 657 finished. (AvgLatErr: 0.2782, Steps: 130)
  [Worker 2] episode 658 finished. (AvgLatErr: 0.4226, Steps: 117)
  [Worker 2] episode 659 finished. (AvgLatErr: 0.4236, Steps: 137)
[Worker 2].
Warning: num_agents (8) is greater than the number of available vehicle parameters (4). Cycling vehicle templates.
[Worker 4] TensorFlow device=GPU, mixed_precision=mixed_float16
[Worker 4] Random seed fixed: 500691
[Worker 4] started on GPU.
  [Worker 4] episode 650 finished. (AvgLatErr: 0.3577, Steps: 179)
  [Worker 4] episode 651 finished. (AvgLatErr: 0.3900, Steps: 169)
  [Worker 4] episode 652 finished. (AvgLatErr: 0.3480, Steps: 158)
  [Worker 4] episode 653 finished. (AvgLatErr: 0.2884, Steps: 159)
  [Worker 4] episode 654 finished. (AvgLatErr: 0.3238, Steps: 157)
  [Worker 4] episode 655 finished. (AvgLatErr: 0.3977, Steps: 170)
  [Worker 4] episode 656 finished. (AvgLatErr: 0.2405, Steps: 146)
  [Worker 4] episode 657 finished. (AvgLatErr: 0.2985, Steps: 149)
  [Worker 4] episode 658 finished. (AvgLatErr: 0.3583, Steps: 167)
  [Worker 4] episode 659 finished. (AvgLatErr: 0.2650, Steps: 151)
[Worker 4].
Warning: num_agents (8) is greater than the number of available vehicle parameters (4). Cycling vehicle templates.
[Worker 3] TensorFlow device=GPU, mixed_precision=mixed_float16
[Worker 3] Random seed fixed: 400691
[Worker 3] started on GPU.
  [Worker 3] episode 650 finished. (AvgLatErr: 0.4550, Steps: 179)
  [Worker 3] episode 651 finished. (AvgLatErr: 0.6633, Steps: 179)
  [Worker 3] episode 652 finished. (AvgLatErr: 0.5007, Steps: 170)
  [Worker 3] episode 653 finished. (AvgLatErr: 0.4211, Steps: 182)
  [Worker 3] episode 654 finished. (AvgLatErr: 0.4345, Steps: 181)
  [Worker 3] episode 655 finished. (AvgLatErr: 0.5012, Steps: 180)
  [Worker 3] episode 656 finished. (AvgLatErr: 0.6534, Steps: 187)
  [Worker 3] episode 657 finished. (AvgLatErr: 0.3917, Steps: 192)
  [Worker 3] episode 658 finished. (AvgLatErr: 0.3253, Steps: 189)
  [Worker 3] episode 659 finished. (AvgLatErr: 0.4996, Steps: 167)
[Worker 3].
Warning: num_agents (8) is greater than the number of available vehicle parameters (4). Cycling vehicle templates.
[Worker 7] TensorFlow device=GPU, mixed_precision=mixed_float16
[Worker 7] Random seed fixed: 800691
[Worker 7] started on GPU.
  [Worker 7] episode 650 finished. (AvgLatErr: 0.1927, Steps: 149)
  [Worker 7] episode 651 finished. (AvgLatErr: 0.2790, Steps: 140)
  [Worker 7] episode 652 finished. (AvgLatErr: 0.3251, Steps: 144)
  [Worker 7] episode 653 finished. (AvgLatErr: 0.2098, Steps: 148)
  [Worker 7] episode 654 finished. (AvgLatErr: 0.1896, Steps: 152)
  [Worker 7] episode 655 finished. (AvgLatErr: 0.1837, Steps: 158)
  [Worker 7] episode 656 finished. (AvgLatErr: 0.2382, Steps: 148)
  [Worker 7] episode 657 finished. (AvgLatErr: 0.2770, Steps: 138)
  [Worker 7] episode 658 finished. (AvgLatErr: 0.2065, Steps: 132)
  [Worker 7] episode 659 finished. (AvgLatErr: 0.2181, Steps: 131)
[Worker 7].
Warning: num_agents (8) is greater than the number of available vehicle parameters (4). Cycling vehicle templates.
[Worker 5] TensorFlow device=GPU, mixed_precision=mixed_float16
[Worker 5] Random seed fixed: 600691
[Worker 5] started on GPU.
  [Worker 5] episode 650 finished. (AvgLatErr: 0.2096, Steps: 181)
  [Worker 5] episode 651 finished. (AvgLatErr: 0.1955, Steps: 181)
  [Worker 5] episode 652 finished. (AvgLatErr: 0.1501, Steps: 199)
  [Worker 5] episode 653 finished. (AvgLatErr: 0.1965, Steps: 162)
  [Worker 5] episode 654 finished. (AvgLatErr: 0.2171, Steps: 147)
  [Worker 5] episode 655 finished. (AvgLatErr: 0.2050, Steps: 161)
  [Worker 5] episode 656 finished. (AvgLatErr: 0.2092, Steps: 182)
  [Worker 5] episode 657 finished. (AvgLatErr: 0.3174, Steps: 149)
  [Worker 5] episode 658 finished. (AvgLatErr: 0.2651, Steps: 155)
  [Worker 5] episode 659 finished. (AvgLatErr: 0.2339, Steps: 162)
[Worker 5].
Warning: num_agents (8) is greater than the number of available vehicle parameters (4). Cycling vehicle templates.
[Worker 6] TensorFlow device=GPU, mixed_precision=mixed_float16
[Worker 6] Random seed fixed: 700691
[Worker 6] started on GPU.
  [Worker 6] episode 650 finished. (AvgLatErr: 0.1891, Steps: 200)
  [Worker 6] episode 651 finished. (AvgLatErr: 0.4333, Steps: 200)
  [Worker 6] episode 652 finished. (AvgLatErr: 0.4528, Steps: 200)
  [Worker 6] episode 653 finished. (AvgLatErr: 0.3137, Steps: 200)
  [Worker 6] episode 654 finished. (AvgLatErr: 0.5266, Steps: 200)
  [Worker 6] episode 655 finished. (AvgLatErr: 0.4108, Steps: 200)
  [Worker 6] episode 656 finished. (AvgLatErr: 0.5190, Steps: 199)
  [Worker 6] episode 657 finished. (AvgLatErr: 0.3117, Steps: 200)
  [Worker 6] episode 658 finished. (AvgLatErr: 0.4994, Steps: 200)
  [Worker 6] episode 659 finished. (AvgLatErr: 0.3250, Steps: 200)
[Worker 6].
[Main] workers finished. (elapsed: 85.87s)
[Main] Aggregation-selected agents: [0, 1, 4, 6]
[Main] FedAdagrad update completed.
[Main] Replay buffers reset after global model update.
============================================================================================
659 EP / Agent 0 : Avg Lat Err 0.8478
659 EP / Agent 1 : Avg Lat Err 0.1697
659 EP / Agent 2 : Avg Lat Err 0.4236
659 EP / Agent 3 : Avg Lat Err 0.4996
659 EP / Agent 4 : Avg Lat Err 0.2650
659 EP / Agent 5 : Avg Lat Err 0.2339
659 EP / Agent 6 : Avg Lat Err 0.3250
659 EP / Agent 7 : Avg Lat Err 0.2181
============================================================================================

============================================================================================
[Main] FL round started. (episode 660 ~ 669)
[Main] Client selection: mode=random, budget=4
[Main] Participating agents: [0, 1, 2, 3, 4, 5, 6, 7]
Warning: num_agents (8) is greater than the number of available vehicle parameters (4). Cycling vehicle templates.
[Worker 0] TensorFlow device=GPU, mixed_precision=mixed_float16
[Worker 0] Random seed fixed: 100701
[Worker 0] started on GPU.
  [Worker 0] episode 660 finished. (AvgLatErr: 0.8661, Steps: 125)
  [Worker 0] episode 661 finished. (AvgLatErr: 1.0211, Steps: 126)
  [Worker 0] episode 662 finished. (AvgLatErr: 1.5054, Steps: 135)
  [Worker 0] episode 663 finished. (AvgLatErr: 1.2010, Steps: 131)
  [Worker 0] episode 664 finished. (AvgLatErr: 1.1761, Steps: 132)
  [Worker 0] episode 665 finished. (AvgLatErr: 1.0883, Steps: 131)
  [Worker 0] episode 666 finished. (AvgLatErr: 1.0294, Steps: 136)
  [Worker 0] episode 667 finished. (AvgLatErr: 1.0157, Steps: 132)
  [Worker 0] episode 668 finished. (AvgLatErr: 1.2621, Steps: 125)
  [Worker 0] episode 669 finished. (AvgLatErr: 1.1020, Steps: 136)
[Worker 0].
Warning: num_agents (8) is greater than the number of available vehicle parameters (4). Cycling vehicle templates.
[Worker 1] TensorFlow device=GPU, mixed_precision=mixed_float16
[Worker 1] Random seed fixed: 200701
[Worker 1] started on GPU.
  [Worker 1] episode 660 finished. (AvgLatErr: 0.1945, Steps: 127)
  [Worker 1] episode 661 finished. (AvgLatErr: 0.2347, Steps: 132)
  [Worker 1] episode 662 finished. (AvgLatErr: 0.1655, Steps: 131)
  [Worker 1] episode 663 finished. (AvgLatErr: 0.1353, Steps: 132)
  [Worker 1] episode 664 finished. (AvgLatErr: 0.1501, Steps: 128)
  [Worker 1] episode 665 finished. (AvgLatErr: 0.1339, Steps: 130)
  [Worker 1] episode 666 finished. (AvgLatErr: 0.1398, Steps: 133)
  [Worker 1] episode 667 finished. (AvgLatErr: 0.1731, Steps: 132)
  [Worker 1] episode 668 finished. (AvgLatErr: 0.1348, Steps: 127)
  [Worker 1] episode 669 finished. (AvgLatErr: 0.1579, Steps: 128)
[Worker 1].
Warning: num_agents (8) is greater than the number of available vehicle parameters (4). Cycling vehicle templates.
[Worker 2] TensorFlow device=GPU, mixed_precision=mixed_float16
[Worker 2] Random seed fixed: 300701
[Worker 2] started on GPU.
  [Worker 2] episode 660 finished. (AvgLatErr: 0.2045, Steps: 123)
  [Worker 2] episode 661 finished. (AvgLatErr: 0.4721, Steps: 137)
  [Worker 2] episode 662 finished. (AvgLatErr: 0.3986, Steps: 116)
  [Worker 2] episode 663 finished. (AvgLatErr: 0.5047, Steps: 130)
  [Worker 2] episode 664 finished. (AvgLatErr: 0.3911, Steps: 139)
  [Worker 2] episode 665 finished. (AvgLatErr: 0.4308, Steps: 119)
  [Worker 2] episode 666 finished. (AvgLatErr: 1.0837, Steps: 135)
  [Worker 2] episode 667 finished. (AvgLatErr: 0.2481, Steps: 158)
  [Worker 2] episode 668 finished. (AvgLatErr: 0.6085, Steps: 131)
  [Worker 2] episode 669 finished. (AvgLatErr: 0.5893, Steps: 135)
[Worker 2].
Warning: num_agents (8) is greater than the number of available vehicle parameters (4). Cycling vehicle templates.
[Worker 3] TensorFlow device=GPU, mixed_precision=mixed_float16
[Worker 3] Random seed fixed: 400701
[Worker 3] started on GPU.
  [Worker 3] episode 660 finished. (AvgLatErr: 0.5850, Steps: 170)
  [Worker 3] episode 661 finished. (AvgLatErr: 0.3904, Steps: 192)
  [Worker 3] episode 662 finished. (AvgLatErr: 0.4200, Steps: 170)
  [Worker 3] episode 663 finished. (AvgLatErr: 0.3046, Steps: 194)
  [Worker 3] episode 664 finished. (AvgLatErr: 0.4978, Steps: 176)
  [Worker 3] episode 665 finished. (AvgLatErr: 0.3786, Steps: 171)
  [Worker 3] episode 666 finished. (AvgLatErr: 0.6743, Steps: 170)
  [Worker 3] episode 667 finished. (AvgLatErr: 0.7931, Steps: 184)
  [Worker 3] episode 668 finished. (AvgLatErr: 1.9764, Steps: 184)
  [Worker 3] episode 669 finished. (AvgLatErr: 0.5115, Steps: 170)
[Worker 3].
Warning: num_agents (8) is greater than the number of available vehicle parameters (4). Cycling vehicle templates.
[Worker 4] TensorFlow device=GPU, mixed_precision=mixed_float16
[Worker 4] Random seed fixed: 500701
[Worker 4] started on GPU.
  [Worker 4] episode 660 finished. (AvgLatErr: 0.3828, Steps: 165)
  [Worker 4] episode 661 finished. (AvgLatErr: 0.3085, Steps: 167)
  [Worker 4] episode 662 finished. (AvgLatErr: 0.3297, Steps: 159)
  [Worker 4] episode 663 finished. (AvgLatErr: 0.3118, Steps: 178)
  [Worker 4] episode 664 finished. (AvgLatErr: 0.2182, Steps: 161)
  [Worker 4] episode 665 finished. (AvgLatErr: 0.3162, Steps: 164)
  [Worker 4] episode 666 finished. (AvgLatErr: 0.3218, Steps: 155)
  [Worker 4] episode 667 finished. (AvgLatErr: 0.2930, Steps: 156)
  [Worker 4] episode 668 finished. (AvgLatErr: 0.4193, Steps: 169)
  [Worker 4] episode 669 finished. (AvgLatErr: 6.5105, Steps: 200)
[Worker 4].
Warning: num_agents (8) is greater than the number of available vehicle parameters (4). Cycling vehicle templates.
[Worker 5] TensorFlow device=GPU, mixed_precision=mixed_float16
[Worker 5] Random seed fixed: 600701
[Worker 5] started on GPU.
  [Worker 5] episode 660 finished. (AvgLatErr: 0.1927, Steps: 159)
  [Worker 5] episode 661 finished. (AvgLatErr: 0.3063, Steps: 162)
  [Worker 5] episode 662 finished. (AvgLatErr: 0.2558, Steps: 152)
  [Worker 5] episode 663 finished. (AvgLatErr: 0.2568, Steps: 177)
  [Worker 5] episode 664 finished. (AvgLatErr: 0.2423, Steps: 187)
  [Worker 5] episode 665 finished. (AvgLatErr: 0.1693, Steps: 163)
  [Worker 5] episode 666 finished. (AvgLatErr: 0.2275, Steps: 149)
  [Worker 5] episode 667 finished. (AvgLatErr: 0.1878, Steps: 165)
  [Worker 5] episode 668 finished. (AvgLatErr: 0.2884, Steps: 162)
  [Worker 5] episode 669 finished. (AvgLatErr: 0.3165, Steps: 176)
[Worker 5].
Warning: num_agents (8) is greater than the number of available vehicle parameters (4). Cycling vehicle templates.
[Worker 7] TensorFlow device=GPU, mixed_precision=mixed_float16
[Worker 7] Random seed fixed: 800701
[Worker 7] started on GPU.
  [Worker 7] episode 660 finished. (AvgLatErr: 0.3076, Steps: 144)
  [Worker 7] episode 661 finished. (AvgLatErr: 0.2250, Steps: 154)
  [Worker 7] episode 662 finished. (AvgLatErr: 0.2697, Steps: 152)
  [Worker 7] episode 663 finished. (AvgLatErr: 0.2202, Steps: 152)
  [Worker 7] episode 664 finished. (AvgLatErr: 0.2567, Steps: 136)
  [Worker 7] episode 665 finished. (AvgLatErr: 0.1414, Steps: 141)
  [Worker 7] episode 666 finished. (AvgLatErr: 0.1488, Steps: 145)
  [Worker 7] episode 667 finished. (AvgLatErr: 0.1767, Steps: 139)
  [Worker 7] episode 668 finished. (AvgLatErr: 0.1837, Steps: 134)
  [Worker 7] episode 669 finished. (AvgLatErr: 0.2132, Steps: 130)
[Worker 7].
Warning: num_agents (8) is greater than the number of available vehicle parameters (4). Cycling vehicle templates.
[Worker 6] TensorFlow device=GPU, mixed_precision=mixed_float16
[Worker 6] Random seed fixed: 700701
[Worker 6] started on GPU.
  [Worker 6] episode 660 finished. (AvgLatErr: 0.4776, Steps: 200)
  [Worker 6] episode 661 finished. (AvgLatErr: 0.4457, Steps: 200)
  [Worker 6] episode 662 finished. (AvgLatErr: 0.5767, Steps: 200)
  [Worker 6] episode 663 finished. (AvgLatErr: 0.6265, Steps: 200)
  [Worker 6] episode 664 finished. (AvgLatErr: 0.4937, Steps: 200)
  [Worker 6] episode 665 finished. (AvgLatErr: 0.4558, Steps: 200)
  [Worker 6] episode 666 finished. (AvgLatErr: 0.5695, Steps: 200)
  [Worker 6] episode 667 finished. (AvgLatErr: 0.5568, Steps: 200)
  [Worker 6] episode 668 finished. (AvgLatErr: 0.3522, Steps: 200)
  [Worker 6] episode 669 finished. (AvgLatErr: 0.3915, Steps: 200)
[Worker 6].
[Main] workers finished. (elapsed: 84.98s)
[Main] Aggregation-selected agents: [0, 1, 4, 6]
[Main] FedAdagrad update completed.
[Main] Replay buffers reset after global model update.
============================================================================================
669 EP / Agent 0 : Avg Lat Err 1.1020
669 EP / Agent 1 : Avg Lat Err 0.1579
669 EP / Agent 2 : Avg Lat Err 0.5893
669 EP / Agent 3 : Avg Lat Err 0.5115
669 EP / Agent 4 : Avg Lat Err 6.5105
669 EP / Agent 5 : Avg Lat Err 0.3165
669 EP / Agent 6 : Avg Lat Err 0.3915
669 EP / Agent 7 : Avg Lat Err 0.2132
============================================================================================

============================================================================================
[Main] FL round started. (episode 670 ~ 679)
[Main] Client selection: mode=random, budget=4
[Main] Participating agents: [0, 1, 2, 3, 4, 5, 6, 7]
Warning: num_agents (8) is greater than the number of available vehicle parameters (4). Cycling vehicle templates.
[Worker 0] TensorFlow device=GPU, mixed_precision=mixed_float16
[Worker 0] Random seed fixed: 100711
[Worker 0] started on GPU.
  [Worker 0] episode 670 finished. (AvgLatErr: 0.6139, Steps: 125)
  [Worker 0] episode 671 finished. (AvgLatErr: 0.5755, Steps: 130)
  [Worker 0] episode 672 finished. (AvgLatErr: 0.5681, Steps: 123)
  [Worker 0] episode 673 finished. (AvgLatErr: 1.0402, Steps: 127)
  [Worker 0] episode 674 finished. (AvgLatErr: 0.6381, Steps: 131)
  [Worker 0] episode 675 finished. (AvgLatErr: 0.4212, Steps: 135)
  [Worker 0] episode 676 finished. (AvgLatErr: 0.6656, Steps: 132)
  [Worker 0] episode 677 finished. (AvgLatErr: 0.7098, Steps: 134)
  [Worker 0] episode 678 finished. (AvgLatErr: 0.8369, Steps: 128)
  [Worker 0] episode 679 finished. (AvgLatErr: 0.9130, Steps: 128)
[Worker 0].
Warning: num_agents (8) is greater than the number of available vehicle parameters (4). Cycling vehicle templates.
[Worker 1] TensorFlow device=GPU, mixed_precision=mixed_float16
[Worker 1] Random seed fixed: 200711
[Worker 1] started on GPU.
  [Worker 1] episode 670 finished. (AvgLatErr: 0.2588, Steps: 122)
  [Worker 1] episode 671 finished. (AvgLatErr: 0.1927, Steps: 127)
  [Worker 1] episode 672 finished. (AvgLatErr: 0.2240, Steps: 131)
  [Worker 1] episode 673 finished. (AvgLatErr: 0.2762, Steps: 121)
  [Worker 1] episode 674 finished. (AvgLatErr: 0.1793, Steps: 139)
  [Worker 1] episode 675 finished. (AvgLatErr: 0.1692, Steps: 130)
  [Worker 1] episode 676 finished. (AvgLatErr: 0.1722, Steps: 128)
  [Worker 1] episode 677 finished. (AvgLatErr: 0.2779, Steps: 129)
  [Worker 1] episode 678 finished. (AvgLatErr: 0.2368, Steps: 120)
  [Worker 1] episode 679 finished. (AvgLatErr: 0.1838, Steps: 121)
[Worker 1].
Warning: num_agents (8) is greater than the number of available vehicle parameters (4). Cycling vehicle templates.
[Worker 2] TensorFlow device=GPU, mixed_precision=mixed_float16
[Worker 2] Random seed fixed: 300711
[Worker 2] started on GPU.
  [Worker 2] episode 670 finished. (AvgLatErr: 0.3911, Steps: 127)
  [Worker 2] episode 671 finished. (AvgLatErr: 0.4361, Steps: 131)
  [Worker 2] episode 672 finished. (AvgLatErr: 0.4421, Steps: 137)
  [Worker 2] episode 673 finished. (AvgLatErr: 0.6045, Steps: 132)
  [Worker 2] episode 674 finished. (AvgLatErr: 0.3751, Steps: 123)
  [Worker 2] episode 675 finished. (AvgLatErr: 0.6861, Steps: 135)
  [Worker 2] episode 676 finished. (AvgLatErr: 0.6700, Steps: 125)
  [Worker 2] episode 677 finished. (AvgLatErr: 0.3302, Steps: 112)
  [Worker 2] episode 678 finished. (AvgLatErr: 0.2798, Steps: 125)
  [Worker 2] episode 679 finished. (AvgLatErr: 0.5551, Steps: 121)
[Worker 2].
Warning: num_agents (8) is greater than the number of available vehicle parameters (4). Cycling vehicle templates.
[Worker 3] TensorFlow device=GPU, mixed_precision=mixed_float16
[Worker 3] Random seed fixed: 400711
[Worker 3] started on GPU.
  [Worker 3] episode 670 finished. (AvgLatErr: 0.5837, Steps: 172)
  [Worker 3] episode 671 finished. (AvgLatErr: 0.6457, Steps: 162)
  [Worker 3] episode 672 finished. (AvgLatErr: 0.3826, Steps: 165)
  [Worker 3] episode 673 finished. (AvgLatErr: 0.5754, Steps: 173)
  [Worker 3] episode 674 finished. (AvgLatErr: 0.4984, Steps: 170)
  [Worker 3] episode 675 finished. (AvgLatErr: 0.4937, Steps: 170)
  [Worker 3] episode 676 finished. (AvgLatErr: 0.4960, Steps: 168)
  [Worker 3] episode 677 finished. (AvgLatErr: 0.6520, Steps: 176)
  [Worker 3] episode 678 finished. (AvgLatErr: 0.3115, Steps: 168)
  [Worker 3] episode 679 finished. (AvgLatErr: 0.2641, Steps: 168)
[Worker 3].
Warning: num_agents (8) is greater than the number of available vehicle parameters (4). Cycling vehicle templates.
[Worker 4] TensorFlow device=GPU, mixed_precision=mixed_float16
[Worker 4] Random seed fixed: 500711
[Worker 4] started on GPU.
  [Worker 4] episode 670 finished. (AvgLatErr: 0.3844, Steps: 166)
  [Worker 4] episode 671 finished. (AvgLatErr: 0.3051, Steps: 164)
  [Worker 4] episode 672 finished. (AvgLatErr: 0.4416, Steps: 161)
  [Worker 4] episode 673 finished. (AvgLatErr: 0.3173, Steps: 155)
  [Worker 4] episode 674 finished. (AvgLatErr: 0.3352, Steps: 162)
  [Worker 4] episode 675 finished. (AvgLatErr: 0.3375, Steps: 174)
  [Worker 4] episode 676 finished. (AvgLatErr: 0.3586, Steps: 161)
  [Worker 4] episode 677 finished. (AvgLatErr: 0.2898, Steps: 153)
  [Worker 4] episode 678 finished. (AvgLatErr: 0.2184, Steps: 155)
  [Worker 4] episode 679 finished. (AvgLatErr: 0.2713, Steps: 151)
[Worker 4].
Warning: num_agents (8) is greater than the number of available vehicle parameters (4). Cycling vehicle templates.
[Worker 5] TensorFlow device=GPU, mixed_precision=mixed_float16
[Worker 5] Random seed fixed: 600711
[Worker 5] started on GPU.
  [Worker 5] episode 670 finished. (AvgLatErr: 0.2108, Steps: 149)
  [Worker 5] episode 671 finished. (AvgLatErr: 0.1801, Steps: 150)
  [Worker 5] episode 672 finished. (AvgLatErr: 0.1907, Steps: 143)
  [Worker 5] episode 673 finished. (AvgLatErr: 0.2975, Steps: 142)
  [Worker 5] episode 674 finished. (AvgLatErr: 0.2781, Steps: 144)
  [Worker 5] episode 675 finished. (AvgLatErr: 0.2876, Steps: 158)
  [Worker 5] episode 676 finished. (AvgLatErr: 0.2490, Steps: 170)
  [Worker 5] episode 677 finished. (AvgLatErr: 0.1690, Steps: 159)
  [Worker 5] episode 678 finished. (AvgLatErr: 0.1682, Steps: 150)
  [Worker 5] episode 679 finished. (AvgLatErr: 0.2687, Steps: 149)
[Worker 5].
Warning: num_agents (8) is greater than the number of available vehicle parameters (4). Cycling vehicle templates.
[Worker 7] TensorFlow device=GPU, mixed_precision=mixed_float16
[Worker 7] Random seed fixed: 800711
[Worker 7] started on GPU.
  [Worker 7] episode 670 finished. (AvgLatErr: 0.1879, Steps: 128)
  [Worker 7] episode 671 finished. (AvgLatErr: 0.2352, Steps: 142)
  [Worker 7] episode 672 finished. (AvgLatErr: 0.2581, Steps: 131)
  [Worker 7] episode 673 finished. (AvgLatErr: 0.2490, Steps: 149)
  [Worker 7] episode 674 finished. (AvgLatErr: 0.2061, Steps: 146)
  [Worker 7] episode 675 finished. (AvgLatErr: 0.1838, Steps: 148)
  [Worker 7] episode 676 finished. (AvgLatErr: 0.2075, Steps: 134)
  [Worker 7] episode 677 finished. (AvgLatErr: 0.1522, Steps: 142)
  [Worker 7] episode 678 finished. (AvgLatErr: 0.2129, Steps: 141)
  [Worker 7] episode 679 finished. (AvgLatErr: 0.2771, Steps: 157)
[Worker 7].
Warning: num_agents (8) is greater than the number of available vehicle parameters (4). Cycling vehicle templates.
[Worker 6] TensorFlow device=GPU, mixed_precision=mixed_float16
[Worker 6] Random seed fixed: 700711
[Worker 6] started on GPU.
  [Worker 6] episode 670 finished. (AvgLatErr: 0.5601, Steps: 200)
  [Worker 6] episode 671 finished. (AvgLatErr: 0.4140, Steps: 190)
  [Worker 6] episode 672 finished. (AvgLatErr: 0.5270, Steps: 200)
  [Worker 6] episode 673 finished. (AvgLatErr: 0.5635, Steps: 200)
  [Worker 6] episode 674 finished. (AvgLatErr: 0.4894, Steps: 200)
  [Worker 6] episode 675 finished. (AvgLatErr: 0.5392, Steps: 197)
  [Worker 6] episode 676 finished. (AvgLatErr: 0.5621, Steps: 200)
  [Worker 6] episode 677 finished. (AvgLatErr: 0.6716, Steps: 193)
  [Worker 6] episode 678 finished. (AvgLatErr: 0.5620, Steps: 196)
  [Worker 6] episode 679 finished. (AvgLatErr: 0.5544, Steps: 193)
[Worker 6].
[Main] workers finished. (elapsed: 83.27s)
[Main] Aggregation-selected agents: [1, 2, 4, 6]
[Main] FedAdagrad update completed.
[Main] Replay buffers reset after global model update.
============================================================================================
679 EP / Agent 0 : Avg Lat Err 0.9130
679 EP / Agent 1 : Avg Lat Err 0.1838
679 EP / Agent 2 : Avg Lat Err 0.5551
679 EP / Agent 3 : Avg Lat Err 0.2641
679 EP / Agent 4 : Avg Lat Err 0.2713
679 EP / Agent 5 : Avg Lat Err 0.2687
679 EP / Agent 6 : Avg Lat Err 0.5544
679 EP / Agent 7 : Avg Lat Err 0.2771
============================================================================================

============================================================================================
[Main] FL round started. (episode 680 ~ 689)
[Main] Client selection: mode=random, budget=4
[Main] Participating agents: [0, 1, 2, 3, 4, 5, 6, 7]
Warning: num_agents (8) is greater than the number of available vehicle parameters (4). Cycling vehicle templates.
[Worker 0] TensorFlow device=GPU, mixed_precision=mixed_float16
[Worker 0] Random seed fixed: 100721
[Worker 0] started on GPU.
  [Worker 0] episode 680 finished. (AvgLatErr: 0.5342, Steps: 133)
  [Worker 0] episode 681 finished. (AvgLatErr: 0.8002, Steps: 132)
  [Worker 0] episode 682 finished. (AvgLatErr: 0.5986, Steps: 134)
  [Worker 0] episode 683 finished. (AvgLatErr: 0.7343, Steps: 133)
  [Worker 0] episode 684 finished. (AvgLatErr: 0.7220, Steps: 132)
  [Worker 0] episode 685 finished. (AvgLatErr: 1.2809, Steps: 146)
  [Worker 0] episode 686 finished. (AvgLatErr: 1.0357, Steps: 135)
  [Worker 0] episode 687 finished. (AvgLatErr: 0.7004, Steps: 134)
  [Worker 0] episode 688 finished. (AvgLatErr: 0.7725, Steps: 136)
  [Worker 0] episode 689 finished. (AvgLatErr: 0.6822, Steps: 129)
[Worker 0].
Warning: num_agents (8) is greater than the number of available vehicle parameters (4). Cycling vehicle templates.
[Worker 1] TensorFlow device=GPU, mixed_precision=mixed_float16
[Worker 1] Random seed fixed: 200721
[Worker 1] started on GPU.
  [Worker 1] episode 680 finished. (AvgLatErr: 0.1557, Steps: 125)
  [Worker 1] episode 681 finished. (AvgLatErr: 0.2156, Steps: 124)
  [Worker 1] episode 682 finished. (AvgLatErr: 0.2666, Steps: 120)
  [Worker 1] episode 683 finished. (AvgLatErr: 0.1677, Steps: 127)
  [Worker 1] episode 684 finished. (AvgLatErr: 0.1324, Steps: 130)
  [Worker 1] episode 685 finished. (AvgLatErr: 0.2507, Steps: 132)
  [Worker 1] episode 686 finished. (AvgLatErr: 0.2247, Steps: 150)
  [Worker 1] episode 687 finished. (AvgLatErr: 0.2353, Steps: 115)
  [Worker 1] episode 688 finished. (AvgLatErr: 0.3111, Steps: 134)
  [Worker 1] episode 689 finished. (AvgLatErr: 0.3199, Steps: 123)
[Worker 1].
Warning: num_agents (8) is greater than the number of available vehicle parameters (4). Cycling vehicle templates.
[Worker 2] TensorFlow device=GPU, mixed_precision=mixed_float16
[Worker 2] Random seed fixed: 300721
[Worker 2] started on GPU.
  [Worker 2] episode 680 finished. (AvgLatErr: 0.3991, Steps: 131)
  [Worker 2] episode 681 finished. (AvgLatErr: 0.3911, Steps: 113)
  [Worker 2] episode 682 finished. (AvgLatErr: 0.4556, Steps: 137)
  [Worker 2] episode 683 finished. (AvgLatErr: 0.2807, Steps: 129)
  [Worker 2] episode 684 finished. (AvgLatErr: 0.5029, Steps: 129)
  [Worker 2] episode 685 finished. (AvgLatErr: 0.4215, Steps: 123)
  [Worker 2] episode 686 finished. (AvgLatErr: 0.3706, Steps: 127)
  [Worker 2] episode 687 finished. (AvgLatErr: 0.4920, Steps: 132)
  [Worker 2] episode 688 finished. (AvgLatErr: 0.2598, Steps: 127)
  [Worker 2] episode 689 finished. (AvgLatErr: 0.4549, Steps: 125)
[Worker 2].
Warning: num_agents (8) is greater than the number of available vehicle parameters (4). Cycling vehicle templates.
[Worker 3] TensorFlow device=GPU, mixed_precision=mixed_float16
[Worker 3] Random seed fixed: 400721
[Worker 3] started on GPU.
  [Worker 3] episode 680 finished. (AvgLatErr: 0.6227, Steps: 177)
  [Worker 3] episode 681 finished. (AvgLatErr: 0.3741, Steps: 170)
  [Worker 3] episode 682 finished. (AvgLatErr: 0.6415, Steps: 169)
  [Worker 3] episode 683 finished. (AvgLatErr: 0.5522, Steps: 177)
  [Worker 3] episode 684 finished. (AvgLatErr: 0.5523, Steps: 179)
  [Worker 3] episode 685 finished. (AvgLatErr: 0.4297, Steps: 172)
  [Worker 3] episode 686 finished. (AvgLatErr: 0.5552, Steps: 162)
  [Worker 3] episode 687 finished. (AvgLatErr: 0.5159, Steps: 170)
  [Worker 3] episode 688 finished. (AvgLatErr: 0.4030, Steps: 161)
  [Worker 3] episode 689 finished. (AvgLatErr: 0.5183, Steps: 167)
[Worker 3].
Warning: num_agents (8) is greater than the number of available vehicle parameters (4). Cycling vehicle templates.
[Worker 4] TensorFlow device=GPU, mixed_precision=mixed_float16
[Worker 4] Random seed fixed: 500721
[Worker 4] started on GPU.
  [Worker 4] episode 680 finished. (AvgLatErr: 0.3666, Steps: 181)
  [Worker 4] episode 681 finished. (AvgLatErr: 0.2807, Steps: 164)
  [Worker 4] episode 682 finished. (AvgLatErr: 0.2400, Steps: 161)
  [Worker 4] episode 683 finished. (AvgLatErr: 0.2942, Steps: 167)
  [Worker 4] episode 684 finished. (AvgLatErr: 0.2669, Steps: 158)
  [Worker 4] episode 685 finished. (AvgLatErr: 0.3049, Steps: 158)
  [Worker 4] episode 686 finished. (AvgLatErr: 0.2182, Steps: 156)
  [Worker 4] episode 687 finished. (AvgLatErr: 0.2559, Steps: 185)
  [Worker 4] episode 688 finished. (AvgLatErr: 0.2621, Steps: 182)
  [Worker 4] episode 689 finished. (AvgLatErr: 0.4210, Steps: 187)
[Worker 4].
Warning: num_agents (8) is greater than the number of available vehicle parameters (4). Cycling vehicle templates.
[Worker 5] TensorFlow device=GPU, mixed_precision=mixed_float16
[Worker 5] Random seed fixed: 600721
[Worker 5] started on GPU.
  [Worker 5] episode 680 finished. (AvgLatErr: 0.2457, Steps: 182)
  [Worker 5] episode 681 finished. (AvgLatErr: 0.1532, Steps: 145)
  [Worker 5] episode 682 finished. (AvgLatErr: 0.3451, Steps: 163)
  [Worker 5] episode 683 finished. (AvgLatErr: 0.2355, Steps: 157)
  [Worker 5] episode 684 finished. (AvgLatErr: 0.2537, Steps: 158)
  [Worker 5] episode 685 finished. (AvgLatErr: 0.2276, Steps: 158)
  [Worker 5] episode 686 finished. (AvgLatErr: 0.2216, Steps: 141)
  [Worker 5] episode 687 finished. (AvgLatErr: 0.1615, Steps: 161)
  [Worker 5] episode 688 finished. (AvgLatErr: 0.2046, Steps: 146)
  [Worker 5] episode 689 finished. (AvgLatErr: 0.1827, Steps: 175)
[Worker 5].
Warning: num_agents (8) is greater than the number of available vehicle parameters (4). Cycling vehicle templates.
[Worker 7] TensorFlow device=GPU, mixed_precision=mixed_float16
[Worker 7] Random seed fixed: 800721
[Worker 7] started on GPU.
  [Worker 7] episode 680 finished. (AvgLatErr: 0.2548, Steps: 132)
  [Worker 7] episode 681 finished. (AvgLatErr: 0.2900, Steps: 141)
  [Worker 7] episode 682 finished. (AvgLatErr: 0.2552, Steps: 117)
  [Worker 7] episode 683 finished. (AvgLatErr: 0.2183, Steps: 133)
  [Worker 7] episode 684 finished. (AvgLatErr: 0.2430, Steps: 127)
  [Worker 7] episode 685 finished. (AvgLatErr: 0.2120, Steps: 136)
  [Worker 7] episode 686 finished. (AvgLatErr: 5.5622, Steps: 200)
  [Worker 7] episode 687 finished. (AvgLatErr: 0.2348, Steps: 127)
  [Worker 7] episode 688 finished. (AvgLatErr: 0.1796, Steps: 135)
  [Worker 7] episode 689 finished. (AvgLatErr: 0.2112, Steps: 135)
[Worker 7].
Warning: num_agents (8) is greater than the number of available vehicle parameters (4). Cycling vehicle templates.
[Worker 6] TensorFlow device=GPU, mixed_precision=mixed_float16
[Worker 6] Random seed fixed: 700721
[Worker 6] started on GPU.
  [Worker 6] episode 680 finished. (AvgLatErr: 0.4132, Steps: 200)
  [Worker 6] episode 681 finished. (AvgLatErr: 0.5641, Steps: 200)
  [Worker 6] episode 682 finished. (AvgLatErr: 0.2723, Steps: 200)
  [Worker 6] episode 683 finished. (AvgLatErr: 0.4569, Steps: 193)
  [Worker 6] episode 684 finished. (AvgLatErr: 0.4227, Steps: 200)
  [Worker 6] episode 685 finished. (AvgLatErr: 0.4130, Steps: 182)
  [Worker 6] episode 686 finished. (AvgLatErr: 0.4493, Steps: 200)
  [Worker 6] episode 687 finished. (AvgLatErr: 0.3566, Steps: 194)
  [Worker 6] episode 688 finished. (AvgLatErr: 0.3887, Steps: 200)
  [Worker 6] episode 689 finished. (AvgLatErr: 0.6553, Steps: 196)
[Worker 6].
[Main] workers finished. (elapsed: 83.99s)
[Main] Aggregation-selected agents: [0, 1, 2, 4]
[Main] FedAdagrad update completed.
[Main] Replay buffers reset after global model update.
============================================================================================
689 EP / Agent 0 : Avg Lat Err 0.6822
689 EP / Agent 1 : Avg Lat Err 0.3199
689 EP / Agent 2 : Avg Lat Err 0.4549
689 EP / Agent 3 : Avg Lat Err 0.5183
689 EP / Agent 4 : Avg Lat Err 0.4210
689 EP / Agent 5 : Avg Lat Err 0.1827
689 EP / Agent 6 : Avg Lat Err 0.6553
689 EP / Agent 7 : Avg Lat Err 0.2112
============================================================================================

============================================================================================
[Main] FL round started. (episode 690 ~ 699)
[Main] Client selection: mode=random, budget=4
[Main] Participating agents: [0, 1, 2, 3, 4, 5, 6, 7]
Warning: num_agents (8) is greater than the number of available vehicle parameters (4). Cycling vehicle templates.
[Worker 0] TensorFlow device=GPU, mixed_precision=mixed_float16
[Worker 0] Random seed fixed: 100731
[Worker 0] started on GPU.
  [Worker 0] episode 690 finished. (AvgLatErr: 0.6893, Steps: 143)
  [Worker 0] episode 691 finished. (AvgLatErr: 0.8541, Steps: 127)
  [Worker 0] episode 692 finished. (AvgLatErr: 1.2595, Steps: 137)
  [Worker 0] episode 693 finished. (AvgLatErr: 1.0003, Steps: 133)
  [Worker 0] episode 694 finished. (AvgLatErr: 1.0109, Steps: 133)
  [Worker 0] episode 695 finished. (AvgLatErr: 1.0922, Steps: 140)
  [Worker 0] episode 696 finished. (AvgLatErr: 0.6204, Steps: 125)
  [Worker 0] episode 697 finished. (AvgLatErr: 0.6190, Steps: 129)
  [Worker 0] episode 698 finished. (AvgLatErr: 0.5684, Steps: 133)
  [Worker 0] episode 699 finished. (AvgLatErr: 0.3879, Steps: 134)
[Worker 0].
Warning: num_agents (8) is greater than the number of available vehicle parameters (4). Cycling vehicle templates.
[Worker 1] TensorFlow device=GPU, mixed_precision=mixed_float16
[Worker 1] Random seed fixed: 200731
[Worker 1] started on GPU.
  [Worker 1] episode 690 finished. (AvgLatErr: 0.2060, Steps: 129)
  [Worker 1] episode 691 finished. (AvgLatErr: 0.3186, Steps: 133)
  [Worker 1] episode 692 finished. (AvgLatErr: 0.2687, Steps: 116)
  [Worker 1] episode 693 finished. (AvgLatErr: 0.2828, Steps: 124)
  [Worker 1] episode 694 finished. (AvgLatErr: 0.1766, Steps: 111)
  [Worker 1] episode 695 finished. (AvgLatErr: 0.1750, Steps: 111)
  [Worker 1] episode 696 finished. (AvgLatErr: 0.1307, Steps: 113)
  [Worker 1] episode 697 finished. (AvgLatErr: 0.2178, Steps: 120)
  [Worker 1] episode 698 finished. (AvgLatErr: 0.2165, Steps: 113)
  [Worker 1] episode 699 finished. (AvgLatErr: 0.3319, Steps: 116)
[Worker 1].
Warning: num_agents (8) is greater than the number of available vehicle parameters (4). Cycling vehicle templates.
[Worker 2] TensorFlow device=GPU, mixed_precision=mixed_float16
[Worker 2] Random seed fixed: 300731
[Worker 2] started on GPU.
  [Worker 2] episode 690 finished. (AvgLatErr: 0.2987, Steps: 122)
  [Worker 2] episode 691 finished. (AvgLatErr: 0.4139, Steps: 133)
  [Worker 2] episode 692 finished. (AvgLatErr: 0.4499, Steps: 125)
  [Worker 2] episode 693 finished. (AvgLatErr: 0.3171, Steps: 128)
  [Worker 2] episode 694 finished. (AvgLatErr: 0.4217, Steps: 123)
  [Worker 2] episode 695 finished. (AvgLatErr: 0.3435, Steps: 120)
  [Worker 2] episode 696 finished. (AvgLatErr: 0.4888, Steps: 125)
  [Worker 2] episode 697 finished. (AvgLatErr: 0.5728, Steps: 134)
  [Worker 2] episode 698 finished. (AvgLatErr: 0.7103, Steps: 123)
  [Worker 2] episode 699 finished. (AvgLatErr: 0.6548, Steps: 123)
[Worker 2].
Warning: num_agents (8) is greater than the number of available vehicle parameters (4). Cycling vehicle templates.
[Worker 3] TensorFlow device=GPU, mixed_precision=mixed_float16
[Worker 3] Random seed fixed: 400731
[Worker 3] started on GPU.
  [Worker 3] episode 690 finished. (AvgLatErr: 0.3930, Steps: 179)
  [Worker 3] episode 691 finished. (AvgLatErr: 0.3775, Steps: 191)
  [Worker 3] episode 692 finished. (AvgLatErr: 0.6938, Steps: 164)
  [Worker 3] episode 693 finished. (AvgLatErr: 0.8396, Steps: 169)
  [Worker 3] episode 694 finished. (AvgLatErr: 0.5641, Steps: 158)
  [Worker 3] episode 695 finished. (AvgLatErr: 0.3456, Steps: 183)
  [Worker 3] episode 696 finished. (AvgLatErr: 0.5652, Steps: 166)
  [Worker 3] episode 697 finished. (AvgLatErr: 0.5195, Steps: 159)
  [Worker 3] episode 698 finished. (AvgLatErr: 0.5041, Steps: 162)
  [Worker 3] episode 699 finished. (AvgLatErr: 0.7394, Steps: 167)
[Worker 3].
Warning: num_agents (8) is greater than the number of available vehicle parameters (4). Cycling vehicle templates.
[Worker 5] TensorFlow device=GPU, mixed_precision=mixed_float16
[Worker 5] Random seed fixed: 600731
[Worker 5] started on GPU.
  [Worker 5] episode 690 finished. (AvgLatErr: 0.2288, Steps: 162)
  [Worker 5] episode 691 finished. (AvgLatErr: 0.2402, Steps: 137)
  [Worker 5] episode 692 finished. (AvgLatErr: 0.2545, Steps: 143)
  [Worker 5] episode 693 finished. (AvgLatErr: 0.2626, Steps: 142)
  [Worker 5] episode 694 finished. (AvgLatErr: 0.2579, Steps: 171)
  [Worker 5] episode 695 finished. (AvgLatErr: 0.1691, Steps: 143)
  [Worker 5] episode 696 finished. (AvgLatErr: 0.2330, Steps: 133)
  [Worker 5] episode 697 finished. (AvgLatErr: 0.2174, Steps: 151)
  [Worker 5] episode 698 finished. (AvgLatErr: 0.3260, Steps: 137)
  [Worker 5] episode 699 finished. (AvgLatErr: 0.2354, Steps: 134)
[Worker 5].
Warning: num_agents (8) is greater than the number of available vehicle parameters (4). Cycling vehicle templates.
[Worker 4] TensorFlow device=GPU, mixed_precision=mixed_float16
[Worker 4] Random seed fixed: 500731
[Worker 4] started on GPU.
  [Worker 4] episode 690 finished. (AvgLatErr: 0.3021, Steps: 169)
  [Worker 4] episode 691 finished. (AvgLatErr: 0.3826, Steps: 157)
  [Worker 4] episode 692 finished. (AvgLatErr: 0.2762, Steps: 152)
  [Worker 4] episode 693 finished. (AvgLatErr: 0.1846, Steps: 173)
  [Worker 4] episode 694 finished. (AvgLatErr: 0.1937, Steps: 173)
  [Worker 4] episode 695 finished. (AvgLatErr: 0.2640, Steps: 166)
  [Worker 4] episode 696 finished. (AvgLatErr: 0.2072, Steps: 173)
  [Worker 4] episode 697 finished. (AvgLatErr: 0.3277, Steps: 158)
  [Worker 4] episode 698 finished. (AvgLatErr: 0.2702, Steps: 150)
  [Worker 4] episode 699 finished. (AvgLatErr: 0.3029, Steps: 157)
[Worker 4].
Warning: num_agents (8) is greater than the number of available vehicle parameters (4). Cycling vehicle templates.
[Worker 7] TensorFlow device=GPU, mixed_precision=mixed_float16
[Worker 7] Random seed fixed: 800731
[Worker 7] started on GPU.
  [Worker 7] episode 690 finished. (AvgLatErr: 0.1262, Steps: 144)
  [Worker 7] episode 691 finished. (AvgLatErr: 0.4167, Steps: 132)
  [Worker 7] episode 692 finished. (AvgLatErr: 0.2715, Steps: 148)
  [Worker 7] episode 693 finished. (AvgLatErr: 0.1780, Steps: 132)
  [Worker 7] episode 694 finished. (AvgLatErr: 0.2694, Steps: 120)
  [Worker 7] episode 695 finished. (AvgLatErr: 0.2937, Steps: 116)
  [Worker 7] episode 696 finished. (AvgLatErr: 0.3052, Steps: 125)
  [Worker 7] episode 697 finished. (AvgLatErr: 0.2513, Steps: 119)
  [Worker 7] episode 698 finished. (AvgLatErr: 0.2808, Steps: 139)
  [Worker 7] episode 699 finished. (AvgLatErr: 0.3908, Steps: 143)
[Worker 7].
Warning: num_agents (8) is greater than the number of available vehicle parameters (4). Cycling vehicle templates.
[Worker 6] TensorFlow device=GPU, mixed_precision=mixed_float16
[Worker 6] Random seed fixed: 700731
[Worker 6] started on GPU.
  [Worker 6] episode 690 finished. (AvgLatErr: 0.4133, Steps: 200)
  [Worker 6] episode 691 finished. (AvgLatErr: 0.4595, Steps: 200)
  [Worker 6] episode 692 finished. (AvgLatErr: 0.4266, Steps: 186)
  [Worker 6] episode 693 finished. (AvgLatErr: 0.5023, Steps: 195)
  [Worker 6] episode 694 finished. (AvgLatErr: 0.5215, Steps: 189)
  [Worker 6] episode 695 finished. (AvgLatErr: 0.4937, Steps: 179)
  [Worker 6] episode 696 finished. (AvgLatErr: 0.6976, Steps: 198)
  [Worker 6] episode 697 finished. (AvgLatErr: 0.5697, Steps: 184)
  [Worker 6] episode 698 finished. (AvgLatErr: 0.7689, Steps: 200)
  [Worker 6] episode 699 finished. (AvgLatErr: 0.7207, Steps: 194)
[Worker 6].
[Main] workers finished. (elapsed: 87.31s)
[Main] Aggregation-selected agents: [1, 2, 3, 5]
[Main] FedAdagrad update completed.
[Main] Replay buffers reset after global model update.
============================================================================================
699 EP / Agent 0 : Avg Lat Err 0.3879
699 EP / Agent 1 : Avg Lat Err 0.3319
699 EP / Agent 2 : Avg Lat Err 0.6548
699 EP / Agent 3 : Avg Lat Err 0.7394
699 EP / Agent 4 : Avg Lat Err 0.3029
699 EP / Agent 5 : Avg Lat Err 0.2354
699 EP / Agent 6 : Avg Lat Err 0.7207
699 EP / Agent 7 : Avg Lat Err 0.3908
============================================================================================
[Main] Model checkpoint saved: C:\Users\syd79\FRL-Q\experiments\fast_parallel_fedadagrad_8random4_20260916_run1_random_4of8\checkpoints\global_model_episode_000700.weights.h5

============================================================================================
[Main] FL round started. (episode 700 ~ 709)
[Main] Client selection: mode=random, budget=4
[Main] Participating agents: [0, 1, 2, 3, 4, 5, 6, 7]
Warning: num_agents (8) is greater than the number of available vehicle parameters (4). Cycling vehicle templates.
[Worker 0] TensorFlow device=GPU, mixed_precision=mixed_float16
[Worker 0] Random seed fixed: 100741
[Worker 0] started on GPU.
  [Worker 0] episode 700 finished. (AvgLatErr: 0.6173, Steps: 130)
  [Worker 0] episode 701 finished. (AvgLatErr: 0.9896, Steps: 134)
  [Worker 0] episode 702 finished. (AvgLatErr: 1.5066, Steps: 139)
  [Worker 0] episode 703 finished. (AvgLatErr: 1.5379, Steps: 142)
  [Worker 0] episode 704 finished. (AvgLatErr: 1.3146, Steps: 134)
  [Worker 0] episode 705 finished. (AvgLatErr: 1.1536, Steps: 132)
  [Worker 0] episode 706 finished. (AvgLatErr: 1.3808, Steps: 135)
  [Worker 0] episode 707 finished. (AvgLatErr: 0.9020, Steps: 118)
  [Worker 0] episode 708 finished. (AvgLatErr: 0.9120, Steps: 122)
  [Worker 0] episode 709 finished. (AvgLatErr: 0.8598, Steps: 127)
[Worker 0].
Warning: num_agents (8) is greater than the number of available vehicle parameters (4). Cycling vehicle templates.
[Worker 1] TensorFlow device=GPU, mixed_precision=mixed_float16
[Worker 1] Random seed fixed: 200741
[Worker 1] started on GPU.
  [Worker 1] episode 700 finished. (AvgLatErr: 0.1807, Steps: 114)
  [Worker 1] episode 701 finished. (AvgLatErr: 0.2109, Steps: 125)
  [Worker 1] episode 702 finished. (AvgLatErr: 0.1928, Steps: 134)
  [Worker 1] episode 703 finished. (AvgLatErr: 0.4204, Steps: 126)
  [Worker 1] episode 704 finished. (AvgLatErr: 0.1273, Steps: 141)
  [Worker 1] episode 705 finished. (AvgLatErr: 0.2529, Steps: 139)
  [Worker 1] episode 706 finished. (AvgLatErr: 0.1547, Steps: 117)
  [Worker 1] episode 707 finished. (AvgLatErr: 0.2143, Steps: 123)
  [Worker 1] episode 708 finished. (AvgLatErr: 0.1172, Steps: 137)
  [Worker 1] episode 709 finished. (AvgLatErr: 0.1399, Steps: 145)
[Worker 1].
Warning: num_agents (8) is greater than the number of available vehicle parameters (4). Cycling vehicle templates.
[Worker 2] TensorFlow device=GPU, mixed_precision=mixed_float16
[Worker 2] Random seed fixed: 300741
[Worker 2] started on GPU.
  [Worker 2] episode 700 finished. (AvgLatErr: 0.4843, Steps: 124)
  [Worker 2] episode 701 finished. (AvgLatErr: 0.5449, Steps: 132)
  [Worker 2] episode 702 finished. (AvgLatErr: 0.3407, Steps: 129)
  [Worker 2] episode 703 finished. (AvgLatErr: 0.2666, Steps: 120)
  [Worker 2] episode 704 finished. (AvgLatErr: 0.3201, Steps: 126)
  [Worker 2] episode 705 finished. (AvgLatErr: 0.3651, Steps: 114)
  [Worker 2] episode 706 finished. (AvgLatErr: 0.3231, Steps: 144)
  [Worker 2] episode 707 finished. (AvgLatErr: 0.4452, Steps: 132)
  [Worker 2] episode 708 finished. (AvgLatErr: 0.4501, Steps: 133)
  [Worker 2] episode 709 finished. (AvgLatErr: 0.5496, Steps: 139)
[Worker 2].
Warning: num_agents (8) is greater than the number of available vehicle parameters (4). Cycling vehicle templates.
[Worker 3] TensorFlow device=GPU, mixed_precision=mixed_float16
[Worker 3] Random seed fixed: 400741
[Worker 3] started on GPU.
  [Worker 3] episode 700 finished. (AvgLatErr: 0.5374, Steps: 172)
  [Worker 3] episode 701 finished. (AvgLatErr: 0.5228, Steps: 161)
  [Worker 3] episode 702 finished. (AvgLatErr: 0.5163, Steps: 172)
  [Worker 3] episode 703 finished. (AvgLatErr: 0.5291, Steps: 171)
  [Worker 3] episode 704 finished. (AvgLatErr: 0.8459, Steps: 170)
  [Worker 3] episode 705 finished. (AvgLatErr: 0.4665, Steps: 160)
  [Worker 3] episode 706 finished. (AvgLatErr: 0.6557, Steps: 161)
  [Worker 3] episode 707 finished. (AvgLatErr: 0.8793, Steps: 168)
  [Worker 3] episode 708 finished. (AvgLatErr: 0.6575, Steps: 162)
  [Worker 3] episode 709 finished. (AvgLatErr: 0.5439, Steps: 167)
[Worker 3].
Warning: num_agents (8) is greater than the number of available vehicle parameters (4). Cycling vehicle templates.
[Worker 4] TensorFlow device=GPU, mixed_precision=mixed_float16
[Worker 4] Random seed fixed: 500741
[Worker 4] started on GPU.
  [Worker 4] episode 700 finished. (AvgLatErr: 0.4584, Steps: 172)
  [Worker 4] episode 701 finished. (AvgLatErr: 0.4734, Steps: 176)
  [Worker 4] episode 702 finished. (AvgLatErr: 0.2998, Steps: 174)
  [Worker 4] episode 703 finished. (AvgLatErr: 0.4861, Steps: 170)
  [Worker 4] episode 704 finished. (AvgLatErr: 0.2044, Steps: 165)
  [Worker 4] episode 705 finished. (AvgLatErr: 0.2743, Steps: 160)
  [Worker 4] episode 706 finished. (AvgLatErr: 0.2810, Steps: 158)
  [Worker 4] episode 707 finished. (AvgLatErr: 0.2588, Steps: 159)
  [Worker 4] episode 708 finished. (AvgLatErr: 0.3262, Steps: 157)
  [Worker 4] episode 709 finished. (AvgLatErr: 0.3345, Steps: 155)
[Worker 4].
Warning: num_agents (8) is greater than the number of available vehicle parameters (4). Cycling vehicle templates.
[Worker 5] TensorFlow device=GPU, mixed_precision=mixed_float16
[Worker 5] Random seed fixed: 600741
[Worker 5] started on GPU.
  [Worker 5] episode 700 finished. (AvgLatErr: 0.2565, Steps: 142)
  [Worker 5] episode 701 finished. (AvgLatErr: 0.3099, Steps: 153)
  [Worker 5] episode 702 finished. (AvgLatErr: 0.2050, Steps: 198)
  [Worker 5] episode 703 finished. (AvgLatErr: 0.3088, Steps: 160)
  [Worker 5] episode 704 finished. (AvgLatErr: 0.1564, Steps: 172)
  [Worker 5] episode 705 finished. (AvgLatErr: 0.1665, Steps: 148)
  [Worker 5] episode 706 finished. (AvgLatErr: 0.2466, Steps: 148)
  [Worker 5] episode 707 finished. (AvgLatErr: 0.2256, Steps: 140)
  [Worker 5] episode 708 finished. (AvgLatErr: 0.2239, Steps: 149)
  [Worker 5] episode 709 finished. (AvgLatErr: 0.2669, Steps: 155)
[Worker 5].
Warning: num_agents (8) is greater than the number of available vehicle parameters (4). Cycling vehicle templates.
[Worker 7] TensorFlow device=GPU, mixed_precision=mixed_float16
[Worker 7] Random seed fixed: 800741
[Worker 7] started on GPU.
  [Worker 7] episode 700 finished. (AvgLatErr: 0.3208, Steps: 144)
  [Worker 7] episode 701 finished. (AvgLatErr: 0.2730, Steps: 143)
  [Worker 7] episode 702 finished. (AvgLatErr: 0.2009, Steps: 139)
  [Worker 7] episode 703 finished. (AvgLatErr: 0.1453, Steps: 139)
  [Worker 7] episode 704 finished. (AvgLatErr: 0.1162, Steps: 154)
  [Worker 7] episode 705 finished. (AvgLatErr: 0.1324, Steps: 152)
  [Worker 7] episode 706 finished. (AvgLatErr: 0.1714, Steps: 148)
  [Worker 7] episode 707 finished. (AvgLatErr: 0.1299, Steps: 164)
  [Worker 7] episode 708 finished. (AvgLatErr: 0.2530, Steps: 153)
  [Worker 7] episode 709 finished. (AvgLatErr: 0.2328, Steps: 136)
[Worker 7].
Warning: num_agents (8) is greater than the number of available vehicle parameters (4). Cycling vehicle templates.
[Worker 6] TensorFlow device=GPU, mixed_precision=mixed_float16
[Worker 6] Random seed fixed: 700741
[Worker 6] started on GPU.
  [Worker 6] episode 700 finished. (AvgLatErr: 0.2977, Steps: 185)
  [Worker 6] episode 701 finished. (AvgLatErr: 0.4751, Steps: 200)
  [Worker 6] episode 702 finished. (AvgLatErr: 0.5311, Steps: 200)
  [Worker 6] episode 703 finished. (AvgLatErr: 0.5432, Steps: 191)
  [Worker 6] episode 704 finished. (AvgLatErr: 0.5018, Steps: 200)
  [Worker 6] episode 705 finished. (AvgLatErr: 0.6306, Steps: 200)
  [Worker 6] episode 706 finished. (AvgLatErr: 0.3398, Steps: 200)
  [Worker 6] episode 707 finished. (AvgLatErr: 0.3720, Steps: 200)
  [Worker 6] episode 708 finished. (AvgLatErr: 0.6351, Steps: 200)
  [Worker 6] episode 709 finished. (AvgLatErr: 0.8661, Steps: 200)
[Worker 6].
[Main] workers finished. (elapsed: 83.43s)
[Main] Aggregation-selected agents: [3, 4, 5, 7]
[Main] FedAdagrad update completed.
[Main] Replay buffers reset after global model update.
============================================================================================
709 EP / Agent 0 : Avg Lat Err 0.8598
709 EP / Agent 1 : Avg Lat Err 0.1399
709 EP / Agent 2 : Avg Lat Err 0.5496
709 EP / Agent 3 : Avg Lat Err 0.5439
709 EP / Agent 4 : Avg Lat Err 0.3345
709 EP / Agent 5 : Avg Lat Err 0.2669
709 EP / Agent 6 : Avg Lat Err 0.8661
709 EP / Agent 7 : Avg Lat Err 0.2328
============================================================================================

============================================================================================
[Main] FL round started. (episode 710 ~ 719)
[Main] Client selection: mode=random, budget=4
[Main] Participating agents: [0, 1, 2, 3, 4, 5, 6, 7]
Warning: num_agents (8) is greater than the number of available vehicle parameters (4). Cycling vehicle templates.
[Worker 0] TensorFlow device=GPU, mixed_precision=mixed_float16
[Worker 0] Random seed fixed: 100751
[Worker 0] started on GPU.
  [Worker 0] episode 710 finished. (AvgLatErr: 1.1540, Steps: 132)
  [Worker 0] episode 711 finished. (AvgLatErr: 1.4112, Steps: 142)
  [Worker 0] episode 712 finished. (AvgLatErr: 0.7262, Steps: 131)
  [Worker 0] episode 713 finished. (AvgLatErr: 0.6597, Steps: 129)
  [Worker 0] episode 714 finished. (AvgLatErr: 0.9074, Steps: 121)
  [Worker 0] episode 715 finished. (AvgLatErr: 1.1064, Steps: 135)
  [Worker 0] episode 716 finished. (AvgLatErr: 0.9084, Steps: 130)
  [Worker 0] episode 717 finished. (AvgLatErr: 0.7619, Steps: 137)
  [Worker 0] episode 718 finished. (AvgLatErr: 0.7718, Steps: 132)
  [Worker 0] episode 719 finished. (AvgLatErr: 0.8776, Steps: 135)
[Worker 0].
Warning: num_agents (8) is greater than the number of available vehicle parameters (4). Cycling vehicle templates.
[Worker 1] TensorFlow device=GPU, mixed_precision=mixed_float16
[Worker 1] Random seed fixed: 200751
[Worker 1] started on GPU.
  [Worker 1] episode 710 finished. (AvgLatErr: 0.1461, Steps: 132)
  [Worker 1] episode 711 finished. (AvgLatErr: 0.1859, Steps: 114)
  [Worker 1] episode 712 finished. (AvgLatErr: 0.3029, Steps: 118)
  [Worker 1] episode 713 finished. (AvgLatErr: 0.2890, Steps: 115)
  [Worker 1] episode 714 finished. (AvgLatErr: 0.2420, Steps: 118)
  [Worker 1] episode 715 finished. (AvgLatErr: 0.2199, Steps: 126)
  [Worker 1] episode 716 finished. (AvgLatErr: 0.2026, Steps: 141)
  [Worker 1] episode 717 finished. (AvgLatErr: 0.2956, Steps: 137)
  [Worker 1] episode 718 finished. (AvgLatErr: 0.1104, Steps: 136)
  [Worker 1] episode 719 finished. (AvgLatErr: 0.2006, Steps: 124)
[Worker 1].
Warning: num_agents (8) is greater than the number of available vehicle parameters (4). Cycling vehicle templates.
[Worker 2] TensorFlow device=GPU, mixed_precision=mixed_float16
[Worker 2] Random seed fixed: 300751
[Worker 2] started on GPU.
  [Worker 2] episode 710 finished. (AvgLatErr: 6.4072, Steps: 200)
  [Worker 2] episode 711 finished. (AvgLatErr: 1.1091, Steps: 133)
  [Worker 2] episode 712 finished. (AvgLatErr: 1.2332, Steps: 126)
  [Worker 2] episode 713 finished. (AvgLatErr: 0.7066, Steps: 132)
  [Worker 2] episode 714 finished. (AvgLatErr: 0.5371, Steps: 134)
  [Worker 2] episode 715 finished. (AvgLatErr: 0.6297, Steps: 132)
  [Worker 2] episode 716 finished. (AvgLatErr: 0.6612, Steps: 138)
  [Worker 2] episode 717 finished. (AvgLatErr: 0.4550, Steps: 116)
  [Worker 2] episode 718 finished. (AvgLatErr: 0.4416, Steps: 119)
  [Worker 2] episode 719 finished. (AvgLatErr: 0.5999, Steps: 135)
[Worker 2].
Warning: num_agents (8) is greater than the number of available vehicle parameters (4). Cycling vehicle templates.
[Worker 3] TensorFlow device=GPU, mixed_precision=mixed_float16
[Worker 3] Random seed fixed: 400751
[Worker 3] started on GPU.
  [Worker 3] episode 710 finished. (AvgLatErr: 0.5494, Steps: 171)
  [Worker 3] episode 711 finished. (AvgLatErr: 0.7277, Steps: 169)
  [Worker 3] episode 712 finished. (AvgLatErr: 0.4690, Steps: 171)
  [Worker 3] episode 713 finished. (AvgLatErr: 0.4138, Steps: 184)
  [Worker 3] episode 714 finished. (AvgLatErr: 0.5343, Steps: 183)
  [Worker 3] episode 715 finished. (AvgLatErr: 0.9336, Steps: 168)
  [Worker 3] episode 716 finished. (AvgLatErr: 0.4903, Steps: 179)
  [Worker 3] episode 717 finished. (AvgLatErr: 0.4673, Steps: 171)
  [Worker 3] episode 718 finished. (AvgLatErr: 0.4015, Steps: 170)
  [Worker 3] episode 719 finished. (AvgLatErr: 0.4074, Steps: 166)
[Worker 3].
Warning: num_agents (8) is greater than the number of available vehicle parameters (4). Cycling vehicle templates.
[Worker 4] TensorFlow device=GPU, mixed_precision=mixed_float16
[Worker 4] Random seed fixed: 500751
[Worker 4] started on GPU.
  [Worker 4] episode 710 finished. (AvgLatErr: 0.4154, Steps: 167)
  [Worker 4] episode 711 finished. (AvgLatErr: 0.3382, Steps: 166)
  [Worker 4] episode 712 finished. (AvgLatErr: 0.3582, Steps: 147)
  [Worker 4] episode 713 finished. (AvgLatErr: 0.2279, Steps: 170)
  [Worker 4] episode 714 finished. (AvgLatErr: 0.3856, Steps: 152)
  [Worker 4] episode 715 finished. (AvgLatErr: 0.3014, Steps: 166)
  [Worker 4] episode 716 finished. (AvgLatErr: 0.3483, Steps: 167)
  [Worker 4] episode 717 finished. (AvgLatErr: 0.2999, Steps: 160)
  [Worker 4] episode 718 finished. (AvgLatErr: 0.2746, Steps: 149)
  [Worker 4] episode 719 finished. (AvgLatErr: 0.2753, Steps: 170)
[Worker 4].
Warning: num_agents (8) is greater than the number of available vehicle parameters (4). Cycling vehicle templates.
[Worker 5] TensorFlow device=GPU, mixed_precision=mixed_float16
[Worker 5] Random seed fixed: 600751
[Worker 5] started on GPU.
  [Worker 5] episode 710 finished. (AvgLatErr: 0.1900, Steps: 168)
  [Worker 5] episode 711 finished. (AvgLatErr: 0.2045, Steps: 155)
  [Worker 5] episode 712 finished. (AvgLatErr: 0.2417, Steps: 173)
  [Worker 5] episode 713 finished. (AvgLatErr: 0.2547, Steps: 161)
  [Worker 5] episode 714 finished. (AvgLatErr: 0.3056, Steps: 154)
  [Worker 5] episode 715 finished. (AvgLatErr: 0.2251, Steps: 173)
  [Worker 5] episode 716 finished. (AvgLatErr: 0.2613, Steps: 170)
  [Worker 5] episode 717 finished. (AvgLatErr: 0.3168, Steps: 164)
  [Worker 5] episode 718 finished. (AvgLatErr: 0.3161, Steps: 155)
  [Worker 5] episode 719 finished. (AvgLatErr: 0.4530, Steps: 156)
[Worker 5].
Warning: num_agents (8) is greater than the number of available vehicle parameters (4). Cycling vehicle templates.
[Worker 7] TensorFlow device=GPU, mixed_precision=mixed_float16
[Worker 7] Random seed fixed: 800751
[Worker 7] started on GPU.
  [Worker 7] episode 710 finished. (AvgLatErr: 0.1521, Steps: 137)
  [Worker 7] episode 711 finished. (AvgLatErr: 0.1826, Steps: 135)
  [Worker 7] episode 712 finished. (AvgLatErr: 0.1479, Steps: 169)
  [Worker 7] episode 713 finished. (AvgLatErr: 0.1407, Steps: 147)
  [Worker 7] episode 714 finished. (AvgLatErr: 0.1256, Steps: 141)
  [Worker 7] episode 715 finished. (AvgLatErr: 0.1554, Steps: 135)
  [Worker 7] episode 716 finished. (AvgLatErr: 0.2071, Steps: 140)
  [Worker 7] episode 717 finished. (AvgLatErr: 0.1622, Steps: 141)
  [Worker 7] episode 718 finished. (AvgLatErr: 0.2175, Steps: 139)
  [Worker 7] episode 719 finished. (AvgLatErr: 0.1633, Steps: 173)
[Worker 7].
Warning: num_agents (8) is greater than the number of available vehicle parameters (4). Cycling vehicle templates.
[Worker 6] TensorFlow device=GPU, mixed_precision=mixed_float16
[Worker 6] Random seed fixed: 700751
[Worker 6] started on GPU.
  [Worker 6] episode 710 finished. (AvgLatErr: 0.6653, Steps: 200)
  [Worker 6] episode 711 finished. (AvgLatErr: 0.5231, Steps: 200)
  [Worker 6] episode 712 finished. (AvgLatErr: 0.4058, Steps: 200)
  [Worker 6] episode 713 finished. (AvgLatErr: 0.5785, Steps: 194)
  [Worker 6] episode 714 finished. (AvgLatErr: 0.3978, Steps: 200)
  [Worker 6] episode 715 finished. (AvgLatErr: 0.3890, Steps: 200)
  [Worker 6] episode 716 finished. (AvgLatErr: 0.4347, Steps: 200)
  [Worker 6] episode 717 finished. (AvgLatErr: 0.4668, Steps: 200)
  [Worker 6] episode 718 finished. (AvgLatErr: 0.4217, Steps: 200)
  [Worker 6] episode 719 finished. (AvgLatErr: 0.2687, Steps: 200)
[Worker 6].
[Main] workers finished. (elapsed: 82.81s)
[Main] Aggregation-selected agents: [1, 2, 4, 7]
[Main] FedAdagrad update completed.
[Main] Replay buffers reset after global model update.
============================================================================================
719 EP / Agent 0 : Avg Lat Err 0.8776
719 EP / Agent 1 : Avg Lat Err 0.2006
719 EP / Agent 2 : Avg Lat Err 0.5999
719 EP / Agent 3 : Avg Lat Err 0.4074
719 EP / Agent 4 : Avg Lat Err 0.2753
719 EP / Agent 5 : Avg Lat Err 0.4530
719 EP / Agent 6 : Avg Lat Err 0.2687
719 EP / Agent 7 : Avg Lat Err 0.1633
============================================================================================

============================================================================================
[Main] FL round started. (episode 720 ~ 729)
[Main] Client selection: mode=random, budget=4
[Main] Participating agents: [0, 1, 2, 3, 4, 5, 6, 7]
Warning: num_agents (8) is greater than the number of available vehicle parameters (4). Cycling vehicle templates.
[Worker 0] TensorFlow device=GPU, mixed_precision=mixed_float16
[Worker 0] Random seed fixed: 100761
[Worker 0] started on GPU.
  [Worker 0] episode 720 finished. (AvgLatErr: 0.6918, Steps: 133)
  [Worker 0] episode 721 finished. (AvgLatErr: 0.6604, Steps: 130)
  [Worker 0] episode 722 finished. (AvgLatErr: 0.8167, Steps: 134)
  [Worker 0] episode 723 finished. (AvgLatErr: 0.9628, Steps: 133)
  [Worker 0] episode 724 finished. (AvgLatErr: 0.6582, Steps: 148)
  [Worker 0] episode 725 finished. (AvgLatErr: 0.9145, Steps: 137)
  [Worker 0] episode 726 finished. (AvgLatErr: 0.8187, Steps: 141)
  [Worker 0] episode 727 finished. (AvgLatErr: 0.9498, Steps: 135)
  [Worker 0] episode 728 finished. (AvgLatErr: 0.8329, Steps: 136)
  [Worker 0] episode 729 finished. (AvgLatErr: 0.6323, Steps: 136)
[Worker 0].
Warning: num_agents (8) is greater than the number of available vehicle parameters (4). Cycling vehicle templates.
[Worker 1] TensorFlow device=GPU, mixed_precision=mixed_float16
[Worker 1] Random seed fixed: 200761
[Worker 1] started on GPU.
  [Worker 1] episode 720 finished. (AvgLatErr: 0.1700, Steps: 141)
  [Worker 1] episode 721 finished. (AvgLatErr: 0.2237, Steps: 111)
  [Worker 1] episode 722 finished. (AvgLatErr: 0.1718, Steps: 126)
  [Worker 1] episode 723 finished. (AvgLatErr: 0.1154, Steps: 158)
  [Worker 1] episode 724 finished. (AvgLatErr: 0.1793, Steps: 125)
  [Worker 1] episode 725 finished. (AvgLatErr: 0.1986, Steps: 113)
  [Worker 1] episode 726 finished. (AvgLatErr: 0.1953, Steps: 112)
  [Worker 1] episode 727 finished. (AvgLatErr: 0.1620, Steps: 116)
  [Worker 1] episode 728 finished. (AvgLatErr: 0.1284, Steps: 135)
  [Worker 1] episode 729 finished. (AvgLatErr: 0.1667, Steps: 123)
[Worker 1].
Warning: num_agents (8) is greater than the number of available vehicle parameters (4). Cycling vehicle templates.
[Worker 2] TensorFlow device=GPU, mixed_precision=mixed_float16
[Worker 2] Random seed fixed: 300761
[Worker 2] started on GPU.
  [Worker 2] episode 720 finished. (AvgLatErr: 0.3785, Steps: 134)
  [Worker 2] episode 721 finished. (AvgLatErr: 0.2759, Steps: 128)
  [Worker 2] episode 722 finished. (AvgLatErr: 0.3883, Steps: 126)
  [Worker 2] episode 723 finished. (AvgLatErr: 0.4345, Steps: 128)
  [Worker 2] episode 724 finished. (AvgLatErr: 0.2611, Steps: 124)
  [Worker 2] episode 725 finished. (AvgLatErr: 0.2940, Steps: 133)
  [Worker 2] episode 726 finished. (AvgLatErr: 0.3377, Steps: 127)
  [Worker 2] episode 727 finished. (AvgLatErr: 0.3063, Steps: 127)
  [Worker 2] episode 728 finished. (AvgLatErr: 0.2699, Steps: 128)
  [Worker 2] episode 729 finished. (AvgLatErr: 0.3863, Steps: 132)
[Worker 2].
Warning: num_agents (8) is greater than the number of available vehicle parameters (4). Cycling vehicle templates.
[Worker 4] TensorFlow device=GPU, mixed_precision=mixed_float16
[Worker 4] Random seed fixed: 500761
[Worker 4] started on GPU.
  [Worker 4] episode 720 finished. (AvgLatErr: 0.3190, Steps: 174)
  [Worker 4] episode 721 finished. (AvgLatErr: 0.3254, Steps: 151)
  [Worker 4] episode 722 finished. (AvgLatErr: 0.3068, Steps: 166)
  [Worker 4] episode 723 finished. (AvgLatErr: 0.4562, Steps: 166)
  [Worker 4] episode 724 finished. (AvgLatErr: 0.3090, Steps: 154)
  [Worker 4] episode 725 finished. (AvgLatErr: 0.3255, Steps: 153)
  [Worker 4] episode 726 finished. (AvgLatErr: 0.3210, Steps: 153)
  [Worker 4] episode 727 finished. (AvgLatErr: 0.1833, Steps: 183)
  [Worker 4] episode 728 finished. (AvgLatErr: 0.3795, Steps: 154)
  [Worker 4] episode 729 finished. (AvgLatErr: 0.3890, Steps: 164)
[Worker 4].
Warning: num_agents (8) is greater than the number of available vehicle parameters (4). Cycling vehicle templates.
[Worker 3] TensorFlow device=GPU, mixed_precision=mixed_float16
[Worker 3] Random seed fixed: 400761
[Worker 3] started on GPU.
  [Worker 3] episode 720 finished. (AvgLatErr: 0.3782, Steps: 187)
  [Worker 3] episode 721 finished. (AvgLatErr: 0.3661, Steps: 175)
  [Worker 3] episode 722 finished. (AvgLatErr: 0.3255, Steps: 200)
  [Worker 3] episode 723 finished. (AvgLatErr: 0.3852, Steps: 178)
  [Worker 3] episode 724 finished. (AvgLatErr: 0.4393, Steps: 179)
  [Worker 3] episode 725 finished. (AvgLatErr: 0.7478, Steps: 183)
  [Worker 3] episode 726 finished. (AvgLatErr: 0.2903, Steps: 183)
  [Worker 3] episode 727 finished. (AvgLatErr: 0.6062, Steps: 183)
  [Worker 3] episode 728 finished. (AvgLatErr: 0.3849, Steps: 179)
  [Worker 3] episode 729 finished. (AvgLatErr: 0.3682, Steps: 183)
[Worker 3].
Warning: num_agents (8) is greater than the number of available vehicle parameters (4). Cycling vehicle templates.
[Worker 7] TensorFlow device=GPU, mixed_precision=mixed_float16
[Worker 7] Random seed fixed: 800761
[Worker 7] started on GPU.
  [Worker 7] episode 720 finished. (AvgLatErr: 0.2208, Steps: 133)
  [Worker 7] episode 721 finished. (AvgLatErr: 0.2628, Steps: 150)
  [Worker 7] episode 722 finished. (AvgLatErr: 0.3005, Steps: 136)
  [Worker 7] episode 723 finished. (AvgLatErr: 0.1343, Steps: 152)
  [Worker 7] episode 724 finished. (AvgLatErr: 0.2473, Steps: 134)
  [Worker 7] episode 725 finished. (AvgLatErr: 0.1318, Steps: 145)
  [Worker 7] episode 726 finished. (AvgLatErr: 0.1538, Steps: 132)
  [Worker 7] episode 727 finished. (AvgLatErr: 0.1602, Steps: 132)
  [Worker 7] episode 728 finished. (AvgLatErr: 0.1368, Steps: 158)
  [Worker 7] episode 729 finished. (AvgLatErr: 0.2450, Steps: 129)
[Worker 7].
Warning: num_agents (8) is greater than the number of available vehicle parameters (4). Cycling vehicle templates.
[Worker 5] TensorFlow device=GPU, mixed_precision=mixed_float16
[Worker 5] Random seed fixed: 600761
[Worker 5] started on GPU.
  [Worker 5] episode 720 finished. (AvgLatErr: 0.1860, Steps: 161)
  [Worker 5] episode 721 finished. (AvgLatErr: 0.2662, Steps: 175)
  [Worker 5] episode 722 finished. (AvgLatErr: 0.1385, Steps: 184)
  [Worker 5] episode 723 finished. (AvgLatErr: 0.1452, Steps: 163)
  [Worker 5] episode 724 finished. (AvgLatErr: 0.2241, Steps: 158)
  [Worker 5] episode 725 finished. (AvgLatErr: 0.1984, Steps: 180)
  [Worker 5] episode 726 finished. (AvgLatErr: 0.2112, Steps: 161)
  [Worker 5] episode 727 finished. (AvgLatErr: 0.2383, Steps: 164)
  [Worker 5] episode 728 finished. (AvgLatErr: 0.1812, Steps: 158)
  [Worker 5] episode 729 finished. (AvgLatErr: 0.2097, Steps: 167)
[Worker 5].
Warning: num_agents (8) is greater than the number of available vehicle parameters (4). Cycling vehicle templates.
[Worker 6] TensorFlow device=GPU, mixed_precision=mixed_float16
[Worker 6] Random seed fixed: 700761
[Worker 6] started on GPU.
  [Worker 6] episode 720 finished. (AvgLatErr: 0.3349, Steps: 194)
  [Worker 6] episode 721 finished. (AvgLatErr: 0.4753, Steps: 200)
  [Worker 6] episode 722 finished. (AvgLatErr: 0.4033, Steps: 184)
  [Worker 6] episode 723 finished. (AvgLatErr: 0.5521, Steps: 200)
  [Worker 6] episode 724 finished. (AvgLatErr: 0.3599, Steps: 200)
  [Worker 6] episode 725 finished. (AvgLatErr: 0.7263, Steps: 200)
  [Worker 6] episode 726 finished. (AvgLatErr: 0.4374, Steps: 190)
  [Worker 6] episode 727 finished. (AvgLatErr: 0.4662, Steps: 196)
  [Worker 6] episode 728 finished. (AvgLatErr: 0.4132, Steps: 197)
  [Worker 6] episode 729 finished. (AvgLatErr: 0.4575, Steps: 184)
[Worker 6].
[Main] workers finished. (elapsed: 82.62s)
[Main] Aggregation-selected agents: [2, 5, 6, 7]
[Main] FedAdagrad update completed.
[Main] Replay buffers reset after global model update.
============================================================================================
729 EP / Agent 0 : Avg Lat Err 0.6323
729 EP / Agent 1 : Avg Lat Err 0.1667
729 EP / Agent 2 : Avg Lat Err 0.3863
729 EP / Agent 3 : Avg Lat Err 0.3682
729 EP / Agent 4 : Avg Lat Err 0.3890
729 EP / Agent 5 : Avg Lat Err 0.2097
729 EP / Agent 6 : Avg Lat Err 0.4575
729 EP / Agent 7 : Avg Lat Err 0.2450
============================================================================================

============================================================================================
[Main] FL round started. (episode 730 ~ 739)
[Main] Client selection: mode=random, budget=4
[Main] Participating agents: [0, 1, 2, 3, 4, 5, 6, 7]
Warning: num_agents (8) is greater than the number of available vehicle parameters (4). Cycling vehicle templates.
[Worker 0] TensorFlow device=GPU, mixed_precision=mixed_float16
[Worker 0] Random seed fixed: 100771
[Worker 0] started on GPU.
  [Worker 0] episode 730 finished. (AvgLatErr: 0.8703, Steps: 136)
  [Worker 0] episode 731 finished. (AvgLatErr: 0.8481, Steps: 128)
  [Worker 0] episode 732 finished. (AvgLatErr: 1.1647, Steps: 131)
  [Worker 0] episode 733 finished. (AvgLatErr: 1.0723, Steps: 145)
  [Worker 0] episode 734 finished. (AvgLatErr: 1.1898, Steps: 141)
  [Worker 0] episode 735 finished. (AvgLatErr: 0.6721, Steps: 134)
  [Worker 0] episode 736 finished. (AvgLatErr: 0.7989, Steps: 140)
  [Worker 0] episode 737 finished. (AvgLatErr: 0.6171, Steps: 133)
  [Worker 0] episode 738 finished. (AvgLatErr: 0.8240, Steps: 126)
  [Worker 0] episode 739 finished. (AvgLatErr: 1.0541, Steps: 136)
[Worker 0].
Warning: num_agents (8) is greater than the number of available vehicle parameters (4). Cycling vehicle templates.
[Worker 1] TensorFlow device=GPU, mixed_precision=mixed_float16
[Worker 1] Random seed fixed: 200771
[Worker 1] started on GPU.
  [Worker 1] episode 730 finished. (AvgLatErr: 0.1551, Steps: 131)
  [Worker 1] episode 731 finished. (AvgLatErr: 0.1138, Steps: 141)
  [Worker 1] episode 732 finished. (AvgLatErr: 0.2292, Steps: 131)
  [Worker 1] episode 733 finished. (AvgLatErr: 0.1211, Steps: 139)
  [Worker 1] episode 734 finished. (AvgLatErr: 0.2227, Steps: 117)
  [Worker 1] episode 735 finished. (AvgLatErr: 0.2421, Steps: 124)
  [Worker 1] episode 736 finished. (AvgLatErr: 0.2585, Steps: 137)
  [Worker 1] episode 737 finished. (AvgLatErr: 0.3422, Steps: 123)
  [Worker 1] episode 738 finished. (AvgLatErr: 0.3000, Steps: 147)
  [Worker 1] episode 739 finished. (AvgLatErr: 0.1682, Steps: 139)
[Worker 1].
Warning: num_agents (8) is greater than the number of available vehicle parameters (4). Cycling vehicle templates.
[Worker 2] TensorFlow device=GPU, mixed_precision=mixed_float16
[Worker 2] Random seed fixed: 300771
[Worker 2] started on GPU.
  [Worker 2] episode 730 finished. (AvgLatErr: 0.4006, Steps: 132)
  [Worker 2] episode 731 finished. (AvgLatErr: 0.5552, Steps: 135)
  [Worker 2] episode 732 finished. (AvgLatErr: 0.3882, Steps: 131)
  [Worker 2] episode 733 finished. (AvgLatErr: 0.2871, Steps: 117)
  [Worker 2] episode 734 finished. (AvgLatErr: 0.3227, Steps: 123)
  [Worker 2] episode 735 finished. (AvgLatErr: 0.3572, Steps: 116)
  [Worker 2] episode 736 finished. (AvgLatErr: 0.4602, Steps: 120)
  [Worker 2] episode 737 finished. (AvgLatErr: 0.6002, Steps: 129)
  [Worker 2] episode 738 finished. (AvgLatErr: 0.4694, Steps: 130)
  [Worker 2] episode 739 finished. (AvgLatErr: 0.7036, Steps: 128)
[Worker 2].
Warning: num_agents (8) is greater than the number of available vehicle parameters (4). Cycling vehicle templates.
[Worker 3] TensorFlow device=GPU, mixed_precision=mixed_float16
[Worker 3] Random seed fixed: 400771
[Worker 3] started on GPU.
  [Worker 3] episode 730 finished. (AvgLatErr: 0.5910, Steps: 179)
  [Worker 3] episode 731 finished. (AvgLatErr: 0.4595, Steps: 167)
  [Worker 3] episode 732 finished. (AvgLatErr: 0.4324, Steps: 161)
  [Worker 3] episode 733 finished. (AvgLatErr: 0.5521, Steps: 171)
  [Worker 3] episode 734 finished. (AvgLatErr: 0.7470, Steps: 179)
  [Worker 3] episode 735 finished. (AvgLatErr: 0.6010, Steps: 171)
  [Worker 3] episode 736 finished. (AvgLatErr: 0.7304, Steps: 169)
  [Worker 3] episode 737 finished. (AvgLatErr: 0.6523, Steps: 169)
  [Worker 3] episode 738 finished. (AvgLatErr: 0.7009, Steps: 169)
  [Worker 3] episode 739 finished. (AvgLatErr: 0.8664, Steps: 171)
[Worker 3].
Warning: num_agents (8) is greater than the number of available vehicle parameters (4). Cycling vehicle templates.
[Worker 4] TensorFlow device=GPU, mixed_precision=mixed_float16
[Worker 4] Random seed fixed: 500771
[Worker 4] started on GPU.
  [Worker 4] episode 730 finished. (AvgLatErr: 0.3137, Steps: 150)
  [Worker 4] episode 731 finished. (AvgLatErr: 0.2797, Steps: 157)
  [Worker 4] episode 732 finished. (AvgLatErr: 0.2565, Steps: 164)
  [Worker 4] episode 733 finished. (AvgLatErr: 0.2717, Steps: 170)
  [Worker 4] episode 734 finished. (AvgLatErr: 0.3155, Steps: 158)
  [Worker 4] episode 735 finished. (AvgLatErr: 0.2294, Steps: 159)
  [Worker 4] episode 736 finished. (AvgLatErr: 0.5113, Steps: 171)
  [Worker 4] episode 737 finished. (AvgLatErr: 0.2038, Steps: 158)
  [Worker 4] episode 738 finished. (AvgLatErr: 0.2695, Steps: 161)
  [Worker 4] episode 739 finished. (AvgLatErr: 0.2802, Steps: 151)
[Worker 4].
Warning: num_agents (8) is greater than the number of available vehicle parameters (4). Cycling vehicle templates.
[Worker 5] TensorFlow device=GPU, mixed_precision=mixed_float16
[Worker 5] Random seed fixed: 600771
[Worker 5] started on GPU.
  [Worker 5] episode 730 finished. (AvgLatErr: 0.1773, Steps: 165)
  [Worker 5] episode 731 finished. (AvgLatErr: 0.1942, Steps: 178)
  [Worker 5] episode 732 finished. (AvgLatErr: 0.1440, Steps: 173)
  [Worker 5] episode 733 finished. (AvgLatErr: 0.1314, Steps: 160)
  [Worker 5] episode 734 finished. (AvgLatErr: 0.1458, Steps: 160)
  [Worker 5] episode 735 finished. (AvgLatErr: 0.2301, Steps: 167)
  [Worker 5] episode 736 finished. (AvgLatErr: 0.2340, Steps: 163)
  [Worker 5] episode 737 finished. (AvgLatErr: 0.2684, Steps: 166)
  [Worker 5] episode 738 finished. (AvgLatErr: 0.2486, Steps: 169)
  [Worker 5] episode 739 finished. (AvgLatErr: 0.3066, Steps: 174)
[Worker 5].
Warning: num_agents (8) is greater than the number of available vehicle parameters (4). Cycling vehicle templates.
[Worker 7] TensorFlow device=GPU, mixed_precision=mixed_float16
[Worker 7] Random seed fixed: 800771
[Worker 7] started on GPU.
  [Worker 7] episode 730 finished. (AvgLatErr: 0.2039, Steps: 138)
  [Worker 7] episode 731 finished. (AvgLatErr: 0.2274, Steps: 153)
  [Worker 7] episode 732 finished. (AvgLatErr: 0.1256, Steps: 134)
  [Worker 7] episode 733 finished. (AvgLatErr: 0.1943, Steps: 134)
  [Worker 7] episode 734 finished. (AvgLatErr: 0.1606, Steps: 141)
  [Worker 7] episode 735 finished. (AvgLatErr: 0.1482, Steps: 140)
  [Worker 7] episode 736 finished. (AvgLatErr: 0.1808, Steps: 153)
  [Worker 7] episode 737 finished. (AvgLatErr: 0.3489, Steps: 146)
  [Worker 7] episode 738 finished. (AvgLatErr: 0.1207, Steps: 200)
  [Worker 7] episode 739 finished. (AvgLatErr: 0.1599, Steps: 176)
[Worker 7].
Warning: num_agents (8) is greater than the number of available vehicle parameters (4). Cycling vehicle templates.
[Worker 6] TensorFlow device=GPU, mixed_precision=mixed_float16
[Worker 6] Random seed fixed: 700771
[Worker 6] started on GPU.
  [Worker 6] episode 730 finished. (AvgLatErr: 0.3243, Steps: 200)
  [Worker 6] episode 731 finished. (AvgLatErr: 0.4298, Steps: 200)
  [Worker 6] episode 732 finished. (AvgLatErr: 0.4101, Steps: 200)
  [Worker 6] episode 733 finished. (AvgLatErr: 0.3968, Steps: 199)
  [Worker 6] episode 734 finished. (AvgLatErr: 0.4277, Steps: 200)
  [Worker 6] episode 735 finished. (AvgLatErr: 0.2555, Steps: 200)
  [Worker 6] episode 736 finished. (AvgLatErr: 0.3692, Steps: 200)
  [Worker 6] episode 737 finished. (AvgLatErr: 0.2898, Steps: 200)
  [Worker 6] episode 738 finished. (AvgLatErr: 0.5224, Steps: 200)
  [Worker 6] episode 739 finished. (AvgLatErr: 0.3249, Steps: 200)
[Worker 6].
[Main] workers finished. (elapsed: 83.69s)
[Main] Aggregation-selected agents: [1, 5, 6, 7]
[Main] FedAdagrad update completed.
[Main] Replay buffers reset after global model update.
============================================================================================
739 EP / Agent 0 : Avg Lat Err 1.0541
739 EP / Agent 1 : Avg Lat Err 0.1682
739 EP / Agent 2 : Avg Lat Err 0.7036
739 EP / Agent 3 : Avg Lat Err 0.8664
739 EP / Agent 4 : Avg Lat Err 0.2802
739 EP / Agent 5 : Avg Lat Err 0.3066
739 EP / Agent 6 : Avg Lat Err 0.3249
739 EP / Agent 7 : Avg Lat Err 0.1599
============================================================================================

============================================================================================
[Main] FL round started. (episode 740 ~ 749)
[Main] Client selection: mode=random, budget=4
[Main] Participating agents: [0, 1, 2, 3, 4, 5, 6, 7]
Warning: num_agents (8) is greater than the number of available vehicle parameters (4). Cycling vehicle templates.
[Worker 0] TensorFlow device=GPU, mixed_precision=mixed_float16
[Worker 0] Random seed fixed: 100781
[Worker 0] started on GPU.
  [Worker 0] episode 740 finished. (AvgLatErr: 0.7254, Steps: 130)
  [Worker 0] episode 741 finished. (AvgLatErr: 0.8856, Steps: 133)
  [Worker 0] episode 742 finished. (AvgLatErr: 1.0168, Steps: 142)
  [Worker 0] episode 743 finished. (AvgLatErr: 1.3311, Steps: 131)
  [Worker 0] episode 744 finished. (AvgLatErr: 0.9955, Steps: 129)
  [Worker 0] episode 745 finished. (AvgLatErr: 0.7840, Steps: 130)
  [Worker 0] episode 746 finished. (AvgLatErr: 0.3998, Steps: 117)
  [Worker 0] episode 747 finished. (AvgLatErr: 0.5650, Steps: 130)
  [Worker 0] episode 748 finished. (AvgLatErr: 0.7813, Steps: 133)
  [Worker 0] episode 749 finished. (AvgLatErr: 1.1680, Steps: 137)
[Worker 0].
Warning: num_agents (8) is greater than the number of available vehicle parameters (4). Cycling vehicle templates.
[Worker 1] TensorFlow device=GPU, mixed_precision=mixed_float16
[Worker 1] Random seed fixed: 200781
[Worker 1] started on GPU.
  [Worker 1] episode 740 finished. (AvgLatErr: 0.1331, Steps: 135)
  [Worker 1] episode 741 finished. (AvgLatErr: 0.2103, Steps: 117)
  [Worker 1] episode 742 finished. (AvgLatErr: 0.2090, Steps: 119)
  [Worker 1] episode 743 finished. (AvgLatErr: 0.2030, Steps: 128)
  [Worker 1] episode 744 finished. (AvgLatErr: 0.1542, Steps: 135)
  [Worker 1] episode 745 finished. (AvgLatErr: 0.3011, Steps: 135)
  [Worker 1] episode 746 finished. (AvgLatErr: 0.3057, Steps: 105)
  [Worker 1] episode 747 finished. (AvgLatErr: 0.1442, Steps: 123)
  [Worker 1] episode 748 finished. (AvgLatErr: 0.2635, Steps: 134)
  [Worker 1] episode 749 finished. (AvgLatErr: 0.2446, Steps: 124)
[Worker 1].
Warning: num_agents (8) is greater than the number of available vehicle parameters (4). Cycling vehicle templates.
[Worker 2] TensorFlow device=GPU, mixed_precision=mixed_float16
[Worker 2] Random seed fixed: 300781
[Worker 2] started on GPU.
  [Worker 2] episode 740 finished. (AvgLatErr: 0.2977, Steps: 142)
  [Worker 2] episode 741 finished. (AvgLatErr: 0.3027, Steps: 117)
  [Worker 2] episode 742 finished. (AvgLatErr: 0.2485, Steps: 125)
  [Worker 2] episode 743 finished. (AvgLatErr: 0.4532, Steps: 120)
  [Worker 2] episode 744 finished. (AvgLatErr: 0.2170, Steps: 138)
  [Worker 2] episode 745 finished. (AvgLatErr: 0.3102, Steps: 127)
  [Worker 2] episode 746 finished. (AvgLatErr: 0.4365, Steps: 128)
  [Worker 2] episode 747 finished. (AvgLatErr: 0.2918, Steps: 121)
  [Worker 2] episode 748 finished. (AvgLatErr: 0.3860, Steps: 114)
  [Worker 2] episode 749 finished. (AvgLatErr: 0.5573, Steps: 130)
[Worker 2].
Warning: num_agents (8) is greater than the number of available vehicle parameters (4). Cycling vehicle templates.
[Worker 4] TensorFlow device=GPU, mixed_precision=mixed_float16
[Worker 4] Random seed fixed: 500781
[Worker 4] started on GPU.
  [Worker 4] episode 740 finished. (AvgLatErr: 0.2856, Steps: 158)
  [Worker 4] episode 741 finished. (AvgLatErr: 0.2648, Steps: 162)
  [Worker 4] episode 742 finished. (AvgLatErr: 0.2943, Steps: 152)
  [Worker 4] episode 743 finished. (AvgLatErr: 0.2828, Steps: 156)
  [Worker 4] episode 744 finished. (AvgLatErr: 0.3709, Steps: 157)
  [Worker 4] episode 745 finished. (AvgLatErr: 0.2858, Steps: 173)
  [Worker 4] episode 746 finished. (AvgLatErr: 0.3502, Steps: 173)
  [Worker 4] episode 747 finished. (AvgLatErr: 0.3138, Steps: 160)
  [Worker 4] episode 748 finished. (AvgLatErr: 0.2265, Steps: 160)
  [Worker 4] episode 749 finished. (AvgLatErr: 0.1760, Steps: 187)
[Worker 4].
Warning: num_agents (8) is greater than the number of available vehicle parameters (4). Cycling vehicle templates.
[Worker 3] TensorFlow device=GPU, mixed_precision=mixed_float16
[Worker 3] Random seed fixed: 400781
[Worker 3] started on GPU.
  [Worker 3] episode 740 finished. (AvgLatErr: 0.5706, Steps: 189)
  [Worker 3] episode 741 finished. (AvgLatErr: 0.6142, Steps: 178)
  [Worker 3] episode 742 finished. (AvgLatErr: 0.4641, Steps: 174)
  [Worker 3] episode 743 finished. (AvgLatErr: 0.4773, Steps: 174)
  [Worker 3] episode 744 finished. (AvgLatErr: 0.5626, Steps: 172)
  [Worker 3] episode 745 finished. (AvgLatErr: 0.4210, Steps: 179)
  [Worker 3] episode 746 finished. (AvgLatErr: 0.5190, Steps: 171)
  [Worker 3] episode 747 finished. (AvgLatErr: 0.2857, Steps: 188)
  [Worker 3] episode 748 finished. (AvgLatErr: 0.2462, Steps: 200)
  [Worker 3] episode 749 finished. (AvgLatErr: 0.2640, Steps: 187)
[Worker 3].
Warning: num_agents (8) is greater than the number of available vehicle parameters (4). Cycling vehicle templates.
[Worker 7] TensorFlow device=GPU, mixed_precision=mixed_float16
[Worker 7] Random seed fixed: 800781
[Worker 7] started on GPU.
  [Worker 7] episode 740 finished. (AvgLatErr: 0.1761, Steps: 155)
  [Worker 7] episode 741 finished. (AvgLatErr: 4.5478, Steps: 200)
  [Worker 7] episode 742 finished. (AvgLatErr: 0.2985, Steps: 136)
  [Worker 7] episode 743 finished. (AvgLatErr: 0.1624, Steps: 135)
  [Worker 7] episode 744 finished. (AvgLatErr: 0.1666, Steps: 134)
  [Worker 7] episode 745 finished. (AvgLatErr: 0.2029, Steps: 129)
  [Worker 7] episode 746 finished. (AvgLatErr: 0.2911, Steps: 125)
  [Worker 7] episode 747 finished. (AvgLatErr: 0.3749, Steps: 142)
  [Worker 7] episode 748 finished. (AvgLatErr: 0.3547, Steps: 130)
  [Worker 7] episode 749 finished. (AvgLatErr: 0.3376, Steps: 141)
[Worker 7].
Warning: num_agents (8) is greater than the number of available vehicle parameters (4). Cycling vehicle templates.
[Worker 5] TensorFlow device=GPU, mixed_precision=mixed_float16
[Worker 5] Random seed fixed: 600781
[Worker 5] started on GPU.
  [Worker 5] episode 740 finished. (AvgLatErr: 0.2246, Steps: 199)
  [Worker 5] episode 741 finished. (AvgLatErr: 0.2415, Steps: 146)
  [Worker 5] episode 742 finished. (AvgLatErr: 0.2766, Steps: 156)
  [Worker 5] episode 743 finished. (AvgLatErr: 0.1799, Steps: 162)
  [Worker 5] episode 744 finished. (AvgLatErr: 0.2158, Steps: 156)
  [Worker 5] episode 745 finished. (AvgLatErr: 0.2233, Steps: 162)
  [Worker 5] episode 746 finished. (AvgLatErr: 0.1525, Steps: 172)
  [Worker 5] episode 747 finished. (AvgLatErr: 0.2634, Steps: 164)
  [Worker 5] episode 748 finished. (AvgLatErr: 0.2248, Steps: 160)
  [Worker 5] episode 749 finished. (AvgLatErr: 0.2495, Steps: 176)
[Worker 5].
Warning: num_agents (8) is greater than the number of available vehicle parameters (4). Cycling vehicle templates.
[Worker 6] TensorFlow device=GPU, mixed_precision=mixed_float16
[Worker 6] Random seed fixed: 700781
[Worker 6] started on GPU.
  [Worker 6] episode 740 finished. (AvgLatErr: 0.3980, Steps: 199)
  [Worker 6] episode 741 finished. (AvgLatErr: 0.5948, Steps: 198)
  [Worker 6] episode 742 finished. (AvgLatErr: 0.4896, Steps: 199)
  [Worker 6] episode 743 finished. (AvgLatErr: 0.6040, Steps: 188)
  [Worker 6] episode 744 finished. (AvgLatErr: 0.6420, Steps: 200)
  [Worker 6] episode 745 finished. (AvgLatErr: 0.4713, Steps: 192)
  [Worker 6] episode 746 finished. (AvgLatErr: 0.5273, Steps: 186)
  [Worker 6] episode 747 finished. (AvgLatErr: 0.5214, Steps: 175)
  [Worker 6] episode 748 finished. (AvgLatErr: 0.5405, Steps: 199)
  [Worker 6] episode 749 finished. (AvgLatErr: 0.6856, Steps: 195)
[Worker 6].
[Main] workers finished. (elapsed: 84.31s)
[Main] Aggregation-selected agents: [2, 3, 4, 6]
[Main] FedAdagrad update completed.
[Main] Replay buffers reset after global model update.
============================================================================================
749 EP / Agent 0 : Avg Lat Err 1.1680
749 EP / Agent 1 : Avg Lat Err 0.2446
749 EP / Agent 2 : Avg Lat Err 0.5573
749 EP / Agent 3 : Avg Lat Err 0.2640
749 EP / Agent 4 : Avg Lat Err 0.1760
749 EP / Agent 5 : Avg Lat Err 0.2495
749 EP / Agent 6 : Avg Lat Err 0.6856
749 EP / Agent 7 : Avg Lat Err 0.3376
============================================================================================
[Main] Model checkpoint saved: C:\Users\syd79\FRL-Q\experiments\fast_parallel_fedadagrad_8random4_20260916_run1_random_4of8\checkpoints\global_model_episode_000750.weights.h5

============================================================================================
[Main] FL round started. (episode 750 ~ 759)
[Main] Client selection: mode=random, budget=4
[Main] Participating agents: [0, 1, 2, 3, 4, 5, 6, 7]
Warning: num_agents (8) is greater than the number of available vehicle parameters (4). Cycling vehicle templates.
[Worker 0] TensorFlow device=GPU, mixed_precision=mixed_float16
[Worker 0] Random seed fixed: 100791
[Worker 0] started on GPU.
  [Worker 0] episode 750 finished. (AvgLatErr: 0.9090, Steps: 131)
  [Worker 0] episode 751 finished. (AvgLatErr: 0.8612, Steps: 127)
  [Worker 0] episode 752 finished. (AvgLatErr: 0.9330, Steps: 130)
  [Worker 0] episode 753 finished. (AvgLatErr: 0.8969, Steps: 134)
  [Worker 0] episode 754 finished. (AvgLatErr: 0.6727, Steps: 126)
  [Worker 0] episode 755 finished. (AvgLatErr: 1.1287, Steps: 145)
  [Worker 0] episode 756 finished. (AvgLatErr: 0.9058, Steps: 140)
  [Worker 0] episode 757 finished. (AvgLatErr: 0.5553, Steps: 129)
  [Worker 0] episode 758 finished. (AvgLatErr: 0.5896, Steps: 136)
  [Worker 0] episode 759 finished. (AvgLatErr: 0.3922, Steps: 141)
[Worker 0].
Warning: num_agents (8) is greater than the number of available vehicle parameters (4). Cycling vehicle templates.
[Worker 1] TensorFlow device=GPU, mixed_precision=mixed_float16
[Worker 1] Random seed fixed: 200791
[Worker 1] started on GPU.
  [Worker 1] episode 750 finished. (AvgLatErr: 0.1768, Steps: 121)
  [Worker 1] episode 751 finished. (AvgLatErr: 0.1488, Steps: 137)
  [Worker 1] episode 752 finished. (AvgLatErr: 0.2180, Steps: 134)
  [Worker 1] episode 753 finished. (AvgLatErr: 0.2056, Steps: 134)
  [Worker 1] episode 754 finished. (AvgLatErr: 0.1573, Steps: 126)
  [Worker 1] episode 755 finished. (AvgLatErr: 0.2288, Steps: 116)
  [Worker 1] episode 756 finished. (AvgLatErr: 0.2288, Steps: 103)
  [Worker 1] episode 757 finished. (AvgLatErr: 0.3320, Steps: 120)
  [Worker 1] episode 758 finished. (AvgLatErr: 0.2091, Steps: 134)
  [Worker 1] episode 759 finished. (AvgLatErr: 0.1399, Steps: 113)
[Worker 1].
Warning: num_agents (8) is greater than the number of available vehicle parameters (4). Cycling vehicle templates.
[Worker 2] TensorFlow device=GPU, mixed_precision=mixed_float16
[Worker 2] Random seed fixed: 300791
[Worker 2] started on GPU.
  [Worker 2] episode 750 finished. (AvgLatErr: 0.2568, Steps: 122)
  [Worker 2] episode 751 finished. (AvgLatErr: 0.3765, Steps: 138)
  [Worker 2] episode 752 finished. (AvgLatErr: 0.4038, Steps: 130)
  [Worker 2] episode 753 finished. (AvgLatErr: 0.2474, Steps: 138)
  [Worker 2] episode 754 finished. (AvgLatErr: 0.5022, Steps: 139)
  [Worker 2] episode 755 finished. (AvgLatErr: 0.2783, Steps: 126)
  [Worker 2] episode 756 finished. (AvgLatErr: 0.3127, Steps: 116)
  [Worker 2] episode 757 finished. (AvgLatErr: 0.2787, Steps: 130)
  [Worker 2] episode 758 finished. (AvgLatErr: 0.4084, Steps: 141)
  [Worker 2] episode 759 finished. (AvgLatErr: 0.4183, Steps: 118)
[Worker 2].
Warning: num_agents (8) is greater than the number of available vehicle parameters (4). Cycling vehicle templates.
[Worker 3] TensorFlow device=GPU, mixed_precision=mixed_float16
[Worker 3] Random seed fixed: 400791
[Worker 3] started on GPU.
  [Worker 3] episode 750 finished. (AvgLatErr: 0.4572, Steps: 176)
  [Worker 3] episode 751 finished. (AvgLatErr: 0.6296, Steps: 159)
  [Worker 3] episode 752 finished. (AvgLatErr: 0.2883, Steps: 176)
  [Worker 3] episode 753 finished. (AvgLatErr: 0.3906, Steps: 163)
  [Worker 3] episode 754 finished. (AvgLatErr: 0.7271, Steps: 165)
  [Worker 3] episode 755 finished. (AvgLatErr: 0.5110, Steps: 169)
  [Worker 3] episode 756 finished. (AvgLatErr: 0.5827, Steps: 174)
  [Worker 3] episode 757 finished. (AvgLatErr: 0.5408, Steps: 175)
  [Worker 3] episode 758 finished. (AvgLatErr: 0.6274, Steps: 176)
  [Worker 3] episode 759 finished. (AvgLatErr: 0.6834, Steps: 179)
[Worker 3].
Warning: num_agents (8) is greater than the number of available vehicle parameters (4). Cycling vehicle templates.
[Worker 4] TensorFlow device=GPU, mixed_precision=mixed_float16
[Worker 4] Random seed fixed: 500791
[Worker 4] started on GPU.
  [Worker 4] episode 750 finished. (AvgLatErr: 0.3060, Steps: 166)
  [Worker 4] episode 751 finished. (AvgLatErr: 0.3392, Steps: 165)
  [Worker 4] episode 752 finished. (AvgLatErr: 0.3607, Steps: 173)
  [Worker 4] episode 753 finished. (AvgLatErr: 0.2768, Steps: 155)
  [Worker 4] episode 754 finished. (AvgLatErr: 0.3373, Steps: 168)
  [Worker 4] episode 755 finished. (AvgLatErr: 0.3272, Steps: 159)
  [Worker 4] episode 756 finished. (AvgLatErr: 0.3480, Steps: 161)
  [Worker 4] episode 757 finished. (AvgLatErr: 0.3062, Steps: 150)
  [Worker 4] episode 758 finished. (AvgLatErr: 0.2938, Steps: 151)
  [Worker 4] episode 759 finished. (AvgLatErr: 0.2363, Steps: 149)
[Worker 4].
Warning: num_agents (8) is greater than the number of available vehicle parameters (4). Cycling vehicle templates.
[Worker 5] TensorFlow device=GPU, mixed_precision=mixed_float16
[Worker 5] Random seed fixed: 600791
[Worker 5] started on GPU.
  [Worker 5] episode 750 finished. (AvgLatErr: 0.2921, Steps: 157)
  [Worker 5] episode 751 finished. (AvgLatErr: 0.2037, Steps: 165)
  [Worker 5] episode 752 finished. (AvgLatErr: 0.2251, Steps: 140)
  [Worker 5] episode 753 finished. (AvgLatErr: 0.2190, Steps: 146)
  [Worker 5] episode 754 finished. (AvgLatErr: 0.3018, Steps: 152)
  [Worker 5] episode 755 finished. (AvgLatErr: 0.1899, Steps: 138)
  [Worker 5] episode 756 finished. (AvgLatErr: 0.3308, Steps: 144)
  [Worker 5] episode 757 finished. (AvgLatErr: 0.2497, Steps: 155)
  [Worker 5] episode 758 finished. (AvgLatErr: 0.1931, Steps: 131)
  [Worker 5] episode 759 finished. (AvgLatErr: 0.3003, Steps: 135)
[Worker 5].
Warning: num_agents (8) is greater than the number of available vehicle parameters (4). Cycling vehicle templates.
[Worker 7] TensorFlow device=GPU, mixed_precision=mixed_float16
[Worker 7] Random seed fixed: 800791
[Worker 7] started on GPU.
  [Worker 7] episode 750 finished. (AvgLatErr: 0.2604, Steps: 129)
  [Worker 7] episode 751 finished. (AvgLatErr: 0.2151, Steps: 157)
  [Worker 7] episode 752 finished. (AvgLatErr: 0.1264, Steps: 173)
  [Worker 7] episode 753 finished. (AvgLatErr: 0.2446, Steps: 171)
  [Worker 7] episode 754 finished. (AvgLatErr: 0.2397, Steps: 161)
  [Worker 7] episode 755 finished. (AvgLatErr: 0.2679, Steps: 157)
  [Worker 7] episode 756 finished. (AvgLatErr: 0.3351, Steps: 128)
  [Worker 7] episode 757 finished. (AvgLatErr: 0.2015, Steps: 169)
  [Worker 7] episode 758 finished. (AvgLatErr: 0.2948, Steps: 146)
  [Worker 7] episode 759 finished. (AvgLatErr: 0.2929, Steps: 147)
[Worker 7].
Warning: num_agents (8) is greater than the number of available vehicle parameters (4). Cycling vehicle templates.
[Worker 6] TensorFlow device=GPU, mixed_precision=mixed_float16
[Worker 6] Random seed fixed: 700791
[Worker 6] started on GPU.
  [Worker 6] episode 750 finished. (AvgLatErr: 0.4771, Steps: 188)
  [Worker 6] episode 751 finished. (AvgLatErr: 0.4161, Steps: 190)
  [Worker 6] episode 752 finished. (AvgLatErr: 0.4904, Steps: 200)
  [Worker 6] episode 753 finished. (AvgLatErr: 0.4862, Steps: 200)
  [Worker 6] episode 754 finished. (AvgLatErr: 0.4600, Steps: 200)
  [Worker 6] episode 755 finished. (AvgLatErr: 0.4561, Steps: 200)
  [Worker 6] episode 756 finished. (AvgLatErr: 0.4292, Steps: 194)
  [Worker 6] episode 757 finished. (AvgLatErr: 0.4051, Steps: 190)
  [Worker 6] episode 758 finished. (AvgLatErr: 0.3609, Steps: 198)
  [Worker 6] episode 759 finished. (AvgLatErr: 0.4406, Steps: 200)
[Worker 6].
[Main] workers finished. (elapsed: 82.52s)
[Main] Aggregation-selected agents: [0, 1, 3, 7]
[Main] FedAdagrad update completed.
[Main] Replay buffers reset after global model update.
============================================================================================
759 EP / Agent 0 : Avg Lat Err 0.3922
759 EP / Agent 1 : Avg Lat Err 0.1399
759 EP / Agent 2 : Avg Lat Err 0.4183
759 EP / Agent 3 : Avg Lat Err 0.6834
759 EP / Agent 4 : Avg Lat Err 0.2363
759 EP / Agent 5 : Avg Lat Err 0.3003
759 EP / Agent 6 : Avg Lat Err 0.4406
759 EP / Agent 7 : Avg Lat Err 0.2929
============================================================================================

============================================================================================
[Main] FL round started. (episode 760 ~ 769)
[Main] Client selection: mode=random, budget=4
[Main] Participating agents: [0, 1, 2, 3, 4, 5, 6, 7]
Warning: num_agents (8) is greater than the number of available vehicle parameters (4). Cycling vehicle templates.
[Worker 0] TensorFlow device=GPU, mixed_precision=mixed_float16
[Worker 0] Random seed fixed: 100801
[Worker 0] started on GPU.
  [Worker 0] episode 760 finished. (AvgLatErr: 0.5304, Steps: 126)
  [Worker 0] episode 761 finished. (AvgLatErr: 1.0018, Steps: 133)
  [Worker 0] episode 762 finished. (AvgLatErr: 0.3631, Steps: 144)
  [Worker 0] episode 763 finished. (AvgLatErr: 0.8077, Steps: 134)
  [Worker 0] episode 764 finished. (AvgLatErr: 0.6695, Steps: 140)
  [Worker 0] episode 765 finished. (AvgLatErr: 0.7717, Steps: 130)
  [Worker 0] episode 766 finished. (AvgLatErr: 0.8688, Steps: 135)
  [Worker 0] episode 767 finished. (AvgLatErr: 0.9423, Steps: 134)
  [Worker 0] episode 768 finished. (AvgLatErr: 0.9255, Steps: 140)
  [Worker 0] episode 769 finished. (AvgLatErr: 2.0748, Steps: 135)
[Worker 0].
Warning: num_agents (8) is greater than the number of available vehicle parameters (4). Cycling vehicle templates.
[Worker 1] TensorFlow device=GPU, mixed_precision=mixed_float16
[Worker 1] Random seed fixed: 200801
[Worker 1] started on GPU.
  [Worker 1] episode 760 finished. (AvgLatErr: 0.1947, Steps: 137)
  [Worker 1] episode 761 finished. (AvgLatErr: 0.1499, Steps: 146)
  [Worker 1] episode 762 finished. (AvgLatErr: 0.1446, Steps: 131)
  [Worker 1] episode 763 finished. (AvgLatErr: 0.1371, Steps: 120)
  [Worker 1] episode 764 finished. (AvgLatErr: 0.1100, Steps: 131)
  [Worker 1] episode 765 finished. (AvgLatErr: 0.2238, Steps: 126)
  [Worker 1] episode 766 finished. (AvgLatErr: 0.1980, Steps: 135)
  [Worker 1] episode 767 finished. (AvgLatErr: 0.1688, Steps: 133)
  [Worker 1] episode 768 finished. (AvgLatErr: 0.1472, Steps: 130)
  [Worker 1] episode 769 finished. (AvgLatErr: 0.2192, Steps: 136)
[Worker 1].
Warning: num_agents (8) is greater than the number of available vehicle parameters (4). Cycling vehicle templates.
[Worker 2] TensorFlow device=GPU, mixed_precision=mixed_float16
[Worker 2] Random seed fixed: 300801
[Worker 2] started on GPU.
  [Worker 2] episode 760 finished. (AvgLatErr: 0.2993, Steps: 136)
  [Worker 2] episode 761 finished. (AvgLatErr: 0.2802, Steps: 119)
  [Worker 2] episode 762 finished. (AvgLatErr: 0.4040, Steps: 131)
  [Worker 2] episode 763 finished. (AvgLatErr: 0.4666, Steps: 132)
  [Worker 2] episode 764 finished. (AvgLatErr: 0.3875, Steps: 133)
  [Worker 2] episode 765 finished. (AvgLatErr: 0.4696, Steps: 129)
  [Worker 2] episode 766 finished. (AvgLatErr: 0.5392, Steps: 124)
  [Worker 2] episode 767 finished. (AvgLatErr: 0.4159, Steps: 119)
  [Worker 2] episode 768 finished. (AvgLatErr: 0.3345, Steps: 121)
  [Worker 2] episode 769 finished. (AvgLatErr: 0.4119, Steps: 124)
[Worker 2].
Warning: num_agents (8) is greater than the number of available vehicle parameters (4). Cycling vehicle templates.
[Worker 3] TensorFlow device=GPU, mixed_precision=mixed_float16
[Worker 3] Random seed fixed: 400801
[Worker 3] started on GPU.
  [Worker 3] episode 760 finished. (AvgLatErr: 0.3162, Steps: 171)
  [Worker 3] episode 761 finished. (AvgLatErr: 0.4868, Steps: 171)
  [Worker 3] episode 762 finished. (AvgLatErr: 0.6215, Steps: 182)
  [Worker 3] episode 763 finished. (AvgLatErr: 0.4872, Steps: 169)
  [Worker 3] episode 764 finished. (AvgLatErr: 0.5829, Steps: 172)
  [Worker 3] episode 765 finished. (AvgLatErr: 0.4449, Steps: 175)
  [Worker 3] episode 766 finished. (AvgLatErr: 0.5029, Steps: 179)
  [Worker 3] episode 767 finished. (AvgLatErr: 0.4444, Steps: 180)
  [Worker 3] episode 768 finished. (AvgLatErr: 0.5272, Steps: 180)
  [Worker 3] episode 769 finished. (AvgLatErr: 0.3803, Steps: 189)
[Worker 3].
Warning: num_agents (8) is greater than the number of available vehicle parameters (4). Cycling vehicle templates.
[Worker 4] TensorFlow device=GPU, mixed_precision=mixed_float16
[Worker 4] Random seed fixed: 500801
[Worker 4] started on GPU.
  [Worker 4] episode 760 finished. (AvgLatErr: 0.3870, Steps: 166)
  [Worker 4] episode 761 finished. (AvgLatErr: 0.2900, Steps: 154)
  [Worker 4] episode 762 finished. (AvgLatErr: 0.3626, Steps: 159)
  [Worker 4] episode 763 finished. (AvgLatErr: 0.3489, Steps: 152)
  [Worker 4] episode 764 finished. (AvgLatErr: 0.3116, Steps: 155)
  [Worker 4] episode 765 finished. (AvgLatErr: 0.3756, Steps: 161)
  [Worker 4] episode 766 finished. (AvgLatErr: 0.3548, Steps: 159)
  [Worker 4] episode 767 finished. (AvgLatErr: 0.4400, Steps: 175)
  [Worker 4] episode 768 finished. (AvgLatErr: 0.2881, Steps: 153)
  [Worker 4] episode 769 finished. (AvgLatErr: 0.5052, Steps: 176)
[Worker 4].
Warning: num_agents (8) is greater than the number of available vehicle parameters (4). Cycling vehicle templates.
[Worker 5] TensorFlow device=GPU, mixed_precision=mixed_float16
[Worker 5] Random seed fixed: 600801
[Worker 5] started on GPU.
  [Worker 5] episode 760 finished. (AvgLatErr: 0.2457, Steps: 165)
  [Worker 5] episode 761 finished. (AvgLatErr: 0.1532, Steps: 176)
  [Worker 5] episode 762 finished. (AvgLatErr: 0.1431, Steps: 195)
  [Worker 5] episode 763 finished. (AvgLatErr: 0.3073, Steps: 162)
  [Worker 5] episode 764 finished. (AvgLatErr: 0.1778, Steps: 150)
  [Worker 5] episode 765 finished. (AvgLatErr: 0.2504, Steps: 169)
  [Worker 5] episode 766 finished. (AvgLatErr: 0.2544, Steps: 145)
  [Worker 5] episode 767 finished. (AvgLatErr: 0.1396, Steps: 185)
  [Worker 5] episode 768 finished. (AvgLatErr: 0.3165, Steps: 153)
  [Worker 5] episode 769 finished. (AvgLatErr: 0.2323, Steps: 154)
[Worker 5].
Warning: num_agents (8) is greater than the number of available vehicle parameters (4). Cycling vehicle templates.
[Worker 7] TensorFlow device=GPU, mixed_precision=mixed_float16
[Worker 7] Random seed fixed: 800801
[Worker 7] started on GPU.
  [Worker 7] episode 760 finished. (AvgLatErr: 0.1905, Steps: 144)
  [Worker 7] episode 761 finished. (AvgLatErr: 0.1134, Steps: 148)
  [Worker 7] episode 762 finished. (AvgLatErr: 0.3210, Steps: 158)
  [Worker 7] episode 763 finished. (AvgLatErr: 0.3353, Steps: 133)
  [Worker 7] episode 764 finished. (AvgLatErr: 0.2111, Steps: 132)
  [Worker 7] episode 765 finished. (AvgLatErr: 0.1271, Steps: 147)
  [Worker 7] episode 766 finished. (AvgLatErr: 0.1907, Steps: 133)
  [Worker 7] episode 767 finished. (AvgLatErr: 0.2676, Steps: 146)
  [Worker 7] episode 768 finished. (AvgLatErr: 0.1869, Steps: 138)
  [Worker 7] episode 769 finished. (AvgLatErr: 0.2334, Steps: 124)
[Worker 7].
Warning: num_agents (8) is greater than the number of available vehicle parameters (4). Cycling vehicle templates.
[Worker 6] TensorFlow device=GPU, mixed_precision=mixed_float16
[Worker 6] Random seed fixed: 700801
[Worker 6] started on GPU.
  [Worker 6] episode 760 finished. (AvgLatErr: 0.3999, Steps: 200)
  [Worker 6] episode 761 finished. (AvgLatErr: 0.6508, Steps: 200)
  [Worker 6] episode 762 finished. (AvgLatErr: 0.7180, Steps: 200)
  [Worker 6] episode 763 finished. (AvgLatErr: 0.4180, Steps: 184)
  [Worker 6] episode 764 finished. (AvgLatErr: 0.5753, Steps: 189)
  [Worker 6] episode 765 finished. (AvgLatErr: 0.5087, Steps: 176)
  [Worker 6] episode 766 finished. (AvgLatErr: 0.5224, Steps: 200)
  [Worker 6] episode 767 finished. (AvgLatErr: 0.4889, Steps: 196)
  [Worker 6] episode 768 finished. (AvgLatErr: 0.4433, Steps: 192)
  [Worker 6] episode 769 finished. (AvgLatErr: 0.4518, Steps: 188)
[Worker 6].
[Main] workers finished. (elapsed: 82.69s)
[Main] Aggregation-selected agents: [2, 3, 4, 6]
[Main] FedAdagrad update completed.
[Main] Replay buffers reset after global model update.
============================================================================================
769 EP / Agent 0 : Avg Lat Err 2.0748
769 EP / Agent 1 : Avg Lat Err 0.2192
769 EP / Agent 2 : Avg Lat Err 0.4119
769 EP / Agent 3 : Avg Lat Err 0.3803
769 EP / Agent 4 : Avg Lat Err 0.5052
769 EP / Agent 5 : Avg Lat Err 0.2323
769 EP / Agent 6 : Avg Lat Err 0.4518
769 EP / Agent 7 : Avg Lat Err 0.2334
============================================================================================

============================================================================================
[Main] FL round started. (episode 770 ~ 779)
[Main] Client selection: mode=random, budget=4
[Main] Participating agents: [0, 1, 2, 3, 4, 5, 6, 7]
Warning: num_agents (8) is greater than the number of available vehicle parameters (4). Cycling vehicle templates.
[Worker 0] TensorFlow device=GPU, mixed_precision=mixed_float16
[Worker 0] Random seed fixed: 100811
[Worker 0] started on GPU.
  [Worker 0] episode 770 finished. (AvgLatErr: 0.8041, Steps: 126)
  [Worker 0] episode 771 finished. (AvgLatErr: 0.4633, Steps: 128)
  [Worker 0] episode 772 finished. (AvgLatErr: 0.9806, Steps: 125)
  [Worker 0] episode 773 finished. (AvgLatErr: 0.9609, Steps: 137)
  [Worker 0] episode 774 finished. (AvgLatErr: 0.9335, Steps: 130)
  [Worker 0] episode 775 finished. (AvgLatErr: 1.4170, Steps: 138)
  [Worker 0] episode 776 finished. (AvgLatErr: 0.5978, Steps: 123)
  [Worker 0] episode 777 finished. (AvgLatErr: 0.8295, Steps: 126)
  [Worker 0] episode 778 finished. (AvgLatErr: 1.4146, Steps: 144)
  [Worker 0] episode 779 finished. (AvgLatErr: 1.0121, Steps: 134)
[Worker 0].
Warning: num_agents (8) is greater than the number of available vehicle parameters (4). Cycling vehicle templates.
[Worker 1] TensorFlow device=GPU, mixed_precision=mixed_float16
[Worker 1] Random seed fixed: 200811
[Worker 1] started on GPU.
  [Worker 1] episode 770 finished. (AvgLatErr: 0.1817, Steps: 124)
  [Worker 1] episode 771 finished. (AvgLatErr: 0.1815, Steps: 141)
  [Worker 1] episode 772 finished. (AvgLatErr: 0.1601, Steps: 130)
  [Worker 1] episode 773 finished. (AvgLatErr: 0.2756, Steps: 109)
  [Worker 1] episode 774 finished. (AvgLatErr: 0.1862, Steps: 115)
  [Worker 1] episode 775 finished. (AvgLatErr: 0.1752, Steps: 121)
  [Worker 1] episode 776 finished. (AvgLatErr: 0.3078, Steps: 130)
  [Worker 1] episode 777 finished. (AvgLatErr: 0.1487, Steps: 134)
  [Worker 1] episode 778 finished. (AvgLatErr: 0.1645, Steps: 115)
  [Worker 1] episode 779 finished. (AvgLatErr: 0.1295, Steps: 130)
[Worker 1].
Warning: num_agents (8) is greater than the number of available vehicle parameters (4). Cycling vehicle templates.
[Worker 2] TensorFlow device=GPU, mixed_precision=mixed_float16
[Worker 2] Random seed fixed: 300811
[Worker 2] started on GPU.
  [Worker 2] episode 770 finished. (AvgLatErr: 0.6140, Steps: 123)
  [Worker 2] episode 771 finished. (AvgLatErr: 0.4887, Steps: 141)
  [Worker 2] episode 772 finished. (AvgLatErr: 0.4369, Steps: 127)
  [Worker 2] episode 773 finished. (AvgLatErr: 0.3659, Steps: 125)
  [Worker 2] episode 774 finished. (AvgLatErr: 0.3355, Steps: 142)
  [Worker 2] episode 775 finished. (AvgLatErr: 0.4447, Steps: 131)
  [Worker 2] episode 776 finished. (AvgLatErr: 0.3365, Steps: 126)
  [Worker 2] episode 777 finished. (AvgLatErr: 0.4022, Steps: 127)
  [Worker 2] episode 778 finished. (AvgLatErr: 0.4420, Steps: 119)
  [Worker 2] episode 779 finished. (AvgLatErr: 0.4085, Steps: 120)
[Worker 2].
Warning: num_agents (8) is greater than the number of available vehicle parameters (4). Cycling vehicle templates.
[Worker 4] TensorFlow device=GPU, mixed_precision=mixed_float16
[Worker 4] Random seed fixed: 500811
[Worker 4] started on GPU.
  [Worker 4] episode 770 finished. (AvgLatErr: 0.3582, Steps: 179)
  [Worker 4] episode 771 finished. (AvgLatErr: 0.4139, Steps: 162)
  [Worker 4] episode 772 finished. (AvgLatErr: 0.3927, Steps: 155)
  [Worker 4] episode 773 finished. (AvgLatErr: 0.2406, Steps: 151)
  [Worker 4] episode 774 finished. (AvgLatErr: 0.3172, Steps: 146)
  [Worker 4] episode 775 finished. (AvgLatErr: 0.2797, Steps: 153)
  [Worker 4] episode 776 finished. (AvgLatErr: 0.3120, Steps: 150)
  [Worker 4] episode 777 finished. (AvgLatErr: 0.3243, Steps: 154)
  [Worker 4] episode 778 finished. (AvgLatErr: 0.2885, Steps: 153)
  [Worker 4] episode 779 finished. (AvgLatErr: 0.2157, Steps: 152)
[Worker 4].
Warning: num_agents (8) is greater than the number of available vehicle parameters (4). Cycling vehicle templates.
[Worker 3] TensorFlow device=GPU, mixed_precision=mixed_float16
[Worker 3] Random seed fixed: 400811
[Worker 3] started on GPU.
  [Worker 3] episode 770 finished. (AvgLatErr: 0.5428, Steps: 186)
  [Worker 3] episode 771 finished. (AvgLatErr: 0.3934, Steps: 183)
  [Worker 3] episode 772 finished. (AvgLatErr: 1.1480, Steps: 186)
  [Worker 3] episode 773 finished. (AvgLatErr: 1.8699, Steps: 178)
  [Worker 3] episode 774 finished. (AvgLatErr: 0.6637, Steps: 177)
  [Worker 3] episode 775 finished. (AvgLatErr: 0.6250, Steps: 177)
  [Worker 3] episode 776 finished. (AvgLatErr: 0.5763, Steps: 173)
  [Worker 3] episode 777 finished. (AvgLatErr: 0.5285, Steps: 175)
  [Worker 3] episode 778 finished. (AvgLatErr: 0.6659, Steps: 177)
  [Worker 3] episode 779 finished. (AvgLatErr: 0.5737, Steps: 171)
[Worker 3].
Warning: num_agents (8) is greater than the number of available vehicle parameters (4). Cycling vehicle templates.
[Worker 5] TensorFlow device=GPU, mixed_precision=mixed_float16
[Worker 5] Random seed fixed: 600811
[Worker 5] started on GPU.
  [Worker 5] episode 770 finished. (AvgLatErr: 0.2157, Steps: 143)
  [Worker 5] episode 771 finished. (AvgLatErr: 0.2967, Steps: 156)
  [Worker 5] episode 772 finished. (AvgLatErr: 0.3980, Steps: 157)
  [Worker 5] episode 773 finished. (AvgLatErr: 0.2385, Steps: 146)
  [Worker 5] episode 774 finished. (AvgLatErr: 0.2502, Steps: 143)
  [Worker 5] episode 775 finished. (AvgLatErr: 0.1601, Steps: 158)
  [Worker 5] episode 776 finished. (AvgLatErr: 0.1810, Steps: 180)
  [Worker 5] episode 777 finished. (AvgLatErr: 0.1731, Steps: 155)
  [Worker 5] episode 778 finished. (AvgLatErr: 0.1635, Steps: 162)
  [Worker 5] episode 779 finished. (AvgLatErr: 0.2354, Steps: 166)
[Worker 5].
Warning: num_agents (8) is greater than the number of available vehicle parameters (4). Cycling vehicle templates.
[Worker 7] TensorFlow device=GPU, mixed_precision=mixed_float16
[Worker 7] Random seed fixed: 800811
[Worker 7] started on GPU.
  [Worker 7] episode 770 finished. (AvgLatErr: 0.2469, Steps: 133)
  [Worker 7] episode 771 finished. (AvgLatErr: 0.3045, Steps: 136)
  [Worker 7] episode 772 finished. (AvgLatErr: 0.3425, Steps: 164)
  [Worker 7] episode 773 finished. (AvgLatErr: 0.1793, Steps: 148)
  [Worker 7] episode 774 finished. (AvgLatErr: 0.2242, Steps: 138)
  [Worker 7] episode 775 finished. (AvgLatErr: 0.2655, Steps: 136)
  [Worker 7] episode 776 finished. (AvgLatErr: 0.2440, Steps: 145)
  [Worker 7] episode 777 finished. (AvgLatErr: 0.2021, Steps: 153)
  [Worker 7] episode 778 finished. (AvgLatErr: 0.4960, Steps: 140)
  [Worker 7] episode 779 finished. (AvgLatErr: 0.1784, Steps: 147)
[Worker 7].
Warning: num_agents (8) is greater than the number of available vehicle parameters (4). Cycling vehicle templates.
[Worker 6] TensorFlow device=GPU, mixed_precision=mixed_float16
[Worker 6] Random seed fixed: 700811
[Worker 6] started on GPU.
  [Worker 6] episode 770 finished. (AvgLatErr: 0.4663, Steps: 200)
  [Worker 6] episode 771 finished. (AvgLatErr: 0.3748, Steps: 200)
  [Worker 6] episode 772 finished. (AvgLatErr: 0.3755, Steps: 200)
  [Worker 6] episode 773 finished. (AvgLatErr: 0.4182, Steps: 200)
  [Worker 6] episode 774 finished. (AvgLatErr: 0.5034, Steps: 200)
  [Worker 6] episode 775 finished. (AvgLatErr: 0.4417, Steps: 200)
  [Worker 6] episode 776 finished. (AvgLatErr: 0.5208, Steps: 200)
  [Worker 6] episode 777 finished. (AvgLatErr: 0.2816, Steps: 200)
  [Worker 6] episode 778 finished. (AvgLatErr: 0.4491, Steps: 200)
  [Worker 6] episode 779 finished. (AvgLatErr: 0.3892, Steps: 200)
[Worker 6].
[Main] workers finished. (elapsed: 83.75s)
[Main] Aggregation-selected agents: [0, 1, 6, 7]
[Main] FedAdagrad update completed.
[Main] Replay buffers reset after global model update.
============================================================================================
779 EP / Agent 0 : Avg Lat Err 1.0121
779 EP / Agent 1 : Avg Lat Err 0.1295
779 EP / Agent 2 : Avg Lat Err 0.4085
779 EP / Agent 3 : Avg Lat Err 0.5737
779 EP / Agent 4 : Avg Lat Err 0.2157
779 EP / Agent 5 : Avg Lat Err 0.2354
779 EP / Agent 6 : Avg Lat Err 0.3892
779 EP / Agent 7 : Avg Lat Err 0.1784
============================================================================================

============================================================================================
[Main] FL round started. (episode 780 ~ 789)
[Main] Client selection: mode=random, budget=4
[Main] Participating agents: [0, 1, 2, 3, 4, 5, 6, 7]
Warning: num_agents (8) is greater than the number of available vehicle parameters (4). Cycling vehicle templates.
[Worker 0] TensorFlow device=GPU, mixed_precision=mixed_float16
[Worker 0] Random seed fixed: 100821
[Worker 0] started on GPU.
  [Worker 0] episode 780 finished. (AvgLatErr: 0.7215, Steps: 129)
  [Worker 0] episode 781 finished. (AvgLatErr: 1.2127, Steps: 140)
  [Worker 0] episode 782 finished. (AvgLatErr: 0.9275, Steps: 121)
  [Worker 0] episode 783 finished. (AvgLatErr: 0.6244, Steps: 140)
  [Worker 0] episode 784 finished. (AvgLatErr: 0.8385, Steps: 136)
  [Worker 0] episode 785 finished. (AvgLatErr: 0.7162, Steps: 129)
  [Worker 0] episode 786 finished. (AvgLatErr: 0.8776, Steps: 129)
  [Worker 0] episode 787 finished. (AvgLatErr: 1.1834, Steps: 134)
  [Worker 0] episode 788 finished. (AvgLatErr: 1.4480, Steps: 134)
  [Worker 0] episode 789 finished. (AvgLatErr: 0.9468, Steps: 126)
[Worker 0].
Warning: num_agents (8) is greater than the number of available vehicle parameters (4). Cycling vehicle templates.
[Worker 2] TensorFlow device=GPU, mixed_precision=mixed_float16
[Worker 2] Random seed fixed: 300821
[Worker 2] started on GPU.
  [Worker 2] episode 780 finished. (AvgLatErr: 0.2176, Steps: 129)
  [Worker 2] episode 781 finished. (AvgLatErr: 0.4862, Steps: 124)
  [Worker 2] episode 782 finished. (AvgLatErr: 0.4582, Steps: 129)
  [Worker 2] episode 783 finished. (AvgLatErr: 0.5372, Steps: 134)
  [Worker 2] episode 784 finished. (AvgLatErr: 0.4092, Steps: 125)
  [Worker 2] episode 785 finished. (AvgLatErr: 0.2307, Steps: 118)
  [Worker 2] episode 786 finished. (AvgLatErr: 0.4297, Steps: 132)
  [Worker 2] episode 787 finished. (AvgLatErr: 0.3202, Steps: 124)
  [Worker 2] episode 788 finished. (AvgLatErr: 0.5187, Steps: 129)
  [Worker 2] episode 789 finished. (AvgLatErr: 0.5987, Steps: 135)
[Worker 2].
Warning: num_agents (8) is greater than the number of available vehicle parameters (4). Cycling vehicle templates.
[Worker 1] TensorFlow device=GPU, mixed_precision=mixed_float16
[Worker 1] Random seed fixed: 200821
[Worker 1] started on GPU.
  [Worker 1] episode 780 finished. (AvgLatErr: 0.2215, Steps: 131)
  [Worker 1] episode 781 finished. (AvgLatErr: 0.2719, Steps: 145)
  [Worker 1] episode 782 finished. (AvgLatErr: 0.2286, Steps: 150)
  [Worker 1] episode 783 finished. (AvgLatErr: 0.3333, Steps: 132)
  [Worker 1] episode 784 finished. (AvgLatErr: 0.3438, Steps: 136)
  [Worker 1] episode 785 finished. (AvgLatErr: 0.1741, Steps: 146)
  [Worker 1] episode 786 finished. (AvgLatErr: 0.2356, Steps: 136)
  [Worker 1] episode 787 finished. (AvgLatErr: 0.2349, Steps: 154)
  [Worker 1] episode 788 finished. (AvgLatErr: 5.7224, Steps: 200)
  [Worker 1] episode 789 finished. (AvgLatErr: 0.3198, Steps: 133)
[Worker 1].
Warning: num_agents (8) is greater than the number of available vehicle parameters (4). Cycling vehicle templates.
[Worker 4] TensorFlow device=GPU, mixed_precision=mixed_float16
[Worker 4] Random seed fixed: 500821
[Worker 4] started on GPU.
  [Worker 4] episode 780 finished. (AvgLatErr: 0.2223, Steps: 151)
  [Worker 4] episode 781 finished. (AvgLatErr: 0.3363, Steps: 164)
  [Worker 4] episode 782 finished. (AvgLatErr: 0.3085, Steps: 154)
  [Worker 4] episode 783 finished. (AvgLatErr: 0.2944, Steps: 159)
  [Worker 4] episode 784 finished. (AvgLatErr: 0.3173, Steps: 156)
  [Worker 4] episode 785 finished. (AvgLatErr: 0.2651, Steps: 155)
  [Worker 4] episode 786 finished. (AvgLatErr: 0.2968, Steps: 154)
  [Worker 4] episode 787 finished. (AvgLatErr: 0.2986, Steps: 156)
  [Worker 4] episode 788 finished. (AvgLatErr: 0.2373, Steps: 158)
  [Worker 4] episode 789 finished. (AvgLatErr: 0.2616, Steps: 155)
[Worker 4].
Warning: num_agents (8) is greater than the number of available vehicle parameters (4). Cycling vehicle templates.
[Worker 3] TensorFlow device=GPU, mixed_precision=mixed_float16
[Worker 3] Random seed fixed: 400821
[Worker 3] started on GPU.
  [Worker 3] episode 780 finished. (AvgLatErr: 0.4076, Steps: 178)
  [Worker 3] episode 781 finished. (AvgLatErr: 0.4307, Steps: 194)
  [Worker 3] episode 782 finished. (AvgLatErr: 0.4694, Steps: 164)
  [Worker 3] episode 783 finished. (AvgLatErr: 0.4616, Steps: 169)
  [Worker 3] episode 784 finished. (AvgLatErr: 0.4160, Steps: 178)
  [Worker 3] episode 785 finished. (AvgLatErr: 0.2896, Steps: 174)
  [Worker 3] episode 786 finished. (AvgLatErr: 0.7358, Steps: 172)
  [Worker 3] episode 787 finished. (AvgLatErr: 0.4405, Steps: 177)
  [Worker 3] episode 788 finished. (AvgLatErr: 0.5240, Steps: 180)
  [Worker 3] episode 789 finished. (AvgLatErr: 0.5506, Steps: 176)
[Worker 3].
Warning: num_agents (8) is greater than the number of available vehicle parameters (4). Cycling vehicle templates.
[Worker 5] TensorFlow device=GPU, mixed_precision=mixed_float16
[Worker 5] Random seed fixed: 600821
[Worker 5] started on GPU.
  [Worker 5] episode 780 finished. (AvgLatErr: 0.2777, Steps: 157)
  [Worker 5] episode 781 finished. (AvgLatErr: 0.3025, Steps: 156)
  [Worker 5] episode 782 finished. (AvgLatErr: 0.2118, Steps: 166)
  [Worker 5] episode 783 finished. (AvgLatErr: 0.2283, Steps: 149)
  [Worker 5] episode 784 finished. (AvgLatErr: 0.1961, Steps: 146)
  [Worker 5] episode 785 finished. (AvgLatErr: 0.3312, Steps: 167)
  [Worker 5] episode 786 finished. (AvgLatErr: 0.2205, Steps: 160)
  [Worker 5] episode 787 finished. (AvgLatErr: 0.2293, Steps: 164)
  [Worker 5] episode 788 finished. (AvgLatErr: 0.2168, Steps: 149)
  [Worker 5] episode 789 finished. (AvgLatErr: 0.2578, Steps: 156)
[Worker 5].
Warning: num_agents (8) is greater than the number of available vehicle parameters (4). Cycling vehicle templates.
[Worker 7] TensorFlow device=GPU, mixed_precision=mixed_float16
[Worker 7] Random seed fixed: 800821
[Worker 7] started on GPU.
  [Worker 7] episode 780 finished. (AvgLatErr: 0.3132, Steps: 153)
  [Worker 7] episode 781 finished. (AvgLatErr: 0.1282, Steps: 147)
  [Worker 7] episode 782 finished. (AvgLatErr: 0.1488, Steps: 133)
  [Worker 7] episode 783 finished. (AvgLatErr: 0.2131, Steps: 146)
  [Worker 7] episode 784 finished. (AvgLatErr: 0.1616, Steps: 135)
  [Worker 7] episode 785 finished. (AvgLatErr: 0.1639, Steps: 164)
  [Worker 7] episode 786 finished. (AvgLatErr: 0.1235, Steps: 140)
  [Worker 7] episode 787 finished. (AvgLatErr: 0.2763, Steps: 129)
  [Worker 7] episode 788 finished. (AvgLatErr: 0.1692, Steps: 130)
  [Worker 7] episode 789 finished. (AvgLatErr: 0.2874, Steps: 149)
[Worker 7].
Warning: num_agents (8) is greater than the number of available vehicle parameters (4). Cycling vehicle templates.
[Worker 6] TensorFlow device=GPU, mixed_precision=mixed_float16
[Worker 6] Random seed fixed: 700821
[Worker 6] started on GPU.
  [Worker 6] episode 780 finished. (AvgLatErr: 0.6228, Steps: 199)
  [Worker 6] episode 781 finished. (AvgLatErr: 0.3433, Steps: 200)
  [Worker 6] episode 782 finished. (AvgLatErr: 0.3840, Steps: 200)
  [Worker 6] episode 783 finished. (AvgLatErr: 0.3845, Steps: 198)
  [Worker 6] episode 784 finished. (AvgLatErr: 0.3695, Steps: 200)
  [Worker 6] episode 785 finished. (AvgLatErr: 0.4103, Steps: 200)
  [Worker 6] episode 786 finished. (AvgLatErr: 0.4781, Steps: 200)
  [Worker 6] episode 787 finished. (AvgLatErr: 0.4692, Steps: 197)
  [Worker 6] episode 788 finished. (AvgLatErr: 0.3633, Steps: 189)
  [Worker 6] episode 789 finished. (AvgLatErr: 0.4048, Steps: 200)
[Worker 6].
[Main] workers finished. (elapsed: 86.96s)
[Main] Aggregation-selected agents: [0, 3, 5, 6]
[Main] FedAdagrad update completed.
[Main] Replay buffers reset after global model update.
============================================================================================
789 EP / Agent 0 : Avg Lat Err 0.9468
789 EP / Agent 1 : Avg Lat Err 0.3198
789 EP / Agent 2 : Avg Lat Err 0.5987
789 EP / Agent 3 : Avg Lat Err 0.5506
789 EP / Agent 4 : Avg Lat Err 0.2616
789 EP / Agent 5 : Avg Lat Err 0.2578
789 EP / Agent 6 : Avg Lat Err 0.4048
789 EP / Agent 7 : Avg Lat Err 0.2874
============================================================================================

============================================================================================
[Main] FL round started. (episode 790 ~ 799)
[Main] Client selection: mode=random, budget=4
[Main] Participating agents: [0, 1, 2, 3, 4, 5, 6, 7]
Warning: num_agents (8) is greater than the number of available vehicle parameters (4). Cycling vehicle templates.
[Worker 0] TensorFlow device=GPU, mixed_precision=mixed_float16
[Worker 0] Random seed fixed: 100831
[Worker 0] started on GPU.
  [Worker 0] episode 790 finished. (AvgLatErr: 1.0713, Steps: 131)
  [Worker 0] episode 791 finished. (AvgLatErr: 1.0191, Steps: 125)
  [Worker 0] episode 792 finished. (AvgLatErr: 0.8617, Steps: 133)
  [Worker 0] episode 793 finished. (AvgLatErr: 0.9988, Steps: 123)
  [Worker 0] episode 794 finished. (AvgLatErr: 0.7678, Steps: 122)
  [Worker 0] episode 795 finished. (AvgLatErr: 0.6540, Steps: 138)
  [Worker 0] episode 796 finished. (AvgLatErr: 0.4898, Steps: 132)
  [Worker 0] episode 797 finished. (AvgLatErr: 0.6861, Steps: 122)
  [Worker 0] episode 798 finished. (AvgLatErr: 0.6503, Steps: 135)
  [Worker 0] episode 799 finished. (AvgLatErr: 0.9124, Steps: 134)
[Worker 0].
Warning: num_agents (8) is greater than the number of available vehicle parameters (4). Cycling vehicle templates.
[Worker 1] TensorFlow device=GPU, mixed_precision=mixed_float16
[Worker 1] Random seed fixed: 200831
[Worker 1] started on GPU.
  [Worker 1] episode 790 finished. (AvgLatErr: 0.1447, Steps: 125)
  [Worker 1] episode 791 finished. (AvgLatErr: 0.1510, Steps: 141)
  [Worker 1] episode 792 finished. (AvgLatErr: 0.2112, Steps: 130)
  [Worker 1] episode 793 finished. (AvgLatErr: 0.1985, Steps: 122)
  [Worker 1] episode 794 finished. (AvgLatErr: 0.2008, Steps: 147)
  [Worker 1] episode 795 finished. (AvgLatErr: 0.1267, Steps: 143)
  [Worker 1] episode 796 finished. (AvgLatErr: 0.1245, Steps: 124)
  [Worker 1] episode 797 finished. (AvgLatErr: 0.1829, Steps: 126)
  [Worker 1] episode 798 finished. (AvgLatErr: 0.2981, Steps: 133)
  [Worker 1] episode 799 finished. (AvgLatErr: 0.2217, Steps: 136)
[Worker 1].
Warning: num_agents (8) is greater than the number of available vehicle parameters (4). Cycling vehicle templates.
[Worker 2] TensorFlow device=GPU, mixed_precision=mixed_float16
[Worker 2] Random seed fixed: 300831
[Worker 2] started on GPU.
  [Worker 2] episode 790 finished. (AvgLatErr: 0.4285, Steps: 136)
  [Worker 2] episode 791 finished. (AvgLatErr: 0.5247, Steps: 132)
  [Worker 2] episode 792 finished. (AvgLatErr: 0.2341, Steps: 135)
  [Worker 2] episode 793 finished. (AvgLatErr: 0.3996, Steps: 117)
  [Worker 2] episode 794 finished. (AvgLatErr: 0.3779, Steps: 137)
  [Worker 2] episode 795 finished. (AvgLatErr: 0.3333, Steps: 119)
  [Worker 2] episode 796 finished. (AvgLatErr: 0.5566, Steps: 113)
  [Worker 2] episode 797 finished. (AvgLatErr: 0.4089, Steps: 128)
  [Worker 2] episode 798 finished. (AvgLatErr: 0.3869, Steps: 120)
  [Worker 2] episode 799 finished. (AvgLatErr: 0.5990, Steps: 123)
[Worker 2].
Warning: num_agents (8) is greater than the number of available vehicle parameters (4). Cycling vehicle templates.
[Worker 3] TensorFlow device=GPU, mixed_precision=mixed_float16
[Worker 3] Random seed fixed: 400831
[Worker 3] started on GPU.
  [Worker 3] episode 790 finished. (AvgLatErr: 0.3230, Steps: 172)
  [Worker 3] episode 791 finished. (AvgLatErr: 0.4128, Steps: 176)
  [Worker 3] episode 792 finished. (AvgLatErr: 0.5666, Steps: 185)
  [Worker 3] episode 793 finished. (AvgLatErr: 0.5245, Steps: 169)
  [Worker 3] episode 794 finished. (AvgLatErr: 0.3049, Steps: 169)
  [Worker 3] episode 795 finished. (AvgLatErr: 0.5728, Steps: 167)
  [Worker 3] episode 796 finished. (AvgLatErr: 0.4152, Steps: 173)
  [Worker 3] episode 797 finished. (AvgLatErr: 0.3326, Steps: 167)
  [Worker 3] episode 798 finished. (AvgLatErr: 0.3663, Steps: 174)
  [Worker 3] episode 799 finished. (AvgLatErr: 0.4210, Steps: 168)
[Worker 3].
Warning: num_agents (8) is greater than the number of available vehicle parameters (4). Cycling vehicle templates.
[Worker 4] TensorFlow device=GPU, mixed_precision=mixed_float16
[Worker 4] Random seed fixed: 500831
[Worker 4] started on GPU.
  [Worker 4] episode 790 finished. (AvgLatErr: 0.3308, Steps: 160)
  [Worker 4] episode 791 finished. (AvgLatErr: 0.2567, Steps: 155)
  [Worker 4] episode 792 finished. (AvgLatErr: 0.2415, Steps: 158)
  [Worker 4] episode 793 finished. (AvgLatErr: 0.2343, Steps: 199)
  [Worker 4] episode 794 finished. (AvgLatErr: 0.3704, Steps: 163)
  [Worker 4] episode 795 finished. (AvgLatErr: 0.2987, Steps: 170)
  [Worker 4] episode 796 finished. (AvgLatErr: 0.3218, Steps: 174)
  [Worker 4] episode 797 finished. (AvgLatErr: 0.2886, Steps: 153)
  [Worker 4] episode 798 finished. (AvgLatErr: 0.2818, Steps: 155)
  [Worker 4] episode 799 finished. (AvgLatErr: 0.2202, Steps: 162)
[Worker 4].
Warning: num_agents (8) is greater than the number of available vehicle parameters (4). Cycling vehicle templates.
[Worker 7] TensorFlow device=GPU, mixed_precision=mixed_float16
[Worker 7] Random seed fixed: 800831
[Worker 7] started on GPU.
  [Worker 7] episode 790 finished. (AvgLatErr: 0.1347, Steps: 139)
  [Worker 7] episode 791 finished. (AvgLatErr: 0.1771, Steps: 141)
  [Worker 7] episode 792 finished. (AvgLatErr: 0.3295, Steps: 133)
  [Worker 7] episode 793 finished. (AvgLatErr: 0.2649, Steps: 153)
  [Worker 7] episode 794 finished. (AvgLatErr: 0.2563, Steps: 127)
  [Worker 7] episode 795 finished. (AvgLatErr: 0.3661, Steps: 136)
  [Worker 7] episode 796 finished. (AvgLatErr: 0.2664, Steps: 140)
  [Worker 7] episode 797 finished. (AvgLatErr: 0.1659, Steps: 134)
  [Worker 7] episode 798 finished. (AvgLatErr: 0.1348, Steps: 130)
  [Worker 7] episode 799 finished. (AvgLatErr: 0.3870, Steps: 125)
[Worker 7].
Warning: num_agents (8) is greater than the number of available vehicle parameters (4). Cycling vehicle templates.
[Worker 5] TensorFlow device=GPU, mixed_precision=mixed_float16
[Worker 5] Random seed fixed: 600831
[Worker 5] started on GPU.
  [Worker 5] episode 790 finished. (AvgLatErr: 0.1308, Steps: 165)
  [Worker 5] episode 791 finished. (AvgLatErr: 0.1662, Steps: 156)
  [Worker 5] episode 792 finished. (AvgLatErr: 0.2047, Steps: 150)
  [Worker 5] episode 793 finished. (AvgLatErr: 0.2629, Steps: 159)
  [Worker 5] episode 794 finished. (AvgLatErr: 0.2777, Steps: 150)
  [Worker 5] episode 795 finished. (AvgLatErr: 2.6122, Steps: 200)
  [Worker 5] episode 796 finished. (AvgLatErr: 0.3075, Steps: 150)
  [Worker 5] episode 797 finished. (AvgLatErr: 0.2732, Steps: 150)
  [Worker 5] episode 798 finished. (AvgLatErr: 0.3101, Steps: 159)
  [Worker 5] episode 799 finished. (AvgLatErr: 0.2644, Steps: 175)
[Worker 5].
Warning: num_agents (8) is greater than the number of available vehicle parameters (4). Cycling vehicle templates.
[Worker 6] TensorFlow device=GPU, mixed_precision=mixed_float16
[Worker 6] Random seed fixed: 700831
[Worker 6] started on GPU.
  [Worker 6] episode 790 finished. (AvgLatErr: 0.4710, Steps: 200)
  [Worker 6] episode 791 finished. (AvgLatErr: 0.4457, Steps: 200)
  [Worker 6] episode 792 finished. (AvgLatErr: 0.2508, Steps: 200)
  [Worker 6] episode 793 finished. (AvgLatErr: 0.3694, Steps: 200)
  [Worker 6] episode 794 finished. (AvgLatErr: 0.4248, Steps: 200)
  [Worker 6] episode 795 finished. (AvgLatErr: 0.3116, Steps: 200)
  [Worker 6] episode 796 finished. (AvgLatErr: 0.4022, Steps: 200)
  [Worker 6] episode 797 finished. (AvgLatErr: 0.3237, Steps: 200)
  [Worker 6] episode 798 finished. (AvgLatErr: 0.4357, Steps: 199)
  [Worker 6] episode 799 finished. (AvgLatErr: 0.2834, Steps: 200)
[Worker 6].
[Main] workers finished. (elapsed: 83.64s)
[Main] Aggregation-selected agents: [0, 2, 5, 6]
[Main] FedAdagrad update completed.
[Main] Replay buffers reset after global model update.
============================================================================================
799 EP / Agent 0 : Avg Lat Err 0.9124
799 EP / Agent 1 : Avg Lat Err 0.2217
799 EP / Agent 2 : Avg Lat Err 0.5990
799 EP / Agent 3 : Avg Lat Err 0.4210
799 EP / Agent 4 : Avg Lat Err 0.2202
799 EP / Agent 5 : Avg Lat Err 0.2644
799 EP / Agent 6 : Avg Lat Err 0.2834
799 EP / Agent 7 : Avg Lat Err 0.3870
============================================================================================
[Main] Model checkpoint saved: C:\Users\syd79\FRL-Q\experiments\fast_parallel_fedadagrad_8random4_20260916_run1_random_4of8\checkpoints\global_model_episode_000800.weights.h5

============================================================================================
[Main] FL round started. (episode 800 ~ 809)
[Main] Client selection: mode=random, budget=4
[Main] Participating agents: [0, 1, 2, 3, 4, 5, 6, 7]
Warning: num_agents (8) is greater than the number of available vehicle parameters (4). Cycling vehicle templates.
[Worker 0] TensorFlow device=GPU, mixed_precision=mixed_float16
[Worker 0] Random seed fixed: 100841
[Worker 0] started on GPU.
  [Worker 0] episode 800 finished. (AvgLatErr: 0.9279, Steps: 128)
  [Worker 0] episode 801 finished. (AvgLatErr: 1.5313, Steps: 139)
  [Worker 0] episode 802 finished. (AvgLatErr: 1.0245, Steps: 127)
  [Worker 0] episode 803 finished. (AvgLatErr: 0.8599, Steps: 132)
  [Worker 0] episode 804 finished. (AvgLatErr: 1.1623, Steps: 125)
  [Worker 0] episode 805 finished. (AvgLatErr: 1.5942, Steps: 140)
  [Worker 0] episode 806 finished. (AvgLatErr: 3.8871, Steps: 148)
  [Worker 0] episode 807 finished. (AvgLatErr: 0.9313, Steps: 131)
  [Worker 0] episode 808 finished. (AvgLatErr: 0.7011, Steps: 137)
  [Worker 0] episode 809 finished. (AvgLatErr: 0.5973, Steps: 132)
[Worker 0].
Warning: num_agents (8) is greater than the number of available vehicle parameters (4). Cycling vehicle templates.
[Worker 1] TensorFlow device=GPU, mixed_precision=mixed_float16
[Worker 1] Random seed fixed: 200841
[Worker 1] started on GPU.
  [Worker 1] episode 800 finished. (AvgLatErr: 0.1808, Steps: 121)
  [Worker 1] episode 801 finished. (AvgLatErr: 0.1721, Steps: 136)
  [Worker 1] episode 802 finished. (AvgLatErr: 0.2539, Steps: 129)
  [Worker 1] episode 803 finished. (AvgLatErr: 0.1855, Steps: 128)
  [Worker 1] episode 804 finished. (AvgLatErr: 0.1441, Steps: 123)
  [Worker 1] episode 805 finished. (AvgLatErr: 0.1892, Steps: 113)
  [Worker 1] episode 806 finished. (AvgLatErr: 0.2571, Steps: 116)
  [Worker 1] episode 807 finished. (AvgLatErr: 0.2120, Steps: 122)
  [Worker 1] episode 808 finished. (AvgLatErr: 0.2394, Steps: 121)
  [Worker 1] episode 809 finished. (AvgLatErr: 0.1681, Steps: 124)
[Worker 1].
Warning: num_agents (8) is greater than the number of available vehicle parameters (4). Cycling vehicle templates.
[Worker 2] TensorFlow device=GPU, mixed_precision=mixed_float16
[Worker 2] Random seed fixed: 300841
[Worker 2] started on GPU.
  [Worker 2] episode 800 finished. (AvgLatErr: 0.3441, Steps: 114)
  [Worker 2] episode 801 finished. (AvgLatErr: 0.2838, Steps: 120)
  [Worker 2] episode 802 finished. (AvgLatErr: 0.2029, Steps: 130)
  [Worker 2] episode 803 finished. (AvgLatErr: 0.5416, Steps: 120)
  [Worker 2] episode 804 finished. (AvgLatErr: 0.4864, Steps: 132)
  [Worker 2] episode 805 finished. (AvgLatErr: 0.4548, Steps: 134)
  [Worker 2] episode 806 finished. (AvgLatErr: 0.2541, Steps: 130)
  [Worker 2] episode 807 finished. (AvgLatErr: 0.3607, Steps: 117)
  [Worker 2] episode 808 finished. (AvgLatErr: 0.2764, Steps: 114)
  [Worker 2] episode 809 finished. (AvgLatErr: 0.4343, Steps: 118)
[Worker 2].
Warning: num_agents (8) is greater than the number of available vehicle parameters (4). Cycling vehicle templates.
[Worker 3] TensorFlow device=GPU, mixed_precision=mixed_float16
[Worker 3] Random seed fixed: 400841
[Worker 3] started on GPU.
  [Worker 3] episode 800 finished. (AvgLatErr: 0.4349, Steps: 170)
  [Worker 3] episode 801 finished. (AvgLatErr: 0.4409, Steps: 176)
  [Worker 3] episode 802 finished. (AvgLatErr: 0.2756, Steps: 190)
  [Worker 3] episode 803 finished. (AvgLatErr: 0.3664, Steps: 177)
  [Worker 3] episode 804 finished. (AvgLatErr: 0.6135, Steps: 186)
  [Worker 3] episode 805 finished. (AvgLatErr: 0.6402, Steps: 176)
  [Worker 3] episode 806 finished. (AvgLatErr: 0.4139, Steps: 165)
  [Worker 3] episode 807 finished. (AvgLatErr: 0.3457, Steps: 169)
  [Worker 3] episode 808 finished. (AvgLatErr: 0.4055, Steps: 173)
  [Worker 3] episode 809 finished. (AvgLatErr: 0.2868, Steps: 181)
[Worker 3].
Warning: num_agents (8) is greater than the number of available vehicle parameters (4). Cycling vehicle templates.
[Worker 4] TensorFlow device=GPU, mixed_precision=mixed_float16
[Worker 4] Random seed fixed: 500841
[Worker 4] started on GPU.
  [Worker 4] episode 800 finished. (AvgLatErr: 0.2794, Steps: 157)
  [Worker 4] episode 801 finished. (AvgLatErr: 0.3684, Steps: 174)
  [Worker 4] episode 802 finished. (AvgLatErr: 0.4161, Steps: 169)
  [Worker 4] episode 803 finished. (AvgLatErr: 0.3208, Steps: 184)
  [Worker 4] episode 804 finished. (AvgLatErr: 0.2288, Steps: 159)
  [Worker 4] episode 805 finished. (AvgLatErr: 0.3619, Steps: 163)
  [Worker 4] episode 806 finished. (AvgLatErr: 0.2114, Steps: 152)
  [Worker 4] episode 807 finished. (AvgLatErr: 0.2580, Steps: 158)
  [Worker 4] episode 808 finished. (AvgLatErr: 0.2046, Steps: 162)
  [Worker 4] episode 809 finished. (AvgLatErr: 0.2041, Steps: 165)
[Worker 4].
Warning: num_agents (8) is greater than the number of available vehicle parameters (4). Cycling vehicle templates.
[Worker 7] TensorFlow device=GPU, mixed_precision=mixed_float16
[Worker 7] Random seed fixed: 800841
[Worker 7] started on GPU.
  [Worker 7] episode 800 finished. (AvgLatErr: 0.1375, Steps: 138)
  [Worker 7] episode 801 finished. (AvgLatErr: 0.2996, Steps: 133)
  [Worker 7] episode 802 finished. (AvgLatErr: 0.1227, Steps: 135)
  [Worker 7] episode 803 finished. (AvgLatErr: 0.2032, Steps: 150)
  [Worker 7] episode 804 finished. (AvgLatErr: 0.1825, Steps: 128)
  [Worker 7] episode 805 finished. (AvgLatErr: 0.1414, Steps: 140)
  [Worker 7] episode 806 finished. (AvgLatErr: 0.1065, Steps: 163)
  [Worker 7] episode 807 finished. (AvgLatErr: 0.1085, Steps: 150)
  [Worker 7] episode 808 finished. (AvgLatErr: 0.2129, Steps: 136)
  [Worker 7] episode 809 finished. (AvgLatErr: 0.2176, Steps: 131)
[Worker 7].
Warning: num_agents (8) is greater than the number of available vehicle parameters (4). Cycling vehicle templates.
[Worker 5] TensorFlow device=GPU, mixed_precision=mixed_float16
[Worker 5] Random seed fixed: 600841
[Worker 5] started on GPU.
  [Worker 5] episode 800 finished. (AvgLatErr: 0.1981, Steps: 151)
  [Worker 5] episode 801 finished. (AvgLatErr: 0.1391, Steps: 176)
  [Worker 5] episode 802 finished. (AvgLatErr: 0.1656, Steps: 171)
  [Worker 5] episode 803 finished. (AvgLatErr: 0.1522, Steps: 189)
  [Worker 5] episode 804 finished. (AvgLatErr: 0.1413, Steps: 192)
  [Worker 5] episode 805 finished. (AvgLatErr: 0.2081, Steps: 150)
  [Worker 5] episode 806 finished. (AvgLatErr: 0.1853, Steps: 152)
  [Worker 5] episode 807 finished. (AvgLatErr: 0.3148, Steps: 160)
  [Worker 5] episode 808 finished. (AvgLatErr: 0.2098, Steps: 152)
  [Worker 5] episode 809 finished. (AvgLatErr: 0.2679, Steps: 145)
[Worker 5].
Warning: num_agents (8) is greater than the number of available vehicle parameters (4). Cycling vehicle templates.
[Worker 6] TensorFlow device=GPU, mixed_precision=mixed_float16
[Worker 6] Random seed fixed: 700841
[Worker 6] started on GPU.
  [Worker 6] episode 800 finished. (AvgLatErr: 0.3630, Steps: 194)
  [Worker 6] episode 801 finished. (AvgLatErr: 0.4549, Steps: 200)
  [Worker 6] episode 802 finished. (AvgLatErr: 0.7634, Steps: 200)
  [Worker 6] episode 803 finished. (AvgLatErr: 0.4180, Steps: 200)
  [Worker 6] episode 804 finished. (AvgLatErr: 0.4119, Steps: 200)
  [Worker 6] episode 805 finished. (AvgLatErr: 0.5091, Steps: 200)
  [Worker 6] episode 806 finished. (AvgLatErr: 0.3122, Steps: 200)
  [Worker 6] episode 807 finished. (AvgLatErr: 0.3280, Steps: 197)
  [Worker 6] episode 808 finished. (AvgLatErr: 0.3068, Steps: 200)
  [Worker 6] episode 809 finished. (AvgLatErr: 0.3958, Steps: 199)
[Worker 6].
[Main] workers finished. (elapsed: 83.56s)
[Main] Aggregation-selected agents: [0, 1, 5, 7]
[Main] FedAdagrad update completed.
[Main] Replay buffers reset after global model update.
============================================================================================
809 EP / Agent 0 : Avg Lat Err 0.5973
809 EP / Agent 1 : Avg Lat Err 0.1681
809 EP / Agent 2 : Avg Lat Err 0.4343
809 EP / Agent 3 : Avg Lat Err 0.2868
809 EP / Agent 4 : Avg Lat Err 0.2041
809 EP / Agent 5 : Avg Lat Err 0.2679
809 EP / Agent 6 : Avg Lat Err 0.3958
809 EP / Agent 7 : Avg Lat Err 0.2176
============================================================================================

============================================================================================
[Main] FL round started. (episode 810 ~ 819)
[Main] Client selection: mode=random, budget=4
[Main] Participating agents: [0, 1, 2, 3, 4, 5, 6, 7]
Warning: num_agents (8) is greater than the number of available vehicle parameters (4). Cycling vehicle templates.
[Worker 0] TensorFlow device=GPU, mixed_precision=mixed_float16
[Worker 0] Random seed fixed: 100851
[Worker 0] started on GPU.
  [Worker 0] episode 810 finished. (AvgLatErr: 0.9278, Steps: 122)
  [Worker 0] episode 811 finished. (AvgLatErr: 0.7866, Steps: 142)
  [Worker 0] episode 812 finished. (AvgLatErr: 0.9726, Steps: 129)
  [Worker 0] episode 813 finished. (AvgLatErr: 0.6566, Steps: 123)
  [Worker 0] episode 814 finished. (AvgLatErr: 1.5099, Steps: 131)
  [Worker 0] episode 815 finished. (AvgLatErr: 1.0782, Steps: 129)
  [Worker 0] episode 816 finished. (AvgLatErr: 0.5829, Steps: 122)
  [Worker 0] episode 817 finished. (AvgLatErr: 0.8754, Steps: 129)
  [Worker 0] episode 818 finished. (AvgLatErr: 1.1203, Steps: 134)
  [Worker 0] episode 819 finished. (AvgLatErr: 1.0967, Steps: 136)
[Worker 0].
Warning: num_agents (8) is greater than the number of available vehicle parameters (4). Cycling vehicle templates.
[Worker 1] TensorFlow device=GPU, mixed_precision=mixed_float16
[Worker 1] Random seed fixed: 200851
[Worker 1] started on GPU.
  [Worker 1] episode 810 finished. (AvgLatErr: 0.1550, Steps: 131)
  [Worker 1] episode 811 finished. (AvgLatErr: 0.1908, Steps: 139)
  [Worker 1] episode 812 finished. (AvgLatErr: 0.1654, Steps: 130)
  [Worker 1] episode 813 finished. (AvgLatErr: 0.2643, Steps: 125)
  [Worker 1] episode 814 finished. (AvgLatErr: 0.1489, Steps: 138)
  [Worker 1] episode 815 finished. (AvgLatErr: 0.0947, Steps: 200)
  [Worker 1] episode 816 finished. (AvgLatErr: 0.1327, Steps: 134)
  [Worker 1] episode 817 finished. (AvgLatErr: 0.2007, Steps: 137)
  [Worker 1] episode 818 finished. (AvgLatErr: 0.1668, Steps: 137)
  [Worker 1] episode 819 finished. (AvgLatErr: 0.1528, Steps: 136)
[Worker 1].
Warning: num_agents (8) is greater than the number of available vehicle parameters (4). Cycling vehicle templates.
[Worker 2] TensorFlow device=GPU, mixed_precision=mixed_float16
[Worker 2] Random seed fixed: 300851
[Worker 2] started on GPU.
  [Worker 2] episode 810 finished. (AvgLatErr: 0.3624, Steps: 132)
  [Worker 2] episode 811 finished. (AvgLatErr: 0.4978, Steps: 122)
  [Worker 2] episode 812 finished. (AvgLatErr: 0.6944, Steps: 122)
  [Worker 2] episode 813 finished. (AvgLatErr: 0.3667, Steps: 120)
  [Worker 2] episode 814 finished. (AvgLatErr: 0.4025, Steps: 139)
  [Worker 2] episode 815 finished. (AvgLatErr: 0.4414, Steps: 122)
  [Worker 2] episode 816 finished. (AvgLatErr: 0.3412, Steps: 127)
  [Worker 2] episode 817 finished. (AvgLatErr: 0.2888, Steps: 129)
  [Worker 2] episode 818 finished. (AvgLatErr: 0.6375, Steps: 122)
  [Worker 2] episode 819 finished. (AvgLatErr: 0.4671, Steps: 123)
[Worker 2].
Warning: num_agents (8) is greater than the number of available vehicle parameters (4). Cycling vehicle templates.
[Worker 3] TensorFlow device=GPU, mixed_precision=mixed_float16
[Worker 3] Random seed fixed: 400851
[Worker 3] started on GPU.
  [Worker 3] episode 810 finished. (AvgLatErr: 0.4081, Steps: 175)
  [Worker 3] episode 811 finished. (AvgLatErr: 0.3935, Steps: 173)
  [Worker 3] episode 812 finished. (AvgLatErr: 0.5643, Steps: 170)
  [Worker 3] episode 813 finished. (AvgLatErr: 0.5619, Steps: 169)
  [Worker 3] episode 814 finished. (AvgLatErr: 0.4417, Steps: 176)
  [Worker 3] episode 815 finished. (AvgLatErr: 0.7760, Steps: 178)
  [Worker 3] episode 816 finished. (AvgLatErr: 0.4061, Steps: 179)
  [Worker 3] episode 817 finished. (AvgLatErr: 0.3400, Steps: 182)
  [Worker 3] episode 818 finished. (AvgLatErr: 0.6640, Steps: 191)
  [Worker 3] episode 819 finished. (AvgLatErr: 0.5027, Steps: 170)
[Worker 3].
Warning: num_agents (8) is greater than the number of available vehicle parameters (4). Cycling vehicle templates.
[Worker 4] TensorFlow device=GPU, mixed_precision=mixed_float16
[Worker 4] Random seed fixed: 500851
[Worker 4] started on GPU.
  [Worker 4] episode 810 finished. (AvgLatErr: 0.4698, Steps: 176)
  [Worker 4] episode 811 finished. (AvgLatErr: 0.3356, Steps: 155)
  [Worker 4] episode 812 finished. (AvgLatErr: 0.2790, Steps: 149)
  [Worker 4] episode 813 finished. (AvgLatErr: 0.3091, Steps: 166)
  [Worker 4] episode 814 finished. (AvgLatErr: 0.2752, Steps: 160)
  [Worker 4] episode 815 finished. (AvgLatErr: 0.3100, Steps: 154)
  [Worker 4] episode 816 finished. (AvgLatErr: 0.3105, Steps: 173)
  [Worker 4] episode 817 finished. (AvgLatErr: 0.3216, Steps: 171)
  [Worker 4] episode 818 finished. (AvgLatErr: 0.2864, Steps: 163)
  [Worker 4] episode 819 finished. (AvgLatErr: 0.3174, Steps: 158)
[Worker 4].
Warning: num_agents (8) is greater than the number of available vehicle parameters (4). Cycling vehicle templates.
[Worker 7] TensorFlow device=GPU, mixed_precision=mixed_float16
[Worker 7] Random seed fixed: 800851
[Worker 7] started on GPU.
  [Worker 7] episode 810 finished. (AvgLatErr: 0.1772, Steps: 140)
  [Worker 7] episode 811 finished. (AvgLatErr: 0.2560, Steps: 141)
  [Worker 7] episode 812 finished. (AvgLatErr: 0.2242, Steps: 149)
  [Worker 7] episode 813 finished. (AvgLatErr: 0.3339, Steps: 153)
  [Worker 7] episode 814 finished. (AvgLatErr: 0.2061, Steps: 147)
  [Worker 7] episode 815 finished. (AvgLatErr: 0.2716, Steps: 146)
  [Worker 7] episode 816 finished. (AvgLatErr: 0.2063, Steps: 133)
  [Worker 7] episode 817 finished. (AvgLatErr: 0.1894, Steps: 127)
  [Worker 7] episode 818 finished. (AvgLatErr: 0.3831, Steps: 139)
  [Worker 7] episode 819 finished. (AvgLatErr: 0.2850, Steps: 131)
[Worker 7].
Warning: num_agents (8) is greater than the number of available vehicle parameters (4). Cycling vehicle templates.
[Worker 5] TensorFlow device=GPU, mixed_precision=mixed_float16
[Worker 5] Random seed fixed: 600851
[Worker 5] started on GPU.
  [Worker 5] episode 810 finished. (AvgLatErr: 0.2295, Steps: 172)
  [Worker 5] episode 811 finished. (AvgLatErr: 0.2507, Steps: 179)
  [Worker 5] episode 812 finished. (AvgLatErr: 0.1944, Steps: 169)
  [Worker 5] episode 813 finished. (AvgLatErr: 0.1660, Steps: 174)
  [Worker 5] episode 814 finished. (AvgLatErr: 0.1725, Steps: 154)
  [Worker 5] episode 815 finished. (AvgLatErr: 0.1400, Steps: 182)
  [Worker 5] episode 816 finished. (AvgLatErr: 0.1598, Steps: 156)
  [Worker 5] episode 817 finished. (AvgLatErr: 0.2352, Steps: 163)
  [Worker 5] episode 818 finished. (AvgLatErr: 0.3333, Steps: 163)
  [Worker 5] episode 819 finished. (AvgLatErr: 0.1141, Steps: 190)
[Worker 5].
Warning: num_agents (8) is greater than the number of available vehicle parameters (4). Cycling vehicle templates.
[Worker 6] TensorFlow device=GPU, mixed_precision=mixed_float16
[Worker 6] Random seed fixed: 700851
[Worker 6] started on GPU.
  [Worker 6] episode 810 finished. (AvgLatErr: 0.4954, Steps: 200)
  [Worker 6] episode 811 finished. (AvgLatErr: 0.5913, Steps: 200)
  [Worker 6] episode 812 finished. (AvgLatErr: 0.3424, Steps: 200)
  [Worker 6] episode 813 finished. (AvgLatErr: 0.4818, Steps: 200)
  [Worker 6] episode 814 finished. (AvgLatErr: 0.4263, Steps: 200)
  [Worker 6] episode 815 finished. (AvgLatErr: 0.2783, Steps: 200)
  [Worker 6] episode 816 finished. (AvgLatErr: 0.2935, Steps: 200)
  [Worker 6] episode 817 finished. (AvgLatErr: 0.4584, Steps: 193)
  [Worker 6] episode 818 finished. (AvgLatErr: 0.5065, Steps: 188)
  [Worker 6] episode 819 finished. (AvgLatErr: 0.4332, Steps: 200)
[Worker 6].
[Main] workers finished. (elapsed: 82.95s)
[Main] Aggregation-selected agents: [1, 2, 4, 5]
[Main] FedAdagrad update completed.
[Main] Replay buffers reset after global model update.
============================================================================================
819 EP / Agent 0 : Avg Lat Err 1.0967
819 EP / Agent 1 : Avg Lat Err 0.1528
819 EP / Agent 2 : Avg Lat Err 0.4671
819 EP / Agent 3 : Avg Lat Err 0.5027
819 EP / Agent 4 : Avg Lat Err 0.3174
819 EP / Agent 5 : Avg Lat Err 0.1141
819 EP / Agent 6 : Avg Lat Err 0.4332
819 EP / Agent 7 : Avg Lat Err 0.2850
============================================================================================

============================================================================================
[Main] FL round started. (episode 820 ~ 829)
[Main] Client selection: mode=random, budget=4
[Main] Participating agents: [0, 1, 2, 3, 4, 5, 6, 7]
Warning: num_agents (8) is greater than the number of available vehicle parameters (4). Cycling vehicle templates.
[Worker 0] TensorFlow device=GPU, mixed_precision=mixed_float16
[Worker 0] Random seed fixed: 100861
[Worker 0] started on GPU.
  [Worker 0] episode 820 finished. (AvgLatErr: 0.9895, Steps: 128)
  [Worker 0] episode 821 finished. (AvgLatErr: 0.7482, Steps: 140)
  [Worker 0] episode 822 finished. (AvgLatErr: 0.7625, Steps: 125)
  [Worker 0] episode 823 finished. (AvgLatErr: 0.7037, Steps: 128)
  [Worker 0] episode 824 finished. (AvgLatErr: 1.0031, Steps: 127)
  [Worker 0] episode 825 finished. (AvgLatErr: 0.8956, Steps: 129)
  [Worker 0] episode 826 finished. (AvgLatErr: 0.8772, Steps: 132)
  [Worker 0] episode 827 finished. (AvgLatErr: 0.6442, Steps: 118)
  [Worker 0] episode 828 finished. (AvgLatErr: 0.8926, Steps: 128)
  [Worker 0] episode 829 finished. (AvgLatErr: 0.5739, Steps: 120)
[Worker 0].
Warning: num_agents (8) is greater than the number of available vehicle parameters (4). Cycling vehicle templates.
[Worker 1] TensorFlow device=GPU, mixed_precision=mixed_float16
[Worker 1] Random seed fixed: 200861
[Worker 1] started on GPU.
  [Worker 1] episode 820 finished. (AvgLatErr: 0.1107, Steps: 125)
  [Worker 1] episode 821 finished. (AvgLatErr: 0.1559, Steps: 132)
  [Worker 1] episode 822 finished. (AvgLatErr: 0.1335, Steps: 127)
  [Worker 1] episode 823 finished. (AvgLatErr: 0.1038, Steps: 136)
  [Worker 1] episode 824 finished. (AvgLatErr: 0.1469, Steps: 136)
  [Worker 1] episode 825 finished. (AvgLatErr: 0.1605, Steps: 127)
  [Worker 1] episode 826 finished. (AvgLatErr: 0.2260, Steps: 128)
  [Worker 1] episode 827 finished. (AvgLatErr: 0.1788, Steps: 132)
  [Worker 1] episode 828 finished. (AvgLatErr: 0.2181, Steps: 126)
  [Worker 1] episode 829 finished. (AvgLatErr: 0.1229, Steps: 149)
[Worker 1].
Warning: num_agents (8) is greater than the number of available vehicle parameters (4). Cycling vehicle templates.
[Worker 2] TensorFlow device=GPU, mixed_precision=mixed_float16
[Worker 2] Random seed fixed: 300861
[Worker 2] started on GPU.
  [Worker 2] episode 820 finished. (AvgLatErr: 0.7244, Steps: 132)
  [Worker 2] episode 821 finished. (AvgLatErr: 0.3084, Steps: 142)
  [Worker 2] episode 822 finished. (AvgLatErr: 0.3844, Steps: 116)
  [Worker 2] episode 823 finished. (AvgLatErr: 0.2875, Steps: 122)
  [Worker 2] episode 824 finished. (AvgLatErr: 0.3874, Steps: 120)
  [Worker 2] episode 825 finished. (AvgLatErr: 0.3438, Steps: 123)
  [Worker 2] episode 826 finished. (AvgLatErr: 0.3901, Steps: 124)
  [Worker 2] episode 827 finished. (AvgLatErr: 0.4138, Steps: 117)
  [Worker 2] episode 828 finished. (AvgLatErr: 0.5048, Steps: 118)
  [Worker 2] episode 829 finished. (AvgLatErr: 0.3325, Steps: 120)
[Worker 2].
Warning: num_agents (8) is greater than the number of available vehicle parameters (4). Cycling vehicle templates.
[Worker 3] TensorFlow device=GPU, mixed_precision=mixed_float16
[Worker 3] Random seed fixed: 400861
[Worker 3] started on GPU.
  [Worker 3] episode 820 finished. (AvgLatErr: 0.3143, Steps: 195)
  [Worker 3] episode 821 finished. (AvgLatErr: 0.5743, Steps: 178)
  [Worker 3] episode 822 finished. (AvgLatErr: 0.3670, Steps: 165)
  [Worker 3] episode 823 finished. (AvgLatErr: 0.3612, Steps: 181)
  [Worker 3] episode 824 finished. (AvgLatErr: 0.5199, Steps: 177)
  [Worker 3] episode 825 finished. (AvgLatErr: 0.6394, Steps: 171)
  [Worker 3] episode 826 finished. (AvgLatErr: 0.4319, Steps: 176)
  [Worker 3] episode 827 finished. (AvgLatErr: 0.4508, Steps: 174)
  [Worker 3] episode 828 finished. (AvgLatErr: 0.3587, Steps: 169)
  [Worker 3] episode 829 finished. (AvgLatErr: 0.4567, Steps: 171)
[Worker 3].
Warning: num_agents (8) is greater than the number of available vehicle parameters (4). Cycling vehicle templates.
[Worker 4] TensorFlow device=GPU, mixed_precision=mixed_float16
[Worker 4] Random seed fixed: 500861
[Worker 4] started on GPU.
  [Worker 4] episode 820 finished. (AvgLatErr: 0.3670, Steps: 163)
  [Worker 4] episode 821 finished. (AvgLatErr: 0.3706, Steps: 155)
  [Worker 4] episode 822 finished. (AvgLatErr: 0.2556, Steps: 153)
  [Worker 4] episode 823 finished. (AvgLatErr: 0.2399, Steps: 161)
  [Worker 4] episode 824 finished. (AvgLatErr: 0.2745, Steps: 160)
  [Worker 4] episode 825 finished. (AvgLatErr: 0.2246, Steps: 177)
  [Worker 4] episode 826 finished. (AvgLatErr: 0.2473, Steps: 153)
  [Worker 4] episode 827 finished. (AvgLatErr: 0.2292, Steps: 172)
  [Worker 4] episode 828 finished. (AvgLatErr: 0.2675, Steps: 154)
  [Worker 4] episode 829 finished. (AvgLatErr: 0.2435, Steps: 167)
[Worker 4].
Warning: num_agents (8) is greater than the number of available vehicle parameters (4). Cycling vehicle templates.
[Worker 7] TensorFlow device=GPU, mixed_precision=mixed_float16
[Worker 7] Random seed fixed: 800861
[Worker 7] started on GPU.
  [Worker 7] episode 820 finished. (AvgLatErr: 0.1847, Steps: 128)
  [Worker 7] episode 821 finished. (AvgLatErr: 0.1751, Steps: 138)
  [Worker 7] episode 822 finished. (AvgLatErr: 0.2023, Steps: 129)
  [Worker 7] episode 823 finished. (AvgLatErr: 1.8281, Steps: 200)
  [Worker 7] episode 824 finished. (AvgLatErr: 0.2234, Steps: 140)
  [Worker 7] episode 825 finished. (AvgLatErr: 0.1307, Steps: 141)
  [Worker 7] episode 826 finished. (AvgLatErr: 0.1658, Steps: 130)
  [Worker 7] episode 827 finished. (AvgLatErr: 0.2379, Steps: 143)
  [Worker 7] episode 828 finished. (AvgLatErr: 1.0315, Steps: 169)
  [Worker 7] episode 829 finished. (AvgLatErr: 0.1865, Steps: 134)
[Worker 7].
Warning: num_agents (8) is greater than the number of available vehicle parameters (4). Cycling vehicle templates.
[Worker 5] TensorFlow device=GPU, mixed_precision=mixed_float16
[Worker 5] Random seed fixed: 600861
[Worker 5] started on GPU.
  [Worker 5] episode 820 finished. (AvgLatErr: 0.2363, Steps: 171)
  [Worker 5] episode 821 finished. (AvgLatErr: 0.1555, Steps: 162)
  [Worker 5] episode 822 finished. (AvgLatErr: 0.2083, Steps: 176)
  [Worker 5] episode 823 finished. (AvgLatErr: 0.1780, Steps: 164)
  [Worker 5] episode 824 finished. (AvgLatErr: 0.0794, Steps: 200)
  [Worker 5] episode 825 finished. (AvgLatErr: 0.1060, Steps: 195)
  [Worker 5] episode 826 finished. (AvgLatErr: 0.1843, Steps: 164)
  [Worker 5] episode 827 finished. (AvgLatErr: 0.1608, Steps: 151)
  [Worker 5] episode 828 finished. (AvgLatErr: 0.1862, Steps: 167)
  [Worker 5] episode 829 finished. (AvgLatErr: 0.2518, Steps: 153)
[Worker 5].
Warning: num_agents (8) is greater than the number of available vehicle parameters (4). Cycling vehicle templates.
[Worker 6] TensorFlow device=GPU, mixed_precision=mixed_float16
[Worker 6] Random seed fixed: 700861
[Worker 6] started on GPU.
  [Worker 6] episode 820 finished. (AvgLatErr: 0.2896, Steps: 188)
  [Worker 6] episode 821 finished. (AvgLatErr: 0.4361, Steps: 200)
  [Worker 6] episode 822 finished. (AvgLatErr: 0.3056, Steps: 200)
  [Worker 6] episode 823 finished. (AvgLatErr: 0.4715, Steps: 200)
  [Worker 6] episode 824 finished. (AvgLatErr: 0.3567, Steps: 200)
  [Worker 6] episode 825 finished. (AvgLatErr: 0.3990, Steps: 200)
  [Worker 6] episode 826 finished. (AvgLatErr: 0.3850, Steps: 200)
  [Worker 6] episode 827 finished. (AvgLatErr: 0.3847, Steps: 200)
  [Worker 6] episode 828 finished. (AvgLatErr: 0.4883, Steps: 200)
  [Worker 6] episode 829 finished. (AvgLatErr: 0.4547, Steps: 200)
[Worker 6].
[Main] workers finished. (elapsed: 84.73s)
[Main] Aggregation-selected agents: [3, 4, 6, 7]
[Main] FedAdagrad update completed.
[Main] Replay buffers reset after global model update.
============================================================================================
829 EP / Agent 0 : Avg Lat Err 0.5739
829 EP / Agent 1 : Avg Lat Err 0.1229
829 EP / Agent 2 : Avg Lat Err 0.3325
829 EP / Agent 3 : Avg Lat Err 0.4567
829 EP / Agent 4 : Avg Lat Err 0.2435
829 EP / Agent 5 : Avg Lat Err 0.2518
829 EP / Agent 6 : Avg Lat Err 0.4547
829 EP / Agent 7 : Avg Lat Err 0.1865
============================================================================================

============================================================================================
[Main] FL round started. (episode 830 ~ 839)
[Main] Client selection: mode=random, budget=4
[Main] Participating agents: [0, 1, 2, 3, 4, 5, 6, 7]
Warning: num_agents (8) is greater than the number of available vehicle parameters (4). Cycling vehicle templates.
[Worker 0] TensorFlow device=GPU, mixed_precision=mixed_float16
[Worker 0] Random seed fixed: 100871
[Worker 0] started on GPU.
  [Worker 0] episode 830 finished. (AvgLatErr: 0.8095, Steps: 140)
  [Worker 0] episode 831 finished. (AvgLatErr: 0.6290, Steps: 146)
  [Worker 0] episode 832 finished. (AvgLatErr: 0.7075, Steps: 138)
  [Worker 0] episode 833 finished. (AvgLatErr: 0.6970, Steps: 145)
  [Worker 0] episode 834 finished. (AvgLatErr: 0.9164, Steps: 132)
  [Worker 0] episode 835 finished. (AvgLatErr: 0.6194, Steps: 131)
  [Worker 0] episode 836 finished. (AvgLatErr: 1.3897, Steps: 141)
  [Worker 0] episode 837 finished. (AvgLatErr: 0.5542, Steps: 141)
  [Worker 0] episode 838 finished. (AvgLatErr: 0.3681, Steps: 132)
  [Worker 0] episode 839 finished. (AvgLatErr: 2.4349, Steps: 134)
[Worker 0].
Warning: num_agents (8) is greater than the number of available vehicle parameters (4). Cycling vehicle templates.
[Worker 1] TensorFlow device=GPU, mixed_precision=mixed_float16
[Worker 1] Random seed fixed: 200871
[Worker 1] started on GPU.
  [Worker 1] episode 830 finished. (AvgLatErr: 0.1521, Steps: 148)
  [Worker 1] episode 831 finished. (AvgLatErr: 0.1369, Steps: 125)
  [Worker 1] episode 832 finished. (AvgLatErr: 0.1481, Steps: 146)
  [Worker 1] episode 833 finished. (AvgLatErr: 0.2232, Steps: 140)
  [Worker 1] episode 834 finished. (AvgLatErr: 0.1268, Steps: 144)
  [Worker 1] episode 835 finished. (AvgLatErr: 0.1226, Steps: 141)
  [Worker 1] episode 836 finished. (AvgLatErr: 0.1102, Steps: 151)
  [Worker 1] episode 837 finished. (AvgLatErr: 0.2314, Steps: 149)
  [Worker 1] episode 838 finished. (AvgLatErr: 0.1077, Steps: 148)
  [Worker 1] episode 839 finished. (AvgLatErr: 0.1687, Steps: 127)
[Worker 1].
Warning: num_agents (8) is greater than the number of available vehicle parameters (4). Cycling vehicle templates.
[Worker 2] TensorFlow device=GPU, mixed_precision=mixed_float16
[Worker 2] Random seed fixed: 300871
[Worker 2] started on GPU.
  [Worker 2] episode 830 finished. (AvgLatErr: 0.3674, Steps: 126)
  [Worker 2] episode 831 finished. (AvgLatErr: 0.3035, Steps: 111)
  [Worker 2] episode 832 finished. (AvgLatErr: 0.3519, Steps: 126)
  [Worker 2] episode 833 finished. (AvgLatErr: 0.3368, Steps: 132)
  [Worker 2] episode 834 finished. (AvgLatErr: 0.3462, Steps: 136)
  [Worker 2] episode 835 finished. (AvgLatErr: 0.4979, Steps: 137)
  [Worker 2] episode 836 finished. (AvgLatErr: 0.4139, Steps: 122)
  [Worker 2] episode 837 finished. (AvgLatErr: 0.3736, Steps: 123)
  [Worker 2] episode 838 finished. (AvgLatErr: 0.4938, Steps: 129)
  [Worker 2] episode 839 finished. (AvgLatErr: 0.5117, Steps: 132)
[Worker 2].
Warning: num_agents (8) is greater than the number of available vehicle parameters (4). Cycling vehicle templates.
[Worker 3] TensorFlow device=GPU, mixed_precision=mixed_float16
[Worker 3] Random seed fixed: 400871
[Worker 3] started on GPU.
  [Worker 3] episode 830 finished. (AvgLatErr: 0.4498, Steps: 184)
  [Worker 3] episode 831 finished. (AvgLatErr: 0.4279, Steps: 170)
  [Worker 3] episode 832 finished. (AvgLatErr: 0.2261, Steps: 200)
  [Worker 3] episode 833 finished. (AvgLatErr: 0.4510, Steps: 195)
  [Worker 3] episode 834 finished. (AvgLatErr: 0.7541, Steps: 186)
  [Worker 3] episode 835 finished. (AvgLatErr: 0.6176, Steps: 176)
  [Worker 3] episode 836 finished. (AvgLatErr: 0.3340, Steps: 175)
  [Worker 3] episode 837 finished. (AvgLatErr: 0.5198, Steps: 161)
  [Worker 3] episode 838 finished. (AvgLatErr: 0.4262, Steps: 170)
  [Worker 3] episode 839 finished. (AvgLatErr: 0.6015, Steps: 163)
[Worker 3].
Warning: num_agents (8) is greater than the number of available vehicle parameters (4). Cycling vehicle templates.
[Worker 4] TensorFlow device=GPU, mixed_precision=mixed_float16
[Worker 4] Random seed fixed: 500871
[Worker 4] started on GPU.
  [Worker 4] episode 830 finished. (AvgLatErr: 0.3798, Steps: 168)
  [Worker 4] episode 831 finished. (AvgLatErr: 0.2677, Steps: 170)
  [Worker 4] episode 832 finished. (AvgLatErr: 0.3852, Steps: 183)
  [Worker 4] episode 833 finished. (AvgLatErr: 0.3087, Steps: 161)
  [Worker 4] episode 834 finished. (AvgLatErr: 0.3369, Steps: 171)
  [Worker 4] episode 835 finished. (AvgLatErr: 0.2407, Steps: 150)
  [Worker 4] episode 836 finished. (AvgLatErr: 0.1646, Steps: 187)
  [Worker 4] episode 837 finished. (AvgLatErr: 0.2503, Steps: 160)
  [Worker 4] episode 838 finished. (AvgLatErr: 0.3619, Steps: 189)
  [Worker 4] episode 839 finished. (AvgLatErr: 0.2666, Steps: 158)
[Worker 4].
Warning: num_agents (8) is greater than the number of available vehicle parameters (4). Cycling vehicle templates.
[Worker 7] TensorFlow device=GPU, mixed_precision=mixed_float16
[Worker 7] Random seed fixed: 800871
[Worker 7] started on GPU.
  [Worker 7] episode 830 finished. (AvgLatErr: 0.1219, Steps: 140)
  [Worker 7] episode 831 finished. (AvgLatErr: 0.1527, Steps: 153)
  [Worker 7] episode 832 finished. (AvgLatErr: 0.1480, Steps: 162)
  [Worker 7] episode 833 finished. (AvgLatErr: 0.2004, Steps: 137)
  [Worker 7] episode 834 finished. (AvgLatErr: 0.2821, Steps: 137)
  [Worker 7] episode 835 finished. (AvgLatErr: 0.1378, Steps: 185)
  [Worker 7] episode 836 finished. (AvgLatErr: 0.1332, Steps: 144)
  [Worker 7] episode 837 finished. (AvgLatErr: 0.3216, Steps: 148)
  [Worker 7] episode 838 finished. (AvgLatErr: 0.2259, Steps: 139)
  [Worker 7] episode 839 finished. (AvgLatErr: 0.3154, Steps: 147)
[Worker 7].
Warning: num_agents (8) is greater than the number of available vehicle parameters (4). Cycling vehicle templates.
[Worker 5] TensorFlow device=GPU, mixed_precision=mixed_float16
[Worker 5] Random seed fixed: 600871
[Worker 5] started on GPU.
  [Worker 5] episode 830 finished. (AvgLatErr: 0.1646, Steps: 187)
  [Worker 5] episode 831 finished. (AvgLatErr: 0.2693, Steps: 154)
  [Worker 5] episode 832 finished. (AvgLatErr: 0.2129, Steps: 188)
  [Worker 5] episode 833 finished. (AvgLatErr: 0.1476, Steps: 160)
  [Worker 5] episode 834 finished. (AvgLatErr: 0.2243, Steps: 163)
  [Worker 5] episode 835 finished. (AvgLatErr: 0.1734, Steps: 176)
  [Worker 5] episode 836 finished. (AvgLatErr: 0.1259, Steps: 200)
  [Worker 5] episode 837 finished. (AvgLatErr: 0.2382, Steps: 188)
  [Worker 5] episode 838 finished. (AvgLatErr: 0.1347, Steps: 168)
  [Worker 5] episode 839 finished. (AvgLatErr: 0.1419, Steps: 171)
[Worker 5].
Warning: num_agents (8) is greater than the number of available vehicle parameters (4). Cycling vehicle templates.
[Worker 6] TensorFlow device=GPU, mixed_precision=mixed_float16
[Worker 6] Random seed fixed: 700871
[Worker 6] started on GPU.
  [Worker 6] episode 830 finished. (AvgLatErr: 0.3055, Steps: 200)
  [Worker 6] episode 831 finished. (AvgLatErr: 0.3659, Steps: 200)
  [Worker 6] episode 832 finished. (AvgLatErr: 0.3246, Steps: 200)
  [Worker 6] episode 833 finished. (AvgLatErr: 0.3823, Steps: 200)
  [Worker 6] episode 834 finished. (AvgLatErr: 0.4030, Steps: 200)
  [Worker 6] episode 835 finished. (AvgLatErr: 0.2408, Steps: 189)
  [Worker 6] episode 836 finished. (AvgLatErr: 0.4074, Steps: 200)
  [Worker 6] episode 837 finished. (AvgLatErr: 0.2596, Steps: 200)
  [Worker 6] episode 838 finished. (AvgLatErr: 0.4401, Steps: 200)
  [Worker 6] episode 839 finished. (AvgLatErr: 0.3763, Steps: 200)
[Worker 6].
[Main] workers finished. (elapsed: 84.72s)
[Main] Aggregation-selected agents: [2, 4, 5, 6]
[Main] FedAdagrad update completed.
[Main] Replay buffers reset after global model update.
============================================================================================
839 EP / Agent 0 : Avg Lat Err 2.4349
839 EP / Agent 1 : Avg Lat Err 0.1687
839 EP / Agent 2 : Avg Lat Err 0.5117
839 EP / Agent 3 : Avg Lat Err 0.6015
839 EP / Agent 4 : Avg Lat Err 0.2666
839 EP / Agent 5 : Avg Lat Err 0.1419
839 EP / Agent 6 : Avg Lat Err 0.3763
839 EP / Agent 7 : Avg Lat Err 0.3154
============================================================================================

============================================================================================
[Main] FL round started. (episode 840 ~ 849)
[Main] Client selection: mode=random, budget=4
[Main] Participating agents: [0, 1, 2, 3, 4, 5, 6, 7]
Warning: num_agents (8) is greater than the number of available vehicle parameters (4). Cycling vehicle templates.
[Worker 0] TensorFlow device=GPU, mixed_precision=mixed_float16
[Worker 0] Random seed fixed: 100881
[Worker 0] started on GPU.
  [Worker 0] episode 840 finished. (AvgLatErr: 0.7191, Steps: 127)
  [Worker 0] episode 841 finished. (AvgLatErr: 0.9694, Steps: 135)
  [Worker 0] episode 842 finished. (AvgLatErr: 0.9352, Steps: 135)
  [Worker 0] episode 843 finished. (AvgLatErr: 1.6508, Steps: 141)
  [Worker 0] episode 844 finished. (AvgLatErr: 1.9881, Steps: 142)
  [Worker 0] episode 845 finished. (AvgLatErr: 0.9180, Steps: 134)
  [Worker 0] episode 846 finished. (AvgLatErr: 1.1184, Steps: 133)
  [Worker 0] episode 847 finished. (AvgLatErr: 1.1770, Steps: 135)
  [Worker 0] episode 848 finished. (AvgLatErr: 0.8067, Steps: 132)
  [Worker 0] episode 849 finished. (AvgLatErr: 0.8931, Steps: 123)
[Worker 0].
Warning: num_agents (8) is greater than the number of available vehicle parameters (4). Cycling vehicle templates.
[Worker 1] TensorFlow device=GPU, mixed_precision=mixed_float16
[Worker 1] Random seed fixed: 200881
[Worker 1] started on GPU.
  [Worker 1] episode 840 finished. (AvgLatErr: 0.1157, Steps: 134)
  [Worker 1] episode 841 finished. (AvgLatErr: 0.1700, Steps: 136)
  [Worker 1] episode 842 finished. (AvgLatErr: 0.1401, Steps: 137)
  [Worker 1] episode 843 finished. (AvgLatErr: 0.2120, Steps: 124)
  [Worker 1] episode 844 finished. (AvgLatErr: 0.1500, Steps: 126)
  [Worker 1] episode 845 finished. (AvgLatErr: 0.1431, Steps: 116)
  [Worker 1] episode 846 finished. (AvgLatErr: 0.1150, Steps: 127)
  [Worker 1] episode 847 finished. (AvgLatErr: 0.1903, Steps: 138)
  [Worker 1] episode 848 finished. (AvgLatErr: 0.2650, Steps: 121)
  [Worker 1] episode 849 finished. (AvgLatErr: 0.2362, Steps: 142)
[Worker 1].
Warning: num_agents (8) is greater than the number of available vehicle parameters (4). Cycling vehicle templates.
[Worker 2] TensorFlow device=GPU, mixed_precision=mixed_float16
[Worker 2] Random seed fixed: 300881
[Worker 2] started on GPU.
  [Worker 2] episode 840 finished. (AvgLatErr: 0.2080, Steps: 128)
  [Worker 2] episode 841 finished. (AvgLatErr: 0.3939, Steps: 135)
  [Worker 2] episode 842 finished. (AvgLatErr: 0.4181, Steps: 135)
  [Worker 2] episode 843 finished. (AvgLatErr: 0.2974, Steps: 138)
  [Worker 2] episode 844 finished. (AvgLatErr: 0.4845, Steps: 121)
  [Worker 2] episode 845 finished. (AvgLatErr: 0.2851, Steps: 125)
  [Worker 2] episode 846 finished. (AvgLatErr: 0.4100, Steps: 131)
  [Worker 2] episode 847 finished. (AvgLatErr: 0.3634, Steps: 128)
  [Worker 2] episode 848 finished. (AvgLatErr: 0.5047, Steps: 131)
  [Worker 2] episode 849 finished. (AvgLatErr: 0.2953, Steps: 118)
[Worker 2].
Warning: num_agents (8) is greater than the number of available vehicle parameters (4). Cycling vehicle templates.
[Worker 3] TensorFlow device=GPU, mixed_precision=mixed_float16
[Worker 3] Random seed fixed: 400881
[Worker 3] started on GPU.
  [Worker 3] episode 840 finished. (AvgLatErr: 0.4742, Steps: 178)
  [Worker 3] episode 841 finished. (AvgLatErr: 0.3924, Steps: 179)
  [Worker 3] episode 842 finished. (AvgLatErr: 0.5274, Steps: 166)
  [Worker 3] episode 843 finished. (AvgLatErr: 0.4581, Steps: 178)
  [Worker 3] episode 844 finished. (AvgLatErr: 0.6031, Steps: 173)
  [Worker 3] episode 845 finished. (AvgLatErr: 0.7044, Steps: 179)
  [Worker 3] episode 846 finished. (AvgLatErr: 0.3477, Steps: 179)
  [Worker 3] episode 847 finished. (AvgLatErr: 0.7141, Steps: 184)
  [Worker 3] episode 848 finished. (AvgLatErr: 0.5397, Steps: 183)
  [Worker 3] episode 849 finished. (AvgLatErr: 0.3638, Steps: 181)
[Worker 3].
Warning: num_agents (8) is greater than the number of available vehicle parameters (4). Cycling vehicle templates.
[Worker 4] TensorFlow device=GPU, mixed_precision=mixed_float16
[Worker 4] Random seed fixed: 500881
[Worker 4] started on GPU.
  [Worker 4] episode 840 finished. (AvgLatErr: 0.3516, Steps: 155)
  [Worker 4] episode 841 finished. (AvgLatErr: 0.2576, Steps: 178)
  [Worker 4] episode 842 finished. (AvgLatErr: 0.2216, Steps: 150)
  [Worker 4] episode 843 finished. (AvgLatErr: 0.2506, Steps: 168)
  [Worker 4] episode 844 finished. (AvgLatErr: 0.2113, Steps: 152)
  [Worker 4] episode 845 finished. (AvgLatErr: 0.3695, Steps: 162)
  [Worker 4] episode 846 finished. (AvgLatErr: 0.2930, Steps: 167)
  [Worker 4] episode 847 finished. (AvgLatErr: 0.2776, Steps: 159)
  [Worker 4] episode 848 finished. (AvgLatErr: 0.2195, Steps: 165)
  [Worker 4] episode 849 finished. (AvgLatErr: 0.1963, Steps: 153)
[Worker 4].
Warning: num_agents (8) is greater than the number of available vehicle parameters (4). Cycling vehicle templates.
[Worker 5] TensorFlow device=GPU, mixed_precision=mixed_float16
[Worker 5] Random seed fixed: 600881
[Worker 5] started on GPU.
  [Worker 5] episode 840 finished. (AvgLatErr: 0.1838, Steps: 154)
  [Worker 5] episode 841 finished. (AvgLatErr: 0.2139, Steps: 171)
  [Worker 5] episode 842 finished. (AvgLatErr: 0.2457, Steps: 161)
  [Worker 5] episode 843 finished. (AvgLatErr: 0.2399, Steps: 140)
  [Worker 5] episode 844 finished. (AvgLatErr: 0.1594, Steps: 183)
  [Worker 5] episode 845 finished. (AvgLatErr: 0.1450, Steps: 159)
  [Worker 5] episode 846 finished. (AvgLatErr: 0.2270, Steps: 152)
  [Worker 5] episode 847 finished. (AvgLatErr: 0.1216, Steps: 200)
  [Worker 5] episode 848 finished. (AvgLatErr: 0.1858, Steps: 154)
  [Worker 5] episode 849 finished. (AvgLatErr: 0.1532, Steps: 149)
[Worker 5].
Warning: num_agents (8) is greater than the number of available vehicle parameters (4). Cycling vehicle templates.
[Worker 7] TensorFlow device=GPU, mixed_precision=mixed_float16
[Worker 7] Random seed fixed: 800881
[Worker 7] started on GPU.
  [Worker 7] episode 840 finished. (AvgLatErr: 0.2130, Steps: 150)
  [Worker 7] episode 841 finished. (AvgLatErr: 0.1932, Steps: 136)
  [Worker 7] episode 842 finished. (AvgLatErr: 0.1627, Steps: 140)
  [Worker 7] episode 843 finished. (AvgLatErr: 0.1481, Steps: 139)
  [Worker 7] episode 844 finished. (AvgLatErr: 0.1405, Steps: 134)
  [Worker 7] episode 845 finished. (AvgLatErr: 0.1726, Steps: 132)
  [Worker 7] episode 846 finished. (AvgLatErr: 0.2526, Steps: 146)
  [Worker 7] episode 847 finished. (AvgLatErr: 0.1763, Steps: 130)
  [Worker 7] episode 848 finished. (AvgLatErr: 0.1511, Steps: 138)
  [Worker 7] episode 849 finished. (AvgLatErr: 0.1064, Steps: 153)
[Worker 7].
Warning: num_agents (8) is greater than the number of available vehicle parameters (4). Cycling vehicle templates.
[Worker 6] TensorFlow device=GPU, mixed_precision=mixed_float16
[Worker 6] Random seed fixed: 700881
[Worker 6] started on GPU.
  [Worker 6] episode 840 finished. (AvgLatErr: 0.3555, Steps: 200)
  [Worker 6] episode 841 finished. (AvgLatErr: 0.4179, Steps: 188)
  [Worker 6] episode 842 finished. (AvgLatErr: 0.4506, Steps: 200)
  [Worker 6] episode 843 finished. (AvgLatErr: 0.3716, Steps: 200)
  [Worker 6] episode 844 finished. (AvgLatErr: 0.3221, Steps: 200)
  [Worker 6] episode 845 finished. (AvgLatErr: 1.8806, Steps: 200)
  [Worker 6] episode 846 finished. (AvgLatErr: 0.4965, Steps: 200)
  [Worker 6] episode 847 finished. (AvgLatErr: 0.3121, Steps: 200)
  [Worker 6] episode 848 finished. (AvgLatErr: 0.5273, Steps: 200)
  [Worker 6] episode 849 finished. (AvgLatErr: 0.3343, Steps: 198)
[Worker 6].
[Main] workers finished. (elapsed: 83.65s)
[Main] Aggregation-selected agents: [1, 3, 5, 7]
[Main] FedAdagrad update completed.
[Main] Replay buffers reset after global model update.
============================================================================================
849 EP / Agent 0 : Avg Lat Err 0.8931
849 EP / Agent 1 : Avg Lat Err 0.2362
849 EP / Agent 2 : Avg Lat Err 0.2953
849 EP / Agent 3 : Avg Lat Err 0.3638
849 EP / Agent 4 : Avg Lat Err 0.1963
849 EP / Agent 5 : Avg Lat Err 0.1532
849 EP / Agent 6 : Avg Lat Err 0.3343
849 EP / Agent 7 : Avg Lat Err 0.1064
============================================================================================
[Main] Model checkpoint saved: C:\Users\syd79\FRL-Q\experiments\fast_parallel_fedadagrad_8random4_20260916_run1_random_4of8\checkpoints\global_model_episode_000850.weights.h5

============================================================================================
[Main] FL round started. (episode 850 ~ 859)
[Main] Client selection: mode=random, budget=4
[Main] Participating agents: [0, 1, 2, 3, 4, 5, 6, 7]
Warning: num_agents (8) is greater than the number of available vehicle parameters (4). Cycling vehicle templates.
[Worker 0] TensorFlow device=GPU, mixed_precision=mixed_float16
[Worker 0] Random seed fixed: 100891
[Worker 0] started on GPU.
  [Worker 0] episode 850 finished. (AvgLatErr: 1.3563, Steps: 136)
  [Worker 0] episode 851 finished. (AvgLatErr: 0.6634, Steps: 135)
  [Worker 0] episode 852 finished. (AvgLatErr: 1.0730, Steps: 146)
  [Worker 0] episode 853 finished. (AvgLatErr: 1.3410, Steps: 127)
  [Worker 0] episode 854 finished. (AvgLatErr: 0.9543, Steps: 126)
  [Worker 0] episode 855 finished. (AvgLatErr: 1.1102, Steps: 140)
  [Worker 0] episode 856 finished. (AvgLatErr: 0.5929, Steps: 140)
  [Worker 0] episode 857 finished. (AvgLatErr: 0.6651, Steps: 135)
  [Worker 0] episode 858 finished. (AvgLatErr: 0.7907, Steps: 138)
  [Worker 0] episode 859 finished. (AvgLatErr: 0.5916, Steps: 134)
[Worker 0].
Warning: num_agents (8) is greater than the number of available vehicle parameters (4). Cycling vehicle templates.
[Worker 1] TensorFlow device=GPU, mixed_precision=mixed_float16
[Worker 1] Random seed fixed: 200891
[Worker 1] started on GPU.
  [Worker 1] episode 850 finished. (AvgLatErr: 0.1695, Steps: 119)
  [Worker 1] episode 851 finished. (AvgLatErr: 0.1639, Steps: 115)
  [Worker 1] episode 852 finished. (AvgLatErr: 0.3868, Steps: 120)
  [Worker 1] episode 853 finished. (AvgLatErr: 0.1631, Steps: 146)
  [Worker 1] episode 854 finished. (AvgLatErr: 0.1798, Steps: 117)
  [Worker 1] episode 855 finished. (AvgLatErr: 0.2315, Steps: 118)
  [Worker 1] episode 856 finished. (AvgLatErr: 0.1804, Steps: 113)
  [Worker 1] episode 857 finished. (AvgLatErr: 0.1948, Steps: 109)
  [Worker 1] episode 858 finished. (AvgLatErr: 0.2371, Steps: 110)
  [Worker 1] episode 859 finished. (AvgLatErr: 0.2243, Steps: 112)
[Worker 1].
Warning: num_agents (8) is greater than the number of available vehicle parameters (4). Cycling vehicle templates.
[Worker 2] TensorFlow device=GPU, mixed_precision=mixed_float16
[Worker 2] Random seed fixed: 300891
[Worker 2] started on GPU.
  [Worker 2] episode 850 finished. (AvgLatErr: 0.1985, Steps: 134)
  [Worker 2] episode 851 finished. (AvgLatErr: 0.2885, Steps: 142)
  [Worker 2] episode 852 finished. (AvgLatErr: 0.4961, Steps: 130)
  [Worker 2] episode 853 finished. (AvgLatErr: 0.4120, Steps: 123)
  [Worker 2] episode 854 finished. (AvgLatErr: 5.6376, Steps: 168)
  [Worker 2] episode 855 finished. (AvgLatErr: 0.3557, Steps: 129)
  [Worker 2] episode 856 finished. (AvgLatErr: 0.5337, Steps: 124)
  [Worker 2] episode 857 finished. (AvgLatErr: 0.8396, Steps: 113)
  [Worker 2] episode 858 finished. (AvgLatErr: 0.4320, Steps: 136)
  [Worker 2] episode 859 finished. (AvgLatErr: 0.7131, Steps: 129)
[Worker 2].
Warning: num_agents (8) is greater than the number of available vehicle parameters (4). Cycling vehicle templates.
[Worker 3] TensorFlow device=GPU, mixed_precision=mixed_float16
[Worker 3] Random seed fixed: 400891
[Worker 3] started on GPU.
  [Worker 3] episode 850 finished. (AvgLatErr: 0.4241, Steps: 175)
  [Worker 3] episode 851 finished. (AvgLatErr: 0.2092, Steps: 195)
  [Worker 3] episode 852 finished. (AvgLatErr: 0.1934, Steps: 183)
  [Worker 3] episode 853 finished. (AvgLatErr: 0.2009, Steps: 200)
  [Worker 3] episode 854 finished. (AvgLatErr: 0.2524, Steps: 178)
  [Worker 3] episode 855 finished. (AvgLatErr: 0.7657, Steps: 162)
  [Worker 3] episode 856 finished. (AvgLatErr: 0.4542, Steps: 175)
  [Worker 3] episode 857 finished. (AvgLatErr: 0.4452, Steps: 177)
  [Worker 3] episode 858 finished. (AvgLatErr: 0.5280, Steps: 172)
  [Worker 3] episode 859 finished. (AvgLatErr: 0.7207, Steps: 177)
[Worker 3].
Warning: num_agents (8) is greater than the number of available vehicle parameters (4). Cycling vehicle templates.
[Worker 4] TensorFlow device=GPU, mixed_precision=mixed_float16
[Worker 4] Random seed fixed: 500891
[Worker 4] started on GPU.
  [Worker 4] episode 850 finished. (AvgLatErr: 0.4467, Steps: 170)
  [Worker 4] episode 851 finished. (AvgLatErr: 0.3327, Steps: 171)
  [Worker 4] episode 852 finished. (AvgLatErr: 0.3553, Steps: 158)
  [Worker 4] episode 853 finished. (AvgLatErr: 0.3377, Steps: 153)
  [Worker 4] episode 854 finished. (AvgLatErr: 0.2425, Steps: 161)
  [Worker 4] episode 855 finished. (AvgLatErr: 0.2565, Steps: 176)
  [Worker 4] episode 856 finished. (AvgLatErr: 0.2713, Steps: 161)
  [Worker 4] episode 857 finished. (AvgLatErr: 0.2493, Steps: 155)
  [Worker 4] episode 858 finished. (AvgLatErr: 0.2672, Steps: 160)
  [Worker 4] episode 859 finished. (AvgLatErr: 0.3462, Steps: 159)
[Worker 4].
Warning: num_agents (8) is greater than the number of available vehicle parameters (4). Cycling vehicle templates.
[Worker 7] TensorFlow device=GPU, mixed_precision=mixed_float16
[Worker 7] Random seed fixed: 800891
[Worker 7] started on GPU.
  [Worker 7] episode 850 finished. (AvgLatErr: 0.1708, Steps: 133)
  [Worker 7] episode 851 finished. (AvgLatErr: 0.2585, Steps: 146)
  [Worker 7] episode 852 finished. (AvgLatErr: 0.1087, Steps: 148)
  [Worker 7] episode 853 finished. (AvgLatErr: 0.1377, Steps: 152)
  [Worker 7] episode 854 finished. (AvgLatErr: 0.1743, Steps: 140)
  [Worker 7] episode 855 finished. (AvgLatErr: 0.1962, Steps: 137)
  [Worker 7] episode 856 finished. (AvgLatErr: 0.2136, Steps: 123)
  [Worker 7] episode 857 finished. (AvgLatErr: 0.1005, Steps: 177)
  [Worker 7] episode 858 finished. (AvgLatErr: 0.1385, Steps: 141)
  [Worker 7] episode 859 finished. (AvgLatErr: 0.1581, Steps: 125)
[Worker 7].
Warning: num_agents (8) is greater than the number of available vehicle parameters (4). Cycling vehicle templates.
[Worker 5] TensorFlow device=GPU, mixed_precision=mixed_float16
[Worker 5] Random seed fixed: 600891
[Worker 5] started on GPU.
  [Worker 5] episode 850 finished. (AvgLatErr: 0.1616, Steps: 158)
  [Worker 5] episode 851 finished. (AvgLatErr: 0.1569, Steps: 188)
  [Worker 5] episode 852 finished. (AvgLatErr: 0.0766, Steps: 200)
  [Worker 5] episode 853 finished. (AvgLatErr: 0.1862, Steps: 180)
  [Worker 5] episode 854 finished. (AvgLatErr: 0.3684, Steps: 171)
  [Worker 5] episode 855 finished. (AvgLatErr: 0.3295, Steps: 148)
  [Worker 5] episode 856 finished. (AvgLatErr: 0.4221, Steps: 176)
  [Worker 5] episode 857 finished. (AvgLatErr: 0.2074, Steps: 165)
  [Worker 5] episode 858 finished. (AvgLatErr: 0.2488, Steps: 150)
  [Worker 5] episode 859 finished. (AvgLatErr: 0.3432, Steps: 158)
[Worker 5].
Warning: num_agents (8) is greater than the number of available vehicle parameters (4). Cycling vehicle templates.
[Worker 6] TensorFlow device=GPU, mixed_precision=mixed_float16
[Worker 6] Random seed fixed: 700891
[Worker 6] started on GPU.
  [Worker 6] episode 850 finished. (AvgLatErr: 0.3408, Steps: 189)
  [Worker 6] episode 851 finished. (AvgLatErr: 0.5014, Steps: 200)
  [Worker 6] episode 852 finished. (AvgLatErr: 0.3598, Steps: 200)
  [Worker 6] episode 853 finished. (AvgLatErr: 0.5508, Steps: 197)
  [Worker 6] episode 854 finished. (AvgLatErr: 0.3179, Steps: 200)
  [Worker 6] episode 855 finished. (AvgLatErr: 0.4785, Steps: 187)
  [Worker 6] episode 856 finished. (AvgLatErr: 0.5936, Steps: 194)
  [Worker 6] episode 857 finished. (AvgLatErr: 0.4251, Steps: 200)
  [Worker 6] episode 858 finished. (AvgLatErr: 0.4595, Steps: 189)
  [Worker 6] episode 859 finished. (AvgLatErr: 0.4449, Steps: 200)
[Worker 6].
[Main] workers finished. (elapsed: 83.37s)
[Main] Aggregation-selected agents: [1, 2, 5, 6]
[Main] FedAdagrad update completed.
[Main] Replay buffers reset after global model update.
============================================================================================
859 EP / Agent 0 : Avg Lat Err 0.5916
859 EP / Agent 1 : Avg Lat Err 0.2243
859 EP / Agent 2 : Avg Lat Err 0.7131
859 EP / Agent 3 : Avg Lat Err 0.7207
859 EP / Agent 4 : Avg Lat Err 0.3462
859 EP / Agent 5 : Avg Lat Err 0.3432
859 EP / Agent 6 : Avg Lat Err 0.4449
859 EP / Agent 7 : Avg Lat Err 0.1581
============================================================================================

============================================================================================
[Main] FL round started. (episode 860 ~ 869)
[Main] Client selection: mode=random, budget=4
[Main] Participating agents: [0, 1, 2, 3, 4, 5, 6, 7]
Warning: num_agents (8) is greater than the number of available vehicle parameters (4). Cycling vehicle templates.
[Worker 0] TensorFlow device=GPU, mixed_precision=mixed_float16
[Worker 0] Random seed fixed: 100901
[Worker 0] started on GPU.
  [Worker 0] episode 860 finished. (AvgLatErr: 1.2492, Steps: 144)
  [Worker 0] episode 861 finished. (AvgLatErr: 0.8268, Steps: 130)
  [Worker 0] episode 862 finished. (AvgLatErr: 0.9460, Steps: 125)
  [Worker 0] episode 863 finished. (AvgLatErr: 1.7344, Steps: 133)
  [Worker 0] episode 864 finished. (AvgLatErr: 1.0994, Steps: 136)
  [Worker 0] episode 865 finished. (AvgLatErr: 0.7218, Steps: 125)
  [Worker 0] episode 866 finished. (AvgLatErr: 0.8936, Steps: 135)
  [Worker 0] episode 867 finished. (AvgLatErr: 1.1174, Steps: 119)
  [Worker 0] episode 868 finished. (AvgLatErr: 0.9343, Steps: 128)
  [Worker 0] episode 869 finished. (AvgLatErr: 1.3169, Steps: 134)
[Worker 0].
Warning: num_agents (8) is greater than the number of available vehicle parameters (4). Cycling vehicle templates.
[Worker 1] TensorFlow device=GPU, mixed_precision=mixed_float16
[Worker 1] Random seed fixed: 200901
[Worker 1] started on GPU.
  [Worker 1] episode 860 finished. (AvgLatErr: 0.1348, Steps: 132)
  [Worker 1] episode 861 finished. (AvgLatErr: 0.1299, Steps: 127)
  [Worker 1] episode 862 finished. (AvgLatErr: 0.2115, Steps: 132)
  [Worker 1] episode 863 finished. (AvgLatErr: 0.2144, Steps: 113)
  [Worker 1] episode 864 finished. (AvgLatErr: 0.1727, Steps: 133)
  [Worker 1] episode 865 finished. (AvgLatErr: 0.2401, Steps: 123)
  [Worker 1] episode 866 finished. (AvgLatErr: 0.1890, Steps: 136)
  [Worker 1] episode 867 finished. (AvgLatErr: 0.1905, Steps: 124)
  [Worker 1] episode 868 finished. (AvgLatErr: 0.1878, Steps: 128)
  [Worker 1] episode 869 finished. (AvgLatErr: 0.2073, Steps: 127)
[Worker 1].
Warning: num_agents (8) is greater than the number of available vehicle parameters (4). Cycling vehicle templates.
[Worker 2] TensorFlow device=GPU, mixed_precision=mixed_float16
[Worker 2] Random seed fixed: 300901
[Worker 2] started on GPU.
  [Worker 2] episode 860 finished. (AvgLatErr: 0.4664, Steps: 121)
  [Worker 2] episode 861 finished. (AvgLatErr: 0.3376, Steps: 119)
  [Worker 2] episode 862 finished. (AvgLatErr: 0.3583, Steps: 135)
  [Worker 2] episode 863 finished. (AvgLatErr: 0.5353, Steps: 124)
  [Worker 2] episode 864 finished. (AvgLatErr: 0.2608, Steps: 125)
  [Worker 2] episode 865 finished. (AvgLatErr: 0.4952, Steps: 126)
  [Worker 2] episode 866 finished. (AvgLatErr: 0.4397, Steps: 124)
  [Worker 2] episode 867 finished. (AvgLatErr: 0.4146, Steps: 127)
  [Worker 2] episode 868 finished. (AvgLatErr: 0.4378, Steps: 138)
  [Worker 2] episode 869 finished. (AvgLatErr: 0.2964, Steps: 120)
[Worker 2].
Warning: num_agents (8) is greater than the number of available vehicle parameters (4). Cycling vehicle templates.
[Worker 4] TensorFlow device=GPU, mixed_precision=mixed_float16
[Worker 4] Random seed fixed: 500901
[Worker 4] started on GPU.
  [Worker 4] episode 860 finished. (AvgLatErr: 0.3494, Steps: 152)
  [Worker 4] episode 861 finished. (AvgLatErr: 0.3046, Steps: 159)
  [Worker 4] episode 862 finished. (AvgLatErr: 0.2419, Steps: 169)
  [Worker 4] episode 863 finished. (AvgLatErr: 0.2411, Steps: 155)
  [Worker 4] episode 864 finished. (AvgLatErr: 0.2672, Steps: 173)
  [Worker 4] episode 865 finished. (AvgLatErr: 0.2116, Steps: 156)
  [Worker 4] episode 866 finished. (AvgLatErr: 0.3805, Steps: 162)
  [Worker 4] episode 867 finished. (AvgLatErr: 0.2714, Steps: 156)
  [Worker 4] episode 868 finished. (AvgLatErr: 0.2638, Steps: 159)
  [Worker 4] episode 869 finished. (AvgLatErr: 0.3190, Steps: 161)
[Worker 4].
Warning: num_agents (8) is greater than the number of available vehicle parameters (4). Cycling vehicle templates.
[Worker 3] TensorFlow device=GPU, mixed_precision=mixed_float16
[Worker 3] Random seed fixed: 400901
[Worker 3] started on GPU.
  [Worker 3] episode 860 finished. (AvgLatErr: 0.4687, Steps: 179)
  [Worker 3] episode 861 finished. (AvgLatErr: 0.6312, Steps: 188)
  [Worker 3] episode 862 finished. (AvgLatErr: 0.6881, Steps: 181)
  [Worker 3] episode 863 finished. (AvgLatErr: 0.3857, Steps: 200)
  [Worker 3] episode 864 finished. (AvgLatErr: 0.4211, Steps: 173)
  [Worker 3] episode 865 finished. (AvgLatErr: 0.6774, Steps: 173)
  [Worker 3] episode 866 finished. (AvgLatErr: 0.4282, Steps: 179)
  [Worker 3] episode 867 finished. (AvgLatErr: 0.4209, Steps: 176)
  [Worker 3] episode 868 finished. (AvgLatErr: 0.5047, Steps: 166)
  [Worker 3] episode 869 finished. (AvgLatErr: 0.4359, Steps: 170)
[Worker 3].
Warning: num_agents (8) is greater than the number of available vehicle parameters (4). Cycling vehicle templates.
[Worker 5] TensorFlow device=GPU, mixed_precision=mixed_float16
[Worker 5] Random seed fixed: 600901
[Worker 5] started on GPU.
  [Worker 5] episode 860 finished. (AvgLatErr: 0.2756, Steps: 154)
  [Worker 5] episode 861 finished. (AvgLatErr: 0.1801, Steps: 141)
  [Worker 5] episode 862 finished. (AvgLatErr: 0.2015, Steps: 155)
  [Worker 5] episode 863 finished. (AvgLatErr: 0.1625, Steps: 144)
  [Worker 5] episode 864 finished. (AvgLatErr: 0.2817, Steps: 144)
  [Worker 5] episode 865 finished. (AvgLatErr: 0.2524, Steps: 180)
  [Worker 5] episode 866 finished. (AvgLatErr: 0.2612, Steps: 156)
  [Worker 5] episode 867 finished. (AvgLatErr: 0.1988, Steps: 165)
  [Worker 5] episode 868 finished. (AvgLatErr: 0.2439, Steps: 164)
  [Worker 5] episode 869 finished. (AvgLatErr: 0.3753, Steps: 138)
[Worker 5].
Warning: num_agents (8) is greater than the number of available vehicle parameters (4). Cycling vehicle templates.
[Worker 7] TensorFlow device=GPU, mixed_precision=mixed_float16
[Worker 7] Random seed fixed: 800901
[Worker 7] started on GPU.
  [Worker 7] episode 860 finished. (AvgLatErr: 0.1335, Steps: 141)
  [Worker 7] episode 861 finished. (AvgLatErr: 0.2457, Steps: 139)
  [Worker 7] episode 862 finished. (AvgLatErr: 0.1454, Steps: 142)
  [Worker 7] episode 863 finished. (AvgLatErr: 0.1499, Steps: 150)
  [Worker 7] episode 864 finished. (AvgLatErr: 0.1911, Steps: 145)
  [Worker 7] episode 865 finished. (AvgLatErr: 0.1234, Steps: 154)
  [Worker 7] episode 866 finished. (AvgLatErr: 0.1671, Steps: 142)
  [Worker 7] episode 867 finished. (AvgLatErr: 0.1429, Steps: 139)
  [Worker 7] episode 868 finished. (AvgLatErr: 0.1367, Steps: 143)
  [Worker 7] episode 869 finished. (AvgLatErr: 0.1928, Steps: 128)
[Worker 7].
Warning: num_agents (8) is greater than the number of available vehicle parameters (4). Cycling vehicle templates.
[Worker 6] TensorFlow device=GPU, mixed_precision=mixed_float16
[Worker 6] Random seed fixed: 700901
[Worker 6] started on GPU.
  [Worker 6] episode 860 finished. (AvgLatErr: 0.7046, Steps: 196)
  [Worker 6] episode 861 finished. (AvgLatErr: 0.5502, Steps: 185)
  [Worker 6] episode 862 finished. (AvgLatErr: 0.4810, Steps: 194)
  [Worker 6] episode 863 finished. (AvgLatErr: 0.5632, Steps: 200)
  [Worker 6] episode 864 finished. (AvgLatErr: 0.4671, Steps: 200)
  [Worker 6] episode 865 finished. (AvgLatErr: 0.5027, Steps: 198)
  [Worker 6] episode 866 finished. (AvgLatErr: 0.3985, Steps: 185)
  [Worker 6] episode 867 finished. (AvgLatErr: 0.7846, Steps: 198)
  [Worker 6] episode 868 finished. (AvgLatErr: 0.6937, Steps: 200)
  [Worker 6] episode 869 finished. (AvgLatErr: 0.5960, Steps: 197)
[Worker 6].
[Main] workers finished. (elapsed: 83.16s)
[Main] Aggregation-selected agents: [0, 1, 3, 6]
[Main] FedAdagrad update completed.
[Main] Replay buffers reset after global model update.
============================================================================================
869 EP / Agent 0 : Avg Lat Err 1.3169
869 EP / Agent 1 : Avg Lat Err 0.2073
869 EP / Agent 2 : Avg Lat Err 0.2964
869 EP / Agent 3 : Avg Lat Err 0.4359
869 EP / Agent 4 : Avg Lat Err 0.3190
869 EP / Agent 5 : Avg Lat Err 0.3753
869 EP / Agent 6 : Avg Lat Err 0.5960
869 EP / Agent 7 : Avg Lat Err 0.1928
============================================================================================

============================================================================================
[Main] FL round started. (episode 870 ~ 879)
[Main] Client selection: mode=random, budget=4
[Main] Participating agents: [0, 1, 2, 3, 4, 5, 6, 7]
Warning: num_agents (8) is greater than the number of available vehicle parameters (4). Cycling vehicle templates.
[Worker 0] TensorFlow device=GPU, mixed_precision=mixed_float16
[Worker 0] Random seed fixed: 100911
[Worker 0] started on GPU.
  [Worker 0] episode 870 finished. (AvgLatErr: 0.7171, Steps: 131)
  [Worker 0] episode 871 finished. (AvgLatErr: 1.1216, Steps: 127)
  [Worker 0] episode 872 finished. (AvgLatErr: 1.3477, Steps: 126)
  [Worker 0] episode 873 finished. (AvgLatErr: 0.9580, Steps: 122)
  [Worker 0] episode 874 finished. (AvgLatErr: 0.9564, Steps: 125)
  [Worker 0] episode 875 finished. (AvgLatErr: 0.7502, Steps: 132)
  [Worker 0] episode 876 finished. (AvgLatErr: 0.8525, Steps: 122)
  [Worker 0] episode 877 finished. (AvgLatErr: 1.1244, Steps: 144)
  [Worker 0] episode 878 finished. (AvgLatErr: 1.6805, Steps: 145)
  [Worker 0] episode 879 finished. (AvgLatErr: 0.8977, Steps: 133)
[Worker 0].
Warning: num_agents (8) is greater than the number of available vehicle parameters (4). Cycling vehicle templates.
[Worker 1] TensorFlow device=GPU, mixed_precision=mixed_float16
[Worker 1] Random seed fixed: 200911
[Worker 1] started on GPU.
  [Worker 1] episode 870 finished. (AvgLatErr: 0.1774, Steps: 120)
  [Worker 1] episode 871 finished. (AvgLatErr: 0.1417, Steps: 125)
  [Worker 1] episode 872 finished. (AvgLatErr: 0.1049, Steps: 133)
  [Worker 1] episode 873 finished. (AvgLatErr: 0.1691, Steps: 134)
  [Worker 1] episode 874 finished. (AvgLatErr: 0.1576, Steps: 127)
  [Worker 1] episode 875 finished. (AvgLatErr: 0.1534, Steps: 124)
  [Worker 1] episode 876 finished. (AvgLatErr: 0.1775, Steps: 116)
  [Worker 1] episode 877 finished. (AvgLatErr: 0.1541, Steps: 137)
  [Worker 1] episode 878 finished. (AvgLatErr: 0.1743, Steps: 119)
  [Worker 1] episode 879 finished. (AvgLatErr: 0.1781, Steps: 126)
[Worker 1].
Warning: num_agents (8) is greater than the number of available vehicle parameters (4). Cycling vehicle templates.
[Worker 2] TensorFlow device=GPU, mixed_precision=mixed_float16
[Worker 2] Random seed fixed: 300911
[Worker 2] started on GPU.
  [Worker 2] episode 870 finished. (AvgLatErr: 0.5115, Steps: 119)
  [Worker 2] episode 871 finished. (AvgLatErr: 0.4400, Steps: 117)
  [Worker 2] episode 872 finished. (AvgLatErr: 0.4134, Steps: 124)
  [Worker 2] episode 873 finished. (AvgLatErr: 0.3927, Steps: 118)
  [Worker 2] episode 874 finished. (AvgLatErr: 6.9417, Steps: 200)
  [Worker 2] episode 875 finished. (AvgLatErr: 0.3445, Steps: 128)
  [Worker 2] episode 876 finished. (AvgLatErr: 0.4901, Steps: 124)
  [Worker 2] episode 877 finished. (AvgLatErr: 0.5321, Steps: 146)
  [Worker 2] episode 878 finished. (AvgLatErr: 0.5911, Steps: 120)
  [Worker 2] episode 879 finished. (AvgLatErr: 0.3837, Steps: 122)
[Worker 2].
Warning: num_agents (8) is greater than the number of available vehicle parameters (4). Cycling vehicle templates.
[Worker 3] TensorFlow device=GPU, mixed_precision=mixed_float16
[Worker 3] Random seed fixed: 400911
[Worker 3] started on GPU.
  [Worker 3] episode 870 finished. (AvgLatErr: 0.4468, Steps: 171)
  [Worker 3] episode 871 finished. (AvgLatErr: 0.6781, Steps: 181)
  [Worker 3] episode 872 finished. (AvgLatErr: 0.4464, Steps: 176)
  [Worker 3] episode 873 finished. (AvgLatErr: 0.4205, Steps: 169)
  [Worker 3] episode 874 finished. (AvgLatErr: 0.6252, Steps: 178)
  [Worker 3] episode 875 finished. (AvgLatErr: 0.4365, Steps: 166)
  [Worker 3] episode 876 finished. (AvgLatErr: 0.4602, Steps: 164)
  [Worker 3] episode 877 finished. (AvgLatErr: 0.6876, Steps: 173)
  [Worker 3] episode 878 finished. (AvgLatErr: 0.6361, Steps: 175)
  [Worker 3] episode 879 finished. (AvgLatErr: 0.4019, Steps: 178)
[Worker 3].
Warning: num_agents (8) is greater than the number of available vehicle parameters (4). Cycling vehicle templates.
[Worker 4] TensorFlow device=GPU, mixed_precision=mixed_float16
[Worker 4] Random seed fixed: 500911
[Worker 4] started on GPU.
  [Worker 4] episode 870 finished. (AvgLatErr: 0.3232, Steps: 150)
  [Worker 4] episode 871 finished. (AvgLatErr: 0.3836, Steps: 159)
  [Worker 4] episode 872 finished. (AvgLatErr: 0.3253, Steps: 159)
  [Worker 4] episode 873 finished. (AvgLatErr: 0.2796, Steps: 150)
  [Worker 4] episode 874 finished. (AvgLatErr: 0.2329, Steps: 164)
  [Worker 4] episode 875 finished. (AvgLatErr: 0.2263, Steps: 153)
  [Worker 4] episode 876 finished. (AvgLatErr: 0.2700, Steps: 154)
  [Worker 4] episode 877 finished. (AvgLatErr: 0.2570, Steps: 158)
  [Worker 4] episode 878 finished. (AvgLatErr: 0.2960, Steps: 154)
  [Worker 4] episode 879 finished. (AvgLatErr: 0.2541, Steps: 157)
[Worker 4].
Warning: num_agents (8) is greater than the number of available vehicle parameters (4). Cycling vehicle templates.
[Worker 7] TensorFlow device=GPU, mixed_precision=mixed_float16
[Worker 7] Random seed fixed: 800911
[Worker 7] started on GPU.
  [Worker 7] episode 870 finished. (AvgLatErr: 0.2372, Steps: 132)
  [Worker 7] episode 871 finished. (AvgLatErr: 0.1494, Steps: 131)
  [Worker 7] episode 872 finished. (AvgLatErr: 0.1667, Steps: 144)
  [Worker 7] episode 873 finished. (AvgLatErr: 0.1486, Steps: 133)
  [Worker 7] episode 874 finished. (AvgLatErr: 0.1589, Steps: 138)
  [Worker 7] episode 875 finished. (AvgLatErr: 0.2287, Steps: 148)
  [Worker 7] episode 876 finished. (AvgLatErr: 0.1951, Steps: 134)
  [Worker 7] episode 877 finished. (AvgLatErr: 0.1550, Steps: 132)
  [Worker 7] episode 878 finished. (AvgLatErr: 0.1737, Steps: 124)
  [Worker 7] episode 879 finished. (AvgLatErr: 0.2544, Steps: 140)
[Worker 7].
Warning: num_agents (8) is greater than the number of available vehicle parameters (4). Cycling vehicle templates.
[Worker 5] TensorFlow device=GPU, mixed_precision=mixed_float16
[Worker 5] Random seed fixed: 600911
[Worker 5] started on GPU.
  [Worker 5] episode 870 finished. (AvgLatErr: 0.2563, Steps: 168)
  [Worker 5] episode 871 finished. (AvgLatErr: 0.1730, Steps: 154)
  [Worker 5] episode 872 finished. (AvgLatErr: 0.1637, Steps: 149)
  [Worker 5] episode 873 finished. (AvgLatErr: 0.1230, Steps: 179)
  [Worker 5] episode 874 finished. (AvgLatErr: 0.2300, Steps: 160)
  [Worker 5] episode 875 finished. (AvgLatErr: 0.2084, Steps: 149)
  [Worker 5] episode 876 finished. (AvgLatErr: 0.1654, Steps: 187)
  [Worker 5] episode 877 finished. (AvgLatErr: 0.2615, Steps: 153)
  [Worker 5] episode 878 finished. (AvgLatErr: 0.2850, Steps: 158)
  [Worker 5] episode 879 finished. (AvgLatErr: 0.2291, Steps: 146)
[Worker 5].
Warning: num_agents (8) is greater than the number of available vehicle parameters (4). Cycling vehicle templates.
[Worker 6] TensorFlow device=GPU, mixed_precision=mixed_float16
[Worker 6] Random seed fixed: 700911
[Worker 6] started on GPU.
  [Worker 6] episode 870 finished. (AvgLatErr: 0.4545, Steps: 200)
  [Worker 6] episode 871 finished. (AvgLatErr: 0.6821, Steps: 199)
  [Worker 6] episode 872 finished. (AvgLatErr: 0.3496, Steps: 198)
  [Worker 6] episode 873 finished. (AvgLatErr: 0.4162, Steps: 196)
  [Worker 6] episode 874 finished. (AvgLatErr: 0.6199, Steps: 200)
  [Worker 6] episode 875 finished. (AvgLatErr: 0.5345, Steps: 197)
  [Worker 6] episode 876 finished. (AvgLatErr: 0.5263, Steps: 200)
  [Worker 6] episode 877 finished. (AvgLatErr: 0.5433, Steps: 186)
  [Worker 6] episode 878 finished. (AvgLatErr: 0.7709, Steps: 198)
  [Worker 6] episode 879 finished. (AvgLatErr: 0.5054, Steps: 200)
[Worker 6].
[Main] workers finished. (elapsed: 83.89s)
[Main] Aggregation-selected agents: [1, 2, 3, 5]
[Main] FedAdagrad update completed.
[Main] Replay buffers reset after global model update.
============================================================================================
879 EP / Agent 0 : Avg Lat Err 0.8977
879 EP / Agent 1 : Avg Lat Err 0.1781
879 EP / Agent 2 : Avg Lat Err 0.3837
879 EP / Agent 3 : Avg Lat Err 0.4019
879 EP / Agent 4 : Avg Lat Err 0.2541
879 EP / Agent 5 : Avg Lat Err 0.2291
879 EP / Agent 6 : Avg Lat Err 0.5054
879 EP / Agent 7 : Avg Lat Err 0.2544
============================================================================================

============================================================================================
[Main] FL round started. (episode 880 ~ 889)
[Main] Client selection: mode=random, budget=4
[Main] Participating agents: [0, 1, 2, 3, 4, 5, 6, 7]
Warning: num_agents (8) is greater than the number of available vehicle parameters (4). Cycling vehicle templates.
[Worker 0] TensorFlow device=GPU, mixed_precision=mixed_float16
[Worker 0] Random seed fixed: 100921
[Worker 0] started on GPU.
  [Worker 0] episode 880 finished. (AvgLatErr: 0.9741, Steps: 129)
  [Worker 0] episode 881 finished. (AvgLatErr: 0.8756, Steps: 125)
  [Worker 0] episode 882 finished. (AvgLatErr: 0.7946, Steps: 131)
  [Worker 0] episode 883 finished. (AvgLatErr: 0.9809, Steps: 138)
  [Worker 0] episode 884 finished. (AvgLatErr: 0.6173, Steps: 135)
  [Worker 0] episode 885 finished. (AvgLatErr: 0.9574, Steps: 133)
  [Worker 0] episode 886 finished. (AvgLatErr: 0.9308, Steps: 137)
  [Worker 0] episode 887 finished. (AvgLatErr: 0.9462, Steps: 129)
  [Worker 0] episode 888 finished. (AvgLatErr: 0.9415, Steps: 137)
  [Worker 0] episode 889 finished. (AvgLatErr: 0.7809, Steps: 135)
[Worker 0].
Warning: num_agents (8) is greater than the number of available vehicle parameters (4). Cycling vehicle templates.
[Worker 1] TensorFlow device=GPU, mixed_precision=mixed_float16
[Worker 1] Random seed fixed: 200921
[Worker 1] started on GPU.
  [Worker 1] episode 880 finished. (AvgLatErr: 0.1232, Steps: 125)
  [Worker 1] episode 881 finished. (AvgLatErr: 0.2549, Steps: 114)
  [Worker 1] episode 882 finished. (AvgLatErr: 0.1666, Steps: 131)
  [Worker 1] episode 883 finished. (AvgLatErr: 0.1356, Steps: 140)
  [Worker 1] episode 884 finished. (AvgLatErr: 0.1676, Steps: 114)
  [Worker 1] episode 885 finished. (AvgLatErr: 0.1754, Steps: 123)
  [Worker 1] episode 886 finished. (AvgLatErr: 0.1186, Steps: 121)
  [Worker 1] episode 887 finished. (AvgLatErr: 0.1366, Steps: 113)
  [Worker 1] episode 888 finished. (AvgLatErr: 0.2194, Steps: 119)
  [Worker 1] episode 889 finished. (AvgLatErr: 0.2346, Steps: 123)
[Worker 1].
Warning: num_agents (8) is greater than the number of available vehicle parameters (4). Cycling vehicle templates.
[Worker 2] TensorFlow device=GPU, mixed_precision=mixed_float16
[Worker 2] Random seed fixed: 300921
[Worker 2] started on GPU.
  [Worker 2] episode 880 finished. (AvgLatErr: 0.3409, Steps: 133)
  [Worker 2] episode 881 finished. (AvgLatErr: 0.4849, Steps: 133)
  [Worker 2] episode 882 finished. (AvgLatErr: 0.1541, Steps: 142)
  [Worker 2] episode 883 finished. (AvgLatErr: 0.3882, Steps: 124)
  [Worker 2] episode 884 finished. (AvgLatErr: 0.2933, Steps: 133)
  [Worker 2] episode 885 finished. (AvgLatErr: 0.2989, Steps: 131)
  [Worker 2] episode 886 finished. (AvgLatErr: 0.2205, Steps: 132)
  [Worker 2] episode 887 finished. (AvgLatErr: 0.2891, Steps: 128)
  [Worker 2] episode 888 finished. (AvgLatErr: 0.3245, Steps: 121)
  [Worker 2] episode 889 finished. (AvgLatErr: 0.3806, Steps: 120)
[Worker 2].
Warning: num_agents (8) is greater than the number of available vehicle parameters (4). Cycling vehicle templates.
[Worker 3] TensorFlow device=GPU, mixed_precision=mixed_float16
[Worker 3] Random seed fixed: 400921
[Worker 3] started on GPU.
  [Worker 3] episode 880 finished. (AvgLatErr: 0.5835, Steps: 176)
  [Worker 3] episode 881 finished. (AvgLatErr: 0.6547, Steps: 167)
  [Worker 3] episode 882 finished. (AvgLatErr: 0.4784, Steps: 171)
  [Worker 3] episode 883 finished. (AvgLatErr: 0.3714, Steps: 174)
  [Worker 3] episode 884 finished. (AvgLatErr: 0.6507, Steps: 168)
  [Worker 3] episode 885 finished. (AvgLatErr: 0.6963, Steps: 167)
  [Worker 3] episode 886 finished. (AvgLatErr: 0.7408, Steps: 180)
  [Worker 3] episode 887 finished. (AvgLatErr: 0.3993, Steps: 179)
  [Worker 3] episode 888 finished. (AvgLatErr: 0.5451, Steps: 172)
  [Worker 3] episode 889 finished. (AvgLatErr: 0.5044, Steps: 170)
[Worker 3].
Warning: num_agents (8) is greater than the number of available vehicle parameters (4). Cycling vehicle templates.
[Worker 4] TensorFlow device=GPU, mixed_precision=mixed_float16
[Worker 4] Random seed fixed: 500921
[Worker 4] started on GPU.
  [Worker 4] episode 880 finished. (AvgLatErr: 0.4371, Steps: 176)
  [Worker 4] episode 881 finished. (AvgLatErr: 0.3527, Steps: 164)
  [Worker 4] episode 882 finished. (AvgLatErr: 0.2115, Steps: 179)
  [Worker 4] episode 883 finished. (AvgLatErr: 0.4755, Steps: 177)
  [Worker 4] episode 884 finished. (AvgLatErr: 0.2430, Steps: 158)
  [Worker 4] episode 885 finished. (AvgLatErr: 0.2971, Steps: 175)
  [Worker 4] episode 886 finished. (AvgLatErr: 0.2858, Steps: 176)
  [Worker 4] episode 887 finished. (AvgLatErr: 0.2602, Steps: 172)
  [Worker 4] episode 888 finished. (AvgLatErr: 0.2633, Steps: 157)
  [Worker 4] episode 889 finished. (AvgLatErr: 0.2534, Steps: 157)
[Worker 4].
Warning: num_agents (8) is greater than the number of available vehicle parameters (4). Cycling vehicle templates.
[Worker 5] TensorFlow device=GPU, mixed_precision=mixed_float16
[Worker 5] Random seed fixed: 600921
[Worker 5] started on GPU.
  [Worker 5] episode 880 finished. (AvgLatErr: 0.1843, Steps: 159)
  [Worker 5] episode 881 finished. (AvgLatErr: 0.1609, Steps: 168)
  [Worker 5] episode 882 finished. (AvgLatErr: 0.3500, Steps: 164)
  [Worker 5] episode 883 finished. (AvgLatErr: 0.2505, Steps: 141)
  [Worker 5] episode 884 finished. (AvgLatErr: 0.2054, Steps: 155)
  [Worker 5] episode 885 finished. (AvgLatErr: 0.1625, Steps: 181)
  [Worker 5] episode 886 finished. (AvgLatErr: 0.2617, Steps: 169)
  [Worker 5] episode 887 finished. (AvgLatErr: 0.1938, Steps: 159)
  [Worker 5] episode 888 finished. (AvgLatErr: 0.2480, Steps: 162)
  [Worker 5] episode 889 finished. (AvgLatErr: 0.2068, Steps: 162)
[Worker 5].
Warning: num_agents (8) is greater than the number of available vehicle parameters (4). Cycling vehicle templates.
[Worker 7] TensorFlow device=GPU, mixed_precision=mixed_float16
[Worker 7] Random seed fixed: 800921
[Worker 7] started on GPU.
  [Worker 7] episode 880 finished. (AvgLatErr: 0.1269, Steps: 143)
  [Worker 7] episode 881 finished. (AvgLatErr: 0.2092, Steps: 138)
  [Worker 7] episode 882 finished. (AvgLatErr: 0.1730, Steps: 148)
  [Worker 7] episode 883 finished. (AvgLatErr: 0.1794, Steps: 141)
  [Worker 7] episode 884 finished. (AvgLatErr: 0.1335, Steps: 159)
  [Worker 7] episode 885 finished. (AvgLatErr: 0.1644, Steps: 142)
  [Worker 7] episode 886 finished. (AvgLatErr: 0.1528, Steps: 135)
  [Worker 7] episode 887 finished. (AvgLatErr: 0.1454, Steps: 139)
  [Worker 7] episode 888 finished. (AvgLatErr: 0.1532, Steps: 133)
  [Worker 7] episode 889 finished. (AvgLatErr: 0.2059, Steps: 137)
[Worker 7].
Warning: num_agents (8) is greater than the number of available vehicle parameters (4). Cycling vehicle templates.
[Worker 6] TensorFlow device=GPU, mixed_precision=mixed_float16
[Worker 6] Random seed fixed: 700921
[Worker 6] started on GPU.
  [Worker 6] episode 880 finished. (AvgLatErr: 0.4251, Steps: 200)
  [Worker 6] episode 881 finished. (AvgLatErr: 0.3519, Steps: 200)
  [Worker 6] episode 882 finished. (AvgLatErr: 0.5056, Steps: 192)
  [Worker 6] episode 883 finished. (AvgLatErr: 0.4543, Steps: 200)
  [Worker 6] episode 884 finished. (AvgLatErr: 0.4249, Steps: 199)
  [Worker 6] episode 885 finished. (AvgLatErr: 0.3214, Steps: 199)
  [Worker 6] episode 886 finished. (AvgLatErr: 0.5661, Steps: 200)
  [Worker 6] episode 887 finished. (AvgLatErr: 0.8024, Steps: 200)
  [Worker 6] episode 888 finished. (AvgLatErr: 0.6632, Steps: 200)
  [Worker 6] episode 889 finished. (AvgLatErr: 0.4481, Steps: 200)
[Worker 6].
[Main] workers finished. (elapsed: 83.02s)
[Main] Aggregation-selected agents: [3, 5, 6, 7]
[Main] FedAdagrad update completed.
[Main] Replay buffers reset after global model update.
============================================================================================
889 EP / Agent 0 : Avg Lat Err 0.7809
889 EP / Agent 1 : Avg Lat Err 0.2346
889 EP / Agent 2 : Avg Lat Err 0.3806
889 EP / Agent 3 : Avg Lat Err 0.5044
889 EP / Agent 4 : Avg Lat Err 0.2534
889 EP / Agent 5 : Avg Lat Err 0.2068
889 EP / Agent 6 : Avg Lat Err 0.4481
889 EP / Agent 7 : Avg Lat Err 0.2059
============================================================================================

============================================================================================
[Main] FL round started. (episode 890 ~ 899)
[Main] Client selection: mode=random, budget=4
[Main] Participating agents: [0, 1, 2, 3, 4, 5, 6, 7]
Warning: num_agents (8) is greater than the number of available vehicle parameters (4). Cycling vehicle templates.
[Worker 0] TensorFlow device=GPU, mixed_precision=mixed_float16
[Worker 0] Random seed fixed: 100931
[Worker 0] started on GPU.
  [Worker 0] episode 890 finished. (AvgLatErr: 0.5367, Steps: 127)
  [Worker 0] episode 891 finished. (AvgLatErr: 0.5254, Steps: 135)
  [Worker 0] episode 892 finished. (AvgLatErr: 0.8395, Steps: 129)
  [Worker 0] episode 893 finished. (AvgLatErr: 0.5453, Steps: 134)
  [Worker 0] episode 894 finished. (AvgLatErr: 1.0351, Steps: 131)
  [Worker 0] episode 895 finished. (AvgLatErr: 0.9473, Steps: 129)
  [Worker 0] episode 896 finished. (AvgLatErr: 1.1900, Steps: 139)
  [Worker 0] episode 897 finished. (AvgLatErr: 0.6968, Steps: 134)
  [Worker 0] episode 898 finished. (AvgLatErr: 1.1290, Steps: 143)
  [Worker 0] episode 899 finished. (AvgLatErr: 0.7239, Steps: 133)
[Worker 0].
Warning: num_agents (8) is greater than the number of available vehicle parameters (4). Cycling vehicle templates.
[Worker 1] TensorFlow device=GPU, mixed_precision=mixed_float16
[Worker 1] Random seed fixed: 200931
[Worker 1] started on GPU.
  [Worker 1] episode 890 finished. (AvgLatErr: 0.2000, Steps: 116)
  [Worker 1] episode 891 finished. (AvgLatErr: 0.1684, Steps: 114)
  [Worker 1] episode 892 finished. (AvgLatErr: 0.2198, Steps: 124)
  [Worker 1] episode 893 finished. (AvgLatErr: 0.1602, Steps: 114)
  [Worker 1] episode 894 finished. (AvgLatErr: 0.1301, Steps: 121)
  [Worker 1] episode 895 finished. (AvgLatErr: 0.1801, Steps: 123)
  [Worker 1] episode 896 finished. (AvgLatErr: 0.3154, Steps: 115)
  [Worker 1] episode 897 finished. (AvgLatErr: 0.1694, Steps: 125)
  [Worker 1] episode 898 finished. (AvgLatErr: 0.3158, Steps: 135)
  [Worker 1] episode 899 finished. (AvgLatErr: 0.2172, Steps: 135)
[Worker 1].
Warning: num_agents (8) is greater than the number of available vehicle parameters (4). Cycling vehicle templates.
[Worker 2] TensorFlow device=GPU, mixed_precision=mixed_float16
[Worker 2] Random seed fixed: 300931
[Worker 2] started on GPU.
  [Worker 2] episode 890 finished. (AvgLatErr: 1.0489, Steps: 123)
  [Worker 2] episode 891 finished. (AvgLatErr: 0.4771, Steps: 109)
  [Worker 2] episode 892 finished. (AvgLatErr: 0.4507, Steps: 130)
  [Worker 2] episode 893 finished. (AvgLatErr: 0.6789, Steps: 117)
  [Worker 2] episode 894 finished. (AvgLatErr: 0.4172, Steps: 121)
  [Worker 2] episode 895 finished. (AvgLatErr: 0.4087, Steps: 120)
  [Worker 2] episode 896 finished. (AvgLatErr: 0.2005, Steps: 133)
  [Worker 2] episode 897 finished. (AvgLatErr: 0.3615, Steps: 117)
  [Worker 2] episode 898 finished. (AvgLatErr: 0.4452, Steps: 115)
  [Worker 2] episode 899 finished. (AvgLatErr: 0.3381, Steps: 126)
[Worker 2].
Warning: num_agents (8) is greater than the number of available vehicle parameters (4). Cycling vehicle templates.
[Worker 3] TensorFlow device=GPU, mixed_precision=mixed_float16
[Worker 3] Random seed fixed: 400931
[Worker 3] started on GPU.
  [Worker 3] episode 890 finished. (AvgLatErr: 0.4424, Steps: 166)
  [Worker 3] episode 891 finished. (AvgLatErr: 0.6618, Steps: 167)
  [Worker 3] episode 892 finished. (AvgLatErr: 0.4293, Steps: 174)
  [Worker 3] episode 893 finished. (AvgLatErr: 0.4669, Steps: 166)
  [Worker 3] episode 894 finished. (AvgLatErr: 0.7039, Steps: 169)
  [Worker 3] episode 895 finished. (AvgLatErr: 0.5694, Steps: 175)
  [Worker 3] episode 896 finished. (AvgLatErr: 0.6613, Steps: 173)
  [Worker 3] episode 897 finished. (AvgLatErr: 0.7294, Steps: 168)
  [Worker 3] episode 898 finished. (AvgLatErr: 0.5391, Steps: 170)
  [Worker 3] episode 899 finished. (AvgLatErr: 0.5930, Steps: 170)
[Worker 3].
Warning: num_agents (8) is greater than the number of available vehicle parameters (4). Cycling vehicle templates.
[Worker 4] TensorFlow device=GPU, mixed_precision=mixed_float16
[Worker 4] Random seed fixed: 500931
[Worker 4] started on GPU.
  [Worker 4] episode 890 finished. (AvgLatErr: 0.4324, Steps: 160)
  [Worker 4] episode 891 finished. (AvgLatErr: 0.3324, Steps: 163)
  [Worker 4] episode 892 finished. (AvgLatErr: 0.3228, Steps: 164)
  [Worker 4] episode 893 finished. (AvgLatErr: 0.2786, Steps: 149)
  [Worker 4] episode 894 finished. (AvgLatErr: 0.3989, Steps: 166)
  [Worker 4] episode 895 finished. (AvgLatErr: 0.4259, Steps: 154)
  [Worker 4] episode 896 finished. (AvgLatErr: 0.2844, Steps: 149)
  [Worker 4] episode 897 finished. (AvgLatErr: 0.2382, Steps: 147)
  [Worker 4] episode 898 finished. (AvgLatErr: 0.2840, Steps: 150)
  [Worker 4] episode 899 finished. (AvgLatErr: 0.2384, Steps: 148)
[Worker 4].
Warning: num_agents (8) is greater than the number of available vehicle parameters (4). Cycling vehicle templates.
[Worker 5] TensorFlow device=GPU, mixed_precision=mixed_float16
[Worker 5] Random seed fixed: 600931
[Worker 5] started on GPU.
  [Worker 5] episode 890 finished. (AvgLatErr: 0.2221, Steps: 150)
  [Worker 5] episode 891 finished. (AvgLatErr: 0.3525, Steps: 172)
  [Worker 5] episode 892 finished. (AvgLatErr: 0.2642, Steps: 149)
  [Worker 5] episode 893 finished. (AvgLatErr: 0.1985, Steps: 167)
  [Worker 5] episode 894 finished. (AvgLatErr: 0.1652, Steps: 147)
  [Worker 5] episode 895 finished. (AvgLatErr: 0.2023, Steps: 148)
  [Worker 5] episode 896 finished. (AvgLatErr: 0.2717, Steps: 153)
  [Worker 5] episode 897 finished. (AvgLatErr: 0.2064, Steps: 152)
  [Worker 5] episode 898 finished. (AvgLatErr: 0.2217, Steps: 154)
  [Worker 5] episode 899 finished. (AvgLatErr: 0.3549, Steps: 149)
[Worker 5].
Warning: num_agents (8) is greater than the number of available vehicle parameters (4). Cycling vehicle templates.
[Worker 7] TensorFlow device=GPU, mixed_precision=mixed_float16
[Worker 7] Random seed fixed: 800931
[Worker 7] started on GPU.
  [Worker 7] episode 890 finished. (AvgLatErr: 0.2617, Steps: 129)
  [Worker 7] episode 891 finished. (AvgLatErr: 0.1275, Steps: 132)
  [Worker 7] episode 892 finished. (AvgLatErr: 0.1522, Steps: 130)
  [Worker 7] episode 893 finished. (AvgLatErr: 0.1917, Steps: 129)
  [Worker 7] episode 894 finished. (AvgLatErr: 0.2642, Steps: 168)
  [Worker 7] episode 895 finished. (AvgLatErr: 0.1670, Steps: 141)
  [Worker 7] episode 896 finished. (AvgLatErr: 0.1760, Steps: 133)
  [Worker 7] episode 897 finished. (AvgLatErr: 0.1385, Steps: 142)
  [Worker 7] episode 898 finished. (AvgLatErr: 0.1242, Steps: 132)
  [Worker 7] episode 899 finished. (AvgLatErr: 0.1672, Steps: 137)
[Worker 7].
Warning: num_agents (8) is greater than the number of available vehicle parameters (4). Cycling vehicle templates.
[Worker 6] TensorFlow device=GPU, mixed_precision=mixed_float16
[Worker 6] Random seed fixed: 700931
[Worker 6] started on GPU.
  [Worker 6] episode 890 finished. (AvgLatErr: 0.4249, Steps: 200)
  [Worker 6] episode 891 finished. (AvgLatErr: 0.3682, Steps: 200)
  [Worker 6] episode 892 finished. (AvgLatErr: 0.4783, Steps: 200)
  [Worker 6] episode 893 finished. (AvgLatErr: 0.5209, Steps: 200)
  [Worker 6] episode 894 finished. (AvgLatErr: 0.4350, Steps: 190)
  [Worker 6] episode 895 finished. (AvgLatErr: 0.4377, Steps: 200)
  [Worker 6] episode 896 finished. (AvgLatErr: 0.4162, Steps: 194)
  [Worker 6] episode 897 finished. (AvgLatErr: 0.4067, Steps: 200)
  [Worker 6] episode 898 finished. (AvgLatErr: 0.5929, Steps: 200)
  [Worker 6] episode 899 finished. (AvgLatErr: 0.4381, Steps: 200)
[Worker 6].
[Main] workers finished. (elapsed: 82.63s)
[Main] Aggregation-selected agents: [0, 2, 3, 7]
[Main] FedAdagrad update completed.
[Main] Replay buffers reset after global model update.
============================================================================================
899 EP / Agent 0 : Avg Lat Err 0.7239
899 EP / Agent 1 : Avg Lat Err 0.2172
899 EP / Agent 2 : Avg Lat Err 0.3381
899 EP / Agent 3 : Avg Lat Err 0.5930
899 EP / Agent 4 : Avg Lat Err 0.2384
899 EP / Agent 5 : Avg Lat Err 0.3549
899 EP / Agent 6 : Avg Lat Err 0.4381
899 EP / Agent 7 : Avg Lat Err 0.1672
============================================================================================
[Main] Model checkpoint saved: C:\Users\syd79\FRL-Q\experiments\fast_parallel_fedadagrad_8random4_20260916_run1_random_4of8\checkpoints\global_model_episode_000900.weights.h5

============================================================================================
[Main] FL round started. (episode 900 ~ 909)
[Main] Client selection: mode=random, budget=4
[Main] Participating agents: [0, 1, 2, 3, 4, 5, 6, 7]
Warning: num_agents (8) is greater than the number of available vehicle parameters (4). Cycling vehicle templates.
[Worker 0] TensorFlow device=GPU, mixed_precision=mixed_float16
[Worker 0] Random seed fixed: 100941
[Worker 0] started on GPU.
  [Worker 0] episode 900 finished. (AvgLatErr: 0.5662, Steps: 132)
  [Worker 0] episode 901 finished. (AvgLatErr: 1.1436, Steps: 125)
  [Worker 0] episode 902 finished. (AvgLatErr: 1.0389, Steps: 135)
  [Worker 0] episode 903 finished. (AvgLatErr: 1.4876, Steps: 138)
  [Worker 0] episode 904 finished. (AvgLatErr: 1.1522, Steps: 138)
  [Worker 0] episode 905 finished. (AvgLatErr: 1.3655, Steps: 123)
  [Worker 0] episode 906 finished. (AvgLatErr: 1.1378, Steps: 126)
  [Worker 0] episode 907 finished. (AvgLatErr: 1.2530, Steps: 125)
  [Worker 0] episode 908 finished. (AvgLatErr: 0.8157, Steps: 127)
  [Worker 0] episode 909 finished. (AvgLatErr: 1.2668, Steps: 140)
[Worker 0].
Warning: num_agents (8) is greater than the number of available vehicle parameters (4). Cycling vehicle templates.
[Worker 1] TensorFlow device=GPU, mixed_precision=mixed_float16
[Worker 1] Random seed fixed: 200941
[Worker 1] started on GPU.
  [Worker 1] episode 900 finished. (AvgLatErr: 0.1586, Steps: 120)
  [Worker 1] episode 901 finished. (AvgLatErr: 0.2489, Steps: 112)
  [Worker 1] episode 902 finished. (AvgLatErr: 0.1704, Steps: 131)
  [Worker 1] episode 903 finished. (AvgLatErr: 0.1396, Steps: 112)
  [Worker 1] episode 904 finished. (AvgLatErr: 0.3127, Steps: 132)
  [Worker 1] episode 905 finished. (AvgLatErr: 0.1449, Steps: 122)
  [Worker 1] episode 906 finished. (AvgLatErr: 0.2063, Steps: 127)
  [Worker 1] episode 907 finished. (AvgLatErr: 0.1451, Steps: 121)
  [Worker 1] episode 908 finished. (AvgLatErr: 0.2205, Steps: 143)
  [Worker 1] episode 909 finished. (AvgLatErr: 0.1769, Steps: 117)
[Worker 1].
Warning: num_agents (8) is greater than the number of available vehicle parameters (4). Cycling vehicle templates.
[Worker 2] TensorFlow device=GPU, mixed_precision=mixed_float16
[Worker 2] Random seed fixed: 300941
[Worker 2] started on GPU.
  [Worker 2] episode 900 finished. (AvgLatErr: 0.2231, Steps: 127)
  [Worker 2] episode 901 finished. (AvgLatErr: 0.2601, Steps: 126)
  [Worker 2] episode 902 finished. (AvgLatErr: 0.3509, Steps: 142)
  [Worker 2] episode 903 finished. (AvgLatErr: 0.3171, Steps: 135)
  [Worker 2] episode 904 finished. (AvgLatErr: 0.4669, Steps: 142)
  [Worker 2] episode 905 finished. (AvgLatErr: 0.4217, Steps: 138)
  [Worker 2] episode 906 finished. (AvgLatErr: 0.4559, Steps: 130)
  [Worker 2] episode 907 finished. (AvgLatErr: 0.7091, Steps: 135)
  [Worker 2] episode 908 finished. (AvgLatErr: 0.3308, Steps: 132)
  [Worker 2] episode 909 finished. (AvgLatErr: 0.2894, Steps: 129)
[Worker 2].
Warning: num_agents (8) is greater than the number of available vehicle parameters (4). Cycling vehicle templates.
[Worker 4] TensorFlow device=GPU, mixed_precision=mixed_float16
[Worker 4] Random seed fixed: 500941
[Worker 4] started on GPU.
  [Worker 4] episode 900 finished. (AvgLatErr: 0.3422, Steps: 153)
  [Worker 4] episode 901 finished. (AvgLatErr: 0.3717, Steps: 171)
  [Worker 4] episode 902 finished. (AvgLatErr: 0.3744, Steps: 163)
  [Worker 4] episode 903 finished. (AvgLatErr: 0.3556, Steps: 150)
  [Worker 4] episode 904 finished. (AvgLatErr: 0.3234, Steps: 152)
  [Worker 4] episode 905 finished. (AvgLatErr: 0.3787, Steps: 164)
  [Worker 4] episode 906 finished. (AvgLatErr: 0.3038, Steps: 154)
  [Worker 4] episode 907 finished. (AvgLatErr: 0.3111, Steps: 156)
  [Worker 4] episode 908 finished. (AvgLatErr: 0.4948, Steps: 164)
  [Worker 4] episode 909 finished. (AvgLatErr: 0.3519, Steps: 168)
[Worker 4].
Warning: num_agents (8) is greater than the number of available vehicle parameters (4). Cycling vehicle templates.
[Worker 3] TensorFlow device=GPU, mixed_precision=mixed_float16
[Worker 3] Random seed fixed: 400941
[Worker 3] started on GPU.
  [Worker 3] episode 900 finished. (AvgLatErr: 0.3820, Steps: 178)
  [Worker 3] episode 901 finished. (AvgLatErr: 0.5505, Steps: 174)
  [Worker 3] episode 902 finished. (AvgLatErr: 0.4262, Steps: 176)
  [Worker 3] episode 903 finished. (AvgLatErr: 0.5088, Steps: 168)
  [Worker 3] episode 904 finished. (AvgLatErr: 0.7756, Steps: 181)
  [Worker 3] episode 905 finished. (AvgLatErr: 0.5778, Steps: 185)
  [Worker 3] episode 906 finished. (AvgLatErr: 0.2777, Steps: 191)
  [Worker 3] episode 907 finished. (AvgLatErr: 0.5339, Steps: 184)
  [Worker 3] episode 908 finished. (AvgLatErr: 0.5703, Steps: 180)
  [Worker 3] episode 909 finished. (AvgLatErr: 0.4866, Steps: 176)
[Worker 3].
Warning: num_agents (8) is greater than the number of available vehicle parameters (4). Cycling vehicle templates.
[Worker 5] TensorFlow device=GPU, mixed_precision=mixed_float16
[Worker 5] Random seed fixed: 600941
[Worker 5] started on GPU.
  [Worker 5] episode 900 finished. (AvgLatErr: 0.2566, Steps: 158)
  [Worker 5] episode 901 finished. (AvgLatErr: 0.2832, Steps: 139)
  [Worker 5] episode 902 finished. (AvgLatErr: 0.2940, Steps: 153)
  [Worker 5] episode 903 finished. (AvgLatErr: 0.2462, Steps: 173)
  [Worker 5] episode 904 finished. (AvgLatErr: 0.2430, Steps: 143)
  [Worker 5] episode 905 finished. (AvgLatErr: 0.2239, Steps: 143)
  [Worker 5] episode 906 finished. (AvgLatErr: 0.2297, Steps: 145)
  [Worker 5] episode 907 finished. (AvgLatErr: 0.2213, Steps: 141)
  [Worker 5] episode 908 finished. (AvgLatErr: 0.2603, Steps: 154)
  [Worker 5] episode 909 finished. (AvgLatErr: 0.2158, Steps: 141)
[Worker 5].
Warning: num_agents (8) is greater than the number of available vehicle parameters (4). Cycling vehicle templates.
[Worker 7] TensorFlow device=GPU, mixed_precision=mixed_float16
[Worker 7] Random seed fixed: 800941
[Worker 7] started on GPU.
  [Worker 7] episode 900 finished. (AvgLatErr: 0.2001, Steps: 135)
  [Worker 7] episode 901 finished. (AvgLatErr: 0.1976, Steps: 157)
  [Worker 7] episode 902 finished. (AvgLatErr: 0.1436, Steps: 129)
  [Worker 7] episode 903 finished. (AvgLatErr: 0.1810, Steps: 170)
  [Worker 7] episode 904 finished. (AvgLatErr: 0.3971, Steps: 156)
  [Worker 7] episode 905 finished. (AvgLatErr: 0.2486, Steps: 157)
  [Worker 7] episode 906 finished. (AvgLatErr: 0.2055, Steps: 161)
  [Worker 7] episode 907 finished. (AvgLatErr: 0.1554, Steps: 140)
  [Worker 7] episode 908 finished. (AvgLatErr: 0.1862, Steps: 131)
  [Worker 7] episode 909 finished. (AvgLatErr: 0.2139, Steps: 137)
[Worker 7].
Warning: num_agents (8) is greater than the number of available vehicle parameters (4). Cycling vehicle templates.
[Worker 6] TensorFlow device=GPU, mixed_precision=mixed_float16
[Worker 6] Random seed fixed: 700941
[Worker 6] started on GPU.
  [Worker 6] episode 900 finished. (AvgLatErr: 0.4912, Steps: 200)
  [Worker 6] episode 901 finished. (AvgLatErr: 0.3368, Steps: 200)
  [Worker 6] episode 902 finished. (AvgLatErr: 0.2836, Steps: 200)
  [Worker 6] episode 903 finished. (AvgLatErr: 0.5298, Steps: 200)
  [Worker 6] episode 904 finished. (AvgLatErr: 0.3944, Steps: 198)
  [Worker 6] episode 905 finished. (AvgLatErr: 0.5033, Steps: 200)
  [Worker 6] episode 906 finished. (AvgLatErr: 0.3834, Steps: 195)
  [Worker 6] episode 907 finished. (AvgLatErr: 0.3552, Steps: 194)
  [Worker 6] episode 908 finished. (AvgLatErr: 0.4867, Steps: 198)
  [Worker 6] episode 909 finished. (AvgLatErr: 0.4937, Steps: 200)
[Worker 6].
[Main] workers finished. (elapsed: 86.20s)
[Main] Aggregation-selected agents: [0, 2, 5, 7]
[Main] FedAdagrad update completed.
[Main] Replay buffers reset after global model update.
============================================================================================
909 EP / Agent 0 : Avg Lat Err 1.2668
909 EP / Agent 1 : Avg Lat Err 0.1769
909 EP / Agent 2 : Avg Lat Err 0.2894
909 EP / Agent 3 : Avg Lat Err 0.4866
909 EP / Agent 4 : Avg Lat Err 0.3519
909 EP / Agent 5 : Avg Lat Err 0.2158
909 EP / Agent 6 : Avg Lat Err 0.4937
909 EP / Agent 7 : Avg Lat Err 0.2139
============================================================================================

============================================================================================
[Main] FL round started. (episode 910 ~ 919)
[Main] Client selection: mode=random, budget=4
[Main] Participating agents: [0, 1, 2, 3, 4, 5, 6, 7]
Warning: num_agents (8) is greater than the number of available vehicle parameters (4). Cycling vehicle templates.
[Worker 0] TensorFlow device=GPU, mixed_precision=mixed_float16
[Worker 0] Random seed fixed: 100951
[Worker 0] started on GPU.
  [Worker 0] episode 910 finished. (AvgLatErr: 0.7079, Steps: 124)
  [Worker 0] episode 911 finished. (AvgLatErr: 1.0124, Steps: 128)
  [Worker 0] episode 912 finished. (AvgLatErr: 1.5226, Steps: 140)
  [Worker 0] episode 913 finished. (AvgLatErr: 1.0859, Steps: 130)
  [Worker 0] episode 914 finished. (AvgLatErr: 1.2446, Steps: 133)
  [Worker 0] episode 915 finished. (AvgLatErr: 0.9403, Steps: 142)
  [Worker 0] episode 916 finished. (AvgLatErr: 0.9896, Steps: 123)
  [Worker 0] episode 917 finished. (AvgLatErr: 1.2150, Steps: 138)
  [Worker 0] episode 918 finished. (AvgLatErr: 0.9340, Steps: 128)
  [Worker 0] episode 919 finished. (AvgLatErr: 0.8763, Steps: 126)
[Worker 0].
Warning: num_agents (8) is greater than the number of available vehicle parameters (4). Cycling vehicle templates.
[Worker 1] TensorFlow device=GPU, mixed_precision=mixed_float16
[Worker 1] Random seed fixed: 200951
[Worker 1] started on GPU.
  [Worker 1] episode 910 finished. (AvgLatErr: 0.1336, Steps: 118)
  [Worker 1] episode 911 finished. (AvgLatErr: 0.1512, Steps: 122)
  [Worker 1] episode 912 finished. (AvgLatErr: 0.1653, Steps: 122)
  [Worker 1] episode 913 finished. (AvgLatErr: 7.5785, Steps: 200)
  [Worker 1] episode 914 finished. (AvgLatErr: 0.2645, Steps: 130)
  [Worker 1] episode 915 finished. (AvgLatErr: 0.3034, Steps: 130)
  [Worker 1] episode 916 finished. (AvgLatErr: 0.3894, Steps: 140)
  [Worker 1] episode 917 finished. (AvgLatErr: 0.1991, Steps: 115)
  [Worker 1] episode 918 finished. (AvgLatErr: 0.2263, Steps: 115)
  [Worker 1] episode 919 finished. (AvgLatErr: 0.3185, Steps: 127)
[Worker 1].
Warning: num_agents (8) is greater than the number of available vehicle parameters (4). Cycling vehicle templates.
[Worker 2] TensorFlow device=GPU, mixed_precision=mixed_float16
[Worker 2] Random seed fixed: 300951
[Worker 2] started on GPU.
  [Worker 2] episode 910 finished. (AvgLatErr: 0.2697, Steps: 130)
  [Worker 2] episode 911 finished. (AvgLatErr: 0.4948, Steps: 121)
  [Worker 2] episode 912 finished. (AvgLatErr: 0.4596, Steps: 123)
  [Worker 2] episode 913 finished. (AvgLatErr: 0.6008, Steps: 132)
  [Worker 2] episode 914 finished. (AvgLatErr: 0.2379, Steps: 126)
  [Worker 2] episode 915 finished. (AvgLatErr: 0.6295, Steps: 128)
  [Worker 2] episode 916 finished. (AvgLatErr: 0.3849, Steps: 122)
  [Worker 2] episode 917 finished. (AvgLatErr: 0.2789, Steps: 126)
  [Worker 2] episode 918 finished. (AvgLatErr: 0.4712, Steps: 122)
  [Worker 2] episode 919 finished. (AvgLatErr: 0.3519, Steps: 143)
[Worker 2].
Warning: num_agents (8) is greater than the number of available vehicle parameters (4). Cycling vehicle templates.
[Worker 3] TensorFlow device=GPU, mixed_precision=mixed_float16
[Worker 3] Random seed fixed: 400951
[Worker 3] started on GPU.
  [Worker 3] episode 910 finished. (AvgLatErr: 0.3254, Steps: 175)
  [Worker 3] episode 911 finished. (AvgLatErr: 0.4849, Steps: 175)
  [Worker 3] episode 912 finished. (AvgLatErr: 0.5962, Steps: 163)
  [Worker 3] episode 913 finished. (AvgLatErr: 0.5503, Steps: 163)
  [Worker 3] episode 914 finished. (AvgLatErr: 0.8080, Steps: 179)
  [Worker 3] episode 915 finished. (AvgLatErr: 0.5829, Steps: 171)
  [Worker 3] episode 916 finished. (AvgLatErr: 0.6576, Steps: 173)
  [Worker 3] episode 917 finished. (AvgLatErr: 0.4573, Steps: 178)
  [Worker 3] episode 918 finished. (AvgLatErr: 0.6359, Steps: 185)
  [Worker 3] episode 919 finished. (AvgLatErr: 0.3820, Steps: 175)
[Worker 3].
Warning: num_agents (8) is greater than the number of available vehicle parameters (4). Cycling vehicle templates.
[Worker 4] TensorFlow device=GPU, mixed_precision=mixed_float16
[Worker 4] Random seed fixed: 500951
[Worker 4] started on GPU.
  [Worker 4] episode 910 finished. (AvgLatErr: 0.3234, Steps: 169)
  [Worker 4] episode 911 finished. (AvgLatErr: 0.3238, Steps: 161)
  [Worker 4] episode 912 finished. (AvgLatErr: 0.2611, Steps: 170)
  [Worker 4] episode 913 finished. (AvgLatErr: 0.3120, Steps: 155)
  [Worker 4] episode 914 finished. (AvgLatErr: 0.2617, Steps: 161)
  [Worker 4] episode 915 finished. (AvgLatErr: 0.2579, Steps: 153)
  [Worker 4] episode 916 finished. (AvgLatErr: 0.4687, Steps: 169)
  [Worker 4] episode 917 finished. (AvgLatErr: 0.3541, Steps: 175)
  [Worker 4] episode 918 finished. (AvgLatErr: 0.2947, Steps: 164)
  [Worker 4] episode 919 finished. (AvgLatErr: 0.2136, Steps: 165)
[Worker 4].
Warning: num_agents (8) is greater than the number of available vehicle parameters (4). Cycling vehicle templates.
[Worker 5] TensorFlow device=GPU, mixed_precision=mixed_float16
[Worker 5] Random seed fixed: 600951
[Worker 5] started on GPU.
  [Worker 5] episode 910 finished. (AvgLatErr: 0.1759, Steps: 145)
  [Worker 5] episode 911 finished. (AvgLatErr: 0.3339, Steps: 169)
  [Worker 5] episode 912 finished. (AvgLatErr: 0.1833, Steps: 165)
  [Worker 5] episode 913 finished. (AvgLatErr: 0.2605, Steps: 161)
  [Worker 5] episode 914 finished. (AvgLatErr: 0.2342, Steps: 153)
  [Worker 5] episode 915 finished. (AvgLatErr: 0.3221, Steps: 150)
  [Worker 5] episode 916 finished. (AvgLatErr: 0.2073, Steps: 150)
  [Worker 5] episode 917 finished. (AvgLatErr: 0.1998, Steps: 143)
  [Worker 5] episode 918 finished. (AvgLatErr: 0.3645, Steps: 149)
  [Worker 5] episode 919 finished. (AvgLatErr: 0.3412, Steps: 172)
[Worker 5].
Warning: num_agents (8) is greater than the number of available vehicle parameters (4). Cycling vehicle templates.
[Worker 7] TensorFlow device=GPU, mixed_precision=mixed_float16
[Worker 7] Random seed fixed: 800951
[Worker 7] started on GPU.
  [Worker 7] episode 910 finished. (AvgLatErr: 0.3496, Steps: 140)
  [Worker 7] episode 911 finished. (AvgLatErr: 0.3856, Steps: 146)
  [Worker 7] episode 912 finished. (AvgLatErr: 0.1406, Steps: 146)
  [Worker 7] episode 913 finished. (AvgLatErr: 0.2493, Steps: 140)
  [Worker 7] episode 914 finished. (AvgLatErr: 0.2642, Steps: 138)
  [Worker 7] episode 915 finished. (AvgLatErr: 0.1836, Steps: 127)
  [Worker 7] episode 916 finished. (AvgLatErr: 0.2383, Steps: 132)
  [Worker 7] episode 917 finished. (AvgLatErr: 0.1448, Steps: 150)
  [Worker 7] episode 918 finished. (AvgLatErr: 0.2065, Steps: 158)
  [Worker 7] episode 919 finished. (AvgLatErr: 0.2807, Steps: 151)
[Worker 7].
Warning: num_agents (8) is greater than the number of available vehicle parameters (4). Cycling vehicle templates.
[Worker 6] TensorFlow device=GPU, mixed_precision=mixed_float16
[Worker 6] Random seed fixed: 700951
[Worker 6] started on GPU.
  [Worker 6] episode 910 finished. (AvgLatErr: 0.5427, Steps: 200)
  [Worker 6] episode 911 finished. (AvgLatErr: 0.6302, Steps: 189)
  [Worker 6] episode 912 finished. (AvgLatErr: 0.4095, Steps: 200)
  [Worker 6] episode 913 finished. (AvgLatErr: 0.4929, Steps: 188)
  [Worker 6] episode 914 finished. (AvgLatErr: 0.3377, Steps: 200)
  [Worker 6] episode 915 finished. (AvgLatErr: 0.4137, Steps: 194)
  [Worker 6] episode 916 finished. (AvgLatErr: 0.7822, Steps: 184)
  [Worker 6] episode 917 finished. (AvgLatErr: 0.4392, Steps: 193)
  [Worker 6] episode 918 finished. (AvgLatErr: 0.3795, Steps: 200)
  [Worker 6] episode 919 finished. (AvgLatErr: 0.4485, Steps: 191)
[Worker 6].
[Main] workers finished. (elapsed: 82.42s)
[Main] Aggregation-selected agents: [1, 2, 5, 6]
[Main] FedAdagrad update completed.
[Main] Replay buffers reset after global model update.
============================================================================================
919 EP / Agent 0 : Avg Lat Err 0.8763
919 EP / Agent 1 : Avg Lat Err 0.3185
919 EP / Agent 2 : Avg Lat Err 0.3519
919 EP / Agent 3 : Avg Lat Err 0.3820
919 EP / Agent 4 : Avg Lat Err 0.2136
919 EP / Agent 5 : Avg Lat Err 0.3412
919 EP / Agent 6 : Avg Lat Err 0.4485
919 EP / Agent 7 : Avg Lat Err 0.2807
============================================================================================

============================================================================================
[Main] FL round started. (episode 920 ~ 929)
[Main] Client selection: mode=random, budget=4
[Main] Participating agents: [0, 1, 2, 3, 4, 5, 6, 7]
Warning: num_agents (8) is greater than the number of available vehicle parameters (4). Cycling vehicle templates.
[Worker 0] TensorFlow device=GPU, mixed_precision=mixed_float16
[Worker 0] Random seed fixed: 100961
[Worker 0] started on GPU.
  [Worker 0] episode 920 finished. (AvgLatErr: 0.6767, Steps: 124)
  [Worker 0] episode 921 finished. (AvgLatErr: 1.2897, Steps: 132)
  [Worker 0] episode 922 finished. (AvgLatErr: 0.9484, Steps: 136)
  [Worker 0] episode 923 finished. (AvgLatErr: 0.9840, Steps: 127)
  [Worker 0] episode 924 finished. (AvgLatErr: 0.9110, Steps: 123)
  [Worker 0] episode 925 finished. (AvgLatErr: 0.7558, Steps: 132)
  [Worker 0] episode 926 finished. (AvgLatErr: 0.5316, Steps: 128)
  [Worker 0] episode 927 finished. (AvgLatErr: 0.6630, Steps: 133)
  [Worker 0] episode 928 finished. (AvgLatErr: 0.6992, Steps: 129)
  [Worker 0] episode 929 finished. (AvgLatErr: 1.4149, Steps: 135)
[Worker 0].
Warning: num_agents (8) is greater than the number of available vehicle parameters (4). Cycling vehicle templates.
[Worker 1] TensorFlow device=GPU, mixed_precision=mixed_float16
[Worker 1] Random seed fixed: 200961
[Worker 1] started on GPU.
  [Worker 1] episode 920 finished. (AvgLatErr: 0.2668, Steps: 126)
  [Worker 1] episode 921 finished. (AvgLatErr: 0.1817, Steps: 121)
  [Worker 1] episode 922 finished. (AvgLatErr: 0.2544, Steps: 131)
  [Worker 1] episode 923 finished. (AvgLatErr: 0.2608, Steps: 116)
  [Worker 1] episode 924 finished. (AvgLatErr: 0.2265, Steps: 128)
  [Worker 1] episode 925 finished. (AvgLatErr: 0.1555, Steps: 130)
  [Worker 1] episode 926 finished. (AvgLatErr: 0.2085, Steps: 119)
  [Worker 1] episode 927 finished. (AvgLatErr: 0.2241, Steps: 119)
  [Worker 1] episode 928 finished. (AvgLatErr: 0.1616, Steps: 120)
  [Worker 1] episode 929 finished. (AvgLatErr: 0.2312, Steps: 123)
[Worker 1].
Warning: num_agents (8) is greater than the number of available vehicle parameters (4). Cycling vehicle templates.
[Worker 2] TensorFlow device=GPU, mixed_precision=mixed_float16
[Worker 2] Random seed fixed: 300961
[Worker 2] started on GPU.
  [Worker 2] episode 920 finished. (AvgLatErr: 0.2898, Steps: 116)
  [Worker 2] episode 921 finished. (AvgLatErr: 0.2825, Steps: 124)
  [Worker 2] episode 922 finished. (AvgLatErr: 0.2880, Steps: 149)
  [Worker 2] episode 923 finished. (AvgLatErr: 0.5381, Steps: 133)
  [Worker 2] episode 924 finished. (AvgLatErr: 0.2009, Steps: 143)
  [Worker 2] episode 925 finished. (AvgLatErr: 0.2359, Steps: 133)
  [Worker 2] episode 926 finished. (AvgLatErr: 0.3110, Steps: 143)
  [Worker 2] episode 927 finished. (AvgLatErr: 0.6689, Steps: 127)
  [Worker 2] episode 928 finished. (AvgLatErr: 0.2824, Steps: 118)
  [Worker 2] episode 929 finished. (AvgLatErr: 0.4720, Steps: 125)
[Worker 2].
Warning: num_agents (8) is greater than the number of available vehicle parameters (4). Cycling vehicle templates.
[Worker 3] TensorFlow device=GPU, mixed_precision=mixed_float16
[Worker 3] Random seed fixed: 400961
[Worker 3] started on GPU.
  [Worker 3] episode 920 finished. (AvgLatErr: 0.4812, Steps: 163)
  [Worker 3] episode 921 finished. (AvgLatErr: 0.5398, Steps: 163)
  [Worker 3] episode 922 finished. (AvgLatErr: 0.5596, Steps: 163)
  [Worker 3] episode 923 finished. (AvgLatErr: 0.4340, Steps: 166)
  [Worker 3] episode 924 finished. (AvgLatErr: 0.5907, Steps: 167)
  [Worker 3] episode 925 finished. (AvgLatErr: 0.5274, Steps: 165)
  [Worker 3] episode 926 finished. (AvgLatErr: 0.6276, Steps: 170)
  [Worker 3] episode 927 finished. (AvgLatErr: 0.5952, Steps: 171)
  [Worker 3] episode 928 finished. (AvgLatErr: 0.5729, Steps: 158)
  [Worker 3] episode 929 finished. (AvgLatErr: 0.6148, Steps: 171)
[Worker 3].
Warning: num_agents (8) is greater than the number of available vehicle parameters (4). Cycling vehicle templates.
[Worker 4] TensorFlow device=GPU, mixed_precision=mixed_float16
[Worker 4] Random seed fixed: 500961
[Worker 4] started on GPU.
  [Worker 4] episode 920 finished. (AvgLatErr: 0.4338, Steps: 170)
  [Worker 4] episode 921 finished. (AvgLatErr: 0.4289, Steps: 166)
  [Worker 4] episode 922 finished. (AvgLatErr: 0.4111, Steps: 158)
  [Worker 4] episode 923 finished. (AvgLatErr: 0.3212, Steps: 153)
  [Worker 4] episode 924 finished. (AvgLatErr: 0.2311, Steps: 163)
  [Worker 4] episode 925 finished. (AvgLatErr: 0.2071, Steps: 158)
  [Worker 4] episode 926 finished. (AvgLatErr: 0.2733, Steps: 157)
  [Worker 4] episode 927 finished. (AvgLatErr: 0.3258, Steps: 153)
  [Worker 4] episode 928 finished. (AvgLatErr: 0.2802, Steps: 155)
  [Worker 4] episode 929 finished. (AvgLatErr: 0.3332, Steps: 176)
[Worker 4].
Warning: num_agents (8) is greater than the number of available vehicle parameters (4). Cycling vehicle templates.
[Worker 5] TensorFlow device=GPU, mixed_precision=mixed_float16
[Worker 5] Random seed fixed: 600961
[Worker 5] started on GPU.
  [Worker 5] episode 920 finished. (AvgLatErr: 0.1836, Steps: 144)
  [Worker 5] episode 921 finished. (AvgLatErr: 0.2714, Steps: 171)
  [Worker 5] episode 922 finished. (AvgLatErr: 0.2484, Steps: 185)
  [Worker 5] episode 923 finished. (AvgLatErr: 0.2390, Steps: 159)
  [Worker 5] episode 924 finished. (AvgLatErr: 0.1962, Steps: 143)
  [Worker 5] episode 925 finished. (AvgLatErr: 0.1780, Steps: 145)
  [Worker 5] episode 926 finished. (AvgLatErr: 0.2853, Steps: 149)
  [Worker 5] episode 927 finished. (AvgLatErr: 0.2940, Steps: 150)
  [Worker 5] episode 928 finished. (AvgLatErr: 0.2062, Steps: 142)
  [Worker 5] episode 929 finished. (AvgLatErr: 0.1911, Steps: 178)
[Worker 5].
Warning: num_agents (8) is greater than the number of available vehicle parameters (4). Cycling vehicle templates.
[Worker 7] TensorFlow device=GPU, mixed_precision=mixed_float16
[Worker 7] Random seed fixed: 800961
[Worker 7] started on GPU.
  [Worker 7] episode 920 finished. (AvgLatErr: 0.1902, Steps: 132)
  [Worker 7] episode 921 finished. (AvgLatErr: 0.2514, Steps: 132)
  [Worker 7] episode 922 finished. (AvgLatErr: 0.1176, Steps: 150)
  [Worker 7] episode 923 finished. (AvgLatErr: 0.1358, Steps: 141)
  [Worker 7] episode 924 finished. (AvgLatErr: 0.1758, Steps: 144)
  [Worker 7] episode 925 finished. (AvgLatErr: 0.1312, Steps: 138)
  [Worker 7] episode 926 finished. (AvgLatErr: 0.1483, Steps: 139)
  [Worker 7] episode 927 finished. (AvgLatErr: 0.1854, Steps: 148)
  [Worker 7] episode 928 finished. (AvgLatErr: 0.3286, Steps: 139)
  [Worker 7] episode 929 finished. (AvgLatErr: 0.2968, Steps: 121)
[Worker 7].
Warning: num_agents (8) is greater than the number of available vehicle parameters (4). Cycling vehicle templates.
[Worker 6] TensorFlow device=GPU, mixed_precision=mixed_float16
[Worker 6] Random seed fixed: 700961
[Worker 6] started on GPU.
  [Worker 6] episode 920 finished. (AvgLatErr: 0.4429, Steps: 187)
  [Worker 6] episode 921 finished. (AvgLatErr: 0.5237, Steps: 200)
  [Worker 6] episode 922 finished. (AvgLatErr: 0.4364, Steps: 200)
  [Worker 6] episode 923 finished. (AvgLatErr: 0.5734, Steps: 200)
  [Worker 6] episode 924 finished. (AvgLatErr: 0.3598, Steps: 194)
  [Worker 6] episode 925 finished. (AvgLatErr: 0.4702, Steps: 185)
  [Worker 6] episode 926 finished. (AvgLatErr: 0.4502, Steps: 200)
  [Worker 6] episode 927 finished. (AvgLatErr: 0.5521, Steps: 200)
  [Worker 6] episode 928 finished. (AvgLatErr: 0.4254, Steps: 189)
  [Worker 6] episode 929 finished. (AvgLatErr: 0.8600, Steps: 200)
[Worker 6].
[Main] workers finished. (elapsed: 82.33s)
[Main] Aggregation-selected agents: [3, 4, 6, 7]
[Main] FedAdagrad update completed.
[Main] Replay buffers reset after global model update.
============================================================================================
929 EP / Agent 0 : Avg Lat Err 1.4149
929 EP / Agent 1 : Avg Lat Err 0.2312
929 EP / Agent 2 : Avg Lat Err 0.4720
929 EP / Agent 3 : Avg Lat Err 0.6148
929 EP / Agent 4 : Avg Lat Err 0.3332
929 EP / Agent 5 : Avg Lat Err 0.1911
929 EP / Agent 6 : Avg Lat Err 0.8600
929 EP / Agent 7 : Avg Lat Err 0.2968
============================================================================================

============================================================================================
[Main] FL round started. (episode 930 ~ 939)
[Main] Client selection: mode=random, budget=4
[Main] Participating agents: [0, 1, 2, 3, 4, 5, 6, 7]
Warning: num_agents (8) is greater than the number of available vehicle parameters (4). Cycling vehicle templates.
[Worker 0] TensorFlow device=GPU, mixed_precision=mixed_float16
[Worker 0] Random seed fixed: 100971
[Worker 0] started on GPU.
  [Worker 0] episode 930 finished. (AvgLatErr: 0.5768, Steps: 126)
  [Worker 0] episode 931 finished. (AvgLatErr: 0.8930, Steps: 138)
  [Worker 0] episode 932 finished. (AvgLatErr: 1.0731, Steps: 140)
  [Worker 0] episode 933 finished. (AvgLatErr: 0.8817, Steps: 136)
  [Worker 0] episode 934 finished. (AvgLatErr: 0.8483, Steps: 126)
  [Worker 0] episode 935 finished. (AvgLatErr: 1.2957, Steps: 134)
  [Worker 0] episode 936 finished. (AvgLatErr: 1.5739, Steps: 133)
  [Worker 0] episode 937 finished. (AvgLatErr: 0.5750, Steps: 129)
  [Worker 0] episode 938 finished. (AvgLatErr: 1.2353, Steps: 136)
  [Worker 0] episode 939 finished. (AvgLatErr: 1.0395, Steps: 128)
[Worker 0].
Warning: num_agents (8) is greater than the number of available vehicle parameters (4). Cycling vehicle templates.
[Worker 1] TensorFlow device=GPU, mixed_precision=mixed_float16
[Worker 1] Random seed fixed: 200971
[Worker 1] started on GPU.
  [Worker 1] episode 930 finished. (AvgLatErr: 0.1292, Steps: 134)
  [Worker 1] episode 931 finished. (AvgLatErr: 0.2121, Steps: 115)
  [Worker 1] episode 932 finished. (AvgLatErr: 0.1395, Steps: 124)
  [Worker 1] episode 933 finished. (AvgLatErr: 0.1261, Steps: 123)
  [Worker 1] episode 934 finished. (AvgLatErr: 0.1858, Steps: 131)
  [Worker 1] episode 935 finished. (AvgLatErr: 0.2603, Steps: 132)
  [Worker 1] episode 936 finished. (AvgLatErr: 0.1709, Steps: 123)
  [Worker 1] episode 937 finished. (AvgLatErr: 0.1812, Steps: 127)
  [Worker 1] episode 938 finished. (AvgLatErr: 0.2003, Steps: 122)
  [Worker 1] episode 939 finished. (AvgLatErr: 0.1652, Steps: 127)
[Worker 1].
Warning: num_agents (8) is greater than the number of available vehicle parameters (4). Cycling vehicle templates.
[Worker 2] TensorFlow device=GPU, mixed_precision=mixed_float16
[Worker 2] Random seed fixed: 300971
[Worker 2] started on GPU.
  [Worker 2] episode 930 finished. (AvgLatErr: 0.3029, Steps: 126)
  [Worker 2] episode 931 finished. (AvgLatErr: 0.2244, Steps: 137)
  [Worker 2] episode 932 finished. (AvgLatErr: 0.3222, Steps: 129)
  [Worker 2] episode 933 finished. (AvgLatErr: 0.5092, Steps: 136)
  [Worker 2] episode 934 finished. (AvgLatErr: 0.3366, Steps: 130)
  [Worker 2] episode 935 finished. (AvgLatErr: 0.4316, Steps: 135)
  [Worker 2] episode 936 finished. (AvgLatErr: 0.4392, Steps: 120)
  [Worker 2] episode 937 finished. (AvgLatErr: 0.4865, Steps: 132)
  [Worker 2] episode 938 finished. (AvgLatErr: 0.3826, Steps: 128)
  [Worker 2] episode 939 finished. (AvgLatErr: 0.3827, Steps: 124)
[Worker 2].
Warning: num_agents (8) is greater than the number of available vehicle parameters (4). Cycling vehicle templates.
[Worker 3] TensorFlow device=GPU, mixed_precision=mixed_float16
[Worker 3] Random seed fixed: 400971
[Worker 3] started on GPU.
  [Worker 3] episode 930 finished. (AvgLatErr: 0.3203, Steps: 181)
  [Worker 3] episode 931 finished. (AvgLatErr: 0.5483, Steps: 175)
  [Worker 3] episode 932 finished. (AvgLatErr: 0.5471, Steps: 170)
  [Worker 3] episode 933 finished. (AvgLatErr: 0.4808, Steps: 158)
  [Worker 3] episode 934 finished. (AvgLatErr: 0.3679, Steps: 184)
  [Worker 3] episode 935 finished. (AvgLatErr: 0.5332, Steps: 172)
  [Worker 3] episode 936 finished. (AvgLatErr: 0.7783, Steps: 179)
  [Worker 3] episode 937 finished. (AvgLatErr: 0.6267, Steps: 178)
  [Worker 3] episode 938 finished. (AvgLatErr: 0.7198, Steps: 170)
  [Worker 3] episode 939 finished. (AvgLatErr: 0.3144, Steps: 174)
[Worker 3].
Warning: num_agents (8) is greater than the number of available vehicle parameters (4). Cycling vehicle templates.
[Worker 4] TensorFlow device=GPU, mixed_precision=mixed_float16
[Worker 4] Random seed fixed: 500971
[Worker 4] started on GPU.
  [Worker 4] episode 930 finished. (AvgLatErr: 0.3414, Steps: 165)
  [Worker 4] episode 931 finished. (AvgLatErr: 0.2862, Steps: 172)
  [Worker 4] episode 932 finished. (AvgLatErr: 0.3168, Steps: 153)
  [Worker 4] episode 933 finished. (AvgLatErr: 0.3707, Steps: 167)
  [Worker 4] episode 934 finished. (AvgLatErr: 0.2919, Steps: 158)
  [Worker 4] episode 935 finished. (AvgLatErr: 0.3172, Steps: 160)
  [Worker 4] episode 936 finished. (AvgLatErr: 0.3996, Steps: 165)
  [Worker 4] episode 937 finished. (AvgLatErr: 0.3172, Steps: 148)
  [Worker 4] episode 938 finished. (AvgLatErr: 0.2609, Steps: 148)
  [Worker 4] episode 939 finished. (AvgLatErr: 0.3338, Steps: 167)
[Worker 4].
Warning: num_agents (8) is greater than the number of available vehicle parameters (4). Cycling vehicle templates.
[Worker 5] TensorFlow device=GPU, mixed_precision=mixed_float16
[Worker 5] Random seed fixed: 600971
[Worker 5] started on GPU.
  [Worker 5] episode 930 finished. (AvgLatErr: 0.1993, Steps: 148)
  [Worker 5] episode 931 finished. (AvgLatErr: 0.2130, Steps: 147)
  [Worker 5] episode 932 finished. (AvgLatErr: 0.1756, Steps: 158)
  [Worker 5] episode 933 finished. (AvgLatErr: 0.2497, Steps: 164)
  [Worker 5] episode 934 finished. (AvgLatErr: 0.1568, Steps: 150)
  [Worker 5] episode 935 finished. (AvgLatErr: 0.1975, Steps: 142)
  [Worker 5] episode 936 finished. (AvgLatErr: 0.1896, Steps: 144)
  [Worker 5] episode 937 finished. (AvgLatErr: 0.2172, Steps: 141)
  [Worker 5] episode 938 finished. (AvgLatErr: 0.2241, Steps: 138)
  [Worker 5] episode 939 finished. (AvgLatErr: 0.2459, Steps: 149)
[Worker 5].
Warning: num_agents (8) is greater than the number of available vehicle parameters (4). Cycling vehicle templates.
[Worker 7] TensorFlow device=GPU, mixed_precision=mixed_float16
[Worker 7] Random seed fixed: 800971
[Worker 7] started on GPU.
  [Worker 7] episode 930 finished. (AvgLatErr: 0.1127, Steps: 147)
  [Worker 7] episode 931 finished. (AvgLatErr: 0.2712, Steps: 140)
  [Worker 7] episode 932 finished. (AvgLatErr: 0.1310, Steps: 141)
  [Worker 7] episode 933 finished. (AvgLatErr: 0.1087, Steps: 151)
  [Worker 7] episode 934 finished. (AvgLatErr: 0.1957, Steps: 145)
  [Worker 7] episode 935 finished. (AvgLatErr: 0.1658, Steps: 144)
  [Worker 7] episode 936 finished. (AvgLatErr: 0.1152, Steps: 146)
  [Worker 7] episode 937 finished. (AvgLatErr: 0.1647, Steps: 136)
  [Worker 7] episode 938 finished. (AvgLatErr: 0.2037, Steps: 165)
  [Worker 7] episode 939 finished. (AvgLatErr: 0.1612, Steps: 169)
[Worker 7].
Warning: num_agents (8) is greater than the number of available vehicle parameters (4). Cycling vehicle templates.
[Worker 6] TensorFlow device=GPU, mixed_precision=mixed_float16
[Worker 6] Random seed fixed: 700971
[Worker 6] started on GPU.
  [Worker 6] episode 930 finished. (AvgLatErr: 0.3868, Steps: 191)
  [Worker 6] episode 931 finished. (AvgLatErr: 0.3232, Steps: 200)
  [Worker 6] episode 932 finished. (AvgLatErr: 0.3535, Steps: 191)
  [Worker 6] episode 933 finished. (AvgLatErr: 0.4267, Steps: 200)
  [Worker 6] episode 934 finished. (AvgLatErr: 0.5325, Steps: 192)
  [Worker 6] episode 935 finished. (AvgLatErr: 0.4861, Steps: 197)
  [Worker 6] episode 936 finished. (AvgLatErr: 0.4604, Steps: 200)
  [Worker 6] episode 937 finished. (AvgLatErr: 0.3920, Steps: 200)
  [Worker 6] episode 938 finished. (AvgLatErr: 0.3601, Steps: 199)
  [Worker 6] episode 939 finished. (AvgLatErr: 0.3713, Steps: 200)
[Worker 6].
[Main] workers finished. (elapsed: 83.41s)
[Main] Aggregation-selected agents: [3, 4, 6, 7]
[Main] FedAdagrad update completed.
[Main] Replay buffers reset after global model update.
============================================================================================
939 EP / Agent 0 : Avg Lat Err 1.0395
939 EP / Agent 1 : Avg Lat Err 0.1652
939 EP / Agent 2 : Avg Lat Err 0.3827
939 EP / Agent 3 : Avg Lat Err 0.3144
939 EP / Agent 4 : Avg Lat Err 0.3338
939 EP / Agent 5 : Avg Lat Err 0.2459
939 EP / Agent 6 : Avg Lat Err 0.3713
939 EP / Agent 7 : Avg Lat Err 0.1612
============================================================================================

============================================================================================
[Main] FL round started. (episode 940 ~ 949)
[Main] Client selection: mode=random, budget=4
[Main] Participating agents: [0, 1, 2, 3, 4, 5, 6, 7]
Warning: num_agents (8) is greater than the number of available vehicle parameters (4). Cycling vehicle templates.
[Worker 0] TensorFlow device=GPU, mixed_precision=mixed_float16
[Worker 0] Random seed fixed: 100981
[Worker 0] started on GPU.
  [Worker 0] episode 940 finished. (AvgLatErr: 0.7899, Steps: 132)
  [Worker 0] episode 941 finished. (AvgLatErr: 0.8722, Steps: 127)
  [Worker 0] episode 942 finished. (AvgLatErr: 0.8351, Steps: 129)
  [Worker 0] episode 943 finished. (AvgLatErr: 1.3694, Steps: 129)
  [Worker 0] episode 944 finished. (AvgLatErr: 1.7555, Steps: 136)
  [Worker 0] episode 945 finished. (AvgLatErr: 1.2748, Steps: 136)
  [Worker 0] episode 946 finished. (AvgLatErr: 1.4394, Steps: 144)
  [Worker 0] episode 947 finished. (AvgLatErr: 1.2380, Steps: 132)
  [Worker 0] episode 948 finished. (AvgLatErr: 0.8856, Steps: 127)
  [Worker 0] episode 949 finished. (AvgLatErr: 0.7754, Steps: 139)
[Worker 0].
Warning: num_agents (8) is greater than the number of available vehicle parameters (4). Cycling vehicle templates.
[Worker 1] TensorFlow device=GPU, mixed_precision=mixed_float16
[Worker 1] Random seed fixed: 200981
[Worker 1] started on GPU.
  [Worker 1] episode 940 finished. (AvgLatErr: 0.1293, Steps: 125)
  [Worker 1] episode 941 finished. (AvgLatErr: 0.2278, Steps: 126)
  [Worker 1] episode 942 finished. (AvgLatErr: 0.1257, Steps: 118)
  [Worker 1] episode 943 finished. (AvgLatErr: 0.1767, Steps: 115)
  [Worker 1] episode 944 finished. (AvgLatErr: 0.1606, Steps: 125)
  [Worker 1] episode 945 finished. (AvgLatErr: 0.1799, Steps: 118)
  [Worker 1] episode 946 finished. (AvgLatErr: 0.1165, Steps: 116)
  [Worker 1] episode 947 finished. (AvgLatErr: 0.1677, Steps: 127)
  [Worker 1] episode 948 finished. (AvgLatErr: 0.2284, Steps: 121)
  [Worker 1] episode 949 finished. (AvgLatErr: 0.1648, Steps: 123)
[Worker 1].
Warning: num_agents (8) is greater than the number of available vehicle parameters (4). Cycling vehicle templates.
[Worker 2] TensorFlow device=GPU, mixed_precision=mixed_float16
[Worker 2] Random seed fixed: 300981
[Worker 2] started on GPU.
  [Worker 2] episode 940 finished. (AvgLatErr: 0.2437, Steps: 124)
  [Worker 2] episode 941 finished. (AvgLatErr: 0.2502, Steps: 124)
  [Worker 2] episode 942 finished. (AvgLatErr: 0.2707, Steps: 129)
  [Worker 2] episode 943 finished. (AvgLatErr: 0.1675, Steps: 148)
  [Worker 2] episode 944 finished. (AvgLatErr: 0.2823, Steps: 129)
  [Worker 2] episode 945 finished. (AvgLatErr: 0.2564, Steps: 139)
  [Worker 2] episode 946 finished. (AvgLatErr: 0.2014, Steps: 134)
  [Worker 2] episode 947 finished. (AvgLatErr: 0.3394, Steps: 134)
  [Worker 2] episode 948 finished. (AvgLatErr: 0.2281, Steps: 141)
  [Worker 2] episode 949 finished. (AvgLatErr: 0.2380, Steps: 136)
[Worker 2].
Warning: num_agents (8) is greater than the number of available vehicle parameters (4). Cycling vehicle templates.
[Worker 4] TensorFlow device=GPU, mixed_precision=mixed_float16
[Worker 4] Random seed fixed: 500981
[Worker 4] started on GPU.
  [Worker 4] episode 940 finished. (AvgLatErr: 0.3060, Steps: 156)
  [Worker 4] episode 941 finished. (AvgLatErr: 0.3314, Steps: 159)
  [Worker 4] episode 942 finished. (AvgLatErr: 0.3844, Steps: 164)
  [Worker 4] episode 943 finished. (AvgLatErr: 0.3288, Steps: 149)
  [Worker 4] episode 944 finished. (AvgLatErr: 0.2885, Steps: 154)
  [Worker 4] episode 945 finished. (AvgLatErr: 0.2629, Steps: 151)
  [Worker 4] episode 946 finished. (AvgLatErr: 0.3621, Steps: 157)
  [Worker 4] episode 947 finished. (AvgLatErr: 0.2493, Steps: 159)
  [Worker 4] episode 948 finished. (AvgLatErr: 0.4560, Steps: 157)
  [Worker 4] episode 949 finished. (AvgLatErr: 0.4320, Steps: 149)
[Worker 4].
Warning: num_agents (8) is greater than the number of available vehicle parameters (4). Cycling vehicle templates.
[Worker 3] TensorFlow device=GPU, mixed_precision=mixed_float16
[Worker 3] Random seed fixed: 400981
[Worker 3] started on GPU.
  [Worker 3] episode 940 finished. (AvgLatErr: 0.2615, Steps: 189)
  [Worker 3] episode 941 finished. (AvgLatErr: 0.3506, Steps: 172)
  [Worker 3] episode 942 finished. (AvgLatErr: 0.3649, Steps: 175)
  [Worker 3] episode 943 finished. (AvgLatErr: 0.4131, Steps: 184)
  [Worker 3] episode 944 finished. (AvgLatErr: 0.4981, Steps: 175)
  [Worker 3] episode 945 finished. (AvgLatErr: 0.3820, Steps: 181)
  [Worker 3] episode 946 finished. (AvgLatErr: 0.5268, Steps: 192)
  [Worker 3] episode 947 finished. (AvgLatErr: 0.6053, Steps: 179)
  [Worker 3] episode 948 finished. (AvgLatErr: 0.3541, Steps: 168)
  [Worker 3] episode 949 finished. (AvgLatErr: 0.3470, Steps: 165)
[Worker 3].
Warning: num_agents (8) is greater than the number of available vehicle parameters (4). Cycling vehicle templates.
[Worker 5] TensorFlow device=GPU, mixed_precision=mixed_float16
[Worker 5] Random seed fixed: 600981
[Worker 5] started on GPU.
  [Worker 5] episode 940 finished. (AvgLatErr: 0.2102, Steps: 183)
  [Worker 5] episode 941 finished. (AvgLatErr: 0.1529, Steps: 168)
  [Worker 5] episode 942 finished. (AvgLatErr: 0.1201, Steps: 171)
  [Worker 5] episode 943 finished. (AvgLatErr: 0.2098, Steps: 164)
  [Worker 5] episode 944 finished. (AvgLatErr: 0.1880, Steps: 160)
  [Worker 5] episode 945 finished. (AvgLatErr: 0.2449, Steps: 162)
  [Worker 5] episode 946 finished. (AvgLatErr: 0.1778, Steps: 169)
  [Worker 5] episode 947 finished. (AvgLatErr: 0.1591, Steps: 154)
  [Worker 5] episode 948 finished. (AvgLatErr: 0.1252, Steps: 151)
  [Worker 5] episode 949 finished. (AvgLatErr: 0.2022, Steps: 170)
[Worker 5].
Warning: num_agents (8) is greater than the number of available vehicle parameters (4). Cycling vehicle templates.
[Worker 7] TensorFlow device=GPU, mixed_precision=mixed_float16
[Worker 7] Random seed fixed: 800981
[Worker 7] started on GPU.
  [Worker 7] episode 940 finished. (AvgLatErr: 4.8132, Steps: 200)
  [Worker 7] episode 941 finished. (AvgLatErr: 0.5681, Steps: 162)
  [Worker 7] episode 942 finished. (AvgLatErr: 0.3507, Steps: 145)
  [Worker 7] episode 943 finished. (AvgLatErr: 0.3755, Steps: 144)
  [Worker 7] episode 944 finished. (AvgLatErr: 0.5479, Steps: 144)
  [Worker 7] episode 945 finished. (AvgLatErr: 0.4168, Steps: 149)
  [Worker 7] episode 946 finished. (AvgLatErr: 0.2910, Steps: 155)
  [Worker 7] episode 947 finished. (AvgLatErr: 0.2624, Steps: 158)
  [Worker 7] episode 948 finished. (AvgLatErr: 0.2859, Steps: 126)
  [Worker 7] episode 949 finished. (AvgLatErr: 0.3859, Steps: 144)
[Worker 7].
Warning: num_agents (8) is greater than the number of available vehicle parameters (4). Cycling vehicle templates.
[Worker 6] TensorFlow device=GPU, mixed_precision=mixed_float16
[Worker 6] Random seed fixed: 700981
[Worker 6] started on GPU.
  [Worker 6] episode 940 finished. (AvgLatErr: 0.2975, Steps: 200)
  [Worker 6] episode 941 finished. (AvgLatErr: 0.3492, Steps: 200)
  [Worker 6] episode 942 finished. (AvgLatErr: 0.3309, Steps: 200)
  [Worker 6] episode 943 finished. (AvgLatErr: 0.3575, Steps: 181)
  [Worker 6] episode 944 finished. (AvgLatErr: 0.4839, Steps: 200)
  [Worker 6] episode 945 finished. (AvgLatErr: 0.2272, Steps: 200)
  [Worker 6] episode 946 finished. (AvgLatErr: 0.2584, Steps: 200)
  [Worker 6] episode 947 finished. (AvgLatErr: 0.2824, Steps: 200)
  [Worker 6] episode 948 finished. (AvgLatErr: 0.3648, Steps: 200)
  [Worker 6] episode 949 finished. (AvgLatErr: 0.3414, Steps: 200)
[Worker 6].
[Main] workers finished. (elapsed: 82.77s)
[Main] Aggregation-selected agents: [0, 1, 4, 7]
[Main] FedAdagrad update completed.
[Main] Replay buffers reset after global model update.
============================================================================================
949 EP / Agent 0 : Avg Lat Err 0.7754
949 EP / Agent 1 : Avg Lat Err 0.1648
949 EP / Agent 2 : Avg Lat Err 0.2380
949 EP / Agent 3 : Avg Lat Err 0.3470
949 EP / Agent 4 : Avg Lat Err 0.4320
949 EP / Agent 5 : Avg Lat Err 0.2022
949 EP / Agent 6 : Avg Lat Err 0.3414
949 EP / Agent 7 : Avg Lat Err 0.3859
============================================================================================
[Main] Model checkpoint saved: C:\Users\syd79\FRL-Q\experiments\fast_parallel_fedadagrad_8random4_20260916_run1_random_4of8\checkpoints\global_model_episode_000950.weights.h5

============================================================================================
[Main] FL round started. (episode 950 ~ 959)
[Main] Client selection: mode=random, budget=4
[Main] Participating agents: [0, 1, 2, 3, 4, 5, 6, 7]
Warning: num_agents (8) is greater than the number of available vehicle parameters (4). Cycling vehicle templates.
[Worker 0] TensorFlow device=GPU, mixed_precision=mixed_float16
[Worker 0] Random seed fixed: 100991
[Worker 0] started on GPU.
  [Worker 0] episode 950 finished. (AvgLatErr: 0.7184, Steps: 127)
  [Worker 0] episode 951 finished. (AvgLatErr: 0.8758, Steps: 126)
  [Worker 0] episode 952 finished. (AvgLatErr: 1.9353, Steps: 138)
  [Worker 0] episode 953 finished. (AvgLatErr: 1.7750, Steps: 129)
  [Worker 0] episode 954 finished. (AvgLatErr: 1.0653, Steps: 128)
  [Worker 0] episode 955 finished. (AvgLatErr: 1.4421, Steps: 127)
  [Worker 0] episode 956 finished. (AvgLatErr: 1.0783, Steps: 125)
  [Worker 0] episode 957 finished. (AvgLatErr: 0.9453, Steps: 137)
  [Worker 0] episode 958 finished. (AvgLatErr: 1.2156, Steps: 122)
  [Worker 0] episode 959 finished. (AvgLatErr: 1.6348, Steps: 132)
[Worker 0].
Warning: num_agents (8) is greater than the number of available vehicle parameters (4). Cycling vehicle templates.
[Worker 1] TensorFlow device=GPU, mixed_precision=mixed_float16
[Worker 1] Random seed fixed: 200991
[Worker 1] started on GPU.
  [Worker 1] episode 950 finished. (AvgLatErr: 0.2533, Steps: 134)
  [Worker 1] episode 951 finished. (AvgLatErr: 0.1967, Steps: 132)
  [Worker 1] episode 952 finished. (AvgLatErr: 0.1786, Steps: 139)
  [Worker 1] episode 953 finished. (AvgLatErr: 0.2670, Steps: 127)
  [Worker 1] episode 954 finished. (AvgLatErr: 0.1645, Steps: 137)
  [Worker 1] episode 955 finished. (AvgLatErr: 0.1770, Steps: 133)
  [Worker 1] episode 956 finished. (AvgLatErr: 0.1305, Steps: 127)
  [Worker 1] episode 957 finished. (AvgLatErr: 0.1981, Steps: 128)
  [Worker 1] episode 958 finished. (AvgLatErr: 0.1582, Steps: 135)
  [Worker 1] episode 959 finished. (AvgLatErr: 0.3949, Steps: 128)
[Worker 1].
Warning: num_agents (8) is greater than the number of available vehicle parameters (4). Cycling vehicle templates.
[Worker 2] TensorFlow device=GPU, mixed_precision=mixed_float16
[Worker 2] Random seed fixed: 300991
[Worker 2] started on GPU.
  [Worker 2] episode 950 finished. (AvgLatErr: 0.2777, Steps: 117)
  [Worker 2] episode 951 finished. (AvgLatErr: 0.4307, Steps: 142)
  [Worker 2] episode 952 finished. (AvgLatErr: 0.4552, Steps: 124)
  [Worker 2] episode 953 finished. (AvgLatErr: 0.3389, Steps: 143)
  [Worker 2] episode 954 finished. (AvgLatErr: 0.3459, Steps: 137)
  [Worker 2] episode 955 finished. (AvgLatErr: 0.3648, Steps: 129)
  [Worker 2] episode 956 finished. (AvgLatErr: 0.2906, Steps: 136)
  [Worker 2] episode 957 finished. (AvgLatErr: 0.1540, Steps: 140)
  [Worker 2] episode 958 finished. (AvgLatErr: 0.3417, Steps: 131)
  [Worker 2] episode 959 finished. (AvgLatErr: 0.3504, Steps: 133)
[Worker 2].
Warning: num_agents (8) is greater than the number of available vehicle parameters (4). Cycling vehicle templates.
[Worker 3] TensorFlow device=GPU, mixed_precision=mixed_float16
[Worker 3] Random seed fixed: 400991
[Worker 3] started on GPU.
  [Worker 3] episode 950 finished. (AvgLatErr: 0.4022, Steps: 183)
  [Worker 3] episode 951 finished. (AvgLatErr: 0.5747, Steps: 167)
  [Worker 3] episode 952 finished. (AvgLatErr: 0.6684, Steps: 171)
  [Worker 3] episode 953 finished. (AvgLatErr: 0.4190, Steps: 161)
  [Worker 3] episode 954 finished. (AvgLatErr: 0.9712, Steps: 174)
  [Worker 3] episode 955 finished. (AvgLatErr: 0.4303, Steps: 174)
  [Worker 3] episode 956 finished. (AvgLatErr: 0.6498, Steps: 166)
  [Worker 3] episode 957 finished. (AvgLatErr: 0.7560, Steps: 183)
  [Worker 3] episode 958 finished. (AvgLatErr: 0.4017, Steps: 185)
  [Worker 3] episode 959 finished. (AvgLatErr: 0.4578, Steps: 177)
[Worker 3].
Warning: num_agents (8) is greater than the number of available vehicle parameters (4). Cycling vehicle templates.
[Worker 4] TensorFlow device=GPU, mixed_precision=mixed_float16
[Worker 4] Random seed fixed: 500991
[Worker 4] started on GPU.
  [Worker 4] episode 950 finished. (AvgLatErr: 0.3672, Steps: 168)
  [Worker 4] episode 951 finished. (AvgLatErr: 0.4464, Steps: 161)
  [Worker 4] episode 952 finished. (AvgLatErr: 0.2502, Steps: 162)
  [Worker 4] episode 953 finished. (AvgLatErr: 0.4294, Steps: 152)
  [Worker 4] episode 954 finished. (AvgLatErr: 0.3480, Steps: 153)
  [Worker 4] episode 955 finished. (AvgLatErr: 0.2876, Steps: 165)
  [Worker 4] episode 956 finished. (AvgLatErr: 0.2038, Steps: 162)
  [Worker 4] episode 957 finished. (AvgLatErr: 0.2742, Steps: 165)
  [Worker 4] episode 958 finished. (AvgLatErr: 0.2974, Steps: 162)
  [Worker 4] episode 959 finished. (AvgLatErr: 0.3229, Steps: 159)
[Worker 4].
Warning: num_agents (8) is greater than the number of available vehicle parameters (4). Cycling vehicle templates.
[Worker 5] TensorFlow device=GPU, mixed_precision=mixed_float16
[Worker 5] Random seed fixed: 600991
[Worker 5] started on GPU.
  [Worker 5] episode 950 finished. (AvgLatErr: 0.2632, Steps: 171)
  [Worker 5] episode 951 finished. (AvgLatErr: 0.2448, Steps: 155)
  [Worker 5] episode 952 finished. (AvgLatErr: 0.2204, Steps: 160)
  [Worker 5] episode 953 finished. (AvgLatErr: 0.2152, Steps: 164)
  [Worker 5] episode 954 finished. (AvgLatErr: 0.2398, Steps: 153)
  [Worker 5] episode 955 finished. (AvgLatErr: 0.1981, Steps: 151)
  [Worker 5] episode 956 finished. (AvgLatErr: 0.2162, Steps: 155)
  [Worker 5] episode 957 finished. (AvgLatErr: 0.3103, Steps: 146)
  [Worker 5] episode 958 finished. (AvgLatErr: 0.2884, Steps: 154)
  [Worker 5] episode 959 finished. (AvgLatErr: 0.1966, Steps: 148)
[Worker 5].
Warning: num_agents (8) is greater than the number of available vehicle parameters (4). Cycling vehicle templates.
[Worker 7] TensorFlow device=GPU, mixed_precision=mixed_float16
[Worker 7] Random seed fixed: 800991
[Worker 7] started on GPU.
  [Worker 7] episode 950 finished. (AvgLatErr: 0.2219, Steps: 143)
  [Worker 7] episode 951 finished. (AvgLatErr: 0.2614, Steps: 147)
  [Worker 7] episode 952 finished. (AvgLatErr: 0.2231, Steps: 148)
  [Worker 7] episode 953 finished. (AvgLatErr: 0.1581, Steps: 137)
  [Worker 7] episode 954 finished. (AvgLatErr: 0.1671, Steps: 135)
  [Worker 7] episode 955 finished. (AvgLatErr: 0.2331, Steps: 138)
  [Worker 7] episode 956 finished. (AvgLatErr: 0.2751, Steps: 132)
  [Worker 7] episode 957 finished. (AvgLatErr: 0.2631, Steps: 140)
  [Worker 7] episode 958 finished. (AvgLatErr: 0.1576, Steps: 132)
  [Worker 7] episode 959 finished. (AvgLatErr: 0.2022, Steps: 142)
[Worker 7].
Warning: num_agents (8) is greater than the number of available vehicle parameters (4). Cycling vehicle templates.
[Worker 6] TensorFlow device=GPU, mixed_precision=mixed_float16
[Worker 6] Random seed fixed: 700991
[Worker 6] started on GPU.
  [Worker 6] episode 950 finished. (AvgLatErr: 0.3537, Steps: 200)
  [Worker 6] episode 951 finished. (AvgLatErr: 0.5550, Steps: 200)
  [Worker 6] episode 952 finished. (AvgLatErr: 0.4228, Steps: 200)
  [Worker 6] episode 953 finished. (AvgLatErr: 0.3546, Steps: 200)
  [Worker 6] episode 954 finished. (AvgLatErr: 0.5841, Steps: 200)
  [Worker 6] episode 955 finished. (AvgLatErr: 0.4412, Steps: 200)
  [Worker 6] episode 956 finished. (AvgLatErr: 0.6138, Steps: 200)
  [Worker 6] episode 957 finished. (AvgLatErr: 0.4255, Steps: 200)
  [Worker 6] episode 958 finished. (AvgLatErr: 0.5125, Steps: 200)
  [Worker 6] episode 959 finished. (AvgLatErr: 0.3507, Steps: 200)
[Worker 6].
[Main] workers finished. (elapsed: 82.38s)
[Main] Aggregation-selected agents: [2, 3, 5, 7]
[Main] FedAdagrad update completed.
[Main] Replay buffers reset after global model update.
============================================================================================
959 EP / Agent 0 : Avg Lat Err 1.6348
959 EP / Agent 1 : Avg Lat Err 0.3949
959 EP / Agent 2 : Avg Lat Err 0.3504
959 EP / Agent 3 : Avg Lat Err 0.4578
959 EP / Agent 4 : Avg Lat Err 0.3229
959 EP / Agent 5 : Avg Lat Err 0.1966
959 EP / Agent 6 : Avg Lat Err 0.3507
959 EP / Agent 7 : Avg Lat Err 0.2022
============================================================================================

============================================================================================
[Main] FL round started. (episode 960 ~ 969)
[Main] Client selection: mode=random, budget=4
[Main] Participating agents: [0, 1, 2, 3, 4, 5, 6, 7]
Warning: num_agents (8) is greater than the number of available vehicle parameters (4). Cycling vehicle templates.
[Worker 0] TensorFlow device=GPU, mixed_precision=mixed_float16
[Worker 0] Random seed fixed: 101001
[Worker 0] started on GPU.
  [Worker 0] episode 960 finished. (AvgLatErr: 2.0319, Steps: 137)
  [Worker 0] episode 961 finished. (AvgLatErr: 0.7780, Steps: 128)
  [Worker 0] episode 962 finished. (AvgLatErr: 1.0088, Steps: 131)
  [Worker 0] episode 963 finished. (AvgLatErr: 0.8242, Steps: 129)
  [Worker 0] episode 964 finished. (AvgLatErr: 1.0128, Steps: 135)
  [Worker 0] episode 965 finished. (AvgLatErr: 0.8569, Steps: 137)
  [Worker 0] episode 966 finished. (AvgLatErr: 1.0388, Steps: 127)
  [Worker 0] episode 967 finished. (AvgLatErr: 1.2809, Steps: 142)
  [Worker 0] episode 968 finished. (AvgLatErr: 1.3754, Steps: 147)
  [Worker 0] episode 969 finished. (AvgLatErr: 1.0666, Steps: 131)
[Worker 0].
Warning: num_agents (8) is greater than the number of available vehicle parameters (4). Cycling vehicle templates.
[Worker 1] TensorFlow device=GPU, mixed_precision=mixed_float16
[Worker 1] Random seed fixed: 201001
[Worker 1] started on GPU.
  [Worker 1] episode 960 finished. (AvgLatErr: 0.1350, Steps: 128)
  [Worker 1] episode 961 finished. (AvgLatErr: 0.1724, Steps: 125)
  [Worker 1] episode 962 finished. (AvgLatErr: 0.2494, Steps: 143)
  [Worker 1] episode 963 finished. (AvgLatErr: 0.1452, Steps: 135)
  [Worker 1] episode 964 finished. (AvgLatErr: 0.1296, Steps: 129)
  [Worker 1] episode 965 finished. (AvgLatErr: 0.2591, Steps: 130)
  [Worker 1] episode 966 finished. (AvgLatErr: 0.1564, Steps: 128)
  [Worker 1] episode 967 finished. (AvgLatErr: 0.2519, Steps: 153)
  [Worker 1] episode 968 finished. (AvgLatErr: 0.2639, Steps: 138)
  [Worker 1] episode 969 finished. (AvgLatErr: 0.1731, Steps: 132)
[Worker 1].
Warning: num_agents (8) is greater than the number of available vehicle parameters (4). Cycling vehicle templates.
[Worker 2] TensorFlow device=GPU, mixed_precision=mixed_float16
[Worker 2] Random seed fixed: 301001
[Worker 2] started on GPU.
  [Worker 2] episode 960 finished. (AvgLatErr: 0.3955, Steps: 130)
  [Worker 2] episode 961 finished. (AvgLatErr: 0.3022, Steps: 122)
  [Worker 2] episode 962 finished. (AvgLatErr: 0.4483, Steps: 121)
  [Worker 2] episode 963 finished. (AvgLatErr: 0.2345, Steps: 128)
  [Worker 2] episode 964 finished. (AvgLatErr: 0.6648, Steps: 122)
  [Worker 2] episode 965 finished. (AvgLatErr: 0.3688, Steps: 121)
  [Worker 2] episode 966 finished. (AvgLatErr: 0.3941, Steps: 114)
  [Worker 2] episode 967 finished. (AvgLatErr: 0.3913, Steps: 128)
  [Worker 2] episode 968 finished. (AvgLatErr: 0.6705, Steps: 120)
  [Worker 2] episode 969 finished. (AvgLatErr: 0.4327, Steps: 118)
[Worker 2].
Warning: num_agents (8) is greater than the number of available vehicle parameters (4). Cycling vehicle templates.
[Worker 3] TensorFlow device=GPU, mixed_precision=mixed_float16
[Worker 3] Random seed fixed: 401001
[Worker 3] started on GPU.
  [Worker 3] episode 960 finished. (AvgLatErr: 0.3232, Steps: 181)
  [Worker 3] episode 961 finished. (AvgLatErr: 0.4955, Steps: 168)
  [Worker 3] episode 962 finished. (AvgLatErr: 0.6131, Steps: 167)
  [Worker 3] episode 963 finished. (AvgLatErr: 0.7456, Steps: 169)
  [Worker 3] episode 964 finished. (AvgLatErr: 0.8155, Steps: 173)
  [Worker 3] episode 965 finished. (AvgLatErr: 1.1465, Steps: 180)
  [Worker 3] episode 966 finished. (AvgLatErr: 0.5463, Steps: 168)
  [Worker 3] episode 967 finished. (AvgLatErr: 0.6375, Steps: 162)
  [Worker 3] episode 968 finished. (AvgLatErr: 0.7090, Steps: 174)
  [Worker 3] episode 969 finished. (AvgLatErr: 0.7904, Steps: 168)
[Worker 3].
Warning: num_agents (8) is greater than the number of available vehicle parameters (4). Cycling vehicle templates.
[Worker 4] TensorFlow device=GPU, mixed_precision=mixed_float16
[Worker 4] Random seed fixed: 501001
[Worker 4] started on GPU.
  [Worker 4] episode 960 finished. (AvgLatErr: 0.3255, Steps: 162)
  [Worker 4] episode 961 finished. (AvgLatErr: 0.2087, Steps: 160)
  [Worker 4] episode 962 finished. (AvgLatErr: 0.3083, Steps: 160)
  [Worker 4] episode 963 finished. (AvgLatErr: 0.2441, Steps: 161)
  [Worker 4] episode 964 finished. (AvgLatErr: 0.2396, Steps: 156)
  [Worker 4] episode 965 finished. (AvgLatErr: 0.2327, Steps: 152)
  [Worker 4] episode 966 finished. (AvgLatErr: 0.2413, Steps: 156)
  [Worker 4] episode 967 finished. (AvgLatErr: 0.3275, Steps: 158)
  [Worker 4] episode 968 finished. (AvgLatErr: 0.2367, Steps: 157)
  [Worker 4] episode 969 finished. (AvgLatErr: 0.2367, Steps: 161)
[Worker 4].
Warning: num_agents (8) is greater than the number of available vehicle parameters (4). Cycling vehicle templates.
[Worker 5] TensorFlow device=GPU, mixed_precision=mixed_float16
[Worker 5] Random seed fixed: 601001
[Worker 5] started on GPU.
  [Worker 5] episode 960 finished. (AvgLatErr: 0.2060, Steps: 163)
  [Worker 5] episode 961 finished. (AvgLatErr: 0.2440, Steps: 186)
  [Worker 5] episode 962 finished. (AvgLatErr: 0.2052, Steps: 170)
  [Worker 5] episode 963 finished. (AvgLatErr: 0.2813, Steps: 159)
  [Worker 5] episode 964 finished. (AvgLatErr: 0.1826, Steps: 148)
  [Worker 5] episode 965 finished. (AvgLatErr: 0.1792, Steps: 162)
  [Worker 5] episode 966 finished. (AvgLatErr: 0.2157, Steps: 145)
  [Worker 5] episode 967 finished. (AvgLatErr: 0.1284, Steps: 192)
  [Worker 5] episode 968 finished. (AvgLatErr: 0.1963, Steps: 160)
  [Worker 5] episode 969 finished. (AvgLatErr: 0.2064, Steps: 147)
[Worker 5].
Warning: num_agents (8) is greater than the number of available vehicle parameters (4). Cycling vehicle templates.
[Worker 7] TensorFlow device=GPU, mixed_precision=mixed_float16
[Worker 7] Random seed fixed: 801001
[Worker 7] started on GPU.
  [Worker 7] episode 960 finished. (AvgLatErr: 0.2340, Steps: 135)
  [Worker 7] episode 961 finished. (AvgLatErr: 0.1321, Steps: 154)
  [Worker 7] episode 962 finished. (AvgLatErr: 0.1612, Steps: 150)
  [Worker 7] episode 963 finished. (AvgLatErr: 0.1203, Steps: 143)
  [Worker 7] episode 964 finished. (AvgLatErr: 0.2674, Steps: 148)
  [Worker 7] episode 965 finished. (AvgLatErr: 0.2347, Steps: 141)
  [Worker 7] episode 966 finished. (AvgLatErr: 0.1678, Steps: 133)
  [Worker 7] episode 967 finished. (AvgLatErr: 0.2600, Steps: 134)
  [Worker 7] episode 968 finished. (AvgLatErr: 0.2048, Steps: 132)
  [Worker 7] episode 969 finished. (AvgLatErr: 0.2551, Steps: 155)
[Worker 7].
Warning: num_agents (8) is greater than the number of available vehicle parameters (4). Cycling vehicle templates.
[Worker 6] TensorFlow device=GPU, mixed_precision=mixed_float16
[Worker 6] Random seed fixed: 701001
[Worker 6] started on GPU.
  [Worker 6] episode 960 finished. (AvgLatErr: 0.4291, Steps: 200)
  [Worker 6] episode 961 finished. (AvgLatErr: 0.4450, Steps: 194)
  [Worker 6] episode 962 finished. (AvgLatErr: 0.7091, Steps: 200)
  [Worker 6] episode 963 finished. (AvgLatErr: 0.2784, Steps: 200)
  [Worker 6] episode 964 finished. (AvgLatErr: 0.3721, Steps: 200)
  [Worker 6] episode 965 finished. (AvgLatErr: 0.3405, Steps: 200)
  [Worker 6] episode 966 finished. (AvgLatErr: 0.4687, Steps: 200)
  [Worker 6] episode 967 finished. (AvgLatErr: 0.4595, Steps: 200)
  [Worker 6] episode 968 finished. (AvgLatErr: 0.6027, Steps: 200)
  [Worker 6] episode 969 finished. (AvgLatErr: 0.3664, Steps: 200)
[Worker 6].
[Main] workers finished. (elapsed: 83.92s)
[Main] Aggregation-selected agents: [0, 2, 4, 7]
[Main] FedAdagrad update completed.
[Main] Replay buffers reset after global model update.
============================================================================================
969 EP / Agent 0 : Avg Lat Err 1.0666
969 EP / Agent 1 : Avg Lat Err 0.1731
969 EP / Agent 2 : Avg Lat Err 0.4327
969 EP / Agent 3 : Avg Lat Err 0.7904
969 EP / Agent 4 : Avg Lat Err 0.2367
969 EP / Agent 5 : Avg Lat Err 0.2064
969 EP / Agent 6 : Avg Lat Err 0.3664
969 EP / Agent 7 : Avg Lat Err 0.2551
============================================================================================

============================================================================================
[Main] FL round started. (episode 970 ~ 979)
[Main] Client selection: mode=random, budget=4
[Main] Participating agents: [0, 1, 2, 3, 4, 5, 6, 7]
Warning: num_agents (8) is greater than the number of available vehicle parameters (4). Cycling vehicle templates.
[Worker 0] TensorFlow device=GPU, mixed_precision=mixed_float16
[Worker 0] Random seed fixed: 101011
[Worker 0] started on GPU.
  [Worker 0] episode 970 finished. (AvgLatErr: 0.9480, Steps: 127)
  [Worker 0] episode 971 finished. (AvgLatErr: 0.8746, Steps: 131)
  [Worker 0] episode 972 finished. (AvgLatErr: 1.6328, Steps: 131)
  [Worker 0] episode 973 finished. (AvgLatErr: 1.5489, Steps: 137)
  [Worker 0] episode 974 finished. (AvgLatErr: 1.1029, Steps: 123)
  [Worker 0] episode 975 finished. (AvgLatErr: 0.8621, Steps: 126)
  [Worker 0] episode 976 finished. (AvgLatErr: 1.2796, Steps: 134)
  [Worker 0] episode 977 finished. (AvgLatErr: 1.4431, Steps: 136)
  [Worker 0] episode 978 finished. (AvgLatErr: 1.3401, Steps: 136)
  [Worker 0] episode 979 finished. (AvgLatErr: 0.9853, Steps: 129)
[Worker 0].
Warning: num_agents (8) is greater than the number of available vehicle parameters (4). Cycling vehicle templates.
[Worker 1] TensorFlow device=GPU, mixed_precision=mixed_float16
[Worker 1] Random seed fixed: 201011
[Worker 1] started on GPU.
  [Worker 1] episode 970 finished. (AvgLatErr: 0.2025, Steps: 121)
  [Worker 1] episode 971 finished. (AvgLatErr: 0.1326, Steps: 117)
  [Worker 1] episode 972 finished. (AvgLatErr: 0.1424, Steps: 128)
  [Worker 1] episode 973 finished. (AvgLatErr: 0.1437, Steps: 121)
  [Worker 1] episode 974 finished. (AvgLatErr: 0.2481, Steps: 119)
  [Worker 1] episode 975 finished. (AvgLatErr: 0.1571, Steps: 126)
  [Worker 1] episode 976 finished. (AvgLatErr: 0.1130, Steps: 128)
  [Worker 1] episode 977 finished. (AvgLatErr: 0.2786, Steps: 118)
  [Worker 1] episode 978 finished. (AvgLatErr: 0.3071, Steps: 122)
  [Worker 1] episode 979 finished. (AvgLatErr: 0.1765, Steps: 111)
[Worker 1].
Warning: num_agents (8) is greater than the number of available vehicle parameters (4). Cycling vehicle templates.
[Worker 2] TensorFlow device=GPU, mixed_precision=mixed_float16
[Worker 2] Random seed fixed: 301011
[Worker 2] started on GPU.
  [Worker 2] episode 970 finished. (AvgLatErr: 0.2909, Steps: 113)
  [Worker 2] episode 971 finished. (AvgLatErr: 0.5090, Steps: 128)
  [Worker 2] episode 972 finished. (AvgLatErr: 0.5994, Steps: 122)
  [Worker 2] episode 973 finished. (AvgLatErr: 0.5014, Steps: 113)
  [Worker 2] episode 974 finished. (AvgLatErr: 0.4276, Steps: 121)
  [Worker 2] episode 975 finished. (AvgLatErr: 0.2931, Steps: 120)
  [Worker 2] episode 976 finished. (AvgLatErr: 0.4393, Steps: 128)
  [Worker 2] episode 977 finished. (AvgLatErr: 0.3377, Steps: 117)
  [Worker 2] episode 978 finished. (AvgLatErr: 0.4239, Steps: 118)
  [Worker 2] episode 979 finished. (AvgLatErr: 0.3182, Steps: 113)
[Worker 2].
Warning: num_agents (8) is greater than the number of available vehicle parameters (4). Cycling vehicle templates.
[Worker 3] TensorFlow device=GPU, mixed_precision=mixed_float16
[Worker 3] Random seed fixed: 401011
[Worker 3] started on GPU.
  [Worker 3] episode 970 finished. (AvgLatErr: 0.4041, Steps: 168)
  [Worker 3] episode 971 finished. (AvgLatErr: 0.3649, Steps: 179)
  [Worker 3] episode 972 finished. (AvgLatErr: 0.5691, Steps: 173)
  [Worker 3] episode 973 finished. (AvgLatErr: 0.3984, Steps: 172)
  [Worker 3] episode 974 finished. (AvgLatErr: 0.5721, Steps: 178)
  [Worker 3] episode 975 finished. (AvgLatErr: 0.5322, Steps: 173)
  [Worker 3] episode 976 finished. (AvgLatErr: 0.4260, Steps: 174)
  [Worker 3] episode 977 finished. (AvgLatErr: 0.6445, Steps: 173)
  [Worker 3] episode 978 finished. (AvgLatErr: 0.4651, Steps: 170)
  [Worker 3] episode 979 finished. (AvgLatErr: 0.4834, Steps: 182)
[Worker 3].
Warning: num_agents (8) is greater than the number of available vehicle parameters (4). Cycling vehicle templates.
[Worker 4] TensorFlow device=GPU, mixed_precision=mixed_float16
[Worker 4] Random seed fixed: 501011
[Worker 4] started on GPU.
  [Worker 4] episode 970 finished. (AvgLatErr: 0.4149, Steps: 178)
  [Worker 4] episode 971 finished. (AvgLatErr: 0.3833, Steps: 162)
  [Worker 4] episode 972 finished. (AvgLatErr: 0.2327, Steps: 162)
  [Worker 4] episode 973 finished. (AvgLatErr: 0.3345, Steps: 155)
  [Worker 4] episode 974 finished. (AvgLatErr: 0.3125, Steps: 152)
  [Worker 4] episode 975 finished. (AvgLatErr: 0.3089, Steps: 157)
  [Worker 4] episode 976 finished. (AvgLatErr: 0.3403, Steps: 160)
  [Worker 4] episode 977 finished. (AvgLatErr: 0.4159, Steps: 188)
  [Worker 4] episode 978 finished. (AvgLatErr: 0.3260, Steps: 159)
  [Worker 4] episode 979 finished. (AvgLatErr: 0.2938, Steps: 154)
[Worker 4].
Warning: num_agents (8) is greater than the number of available vehicle parameters (4). Cycling vehicle templates.
[Worker 5] TensorFlow device=GPU, mixed_precision=mixed_float16
[Worker 5] Random seed fixed: 601011
[Worker 5] started on GPU.
  [Worker 5] episode 970 finished. (AvgLatErr: 0.2935, Steps: 159)
  [Worker 5] episode 971 finished. (AvgLatErr: 0.2061, Steps: 149)
  [Worker 5] episode 972 finished. (AvgLatErr: 0.2479, Steps: 154)
  [Worker 5] episode 973 finished. (AvgLatErr: 0.2513, Steps: 139)
  [Worker 5] episode 974 finished. (AvgLatErr: 0.1573, Steps: 147)
  [Worker 5] episode 975 finished. (AvgLatErr: 0.2396, Steps: 147)
  [Worker 5] episode 976 finished. (AvgLatErr: 0.2642, Steps: 148)
  [Worker 5] episode 977 finished. (AvgLatErr: 0.1368, Steps: 166)
  [Worker 5] episode 978 finished. (AvgLatErr: 0.2208, Steps: 153)
  [Worker 5] episode 979 finished. (AvgLatErr: 0.2234, Steps: 157)
[Worker 5].
Warning: num_agents (8) is greater than the number of available vehicle parameters (4). Cycling vehicle templates.
[Worker 7] TensorFlow device=GPU, mixed_precision=mixed_float16
[Worker 7] Random seed fixed: 801011
[Worker 7] started on GPU.
  [Worker 7] episode 970 finished. (AvgLatErr: 0.1854, Steps: 132)
  [Worker 7] episode 971 finished. (AvgLatErr: 0.2248, Steps: 146)
  [Worker 7] episode 972 finished. (AvgLatErr: 0.1585, Steps: 146)
  [Worker 7] episode 973 finished. (AvgLatErr: 0.2307, Steps: 145)
  [Worker 7] episode 974 finished. (AvgLatErr: 0.3376, Steps: 136)
  [Worker 7] episode 975 finished. (AvgLatErr: 0.2195, Steps: 144)
  [Worker 7] episode 976 finished. (AvgLatErr: 0.2266, Steps: 134)
  [Worker 7] episode 977 finished. (AvgLatErr: 0.2630, Steps: 127)
  [Worker 7] episode 978 finished. (AvgLatErr: 0.3324, Steps: 129)
  [Worker 7] episode 979 finished. (AvgLatErr: 0.1616, Steps: 154)
[Worker 7].
Warning: num_agents (8) is greater than the number of available vehicle parameters (4). Cycling vehicle templates.
[Worker 6] TensorFlow device=GPU, mixed_precision=mixed_float16
[Worker 6] Random seed fixed: 701011
[Worker 6] started on GPU.
  [Worker 6] episode 970 finished. (AvgLatErr: 0.4477, Steps: 200)
  [Worker 6] episode 971 finished. (AvgLatErr: 0.3957, Steps: 200)
  [Worker 6] episode 972 finished. (AvgLatErr: 0.7614, Steps: 200)
  [Worker 6] episode 973 finished. (AvgLatErr: 0.4832, Steps: 199)
  [Worker 6] episode 974 finished. (AvgLatErr: 0.4295, Steps: 197)
  [Worker 6] episode 975 finished. (AvgLatErr: 0.5340, Steps: 200)
  [Worker 6] episode 976 finished. (AvgLatErr: 0.6354, Steps: 200)
  [Worker 6] episode 977 finished. (AvgLatErr: 0.4613, Steps: 189)
  [Worker 6] episode 978 finished. (AvgLatErr: 1.8900, Steps: 200)
  [Worker 6] episode 979 finished. (AvgLatErr: 0.4282, Steps: 200)
[Worker 6].
[Main] workers finished. (elapsed: 81.85s)
[Main] Aggregation-selected agents: [0, 1, 4, 7]
[Main] FedAdagrad update completed.
[Main] Replay buffers reset after global model update.
============================================================================================
979 EP / Agent 0 : Avg Lat Err 0.9853
979 EP / Agent 1 : Avg Lat Err 0.1765
979 EP / Agent 2 : Avg Lat Err 0.3182
979 EP / Agent 3 : Avg Lat Err 0.4834
979 EP / Agent 4 : Avg Lat Err 0.2938
979 EP / Agent 5 : Avg Lat Err 0.2234
979 EP / Agent 6 : Avg Lat Err 0.4282
979 EP / Agent 7 : Avg Lat Err 0.1616
============================================================================================

============================================================================================
[Main] FL round started. (episode 980 ~ 989)
[Main] Client selection: mode=random, budget=4
[Main] Participating agents: [0, 1, 2, 3, 4, 5, 6, 7]
Warning: num_agents (8) is greater than the number of available vehicle parameters (4). Cycling vehicle templates.
[Worker 0] TensorFlow device=GPU, mixed_precision=mixed_float16
[Worker 0] Random seed fixed: 101021
[Worker 0] started on GPU.
  [Worker 0] episode 980 finished. (AvgLatErr: 0.6087, Steps: 135)
  [Worker 0] episode 981 finished. (AvgLatErr: 1.0364, Steps: 137)
  [Worker 0] episode 982 finished. (AvgLatErr: 1.0429, Steps: 132)
  [Worker 0] episode 983 finished. (AvgLatErr: 0.7784, Steps: 123)
  [Worker 0] episode 984 finished. (AvgLatErr: 0.7502, Steps: 129)
  [Worker 0] episode 985 finished. (AvgLatErr: 0.9755, Steps: 133)
  [Worker 0] episode 986 finished. (AvgLatErr: 0.8838, Steps: 135)
  [Worker 0] episode 987 finished. (AvgLatErr: 0.7161, Steps: 131)
  [Worker 0] episode 988 finished. (AvgLatErr: 1.6525, Steps: 139)
  [Worker 0] episode 989 finished. (AvgLatErr: 0.6761, Steps: 130)
[Worker 0].
Warning: num_agents (8) is greater than the number of available vehicle parameters (4). Cycling vehicle templates.
[Worker 1] TensorFlow device=GPU, mixed_precision=mixed_float16
[Worker 1] Random seed fixed: 201021
[Worker 1] started on GPU.
  [Worker 1] episode 980 finished. (AvgLatErr: 0.1489, Steps: 145)
  [Worker 1] episode 981 finished. (AvgLatErr: 0.1976, Steps: 122)
  [Worker 1] episode 982 finished. (AvgLatErr: 0.1916, Steps: 123)
  [Worker 1] episode 983 finished. (AvgLatErr: 0.2387, Steps: 122)
  [Worker 1] episode 984 finished. (AvgLatErr: 0.2292, Steps: 119)
  [Worker 1] episode 985 finished. (AvgLatErr: 0.1978, Steps: 121)
  [Worker 1] episode 986 finished. (AvgLatErr: 0.1514, Steps: 122)
  [Worker 1] episode 987 finished. (AvgLatErr: 0.2024, Steps: 122)
  [Worker 1] episode 988 finished. (AvgLatErr: 0.1490, Steps: 124)
  [Worker 1] episode 989 finished. (AvgLatErr: 0.1836, Steps: 113)
[Worker 1].
Warning: num_agents (8) is greater than the number of available vehicle parameters (4). Cycling vehicle templates.
[Worker 2] TensorFlow device=GPU, mixed_precision=mixed_float16
[Worker 2] Random seed fixed: 301021
[Worker 2] started on GPU.
  [Worker 2] episode 980 finished. (AvgLatErr: 0.2278, Steps: 121)
  [Worker 2] episode 981 finished. (AvgLatErr: 0.5108, Steps: 124)
  [Worker 2] episode 982 finished. (AvgLatErr: 0.4071, Steps: 116)
  [Worker 2] episode 983 finished. (AvgLatErr: 0.4666, Steps: 127)
  [Worker 2] episode 984 finished. (AvgLatErr: 0.3902, Steps: 141)
  [Worker 2] episode 985 finished. (AvgLatErr: 0.3483, Steps: 127)
  [Worker 2] episode 986 finished. (AvgLatErr: 0.3784, Steps: 134)
  [Worker 2] episode 987 finished. (AvgLatErr: 0.4504, Steps: 112)
  [Worker 2] episode 988 finished. (AvgLatErr: 0.3843, Steps: 139)
  [Worker 2] episode 989 finished. (AvgLatErr: 0.4522, Steps: 124)
[Worker 2].
Warning: num_agents (8) is greater than the number of available vehicle parameters (4). Cycling vehicle templates.
[Worker 3] TensorFlow device=GPU, mixed_precision=mixed_float16
[Worker 3] Random seed fixed: 401021
[Worker 3] started on GPU.
  [Worker 3] episode 980 finished. (AvgLatErr: 0.4715, Steps: 169)
  [Worker 3] episode 981 finished. (AvgLatErr: 0.4914, Steps: 170)
  [Worker 3] episode 982 finished. (AvgLatErr: 0.4272, Steps: 190)
  [Worker 3] episode 983 finished. (AvgLatErr: 0.4631, Steps: 192)
  [Worker 3] episode 984 finished. (AvgLatErr: 0.2935, Steps: 181)
  [Worker 3] episode 985 finished. (AvgLatErr: 0.5205, Steps: 174)
  [Worker 3] episode 986 finished. (AvgLatErr: 0.3643, Steps: 178)
  [Worker 3] episode 987 finished. (AvgLatErr: 0.6402, Steps: 186)
  [Worker 3] episode 988 finished. (AvgLatErr: 0.9139, Steps: 131)
  [Worker 3] episode 989 finished. (AvgLatErr: 0.3230, Steps: 187)
[Worker 3].
Warning: num_agents (8) is greater than the number of available vehicle parameters (4). Cycling vehicle templates.
[Worker 4] TensorFlow device=GPU, mixed_precision=mixed_float16
[Worker 4] Random seed fixed: 501021
[Worker 4] started on GPU.
  [Worker 4] episode 980 finished. (AvgLatErr: 0.3359, Steps: 166)
  [Worker 4] episode 981 finished. (AvgLatErr: 0.2615, Steps: 157)
  [Worker 4] episode 982 finished. (AvgLatErr: 0.2741, Steps: 161)
  [Worker 4] episode 983 finished. (AvgLatErr: 0.2216, Steps: 169)
  [Worker 4] episode 984 finished. (AvgLatErr: 0.2405, Steps: 154)
  [Worker 4] episode 985 finished. (AvgLatErr: 0.2063, Steps: 164)
  [Worker 4] episode 986 finished. (AvgLatErr: 0.3275, Steps: 152)
  [Worker 4] episode 987 finished. (AvgLatErr: 0.3052, Steps: 150)
  [Worker 4] episode 988 finished. (AvgLatErr: 0.2741, Steps: 153)
  [Worker 4] episode 989 finished. (AvgLatErr: 0.2448, Steps: 173)
[Worker 4].
Warning: num_agents (8) is greater than the number of available vehicle parameters (4). Cycling vehicle templates.
[Worker 5] TensorFlow device=GPU, mixed_precision=mixed_float16
[Worker 5] Random seed fixed: 601021
[Worker 5] started on GPU.
  [Worker 5] episode 980 finished. (AvgLatErr: 0.1970, Steps: 145)
  [Worker 5] episode 981 finished. (AvgLatErr: 0.2244, Steps: 160)
  [Worker 5] episode 982 finished. (AvgLatErr: 0.3986, Steps: 156)
  [Worker 5] episode 983 finished. (AvgLatErr: 0.2226, Steps: 144)
  [Worker 5] episode 984 finished. (AvgLatErr: 0.1776, Steps: 149)
  [Worker 5] episode 985 finished. (AvgLatErr: 0.2431, Steps: 157)
  [Worker 5] episode 986 finished. (AvgLatErr: 0.2393, Steps: 144)
  [Worker 5] episode 987 finished. (AvgLatErr: 0.4736, Steps: 159)
  [Worker 5] episode 988 finished. (AvgLatErr: 0.3069, Steps: 160)
  [Worker 5] episode 989 finished. (AvgLatErr: 0.2567, Steps: 143)
[Worker 5].
Warning: num_agents (8) is greater than the number of available vehicle parameters (4). Cycling vehicle templates.
[Worker 7] TensorFlow device=GPU, mixed_precision=mixed_float16
[Worker 7] Random seed fixed: 801021
[Worker 7] started on GPU.
  [Worker 7] episode 980 finished. (AvgLatErr: 0.1666, Steps: 143)
  [Worker 7] episode 981 finished. (AvgLatErr: 0.1818, Steps: 139)
  [Worker 7] episode 982 finished. (AvgLatErr: 0.1696, Steps: 133)
  [Worker 7] episode 983 finished. (AvgLatErr: 0.2080, Steps: 140)
  [Worker 7] episode 984 finished. (AvgLatErr: 0.1828, Steps: 136)
  [Worker 7] episode 985 finished. (AvgLatErr: 0.2027, Steps: 136)
  [Worker 7] episode 986 finished. (AvgLatErr: 0.2017, Steps: 165)
  [Worker 7] episode 987 finished. (AvgLatErr: 0.2557, Steps: 147)
  [Worker 7] episode 988 finished. (AvgLatErr: 0.2048, Steps: 151)
  [Worker 7] episode 989 finished. (AvgLatErr: 0.4081, Steps: 161)
[Worker 7].
Warning: num_agents (8) is greater than the number of available vehicle parameters (4). Cycling vehicle templates.
[Worker 6] TensorFlow device=GPU, mixed_precision=mixed_float16
[Worker 6] Random seed fixed: 701021
[Worker 6] started on GPU.
  [Worker 6] episode 980 finished. (AvgLatErr: 0.4298, Steps: 198)
  [Worker 6] episode 981 finished. (AvgLatErr: 0.3887, Steps: 200)
  [Worker 6] episode 982 finished. (AvgLatErr: 0.5629, Steps: 191)
  [Worker 6] episode 983 finished. (AvgLatErr: 0.4793, Steps: 193)
  [Worker 6] episode 984 finished. (AvgLatErr: 0.7319, Steps: 200)
  [Worker 6] episode 985 finished. (AvgLatErr: 0.4266, Steps: 200)
  [Worker 6] episode 986 finished. (AvgLatErr: 0.5458, Steps: 200)
  [Worker 6] episode 987 finished. (AvgLatErr: 0.6605, Steps: 197)
  [Worker 6] episode 988 finished. (AvgLatErr: 0.4502, Steps: 199)
  [Worker 6] episode 989 finished. (AvgLatErr: 0.4266, Steps: 200)
[Worker 6].
[Main] workers finished. (elapsed: 81.65s)
[Main] Aggregation-selected agents: [2, 4, 6, 7]
[Main] FedAdagrad update completed.
[Main] Replay buffers reset after global model update.
============================================================================================
989 EP / Agent 0 : Avg Lat Err 0.6761
989 EP / Agent 1 : Avg Lat Err 0.1836
989 EP / Agent 2 : Avg Lat Err 0.4522
989 EP / Agent 3 : Avg Lat Err 0.3230
989 EP / Agent 4 : Avg Lat Err 0.2448
989 EP / Agent 5 : Avg Lat Err 0.2567
989 EP / Agent 6 : Avg Lat Err 0.4266
989 EP / Agent 7 : Avg Lat Err 0.4081
============================================================================================

============================================================================================
[Main] FL round started. (episode 990 ~ 999)
[Main] Client selection: mode=random, budget=4
[Main] Participating agents: [0, 1, 2, 3, 4, 5, 6, 7]
Warning: num_agents (8) is greater than the number of available vehicle parameters (4). Cycling vehicle templates.
[Worker 0] TensorFlow device=GPU, mixed_precision=mixed_float16
[Worker 0] Random seed fixed: 101031
[Worker 0] started on GPU.
  [Worker 0] episode 990 finished. (AvgLatErr: 0.8713, Steps: 134)
  [Worker 0] episode 991 finished. (AvgLatErr: 0.8418, Steps: 130)
  [Worker 0] episode 992 finished. (AvgLatErr: 0.7226, Steps: 121)
  [Worker 0] episode 993 finished. (AvgLatErr: 0.9965, Steps: 129)
  [Worker 0] episode 994 finished. (AvgLatErr: 0.8316, Steps: 130)
  [Worker 0] episode 995 finished. (AvgLatErr: 0.8379, Steps: 135)
  [Worker 0] episode 996 finished. (AvgLatErr: 0.7755, Steps: 136)
  [Worker 0] episode 997 finished. (AvgLatErr: 0.8738, Steps: 128)
  [Worker 0] episode 998 finished. (AvgLatErr: 0.6311, Steps: 134)
  [Worker 0] episode 999 finished. (AvgLatErr: 0.7786, Steps: 130)
[Worker 0].
Warning: num_agents (8) is greater than the number of available vehicle parameters (4). Cycling vehicle templates.
[Worker 1] TensorFlow device=GPU, mixed_precision=mixed_float16
[Worker 1] Random seed fixed: 201031
[Worker 1] started on GPU.
  [Worker 1] episode 990 finished. (AvgLatErr: 0.2350, Steps: 119)
  [Worker 1] episode 991 finished. (AvgLatErr: 0.1815, Steps: 117)
  [Worker 1] episode 992 finished. (AvgLatErr: 0.2214, Steps: 115)
  [Worker 1] episode 993 finished. (AvgLatErr: 0.2989, Steps: 123)
  [Worker 1] episode 994 finished. (AvgLatErr: 0.1575, Steps: 108)
  [Worker 1] episode 995 finished. (AvgLatErr: 0.1527, Steps: 120)
  [Worker 1] episode 996 finished. (AvgLatErr: 0.2133, Steps: 115)
  [Worker 1] episode 997 finished. (AvgLatErr: 0.1536, Steps: 118)
  [Worker 1] episode 998 finished. (AvgLatErr: 0.2310, Steps: 113)
  [Worker 1] episode 999 finished. (AvgLatErr: 0.1929, Steps: 122)
[Worker 1].
Warning: num_agents (8) is greater than the number of available vehicle parameters (4). Cycling vehicle templates.
[Worker 2] TensorFlow device=GPU, mixed_precision=mixed_float16
[Worker 2] Random seed fixed: 301031
[Worker 2] started on GPU.
  [Worker 2] episode 990 finished. (AvgLatErr: 0.3379, Steps: 132)
  [Worker 2] episode 991 finished. (AvgLatErr: 0.3956, Steps: 118)
  [Worker 2] episode 992 finished. (AvgLatErr: 0.5023, Steps: 120)
  [Worker 2] episode 993 finished. (AvgLatErr: 0.3918, Steps: 122)
  [Worker 2] episode 994 finished. (AvgLatErr: 0.5917, Steps: 124)
  [Worker 2] episode 995 finished. (AvgLatErr: 0.5026, Steps: 115)
  [Worker 2] episode 996 finished. (AvgLatErr: 0.6021, Steps: 127)
  [Worker 2] episode 997 finished. (AvgLatErr: 0.3799, Steps: 116)
  [Worker 2] episode 998 finished. (AvgLatErr: 0.3429, Steps: 123)
  [Worker 2] episode 999 finished. (AvgLatErr: 0.2050, Steps: 132)
[Worker 2].
Warning: num_agents (8) is greater than the number of available vehicle parameters (4). Cycling vehicle templates.
[Worker 4] TensorFlow device=GPU, mixed_precision=mixed_float16
[Worker 4] Random seed fixed: 501031
[Worker 4] started on GPU.
  [Worker 4] episode 990 finished. (AvgLatErr: 0.2384, Steps: 157)
  [Worker 4] episode 991 finished. (AvgLatErr: 0.3255, Steps: 160)
  [Worker 4] episode 992 finished. (AvgLatErr: 0.2777, Steps: 155)
  [Worker 4] episode 993 finished. (AvgLatErr: 0.5495, Steps: 171)
  [Worker 4] episode 994 finished. (AvgLatErr: 0.3280, Steps: 146)
  [Worker 4] episode 995 finished. (AvgLatErr: 0.2423, Steps: 157)
  [Worker 4] episode 996 finished. (AvgLatErr: 0.3032, Steps: 160)
  [Worker 4] episode 997 finished. (AvgLatErr: 0.2410, Steps: 160)
  [Worker 4] episode 998 finished. (AvgLatErr: 0.3661, Steps: 162)
  [Worker 4] episode 999 finished. (AvgLatErr: 0.2767, Steps: 155)
[Worker 4].
Warning: num_agents (8) is greater than the number of available vehicle parameters (4). Cycling vehicle templates.
[Worker 3] TensorFlow device=GPU, mixed_precision=mixed_float16
[Worker 3] Random seed fixed: 401031
[Worker 3] started on GPU.
  [Worker 3] episode 990 finished. (AvgLatErr: 0.5236, Steps: 178)
  [Worker 3] episode 991 finished. (AvgLatErr: 0.4981, Steps: 175)
  [Worker 3] episode 992 finished. (AvgLatErr: 0.4497, Steps: 177)
  [Worker 3] episode 993 finished. (AvgLatErr: 0.4187, Steps: 188)
  [Worker 3] episode 994 finished. (AvgLatErr: 0.5082, Steps: 175)
  [Worker 3] episode 995 finished. (AvgLatErr: 0.4176, Steps: 173)
  [Worker 3] episode 996 finished. (AvgLatErr: 0.3486, Steps: 176)
  [Worker 3] episode 997 finished. (AvgLatErr: 0.3753, Steps: 180)
  [Worker 3] episode 998 finished. (AvgLatErr: 0.5463, Steps: 179)
  [Worker 3] episode 999 finished. (AvgLatErr: 0.4273, Steps: 179)
[Worker 3].
Warning: num_agents (8) is greater than the number of available vehicle parameters (4). Cycling vehicle templates.
[Worker 5] TensorFlow device=GPU, mixed_precision=mixed_float16
[Worker 5] Random seed fixed: 601031
[Worker 5] started on GPU.
  [Worker 5] episode 990 finished. (AvgLatErr: 0.2645, Steps: 138)
  [Worker 5] episode 991 finished. (AvgLatErr: 0.2301, Steps: 135)
  [Worker 5] episode 992 finished. (AvgLatErr: 0.2754, Steps: 156)
  [Worker 5] episode 993 finished. (AvgLatErr: 0.2015, Steps: 145)
  [Worker 5] episode 994 finished. (AvgLatErr: 0.2550, Steps: 136)
  [Worker 5] episode 995 finished. (AvgLatErr: 0.2104, Steps: 161)
  [Worker 5] episode 996 finished. (AvgLatErr: 0.2097, Steps: 152)
  [Worker 5] episode 997 finished. (AvgLatErr: 0.2163, Steps: 166)
  [Worker 5] episode 998 finished. (AvgLatErr: 0.1948, Steps: 140)
  [Worker 5] episode 999 finished. (AvgLatErr: 0.4292, Steps: 165)
[Worker 5].
Warning: num_agents (8) is greater than the number of available vehicle parameters (4). Cycling vehicle templates.
[Worker 7] TensorFlow device=GPU, mixed_precision=mixed_float16
[Worker 7] Random seed fixed: 801031
[Worker 7] started on GPU.
  [Worker 7] episode 990 finished. (AvgLatErr: 0.2593, Steps: 142)
  [Worker 7] episode 991 finished. (AvgLatErr: 0.2058, Steps: 139)
  [Worker 7] episode 992 finished. (AvgLatErr: 0.2178, Steps: 126)
  [Worker 7] episode 993 finished. (AvgLatErr: 0.1780, Steps: 136)
  [Worker 7] episode 994 finished. (AvgLatErr: 0.2783, Steps: 142)
  [Worker 7] episode 995 finished. (AvgLatErr: 0.1412, Steps: 131)
  [Worker 7] episode 996 finished. (AvgLatErr: 0.1807, Steps: 147)
  [Worker 7] episode 997 finished. (AvgLatErr: 0.1289, Steps: 137)
  [Worker 7] episode 998 finished. (AvgLatErr: 0.3044, Steps: 129)
  [Worker 7] episode 999 finished. (AvgLatErr: 0.1578, Steps: 145)
[Worker 7].
Warning: num_agents (8) is greater than the number of available vehicle parameters (4). Cycling vehicle templates.
[Worker 6] TensorFlow device=GPU, mixed_precision=mixed_float16
[Worker 6] Random seed fixed: 701031
[Worker 6] started on GPU.
  [Worker 6] episode 990 finished. (AvgLatErr: 0.4078, Steps: 200)
  [Worker 6] episode 991 finished. (AvgLatErr: 0.4002, Steps: 184)
  [Worker 6] episode 992 finished. (AvgLatErr: 0.4062, Steps: 200)
  [Worker 6] episode 993 finished. (AvgLatErr: 0.6392, Steps: 200)
  [Worker 6] episode 994 finished. (AvgLatErr: 0.3765, Steps: 190)
  [Worker 6] episode 995 finished. (AvgLatErr: 0.4385, Steps: 200)
  [Worker 6] episode 996 finished. (AvgLatErr: 0.4361, Steps: 200)
  [Worker 6] episode 997 finished. (AvgLatErr: 0.5494, Steps: 200)
  [Worker 6] episode 998 finished. (AvgLatErr: 0.4871, Steps: 177)
  [Worker 6] episode 999 finished. (AvgLatErr: 0.5021, Steps: 200)
[Worker 6].
[Main] workers finished. (elapsed: 81.30s)
[Main] Aggregation-selected agents: [1, 3, 4, 7]
[Main] FedAdagrad update completed.
[Main] Replay buffers reset after global model update.
============================================================================================
999 EP / Agent 0 : Avg Lat Err 0.7786
999 EP / Agent 1 : Avg Lat Err 0.1929
999 EP / Agent 2 : Avg Lat Err 0.2050
999 EP / Agent 3 : Avg Lat Err 0.4273
999 EP / Agent 4 : Avg Lat Err 0.2767
999 EP / Agent 5 : Avg Lat Err 0.4292
999 EP / Agent 6 : Avg Lat Err 0.5021
999 EP / Agent 7 : Avg Lat Err 0.1578
============================================================================================
[Main] Model checkpoint saved: C:\Users\syd79\FRL-Q\experiments\fast_parallel_fedadagrad_8random4_20260916_run1_random_4of8\checkpoints\global_model_episode_001000.weights.h5
Total training finished.
Final model saved to: C:\Users\syd79\FRL-Q\experiments\fast_parallel_fedadagrad_8random4_20260916_run1_random_4of8\models\fl_global_model_final_fedadagrad.h5
