[Main] Random seed fixed: 41
[Main] Experiment directory: C:\Users\syd79\FRL-Q\experiments\optimized_fedadagrad_4all_20260916_run1_all_4of4
[Main] TensorFlow device=GPU, mixed_precision=mixed_float16
[Main] : C:\Users\syd79\FRL-Q\experiments\optimized_fedadagrad_4all_20260916_run1_all_4of4\state\global_model_latest.weights.h5
[Main] 300epi start.
Append to existing CSV file.

============================================================================================
[Main] FL round started. (episode 300 ~ 309)
[Main] Client selection: mode=all, budget=4
[Main] Participating agents: [0, 1, 2, 3]
[Worker 0] TensorFlow device=GPU, mixed_precision=mixed_float16
[Worker 0] Random seed fixed: 100341
[Worker 0] started on GPU.
  [Worker 0] episode 300 finished. (AvgLatErr: 0.4194, Steps: 134)
  [Worker 0] episode 301 finished. (AvgLatErr: 0.7843, Steps: 138)
  [Worker 0] episode 302 finished. (AvgLatErr: 0.6814, Steps: 138)
  [Worker 0] episode 303 finished. (AvgLatErr: 0.6845, Steps: 141)
  [Worker 0] episode 304 finished. (AvgLatErr: 1.0172, Steps: 153)
  [Worker 0] episode 305 finished. (AvgLatErr: 0.7421, Steps: 137)
  [Worker 0] episode 306 finished. (AvgLatErr: 0.6812, Steps: 139)
  [Worker 0] episode 307 finished. (AvgLatErr: 0.8865, Steps: 145)
  [Worker 0] episode 308 finished. (AvgLatErr: 0.7122, Steps: 146)
  [Worker 0] episode 309 finished. (AvgLatErr: 0.6060, Steps: 139)
[Worker 0].
[Worker 2] TensorFlow device=GPU, mixed_precision=mixed_float16
[Worker 2] Random seed fixed: 300341
[Worker 2] started on GPU.
  [Worker 2] episode 300 finished. (AvgLatErr: 0.4288, Steps: 139)
  [Worker 2] episode 301 finished. (AvgLatErr: 0.4099, Steps: 131)
  [Worker 2] episode 302 finished. (AvgLatErr: 0.5450, Steps: 125)
  [Worker 2] episode 303 finished. (AvgLatErr: 0.2860, Steps: 131)
  [Worker 2] episode 304 finished. (AvgLatErr: 0.4489, Steps: 137)
  [Worker 2] episode 305 finished. (AvgLatErr: 0.4268, Steps: 125)
  [Worker 2] episode 306 finished. (AvgLatErr: 0.3328, Steps: 128)
  [Worker 2] episode 307 finished. (AvgLatErr: 0.4009, Steps: 126)
  [Worker 2] episode 308 finished. (AvgLatErr: 0.6025, Steps: 139)
  [Worker 2] episode 309 finished. (AvgLatErr: 0.4608, Steps: 142)
[Worker 2].
[Worker 1] TensorFlow device=GPU, mixed_precision=mixed_float16
[Worker 1] Random seed fixed: 200341
[Worker 1] started on GPU.
  [Worker 1] episode 300 finished. (AvgLatErr: 0.1813, Steps: 161)
  [Worker 1] episode 301 finished. (AvgLatErr: 0.1529, Steps: 148)
  [Worker 1] episode 302 finished. (AvgLatErr: 0.1567, Steps: 149)
  [Worker 1] episode 303 finished. (AvgLatErr: 0.1102, Steps: 172)
  [Worker 1] episode 304 finished. (AvgLatErr: 0.1247, Steps: 165)
  [Worker 1] episode 305 finished. (AvgLatErr: 0.1188, Steps: 180)
  [Worker 1] episode 306 finished. (AvgLatErr: 0.1077, Steps: 168)
  [Worker 1] episode 307 finished. (AvgLatErr: 0.1547, Steps: 163)
  [Worker 1] episode 308 finished. (AvgLatErr: 0.1124, Steps: 179)
  [Worker 1] episode 309 finished. (AvgLatErr: 0.1521, Steps: 148)
[Worker 1].
[Worker 3] TensorFlow device=GPU, mixed_precision=mixed_float16
[Worker 3] Random seed fixed: 400341
[Worker 3] started on GPU.
  [Worker 3] episode 300 finished. (AvgLatErr: 0.4105, Steps: 186)
  [Worker 3] episode 301 finished. (AvgLatErr: 0.4887, Steps: 181)
  [Worker 3] episode 302 finished. (AvgLatErr: 0.8114, Steps: 192)
  [Worker 3] episode 303 finished. (AvgLatErr: 0.6486, Steps: 178)
  [Worker 3] episode 304 finished. (AvgLatErr: 0.4746, Steps: 190)
  [Worker 3] episode 305 finished. (AvgLatErr: 0.4651, Steps: 198)
  [Worker 3] episode 306 finished. (AvgLatErr: 0.5538, Steps: 185)
  [Worker 3] episode 307 finished. (AvgLatErr: 0.3449, Steps: 177)
  [Worker 3] episode 308 finished. (AvgLatErr: 0.6921, Steps: 178)
  [Worker 3] episode 309 finished. (AvgLatErr: 0.6658, Steps: 182)
[Worker 3].
[Main] workers finished. (elapsed: 85.80s)
[Main] Aggregation-selected agents: [0, 1, 2, 3]
[Main] FedAdagrad update completed.
[Main] Replay buffers reset after global model update.
============================================================================================
309 EP / Agent 0 : Avg Lat Err 0.6060
309 EP / Agent 1 : Avg Lat Err 0.1521
309 EP / Agent 2 : Avg Lat Err 0.4608
309 EP / Agent 3 : Avg Lat Err 0.6658
============================================================================================

============================================================================================
[Main] FL round started. (episode 310 ~ 319)
[Main] Client selection: mode=all, budget=4
[Main] Participating agents: [0, 1, 2, 3]
[Worker 0] TensorFlow device=GPU, mixed_precision=mixed_float16
[Worker 0] Random seed fixed: 100351
[Worker 0] started on GPU.
  [Worker 0] episode 310 finished. (AvgLatErr: 0.5333, Steps: 153)
  [Worker 0] episode 311 finished. (AvgLatErr: 1.8846, Steps: 157)
  [Worker 0] episode 312 finished. (AvgLatErr: 0.7184, Steps: 147)
  [Worker 0] episode 313 finished. (AvgLatErr: 0.5128, Steps: 146)
  [Worker 0] episode 314 finished. (AvgLatErr: 0.5257, Steps: 142)
  [Worker 0] episode 315 finished. (AvgLatErr: 0.8287, Steps: 142)
  [Worker 0] episode 316 finished. (AvgLatErr: 0.6230, Steps: 150)
  [Worker 0] episode 317 finished. (AvgLatErr: 1.0485, Steps: 145)
  [Worker 0] episode 318 finished. (AvgLatErr: 0.6225, Steps: 137)
  [Worker 0] episode 319 finished. (AvgLatErr: 0.4850, Steps: 143)
[Worker 0].
[Worker 2] TensorFlow device=GPU, mixed_precision=mixed_float16
[Worker 2] Random seed fixed: 300351
[Worker 2] started on GPU.
  [Worker 2] episode 310 finished. (AvgLatErr: 0.3302, Steps: 148)
  [Worker 2] episode 311 finished. (AvgLatErr: 0.3236, Steps: 137)
  [Worker 2] episode 312 finished. (AvgLatErr: 0.3592, Steps: 147)
  [Worker 2] episode 313 finished. (AvgLatErr: 0.3332, Steps: 142)
  [Worker 2] episode 314 finished. (AvgLatErr: 0.2451, Steps: 158)
  [Worker 2] episode 315 finished. (AvgLatErr: 0.3795, Steps: 133)
  [Worker 2] episode 316 finished. (AvgLatErr: 0.2555, Steps: 140)
  [Worker 2] episode 317 finished. (AvgLatErr: 0.2192, Steps: 155)
  [Worker 2] episode 318 finished. (AvgLatErr: 0.2243, Steps: 144)
  [Worker 2] episode 319 finished. (AvgLatErr: 0.2750, Steps: 140)
[Worker 2].
[Worker 1] TensorFlow device=GPU, mixed_precision=mixed_float16
[Worker 1] Random seed fixed: 200351
[Worker 1] started on GPU.
  [Worker 1] episode 310 finished. (AvgLatErr: 0.1220, Steps: 163)
  [Worker 1] episode 311 finished. (AvgLatErr: 0.1288, Steps: 180)
  [Worker 1] episode 312 finished. (AvgLatErr: 0.1602, Steps: 151)
  [Worker 1] episode 313 finished. (AvgLatErr: 0.1737, Steps: 155)
  [Worker 1] episode 314 finished. (AvgLatErr: 0.1266, Steps: 190)
  [Worker 1] episode 315 finished. (AvgLatErr: 0.1028, Steps: 197)
  [Worker 1] episode 316 finished. (AvgLatErr: 0.1012, Steps: 172)
  [Worker 1] episode 317 finished. (AvgLatErr: 0.1353, Steps: 162)
  [Worker 1] episode 318 finished. (AvgLatErr: 0.1406, Steps: 162)
  [Worker 1] episode 319 finished. (AvgLatErr: 0.1411, Steps: 146)
[Worker 1].
[Worker 3] TensorFlow device=GPU, mixed_precision=mixed_float16
[Worker 3] Random seed fixed: 400351
[Worker 3] started on GPU.
  [Worker 3] episode 310 finished. (AvgLatErr: 0.4525, Steps: 200)
  [Worker 3] episode 311 finished. (AvgLatErr: 0.8794, Steps: 182)
  [Worker 3] episode 312 finished. (AvgLatErr: 0.3259, Steps: 196)
  [Worker 3] episode 313 finished. (AvgLatErr: 0.4078, Steps: 200)
  [Worker 3] episode 314 finished. (AvgLatErr: 0.4424, Steps: 188)
  [Worker 3] episode 315 finished. (AvgLatErr: 0.2390, Steps: 197)
  [Worker 3] episode 316 finished. (AvgLatErr: 0.3650, Steps: 195)
  [Worker 3] episode 317 finished. (AvgLatErr: 0.2855, Steps: 200)
  [Worker 3] episode 318 finished. (AvgLatErr: 0.2993, Steps: 192)
  [Worker 3] episode 319 finished. (AvgLatErr: 0.3280, Steps: 200)
[Worker 3].
[Main] workers finished. (elapsed: 92.90s)
[Main] Aggregation-selected agents: [0, 1, 2, 3]
[Main] FedAdagrad update completed.
[Main] Replay buffers reset after global model update.
============================================================================================
319 EP / Agent 0 : Avg Lat Err 0.4850
319 EP / Agent 1 : Avg Lat Err 0.1411
319 EP / Agent 2 : Avg Lat Err 0.2750
319 EP / Agent 3 : Avg Lat Err 0.3280
============================================================================================

============================================================================================
[Main] FL round started. (episode 320 ~ 329)
[Main] Client selection: mode=all, budget=4
[Main] Participating agents: [0, 1, 2, 3]
[Worker 0] TensorFlow device=GPU, mixed_precision=mixed_float16
[Worker 0] Random seed fixed: 100361
[Worker 0] started on GPU.
  [Worker 0] episode 320 finished. (AvgLatErr: 0.6316, Steps: 145)
  [Worker 0] episode 321 finished. (AvgLatErr: 0.7820, Steps: 123)
  [Worker 0] episode 322 finished. (AvgLatErr: 1.5056, Steps: 136)
  [Worker 0] episode 323 finished. (AvgLatErr: 0.9962, Steps: 121)
  [Worker 0] episode 324 finished. (AvgLatErr: 1.1557, Steps: 123)
  [Worker 0] episode 325 finished. (AvgLatErr: 2.2805, Steps: 138)
  [Worker 0] episode 326 finished. (AvgLatErr: 1.0796, Steps: 123)
  [Worker 0] episode 327 finished. (AvgLatErr: 3.0152, Steps: 160)
  [Worker 0] episode 328 finished. (AvgLatErr: 1.2681, Steps: 124)
  [Worker 0] episode 329 finished. (AvgLatErr: 1.3208, Steps: 142)
[Worker 0].
[Worker 2] TensorFlow device=GPU, mixed_precision=mixed_float16
[Worker 2] Random seed fixed: 300361
[Worker 2] started on GPU.
  [Worker 2] episode 320 finished. (AvgLatErr: 0.3180, Steps: 137)
  [Worker 2] episode 321 finished. (AvgLatErr: 0.3271, Steps: 139)
  [Worker 2] episode 322 finished. (AvgLatErr: 0.7168, Steps: 145)
  [Worker 2] episode 323 finished. (AvgLatErr: 0.4293, Steps: 147)
  [Worker 2] episode 324 finished. (AvgLatErr: 0.5582, Steps: 132)
  [Worker 2] episode 325 finished. (AvgLatErr: 0.5842, Steps: 139)
  [Worker 2] episode 326 finished. (AvgLatErr: 0.4085, Steps: 131)
  [Worker 2] episode 327 finished. (AvgLatErr: 0.4907, Steps: 128)
  [Worker 2] episode 328 finished. (AvgLatErr: 0.4223, Steps: 149)
  [Worker 2] episode 329 finished. (AvgLatErr: 0.5083, Steps: 127)
[Worker 2].
[Worker 1] TensorFlow device=GPU, mixed_precision=mixed_float16
[Worker 1] Random seed fixed: 200361
[Worker 1] started on GPU.
  [Worker 1] episode 320 finished. (AvgLatErr: 0.1315, Steps: 189)
  [Worker 1] episode 321 finished. (AvgLatErr: 0.1119, Steps: 182)
  [Worker 1] episode 322 finished. (AvgLatErr: 0.0947, Steps: 166)
  [Worker 1] episode 323 finished. (AvgLatErr: 0.0966, Steps: 190)
  [Worker 1] episode 324 finished. (AvgLatErr: 0.0908, Steps: 193)
  [Worker 1] episode 325 finished. (AvgLatErr: 0.1277, Steps: 163)
  [Worker 1] episode 326 finished. (AvgLatErr: 0.0957, Steps: 176)
  [Worker 1] episode 327 finished. (AvgLatErr: 0.0866, Steps: 197)
  [Worker 1] episode 328 finished. (AvgLatErr: 0.0843, Steps: 177)
  [Worker 1] episode 329 finished. (AvgLatErr: 0.2250, Steps: 156)
[Worker 1].
[Worker 3] TensorFlow device=GPU, mixed_precision=mixed_float16
[Worker 3] Random seed fixed: 400361
[Worker 3] started on GPU.
  [Worker 3] episode 320 finished. (AvgLatErr: 0.2980, Steps: 190)
  [Worker 3] episode 321 finished. (AvgLatErr: 0.4399, Steps: 188)
  [Worker 3] episode 322 finished. (AvgLatErr: 0.3409, Steps: 172)
  [Worker 3] episode 323 finished. (AvgLatErr: 0.4501, Steps: 197)
  [Worker 3] episode 324 finished. (AvgLatErr: 0.2297, Steps: 187)
  [Worker 3] episode 325 finished. (AvgLatErr: 0.2750, Steps: 183)
  [Worker 3] episode 326 finished. (AvgLatErr: 0.2207, Steps: 200)
  [Worker 3] episode 327 finished. (AvgLatErr: 0.3015, Steps: 191)
  [Worker 3] episode 328 finished. (AvgLatErr: 0.2722, Steps: 193)
  [Worker 3] episode 329 finished. (AvgLatErr: 0.3896, Steps: 196)
[Worker 3].
[Main] workers finished. (elapsed: 101.60s)
[Main] Aggregation-selected agents: [0, 1, 2, 3]
[Main] FedAdagrad update completed.
[Main] Replay buffers reset after global model update.
============================================================================================
329 EP / Agent 0 : Avg Lat Err 1.3208
329 EP / Agent 1 : Avg Lat Err 0.2250
329 EP / Agent 2 : Avg Lat Err 0.5083
329 EP / Agent 3 : Avg Lat Err 0.3896
============================================================================================

============================================================================================
[Main] FL round started. (episode 330 ~ 339)
[Main] Client selection: mode=all, budget=4
[Main] Participating agents: [0, 1, 2, 3]
[Worker 0] TensorFlow device=GPU, mixed_precision=mixed_float16
[Worker 0] Random seed fixed: 100371
[Worker 0] started on GPU.
  [Worker 0] episode 330 finished. (AvgLatErr: 0.8239, Steps: 135)
  [Worker 0] episode 331 finished. (AvgLatErr: 0.7216, Steps: 135)
  [Worker 0] episode 332 finished. (AvgLatErr: 1.1328, Steps: 137)
  [Worker 0] episode 333 finished. (AvgLatErr: 0.9240, Steps: 132)
  [Worker 0] episode 334 finished. (AvgLatErr: 1.3903, Steps: 143)
  [Worker 0] episode 335 finished. (AvgLatErr: 1.0940, Steps: 148)
  [Worker 0] episode 336 finished. (AvgLatErr: 0.6394, Steps: 126)
  [Worker 0] episode 337 finished. (AvgLatErr: 2.6554, Steps: 154)
  [Worker 0] episode 338 finished. (AvgLatErr: 0.8638, Steps: 131)
  [Worker 0] episode 339 finished. (AvgLatErr: 0.7388, Steps: 131)
[Worker 0].
[Worker 1] TensorFlow device=GPU, mixed_precision=mixed_float16
[Worker 1] Random seed fixed: 200371
[Worker 1] started on GPU.
  [Worker 1] episode 330 finished. (AvgLatErr: 0.2257, Steps: 155)
  [Worker 1] episode 331 finished. (AvgLatErr: 0.2325, Steps: 150)
  [Worker 1] episode 332 finished. (AvgLatErr: 0.1294, Steps: 151)
  [Worker 1] episode 333 finished. (AvgLatErr: 0.1286, Steps: 147)
  [Worker 1] episode 334 finished. (AvgLatErr: 0.2767, Steps: 141)
  [Worker 1] episode 335 finished. (AvgLatErr: 0.4722, Steps: 149)
  [Worker 1] episode 336 finished. (AvgLatErr: 0.3863, Steps: 144)
  [Worker 1] episode 337 finished. (AvgLatErr: 0.1608, Steps: 130)
  [Worker 1] episode 338 finished. (AvgLatErr: 0.2829, Steps: 137)
  [Worker 1] episode 339 finished. (AvgLatErr: 0.3733, Steps: 139)
[Worker 1].
[Worker 2] TensorFlow device=GPU, mixed_precision=mixed_float16
[Worker 2] Random seed fixed: 300371
[Worker 2] started on GPU.
  [Worker 2] episode 330 finished. (AvgLatErr: 0.3342, Steps: 147)
  [Worker 2] episode 331 finished. (AvgLatErr: 0.3548, Steps: 133)
  [Worker 2] episode 332 finished. (AvgLatErr: 0.3795, Steps: 133)
  [Worker 2] episode 333 finished. (AvgLatErr: 0.5413, Steps: 151)
  [Worker 2] episode 334 finished. (AvgLatErr: 0.4265, Steps: 130)
  [Worker 2] episode 335 finished. (AvgLatErr: 0.3847, Steps: 129)
  [Worker 2] episode 336 finished. (AvgLatErr: 0.5087, Steps: 140)
  [Worker 2] episode 337 finished. (AvgLatErr: 0.4904, Steps: 139)
  [Worker 2] episode 338 finished. (AvgLatErr: 0.4890, Steps: 140)
  [Worker 2] episode 339 finished. (AvgLatErr: 0.3869, Steps: 126)
[Worker 2].
[Worker 3] TensorFlow device=GPU, mixed_precision=mixed_float16
[Worker 3] Random seed fixed: 400371
[Worker 3] started on GPU.
  [Worker 3] episode 330 finished. (AvgLatErr: 0.3179, Steps: 194)
  [Worker 3] episode 331 finished. (AvgLatErr: 0.3987, Steps: 198)
  [Worker 3] episode 332 finished. (AvgLatErr: 0.4930, Steps: 187)
  [Worker 3] episode 333 finished. (AvgLatErr: 0.2780, Steps: 194)
  [Worker 3] episode 334 finished. (AvgLatErr: 0.2715, Steps: 200)
  [Worker 3] episode 335 finished. (AvgLatErr: 0.4539, Steps: 195)
  [Worker 3] episode 336 finished. (AvgLatErr: 0.5177, Steps: 186)
  [Worker 3] episode 337 finished. (AvgLatErr: 0.3643, Steps: 197)
  [Worker 3] episode 338 finished. (AvgLatErr: 0.5046, Steps: 189)
  [Worker 3] episode 339 finished. (AvgLatErr: 0.3673, Steps: 186)
[Worker 3].
[Main] workers finished. (elapsed: 104.98s)
[Main] Aggregation-selected agents: [0, 1, 2, 3]
[Main] FedAdagrad update completed.
[Main] Replay buffers reset after global model update.
============================================================================================
339 EP / Agent 0 : Avg Lat Err 0.7388
339 EP / Agent 1 : Avg Lat Err 0.3733
339 EP / Agent 2 : Avg Lat Err 0.3869
339 EP / Agent 3 : Avg Lat Err 0.3673
============================================================================================

============================================================================================
[Main] FL round started. (episode 340 ~ 349)
[Main] Client selection: mode=all, budget=4
[Main] Participating agents: [0, 1, 2, 3]
[Worker 0] TensorFlow device=GPU, mixed_precision=mixed_float16
[Worker 0] Random seed fixed: 100381
[Worker 0] started on GPU.
  [Worker 0] episode 340 finished. (AvgLatErr: 0.7581, Steps: 134)
  [Worker 0] episode 341 finished. (AvgLatErr: 0.9437, Steps: 130)
  [Worker 0] episode 342 finished. (AvgLatErr: 1.3250, Steps: 137)
  [Worker 0] episode 343 finished. (AvgLatErr: 1.2700, Steps: 141)
  [Worker 0] episode 344 finished. (AvgLatErr: 0.7058, Steps: 130)
  [Worker 0] episode 345 finished. (AvgLatErr: 0.9146, Steps: 131)
  [Worker 0] episode 346 finished. (AvgLatErr: 0.7962, Steps: 136)
  [Worker 0] episode 347 finished. (AvgLatErr: 0.9729, Steps: 139)
  [Worker 0] episode 348 finished. (AvgLatErr: 1.5096, Steps: 150)
  [Worker 0] episode 349 finished. (AvgLatErr: 0.8295, Steps: 138)
[Worker 0].
[Worker 2] TensorFlow device=GPU, mixed_precision=mixed_float16
[Worker 2] Random seed fixed: 300381
[Worker 2] started on GPU.
  [Worker 2] episode 340 finished. (AvgLatErr: 0.5299, Steps: 135)
  [Worker 2] episode 341 finished. (AvgLatErr: 0.6311, Steps: 138)
  [Worker 2] episode 342 finished. (AvgLatErr: 0.3727, Steps: 130)
  [Worker 2] episode 343 finished. (AvgLatErr: 2.0088, Steps: 170)
  [Worker 2] episode 344 finished. (AvgLatErr: 0.4632, Steps: 125)
  [Worker 2] episode 345 finished. (AvgLatErr: 0.5997, Steps: 146)
  [Worker 2] episode 346 finished. (AvgLatErr: 0.2706, Steps: 132)
  [Worker 2] episode 347 finished. (AvgLatErr: 0.4730, Steps: 127)
  [Worker 2] episode 348 finished. (AvgLatErr: 0.4589, Steps: 137)
  [Worker 2] episode 349 finished. (AvgLatErr: 0.3081, Steps: 129)
[Worker 2].
[Worker 1] TensorFlow device=GPU, mixed_precision=mixed_float16
[Worker 1] Random seed fixed: 200381
[Worker 1] started on GPU.
  [Worker 1] episode 340 finished. (AvgLatErr: 0.2784, Steps: 158)
  [Worker 1] episode 341 finished. (AvgLatErr: 0.2681, Steps: 146)
  [Worker 1] episode 342 finished. (AvgLatErr: 0.1513, Steps: 157)
  [Worker 1] episode 343 finished. (AvgLatErr: 0.1662, Steps: 155)
  [Worker 1] episode 344 finished. (AvgLatErr: 0.1693, Steps: 151)
  [Worker 1] episode 345 finished. (AvgLatErr: 0.1069, Steps: 161)
  [Worker 1] episode 346 finished. (AvgLatErr: 0.1466, Steps: 147)
  [Worker 1] episode 347 finished. (AvgLatErr: 0.0981, Steps: 172)
  [Worker 1] episode 348 finished. (AvgLatErr: 0.1171, Steps: 153)
  [Worker 1] episode 349 finished. (AvgLatErr: 0.1404, Steps: 146)
[Worker 1].
[Worker 3] TensorFlow device=GPU, mixed_precision=mixed_float16
[Worker 3] Random seed fixed: 400381
[Worker 3] started on GPU.
  [Worker 3] episode 340 finished. (AvgLatErr: 0.3901, Steps: 200)
  [Worker 3] episode 341 finished. (AvgLatErr: 0.2539, Steps: 200)
  [Worker 3] episode 342 finished. (AvgLatErr: 0.2296, Steps: 200)
  [Worker 3] episode 343 finished. (AvgLatErr: 0.2953, Steps: 177)
  [Worker 3] episode 344 finished. (AvgLatErr: 0.3770, Steps: 200)
  [Worker 3] episode 345 finished. (AvgLatErr: 0.3057, Steps: 195)
  [Worker 3] episode 346 finished. (AvgLatErr: 0.2404, Steps: 200)
  [Worker 3] episode 347 finished. (AvgLatErr: 0.3728, Steps: 182)
  [Worker 3] episode 348 finished. (AvgLatErr: 0.4117, Steps: 189)
  [Worker 3] episode 349 finished. (AvgLatErr: 0.6175, Steps: 174)
[Worker 3].
[Main] workers finished. (elapsed: 103.24s)
[Main] Aggregation-selected agents: [0, 1, 2, 3]
[Main] FedAdagrad update completed.
[Main] Replay buffers reset after global model update.
============================================================================================
349 EP / Agent 0 : Avg Lat Err 0.8295
349 EP / Agent 1 : Avg Lat Err 0.1404
349 EP / Agent 2 : Avg Lat Err 0.3081
349 EP / Agent 3 : Avg Lat Err 0.6175
============================================================================================
[Main] Model checkpoint saved: C:\Users\syd79\FRL-Q\experiments\optimized_fedadagrad_4all_20260916_run1_all_4of4\checkpoints\global_model_episode_000350.weights.h5

============================================================================================
[Main] FL round started. (episode 350 ~ 359)
[Main] Client selection: mode=all, budget=4
[Main] Participating agents: [0, 1, 2, 3]
[Worker 0] TensorFlow device=GPU, mixed_precision=mixed_float16
[Worker 0] Random seed fixed: 100391
[Worker 0] started on GPU.
  [Worker 0] episode 350 finished. (AvgLatErr: 0.9371, Steps: 133)
  [Worker 0] episode 351 finished. (AvgLatErr: 0.8648, Steps: 143)
  [Worker 0] episode 352 finished. (AvgLatErr: 0.4825, Steps: 131)
  [Worker 0] episode 353 finished. (AvgLatErr: 0.9862, Steps: 149)
  [Worker 0] episode 354 finished. (AvgLatErr: 1.6119, Steps: 150)
  [Worker 0] episode 355 finished. (AvgLatErr: 0.6371, Steps: 143)
  [Worker 0] episode 356 finished. (AvgLatErr: 1.0004, Steps: 151)
  [Worker 0] episode 357 finished. (AvgLatErr: 1.0445, Steps: 143)
  [Worker 0] episode 358 finished. (AvgLatErr: 0.7457, Steps: 135)
  [Worker 0] episode 359 finished. (AvgLatErr: 0.7285, Steps: 131)
[Worker 0].
[Worker 1] TensorFlow device=GPU, mixed_precision=mixed_float16
[Worker 1] Random seed fixed: 200391
[Worker 1] started on GPU.
  [Worker 1] episode 350 finished. (AvgLatErr: 0.1710, Steps: 151)
  [Worker 1] episode 351 finished. (AvgLatErr: 0.1641, Steps: 131)
  [Worker 1] episode 352 finished. (AvgLatErr: 0.5476, Steps: 151)
  [Worker 1] episode 353 finished. (AvgLatErr: 0.1365, Steps: 159)
  [Worker 1] episode 354 finished. (AvgLatErr: 0.1494, Steps: 132)
  [Worker 1] episode 355 finished. (AvgLatErr: 0.2882, Steps: 127)
  [Worker 1] episode 356 finished. (AvgLatErr: 0.1743, Steps: 147)
  [Worker 1] episode 357 finished. (AvgLatErr: 0.1504, Steps: 150)
  [Worker 1] episode 358 finished. (AvgLatErr: 0.2291, Steps: 149)
  [Worker 1] episode 359 finished. (AvgLatErr: 0.1510, Steps: 154)
[Worker 1].
[Worker 2] TensorFlow device=GPU, mixed_precision=mixed_float16
[Worker 2] Random seed fixed: 300391
[Worker 2] started on GPU.
  [Worker 2] episode 350 finished. (AvgLatErr: 0.3905, Steps: 144)
  [Worker 2] episode 351 finished. (AvgLatErr: 0.6108, Steps: 146)
  [Worker 2] episode 352 finished. (AvgLatErr: 0.4117, Steps: 137)
  [Worker 2] episode 353 finished. (AvgLatErr: 0.5239, Steps: 159)
  [Worker 2] episode 354 finished. (AvgLatErr: 0.5643, Steps: 136)
  [Worker 2] episode 355 finished. (AvgLatErr: 0.5100, Steps: 146)
  [Worker 2] episode 356 finished. (AvgLatErr: 0.4717, Steps: 148)
  [Worker 2] episode 357 finished. (AvgLatErr: 0.2671, Steps: 148)
  [Worker 2] episode 358 finished. (AvgLatErr: 0.5077, Steps: 163)
  [Worker 2] episode 359 finished. (AvgLatErr: 0.4597, Steps: 157)
[Worker 2].
[Worker 3] TensorFlow device=GPU, mixed_precision=mixed_float16
[Worker 3] Random seed fixed: 400391
[Worker 3] started on GPU.
  [Worker 3] episode 350 finished. (AvgLatErr: 0.3589, Steps: 200)
  [Worker 3] episode 351 finished. (AvgLatErr: 0.5381, Steps: 169)
  [Worker 3] episode 352 finished. (AvgLatErr: 0.4185, Steps: 174)
  [Worker 3] episode 353 finished. (AvgLatErr: 0.4721, Steps: 185)
  [Worker 3] episode 354 finished. (AvgLatErr: 0.5242, Steps: 191)
  [Worker 3] episode 355 finished. (AvgLatErr: 0.4312, Steps: 187)
  [Worker 3] episode 356 finished. (AvgLatErr: 0.5688, Steps: 185)
  [Worker 3] episode 357 finished. (AvgLatErr: 0.4177, Steps: 187)
  [Worker 3] episode 358 finished. (AvgLatErr: 0.4652, Steps: 184)
  [Worker 3] episode 359 finished. (AvgLatErr: 0.4943, Steps: 178)
[Worker 3].
[Main] workers finished. (elapsed: 89.77s)
[Main] Aggregation-selected agents: [0, 1, 2, 3]
[Main] FedAdagrad update completed.
[Main] Replay buffers reset after global model update.
============================================================================================
359 EP / Agent 0 : Avg Lat Err 0.7285
359 EP / Agent 1 : Avg Lat Err 0.1510
359 EP / Agent 2 : Avg Lat Err 0.4597
359 EP / Agent 3 : Avg Lat Err 0.4943
============================================================================================

============================================================================================
[Main] FL round started. (episode 360 ~ 369)
[Main] Client selection: mode=all, budget=4
[Main] Participating agents: [0, 1, 2, 3]
[Worker 0] TensorFlow device=GPU, mixed_precision=mixed_float16
[Worker 0] Random seed fixed: 100401
[Worker 0] started on GPU.
  [Worker 0] episode 360 finished. (AvgLatErr: 0.6406, Steps: 130)
  [Worker 0] episode 361 finished. (AvgLatErr: 0.8619, Steps: 127)
  [Worker 0] episode 362 finished. (AvgLatErr: 0.7383, Steps: 130)
  [Worker 0] episode 363 finished. (AvgLatErr: 0.7017, Steps: 148)
  [Worker 0] episode 364 finished. (AvgLatErr: 0.5238, Steps: 147)
  [Worker 0] episode 365 finished. (AvgLatErr: 0.3803, Steps: 158)
  [Worker 0] episode 366 finished. (AvgLatErr: 0.6767, Steps: 134)
  [Worker 0] episode 367 finished. (AvgLatErr: 0.9477, Steps: 143)
  [Worker 0] episode 368 finished. (AvgLatErr: 0.7018, Steps: 141)
  [Worker 0] episode 369 finished. (AvgLatErr: 0.6884, Steps: 131)
[Worker 0].
[Worker 1] TensorFlow device=GPU, mixed_precision=mixed_float16
[Worker 1] Random seed fixed: 200401
[Worker 1] started on GPU.
  [Worker 1] episode 360 finished. (AvgLatErr: 0.1168, Steps: 142)
  [Worker 1] episode 361 finished. (AvgLatErr: 0.2180, Steps: 153)
  [Worker 1] episode 362 finished. (AvgLatErr: 0.3824, Steps: 127)
  [Worker 1] episode 363 finished. (AvgLatErr: 0.1463, Steps: 151)
  [Worker 1] episode 364 finished. (AvgLatErr: 0.2987, Steps: 125)
  [Worker 1] episode 365 finished. (AvgLatErr: 0.1120, Steps: 183)
  [Worker 1] episode 366 finished. (AvgLatErr: 0.1351, Steps: 154)
  [Worker 1] episode 367 finished. (AvgLatErr: 0.1302, Steps: 162)
  [Worker 1] episode 368 finished. (AvgLatErr: 0.1256, Steps: 151)
  [Worker 1] episode 369 finished. (AvgLatErr: 0.1968, Steps: 134)
[Worker 1].
[Worker 2] TensorFlow device=GPU, mixed_precision=mixed_float16
[Worker 2] Random seed fixed: 300401
[Worker 2] started on GPU.
  [Worker 2] episode 360 finished. (AvgLatErr: 0.3433, Steps: 126)
  [Worker 2] episode 361 finished. (AvgLatErr: 0.7687, Steps: 154)
  [Worker 2] episode 362 finished. (AvgLatErr: 0.3343, Steps: 141)
  [Worker 2] episode 363 finished. (AvgLatErr: 0.3447, Steps: 148)
  [Worker 2] episode 364 finished. (AvgLatErr: 0.3415, Steps: 141)
  [Worker 2] episode 365 finished. (AvgLatErr: 0.3599, Steps: 116)
  [Worker 2] episode 366 finished. (AvgLatErr: 0.3191, Steps: 141)
  [Worker 2] episode 367 finished. (AvgLatErr: 0.1260, Steps: 200)
  [Worker 2] episode 368 finished. (AvgLatErr: 0.1530, Steps: 175)
  [Worker 2] episode 369 finished. (AvgLatErr: 0.2793, Steps: 137)
[Worker 2].
[Worker 3] TensorFlow device=GPU, mixed_precision=mixed_float16
[Worker 3] Random seed fixed: 400401
[Worker 3] started on GPU.
  [Worker 3] episode 360 finished. (AvgLatErr: 0.4196, Steps: 185)
  [Worker 3] episode 361 finished. (AvgLatErr: 0.4314, Steps: 195)
  [Worker 3] episode 362 finished. (AvgLatErr: 0.3829, Steps: 190)
  [Worker 3] episode 363 finished. (AvgLatErr: 0.2298, Steps: 198)
  [Worker 3] episode 364 finished. (AvgLatErr: 0.3158, Steps: 200)
  [Worker 3] episode 365 finished. (AvgLatErr: 0.3418, Steps: 183)
  [Worker 3] episode 366 finished. (AvgLatErr: 0.2760, Steps: 189)
  [Worker 3] episode 367 finished. (AvgLatErr: 0.4428, Steps: 192)
  [Worker 3] episode 368 finished. (AvgLatErr: 0.2677, Steps: 200)
  [Worker 3] episode 369 finished. (AvgLatErr: 0.4160, Steps: 184)
[Worker 3].
[Main] workers finished. (elapsed: 85.01s)
[Main] Aggregation-selected agents: [0, 1, 2, 3]
[Main] FedAdagrad update completed.
[Main] Replay buffers reset after global model update.
============================================================================================
369 EP / Agent 0 : Avg Lat Err 0.6884
369 EP / Agent 1 : Avg Lat Err 0.1968
369 EP / Agent 2 : Avg Lat Err 0.2793
369 EP / Agent 3 : Avg Lat Err 0.4160
============================================================================================

============================================================================================
[Main] FL round started. (episode 370 ~ 379)
[Main] Client selection: mode=all, budget=4
[Main] Participating agents: [0, 1, 2, 3]
[Worker 0] TensorFlow device=GPU, mixed_precision=mixed_float16
[Worker 0] Random seed fixed: 100411
[Worker 0] started on GPU.
  [Worker 0] episode 370 finished. (AvgLatErr: 0.5278, Steps: 147)
  [Worker 0] episode 371 finished. (AvgLatErr: 0.4654, Steps: 148)
  [Worker 0] episode 372 finished. (AvgLatErr: 0.7806, Steps: 135)
  [Worker 0] episode 373 finished. (AvgLatErr: 1.4727, Steps: 144)
  [Worker 0] episode 374 finished. (AvgLatErr: 1.0210, Steps: 145)
  [Worker 0] episode 375 finished. (AvgLatErr: 0.9816, Steps: 145)
  [Worker 0] episode 376 finished. (AvgLatErr: 0.5716, Steps: 138)
  [Worker 0] episode 377 finished. (AvgLatErr: 0.8829, Steps: 137)
  [Worker 0] episode 378 finished. (AvgLatErr: 0.7443, Steps: 140)
  [Worker 0] episode 379 finished. (AvgLatErr: 0.5916, Steps: 141)
[Worker 0].
[Worker 2] TensorFlow device=GPU, mixed_precision=mixed_float16
[Worker 2] Random seed fixed: 300411
[Worker 2] started on GPU.
  [Worker 2] episode 370 finished. (AvgLatErr: 0.4377, Steps: 140)
  [Worker 2] episode 371 finished. (AvgLatErr: 0.4490, Steps: 149)
  [Worker 2] episode 372 finished. (AvgLatErr: 0.1392, Steps: 161)
  [Worker 2] episode 373 finished. (AvgLatErr: 0.2024, Steps: 135)
  [Worker 2] episode 374 finished. (AvgLatErr: 0.5086, Steps: 123)
  [Worker 2] episode 375 finished. (AvgLatErr: 0.6542, Steps: 148)
  [Worker 2] episode 376 finished. (AvgLatErr: 0.4838, Steps: 144)
  [Worker 2] episode 377 finished. (AvgLatErr: 0.2827, Steps: 134)
  [Worker 2] episode 378 finished. (AvgLatErr: 0.3295, Steps: 139)
  [Worker 2] episode 379 finished. (AvgLatErr: 0.2621, Steps: 141)
[Worker 2].
[Worker 1] TensorFlow device=GPU, mixed_precision=mixed_float16
[Worker 1] Random seed fixed: 200411
[Worker 1] started on GPU.
  [Worker 1] episode 370 finished. (AvgLatErr: 0.1343, Steps: 133)
  [Worker 1] episode 371 finished. (AvgLatErr: 0.1180, Steps: 165)
  [Worker 1] episode 372 finished. (AvgLatErr: 0.0943, Steps: 200)
  [Worker 1] episode 373 finished. (AvgLatErr: 0.1679, Steps: 160)
  [Worker 1] episode 374 finished. (AvgLatErr: 0.2455, Steps: 153)
  [Worker 1] episode 375 finished. (AvgLatErr: 0.1215, Steps: 165)
  [Worker 1] episode 376 finished. (AvgLatErr: 0.1245, Steps: 159)
  [Worker 1] episode 377 finished. (AvgLatErr: 0.1887, Steps: 141)
  [Worker 1] episode 378 finished. (AvgLatErr: 0.1292, Steps: 154)
  [Worker 1] episode 379 finished. (AvgLatErr: 0.1329, Steps: 151)
[Worker 1].
[Worker 3] TensorFlow device=GPU, mixed_precision=mixed_float16
[Worker 3] Random seed fixed: 400411
[Worker 3] started on GPU.
  [Worker 3] episode 370 finished. (AvgLatErr: 0.2291, Steps: 197)
  [Worker 3] episode 371 finished. (AvgLatErr: 0.4528, Steps: 184)
  [Worker 3] episode 372 finished. (AvgLatErr: 0.2592, Steps: 200)
  [Worker 3] episode 373 finished. (AvgLatErr: 0.2072, Steps: 200)
  [Worker 3] episode 374 finished. (AvgLatErr: 0.3931, Steps: 185)
  [Worker 3] episode 375 finished. (AvgLatErr: 0.2674, Steps: 184)
  [Worker 3] episode 376 finished. (AvgLatErr: 0.4357, Steps: 192)
  [Worker 3] episode 377 finished. (AvgLatErr: 0.2841, Steps: 200)
  [Worker 3] episode 378 finished. (AvgLatErr: 0.2341, Steps: 200)
  [Worker 3] episode 379 finished. (AvgLatErr: 0.2320, Steps: 196)
[Worker 3].
[Main] workers finished. (elapsed: 99.28s)
[Main] Aggregation-selected agents: [0, 1, 2, 3]
[Main] FedAdagrad update completed.
[Main] Replay buffers reset after global model update.
============================================================================================
379 EP / Agent 0 : Avg Lat Err 0.5916
379 EP / Agent 1 : Avg Lat Err 0.1329
379 EP / Agent 2 : Avg Lat Err 0.2621
379 EP / Agent 3 : Avg Lat Err 0.2320
============================================================================================

============================================================================================
[Main] FL round started. (episode 380 ~ 389)
[Main] Client selection: mode=all, budget=4
[Main] Participating agents: [0, 1, 2, 3]
[Worker 0] TensorFlow device=GPU, mixed_precision=mixed_float16
[Worker 0] Random seed fixed: 100421
[Worker 0] started on GPU.
  [Worker 0] episode 380 finished. (AvgLatErr: 1.0944, Steps: 139)
  [Worker 0] episode 381 finished. (AvgLatErr: 0.7254, Steps: 138)
  [Worker 0] episode 382 finished. (AvgLatErr: 1.4941, Steps: 141)
  [Worker 0] episode 383 finished. (AvgLatErr: 0.6490, Steps: 138)
  [Worker 0] episode 384 finished. (AvgLatErr: 0.9058, Steps: 136)
  [Worker 0] episode 385 finished. (AvgLatErr: 0.8688, Steps: 145)
  [Worker 0] episode 386 finished. (AvgLatErr: 0.3355, Steps: 154)
  [Worker 0] episode 387 finished. (AvgLatErr: 0.2636, Steps: 171)
  [Worker 0] episode 388 finished. (AvgLatErr: 0.4628, Steps: 171)
  [Worker 0] episode 389 finished. (AvgLatErr: 0.6179, Steps: 145)
[Worker 0].
[Worker 1] TensorFlow device=GPU, mixed_precision=mixed_float16
[Worker 1] Random seed fixed: 200421
[Worker 1] started on GPU.
  [Worker 1] episode 380 finished. (AvgLatErr: 0.1370, Steps: 135)
  [Worker 1] episode 381 finished. (AvgLatErr: 0.1363, Steps: 160)
  [Worker 1] episode 382 finished. (AvgLatErr: 0.3515, Steps: 138)
  [Worker 1] episode 383 finished. (AvgLatErr: 0.1289, Steps: 165)
  [Worker 1] episode 384 finished. (AvgLatErr: 0.1198, Steps: 171)
  [Worker 1] episode 385 finished. (AvgLatErr: 0.1435, Steps: 158)
  [Worker 1] episode 386 finished. (AvgLatErr: 0.1286, Steps: 167)
  [Worker 1] episode 387 finished. (AvgLatErr: 0.1478, Steps: 167)
  [Worker 1] episode 388 finished. (AvgLatErr: 0.1317, Steps: 151)
  [Worker 1] episode 389 finished. (AvgLatErr: 0.1292, Steps: 164)
[Worker 1].
[Worker 2] TensorFlow device=GPU, mixed_precision=mixed_float16
[Worker 2] Random seed fixed: 300421
[Worker 2] started on GPU.
  [Worker 2] episode 380 finished. (AvgLatErr: 0.3784, Steps: 136)
  [Worker 2] episode 381 finished. (AvgLatErr: 0.3759, Steps: 143)
  [Worker 2] episode 382 finished. (AvgLatErr: 3.0606, Steps: 200)
  [Worker 2] episode 383 finished. (AvgLatErr: 0.3938, Steps: 142)
  [Worker 2] episode 384 finished. (AvgLatErr: 0.4158, Steps: 143)
  [Worker 2] episode 385 finished. (AvgLatErr: 0.3940, Steps: 128)
  [Worker 2] episode 386 finished. (AvgLatErr: 0.2051, Steps: 149)
  [Worker 2] episode 387 finished. (AvgLatErr: 0.3908, Steps: 136)
  [Worker 2] episode 388 finished. (AvgLatErr: 0.3802, Steps: 135)
  [Worker 2] episode 389 finished. (AvgLatErr: 0.4342, Steps: 121)
[Worker 2].
[Worker 3] TensorFlow device=GPU, mixed_precision=mixed_float16
[Worker 3] Random seed fixed: 400421
[Worker 3] started on GPU.
  [Worker 3] episode 380 finished. (AvgLatErr: 0.3234, Steps: 187)
  [Worker 3] episode 381 finished. (AvgLatErr: 0.4100, Steps: 193)
  [Worker 3] episode 382 finished. (AvgLatErr: 0.3187, Steps: 188)
  [Worker 3] episode 383 finished. (AvgLatErr: 0.5378, Steps: 185)
  [Worker 3] episode 384 finished. (AvgLatErr: 0.3105, Steps: 188)
  [Worker 3] episode 385 finished. (AvgLatErr: 0.1966, Steps: 196)
  [Worker 3] episode 386 finished. (AvgLatErr: 0.4898, Steps: 200)
  [Worker 3] episode 387 finished. (AvgLatErr: 0.3394, Steps: 200)
  [Worker 3] episode 388 finished. (AvgLatErr: 0.2136, Steps: 200)
  [Worker 3] episode 389 finished. (AvgLatErr: 0.7595, Steps: 200)
[Worker 3].
[Main] workers finished. (elapsed: 113.64s)
[Main] Aggregation-selected agents: [0, 1, 2, 3]
[Main] FedAdagrad update completed.
[Main] Replay buffers reset after global model update.
============================================================================================
389 EP / Agent 0 : Avg Lat Err 0.6179
389 EP / Agent 1 : Avg Lat Err 0.1292
389 EP / Agent 2 : Avg Lat Err 0.4342
389 EP / Agent 3 : Avg Lat Err 0.7595
============================================================================================

============================================================================================
[Main] FL round started. (episode 390 ~ 399)
[Main] Client selection: mode=all, budget=4
[Main] Participating agents: [0, 1, 2, 3]
[Worker 0] TensorFlow device=GPU, mixed_precision=mixed_float16
[Worker 0] Random seed fixed: 100431
[Worker 0] started on GPU.
  [Worker 0] episode 390 finished. (AvgLatErr: 0.6429, Steps: 127)
  [Worker 0] episode 391 finished. (AvgLatErr: 0.8753, Steps: 138)
  [Worker 0] episode 392 finished. (AvgLatErr: 0.7919, Steps: 142)
  [Worker 0] episode 393 finished. (AvgLatErr: 0.3327, Steps: 148)
  [Worker 0] episode 394 finished. (AvgLatErr: 0.7410, Steps: 140)
  [Worker 0] episode 395 finished. (AvgLatErr: 0.4222, Steps: 128)
  [Worker 0] episode 396 finished. (AvgLatErr: 0.7264, Steps: 133)
  [Worker 0] episode 397 finished. (AvgLatErr: 0.7679, Steps: 138)
  [Worker 0] episode 398 finished. (AvgLatErr: 1.4934, Steps: 147)
  [Worker 0] episode 399 finished. (AvgLatErr: 1.3797, Steps: 139)
[Worker 0].
[Worker 1] TensorFlow device=GPU, mixed_precision=mixed_float16
[Worker 1] Random seed fixed: 200431
[Worker 1] started on GPU.
  [Worker 1] episode 390 finished. (AvgLatErr: 0.1980, Steps: 145)
  [Worker 1] episode 391 finished. (AvgLatErr: 0.1221, Steps: 154)
  [Worker 1] episode 392 finished. (AvgLatErr: 0.0896, Steps: 157)
  [Worker 1] episode 393 finished. (AvgLatErr: 0.1128, Steps: 155)
  [Worker 1] episode 394 finished. (AvgLatErr: 0.1487, Steps: 147)
  [Worker 1] episode 395 finished. (AvgLatErr: 0.1126, Steps: 164)
  [Worker 1] episode 396 finished. (AvgLatErr: 0.1470, Steps: 162)
  [Worker 1] episode 397 finished. (AvgLatErr: 0.0933, Steps: 159)
  [Worker 1] episode 398 finished. (AvgLatErr: 0.1008, Steps: 159)
  [Worker 1] episode 399 finished. (AvgLatErr: 0.2693, Steps: 124)
[Worker 1].
[Worker 2] TensorFlow device=GPU, mixed_precision=mixed_float16
[Worker 2] Random seed fixed: 300431
[Worker 2] started on GPU.
  [Worker 2] episode 390 finished. (AvgLatErr: 0.3830, Steps: 143)
  [Worker 2] episode 391 finished. (AvgLatErr: 0.3615, Steps: 149)
  [Worker 2] episode 392 finished. (AvgLatErr: 0.3101, Steps: 133)
  [Worker 2] episode 393 finished. (AvgLatErr: 0.3482, Steps: 142)
  [Worker 2] episode 394 finished. (AvgLatErr: 3.3229, Steps: 200)
  [Worker 2] episode 395 finished. (AvgLatErr: 2.0768, Steps: 127)
  [Worker 2] episode 396 finished. (AvgLatErr: 0.3332, Steps: 131)
  [Worker 2] episode 397 finished. (AvgLatErr: 0.4174, Steps: 124)
  [Worker 2] episode 398 finished. (AvgLatErr: 0.3830, Steps: 124)
  [Worker 2] episode 399 finished. (AvgLatErr: 0.3598, Steps: 140)
[Worker 2].
[Worker 3] TensorFlow device=GPU, mixed_precision=mixed_float16
[Worker 3] Random seed fixed: 400431
[Worker 3] started on GPU.
  [Worker 3] episode 390 finished. (AvgLatErr: 0.2212, Steps: 191)
  [Worker 3] episode 391 finished. (AvgLatErr: 0.2832, Steps: 189)
  [Worker 3] episode 392 finished. (AvgLatErr: 0.2153, Steps: 200)
  [Worker 3] episode 393 finished. (AvgLatErr: 0.1937, Steps: 187)
  [Worker 3] episode 394 finished. (AvgLatErr: 0.3873, Steps: 191)
  [Worker 3] episode 395 finished. (AvgLatErr: 0.3326, Steps: 184)
  [Worker 3] episode 396 finished. (AvgLatErr: 0.3654, Steps: 192)
  [Worker 3] episode 397 finished. (AvgLatErr: 0.6034, Steps: 185)
  [Worker 3] episode 398 finished. (AvgLatErr: 0.4900, Steps: 178)
  [Worker 3] episode 399 finished. (AvgLatErr: 0.5410, Steps: 185)
[Worker 3].
[Main] workers finished. (elapsed: 107.27s)
[Main] Aggregation-selected agents: [0, 1, 2, 3]
[Main] FedAdagrad update completed.
[Main] Replay buffers reset after global model update.
============================================================================================
399 EP / Agent 0 : Avg Lat Err 1.3797
399 EP / Agent 1 : Avg Lat Err 0.2693
399 EP / Agent 2 : Avg Lat Err 0.3598
399 EP / Agent 3 : Avg Lat Err 0.5410
============================================================================================
[Main] Model checkpoint saved: C:\Users\syd79\FRL-Q\experiments\optimized_fedadagrad_4all_20260916_run1_all_4of4\checkpoints\global_model_episode_000400.weights.h5

============================================================================================
[Main] FL round started. (episode 400 ~ 409)
[Main] Client selection: mode=all, budget=4
[Main] Participating agents: [0, 1, 2, 3]
[Worker 0] TensorFlow device=GPU, mixed_precision=mixed_float16
[Worker 0] Random seed fixed: 100441
[Worker 0] started on GPU.
  [Worker 0] episode 400 finished. (AvgLatErr: 0.8450, Steps: 133)
  [Worker 0] episode 401 finished. (AvgLatErr: 1.0146, Steps: 126)
  [Worker 0] episode 402 finished. (AvgLatErr: 1.2657, Steps: 131)
  [Worker 0] episode 403 finished. (AvgLatErr: 1.7067, Steps: 138)
  [Worker 0] episode 404 finished. (AvgLatErr: 1.3725, Steps: 134)
  [Worker 0] episode 405 finished. (AvgLatErr: 2.3415, Steps: 144)
  [Worker 0] episode 406 finished. (AvgLatErr: 1.0410, Steps: 124)
  [Worker 0] episode 407 finished. (AvgLatErr: 1.5240, Steps: 128)
  [Worker 0] episode 408 finished. (AvgLatErr: 1.0422, Steps: 129)
  [Worker 0] episode 409 finished. (AvgLatErr: 1.1631, Steps: 148)
[Worker 0].
[Worker 2] TensorFlow device=GPU, mixed_precision=mixed_float16
[Worker 2] Random seed fixed: 300441
[Worker 2] started on GPU.
  [Worker 2] episode 400 finished. (AvgLatErr: 0.4774, Steps: 126)
  [Worker 2] episode 401 finished. (AvgLatErr: 0.5054, Steps: 119)
  [Worker 2] episode 402 finished. (AvgLatErr: 0.6825, Steps: 144)
  [Worker 2] episode 403 finished. (AvgLatErr: 0.2945, Steps: 120)
  [Worker 2] episode 404 finished. (AvgLatErr: 0.4855, Steps: 120)
  [Worker 2] episode 405 finished. (AvgLatErr: 1.7445, Steps: 162)
  [Worker 2] episode 406 finished. (AvgLatErr: 0.4232, Steps: 127)
  [Worker 2] episode 407 finished. (AvgLatErr: 0.4051, Steps: 127)
  [Worker 2] episode 408 finished. (AvgLatErr: 0.3416, Steps: 130)
  [Worker 2] episode 409 finished. (AvgLatErr: 0.5905, Steps: 124)
[Worker 2].
[Worker 1] TensorFlow device=GPU, mixed_precision=mixed_float16
[Worker 1] Random seed fixed: 200441
[Worker 1] started on GPU.
  [Worker 1] episode 400 finished. (AvgLatErr: 0.2006, Steps: 160)
  [Worker 1] episode 401 finished. (AvgLatErr: 0.0977, Steps: 174)
  [Worker 1] episode 402 finished. (AvgLatErr: 0.1109, Steps: 172)
  [Worker 1] episode 403 finished. (AvgLatErr: 0.1083, Steps: 174)
  [Worker 1] episode 404 finished. (AvgLatErr: 0.0868, Steps: 169)
  [Worker 1] episode 405 finished. (AvgLatErr: 0.1185, Steps: 160)
  [Worker 1] episode 406 finished. (AvgLatErr: 0.0971, Steps: 158)
  [Worker 1] episode 407 finished. (AvgLatErr: 0.0964, Steps: 155)
  [Worker 1] episode 408 finished. (AvgLatErr: 0.1485, Steps: 160)
  [Worker 1] episode 409 finished. (AvgLatErr: 0.1047, Steps: 165)
[Worker 1].
[Worker 3] TensorFlow device=GPU, mixed_precision=mixed_float16
[Worker 3] Random seed fixed: 400441
[Worker 3] started on GPU.
  [Worker 3] episode 400 finished. (AvgLatErr: 0.4500, Steps: 200)
  [Worker 3] episode 401 finished. (AvgLatErr: 0.2964, Steps: 182)
  [Worker 3] episode 402 finished. (AvgLatErr: 0.4217, Steps: 193)
  [Worker 3] episode 403 finished. (AvgLatErr: 0.3784, Steps: 182)
  [Worker 3] episode 404 finished. (AvgLatErr: 0.3519, Steps: 188)
  [Worker 3] episode 405 finished. (AvgLatErr: 0.5351, Steps: 185)
  [Worker 3] episode 406 finished. (AvgLatErr: 0.3574, Steps: 186)
  [Worker 3] episode 407 finished. (AvgLatErr: 0.3053, Steps: 183)
  [Worker 3] episode 408 finished. (AvgLatErr: 0.5282, Steps: 188)
  [Worker 3] episode 409 finished. (AvgLatErr: 0.3994, Steps: 191)
[Worker 3].
[Main] workers finished. (elapsed: 88.43s)
[Main] Aggregation-selected agents: [0, 1, 2, 3]
[Main] FedAdagrad update completed.
[Main] Replay buffers reset after global model update.
============================================================================================
409 EP / Agent 0 : Avg Lat Err 1.1631
409 EP / Agent 1 : Avg Lat Err 0.1047
409 EP / Agent 2 : Avg Lat Err 0.5905
409 EP / Agent 3 : Avg Lat Err 0.3994
============================================================================================

============================================================================================
[Main] FL round started. (episode 410 ~ 419)
[Main] Client selection: mode=all, budget=4
[Main] Participating agents: [0, 1, 2, 3]
[Worker 0] TensorFlow device=GPU, mixed_precision=mixed_float16
[Worker 0] Random seed fixed: 100451
[Worker 0] started on GPU.
  [Worker 0] episode 410 finished. (AvgLatErr: 0.8370, Steps: 124)
  [Worker 0] episode 411 finished. (AvgLatErr: 0.6589, Steps: 136)
  [Worker 0] episode 412 finished. (AvgLatErr: 0.8558, Steps: 128)
  [Worker 0] episode 413 finished. (AvgLatErr: 0.8221, Steps: 138)
  [Worker 0] episode 414 finished. (AvgLatErr: 1.0079, Steps: 137)
  [Worker 0] episode 415 finished. (AvgLatErr: 0.8528, Steps: 149)
  [Worker 0] episode 416 finished. (AvgLatErr: 0.6623, Steps: 134)
  [Worker 0] episode 417 finished. (AvgLatErr: 0.8826, Steps: 135)
  [Worker 0] episode 418 finished. (AvgLatErr: 1.1154, Steps: 143)
  [Worker 0] episode 419 finished. (AvgLatErr: 0.9728, Steps: 146)
[Worker 0].
[Worker 2] TensorFlow device=GPU, mixed_precision=mixed_float16
[Worker 2] Random seed fixed: 300451
[Worker 2] started on GPU.
  [Worker 2] episode 410 finished. (AvgLatErr: 0.4614, Steps: 135)
  [Worker 2] episode 411 finished. (AvgLatErr: 0.3835, Steps: 137)
  [Worker 2] episode 412 finished. (AvgLatErr: 0.5173, Steps: 127)
  [Worker 2] episode 413 finished. (AvgLatErr: 0.4162, Steps: 134)
  [Worker 2] episode 414 finished. (AvgLatErr: 0.4069, Steps: 125)
  [Worker 2] episode 415 finished. (AvgLatErr: 0.4253, Steps: 129)
  [Worker 2] episode 416 finished. (AvgLatErr: 0.4627, Steps: 119)
  [Worker 2] episode 417 finished. (AvgLatErr: 0.4043, Steps: 124)
  [Worker 2] episode 418 finished. (AvgLatErr: 0.3837, Steps: 135)
  [Worker 2] episode 419 finished. (AvgLatErr: 0.4199, Steps: 121)
[Worker 2].
[Worker 1] TensorFlow device=GPU, mixed_precision=mixed_float16
[Worker 1] Random seed fixed: 200451
[Worker 1] started on GPU.
  [Worker 1] episode 410 finished. (AvgLatErr: 0.1557, Steps: 141)
  [Worker 1] episode 411 finished. (AvgLatErr: 0.1886, Steps: 148)
  [Worker 1] episode 412 finished. (AvgLatErr: 0.1636, Steps: 155)
  [Worker 1] episode 413 finished. (AvgLatErr: 0.1429, Steps: 170)
  [Worker 1] episode 414 finished. (AvgLatErr: 0.1503, Steps: 151)
  [Worker 1] episode 415 finished. (AvgLatErr: 0.2170, Steps: 144)
  [Worker 1] episode 416 finished. (AvgLatErr: 0.1208, Steps: 142)
  [Worker 1] episode 417 finished. (AvgLatErr: 0.1785, Steps: 128)
  [Worker 1] episode 418 finished. (AvgLatErr: 0.2137, Steps: 130)
  [Worker 1] episode 419 finished. (AvgLatErr: 0.1998, Steps: 126)
[Worker 1].
[Worker 3] TensorFlow device=GPU, mixed_precision=mixed_float16
[Worker 3] Random seed fixed: 400451
[Worker 3] started on GPU.
  [Worker 3] episode 410 finished. (AvgLatErr: 0.3358, Steps: 183)
  [Worker 3] episode 411 finished. (AvgLatErr: 0.5123, Steps: 194)
  [Worker 3] episode 412 finished. (AvgLatErr: 0.3544, Steps: 174)
  [Worker 3] episode 413 finished. (AvgLatErr: 0.3921, Steps: 186)
  [Worker 3] episode 414 finished. (AvgLatErr: 0.4343, Steps: 195)
  [Worker 3] episode 415 finished. (AvgLatErr: 0.4261, Steps: 181)
  [Worker 3] episode 416 finished. (AvgLatErr: 0.3698, Steps: 190)
  [Worker 3] episode 417 finished. (AvgLatErr: 0.3300, Steps: 190)
  [Worker 3] episode 418 finished. (AvgLatErr: 0.3226, Steps: 178)
  [Worker 3] episode 419 finished. (AvgLatErr: 0.4138, Steps: 181)
[Worker 3].
[Main] workers finished. (elapsed: 73.33s)
[Main] Aggregation-selected agents: [0, 1, 2, 3]
[Main] FedAdagrad update completed.
[Main] Replay buffers reset after global model update.
============================================================================================
419 EP / Agent 0 : Avg Lat Err 0.9728
419 EP / Agent 1 : Avg Lat Err 0.1998
419 EP / Agent 2 : Avg Lat Err 0.4199
419 EP / Agent 3 : Avg Lat Err 0.4138
============================================================================================

============================================================================================
[Main] FL round started. (episode 420 ~ 429)
[Main] Client selection: mode=all, budget=4
[Main] Participating agents: [0, 1, 2, 3]
[Worker 0] TensorFlow device=GPU, mixed_precision=mixed_float16
[Worker 0] Random seed fixed: 100461
[Worker 0] started on GPU.
  [Worker 0] episode 420 finished. (AvgLatErr: 1.2743, Steps: 129)
  [Worker 0] episode 421 finished. (AvgLatErr: 0.7697, Steps: 130)
  [Worker 0] episode 422 finished. (AvgLatErr: 0.8933, Steps: 143)
  [Worker 0] episode 423 finished. (AvgLatErr: 1.3165, Steps: 139)
  [Worker 0] episode 424 finished. (AvgLatErr: 1.1103, Steps: 147)
  [Worker 0] episode 425 finished. (AvgLatErr: 2.3770, Steps: 141)
  [Worker 0] episode 426 finished. (AvgLatErr: 0.6971, Steps: 135)
  [Worker 0] episode 427 finished. (AvgLatErr: 1.2210, Steps: 142)
  [Worker 0] episode 428 finished. (AvgLatErr: 1.0633, Steps: 143)
  [Worker 0] episode 429 finished. (AvgLatErr: 0.7068, Steps: 141)
[Worker 0].
[Worker 2] TensorFlow device=GPU, mixed_precision=mixed_float16
[Worker 2] Random seed fixed: 300461
[Worker 2] started on GPU.
  [Worker 2] episode 420 finished. (AvgLatErr: 0.3345, Steps: 133)
  [Worker 2] episode 421 finished. (AvgLatErr: 0.4278, Steps: 141)
  [Worker 2] episode 422 finished. (AvgLatErr: 0.2917, Steps: 127)
  [Worker 2] episode 423 finished. (AvgLatErr: 0.3321, Steps: 125)
  [Worker 2] episode 424 finished. (AvgLatErr: 0.3251, Steps: 142)
  [Worker 2] episode 425 finished. (AvgLatErr: 0.4887, Steps: 121)
  [Worker 2] episode 426 finished. (AvgLatErr: 0.6458, Steps: 128)
  [Worker 2] episode 427 finished. (AvgLatErr: 0.4176, Steps: 126)
  [Worker 2] episode 428 finished. (AvgLatErr: 0.4984, Steps: 136)
  [Worker 2] episode 429 finished. (AvgLatErr: 0.5233, Steps: 133)
[Worker 2].
[Worker 1] TensorFlow device=GPU, mixed_precision=mixed_float16
[Worker 1] Random seed fixed: 200461
[Worker 1] started on GPU.
  [Worker 1] episode 420 finished. (AvgLatErr: 0.1395, Steps: 149)
  [Worker 1] episode 421 finished. (AvgLatErr: 0.1646, Steps: 138)
  [Worker 1] episode 422 finished. (AvgLatErr: 0.1899, Steps: 150)
  [Worker 1] episode 423 finished. (AvgLatErr: 0.1717, Steps: 134)
  [Worker 1] episode 424 finished. (AvgLatErr: 0.1565, Steps: 151)
  [Worker 1] episode 425 finished. (AvgLatErr: 0.2245, Steps: 140)
  [Worker 1] episode 426 finished. (AvgLatErr: 0.1344, Steps: 147)
  [Worker 1] episode 427 finished. (AvgLatErr: 0.1485, Steps: 141)
  [Worker 1] episode 428 finished. (AvgLatErr: 0.1603, Steps: 145)
  [Worker 1] episode 429 finished. (AvgLatErr: 0.1436, Steps: 140)
[Worker 1].
[Worker 3] TensorFlow device=GPU, mixed_precision=mixed_float16
[Worker 3] Random seed fixed: 400461
[Worker 3] started on GPU.
  [Worker 3] episode 420 finished. (AvgLatErr: 0.3296, Steps: 200)
  [Worker 3] episode 421 finished. (AvgLatErr: 0.3400, Steps: 181)
  [Worker 3] episode 422 finished. (AvgLatErr: 0.4919, Steps: 198)
  [Worker 3] episode 423 finished. (AvgLatErr: 0.4991, Steps: 185)
  [Worker 3] episode 424 finished. (AvgLatErr: 0.3814, Steps: 176)
  [Worker 3] episode 425 finished. (AvgLatErr: 0.5468, Steps: 177)
  [Worker 3] episode 426 finished. (AvgLatErr: 0.7202, Steps: 184)
  [Worker 3] episode 427 finished. (AvgLatErr: 0.3422, Steps: 191)
  [Worker 3] episode 428 finished. (AvgLatErr: 0.7267, Steps: 182)
  [Worker 3] episode 429 finished. (AvgLatErr: 0.3827, Steps: 177)
[Worker 3].
[Main] workers finished. (elapsed: 90.28s)
[Main] Aggregation-selected agents: [0, 1, 2, 3]
[Main] FedAdagrad update completed.
[Main] Replay buffers reset after global model update.
============================================================================================
429 EP / Agent 0 : Avg Lat Err 0.7068
429 EP / Agent 1 : Avg Lat Err 0.1436
429 EP / Agent 2 : Avg Lat Err 0.5233
429 EP / Agent 3 : Avg Lat Err 0.3827
============================================================================================

============================================================================================
[Main] FL round started. (episode 430 ~ 439)
[Main] Client selection: mode=all, budget=4
[Main] Participating agents: [0, 1, 2, 3]
[Worker 0] TensorFlow device=GPU, mixed_precision=mixed_float16
[Worker 0] Random seed fixed: 100471
[Worker 0] started on GPU.
  [Worker 0] episode 430 finished. (AvgLatErr: 0.5993, Steps: 139)
  [Worker 0] episode 431 finished. (AvgLatErr: 0.6938, Steps: 144)
  [Worker 0] episode 432 finished. (AvgLatErr: 0.6421, Steps: 144)
  [Worker 0] episode 433 finished. (AvgLatErr: 0.9109, Steps: 139)
  [Worker 0] episode 434 finished. (AvgLatErr: 0.6122, Steps: 129)
  [Worker 0] episode 435 finished. (AvgLatErr: 0.7171, Steps: 129)
  [Worker 0] episode 436 finished. (AvgLatErr: 0.6489, Steps: 143)
  [Worker 0] episode 437 finished. (AvgLatErr: 0.9410, Steps: 134)
  [Worker 0] episode 438 finished. (AvgLatErr: 0.5912, Steps: 137)
  [Worker 0] episode 439 finished. (AvgLatErr: 1.3243, Steps: 136)
[Worker 0].
[Worker 1] TensorFlow device=GPU, mixed_precision=mixed_float16
[Worker 1] Random seed fixed: 200471
[Worker 1] started on GPU.
  [Worker 1] episode 430 finished. (AvgLatErr: 0.1492, Steps: 142)
  [Worker 1] episode 431 finished. (AvgLatErr: 0.1572, Steps: 128)
  [Worker 1] episode 432 finished. (AvgLatErr: 0.1282, Steps: 171)
  [Worker 1] episode 433 finished. (AvgLatErr: 0.2145, Steps: 156)
  [Worker 1] episode 434 finished. (AvgLatErr: 0.1288, Steps: 166)
  [Worker 1] episode 435 finished. (AvgLatErr: 0.1563, Steps: 167)
  [Worker 1] episode 436 finished. (AvgLatErr: 0.1141, Steps: 179)
  [Worker 1] episode 437 finished. (AvgLatErr: 0.1403, Steps: 166)
  [Worker 1] episode 438 finished. (AvgLatErr: 0.1705, Steps: 141)
  [Worker 1] episode 439 finished. (AvgLatErr: 0.1565, Steps: 157)
[Worker 1].
[Worker 2] TensorFlow device=GPU, mixed_precision=mixed_float16
[Worker 2] Random seed fixed: 300471
[Worker 2] started on GPU.
  [Worker 2] episode 430 finished. (AvgLatErr: 0.2984, Steps: 140)
  [Worker 2] episode 431 finished. (AvgLatErr: 0.3230, Steps: 136)
  [Worker 2] episode 432 finished. (AvgLatErr: 0.3533, Steps: 144)
  [Worker 2] episode 433 finished. (AvgLatErr: 0.2261, Steps: 136)
  [Worker 2] episode 434 finished. (AvgLatErr: 0.3100, Steps: 162)
  [Worker 2] episode 435 finished. (AvgLatErr: 0.2608, Steps: 136)
  [Worker 2] episode 436 finished. (AvgLatErr: 0.3073, Steps: 145)
  [Worker 2] episode 437 finished. (AvgLatErr: 0.3656, Steps: 151)
  [Worker 2] episode 438 finished. (AvgLatErr: 0.2311, Steps: 120)
  [Worker 2] episode 439 finished. (AvgLatErr: 0.2402, Steps: 135)
[Worker 2].
[Worker 3] TensorFlow device=GPU, mixed_precision=mixed_float16
[Worker 3] Random seed fixed: 400471
[Worker 3] started on GPU.
  [Worker 3] episode 430 finished. (AvgLatErr: 0.3818, Steps: 188)
  [Worker 3] episode 431 finished. (AvgLatErr: 0.4042, Steps: 200)
  [Worker 3] episode 432 finished. (AvgLatErr: 0.3022, Steps: 181)
  [Worker 3] episode 433 finished. (AvgLatErr: 0.5862, Steps: 184)
  [Worker 3] episode 434 finished. (AvgLatErr: 0.5268, Steps: 200)
  [Worker 3] episode 435 finished. (AvgLatErr: 0.7074, Steps: 176)
  [Worker 3] episode 436 finished. (AvgLatErr: 0.6798, Steps: 176)
  [Worker 3] episode 437 finished. (AvgLatErr: 0.2527, Steps: 184)
  [Worker 3] episode 438 finished. (AvgLatErr: 0.3607, Steps: 188)
  [Worker 3] episode 439 finished. (AvgLatErr: 0.3590, Steps: 175)
[Worker 3].
[Main] workers finished. (elapsed: 108.09s)
[Main] Aggregation-selected agents: [0, 1, 2, 3]
[Main] FedAdagrad update completed.
[Main] Replay buffers reset after global model update.
============================================================================================
439 EP / Agent 0 : Avg Lat Err 1.3243
439 EP / Agent 1 : Avg Lat Err 0.1565
439 EP / Agent 2 : Avg Lat Err 0.2402
439 EP / Agent 3 : Avg Lat Err 0.3590
============================================================================================

============================================================================================
[Main] FL round started. (episode 440 ~ 449)
[Main] Client selection: mode=all, budget=4
[Main] Participating agents: [0, 1, 2, 3]
[Worker 0] TensorFlow device=GPU, mixed_precision=mixed_float16
[Worker 0] Random seed fixed: 100481
[Worker 0] started on GPU.
  [Worker 0] episode 440 finished. (AvgLatErr: 0.6999, Steps: 128)
  [Worker 0] episode 441 finished. (AvgLatErr: 1.4304, Steps: 139)
  [Worker 0] episode 442 finished. (AvgLatErr: 0.9279, Steps: 138)
  [Worker 0] episode 443 finished. (AvgLatErr: 0.6103, Steps: 138)
  [Worker 0] episode 444 finished. (AvgLatErr: 0.8506, Steps: 133)
  [Worker 0] episode 445 finished. (AvgLatErr: 0.7281, Steps: 136)
  [Worker 0] episode 446 finished. (AvgLatErr: 0.6001, Steps: 137)
  [Worker 0] episode 447 finished. (AvgLatErr: 0.5481, Steps: 138)
  [Worker 0] episode 448 finished. (AvgLatErr: 0.9255, Steps: 137)
  [Worker 0] episode 449 finished. (AvgLatErr: 0.7740, Steps: 140)
[Worker 0].
[Worker 2] TensorFlow device=GPU, mixed_precision=mixed_float16
[Worker 2] Random seed fixed: 300481
[Worker 2] started on GPU.
  [Worker 2] episode 440 finished. (AvgLatErr: 0.3490, Steps: 133)
  [Worker 2] episode 441 finished. (AvgLatErr: 0.2255, Steps: 140)
  [Worker 2] episode 442 finished. (AvgLatErr: 0.2642, Steps: 158)
  [Worker 2] episode 443 finished. (AvgLatErr: 0.1972, Steps: 143)
  [Worker 2] episode 444 finished. (AvgLatErr: 0.2665, Steps: 149)
  [Worker 2] episode 445 finished. (AvgLatErr: 0.1209, Steps: 174)
  [Worker 2] episode 446 finished. (AvgLatErr: 0.3306, Steps: 142)
  [Worker 2] episode 447 finished. (AvgLatErr: 0.1963, Steps: 135)
  [Worker 2] episode 448 finished. (AvgLatErr: 0.3266, Steps: 139)
  [Worker 2] episode 449 finished. (AvgLatErr: 0.2059, Steps: 145)
[Worker 2].
[Worker 1] TensorFlow device=GPU, mixed_precision=mixed_float16
[Worker 1] Random seed fixed: 200481
[Worker 1] started on GPU.
  [Worker 1] episode 440 finished. (AvgLatErr: 0.1458, Steps: 138)
  [Worker 1] episode 441 finished. (AvgLatErr: 0.1394, Steps: 153)
  [Worker 1] episode 442 finished. (AvgLatErr: 0.1791, Steps: 188)
  [Worker 1] episode 443 finished. (AvgLatErr: 0.0998, Steps: 200)
  [Worker 1] episode 444 finished. (AvgLatErr: 0.1189, Steps: 175)
  [Worker 1] episode 445 finished. (AvgLatErr: 0.0988, Steps: 161)
  [Worker 1] episode 446 finished. (AvgLatErr: 0.1183, Steps: 169)
  [Worker 1] episode 447 finished. (AvgLatErr: 0.0921, Steps: 183)
  [Worker 1] episode 448 finished. (AvgLatErr: 0.1155, Steps: 161)
  [Worker 1] episode 449 finished. (AvgLatErr: 0.1053, Steps: 185)
[Worker 1].
[Worker 3] TensorFlow device=GPU, mixed_precision=mixed_float16
[Worker 3] Random seed fixed: 400481
[Worker 3] started on GPU.
  [Worker 3] episode 440 finished. (AvgLatErr: 0.2530, Steps: 197)
  [Worker 3] episode 441 finished. (AvgLatErr: 0.4006, Steps: 193)
  [Worker 3] episode 442 finished. (AvgLatErr: 0.5929, Steps: 192)
  [Worker 3] episode 443 finished. (AvgLatErr: 0.3067, Steps: 200)
  [Worker 3] episode 444 finished. (AvgLatErr: 0.4001, Steps: 200)
  [Worker 3] episode 445 finished. (AvgLatErr: 0.2696, Steps: 192)
  [Worker 3] episode 446 finished. (AvgLatErr: 0.2790, Steps: 197)
  [Worker 3] episode 447 finished. (AvgLatErr: 0.2831, Steps: 191)
  [Worker 3] episode 448 finished. (AvgLatErr: 0.4315, Steps: 193)
  [Worker 3] episode 449 finished. (AvgLatErr: 0.3699, Steps: 199)
[Worker 3].
[Main] workers finished. (elapsed: 102.93s)
[Main] Aggregation-selected agents: [0, 1, 2, 3]
[Main] FedAdagrad update completed.
[Main] Replay buffers reset after global model update.
============================================================================================
449 EP / Agent 0 : Avg Lat Err 0.7740
449 EP / Agent 1 : Avg Lat Err 0.1053
449 EP / Agent 2 : Avg Lat Err 0.2059
449 EP / Agent 3 : Avg Lat Err 0.3699
============================================================================================
[Main] Model checkpoint saved: C:\Users\syd79\FRL-Q\experiments\optimized_fedadagrad_4all_20260916_run1_all_4of4\checkpoints\global_model_episode_000450.weights.h5

============================================================================================
[Main] FL round started. (episode 450 ~ 459)
[Main] Client selection: mode=all, budget=4
[Main] Participating agents: [0, 1, 2, 3]
[Worker 0] TensorFlow device=GPU, mixed_precision=mixed_float16
[Worker 0] Random seed fixed: 100491
[Worker 0] started on GPU.
  [Worker 0] episode 450 finished. (AvgLatErr: 0.4647, Steps: 130)
  [Worker 0] episode 451 finished. (AvgLatErr: 0.6059, Steps: 144)
  [Worker 0] episode 452 finished. (AvgLatErr: 1.0421, Steps: 138)
  [Worker 0] episode 453 finished. (AvgLatErr: 0.7972, Steps: 137)
  [Worker 0] episode 454 finished. (AvgLatErr: 1.0741, Steps: 134)
  [Worker 0] episode 455 finished. (AvgLatErr: 0.8360, Steps: 139)
  [Worker 0] episode 456 finished. (AvgLatErr: 0.7548, Steps: 135)
  [Worker 0] episode 457 finished. (AvgLatErr: 0.4790, Steps: 140)
  [Worker 0] episode 458 finished. (AvgLatErr: 0.3917, Steps: 136)
  [Worker 0] episode 459 finished. (AvgLatErr: 0.4753, Steps: 137)
[Worker 0].
[Worker 2] TensorFlow device=GPU, mixed_precision=mixed_float16
[Worker 2] Random seed fixed: 300491
[Worker 2] started on GPU.
  [Worker 2] episode 450 finished. (AvgLatErr: 0.3137, Steps: 139)
  [Worker 2] episode 451 finished. (AvgLatErr: 0.2660, Steps: 158)
  [Worker 2] episode 452 finished. (AvgLatErr: 0.2088, Steps: 144)
  [Worker 2] episode 453 finished. (AvgLatErr: 0.4420, Steps: 147)
  [Worker 2] episode 454 finished. (AvgLatErr: 0.2954, Steps: 159)
  [Worker 2] episode 455 finished. (AvgLatErr: 0.4453, Steps: 136)
  [Worker 2] episode 456 finished. (AvgLatErr: 0.2283, Steps: 143)
  [Worker 2] episode 457 finished. (AvgLatErr: 0.4316, Steps: 155)
  [Worker 2] episode 458 finished. (AvgLatErr: 0.3496, Steps: 131)
  [Worker 2] episode 459 finished. (AvgLatErr: 0.3131, Steps: 142)
[Worker 2].
[Worker 1] TensorFlow device=GPU, mixed_precision=mixed_float16
[Worker 1] Random seed fixed: 200491
[Worker 1] started on GPU.
  [Worker 1] episode 450 finished. (AvgLatErr: 0.1301, Steps: 155)
  [Worker 1] episode 451 finished. (AvgLatErr: 0.1260, Steps: 200)
  [Worker 1] episode 452 finished. (AvgLatErr: 0.1158, Steps: 156)
  [Worker 1] episode 453 finished. (AvgLatErr: 0.1028, Steps: 171)
  [Worker 1] episode 454 finished. (AvgLatErr: 0.1066, Steps: 174)
  [Worker 1] episode 455 finished. (AvgLatErr: 0.1033, Steps: 183)
  [Worker 1] episode 456 finished. (AvgLatErr: 0.1054, Steps: 153)
  [Worker 1] episode 457 finished. (AvgLatErr: 0.1567, Steps: 155)
  [Worker 1] episode 458 finished. (AvgLatErr: 0.0952, Steps: 171)
  [Worker 1] episode 459 finished. (AvgLatErr: 0.1051, Steps: 173)
[Worker 1].
[Worker 3] TensorFlow device=GPU, mixed_precision=mixed_float16
[Worker 3] Random seed fixed: 400491
[Worker 3] started on GPU.
  [Worker 3] episode 450 finished. (AvgLatErr: 0.3089, Steps: 200)
  [Worker 3] episode 451 finished. (AvgLatErr: 0.2832, Steps: 190)
  [Worker 3] episode 452 finished. (AvgLatErr: 0.2731, Steps: 200)
  [Worker 3] episode 453 finished. (AvgLatErr: 0.3578, Steps: 193)
  [Worker 3] episode 454 finished. (AvgLatErr: 0.5244, Steps: 183)
  [Worker 3] episode 455 finished. (AvgLatErr: 0.3687, Steps: 188)
  [Worker 3] episode 456 finished. (AvgLatErr: 0.4290, Steps: 186)
  [Worker 3] episode 457 finished. (AvgLatErr: 0.3084, Steps: 200)
  [Worker 3] episode 458 finished. (AvgLatErr: 0.6163, Steps: 194)
  [Worker 3] episode 459 finished. (AvgLatErr: 0.2070, Steps: 198)
[Worker 3].
[Main] workers finished. (elapsed: 88.95s)
[Main] Aggregation-selected agents: [0, 1, 2, 3]
[Main] FedAdagrad update completed.
[Main] Replay buffers reset after global model update.
============================================================================================
459 EP / Agent 0 : Avg Lat Err 0.4753
459 EP / Agent 1 : Avg Lat Err 0.1051
459 EP / Agent 2 : Avg Lat Err 0.3131
459 EP / Agent 3 : Avg Lat Err 0.2070
============================================================================================

============================================================================================
[Main] FL round started. (episode 460 ~ 469)
[Main] Client selection: mode=all, budget=4
[Main] Participating agents: [0, 1, 2, 3]
[Worker 0] TensorFlow device=GPU, mixed_precision=mixed_float16
[Worker 0] Random seed fixed: 100501
[Worker 0] started on GPU.
  [Worker 0] episode 460 finished. (AvgLatErr: 0.5572, Steps: 138)
  [Worker 0] episode 461 finished. (AvgLatErr: 1.1531, Steps: 132)
  [Worker 0] episode 462 finished. (AvgLatErr: 1.2327, Steps: 130)
  [Worker 0] episode 463 finished. (AvgLatErr: 1.0559, Steps: 149)
  [Worker 0] episode 464 finished. (AvgLatErr: 0.7819, Steps: 136)
  [Worker 0] episode 465 finished. (AvgLatErr: 0.5913, Steps: 139)
  [Worker 0] episode 466 finished. (AvgLatErr: 0.7506, Steps: 141)
  [Worker 0] episode 467 finished. (AvgLatErr: 0.7949, Steps: 140)
  [Worker 0] episode 468 finished. (AvgLatErr: 0.4026, Steps: 139)
  [Worker 0] episode 469 finished. (AvgLatErr: 0.6160, Steps: 142)
[Worker 0].
[Worker 2] TensorFlow device=GPU, mixed_precision=mixed_float16
[Worker 2] Random seed fixed: 300501
[Worker 2] started on GPU.
  [Worker 2] episode 460 finished. (AvgLatErr: 0.2263, Steps: 149)
  [Worker 2] episode 461 finished. (AvgLatErr: 0.2839, Steps: 168)
  [Worker 2] episode 462 finished. (AvgLatErr: 0.2167, Steps: 169)
  [Worker 2] episode 463 finished. (AvgLatErr: 0.2901, Steps: 159)
  [Worker 2] episode 464 finished. (AvgLatErr: 0.2794, Steps: 154)
  [Worker 2] episode 465 finished. (AvgLatErr: 0.2691, Steps: 150)
  [Worker 2] episode 466 finished. (AvgLatErr: 0.2741, Steps: 158)
  [Worker 2] episode 467 finished. (AvgLatErr: 0.1770, Steps: 150)
  [Worker 2] episode 468 finished. (AvgLatErr: 0.2223, Steps: 141)
  [Worker 2] episode 469 finished. (AvgLatErr: 0.2948, Steps: 152)
[Worker 2].
[Worker 1] TensorFlow device=GPU, mixed_precision=mixed_float16
[Worker 1] Random seed fixed: 200501
[Worker 1] started on GPU.
  [Worker 1] episode 460 finished. (AvgLatErr: 0.1136, Steps: 200)
  [Worker 1] episode 461 finished. (AvgLatErr: 0.1009, Steps: 169)
  [Worker 1] episode 462 finished. (AvgLatErr: 0.0897, Steps: 179)
  [Worker 1] episode 463 finished. (AvgLatErr: 0.1055, Steps: 187)
  [Worker 1] episode 464 finished. (AvgLatErr: 0.1491, Steps: 164)
  [Worker 1] episode 465 finished. (AvgLatErr: 0.0918, Steps: 186)
  [Worker 1] episode 466 finished. (AvgLatErr: 0.1839, Steps: 182)
  [Worker 1] episode 467 finished. (AvgLatErr: 0.0952, Steps: 177)
  [Worker 1] episode 468 finished. (AvgLatErr: 0.1023, Steps: 179)
  [Worker 1] episode 469 finished. (AvgLatErr: 0.1125, Steps: 172)
[Worker 1].
[Worker 3] TensorFlow device=GPU, mixed_precision=mixed_float16
[Worker 3] Random seed fixed: 400501
[Worker 3] started on GPU.
  [Worker 3] episode 460 finished. (AvgLatErr: 0.3008, Steps: 200)
  [Worker 3] episode 461 finished. (AvgLatErr: 0.1914, Steps: 200)
  [Worker 3] episode 462 finished. (AvgLatErr: 0.2042, Steps: 200)
  [Worker 3] episode 463 finished. (AvgLatErr: 0.2172, Steps: 200)
  [Worker 3] episode 464 finished. (AvgLatErr: 0.2430, Steps: 200)
  [Worker 3] episode 465 finished. (AvgLatErr: 0.2125, Steps: 200)
  [Worker 3] episode 466 finished. (AvgLatErr: 0.2210, Steps: 200)
  [Worker 3] episode 467 finished. (AvgLatErr: 0.1966, Steps: 200)
  [Worker 3] episode 468 finished. (AvgLatErr: 0.2290, Steps: 200)
  [Worker 3] episode 469 finished. (AvgLatErr: 0.2237, Steps: 200)
[Worker 3].
[Main] workers finished. (elapsed: 78.01s)
[Main] Aggregation-selected agents: [0, 1, 2, 3]
[Main] FedAdagrad update completed.
[Main] Replay buffers reset after global model update.
============================================================================================
469 EP / Agent 0 : Avg Lat Err 0.6160
469 EP / Agent 1 : Avg Lat Err 0.1125
469 EP / Agent 2 : Avg Lat Err 0.2948
469 EP / Agent 3 : Avg Lat Err 0.2237
============================================================================================

============================================================================================
[Main] FL round started. (episode 470 ~ 479)
[Main] Client selection: mode=all, budget=4
[Main] Participating agents: [0, 1, 2, 3]
[Worker 0] TensorFlow device=GPU, mixed_precision=mixed_float16
[Worker 0] Random seed fixed: 100511
[Worker 0] started on GPU.
  [Worker 0] episode 470 finished. (AvgLatErr: 0.6333, Steps: 140)
  [Worker 0] episode 471 finished. (AvgLatErr: 0.8527, Steps: 146)
  [Worker 0] episode 472 finished. (AvgLatErr: 0.8453, Steps: 140)
  [Worker 0] episode 473 finished. (AvgLatErr: 0.5463, Steps: 145)
  [Worker 0] episode 474 finished. (AvgLatErr: 0.9052, Steps: 141)
  [Worker 0] episode 475 finished. (AvgLatErr: 0.5158, Steps: 159)
  [Worker 0] episode 476 finished. (AvgLatErr: 0.8502, Steps: 149)
  [Worker 0] episode 477 finished. (AvgLatErr: 0.5135, Steps: 150)
  [Worker 0] episode 478 finished. (AvgLatErr: 0.7573, Steps: 145)
  [Worker 0] episode 479 finished. (AvgLatErr: 0.7323, Steps: 151)
[Worker 0].
[Worker 2] TensorFlow device=GPU, mixed_precision=mixed_float16
[Worker 2] Random seed fixed: 300511
[Worker 2] started on GPU.
  [Worker 2] episode 470 finished. (AvgLatErr: 0.3110, Steps: 148)
  [Worker 2] episode 471 finished. (AvgLatErr: 0.4134, Steps: 140)
  [Worker 2] episode 472 finished. (AvgLatErr: 0.2499, Steps: 140)
  [Worker 2] episode 473 finished. (AvgLatErr: 0.2425, Steps: 182)
  [Worker 2] episode 474 finished. (AvgLatErr: 0.3045, Steps: 152)
  [Worker 2] episode 475 finished. (AvgLatErr: 0.2743, Steps: 140)
  [Worker 2] episode 476 finished. (AvgLatErr: 0.3340, Steps: 153)
  [Worker 2] episode 477 finished. (AvgLatErr: 0.4124, Steps: 145)
  [Worker 2] episode 478 finished. (AvgLatErr: 0.3148, Steps: 165)
  [Worker 2] episode 479 finished. (AvgLatErr: 0.1988, Steps: 140)
[Worker 2].
[Worker 1] TensorFlow device=GPU, mixed_precision=mixed_float16
[Worker 1] Random seed fixed: 200511
[Worker 1] started on GPU.
  [Worker 1] episode 470 finished. (AvgLatErr: 0.0946, Steps: 182)
  [Worker 1] episode 471 finished. (AvgLatErr: 0.0786, Steps: 200)
  [Worker 1] episode 472 finished. (AvgLatErr: 0.0853, Steps: 200)
  [Worker 1] episode 473 finished. (AvgLatErr: 0.1005, Steps: 200)
  [Worker 1] episode 474 finished. (AvgLatErr: 0.0866, Steps: 174)
  [Worker 1] episode 475 finished. (AvgLatErr: 0.0898, Steps: 171)
  [Worker 1] episode 476 finished. (AvgLatErr: 0.1242, Steps: 166)
  [Worker 1] episode 477 finished. (AvgLatErr: 0.1099, Steps: 186)
  [Worker 1] episode 478 finished. (AvgLatErr: 0.0970, Steps: 180)
  [Worker 1] episode 479 finished. (AvgLatErr: 0.1161, Steps: 169)
[Worker 1].
[Worker 3] TensorFlow device=GPU, mixed_precision=mixed_float16
[Worker 3] Random seed fixed: 400511
[Worker 3] started on GPU.
  [Worker 3] episode 470 finished. (AvgLatErr: 0.2067, Steps: 200)
  [Worker 3] episode 471 finished. (AvgLatErr: 0.2571, Steps: 200)
  [Worker 3] episode 472 finished. (AvgLatErr: 0.2818, Steps: 200)
  [Worker 3] episode 473 finished. (AvgLatErr: 0.3450, Steps: 200)
  [Worker 3] episode 474 finished. (AvgLatErr: 0.2281, Steps: 200)
  [Worker 3] episode 475 finished. (AvgLatErr: 0.3483, Steps: 195)
  [Worker 3] episode 476 finished. (AvgLatErr: 0.4955, Steps: 186)
  [Worker 3] episode 477 finished. (AvgLatErr: 0.3193, Steps: 188)
  [Worker 3] episode 478 finished. (AvgLatErr: 0.2917, Steps: 200)
  [Worker 3] episode 479 finished. (AvgLatErr: 0.3894, Steps: 194)
[Worker 3].
[Main] workers finished. (elapsed: 84.38s)
[Main] Aggregation-selected agents: [0, 1, 2, 3]
[Main] FedAdagrad update completed.
[Main] Replay buffers reset after global model update.
============================================================================================
479 EP / Agent 0 : Avg Lat Err 0.7323
479 EP / Agent 1 : Avg Lat Err 0.1161
479 EP / Agent 2 : Avg Lat Err 0.1988
479 EP / Agent 3 : Avg Lat Err 0.3894
============================================================================================

============================================================================================
[Main] FL round started. (episode 480 ~ 489)
[Main] Client selection: mode=all, budget=4
[Main] Participating agents: [0, 1, 2, 3]
[Worker 0] TensorFlow device=GPU, mixed_precision=mixed_float16
[Worker 0] Random seed fixed: 100521
[Worker 0] started on GPU.
  [Worker 0] episode 480 finished. (AvgLatErr: 0.4313, Steps: 142)
  [Worker 0] episode 481 finished. (AvgLatErr: 0.3462, Steps: 134)
  [Worker 0] episode 482 finished. (AvgLatErr: 0.3875, Steps: 142)
  [Worker 0] episode 483 finished. (AvgLatErr: 0.3218, Steps: 148)
  [Worker 0] episode 484 finished. (AvgLatErr: 1.2857, Steps: 152)
  [Worker 0] episode 485 finished. (AvgLatErr: 0.7115, Steps: 140)
  [Worker 0] episode 486 finished. (AvgLatErr: 0.3547, Steps: 152)
  [Worker 0] episode 487 finished. (AvgLatErr: 0.7234, Steps: 145)
  [Worker 0] episode 488 finished. (AvgLatErr: 0.5138, Steps: 150)
  [Worker 0] episode 489 finished. (AvgLatErr: 1.6303, Steps: 110)
[Worker 0].
[Worker 1] TensorFlow device=GPU, mixed_precision=mixed_float16
[Worker 1] Random seed fixed: 200521
[Worker 1] started on GPU.
  [Worker 1] episode 480 finished. (AvgLatErr: 0.0985, Steps: 188)
  [Worker 1] episode 481 finished. (AvgLatErr: 0.0861, Steps: 190)
  [Worker 1] episode 482 finished. (AvgLatErr: 0.1495, Steps: 153)
  [Worker 1] episode 483 finished. (AvgLatErr: 0.1154, Steps: 162)
  [Worker 1] episode 484 finished. (AvgLatErr: 0.1274, Steps: 178)
  [Worker 1] episode 485 finished. (AvgLatErr: 0.1350, Steps: 149)
  [Worker 1] episode 486 finished. (AvgLatErr: 0.1286, Steps: 152)
  [Worker 1] episode 487 finished. (AvgLatErr: 0.1499, Steps: 152)
  [Worker 1] episode 488 finished. (AvgLatErr: 0.1006, Steps: 162)
  [Worker 1] episode 489 finished. (AvgLatErr: 0.1032, Steps: 161)
[Worker 1].
[Worker 2] TensorFlow device=GPU, mixed_precision=mixed_float16
[Worker 2] Random seed fixed: 300521
[Worker 2] started on GPU.
  [Worker 2] episode 480 finished. (AvgLatErr: 0.1607, Steps: 157)
  [Worker 2] episode 481 finished. (AvgLatErr: 0.2218, Steps: 177)
  [Worker 2] episode 482 finished. (AvgLatErr: 0.1815, Steps: 150)
  [Worker 2] episode 483 finished. (AvgLatErr: 0.1534, Steps: 180)
  [Worker 2] episode 484 finished. (AvgLatErr: 0.1597, Steps: 165)
  [Worker 2] episode 485 finished. (AvgLatErr: 0.1953, Steps: 145)
  [Worker 2] episode 486 finished. (AvgLatErr: 0.2431, Steps: 163)
  [Worker 2] episode 487 finished. (AvgLatErr: 0.4514, Steps: 158)
  [Worker 2] episode 488 finished. (AvgLatErr: 0.2748, Steps: 149)
  [Worker 2] episode 489 finished. (AvgLatErr: 0.2715, Steps: 132)
[Worker 2].
[Worker 3] TensorFlow device=GPU, mixed_precision=mixed_float16
[Worker 3] Random seed fixed: 400521
[Worker 3] started on GPU.
  [Worker 3] episode 480 finished. (AvgLatErr: 0.2418, Steps: 200)
  [Worker 3] episode 481 finished. (AvgLatErr: 0.2755, Steps: 197)
  [Worker 3] episode 482 finished. (AvgLatErr: 0.2145, Steps: 200)
  [Worker 3] episode 483 finished. (AvgLatErr: 0.3505, Steps: 192)
  [Worker 3] episode 484 finished. (AvgLatErr: 0.4445, Steps: 176)
  [Worker 3] episode 485 finished. (AvgLatErr: 0.3897, Steps: 180)
  [Worker 3] episode 486 finished. (AvgLatErr: 0.3840, Steps: 182)
  [Worker 3] episode 487 finished. (AvgLatErr: 0.5498, Steps: 190)
  [Worker 3] episode 488 finished. (AvgLatErr: 0.4075, Steps: 199)
  [Worker 3] episode 489 finished. (AvgLatErr: 0.3783, Steps: 194)
[Worker 3].
[Main] workers finished. (elapsed: 99.48s)
[Main] Aggregation-selected agents: [0, 1, 2, 3]
[Main] FedAdagrad update completed.
[Main] Replay buffers reset after global model update.
============================================================================================
489 EP / Agent 0 : Avg Lat Err 1.6303
489 EP / Agent 1 : Avg Lat Err 0.1032
489 EP / Agent 2 : Avg Lat Err 0.2715
489 EP / Agent 3 : Avg Lat Err 0.3783
============================================================================================

============================================================================================
[Main] FL round started. (episode 490 ~ 499)
[Main] Client selection: mode=all, budget=4
[Main] Participating agents: [0, 1, 2, 3]
[Worker 0] TensorFlow device=GPU, mixed_precision=mixed_float16
[Worker 0] Random seed fixed: 100531
[Worker 0] started on GPU.
  [Worker 0] episode 490 finished. (AvgLatErr: 0.3383, Steps: 136)
  [Worker 0] episode 491 finished. (AvgLatErr: 0.6731, Steps: 138)
  [Worker 0] episode 492 finished. (AvgLatErr: 0.5389, Steps: 136)
  [Worker 0] episode 493 finished. (AvgLatErr: 0.8231, Steps: 136)
  [Worker 0] episode 494 finished. (AvgLatErr: 0.6952, Steps: 135)
  [Worker 0] episode 495 finished. (AvgLatErr: 0.7289, Steps: 135)
  [Worker 0] episode 496 finished. (AvgLatErr: 0.7938, Steps: 142)
  [Worker 0] episode 497 finished. (AvgLatErr: 0.4608, Steps: 147)
  [Worker 0] episode 498 finished. (AvgLatErr: 0.6329, Steps: 146)
  [Worker 0] episode 499 finished. (AvgLatErr: 0.5010, Steps: 141)
[Worker 0].
[Worker 2] TensorFlow device=GPU, mixed_precision=mixed_float16
[Worker 2] Random seed fixed: 300531
[Worker 2] started on GPU.
  [Worker 2] episode 490 finished. (AvgLatErr: 0.2770, Steps: 138)
  [Worker 2] episode 491 finished. (AvgLatErr: 0.3270, Steps: 139)
  [Worker 2] episode 492 finished. (AvgLatErr: 0.4019, Steps: 131)
  [Worker 2] episode 493 finished. (AvgLatErr: 0.2151, Steps: 158)
  [Worker 2] episode 494 finished. (AvgLatErr: 0.2549, Steps: 149)
  [Worker 2] episode 495 finished. (AvgLatErr: 0.4853, Steps: 151)
  [Worker 2] episode 496 finished. (AvgLatErr: 0.2494, Steps: 141)
  [Worker 2] episode 497 finished. (AvgLatErr: 0.1329, Steps: 161)
  [Worker 2] episode 498 finished. (AvgLatErr: 0.3442, Steps: 154)
  [Worker 2] episode 499 finished. (AvgLatErr: 0.3177, Steps: 154)
[Worker 2].
[Worker 1] TensorFlow device=GPU, mixed_precision=mixed_float16
[Worker 1] Random seed fixed: 200531
[Worker 1] started on GPU.
  [Worker 1] episode 490 finished. (AvgLatErr: 0.1201, Steps: 164)
  [Worker 1] episode 491 finished. (AvgLatErr: 0.1087, Steps: 163)
  [Worker 1] episode 492 finished. (AvgLatErr: 0.1052, Steps: 161)
  [Worker 1] episode 493 finished. (AvgLatErr: 0.1096, Steps: 168)
  [Worker 1] episode 494 finished. (AvgLatErr: 0.1117, Steps: 188)
  [Worker 1] episode 495 finished. (AvgLatErr: 0.0965, Steps: 200)
  [Worker 1] episode 496 finished. (AvgLatErr: 0.0934, Steps: 200)
  [Worker 1] episode 497 finished. (AvgLatErr: 0.1259, Steps: 172)
  [Worker 1] episode 498 finished. (AvgLatErr: 0.0827, Steps: 199)
  [Worker 1] episode 499 finished. (AvgLatErr: 0.0796, Steps: 191)
[Worker 1].
[Worker 3] TensorFlow device=GPU, mixed_precision=mixed_float16
[Worker 3] Random seed fixed: 400531
[Worker 3] started on GPU.
  [Worker 3] episode 490 finished. (AvgLatErr: 0.2278, Steps: 198)
  [Worker 3] episode 491 finished. (AvgLatErr: 0.5444, Steps: 200)
  [Worker 3] episode 492 finished. (AvgLatErr: 0.3732, Steps: 195)
  [Worker 3] episode 493 finished. (AvgLatErr: 0.2999, Steps: 200)
  [Worker 3] episode 494 finished. (AvgLatErr: 0.4207, Steps: 188)
  [Worker 3] episode 495 finished. (AvgLatErr: 0.4218, Steps: 179)
  [Worker 3] episode 496 finished. (AvgLatErr: 0.3112, Steps: 188)
  [Worker 3] episode 497 finished. (AvgLatErr: 0.5856, Steps: 190)
  [Worker 3] episode 498 finished. (AvgLatErr: 0.4024, Steps: 186)
  [Worker 3] episode 499 finished. (AvgLatErr: 0.4190, Steps: 181)
[Worker 3].
[Main] workers finished. (elapsed: 102.04s)
[Main] Aggregation-selected agents: [0, 1, 2, 3]
[Main] FedAdagrad update completed.
[Main] Replay buffers reset after global model update.
============================================================================================
499 EP / Agent 0 : Avg Lat Err 0.5010
499 EP / Agent 1 : Avg Lat Err 0.0796
499 EP / Agent 2 : Avg Lat Err 0.3177
499 EP / Agent 3 : Avg Lat Err 0.4190
============================================================================================
[Main] Model checkpoint saved: C:\Users\syd79\FRL-Q\experiments\optimized_fedadagrad_4all_20260916_run1_all_4of4\checkpoints\global_model_episode_000500.weights.h5

============================================================================================
[Main] FL round started. (episode 500 ~ 509)
[Main] Client selection: mode=all, budget=4
[Main] Participating agents: [0, 1, 2, 3]
[Worker 0] TensorFlow device=GPU, mixed_precision=mixed_float16
[Worker 0] Random seed fixed: 100541
[Worker 0] started on GPU.
  [Worker 0] episode 500 finished. (AvgLatErr: 0.6124, Steps: 144)
  [Worker 0] episode 501 finished. (AvgLatErr: 0.4239, Steps: 157)
  [Worker 0] episode 502 finished. (AvgLatErr: 0.5858, Steps: 145)
  [Worker 0] episode 503 finished. (AvgLatErr: 0.5813, Steps: 135)
  [Worker 0] episode 504 finished. (AvgLatErr: 0.3525, Steps: 148)
  [Worker 0] episode 505 finished. (AvgLatErr: 0.7706, Steps: 153)
  [Worker 0] episode 506 finished. (AvgLatErr: 0.5846, Steps: 136)
  [Worker 0] episode 507 finished. (AvgLatErr: 0.9095, Steps: 155)
  [Worker 0] episode 508 finished. (AvgLatErr: 0.8861, Steps: 147)
  [Worker 0] episode 509 finished. (AvgLatErr: 0.9295, Steps: 138)
[Worker 0].
[Worker 1] TensorFlow device=GPU, mixed_precision=mixed_float16
[Worker 1] Random seed fixed: 200541
[Worker 1] started on GPU.
  [Worker 1] episode 500 finished. (AvgLatErr: 0.1263, Steps: 152)
  [Worker 1] episode 501 finished. (AvgLatErr: 0.1416, Steps: 167)
  [Worker 1] episode 502 finished. (AvgLatErr: 0.1139, Steps: 148)
  [Worker 1] episode 503 finished. (AvgLatErr: 0.2143, Steps: 146)
  [Worker 1] episode 504 finished. (AvgLatErr: 0.1185, Steps: 153)
  [Worker 1] episode 505 finished. (AvgLatErr: 0.1133, Steps: 157)
  [Worker 1] episode 506 finished. (AvgLatErr: 0.1604, Steps: 144)
  [Worker 1] episode 507 finished. (AvgLatErr: 0.1562, Steps: 142)
  [Worker 1] episode 508 finished. (AvgLatErr: 0.1623, Steps: 129)
  [Worker 1] episode 509 finished. (AvgLatErr: 0.1580, Steps: 165)
[Worker 1].
[Worker 2] TensorFlow device=GPU, mixed_precision=mixed_float16
[Worker 2] Random seed fixed: 300541
[Worker 2] started on GPU.
  [Worker 2] episode 500 finished. (AvgLatErr: 0.2664, Steps: 140)
  [Worker 2] episode 501 finished. (AvgLatErr: 0.3925, Steps: 146)
  [Worker 2] episode 502 finished. (AvgLatErr: 0.2948, Steps: 137)
  [Worker 2] episode 503 finished. (AvgLatErr: 0.4190, Steps: 135)
  [Worker 2] episode 504 finished. (AvgLatErr: 0.2782, Steps: 145)
  [Worker 2] episode 505 finished. (AvgLatErr: 0.2748, Steps: 131)
  [Worker 2] episode 506 finished. (AvgLatErr: 0.2966, Steps: 136)
  [Worker 2] episode 507 finished. (AvgLatErr: 0.4078, Steps: 133)
  [Worker 2] episode 508 finished. (AvgLatErr: 0.4072, Steps: 135)
  [Worker 2] episode 509 finished. (AvgLatErr: 0.2433, Steps: 127)
[Worker 2].
[Worker 3] TensorFlow device=GPU, mixed_precision=mixed_float16
[Worker 3] Random seed fixed: 400541
[Worker 3] started on GPU.
  [Worker 3] episode 500 finished. (AvgLatErr: 0.3025, Steps: 200)
  [Worker 3] episode 501 finished. (AvgLatErr: 0.3607, Steps: 200)
  [Worker 3] episode 502 finished. (AvgLatErr: 0.3977, Steps: 200)
  [Worker 3] episode 503 finished. (AvgLatErr: 0.4459, Steps: 193)
  [Worker 3] episode 504 finished. (AvgLatErr: 0.2715, Steps: 200)
  [Worker 3] episode 505 finished. (AvgLatErr: 0.3713, Steps: 200)
  [Worker 3] episode 506 finished. (AvgLatErr: 0.3826, Steps: 188)
  [Worker 3] episode 507 finished. (AvgLatErr: 0.3494, Steps: 192)
  [Worker 3] episode 508 finished. (AvgLatErr: 0.3753, Steps: 194)
  [Worker 3] episode 509 finished. (AvgLatErr: 0.3369, Steps: 200)
[Worker 3].
[Main] workers finished. (elapsed: 93.03s)
[Main] Aggregation-selected agents: [0, 1, 2, 3]
[Main] FedAdagrad update completed.
[Main] Replay buffers reset after global model update.
============================================================================================
509 EP / Agent 0 : Avg Lat Err 0.9295
509 EP / Agent 1 : Avg Lat Err 0.1580
509 EP / Agent 2 : Avg Lat Err 0.2433
509 EP / Agent 3 : Avg Lat Err 0.3369
============================================================================================

============================================================================================
[Main] FL round started. (episode 510 ~ 519)
[Main] Client selection: mode=all, budget=4
[Main] Participating agents: [0, 1, 2, 3]
[Worker 0] TensorFlow device=GPU, mixed_precision=mixed_float16
[Worker 0] Random seed fixed: 100551
[Worker 0] started on GPU.
  [Worker 0] episode 510 finished. (AvgLatErr: 0.4439, Steps: 138)
  [Worker 0] episode 511 finished. (AvgLatErr: 0.1925, Steps: 162)
  [Worker 0] episode 512 finished. (AvgLatErr: 0.8077, Steps: 150)
  [Worker 0] episode 513 finished. (AvgLatErr: 0.2678, Steps: 153)
  [Worker 0] episode 514 finished. (AvgLatErr: 0.4428, Steps: 147)
  [Worker 0] episode 515 finished. (AvgLatErr: 0.3280, Steps: 154)
  [Worker 0] episode 516 finished. (AvgLatErr: 0.3151, Steps: 156)
  [Worker 0] episode 517 finished. (AvgLatErr: 0.4025, Steps: 152)
  [Worker 0] episode 518 finished. (AvgLatErr: 0.5029, Steps: 149)
  [Worker 0] episode 519 finished. (AvgLatErr: 0.3501, Steps: 161)
[Worker 0].
[Worker 2] TensorFlow device=GPU, mixed_precision=mixed_float16
[Worker 2] Random seed fixed: 300551
[Worker 2] started on GPU.
  [Worker 2] episode 510 finished. (AvgLatErr: 0.3339, Steps: 145)
  [Worker 2] episode 511 finished. (AvgLatErr: 0.2293, Steps: 139)
  [Worker 2] episode 512 finished. (AvgLatErr: 0.4151, Steps: 136)
  [Worker 2] episode 513 finished. (AvgLatErr: 0.3490, Steps: 153)
  [Worker 2] episode 514 finished. (AvgLatErr: 0.2798, Steps: 130)
  [Worker 2] episode 515 finished. (AvgLatErr: 0.4618, Steps: 128)
  [Worker 2] episode 516 finished. (AvgLatErr: 0.3898, Steps: 142)
  [Worker 2] episode 517 finished. (AvgLatErr: 0.2694, Steps: 141)
  [Worker 2] episode 518 finished. (AvgLatErr: 0.3072, Steps: 132)
  [Worker 2] episode 519 finished. (AvgLatErr: 0.3309, Steps: 148)
[Worker 2].
[Worker 1] TensorFlow device=GPU, mixed_precision=mixed_float16
[Worker 1] Random seed fixed: 200551
[Worker 1] started on GPU.
  [Worker 1] episode 510 finished. (AvgLatErr: 0.1029, Steps: 176)
  [Worker 1] episode 511 finished. (AvgLatErr: 0.1241, Steps: 167)
  [Worker 1] episode 512 finished. (AvgLatErr: 0.1275, Steps: 148)
  [Worker 1] episode 513 finished. (AvgLatErr: 0.1254, Steps: 155)
  [Worker 1] episode 514 finished. (AvgLatErr: 0.1625, Steps: 161)
  [Worker 1] episode 515 finished. (AvgLatErr: 0.1068, Steps: 160)
  [Worker 1] episode 516 finished. (AvgLatErr: 0.0976, Steps: 158)
  [Worker 1] episode 517 finished. (AvgLatErr: 0.1050, Steps: 158)
  [Worker 1] episode 518 finished. (AvgLatErr: 0.0973, Steps: 166)
  [Worker 1] episode 519 finished. (AvgLatErr: 0.1132, Steps: 180)
[Worker 1].
[Worker 3] TensorFlow device=GPU, mixed_precision=mixed_float16
[Worker 3] Random seed fixed: 400551
[Worker 3] started on GPU.
  [Worker 3] episode 510 finished. (AvgLatErr: 0.2183, Steps: 200)
  [Worker 3] episode 511 finished. (AvgLatErr: 0.3514, Steps: 200)
  [Worker 3] episode 512 finished. (AvgLatErr: 0.4097, Steps: 196)
  [Worker 3] episode 513 finished. (AvgLatErr: 1.0063, Steps: 188)
  [Worker 3] episode 514 finished. (AvgLatErr: 0.2727, Steps: 200)
  [Worker 3] episode 515 finished. (AvgLatErr: 0.3797, Steps: 192)
  [Worker 3] episode 516 finished. (AvgLatErr: 0.2742, Steps: 200)
  [Worker 3] episode 517 finished. (AvgLatErr: 0.2251, Steps: 200)
  [Worker 3] episode 518 finished. (AvgLatErr: 0.2959, Steps: 183)
  [Worker 3] episode 519 finished. (AvgLatErr: 0.2429, Steps: 200)
[Worker 3].
[Main] workers finished. (elapsed: 82.80s)
[Main] Aggregation-selected agents: [0, 1, 2, 3]
[Main] FedAdagrad update completed.
[Main] Replay buffers reset after global model update.
============================================================================================
519 EP / Agent 0 : Avg Lat Err 0.3501
519 EP / Agent 1 : Avg Lat Err 0.1132
519 EP / Agent 2 : Avg Lat Err 0.3309
519 EP / Agent 3 : Avg Lat Err 0.2429
============================================================================================

============================================================================================
[Main] FL round started. (episode 520 ~ 529)
[Main] Client selection: mode=all, budget=4
[Main] Participating agents: [0, 1, 2, 3]
[Worker 0] TensorFlow device=GPU, mixed_precision=mixed_float16
[Worker 0] Random seed fixed: 100561
[Worker 0] started on GPU.
  [Worker 0] episode 520 finished. (AvgLatErr: 0.5777, Steps: 139)
  [Worker 0] episode 521 finished. (AvgLatErr: 1.1242, Steps: 137)
  [Worker 0] episode 522 finished. (AvgLatErr: 3.2226, Steps: 172)
  [Worker 0] episode 523 finished. (AvgLatErr: 0.7102, Steps: 146)
  [Worker 0] episode 524 finished. (AvgLatErr: 0.6576, Steps: 142)
  [Worker 0] episode 525 finished. (AvgLatErr: 0.2358, Steps: 189)
  [Worker 0] episode 526 finished. (AvgLatErr: 1.0001, Steps: 153)
  [Worker 0] episode 527 finished. (AvgLatErr: 0.4240, Steps: 156)
  [Worker 0] episode 528 finished. (AvgLatErr: 0.7853, Steps: 129)
  [Worker 0] episode 529 finished. (AvgLatErr: 0.7115, Steps: 138)
[Worker 0].
[Worker 2] TensorFlow device=GPU, mixed_precision=mixed_float16
[Worker 2] Random seed fixed: 300561
[Worker 2] started on GPU.
  [Worker 2] episode 520 finished. (AvgLatErr: 0.2304, Steps: 149)
  [Worker 2] episode 521 finished. (AvgLatErr: 0.3969, Steps: 150)
  [Worker 2] episode 522 finished. (AvgLatErr: 0.2578, Steps: 136)
  [Worker 2] episode 523 finished. (AvgLatErr: 0.1444, Steps: 157)
  [Worker 2] episode 524 finished. (AvgLatErr: 0.3085, Steps: 161)
  [Worker 2] episode 525 finished. (AvgLatErr: 0.1892, Steps: 141)
  [Worker 2] episode 526 finished. (AvgLatErr: 0.2850, Steps: 142)
  [Worker 2] episode 527 finished. (AvgLatErr: 0.2892, Steps: 137)
  [Worker 2] episode 528 finished. (AvgLatErr: 0.2898, Steps: 154)
  [Worker 2] episode 529 finished. (AvgLatErr: 0.3371, Steps: 135)
[Worker 2].
[Worker 1] TensorFlow device=GPU, mixed_precision=mixed_float16
[Worker 1] Random seed fixed: 200561
[Worker 1] started on GPU.
  [Worker 1] episode 520 finished. (AvgLatErr: 0.1030, Steps: 182)
  [Worker 1] episode 521 finished. (AvgLatErr: 0.0890, Steps: 170)
  [Worker 1] episode 522 finished. (AvgLatErr: 0.1537, Steps: 159)
  [Worker 1] episode 523 finished. (AvgLatErr: 0.1268, Steps: 177)
  [Worker 1] episode 524 finished. (AvgLatErr: 0.1348, Steps: 168)
  [Worker 1] episode 525 finished. (AvgLatErr: 0.2103, Steps: 183)
  [Worker 1] episode 526 finished. (AvgLatErr: 0.1188, Steps: 152)
  [Worker 1] episode 527 finished. (AvgLatErr: 0.1983, Steps: 164)
  [Worker 1] episode 528 finished. (AvgLatErr: 0.1296, Steps: 144)
  [Worker 1] episode 529 finished. (AvgLatErr: 0.2097, Steps: 133)
[Worker 1].
[Worker 3] TensorFlow device=GPU, mixed_precision=mixed_float16
[Worker 3] Random seed fixed: 400561
[Worker 3] started on GPU.
  [Worker 3] episode 520 finished. (AvgLatErr: 0.2482, Steps: 186)
  [Worker 3] episode 521 finished. (AvgLatErr: 0.5152, Steps: 187)
  [Worker 3] episode 522 finished. (AvgLatErr: 0.3460, Steps: 172)
  [Worker 3] episode 523 finished. (AvgLatErr: 0.2721, Steps: 197)
  [Worker 3] episode 524 finished. (AvgLatErr: 0.4415, Steps: 187)
  [Worker 3] episode 525 finished. (AvgLatErr: 0.6090, Steps: 183)
  [Worker 3] episode 526 finished. (AvgLatErr: 0.3392, Steps: 191)
  [Worker 3] episode 527 finished. (AvgLatErr: 0.5735, Steps: 187)
  [Worker 3] episode 528 finished. (AvgLatErr: 0.2865, Steps: 182)
  [Worker 3] episode 529 finished. (AvgLatErr: 0.3405, Steps: 181)
[Worker 3].
[Main] workers finished. (elapsed: 70.65s)
[Main] Aggregation-selected agents: [0, 1, 2, 3]
[Main] FedAdagrad update completed.
[Main] Replay buffers reset after global model update.
============================================================================================
529 EP / Agent 0 : Avg Lat Err 0.7115
529 EP / Agent 1 : Avg Lat Err 0.2097
529 EP / Agent 2 : Avg Lat Err 0.3371
529 EP / Agent 3 : Avg Lat Err 0.3405
============================================================================================

============================================================================================
[Main] FL round started. (episode 530 ~ 539)
[Main] Client selection: mode=all, budget=4
[Main] Participating agents: [0, 1, 2, 3]
[Worker 0] TensorFlow device=GPU, mixed_precision=mixed_float16
[Worker 0] Random seed fixed: 100571
[Worker 0] started on GPU.
  [Worker 0] episode 530 finished. (AvgLatErr: 1.0441, Steps: 138)
  [Worker 0] episode 531 finished. (AvgLatErr: 0.8053, Steps: 139)
  [Worker 0] episode 532 finished. (AvgLatErr: 0.9372, Steps: 141)
  [Worker 0] episode 533 finished. (AvgLatErr: 0.7258, Steps: 145)
  [Worker 0] episode 534 finished. (AvgLatErr: 0.8176, Steps: 144)
  [Worker 0] episode 535 finished. (AvgLatErr: 1.0384, Steps: 144)
  [Worker 0] episode 536 finished. (AvgLatErr: 0.5449, Steps: 145)
  [Worker 0] episode 537 finished. (AvgLatErr: 0.9394, Steps: 143)
  [Worker 0] episode 538 finished. (AvgLatErr: 1.0562, Steps: 136)
  [Worker 0] episode 539 finished. (AvgLatErr: 0.4301, Steps: 137)
[Worker 0].
[Worker 2] TensorFlow device=GPU, mixed_precision=mixed_float16
[Worker 2] Random seed fixed: 300571
[Worker 2] started on GPU.
  [Worker 2] episode 530 finished. (AvgLatErr: 0.2341, Steps: 142)
  [Worker 2] episode 531 finished. (AvgLatErr: 0.1510, Steps: 162)
  [Worker 2] episode 532 finished. (AvgLatErr: 0.1791, Steps: 156)
  [Worker 2] episode 533 finished. (AvgLatErr: 0.1235, Steps: 157)
  [Worker 2] episode 534 finished. (AvgLatErr: 0.2325, Steps: 145)
  [Worker 2] episode 535 finished. (AvgLatErr: 0.1437, Steps: 172)
  [Worker 2] episode 536 finished. (AvgLatErr: 0.1498, Steps: 151)
  [Worker 2] episode 537 finished. (AvgLatErr: 0.5421, Steps: 147)
  [Worker 2] episode 538 finished. (AvgLatErr: 0.4412, Steps: 149)
  [Worker 2] episode 539 finished. (AvgLatErr: 0.2114, Steps: 136)
[Worker 2].
[Worker 1] TensorFlow device=GPU, mixed_precision=mixed_float16
[Worker 1] Random seed fixed: 200571
[Worker 1] started on GPU.
  [Worker 1] episode 530 finished. (AvgLatErr: 0.1189, Steps: 158)
  [Worker 1] episode 531 finished. (AvgLatErr: 0.1378, Steps: 141)
  [Worker 1] episode 532 finished. (AvgLatErr: 0.1624, Steps: 147)
  [Worker 1] episode 533 finished. (AvgLatErr: 0.1063, Steps: 167)
  [Worker 1] episode 534 finished. (AvgLatErr: 0.1305, Steps: 164)
  [Worker 1] episode 535 finished. (AvgLatErr: 0.1025, Steps: 173)
  [Worker 1] episode 536 finished. (AvgLatErr: 0.1148, Steps: 165)
  [Worker 1] episode 537 finished. (AvgLatErr: 0.1351, Steps: 153)
  [Worker 1] episode 538 finished. (AvgLatErr: 0.3631, Steps: 144)
  [Worker 1] episode 539 finished. (AvgLatErr: 0.1394, Steps: 200)
[Worker 1].
[Worker 3] TensorFlow device=GPU, mixed_precision=mixed_float16
[Worker 3] Random seed fixed: 400571
[Worker 3] started on GPU.
  [Worker 3] episode 530 finished. (AvgLatErr: 0.2863, Steps: 197)
  [Worker 3] episode 531 finished. (AvgLatErr: 0.4809, Steps: 200)
  [Worker 3] episode 532 finished. (AvgLatErr: 0.2132, Steps: 200)
  [Worker 3] episode 533 finished. (AvgLatErr: 0.4704, Steps: 200)
  [Worker 3] episode 534 finished. (AvgLatErr: 0.1683, Steps: 200)
  [Worker 3] episode 535 finished. (AvgLatErr: 0.6390, Steps: 200)
  [Worker 3] episode 536 finished. (AvgLatErr: 0.2968, Steps: 200)
  [Worker 3] episode 537 finished. (AvgLatErr: 0.4961, Steps: 200)
  [Worker 3] episode 538 finished. (AvgLatErr: 0.2377, Steps: 199)
  [Worker 3] episode 539 finished. (AvgLatErr: 0.1945, Steps: 199)
[Worker 3].
[Main] workers finished. (elapsed: 98.86s)
[Main] Aggregation-selected agents: [0, 1, 2, 3]
[Main] FedAdagrad update completed.
[Main] Replay buffers reset after global model update.
============================================================================================
539 EP / Agent 0 : Avg Lat Err 0.4301
539 EP / Agent 1 : Avg Lat Err 0.1394
539 EP / Agent 2 : Avg Lat Err 0.2114
539 EP / Agent 3 : Avg Lat Err 0.1945
============================================================================================

============================================================================================
[Main] FL round started. (episode 540 ~ 549)
[Main] Client selection: mode=all, budget=4
[Main] Participating agents: [0, 1, 2, 3]
[Worker 0] TensorFlow device=GPU, mixed_precision=mixed_float16
[Worker 0] Random seed fixed: 100581
[Worker 0] started on GPU.
  [Worker 0] episode 540 finished. (AvgLatErr: 0.3717, Steps: 144)
  [Worker 0] episode 541 finished. (AvgLatErr: 0.5308, Steps: 146)
  [Worker 0] episode 542 finished. (AvgLatErr: 0.2977, Steps: 149)
  [Worker 0] episode 543 finished. (AvgLatErr: 0.3844, Steps: 183)
  [Worker 0] episode 544 finished. (AvgLatErr: 0.2659, Steps: 160)
  [Worker 0] episode 545 finished. (AvgLatErr: 5.2738, Steps: 194)
  [Worker 0] episode 546 finished. (AvgLatErr: 0.9663, Steps: 153)
  [Worker 0] episode 547 finished. (AvgLatErr: 0.6844, Steps: 152)
  [Worker 0] episode 548 finished. (AvgLatErr: 0.6815, Steps: 151)
  [Worker 0] episode 549 finished. (AvgLatErr: 0.6405, Steps: 143)
[Worker 0].
[Worker 1] TensorFlow device=GPU, mixed_precision=mixed_float16
[Worker 1] Random seed fixed: 200581
[Worker 1] started on GPU.
  [Worker 1] episode 540 finished. (AvgLatErr: 0.1697, Steps: 155)
  [Worker 1] episode 541 finished. (AvgLatErr: 0.1298, Steps: 156)
  [Worker 1] episode 542 finished. (AvgLatErr: 0.1411, Steps: 129)
  [Worker 1] episode 543 finished. (AvgLatErr: 0.1140, Steps: 148)
  [Worker 1] episode 544 finished. (AvgLatErr: 0.1026, Steps: 157)
  [Worker 1] episode 545 finished. (AvgLatErr: 0.1229, Steps: 149)
  [Worker 1] episode 546 finished. (AvgLatErr: 0.1237, Steps: 152)
  [Worker 1] episode 547 finished. (AvgLatErr: 0.1220, Steps: 150)
  [Worker 1] episode 548 finished. (AvgLatErr: 0.1044, Steps: 148)
  [Worker 1] episode 549 finished. (AvgLatErr: 0.1416, Steps: 144)
[Worker 1].
[Worker 2] TensorFlow device=GPU, mixed_precision=mixed_float16
[Worker 2] Random seed fixed: 300581
[Worker 2] started on GPU.
  [Worker 2] episode 540 finished. (AvgLatErr: 0.3494, Steps: 162)
  [Worker 2] episode 541 finished. (AvgLatErr: 0.3105, Steps: 148)
  [Worker 2] episode 542 finished. (AvgLatErr: 0.2692, Steps: 166)
  [Worker 2] episode 543 finished. (AvgLatErr: 0.3486, Steps: 148)
  [Worker 2] episode 544 finished. (AvgLatErr: 0.2591, Steps: 133)
  [Worker 2] episode 545 finished. (AvgLatErr: 0.1498, Steps: 154)
  [Worker 2] episode 546 finished. (AvgLatErr: 0.2072, Steps: 167)
  [Worker 2] episode 547 finished. (AvgLatErr: 0.5760, Steps: 153)
  [Worker 2] episode 548 finished. (AvgLatErr: 0.2848, Steps: 139)
  [Worker 2] episode 549 finished. (AvgLatErr: 0.5275, Steps: 139)
[Worker 2].
[Worker 3] TensorFlow device=GPU, mixed_precision=mixed_float16
[Worker 3] Random seed fixed: 400581
[Worker 3] started on GPU.
  [Worker 3] episode 540 finished. (AvgLatErr: 0.2436, Steps: 200)
  [Worker 3] episode 541 finished. (AvgLatErr: 0.2313, Steps: 200)
  [Worker 3] episode 542 finished. (AvgLatErr: 0.3140, Steps: 193)
  [Worker 3] episode 543 finished. (AvgLatErr: 0.3758, Steps: 200)
  [Worker 3] episode 544 finished. (AvgLatErr: 0.3084, Steps: 200)
  [Worker 3] episode 545 finished. (AvgLatErr: 0.5650, Steps: 197)
  [Worker 3] episode 546 finished. (AvgLatErr: 0.3659, Steps: 177)
  [Worker 3] episode 547 finished. (AvgLatErr: 0.8676, Steps: 200)
  [Worker 3] episode 548 finished. (AvgLatErr: 0.4747, Steps: 184)
  [Worker 3] episode 549 finished. (AvgLatErr: 0.4792, Steps: 179)
[Worker 3].
[Main] workers finished. (elapsed: 104.15s)
[Main] Aggregation-selected agents: [0, 1, 2, 3]
[Main] FedAdagrad update completed.
[Main] Replay buffers reset after global model update.
============================================================================================
549 EP / Agent 0 : Avg Lat Err 0.6405
549 EP / Agent 1 : Avg Lat Err 0.1416
549 EP / Agent 2 : Avg Lat Err 0.5275
549 EP / Agent 3 : Avg Lat Err 0.4792
============================================================================================
[Main] Model checkpoint saved: C:\Users\syd79\FRL-Q\experiments\optimized_fedadagrad_4all_20260916_run1_all_4of4\checkpoints\global_model_episode_000550.weights.h5

============================================================================================
[Main] FL round started. (episode 550 ~ 559)
[Main] Client selection: mode=all, budget=4
[Main] Participating agents: [0, 1, 2, 3]
[Worker 0] TensorFlow device=GPU, mixed_precision=mixed_float16
[Worker 0] Random seed fixed: 100591
[Worker 0] started on GPU.
  [Worker 0] episode 550 finished. (AvgLatErr: 0.5080, Steps: 141)
  [Worker 0] episode 551 finished. (AvgLatErr: 1.5440, Steps: 147)
  [Worker 0] episode 552 finished. (AvgLatErr: 1.1154, Steps: 162)
  [Worker 0] episode 553 finished. (AvgLatErr: 1.3375, Steps: 149)
  [Worker 0] episode 554 finished. (AvgLatErr: 1.0535, Steps: 138)
  [Worker 0] episode 555 finished. (AvgLatErr: 0.4991, Steps: 141)
  [Worker 0] episode 556 finished. (AvgLatErr: 0.6568, Steps: 140)
  [Worker 0] episode 557 finished. (AvgLatErr: 1.2835, Steps: 147)
  [Worker 0] episode 558 finished. (AvgLatErr: 0.9792, Steps: 137)
  [Worker 0] episode 559 finished. (AvgLatErr: 1.1293, Steps: 143)
[Worker 0].
[Worker 1] TensorFlow device=GPU, mixed_precision=mixed_float16
[Worker 1] Random seed fixed: 200591
[Worker 1] started on GPU.
  [Worker 1] episode 550 finished. (AvgLatErr: 0.1001, Steps: 181)
  [Worker 1] episode 551 finished. (AvgLatErr: 0.1003, Steps: 188)
  [Worker 1] episode 552 finished. (AvgLatErr: 0.1382, Steps: 166)
  [Worker 1] episode 553 finished. (AvgLatErr: 0.0966, Steps: 171)
  [Worker 1] episode 554 finished. (AvgLatErr: 0.1893, Steps: 159)
  [Worker 1] episode 555 finished. (AvgLatErr: 0.1575, Steps: 141)
  [Worker 1] episode 556 finished. (AvgLatErr: 0.1868, Steps: 143)
  [Worker 1] episode 557 finished. (AvgLatErr: 0.1316, Steps: 143)
  [Worker 1] episode 558 finished. (AvgLatErr: 0.2991, Steps: 152)
  [Worker 1] episode 559 finished. (AvgLatErr: 0.2672, Steps: 150)
[Worker 1].
[Worker 2] TensorFlow device=GPU, mixed_precision=mixed_float16
[Worker 2] Random seed fixed: 300591
[Worker 2] started on GPU.
  [Worker 2] episode 550 finished. (AvgLatErr: 0.1855, Steps: 134)
  [Worker 2] episode 551 finished. (AvgLatErr: 0.1379, Steps: 172)
  [Worker 2] episode 552 finished. (AvgLatErr: 0.3160, Steps: 149)
  [Worker 2] episode 553 finished. (AvgLatErr: 0.3008, Steps: 141)
  [Worker 2] episode 554 finished. (AvgLatErr: 0.2834, Steps: 143)
  [Worker 2] episode 555 finished. (AvgLatErr: 0.5532, Steps: 151)
  [Worker 2] episode 556 finished. (AvgLatErr: 0.3687, Steps: 152)
  [Worker 2] episode 557 finished. (AvgLatErr: 0.3341, Steps: 147)
  [Worker 2] episode 558 finished. (AvgLatErr: 0.4537, Steps: 140)
  [Worker 2] episode 559 finished. (AvgLatErr: 0.3975, Steps: 137)
[Worker 2].
[Worker 3] TensorFlow device=GPU, mixed_precision=mixed_float16
[Worker 3] Random seed fixed: 400591
[Worker 3] started on GPU.
  [Worker 3] episode 550 finished. (AvgLatErr: 0.2851, Steps: 189)
  [Worker 3] episode 551 finished. (AvgLatErr: 0.5242, Steps: 181)
  [Worker 3] episode 552 finished. (AvgLatErr: 0.2428, Steps: 191)
  [Worker 3] episode 553 finished. (AvgLatErr: 0.7517, Steps: 196)
  [Worker 3] episode 554 finished. (AvgLatErr: 0.4421, Steps: 188)
  [Worker 3] episode 555 finished. (AvgLatErr: 0.2881, Steps: 181)
  [Worker 3] episode 556 finished. (AvgLatErr: 0.3632, Steps: 188)
  [Worker 3] episode 557 finished. (AvgLatErr: 0.6238, Steps: 199)
  [Worker 3] episode 558 finished. (AvgLatErr: 0.3971, Steps: 200)
  [Worker 3] episode 559 finished. (AvgLatErr: 0.2768, Steps: 191)
[Worker 3].
[Main] workers finished. (elapsed: 97.41s)
[Main] Aggregation-selected agents: [0, 1, 2, 3]
[Main] FedAdagrad update completed.
[Main] Replay buffers reset after global model update.
============================================================================================
559 EP / Agent 0 : Avg Lat Err 1.1293
559 EP / Agent 1 : Avg Lat Err 0.2672
559 EP / Agent 2 : Avg Lat Err 0.3975
559 EP / Agent 3 : Avg Lat Err 0.2768
============================================================================================

============================================================================================
[Main] FL round started. (episode 560 ~ 569)
[Main] Client selection: mode=all, budget=4
[Main] Participating agents: [0, 1, 2, 3]
[Worker 0] TensorFlow device=GPU, mixed_precision=mixed_float16
[Worker 0] Random seed fixed: 100601
[Worker 0] started on GPU.
  [Worker 0] episode 560 finished. (AvgLatErr: 0.5391, Steps: 146)
  [Worker 0] episode 561 finished. (AvgLatErr: 0.6359, Steps: 139)
  [Worker 0] episode 562 finished. (AvgLatErr: 0.7918, Steps: 144)
  [Worker 0] episode 563 finished. (AvgLatErr: 0.8610, Steps: 139)
  [Worker 0] episode 564 finished. (AvgLatErr: 1.0372, Steps: 141)
  [Worker 0] episode 565 finished. (AvgLatErr: 0.9778, Steps: 141)
  [Worker 0] episode 566 finished. (AvgLatErr: 1.1642, Steps: 143)
  [Worker 0] episode 567 finished. (AvgLatErr: 0.6226, Steps: 161)
  [Worker 0] episode 568 finished. (AvgLatErr: 0.5177, Steps: 143)
  [Worker 0] episode 569 finished. (AvgLatErr: 0.3952, Steps: 144)
[Worker 0].
[Worker 1] TensorFlow device=GPU, mixed_precision=mixed_float16
[Worker 1] Random seed fixed: 200601
[Worker 1] started on GPU.
  [Worker 1] episode 560 finished. (AvgLatErr: 0.1422, Steps: 142)
  [Worker 1] episode 561 finished. (AvgLatErr: 0.1848, Steps: 134)
  [Worker 1] episode 562 finished. (AvgLatErr: 0.2036, Steps: 130)
  [Worker 1] episode 563 finished. (AvgLatErr: 0.2208, Steps: 152)
  [Worker 1] episode 564 finished. (AvgLatErr: 0.2222, Steps: 141)
  [Worker 1] episode 565 finished. (AvgLatErr: 0.2674, Steps: 133)
  [Worker 1] episode 566 finished. (AvgLatErr: 0.2439, Steps: 139)
  [Worker 1] episode 567 finished. (AvgLatErr: 0.1551, Steps: 130)
  [Worker 1] episode 568 finished. (AvgLatErr: 0.2360, Steps: 150)
  [Worker 1] episode 569 finished. (AvgLatErr: 0.2837, Steps: 139)
[Worker 1].
[Worker 2] TensorFlow device=GPU, mixed_precision=mixed_float16
[Worker 2] Random seed fixed: 300601
[Worker 2] started on GPU.
  [Worker 2] episode 560 finished. (AvgLatErr: 0.3607, Steps: 142)
  [Worker 2] episode 561 finished. (AvgLatErr: 0.4053, Steps: 164)
  [Worker 2] episode 562 finished. (AvgLatErr: 0.1696, Steps: 151)
  [Worker 2] episode 563 finished. (AvgLatErr: 0.1654, Steps: 159)
  [Worker 2] episode 564 finished. (AvgLatErr: 0.2936, Steps: 157)
  [Worker 2] episode 565 finished. (AvgLatErr: 0.2754, Steps: 147)
  [Worker 2] episode 566 finished. (AvgLatErr: 0.2596, Steps: 150)
  [Worker 2] episode 567 finished. (AvgLatErr: 0.3742, Steps: 152)
  [Worker 2] episode 568 finished. (AvgLatErr: 0.3849, Steps: 154)
  [Worker 2] episode 569 finished. (AvgLatErr: 0.3735, Steps: 149)
[Worker 2].
[Worker 3] TensorFlow device=GPU, mixed_precision=mixed_float16
[Worker 3] Random seed fixed: 400601
[Worker 3] started on GPU.
  [Worker 3] episode 560 finished. (AvgLatErr: 0.2981, Steps: 192)
  [Worker 3] episode 561 finished. (AvgLatErr: 0.2948, Steps: 192)
  [Worker 3] episode 562 finished. (AvgLatErr: 0.2841, Steps: 195)
  [Worker 3] episode 563 finished. (AvgLatErr: 0.3642, Steps: 187)
  [Worker 3] episode 564 finished. (AvgLatErr: 0.9648, Steps: 200)
  [Worker 3] episode 565 finished. (AvgLatErr: 0.3825, Steps: 183)
  [Worker 3] episode 566 finished. (AvgLatErr: 0.3678, Steps: 199)
  [Worker 3] episode 567 finished. (AvgLatErr: 0.3426, Steps: 198)
  [Worker 3] episode 568 finished. (AvgLatErr: 0.2679, Steps: 189)
  [Worker 3] episode 569 finished. (AvgLatErr: 0.4671, Steps: 183)
[Worker 3].
[Main] workers finished. (elapsed: 83.39s)
[Main] Aggregation-selected agents: [0, 1, 2, 3]
[Main] FedAdagrad update completed.
[Main] Replay buffers reset after global model update.
============================================================================================
569 EP / Agent 0 : Avg Lat Err 0.3952
569 EP / Agent 1 : Avg Lat Err 0.2837
569 EP / Agent 2 : Avg Lat Err 0.3735
569 EP / Agent 3 : Avg Lat Err 0.4671
============================================================================================

============================================================================================
[Main] FL round started. (episode 570 ~ 579)
[Main] Client selection: mode=all, budget=4
[Main] Participating agents: [0, 1, 2, 3]
[Worker 0] TensorFlow device=GPU, mixed_precision=mixed_float16
[Worker 0] Random seed fixed: 100611
[Worker 0] started on GPU.
  [Worker 0] episode 570 finished. (AvgLatErr: 0.5772, Steps: 141)
  [Worker 0] episode 571 finished. (AvgLatErr: 1.3333, Steps: 151)
  [Worker 0] episode 572 finished. (AvgLatErr: 1.0368, Steps: 142)
  [Worker 0] episode 573 finished. (AvgLatErr: 1.2504, Steps: 141)
  [Worker 0] episode 574 finished. (AvgLatErr: 1.3285, Steps: 142)
  [Worker 0] episode 575 finished. (AvgLatErr: 1.1321, Steps: 133)
  [Worker 0] episode 576 finished. (AvgLatErr: 0.4090, Steps: 140)
  [Worker 0] episode 577 finished. (AvgLatErr: 0.2544, Steps: 141)
  [Worker 0] episode 578 finished. (AvgLatErr: 0.5681, Steps: 138)
  [Worker 0] episode 579 finished. (AvgLatErr: 0.6296, Steps: 143)
[Worker 0].
[Worker 2] TensorFlow device=GPU, mixed_precision=mixed_float16
[Worker 2] Random seed fixed: 300611
[Worker 2] started on GPU.
  [Worker 2] episode 570 finished. (AvgLatErr: 0.3129, Steps: 146)
  [Worker 2] episode 571 finished. (AvgLatErr: 0.4099, Steps: 142)
  [Worker 2] episode 572 finished. (AvgLatErr: 0.2590, Steps: 152)
  [Worker 2] episode 573 finished. (AvgLatErr: 0.1540, Steps: 145)
  [Worker 2] episode 574 finished. (AvgLatErr: 0.2110, Steps: 149)
  [Worker 2] episode 575 finished. (AvgLatErr: 0.6048, Steps: 129)
  [Worker 2] episode 576 finished. (AvgLatErr: 0.2039, Steps: 140)
  [Worker 2] episode 577 finished. (AvgLatErr: 0.4479, Steps: 127)
  [Worker 2] episode 578 finished. (AvgLatErr: 0.2314, Steps: 135)
  [Worker 2] episode 579 finished. (AvgLatErr: 0.3567, Steps: 118)
[Worker 2].
[Worker 1] TensorFlow device=GPU, mixed_precision=mixed_float16
[Worker 1] Random seed fixed: 200611
[Worker 1] started on GPU.
  [Worker 1] episode 570 finished. (AvgLatErr: 0.1138, Steps: 153)
  [Worker 1] episode 571 finished. (AvgLatErr: 0.0991, Steps: 164)
  [Worker 1] episode 572 finished. (AvgLatErr: 0.1693, Steps: 164)
  [Worker 1] episode 573 finished. (AvgLatErr: 0.1134, Steps: 157)
  [Worker 1] episode 574 finished. (AvgLatErr: 0.0944, Steps: 178)
  [Worker 1] episode 575 finished. (AvgLatErr: 0.0873, Steps: 160)
  [Worker 1] episode 576 finished. (AvgLatErr: 0.1321, Steps: 146)
  [Worker 1] episode 577 finished. (AvgLatErr: 0.1608, Steps: 149)
  [Worker 1] episode 578 finished. (AvgLatErr: 0.1461, Steps: 137)
  [Worker 1] episode 579 finished. (AvgLatErr: 0.1538, Steps: 152)
[Worker 1].
[Worker 3] TensorFlow device=GPU, mixed_precision=mixed_float16
[Worker 3] Random seed fixed: 400611
[Worker 3] started on GPU.
  [Worker 3] episode 570 finished. (AvgLatErr: 0.3245, Steps: 200)
  [Worker 3] episode 571 finished. (AvgLatErr: 0.1989, Steps: 200)
  [Worker 3] episode 572 finished. (AvgLatErr: 0.2372, Steps: 200)
  [Worker 3] episode 573 finished. (AvgLatErr: 0.2886, Steps: 199)
  [Worker 3] episode 574 finished. (AvgLatErr: 0.3160, Steps: 200)
  [Worker 3] episode 575 finished. (AvgLatErr: 0.4343, Steps: 193)
  [Worker 3] episode 576 finished. (AvgLatErr: 0.3009, Steps: 190)
  [Worker 3] episode 577 finished. (AvgLatErr: 0.1884, Steps: 200)
  [Worker 3] episode 578 finished. (AvgLatErr: 0.5027, Steps: 200)
  [Worker 3] episode 579 finished. (AvgLatErr: 0.4825, Steps: 183)
[Worker 3].
[Main] workers finished. (elapsed: 76.01s)
[Main] Aggregation-selected agents: [0, 1, 2, 3]
[Main] FedAdagrad update completed.
[Main] Replay buffers reset after global model update.
============================================================================================
579 EP / Agent 0 : Avg Lat Err 0.6296
579 EP / Agent 1 : Avg Lat Err 0.1538
579 EP / Agent 2 : Avg Lat Err 0.3567
579 EP / Agent 3 : Avg Lat Err 0.4825
============================================================================================

============================================================================================
[Main] FL round started. (episode 580 ~ 589)
[Main] Client selection: mode=all, budget=4
[Main] Participating agents: [0, 1, 2, 3]
[Worker 0] TensorFlow device=GPU, mixed_precision=mixed_float16
[Worker 0] Random seed fixed: 100621
[Worker 0] started on GPU.
  [Worker 0] episode 580 finished. (AvgLatErr: 0.5352, Steps: 138)
  [Worker 0] episode 581 finished. (AvgLatErr: 0.5149, Steps: 135)
  [Worker 0] episode 582 finished. (AvgLatErr: 0.5312, Steps: 132)
  [Worker 0] episode 583 finished. (AvgLatErr: 0.6549, Steps: 133)
  [Worker 0] episode 584 finished. (AvgLatErr: 0.6181, Steps: 137)
  [Worker 0] episode 585 finished. (AvgLatErr: 0.7608, Steps: 142)
  [Worker 0] episode 586 finished. (AvgLatErr: 0.5136, Steps: 137)
  [Worker 0] episode 587 finished. (AvgLatErr: 0.9517, Steps: 150)
  [Worker 0] episode 588 finished. (AvgLatErr: 0.5283, Steps: 139)
  [Worker 0] episode 589 finished. (AvgLatErr: 0.5155, Steps: 153)
[Worker 0].
[Worker 1] TensorFlow device=GPU, mixed_precision=mixed_float16
[Worker 1] Random seed fixed: 200621
[Worker 1] started on GPU.
  [Worker 1] episode 580 finished. (AvgLatErr: 0.1225, Steps: 151)
  [Worker 1] episode 581 finished. (AvgLatErr: 0.1340, Steps: 144)
  [Worker 1] episode 582 finished. (AvgLatErr: 0.1034, Steps: 170)
  [Worker 1] episode 583 finished. (AvgLatErr: 0.2416, Steps: 154)
  [Worker 1] episode 584 finished. (AvgLatErr: 0.1372, Steps: 165)
  [Worker 1] episode 585 finished. (AvgLatErr: 0.1072, Steps: 200)
  [Worker 1] episode 586 finished. (AvgLatErr: 0.0942, Steps: 157)
  [Worker 1] episode 587 finished. (AvgLatErr: 0.2154, Steps: 129)
  [Worker 1] episode 588 finished. (AvgLatErr: 0.1430, Steps: 139)
  [Worker 1] episode 589 finished. (AvgLatErr: 0.2257, Steps: 143)
[Worker 1].
[Worker 2] TensorFlow device=GPU, mixed_precision=mixed_float16
[Worker 2] Random seed fixed: 300621
[Worker 2] started on GPU.
  [Worker 2] episode 580 finished. (AvgLatErr: 0.3381, Steps: 131)
  [Worker 2] episode 581 finished. (AvgLatErr: 0.1573, Steps: 146)
  [Worker 2] episode 582 finished. (AvgLatErr: 0.2119, Steps: 145)
  [Worker 2] episode 583 finished. (AvgLatErr: 0.2895, Steps: 128)
  [Worker 2] episode 584 finished. (AvgLatErr: 0.8255, Steps: 137)
  [Worker 2] episode 585 finished. (AvgLatErr: 4.4219, Steps: 200)
  [Worker 2] episode 586 finished. (AvgLatErr: 12.2777, Steps: 200)
  [Worker 2] episode 587 finished. (AvgLatErr: 0.6012, Steps: 137)
  [Worker 2] episode 588 finished. (AvgLatErr: 1.8676, Steps: 120)
  [Worker 2] episode 589 finished. (AvgLatErr: 8.6566, Steps: 200)
[Worker 2].
[Worker 3] TensorFlow device=GPU, mixed_precision=mixed_float16
[Worker 3] Random seed fixed: 400621
[Worker 3] started on GPU.
  [Worker 3] episode 580 finished. (AvgLatErr: 0.4535, Steps: 189)
  [Worker 3] episode 581 finished. (AvgLatErr: 0.7130, Steps: 188)
  [Worker 3] episode 582 finished. (AvgLatErr: 0.4212, Steps: 178)
  [Worker 3] episode 583 finished. (AvgLatErr: 0.3793, Steps: 190)
  [Worker 3] episode 584 finished. (AvgLatErr: 0.3090, Steps: 186)
  [Worker 3] episode 585 finished. (AvgLatErr: 0.3224, Steps: 174)
  [Worker 3] episode 586 finished. (AvgLatErr: 0.4123, Steps: 186)
  [Worker 3] episode 587 finished. (AvgLatErr: 0.3082, Steps: 187)
  [Worker 3] episode 588 finished. (AvgLatErr: 0.3199, Steps: 182)
  [Worker 3] episode 589 finished. (AvgLatErr: 0.3822, Steps: 200)
[Worker 3].
[Main] workers finished. (elapsed: 95.03s)
[Main] Aggregation-selected agents: [0, 1, 2, 3]
[Main] FedAdagrad update completed.
[Main] Replay buffers reset after global model update.
============================================================================================
589 EP / Agent 0 : Avg Lat Err 0.5155
589 EP / Agent 1 : Avg Lat Err 0.2257
589 EP / Agent 2 : Avg Lat Err 8.6566
589 EP / Agent 3 : Avg Lat Err 0.3822
============================================================================================

============================================================================================
[Main] FL round started. (episode 590 ~ 599)
[Main] Client selection: mode=all, budget=4
[Main] Participating agents: [0, 1, 2, 3]
[Worker 0] TensorFlow device=GPU, mixed_precision=mixed_float16
[Worker 0] Random seed fixed: 100631
[Worker 0] started on GPU.
  [Worker 0] episode 590 finished. (AvgLatErr: 1.0339, Steps: 135)
  [Worker 0] episode 591 finished. (AvgLatErr: 0.6292, Steps: 146)
  [Worker 0] episode 592 finished. (AvgLatErr: 0.6833, Steps: 132)
  [Worker 0] episode 593 finished. (AvgLatErr: 1.4548, Steps: 140)
  [Worker 0] episode 594 finished. (AvgLatErr: 0.9135, Steps: 143)
  [Worker 0] episode 595 finished. (AvgLatErr: 0.6628, Steps: 138)
  [Worker 0] episode 596 finished. (AvgLatErr: 0.7271, Steps: 135)
  [Worker 0] episode 597 finished. (AvgLatErr: 0.9820, Steps: 136)
  [Worker 0] episode 598 finished. (AvgLatErr: 0.6059, Steps: 145)
  [Worker 0] episode 599 finished. (AvgLatErr: 0.8094, Steps: 143)
[Worker 0].
[Worker 1] TensorFlow device=GPU, mixed_precision=mixed_float16
[Worker 1] Random seed fixed: 200631
[Worker 1] started on GPU.
  [Worker 1] episode 590 finished. (AvgLatErr: 0.3237, Steps: 130)
  [Worker 1] episode 591 finished. (AvgLatErr: 0.2270, Steps: 119)
  [Worker 1] episode 592 finished. (AvgLatErr: 0.2013, Steps: 120)
  [Worker 1] episode 593 finished. (AvgLatErr: 0.1587, Steps: 122)
  [Worker 1] episode 594 finished. (AvgLatErr: 0.1891, Steps: 119)
  [Worker 1] episode 595 finished. (AvgLatErr: 0.1350, Steps: 141)
  [Worker 1] episode 596 finished. (AvgLatErr: 0.1932, Steps: 129)
  [Worker 1] episode 597 finished. (AvgLatErr: 0.2523, Steps: 137)
  [Worker 1] episode 598 finished. (AvgLatErr: 0.1679, Steps: 117)
  [Worker 1] episode 599 finished. (AvgLatErr: 0.2020, Steps: 119)
[Worker 1].
[Worker 2] TensorFlow device=GPU, mixed_precision=mixed_float16
[Worker 2] Random seed fixed: 300631
[Worker 2] started on GPU.
  [Worker 2] episode 590 finished. (AvgLatErr: 0.1884, Steps: 140)
  [Worker 2] episode 591 finished. (AvgLatErr: 0.3036, Steps: 151)
  [Worker 2] episode 592 finished. (AvgLatErr: 0.2108, Steps: 136)
  [Worker 2] episode 593 finished. (AvgLatErr: 0.2976, Steps: 156)
  [Worker 2] episode 594 finished. (AvgLatErr: 0.2622, Steps: 133)
  [Worker 2] episode 595 finished. (AvgLatErr: 0.4075, Steps: 149)
  [Worker 2] episode 596 finished. (AvgLatErr: 0.3351, Steps: 140)
  [Worker 2] episode 597 finished. (AvgLatErr: 0.1891, Steps: 147)
  [Worker 2] episode 598 finished. (AvgLatErr: 0.3289, Steps: 136)
  [Worker 2] episode 599 finished. (AvgLatErr: 0.2261, Steps: 140)
[Worker 2].
[Worker 3] TensorFlow device=GPU, mixed_precision=mixed_float16
[Worker 3] Random seed fixed: 400631
[Worker 3] started on GPU.
  [Worker 3] episode 590 finished. (AvgLatErr: 0.4373, Steps: 187)
  [Worker 3] episode 591 finished. (AvgLatErr: 0.3063, Steps: 188)
  [Worker 3] episode 592 finished. (AvgLatErr: 0.8547, Steps: 170)
  [Worker 3] episode 593 finished. (AvgLatErr: 0.3465, Steps: 184)
  [Worker 3] episode 594 finished. (AvgLatErr: 0.3737, Steps: 188)
  [Worker 3] episode 595 finished. (AvgLatErr: 0.3220, Steps: 194)
  [Worker 3] episode 596 finished. (AvgLatErr: 0.3417, Steps: 183)
  [Worker 3] episode 597 finished. (AvgLatErr: 0.5422, Steps: 181)
  [Worker 3] episode 598 finished. (AvgLatErr: 0.4726, Steps: 192)
  [Worker 3] episode 599 finished. (AvgLatErr: 0.3199, Steps: 194)
[Worker 3].
[Main] workers finished. (elapsed: 102.95s)
[Main] Aggregation-selected agents: [0, 1, 2, 3]
[Main] FedAdagrad update completed.
[Main] Replay buffers reset after global model update.
============================================================================================
599 EP / Agent 0 : Avg Lat Err 0.8094
599 EP / Agent 1 : Avg Lat Err 0.2020
599 EP / Agent 2 : Avg Lat Err 0.2261
599 EP / Agent 3 : Avg Lat Err 0.3199
============================================================================================
[Main] Model checkpoint saved: C:\Users\syd79\FRL-Q\experiments\optimized_fedadagrad_4all_20260916_run1_all_4of4\checkpoints\global_model_episode_000600.weights.h5

============================================================================================
[Main] FL round started. (episode 600 ~ 609)
[Main] Client selection: mode=all, budget=4
[Main] Participating agents: [0, 1, 2, 3]
[Worker 0] TensorFlow device=GPU, mixed_precision=mixed_float16
[Worker 0] Random seed fixed: 100641
[Worker 0] started on GPU.
  [Worker 0] episode 600 finished. (AvgLatErr: 0.4942, Steps: 140)
  [Worker 0] episode 601 finished. (AvgLatErr: 0.7603, Steps: 146)
  [Worker 0] episode 602 finished. (AvgLatErr: 0.6157, Steps: 131)
  [Worker 0] episode 603 finished. (AvgLatErr: 0.7506, Steps: 141)
  [Worker 0] episode 604 finished. (AvgLatErr: 0.6800, Steps: 142)
  [Worker 0] episode 605 finished. (AvgLatErr: 0.8125, Steps: 136)
  [Worker 0] episode 606 finished. (AvgLatErr: 0.8700, Steps: 141)
  [Worker 0] episode 607 finished. (AvgLatErr: 0.7210, Steps: 149)
  [Worker 0] episode 608 finished. (AvgLatErr: 0.6701, Steps: 135)
  [Worker 0] episode 609 finished. (AvgLatErr: 0.6998, Steps: 144)
[Worker 0].
[Worker 1] TensorFlow device=GPU, mixed_precision=mixed_float16
[Worker 1] Random seed fixed: 200641
[Worker 1] started on GPU.
  [Worker 1] episode 600 finished. (AvgLatErr: 0.1314, Steps: 163)
  [Worker 1] episode 601 finished. (AvgLatErr: 0.1291, Steps: 147)
  [Worker 1] episode 602 finished. (AvgLatErr: 0.2037, Steps: 122)
  [Worker 1] episode 603 finished. (AvgLatErr: 0.1898, Steps: 137)
  [Worker 1] episode 604 finished. (AvgLatErr: 0.1230, Steps: 152)
  [Worker 1] episode 605 finished. (AvgLatErr: 0.1669, Steps: 138)
  [Worker 1] episode 606 finished. (AvgLatErr: 0.1782, Steps: 140)
  [Worker 1] episode 607 finished. (AvgLatErr: 0.2439, Steps: 152)
  [Worker 1] episode 608 finished. (AvgLatErr: 0.1220, Steps: 166)
  [Worker 1] episode 609 finished. (AvgLatErr: 0.2197, Steps: 170)
[Worker 1].
[Worker 2] TensorFlow device=GPU, mixed_precision=mixed_float16
[Worker 2] Random seed fixed: 300641
[Worker 2] started on GPU.
  [Worker 2] episode 600 finished. (AvgLatErr: 0.2984, Steps: 140)
  [Worker 2] episode 601 finished. (AvgLatErr: 0.2824, Steps: 138)
  [Worker 2] episode 602 finished. (AvgLatErr: 0.3115, Steps: 151)
  [Worker 2] episode 603 finished. (AvgLatErr: 0.2616, Steps: 143)
  [Worker 2] episode 604 finished. (AvgLatErr: 0.7031, Steps: 169)
  [Worker 2] episode 605 finished. (AvgLatErr: 0.4823, Steps: 138)
  [Worker 2] episode 606 finished. (AvgLatErr: 0.5686, Steps: 137)
  [Worker 2] episode 607 finished. (AvgLatErr: 0.2834, Steps: 134)
  [Worker 2] episode 608 finished. (AvgLatErr: 0.3113, Steps: 144)
  [Worker 2] episode 609 finished. (AvgLatErr: 0.2493, Steps: 135)
[Worker 2].
[Worker 3] TensorFlow device=GPU, mixed_precision=mixed_float16
[Worker 3] Random seed fixed: 400641
[Worker 3] started on GPU.
  [Worker 3] episode 600 finished. (AvgLatErr: 0.2858, Steps: 200)
  [Worker 3] episode 601 finished. (AvgLatErr: 0.3574, Steps: 197)
  [Worker 3] episode 602 finished. (AvgLatErr: 0.2821, Steps: 196)
  [Worker 3] episode 603 finished. (AvgLatErr: 0.2432, Steps: 191)
  [Worker 3] episode 604 finished. (AvgLatErr: 0.5156, Steps: 187)
  [Worker 3] episode 605 finished. (AvgLatErr: 0.3807, Steps: 193)
  [Worker 3] episode 606 finished. (AvgLatErr: 1.0923, Steps: 198)
  [Worker 3] episode 607 finished. (AvgLatErr: 0.3499, Steps: 193)
  [Worker 3] episode 608 finished. (AvgLatErr: 0.3753, Steps: 187)
  [Worker 3] episode 609 finished. (AvgLatErr: 0.3494, Steps: 190)
[Worker 3].
[Main] workers finished. (elapsed: 104.71s)
[Main] Aggregation-selected agents: [0, 1, 2, 3]
[Main] FedAdagrad update completed.
[Main] Replay buffers reset after global model update.
============================================================================================
609 EP / Agent 0 : Avg Lat Err 0.6998
609 EP / Agent 1 : Avg Lat Err 0.2197
609 EP / Agent 2 : Avg Lat Err 0.2493
609 EP / Agent 3 : Avg Lat Err 0.3494
============================================================================================

============================================================================================
[Main] FL round started. (episode 610 ~ 619)
[Main] Client selection: mode=all, budget=4
[Main] Participating agents: [0, 1, 2, 3]
[Worker 0] TensorFlow device=GPU, mixed_precision=mixed_float16
[Worker 0] Random seed fixed: 100651
[Worker 0] started on GPU.
  [Worker 0] episode 610 finished. (AvgLatErr: 0.8838, Steps: 139)
  [Worker 0] episode 611 finished. (AvgLatErr: 1.0298, Steps: 136)
  [Worker 0] episode 612 finished. (AvgLatErr: 0.5008, Steps: 145)
  [Worker 0] episode 613 finished. (AvgLatErr: 0.6756, Steps: 135)
  [Worker 0] episode 614 finished. (AvgLatErr: 0.8917, Steps: 152)
  [Worker 0] episode 615 finished. (AvgLatErr: 0.9504, Steps: 143)
  [Worker 0] episode 616 finished. (AvgLatErr: 0.5438, Steps: 136)
  [Worker 0] episode 617 finished. (AvgLatErr: 0.5022, Steps: 143)
  [Worker 0] episode 618 finished. (AvgLatErr: 0.5816, Steps: 151)
  [Worker 0] episode 619 finished. (AvgLatErr: 0.7743, Steps: 138)
[Worker 0].
[Worker 1] TensorFlow device=GPU, mixed_precision=mixed_float16
[Worker 1] Random seed fixed: 200651
[Worker 1] started on GPU.
  [Worker 1] episode 610 finished. (AvgLatErr: 0.1848, Steps: 130)
  [Worker 1] episode 611 finished. (AvgLatErr: 0.1337, Steps: 140)
  [Worker 1] episode 612 finished. (AvgLatErr: 0.1463, Steps: 144)
  [Worker 1] episode 613 finished. (AvgLatErr: 0.1937, Steps: 136)
  [Worker 1] episode 614 finished. (AvgLatErr: 0.2369, Steps: 130)
  [Worker 1] episode 615 finished. (AvgLatErr: 0.1365, Steps: 158)
  [Worker 1] episode 616 finished. (AvgLatErr: 0.0982, Steps: 154)
  [Worker 1] episode 617 finished. (AvgLatErr: 0.1309, Steps: 137)
  [Worker 1] episode 618 finished. (AvgLatErr: 0.1184, Steps: 153)
  [Worker 1] episode 619 finished. (AvgLatErr: 0.1343, Steps: 147)
[Worker 1].
[Worker 2] TensorFlow device=GPU, mixed_precision=mixed_float16
[Worker 2] Random seed fixed: 300651
[Worker 2] started on GPU.
  [Worker 2] episode 610 finished. (AvgLatErr: 0.2917, Steps: 139)
  [Worker 2] episode 611 finished. (AvgLatErr: 0.2678, Steps: 133)
  [Worker 2] episode 612 finished. (AvgLatErr: 0.3196, Steps: 137)
  [Worker 2] episode 613 finished. (AvgLatErr: 0.6599, Steps: 156)
  [Worker 2] episode 614 finished. (AvgLatErr: 0.5488, Steps: 145)
  [Worker 2] episode 615 finished. (AvgLatErr: 0.3946, Steps: 142)
  [Worker 2] episode 616 finished. (AvgLatErr: 0.4871, Steps: 149)
  [Worker 2] episode 617 finished. (AvgLatErr: 0.3645, Steps: 144)
  [Worker 2] episode 618 finished. (AvgLatErr: 0.3282, Steps: 137)
  [Worker 2] episode 619 finished. (AvgLatErr: 0.4586, Steps: 128)
[Worker 2].
[Worker 3] TensorFlow device=GPU, mixed_precision=mixed_float16
[Worker 3] Random seed fixed: 400651
[Worker 3] started on GPU.
  [Worker 3] episode 610 finished. (AvgLatErr: 0.3659, Steps: 180)
  [Worker 3] episode 611 finished. (AvgLatErr: 0.3145, Steps: 184)
  [Worker 3] episode 612 finished. (AvgLatErr: 0.7374, Steps: 190)
  [Worker 3] episode 613 finished. (AvgLatErr: 0.3530, Steps: 182)
  [Worker 3] episode 614 finished. (AvgLatErr: 0.3785, Steps: 186)
  [Worker 3] episode 615 finished. (AvgLatErr: 0.3778, Steps: 185)
  [Worker 3] episode 616 finished. (AvgLatErr: 0.3090, Steps: 175)
  [Worker 3] episode 617 finished. (AvgLatErr: 0.3604, Steps: 174)
  [Worker 3] episode 618 finished. (AvgLatErr: 0.3484, Steps: 190)
  [Worker 3] episode 619 finished. (AvgLatErr: 0.4523, Steps: 183)
[Worker 3].
[Main] workers finished. (elapsed: 84.37s)
[Main] Aggregation-selected agents: [0, 1, 2, 3]
[Main] FedAdagrad update completed.
[Main] Replay buffers reset after global model update.
============================================================================================
619 EP / Agent 0 : Avg Lat Err 0.7743
619 EP / Agent 1 : Avg Lat Err 0.1343
619 EP / Agent 2 : Avg Lat Err 0.4586
619 EP / Agent 3 : Avg Lat Err 0.4523
============================================================================================

============================================================================================
[Main] FL round started. (episode 620 ~ 629)
[Main] Client selection: mode=all, budget=4
[Main] Participating agents: [0, 1, 2, 3]
[Worker 0] TensorFlow device=GPU, mixed_precision=mixed_float16
[Worker 0] Random seed fixed: 100661
[Worker 0] started on GPU.
  [Worker 0] episode 620 finished. (AvgLatErr: 0.6239, Steps: 137)
  [Worker 0] episode 621 finished. (AvgLatErr: 0.6162, Steps: 141)
  [Worker 0] episode 622 finished. (AvgLatErr: 1.0725, Steps: 143)
  [Worker 0] episode 623 finished. (AvgLatErr: 1.1146, Steps: 134)
  [Worker 0] episode 624 finished. (AvgLatErr: 0.8392, Steps: 133)
  [Worker 0] episode 625 finished. (AvgLatErr: 0.6546, Steps: 141)
  [Worker 0] episode 626 finished. (AvgLatErr: 0.9212, Steps: 139)
  [Worker 0] episode 627 finished. (AvgLatErr: 0.7938, Steps: 130)
  [Worker 0] episode 628 finished. (AvgLatErr: 0.6715, Steps: 135)
  [Worker 0] episode 629 finished. (AvgLatErr: 0.8476, Steps: 131)
[Worker 0].
[Worker 1] TensorFlow device=GPU, mixed_precision=mixed_float16
[Worker 1] Random seed fixed: 200661
[Worker 1] started on GPU.
  [Worker 1] episode 620 finished. (AvgLatErr: 0.2491, Steps: 153)
  [Worker 1] episode 621 finished. (AvgLatErr: 0.1486, Steps: 121)
  [Worker 1] episode 622 finished. (AvgLatErr: 0.1003, Steps: 148)
  [Worker 1] episode 623 finished. (AvgLatErr: 0.2000, Steps: 162)
  [Worker 1] episode 624 finished. (AvgLatErr: 0.1534, Steps: 151)
  [Worker 1] episode 625 finished. (AvgLatErr: 0.1773, Steps: 144)
  [Worker 1] episode 626 finished. (AvgLatErr: 0.2836, Steps: 143)
  [Worker 1] episode 627 finished. (AvgLatErr: 0.2353, Steps: 143)
  [Worker 1] episode 628 finished. (AvgLatErr: 0.2175, Steps: 141)
  [Worker 1] episode 629 finished. (AvgLatErr: 0.1664, Steps: 152)
[Worker 1].
[Worker 2] TensorFlow device=GPU, mixed_precision=mixed_float16
[Worker 2] Random seed fixed: 300661
[Worker 2] started on GPU.
  [Worker 2] episode 620 finished. (AvgLatErr: 2.1251, Steps: 200)
  [Worker 2] episode 621 finished. (AvgLatErr: 0.3027, Steps: 128)
  [Worker 2] episode 622 finished. (AvgLatErr: 0.3168, Steps: 136)
  [Worker 2] episode 623 finished. (AvgLatErr: 0.3690, Steps: 128)
  [Worker 2] episode 624 finished. (AvgLatErr: 0.4899, Steps: 148)
  [Worker 2] episode 625 finished. (AvgLatErr: 0.3364, Steps: 146)
  [Worker 2] episode 626 finished. (AvgLatErr: 0.4699, Steps: 144)
  [Worker 2] episode 627 finished. (AvgLatErr: 0.2882, Steps: 139)
  [Worker 2] episode 628 finished. (AvgLatErr: 0.3661, Steps: 143)
  [Worker 2] episode 629 finished. (AvgLatErr: 0.3404, Steps: 134)
[Worker 2].
[Worker 3] TensorFlow device=GPU, mixed_precision=mixed_float16
[Worker 3] Random seed fixed: 400661
[Worker 3] started on GPU.
  [Worker 3] episode 620 finished. (AvgLatErr: 0.2703, Steps: 177)
  [Worker 3] episode 621 finished. (AvgLatErr: 0.3647, Steps: 182)
  [Worker 3] episode 622 finished. (AvgLatErr: 0.3059, Steps: 172)
  [Worker 3] episode 623 finished. (AvgLatErr: 0.5070, Steps: 179)
  [Worker 3] episode 624 finished. (AvgLatErr: 0.3651, Steps: 173)
  [Worker 3] episode 625 finished. (AvgLatErr: 0.5107, Steps: 184)
  [Worker 3] episode 626 finished. (AvgLatErr: 0.3588, Steps: 178)
  [Worker 3] episode 627 finished. (AvgLatErr: 0.3713, Steps: 184)
  [Worker 3] episode 628 finished. (AvgLatErr: 0.5531, Steps: 179)
  [Worker 3] episode 629 finished. (AvgLatErr: 0.4525, Steps: 169)
[Worker 3].
[Main] workers finished. (elapsed: 73.61s)
[Main] Aggregation-selected agents: [0, 1, 2, 3]
[Main] FedAdagrad update completed.
[Main] Replay buffers reset after global model update.
============================================================================================
629 EP / Agent 0 : Avg Lat Err 0.8476
629 EP / Agent 1 : Avg Lat Err 0.1664
629 EP / Agent 2 : Avg Lat Err 0.3404
629 EP / Agent 3 : Avg Lat Err 0.4525
============================================================================================

============================================================================================
[Main] FL round started. (episode 630 ~ 639)
[Main] Client selection: mode=all, budget=4
[Main] Participating agents: [0, 1, 2, 3]
[Worker 0] TensorFlow device=GPU, mixed_precision=mixed_float16
[Worker 0] Random seed fixed: 100671
[Worker 0] started on GPU.
  [Worker 0] episode 630 finished. (AvgLatErr: 0.8186, Steps: 135)
  [Worker 0] episode 631 finished. (AvgLatErr: 1.0672, Steps: 143)
  [Worker 0] episode 632 finished. (AvgLatErr: 1.2648, Steps: 135)
  [Worker 0] episode 633 finished. (AvgLatErr: 0.8766, Steps: 138)
  [Worker 0] episode 634 finished. (AvgLatErr: 0.6250, Steps: 138)
  [Worker 0] episode 635 finished. (AvgLatErr: 0.6728, Steps: 126)
  [Worker 0] episode 636 finished. (AvgLatErr: 0.5620, Steps: 137)
  [Worker 0] episode 637 finished. (AvgLatErr: 0.7347, Steps: 141)
  [Worker 0] episode 638 finished. (AvgLatErr: 0.8169, Steps: 137)
  [Worker 0] episode 639 finished. (AvgLatErr: 0.5469, Steps: 136)
[Worker 0].
[Worker 1] TensorFlow device=GPU, mixed_precision=mixed_float16
[Worker 1] Random seed fixed: 200671
[Worker 1] started on GPU.
  [Worker 1] episode 630 finished. (AvgLatErr: 0.1772, Steps: 135)
  [Worker 1] episode 631 finished. (AvgLatErr: 0.1254, Steps: 145)
  [Worker 1] episode 632 finished. (AvgLatErr: 0.1415, Steps: 134)
  [Worker 1] episode 633 finished. (AvgLatErr: 0.1194, Steps: 150)
  [Worker 1] episode 634 finished. (AvgLatErr: 0.1038, Steps: 154)
  [Worker 1] episode 635 finished. (AvgLatErr: 0.1502, Steps: 136)
  [Worker 1] episode 636 finished. (AvgLatErr: 0.1438, Steps: 142)
  [Worker 1] episode 637 finished. (AvgLatErr: 0.1622, Steps: 139)
  [Worker 1] episode 638 finished. (AvgLatErr: 0.1877, Steps: 158)
  [Worker 1] episode 639 finished. (AvgLatErr: 0.1605, Steps: 162)
[Worker 1].
[Worker 2] TensorFlow device=GPU, mixed_precision=mixed_float16
[Worker 2] Random seed fixed: 300671
[Worker 2] started on GPU.
  [Worker 2] episode 630 finished. (AvgLatErr: 0.2894, Steps: 145)
  [Worker 2] episode 631 finished. (AvgLatErr: 0.4192, Steps: 146)
  [Worker 2] episode 632 finished. (AvgLatErr: 0.4050, Steps: 146)
  [Worker 2] episode 633 finished. (AvgLatErr: 0.2414, Steps: 142)
  [Worker 2] episode 634 finished. (AvgLatErr: 0.4481, Steps: 128)
  [Worker 2] episode 635 finished. (AvgLatErr: 0.4602, Steps: 138)
  [Worker 2] episode 636 finished. (AvgLatErr: 0.2452, Steps: 138)
  [Worker 2] episode 637 finished. (AvgLatErr: 0.3841, Steps: 136)
  [Worker 2] episode 638 finished. (AvgLatErr: 0.4054, Steps: 137)
  [Worker 2] episode 639 finished. (AvgLatErr: 0.6808, Steps: 147)
[Worker 2].
[Worker 3] TensorFlow device=GPU, mixed_precision=mixed_float16
[Worker 3] Random seed fixed: 400671
[Worker 3] started on GPU.
  [Worker 3] episode 630 finished. (AvgLatErr: 0.4098, Steps: 175)
  [Worker 3] episode 631 finished. (AvgLatErr: 0.2568, Steps: 198)
  [Worker 3] episode 632 finished. (AvgLatErr: 0.3022, Steps: 182)
  [Worker 3] episode 633 finished. (AvgLatErr: 0.2960, Steps: 188)
  [Worker 3] episode 634 finished. (AvgLatErr: 0.3319, Steps: 180)
  [Worker 3] episode 635 finished. (AvgLatErr: 0.4897, Steps: 182)
  [Worker 3] episode 636 finished. (AvgLatErr: 0.4359, Steps: 194)
  [Worker 3] episode 637 finished. (AvgLatErr: 0.3141, Steps: 187)
  [Worker 3] episode 638 finished. (AvgLatErr: 0.3240, Steps: 177)
  [Worker 3] episode 639 finished. (AvgLatErr: 0.2990, Steps: 168)
[Worker 3].
[Main] workers finished. (elapsed: 85.74s)
[Main] Aggregation-selected agents: [0, 1, 2, 3]
[Main] FedAdagrad update completed.
[Main] Replay buffers reset after global model update.
============================================================================================
639 EP / Agent 0 : Avg Lat Err 0.5469
639 EP / Agent 1 : Avg Lat Err 0.1605
639 EP / Agent 2 : Avg Lat Err 0.6808
639 EP / Agent 3 : Avg Lat Err 0.2990
============================================================================================

============================================================================================
[Main] FL round started. (episode 640 ~ 649)
[Main] Client selection: mode=all, budget=4
[Main] Participating agents: [0, 1, 2, 3]
[Worker 0] TensorFlow device=GPU, mixed_precision=mixed_float16
[Worker 0] Random seed fixed: 100681
[Worker 0] started on GPU.
  [Worker 0] episode 640 finished. (AvgLatErr: 0.4706, Steps: 133)
  [Worker 0] episode 641 finished. (AvgLatErr: 0.6363, Steps: 135)
  [Worker 0] episode 642 finished. (AvgLatErr: 0.4766, Steps: 129)
  [Worker 0] episode 643 finished. (AvgLatErr: 1.0816, Steps: 145)
  [Worker 0] episode 644 finished. (AvgLatErr: 0.9289, Steps: 139)
  [Worker 0] episode 645 finished. (AvgLatErr: 0.5964, Steps: 133)
  [Worker 0] episode 646 finished. (AvgLatErr: 1.3244, Steps: 135)
  [Worker 0] episode 647 finished. (AvgLatErr: 0.6225, Steps: 150)
  [Worker 0] episode 648 finished. (AvgLatErr: 1.0874, Steps: 138)
  [Worker 0] episode 649 finished. (AvgLatErr: 0.5370, Steps: 135)
[Worker 0].
[Worker 1] TensorFlow device=GPU, mixed_precision=mixed_float16
[Worker 1] Random seed fixed: 200681
[Worker 1] started on GPU.
  [Worker 1] episode 640 finished. (AvgLatErr: 0.1048, Steps: 144)
  [Worker 1] episode 641 finished. (AvgLatErr: 0.1211, Steps: 147)
  [Worker 1] episode 642 finished. (AvgLatErr: 0.1912, Steps: 152)
  [Worker 1] episode 643 finished. (AvgLatErr: 0.1116, Steps: 146)
  [Worker 1] episode 644 finished. (AvgLatErr: 0.1755, Steps: 147)
  [Worker 1] episode 645 finished. (AvgLatErr: 0.0874, Steps: 161)
  [Worker 1] episode 646 finished. (AvgLatErr: 0.1810, Steps: 156)
  [Worker 1] episode 647 finished. (AvgLatErr: 0.1895, Steps: 141)
  [Worker 1] episode 648 finished. (AvgLatErr: 0.1469, Steps: 151)
  [Worker 1] episode 649 finished. (AvgLatErr: 0.1591, Steps: 149)
[Worker 1].
[Worker 2] TensorFlow device=GPU, mixed_precision=mixed_float16
[Worker 2] Random seed fixed: 300681
[Worker 2] started on GPU.
  [Worker 2] episode 640 finished. (AvgLatErr: 0.3082, Steps: 143)
  [Worker 2] episode 641 finished. (AvgLatErr: 0.3035, Steps: 148)
  [Worker 2] episode 642 finished. (AvgLatErr: 0.2113, Steps: 153)
  [Worker 2] episode 643 finished. (AvgLatErr: 0.2833, Steps: 145)
  [Worker 2] episode 644 finished. (AvgLatErr: 0.1800, Steps: 158)
  [Worker 2] episode 645 finished. (AvgLatErr: 0.3076, Steps: 135)
  [Worker 2] episode 646 finished. (AvgLatErr: 0.4054, Steps: 146)
  [Worker 2] episode 647 finished. (AvgLatErr: 0.3586, Steps: 146)
  [Worker 2] episode 648 finished. (AvgLatErr: 0.2704, Steps: 139)
  [Worker 2] episode 649 finished. (AvgLatErr: 0.3931, Steps: 139)
[Worker 2].
[Worker 3] TensorFlow device=GPU, mixed_precision=mixed_float16
[Worker 3] Random seed fixed: 400681
[Worker 3] started on GPU.
  [Worker 3] episode 640 finished. (AvgLatErr: 0.3507, Steps: 180)
  [Worker 3] episode 641 finished. (AvgLatErr: 0.3898, Steps: 183)
  [Worker 3] episode 642 finished. (AvgLatErr: 0.5063, Steps: 178)
  [Worker 3] episode 643 finished. (AvgLatErr: 0.3719, Steps: 185)
  [Worker 3] episode 644 finished. (AvgLatErr: 0.4611, Steps: 178)
  [Worker 3] episode 645 finished. (AvgLatErr: 0.3650, Steps: 188)
  [Worker 3] episode 646 finished. (AvgLatErr: 0.5993, Steps: 180)
  [Worker 3] episode 647 finished. (AvgLatErr: 0.4922, Steps: 172)
  [Worker 3] episode 648 finished. (AvgLatErr: 0.3694, Steps: 188)
  [Worker 3] episode 649 finished. (AvgLatErr: 0.2984, Steps: 188)
[Worker 3].
[Main] workers finished. (elapsed: 98.75s)
[Main] Aggregation-selected agents: [0, 1, 2, 3]
[Main] FedAdagrad update completed.
[Main] Replay buffers reset after global model update.
============================================================================================
649 EP / Agent 0 : Avg Lat Err 0.5370
649 EP / Agent 1 : Avg Lat Err 0.1591
649 EP / Agent 2 : Avg Lat Err 0.3931
649 EP / Agent 3 : Avg Lat Err 0.2984
============================================================================================
[Main] Model checkpoint saved: C:\Users\syd79\FRL-Q\experiments\optimized_fedadagrad_4all_20260916_run1_all_4of4\checkpoints\global_model_episode_000650.weights.h5

============================================================================================
[Main] FL round started. (episode 650 ~ 659)
[Main] Client selection: mode=all, budget=4
[Main] Participating agents: [0, 1, 2, 3]
[Worker 0] TensorFlow device=GPU, mixed_precision=mixed_float16
[Worker 0] Random seed fixed: 100691
[Worker 0] started on GPU.
  [Worker 0] episode 650 finished. (AvgLatErr: 0.4417, Steps: 135)
  [Worker 0] episode 651 finished. (AvgLatErr: 0.5845, Steps: 141)
  [Worker 0] episode 652 finished. (AvgLatErr: 0.6031, Steps: 148)
  [Worker 0] episode 653 finished. (AvgLatErr: 0.7672, Steps: 140)
  [Worker 0] episode 654 finished. (AvgLatErr: 0.6504, Steps: 138)
  [Worker 0] episode 655 finished. (AvgLatErr: 0.4822, Steps: 142)
  [Worker 0] episode 656 finished. (AvgLatErr: 0.7162, Steps: 141)
  [Worker 0] episode 657 finished. (AvgLatErr: 1.0811, Steps: 133)
  [Worker 0] episode 658 finished. (AvgLatErr: 1.0080, Steps: 146)
  [Worker 0] episode 659 finished. (AvgLatErr: 0.8716, Steps: 142)
[Worker 0].
[Worker 1] TensorFlow device=GPU, mixed_precision=mixed_float16
[Worker 1] Random seed fixed: 200691
[Worker 1] started on GPU.
  [Worker 1] episode 650 finished. (AvgLatErr: 0.1280, Steps: 137)
  [Worker 1] episode 651 finished. (AvgLatErr: 0.1151, Steps: 139)
  [Worker 1] episode 652 finished. (AvgLatErr: 0.0916, Steps: 159)
  [Worker 1] episode 653 finished. (AvgLatErr: 0.4342, Steps: 151)
  [Worker 1] episode 654 finished. (AvgLatErr: 0.2441, Steps: 141)
  [Worker 1] episode 655 finished. (AvgLatErr: 0.1688, Steps: 140)
  [Worker 1] episode 656 finished. (AvgLatErr: 0.1589, Steps: 162)
  [Worker 1] episode 657 finished. (AvgLatErr: 0.1649, Steps: 158)
  [Worker 1] episode 658 finished. (AvgLatErr: 0.2044, Steps: 161)
  [Worker 1] episode 659 finished. (AvgLatErr: 0.2019, Steps: 140)
[Worker 1].
[Worker 2] TensorFlow device=GPU, mixed_precision=mixed_float16
[Worker 2] Random seed fixed: 300691
[Worker 2] started on GPU.
  [Worker 2] episode 650 finished. (AvgLatErr: 0.3089, Steps: 143)
  [Worker 2] episode 651 finished. (AvgLatErr: 0.4958, Steps: 147)
  [Worker 2] episode 652 finished. (AvgLatErr: 0.3428, Steps: 130)
  [Worker 2] episode 653 finished. (AvgLatErr: 0.4058, Steps: 133)
  [Worker 2] episode 654 finished. (AvgLatErr: 0.4120, Steps: 132)
  [Worker 2] episode 655 finished. (AvgLatErr: 0.3397, Steps: 149)
  [Worker 2] episode 656 finished. (AvgLatErr: 0.2090, Steps: 145)
  [Worker 2] episode 657 finished. (AvgLatErr: 0.2957, Steps: 140)
  [Worker 2] episode 658 finished. (AvgLatErr: 0.2778, Steps: 127)
  [Worker 2] episode 659 finished. (AvgLatErr: 0.3174, Steps: 133)
[Worker 2].
[Worker 3] TensorFlow device=GPU, mixed_precision=mixed_float16
[Worker 3] Random seed fixed: 400691
[Worker 3] started on GPU.
  [Worker 3] episode 650 finished. (AvgLatErr: 0.4387, Steps: 189)
  [Worker 3] episode 651 finished. (AvgLatErr: 0.2213, Steps: 181)
  [Worker 3] episode 652 finished. (AvgLatErr: 0.3019, Steps: 178)
  [Worker 3] episode 653 finished. (AvgLatErr: 0.2043, Steps: 175)
  [Worker 3] episode 654 finished. (AvgLatErr: 0.4703, Steps: 186)
  [Worker 3] episode 655 finished. (AvgLatErr: 0.2736, Steps: 181)
  [Worker 3] episode 656 finished. (AvgLatErr: 0.4206, Steps: 175)
  [Worker 3] episode 657 finished. (AvgLatErr: 0.4514, Steps: 184)
  [Worker 3] episode 658 finished. (AvgLatErr: 0.3596, Steps: 188)
  [Worker 3] episode 659 finished. (AvgLatErr: 0.3168, Steps: 173)
[Worker 3].
[Main] workers finished. (elapsed: 98.22s)
[Main] Aggregation-selected agents: [0, 1, 2, 3]
[Main] FedAdagrad update completed.
[Main] Replay buffers reset after global model update.
============================================================================================
659 EP / Agent 0 : Avg Lat Err 0.8716
659 EP / Agent 1 : Avg Lat Err 0.2019
659 EP / Agent 2 : Avg Lat Err 0.3174
659 EP / Agent 3 : Avg Lat Err 0.3168
============================================================================================

============================================================================================
[Main] FL round started. (episode 660 ~ 669)
[Main] Client selection: mode=all, budget=4
[Main] Participating agents: [0, 1, 2, 3]
[Worker 0] TensorFlow device=GPU, mixed_precision=mixed_float16
[Worker 0] Random seed fixed: 100701
[Worker 0] started on GPU.
  [Worker 0] episode 660 finished. (AvgLatErr: 0.9027, Steps: 142)
  [Worker 0] episode 661 finished. (AvgLatErr: 0.5572, Steps: 131)
  [Worker 0] episode 662 finished. (AvgLatErr: 1.0081, Steps: 143)
  [Worker 0] episode 663 finished. (AvgLatErr: 0.4207, Steps: 142)
  [Worker 0] episode 664 finished. (AvgLatErr: 0.4876, Steps: 138)
  [Worker 0] episode 665 finished. (AvgLatErr: 0.8070, Steps: 137)
  [Worker 0] episode 666 finished. (AvgLatErr: 0.6627, Steps: 132)
  [Worker 0] episode 667 finished. (AvgLatErr: 1.1827, Steps: 130)
  [Worker 0] episode 668 finished. (AvgLatErr: 0.5919, Steps: 146)
  [Worker 0] episode 669 finished. (AvgLatErr: 0.7510, Steps: 141)
[Worker 0].
[Worker 1] TensorFlow device=GPU, mixed_precision=mixed_float16
[Worker 1] Random seed fixed: 200701
[Worker 1] started on GPU.
  [Worker 1] episode 660 finished. (AvgLatErr: 0.2690, Steps: 151)
  [Worker 1] episode 661 finished. (AvgLatErr: 0.1449, Steps: 141)
  [Worker 1] episode 662 finished. (AvgLatErr: 0.2903, Steps: 133)
  [Worker 1] episode 663 finished. (AvgLatErr: 0.1299, Steps: 162)
  [Worker 1] episode 664 finished. (AvgLatErr: 0.1943, Steps: 130)
  [Worker 1] episode 665 finished. (AvgLatErr: 0.2160, Steps: 122)
  [Worker 1] episode 666 finished. (AvgLatErr: 0.2164, Steps: 123)
  [Worker 1] episode 667 finished. (AvgLatErr: 0.1297, Steps: 145)
  [Worker 1] episode 668 finished. (AvgLatErr: 0.2667, Steps: 117)
  [Worker 1] episode 669 finished. (AvgLatErr: 0.2595, Steps: 148)
[Worker 1].
[Worker 2] TensorFlow device=GPU, mixed_precision=mixed_float16
[Worker 2] Random seed fixed: 300701
[Worker 2] started on GPU.
  [Worker 2] episode 660 finished. (AvgLatErr: 0.2789, Steps: 148)
  [Worker 2] episode 661 finished. (AvgLatErr: 0.6626, Steps: 142)
  [Worker 2] episode 662 finished. (AvgLatErr: 0.5009, Steps: 138)
  [Worker 2] episode 663 finished. (AvgLatErr: 0.2946, Steps: 147)
  [Worker 2] episode 664 finished. (AvgLatErr: 0.3553, Steps: 145)
  [Worker 2] episode 665 finished. (AvgLatErr: 0.3214, Steps: 158)
  [Worker 2] episode 666 finished. (AvgLatErr: 0.1715, Steps: 127)
  [Worker 2] episode 667 finished. (AvgLatErr: 0.3643, Steps: 134)
  [Worker 2] episode 668 finished. (AvgLatErr: 0.2871, Steps: 146)
  [Worker 2] episode 669 finished. (AvgLatErr: 0.2018, Steps: 145)
[Worker 2].
[Worker 3] TensorFlow device=GPU, mixed_precision=mixed_float16
[Worker 3] Random seed fixed: 400701
[Worker 3] started on GPU.
  [Worker 3] episode 660 finished. (AvgLatErr: 0.1990, Steps: 171)
  [Worker 3] episode 661 finished. (AvgLatErr: 0.5107, Steps: 186)
  [Worker 3] episode 662 finished. (AvgLatErr: 0.3586, Steps: 176)
  [Worker 3] episode 663 finished. (AvgLatErr: 0.3010, Steps: 173)
  [Worker 3] episode 664 finished. (AvgLatErr: 0.4935, Steps: 178)
  [Worker 3] episode 665 finished. (AvgLatErr: 0.5620, Steps: 176)
  [Worker 3] episode 666 finished. (AvgLatErr: 0.3301, Steps: 174)
  [Worker 3] episode 667 finished. (AvgLatErr: 0.4909, Steps: 169)
  [Worker 3] episode 668 finished. (AvgLatErr: 0.2849, Steps: 177)
  [Worker 3] episode 669 finished. (AvgLatErr: 0.4859, Steps: 190)
[Worker 3].
[Main] workers finished. (elapsed: 75.31s)
[Main] Aggregation-selected agents: [0, 1, 2, 3]
[Main] FedAdagrad update completed.
[Main] Replay buffers reset after global model update.
============================================================================================
669 EP / Agent 0 : Avg Lat Err 0.7510
669 EP / Agent 1 : Avg Lat Err 0.2595
669 EP / Agent 2 : Avg Lat Err 0.2018
669 EP / Agent 3 : Avg Lat Err 0.4859
============================================================================================

============================================================================================
[Main] FL round started. (episode 670 ~ 679)
[Main] Client selection: mode=all, budget=4
[Main] Participating agents: [0, 1, 2, 3]
[Worker 0] TensorFlow device=GPU, mixed_precision=mixed_float16
[Worker 0] Random seed fixed: 100711
[Worker 0] started on GPU.
  [Worker 0] episode 670 finished. (AvgLatErr: 1.2447, Steps: 138)
  [Worker 0] episode 671 finished. (AvgLatErr: 0.9676, Steps: 131)
  [Worker 0] episode 672 finished. (AvgLatErr: 1.0782, Steps: 135)
  [Worker 0] episode 673 finished. (AvgLatErr: 0.7271, Steps: 133)
  [Worker 0] episode 674 finished. (AvgLatErr: 0.5404, Steps: 137)
  [Worker 0] episode 675 finished. (AvgLatErr: 0.6388, Steps: 140)
  [Worker 0] episode 676 finished. (AvgLatErr: 1.0018, Steps: 136)
  [Worker 0] episode 677 finished. (AvgLatErr: 0.6258, Steps: 141)
  [Worker 0] episode 678 finished. (AvgLatErr: 0.4333, Steps: 133)
  [Worker 0] episode 679 finished. (AvgLatErr: 0.5266, Steps: 133)
[Worker 0].
[Worker 1] TensorFlow device=GPU, mixed_precision=mixed_float16
[Worker 1] Random seed fixed: 200711
[Worker 1] started on GPU.
  [Worker 1] episode 670 finished. (AvgLatErr: 0.1431, Steps: 128)
  [Worker 1] episode 671 finished. (AvgLatErr: 0.2312, Steps: 161)
  [Worker 1] episode 672 finished. (AvgLatErr: 0.2275, Steps: 127)
  [Worker 1] episode 673 finished. (AvgLatErr: 0.1529, Steps: 135)
  [Worker 1] episode 674 finished. (AvgLatErr: 0.1441, Steps: 135)
  [Worker 1] episode 675 finished. (AvgLatErr: 0.2783, Steps: 147)
  [Worker 1] episode 676 finished. (AvgLatErr: 0.2744, Steps: 133)
  [Worker 1] episode 677 finished. (AvgLatErr: 0.1568, Steps: 124)
  [Worker 1] episode 678 finished. (AvgLatErr: 0.2496, Steps: 140)
  [Worker 1] episode 679 finished. (AvgLatErr: 0.1870, Steps: 147)
[Worker 1].
[Worker 2] TensorFlow device=GPU, mixed_precision=mixed_float16
[Worker 2] Random seed fixed: 300711
[Worker 2] started on GPU.
  [Worker 2] episode 670 finished. (AvgLatErr: 0.3493, Steps: 153)
  [Worker 2] episode 671 finished. (AvgLatErr: 0.2680, Steps: 137)
  [Worker 2] episode 672 finished. (AvgLatErr: 0.2316, Steps: 130)
  [Worker 2] episode 673 finished. (AvgLatErr: 0.5072, Steps: 145)
  [Worker 2] episode 674 finished. (AvgLatErr: 0.3570, Steps: 154)
  [Worker 2] episode 675 finished. (AvgLatErr: 0.2663, Steps: 136)
  [Worker 2] episode 676 finished. (AvgLatErr: 0.2420, Steps: 153)
  [Worker 2] episode 677 finished. (AvgLatErr: 0.5407, Steps: 149)
  [Worker 2] episode 678 finished. (AvgLatErr: 0.2098, Steps: 124)
  [Worker 2] episode 679 finished. (AvgLatErr: 0.4196, Steps: 132)
[Worker 2].
[Worker 3] TensorFlow device=GPU, mixed_precision=mixed_float16
[Worker 3] Random seed fixed: 400711
[Worker 3] started on GPU.
  [Worker 3] episode 670 finished. (AvgLatErr: 0.2825, Steps: 166)
  [Worker 3] episode 671 finished. (AvgLatErr: 0.7635, Steps: 182)
  [Worker 3] episode 672 finished. (AvgLatErr: 0.5824, Steps: 162)
  [Worker 3] episode 673 finished. (AvgLatErr: 2.9799, Steps: 198)
  [Worker 3] episode 674 finished. (AvgLatErr: 0.7356, Steps: 168)
  [Worker 3] episode 675 finished. (AvgLatErr: 0.6137, Steps: 159)
  [Worker 3] episode 676 finished. (AvgLatErr: 0.8246, Steps: 164)
  [Worker 3] episode 677 finished. (AvgLatErr: 1.5892, Steps: 184)
  [Worker 3] episode 678 finished. (AvgLatErr: 0.7432, Steps: 173)
  [Worker 3] episode 679 finished. (AvgLatErr: 0.8539, Steps: 173)
[Worker 3].
[Main] workers finished. (elapsed: 77.00s)
[Main] Aggregation-selected agents: [0, 1, 2, 3]
[Main] FedAdagrad update completed.
[Main] Replay buffers reset after global model update.
============================================================================================
679 EP / Agent 0 : Avg Lat Err 0.5266
679 EP / Agent 1 : Avg Lat Err 0.1870
679 EP / Agent 2 : Avg Lat Err 0.4196
679 EP / Agent 3 : Avg Lat Err 0.8539
============================================================================================

============================================================================================
[Main] FL round started. (episode 680 ~ 689)
[Main] Client selection: mode=all, budget=4
[Main] Participating agents: [0, 1, 2, 3]
[Worker 0] TensorFlow device=GPU, mixed_precision=mixed_float16
[Worker 0] Random seed fixed: 100721
[Worker 0] started on GPU.
  [Worker 0] episode 680 finished. (AvgLatErr: 0.8986, Steps: 136)
  [Worker 0] episode 681 finished. (AvgLatErr: 0.8124, Steps: 136)
  [Worker 0] episode 682 finished. (AvgLatErr: 0.7189, Steps: 132)
  [Worker 0] episode 683 finished. (AvgLatErr: 1.0288, Steps: 137)
  [Worker 0] episode 684 finished. (AvgLatErr: 1.0219, Steps: 143)
  [Worker 0] episode 685 finished. (AvgLatErr: 0.8112, Steps: 139)
  [Worker 0] episode 686 finished. (AvgLatErr: 0.9508, Steps: 145)
  [Worker 0] episode 687 finished. (AvgLatErr: 0.6187, Steps: 139)
  [Worker 0] episode 688 finished. (AvgLatErr: 0.7737, Steps: 134)
  [Worker 0] episode 689 finished. (AvgLatErr: 0.7874, Steps: 136)
[Worker 0].
[Worker 1] TensorFlow device=GPU, mixed_precision=mixed_float16
[Worker 1] Random seed fixed: 200721
[Worker 1] started on GPU.
  [Worker 1] episode 680 finished. (AvgLatErr: 0.3651, Steps: 130)
  [Worker 1] episode 681 finished. (AvgLatErr: 0.2101, Steps: 144)
  [Worker 1] episode 682 finished. (AvgLatErr: 0.3626, Steps: 136)
  [Worker 1] episode 683 finished. (AvgLatErr: 0.2168, Steps: 139)
  [Worker 1] episode 684 finished. (AvgLatErr: 0.2088, Steps: 135)
  [Worker 1] episode 685 finished. (AvgLatErr: 0.2757, Steps: 119)
  [Worker 1] episode 686 finished. (AvgLatErr: 0.1924, Steps: 125)
  [Worker 1] episode 687 finished. (AvgLatErr: 0.2062, Steps: 137)
  [Worker 1] episode 688 finished. (AvgLatErr: 0.1974, Steps: 130)
  [Worker 1] episode 689 finished. (AvgLatErr: 0.2406, Steps: 127)
[Worker 1].
[Worker 2] TensorFlow device=GPU, mixed_precision=mixed_float16
[Worker 2] Random seed fixed: 300721
[Worker 2] started on GPU.
  [Worker 2] episode 680 finished. (AvgLatErr: 0.4336, Steps: 135)
  [Worker 2] episode 681 finished. (AvgLatErr: 0.2447, Steps: 135)
  [Worker 2] episode 682 finished. (AvgLatErr: 0.4950, Steps: 149)
  [Worker 2] episode 683 finished. (AvgLatErr: 0.4474, Steps: 141)
  [Worker 2] episode 684 finished. (AvgLatErr: 0.4563, Steps: 147)
  [Worker 2] episode 685 finished. (AvgLatErr: 0.2684, Steps: 139)
  [Worker 2] episode 686 finished. (AvgLatErr: 0.1979, Steps: 138)
  [Worker 2] episode 687 finished. (AvgLatErr: 0.2165, Steps: 140)
  [Worker 2] episode 688 finished. (AvgLatErr: 0.4249, Steps: 134)
  [Worker 2] episode 689 finished. (AvgLatErr: 0.2879, Steps: 127)
[Worker 2].
[Worker 3] TensorFlow device=GPU, mixed_precision=mixed_float16
[Worker 3] Random seed fixed: 400721
[Worker 3] started on GPU.
  [Worker 3] episode 680 finished. (AvgLatErr: 0.4523, Steps: 183)
  [Worker 3] episode 681 finished. (AvgLatErr: 0.2968, Steps: 181)
  [Worker 3] episode 682 finished. (AvgLatErr: 0.3310, Steps: 171)
  [Worker 3] episode 683 finished. (AvgLatErr: 0.3887, Steps: 172)
  [Worker 3] episode 684 finished. (AvgLatErr: 0.4055, Steps: 174)
  [Worker 3] episode 685 finished. (AvgLatErr: 0.4851, Steps: 179)
  [Worker 3] episode 686 finished. (AvgLatErr: 0.5442, Steps: 178)
  [Worker 3] episode 687 finished. (AvgLatErr: 0.6697, Steps: 177)
  [Worker 3] episode 688 finished. (AvgLatErr: 0.5347, Steps: 188)
  [Worker 3] episode 689 finished. (AvgLatErr: 0.8494, Steps: 183)
[Worker 3].
[Main] workers finished. (elapsed: 100.38s)
[Main] Aggregation-selected agents: [0, 1, 2, 3]
[Main] FedAdagrad update completed.
[Main] Replay buffers reset after global model update.
============================================================================================
689 EP / Agent 0 : Avg Lat Err 0.7874
689 EP / Agent 1 : Avg Lat Err 0.2406
689 EP / Agent 2 : Avg Lat Err 0.2879
689 EP / Agent 3 : Avg Lat Err 0.8494
============================================================================================

============================================================================================
[Main] FL round started. (episode 690 ~ 699)
[Main] Client selection: mode=all, budget=4
[Main] Participating agents: [0, 1, 2, 3]
[Worker 0] TensorFlow device=GPU, mixed_precision=mixed_float16
[Worker 0] Random seed fixed: 100731
[Worker 0] started on GPU.
  [Worker 0] episode 690 finished. (AvgLatErr: 1.0643, Steps: 137)
  [Worker 0] episode 691 finished. (AvgLatErr: 0.9277, Steps: 132)
  [Worker 0] episode 692 finished. (AvgLatErr: 2.2019, Steps: 155)
  [Worker 0] episode 693 finished. (AvgLatErr: 0.8726, Steps: 134)
  [Worker 0] episode 694 finished. (AvgLatErr: 0.7136, Steps: 136)
  [Worker 0] episode 695 finished. (AvgLatErr: 0.7091, Steps: 134)
  [Worker 0] episode 696 finished. (AvgLatErr: 1.3100, Steps: 132)
  [Worker 0] episode 697 finished. (AvgLatErr: 0.7779, Steps: 124)
  [Worker 0] episode 698 finished. (AvgLatErr: 1.4282, Steps: 141)
  [Worker 0] episode 699 finished. (AvgLatErr: 0.6935, Steps: 131)
[Worker 0].
[Worker 1] TensorFlow device=GPU, mixed_precision=mixed_float16
[Worker 1] Random seed fixed: 200731
[Worker 1] started on GPU.
  [Worker 1] episode 690 finished. (AvgLatErr: 0.3033, Steps: 131)
  [Worker 1] episode 691 finished. (AvgLatErr: 0.1881, Steps: 127)
  [Worker 1] episode 692 finished. (AvgLatErr: 0.1516, Steps: 136)
  [Worker 1] episode 693 finished. (AvgLatErr: 0.1984, Steps: 121)
  [Worker 1] episode 694 finished. (AvgLatErr: 0.1697, Steps: 123)
  [Worker 1] episode 695 finished. (AvgLatErr: 0.2305, Steps: 136)
  [Worker 1] episode 696 finished. (AvgLatErr: 0.2719, Steps: 138)
  [Worker 1] episode 697 finished. (AvgLatErr: 0.2166, Steps: 145)
  [Worker 1] episode 698 finished. (AvgLatErr: 0.3138, Steps: 143)
  [Worker 1] episode 699 finished. (AvgLatErr: 0.2445, Steps: 137)
[Worker 1].
[Worker 2] TensorFlow device=GPU, mixed_precision=mixed_float16
[Worker 2] Random seed fixed: 300731
[Worker 2] started on GPU.
  [Worker 2] episode 690 finished. (AvgLatErr: 0.4037, Steps: 132)
  [Worker 2] episode 691 finished. (AvgLatErr: 0.3883, Steps: 128)
  [Worker 2] episode 692 finished. (AvgLatErr: 0.3049, Steps: 147)
  [Worker 2] episode 693 finished. (AvgLatErr: 0.1561, Steps: 154)
  [Worker 2] episode 694 finished. (AvgLatErr: 0.2185, Steps: 158)
  [Worker 2] episode 695 finished. (AvgLatErr: 0.2561, Steps: 136)
  [Worker 2] episode 696 finished. (AvgLatErr: 0.1973, Steps: 145)
  [Worker 2] episode 697 finished. (AvgLatErr: 0.3448, Steps: 127)
  [Worker 2] episode 698 finished. (AvgLatErr: 0.3855, Steps: 142)
  [Worker 2] episode 699 finished. (AvgLatErr: 0.5887, Steps: 131)
[Worker 2].
[Worker 3] TensorFlow device=GPU, mixed_precision=mixed_float16
[Worker 3] Random seed fixed: 400731
[Worker 3] started on GPU.
  [Worker 3] episode 690 finished. (AvgLatErr: 0.4840, Steps: 175)
  [Worker 3] episode 691 finished. (AvgLatErr: 0.3668, Steps: 165)
  [Worker 3] episode 692 finished. (AvgLatErr: 0.5170, Steps: 174)
  [Worker 3] episode 693 finished. (AvgLatErr: 0.5342, Steps: 169)
  [Worker 3] episode 694 finished. (AvgLatErr: 0.4368, Steps: 174)
  [Worker 3] episode 695 finished. (AvgLatErr: 0.6575, Steps: 174)
  [Worker 3] episode 696 finished. (AvgLatErr: 0.5304, Steps: 183)
  [Worker 3] episode 697 finished. (AvgLatErr: 0.4063, Steps: 168)
  [Worker 3] episode 698 finished. (AvgLatErr: 0.5334, Steps: 178)
  [Worker 3] episode 699 finished. (AvgLatErr: 0.4386, Steps: 166)
[Worker 3].
[Main] workers finished. (elapsed: 96.84s)
[Main] Aggregation-selected agents: [0, 1, 2, 3]
[Main] FedAdagrad update completed.
[Main] Replay buffers reset after global model update.
============================================================================================
699 EP / Agent 0 : Avg Lat Err 0.6935
699 EP / Agent 1 : Avg Lat Err 0.2445
699 EP / Agent 2 : Avg Lat Err 0.5887
699 EP / Agent 3 : Avg Lat Err 0.4386
============================================================================================
[Main] Model checkpoint saved: C:\Users\syd79\FRL-Q\experiments\optimized_fedadagrad_4all_20260916_run1_all_4of4\checkpoints\global_model_episode_000700.weights.h5

============================================================================================
[Main] FL round started. (episode 700 ~ 709)
[Main] Client selection: mode=all, budget=4
[Main] Participating agents: [0, 1, 2, 3]
[Worker 0] TensorFlow device=GPU, mixed_precision=mixed_float16
[Worker 0] Random seed fixed: 100741
[Worker 0] started on GPU.
  [Worker 0] episode 700 finished. (AvgLatErr: 0.6181, Steps: 132)
  [Worker 0] episode 701 finished. (AvgLatErr: 1.1150, Steps: 129)
  [Worker 0] episode 702 finished. (AvgLatErr: 0.9419, Steps: 131)
  [Worker 0] episode 703 finished. (AvgLatErr: 0.7851, Steps: 130)
  [Worker 0] episode 704 finished. (AvgLatErr: 0.8438, Steps: 136)
  [Worker 0] episode 705 finished. (AvgLatErr: 1.1503, Steps: 131)
  [Worker 0] episode 706 finished. (AvgLatErr: 0.9793, Steps: 135)
  [Worker 0] episode 707 finished. (AvgLatErr: 1.1858, Steps: 134)
  [Worker 0] episode 708 finished. (AvgLatErr: 1.0995, Steps: 131)
  [Worker 0] episode 709 finished. (AvgLatErr: 0.7790, Steps: 120)
[Worker 0].
[Worker 1] TensorFlow device=GPU, mixed_precision=mixed_float16
[Worker 1] Random seed fixed: 200741
[Worker 1] started on GPU.
  [Worker 1] episode 700 finished. (AvgLatErr: 0.3910, Steps: 125)
  [Worker 1] episode 701 finished. (AvgLatErr: 0.3358, Steps: 133)
  [Worker 1] episode 702 finished. (AvgLatErr: 0.1795, Steps: 122)
  [Worker 1] episode 703 finished. (AvgLatErr: 0.1751, Steps: 116)
  [Worker 1] episode 704 finished. (AvgLatErr: 0.1400, Steps: 136)
  [Worker 1] episode 705 finished. (AvgLatErr: 0.1816, Steps: 166)
  [Worker 1] episode 706 finished. (AvgLatErr: 0.1250, Steps: 144)
  [Worker 1] episode 707 finished. (AvgLatErr: 0.1528, Steps: 130)
  [Worker 1] episode 708 finished. (AvgLatErr: 0.2075, Steps: 135)
  [Worker 1] episode 709 finished. (AvgLatErr: 0.1363, Steps: 133)
[Worker 1].
[Worker 2] TensorFlow device=GPU, mixed_precision=mixed_float16
[Worker 2] Random seed fixed: 300741
[Worker 2] started on GPU.
  [Worker 2] episode 700 finished. (AvgLatErr: 0.4546, Steps: 142)
  [Worker 2] episode 701 finished. (AvgLatErr: 0.2972, Steps: 128)
  [Worker 2] episode 702 finished. (AvgLatErr: 0.5319, Steps: 133)
  [Worker 2] episode 703 finished. (AvgLatErr: 0.5779, Steps: 138)
  [Worker 2] episode 704 finished. (AvgLatErr: 0.3458, Steps: 122)
  [Worker 2] episode 705 finished. (AvgLatErr: 0.4759, Steps: 124)
  [Worker 2] episode 706 finished. (AvgLatErr: 0.3175, Steps: 122)
  [Worker 2] episode 707 finished. (AvgLatErr: 0.2840, Steps: 129)
  [Worker 2] episode 708 finished. (AvgLatErr: 0.3687, Steps: 128)
  [Worker 2] episode 709 finished. (AvgLatErr: 0.4700, Steps: 129)
[Worker 2].
[Worker 3] TensorFlow device=GPU, mixed_precision=mixed_float16
[Worker 3] Random seed fixed: 400741
[Worker 3] started on GPU.
  [Worker 3] episode 700 finished. (AvgLatErr: 0.3291, Steps: 183)
  [Worker 3] episode 701 finished. (AvgLatErr: 0.4323, Steps: 189)
  [Worker 3] episode 702 finished. (AvgLatErr: 0.3894, Steps: 176)
  [Worker 3] episode 703 finished. (AvgLatErr: 0.4161, Steps: 173)
  [Worker 3] episode 704 finished. (AvgLatErr: 0.4887, Steps: 192)
  [Worker 3] episode 705 finished. (AvgLatErr: 0.4536, Steps: 174)
  [Worker 3] episode 706 finished. (AvgLatErr: 0.9152, Steps: 143)
  [Worker 3] episode 707 finished. (AvgLatErr: 0.5141, Steps: 178)
  [Worker 3] episode 708 finished. (AvgLatErr: 0.3156, Steps: 179)
  [Worker 3] episode 709 finished. (AvgLatErr: 0.5273, Steps: 197)
[Worker 3].
[Main] workers finished. (elapsed: 80.68s)
[Main] Aggregation-selected agents: [0, 1, 2, 3]
[Main] FedAdagrad update completed.
[Main] Replay buffers reset after global model update.
============================================================================================
709 EP / Agent 0 : Avg Lat Err 0.7790
709 EP / Agent 1 : Avg Lat Err 0.1363
709 EP / Agent 2 : Avg Lat Err 0.4700
709 EP / Agent 3 : Avg Lat Err 0.5273
============================================================================================

============================================================================================
[Main] FL round started. (episode 710 ~ 719)
[Main] Client selection: mode=all, budget=4
[Main] Participating agents: [0, 1, 2, 3]
[Worker 0] TensorFlow device=GPU, mixed_precision=mixed_float16
[Worker 0] Random seed fixed: 100751
[Worker 0] started on GPU.
  [Worker 0] episode 710 finished. (AvgLatErr: 0.7668, Steps: 134)
  [Worker 0] episode 711 finished. (AvgLatErr: 1.1002, Steps: 138)
  [Worker 0] episode 712 finished. (AvgLatErr: 0.6978, Steps: 145)
  [Worker 0] episode 713 finished. (AvgLatErr: 1.8457, Steps: 137)
  [Worker 0] episode 714 finished. (AvgLatErr: 0.6200, Steps: 136)
  [Worker 0] episode 715 finished. (AvgLatErr: 0.8631, Steps: 137)
  [Worker 0] episode 716 finished. (AvgLatErr: 0.9116, Steps: 144)
  [Worker 0] episode 717 finished. (AvgLatErr: 0.9549, Steps: 142)
  [Worker 0] episode 718 finished. (AvgLatErr: 1.0937, Steps: 134)
  [Worker 0] episode 719 finished. (AvgLatErr: 1.0118, Steps: 133)
[Worker 0].
[Worker 1] TensorFlow device=GPU, mixed_precision=mixed_float16
[Worker 1] Random seed fixed: 200751
[Worker 1] started on GPU.
  [Worker 1] episode 710 finished. (AvgLatErr: 0.1408, Steps: 123)
  [Worker 1] episode 711 finished. (AvgLatErr: 0.2682, Steps: 150)
  [Worker 1] episode 712 finished. (AvgLatErr: 0.1652, Steps: 155)
  [Worker 1] episode 713 finished. (AvgLatErr: 0.2745, Steps: 148)
  [Worker 1] episode 714 finished. (AvgLatErr: 0.5999, Steps: 140)
  [Worker 1] episode 715 finished. (AvgLatErr: 0.2322, Steps: 139)
  [Worker 1] episode 716 finished. (AvgLatErr: 0.2052, Steps: 135)
  [Worker 1] episode 717 finished. (AvgLatErr: 0.1688, Steps: 147)
  [Worker 1] episode 718 finished. (AvgLatErr: 0.2569, Steps: 137)
  [Worker 1] episode 719 finished. (AvgLatErr: 0.2912, Steps: 111)
[Worker 1].
[Worker 2] TensorFlow device=GPU, mixed_precision=mixed_float16
[Worker 2] Random seed fixed: 300751
[Worker 2] started on GPU.
  [Worker 2] episode 710 finished. (AvgLatErr: 0.4719, Steps: 143)
  [Worker 2] episode 711 finished. (AvgLatErr: 0.2648, Steps: 138)
  [Worker 2] episode 712 finished. (AvgLatErr: 0.3707, Steps: 131)
  [Worker 2] episode 713 finished. (AvgLatErr: 0.4706, Steps: 134)
  [Worker 2] episode 714 finished. (AvgLatErr: 0.2729, Steps: 143)
  [Worker 2] episode 715 finished. (AvgLatErr: 0.4064, Steps: 145)
  [Worker 2] episode 716 finished. (AvgLatErr: 0.6038, Steps: 140)
  [Worker 2] episode 717 finished. (AvgLatErr: 0.4475, Steps: 127)
  [Worker 2] episode 718 finished. (AvgLatErr: 1.5633, Steps: 135)
  [Worker 2] episode 719 finished. (AvgLatErr: 0.5534, Steps: 141)
[Worker 2].
[Worker 3] TensorFlow device=GPU, mixed_precision=mixed_float16
[Worker 3] Random seed fixed: 400751
[Worker 3] started on GPU.
  [Worker 3] episode 710 finished. (AvgLatErr: 0.4110, Steps: 170)
  [Worker 3] episode 711 finished. (AvgLatErr: 0.3800, Steps: 166)
  [Worker 3] episode 712 finished. (AvgLatErr: 0.4412, Steps: 172)
  [Worker 3] episode 713 finished. (AvgLatErr: 0.7536, Steps: 178)
  [Worker 3] episode 714 finished. (AvgLatErr: 0.6082, Steps: 173)
  [Worker 3] episode 715 finished. (AvgLatErr: 0.5104, Steps: 174)
  [Worker 3] episode 716 finished. (AvgLatErr: 0.5220, Steps: 172)
  [Worker 3] episode 717 finished. (AvgLatErr: 0.6087, Steps: 183)
  [Worker 3] episode 718 finished. (AvgLatErr: 0.9499, Steps: 154)
  [Worker 3] episode 719 finished. (AvgLatErr: 0.4664, Steps: 183)
[Worker 3].
[Main] workers finished. (elapsed: 68.57s)
[Main] Aggregation-selected agents: [0, 1, 2, 3]
[Main] FedAdagrad update completed.
[Main] Replay buffers reset after global model update.
============================================================================================
719 EP / Agent 0 : Avg Lat Err 1.0118
719 EP / Agent 1 : Avg Lat Err 0.2912
719 EP / Agent 2 : Avg Lat Err 0.5534
719 EP / Agent 3 : Avg Lat Err 0.4664
============================================================================================

============================================================================================
[Main] FL round started. (episode 720 ~ 729)
[Main] Client selection: mode=all, budget=4
[Main] Participating agents: [0, 1, 2, 3]
[Worker 0] TensorFlow device=GPU, mixed_precision=mixed_float16
[Worker 0] Random seed fixed: 100761
[Worker 0] started on GPU.
  [Worker 0] episode 720 finished. (AvgLatErr: 0.5926, Steps: 134)
  [Worker 0] episode 721 finished. (AvgLatErr: 0.7250, Steps: 137)
  [Worker 0] episode 722 finished. (AvgLatErr: 1.4213, Steps: 137)
  [Worker 0] episode 723 finished. (AvgLatErr: 1.4047, Steps: 136)
  [Worker 0] episode 724 finished. (AvgLatErr: 1.1393, Steps: 130)
  [Worker 0] episode 725 finished. (AvgLatErr: 0.9068, Steps: 132)
  [Worker 0] episode 726 finished. (AvgLatErr: 1.1570, Steps: 140)
  [Worker 0] episode 727 finished. (AvgLatErr: 0.8605, Steps: 137)
  [Worker 0] episode 728 finished. (AvgLatErr: 0.8122, Steps: 133)
  [Worker 0] episode 729 finished. (AvgLatErr: 0.6886, Steps: 131)
[Worker 0].
[Worker 1] TensorFlow device=GPU, mixed_precision=mixed_float16
[Worker 1] Random seed fixed: 200761
[Worker 1] started on GPU.
  [Worker 1] episode 720 finished. (AvgLatErr: 0.2958, Steps: 139)
  [Worker 1] episode 721 finished. (AvgLatErr: 0.2703, Steps: 138)
  [Worker 1] episode 722 finished. (AvgLatErr: 0.2051, Steps: 132)
  [Worker 1] episode 723 finished. (AvgLatErr: 0.1351, Steps: 142)
  [Worker 1] episode 724 finished. (AvgLatErr: 0.1129, Steps: 149)
  [Worker 1] episode 725 finished. (AvgLatErr: 0.1888, Steps: 136)
  [Worker 1] episode 726 finished. (AvgLatErr: 0.1810, Steps: 117)
  [Worker 1] episode 727 finished. (AvgLatErr: 0.3108, Steps: 125)
  [Worker 1] episode 728 finished. (AvgLatErr: 0.1874, Steps: 125)
  [Worker 1] episode 729 finished. (AvgLatErr: 0.2085, Steps: 117)
[Worker 1].
[Worker 2] TensorFlow device=GPU, mixed_precision=mixed_float16
[Worker 2] Random seed fixed: 300761
[Worker 2] started on GPU.
  [Worker 2] episode 720 finished. (AvgLatErr: 0.4361, Steps: 135)
  [Worker 2] episode 721 finished. (AvgLatErr: 0.4462, Steps: 132)
  [Worker 2] episode 722 finished. (AvgLatErr: 0.3698, Steps: 136)
  [Worker 2] episode 723 finished. (AvgLatErr: 0.2901, Steps: 133)
  [Worker 2] episode 724 finished. (AvgLatErr: 0.3108, Steps: 129)
  [Worker 2] episode 725 finished. (AvgLatErr: 0.5346, Steps: 140)
  [Worker 2] episode 726 finished. (AvgLatErr: 0.4621, Steps: 141)
  [Worker 2] episode 727 finished. (AvgLatErr: 0.8252, Steps: 141)
  [Worker 2] episode 728 finished. (AvgLatErr: 0.2830, Steps: 133)
  [Worker 2] episode 729 finished. (AvgLatErr: 0.3855, Steps: 136)
[Worker 2].
[Worker 3] TensorFlow device=GPU, mixed_precision=mixed_float16
[Worker 3] Random seed fixed: 400761
[Worker 3] started on GPU.
  [Worker 3] episode 720 finished. (AvgLatErr: 0.8085, Steps: 189)
  [Worker 3] episode 721 finished. (AvgLatErr: 0.3676, Steps: 164)
  [Worker 3] episode 722 finished. (AvgLatErr: 0.6464, Steps: 166)
  [Worker 3] episode 723 finished. (AvgLatErr: 0.5609, Steps: 174)
  [Worker 3] episode 724 finished. (AvgLatErr: 0.4348, Steps: 171)
  [Worker 3] episode 725 finished. (AvgLatErr: 0.4980, Steps: 176)
  [Worker 3] episode 726 finished. (AvgLatErr: 0.4013, Steps: 172)
  [Worker 3] episode 727 finished. (AvgLatErr: 1.1426, Steps: 185)
  [Worker 3] episode 728 finished. (AvgLatErr: 0.2786, Steps: 186)
  [Worker 3] episode 729 finished. (AvgLatErr: 0.3647, Steps: 163)
[Worker 3].
[Main] workers finished. (elapsed: 92.15s)
[Main] Aggregation-selected agents: [0, 1, 2, 3]
[Main] FedAdagrad update completed.
[Main] Replay buffers reset after global model update.
============================================================================================
729 EP / Agent 0 : Avg Lat Err 0.6886
729 EP / Agent 1 : Avg Lat Err 0.2085
729 EP / Agent 2 : Avg Lat Err 0.3855
729 EP / Agent 3 : Avg Lat Err 0.3647
============================================================================================

============================================================================================
[Main] FL round started. (episode 730 ~ 739)
[Main] Client selection: mode=all, budget=4
[Main] Participating agents: [0, 1, 2, 3]
[Worker 1] TensorFlow device=GPU, mixed_precision=mixed_float16
[Worker 1] Random seed fixed: 200771
[Worker 1] started on GPU.
  [Worker 1] episode 730 finished. (AvgLatErr: 0.4045, Steps: 141)
  [Worker 1] episode 731 finished. (AvgLatErr: 0.2599, Steps: 125)
  [Worker 1] episode 732 finished. (AvgLatErr: 0.3511, Steps: 127)
  [Worker 1] episode 733 finished. (AvgLatErr: 0.1864, Steps: 130)
  [Worker 1] episode 734 finished. (AvgLatErr: 0.2510, Steps: 126)
  [Worker 1] episode 735 finished. (AvgLatErr: 0.3236, Steps: 139)
  [Worker 1] episode 736 finished. (AvgLatErr: 0.2875, Steps: 113)
  [Worker 1] episode 737 finished. (AvgLatErr: 0.2000, Steps: 130)
  [Worker 1] episode 738 finished. (AvgLatErr: 0.1750, Steps: 122)
  [Worker 1] episode 739 finished. (AvgLatErr: 0.2330, Steps: 119)
[Worker 1].
[Worker 0] TensorFlow device=GPU, mixed_precision=mixed_float16
[Worker 0] Random seed fixed: 100771
[Worker 0] started on GPU.
  [Worker 0] episode 730 finished. (AvgLatErr: 0.8747, Steps: 130)
  [Worker 0] episode 731 finished. (AvgLatErr: 1.1380, Steps: 130)
  [Worker 0] episode 732 finished. (AvgLatErr: 0.6317, Steps: 140)
  [Worker 0] episode 733 finished. (AvgLatErr: 1.1157, Steps: 141)
  [Worker 0] episode 734 finished. (AvgLatErr: 0.6233, Steps: 139)
  [Worker 0] episode 735 finished. (AvgLatErr: 0.8769, Steps: 143)
  [Worker 0] episode 736 finished. (AvgLatErr: 0.7835, Steps: 134)
  [Worker 0] episode 737 finished. (AvgLatErr: 1.9498, Steps: 142)
  [Worker 0] episode 738 finished. (AvgLatErr: 0.6222, Steps: 139)
  [Worker 0] episode 739 finished. (AvgLatErr: 1.1044, Steps: 145)
[Worker 0].
[Worker 2] TensorFlow device=GPU, mixed_precision=mixed_float16
[Worker 2] Random seed fixed: 300771
[Worker 2] started on GPU.
  [Worker 2] episode 730 finished. (AvgLatErr: 0.3698, Steps: 144)
  [Worker 2] episode 731 finished. (AvgLatErr: 2.0729, Steps: 149)
  [Worker 2] episode 732 finished. (AvgLatErr: 0.2436, Steps: 143)
  [Worker 2] episode 733 finished. (AvgLatErr: 0.3461, Steps: 146)
  [Worker 2] episode 734 finished. (AvgLatErr: 0.4655, Steps: 127)
  [Worker 2] episode 735 finished. (AvgLatErr: 0.3051, Steps: 141)
  [Worker 2] episode 736 finished. (AvgLatErr: 0.4907, Steps: 142)
  [Worker 2] episode 737 finished. (AvgLatErr: 0.2329, Steps: 158)
  [Worker 2] episode 738 finished. (AvgLatErr: 0.2715, Steps: 130)
  [Worker 2] episode 739 finished. (AvgLatErr: 0.4120, Steps: 165)
[Worker 2].
[Worker 3] TensorFlow device=GPU, mixed_precision=mixed_float16
[Worker 3] Random seed fixed: 400771
[Worker 3] started on GPU.
  [Worker 3] episode 730 finished. (AvgLatErr: 0.9910, Steps: 163)
  [Worker 3] episode 731 finished. (AvgLatErr: 0.4536, Steps: 174)
  [Worker 3] episode 732 finished. (AvgLatErr: 0.5396, Steps: 174)
  [Worker 3] episode 733 finished. (AvgLatErr: 0.4445, Steps: 180)
  [Worker 3] episode 734 finished. (AvgLatErr: 0.7198, Steps: 184)
  [Worker 3] episode 735 finished. (AvgLatErr: 0.6143, Steps: 169)
  [Worker 3] episode 736 finished. (AvgLatErr: 0.5095, Steps: 177)
  [Worker 3] episode 737 finished. (AvgLatErr: 0.3938, Steps: 189)
  [Worker 3] episode 738 finished. (AvgLatErr: 0.7425, Steps: 194)
  [Worker 3] episode 739 finished. (AvgLatErr: 0.6377, Steps: 181)
[Worker 3].
[Main] workers finished. (elapsed: 99.31s)
[Main] Aggregation-selected agents: [0, 1, 2, 3]
[Main] FedAdagrad update completed.
[Main] Replay buffers reset after global model update.
============================================================================================
739 EP / Agent 0 : Avg Lat Err 1.1044
739 EP / Agent 1 : Avg Lat Err 0.2330
739 EP / Agent 2 : Avg Lat Err 0.4120
739 EP / Agent 3 : Avg Lat Err 0.6377
============================================================================================

============================================================================================
[Main] FL round started. (episode 740 ~ 749)
[Main] Client selection: mode=all, budget=4
[Main] Participating agents: [0, 1, 2, 3]
[Worker 0] TensorFlow device=GPU, mixed_precision=mixed_float16
[Worker 0] Random seed fixed: 100781
[Worker 0] started on GPU.
  [Worker 0] episode 740 finished. (AvgLatErr: 0.5156, Steps: 150)
  [Worker 0] episode 741 finished. (AvgLatErr: 1.0201, Steps: 134)
  [Worker 0] episode 742 finished. (AvgLatErr: 0.9472, Steps: 148)
  [Worker 0] episode 743 finished. (AvgLatErr: 0.5772, Steps: 137)
  [Worker 0] episode 744 finished. (AvgLatErr: 0.5513, Steps: 151)
  [Worker 0] episode 745 finished. (AvgLatErr: 0.6029, Steps: 149)
  [Worker 0] episode 746 finished. (AvgLatErr: 0.6972, Steps: 140)
  [Worker 0] episode 747 finished. (AvgLatErr: 0.6000, Steps: 138)
  [Worker 0] episode 748 finished. (AvgLatErr: 0.5625, Steps: 136)
  [Worker 0] episode 749 finished. (AvgLatErr: 1.1133, Steps: 142)
[Worker 0].
[Worker 1] TensorFlow device=GPU, mixed_precision=mixed_float16
[Worker 1] Random seed fixed: 200781
[Worker 1] started on GPU.
  [Worker 1] episode 740 finished. (AvgLatErr: 0.2149, Steps: 133)
  [Worker 1] episode 741 finished. (AvgLatErr: 0.1227, Steps: 126)
  [Worker 1] episode 742 finished. (AvgLatErr: 0.3336, Steps: 148)
  [Worker 1] episode 743 finished. (AvgLatErr: 0.1075, Steps: 155)
  [Worker 1] episode 744 finished. (AvgLatErr: 0.1880, Steps: 131)
  [Worker 1] episode 745 finished. (AvgLatErr: 0.1649, Steps: 134)
  [Worker 1] episode 746 finished. (AvgLatErr: 0.2338, Steps: 124)
  [Worker 1] episode 747 finished. (AvgLatErr: 0.1376, Steps: 131)
  [Worker 1] episode 748 finished. (AvgLatErr: 0.2046, Steps: 122)
  [Worker 1] episode 749 finished. (AvgLatErr: 0.2340, Steps: 155)
[Worker 1].
[Worker 2] TensorFlow device=GPU, mixed_precision=mixed_float16
[Worker 2] Random seed fixed: 300781
[Worker 2] started on GPU.
  [Worker 2] episode 740 finished. (AvgLatErr: 0.2402, Steps: 140)
  [Worker 2] episode 741 finished. (AvgLatErr: 0.3232, Steps: 131)
  [Worker 2] episode 742 finished. (AvgLatErr: 0.3276, Steps: 120)
  [Worker 2] episode 743 finished. (AvgLatErr: 0.3322, Steps: 135)
  [Worker 2] episode 744 finished. (AvgLatErr: 0.4254, Steps: 133)
  [Worker 2] episode 745 finished. (AvgLatErr: 0.7528, Steps: 141)
  [Worker 2] episode 746 finished. (AvgLatErr: 0.4713, Steps: 140)
  [Worker 2] episode 747 finished. (AvgLatErr: 0.2796, Steps: 151)
  [Worker 2] episode 748 finished. (AvgLatErr: 0.4729, Steps: 131)
  [Worker 2] episode 749 finished. (AvgLatErr: 0.4161, Steps: 122)
[Worker 2].
[Worker 3] TensorFlow device=GPU, mixed_precision=mixed_float16
[Worker 3] Random seed fixed: 400781
[Worker 3] started on GPU.
  [Worker 3] episode 740 finished. (AvgLatErr: 0.4574, Steps: 191)
  [Worker 3] episode 741 finished. (AvgLatErr: 0.4377, Steps: 171)
  [Worker 3] episode 742 finished. (AvgLatErr: 0.4491, Steps: 180)
  [Worker 3] episode 743 finished. (AvgLatErr: 0.4862, Steps: 177)
  [Worker 3] episode 744 finished. (AvgLatErr: 0.5503, Steps: 171)
  [Worker 3] episode 745 finished. (AvgLatErr: 0.3825, Steps: 183)
  [Worker 3] episode 746 finished. (AvgLatErr: 0.4701, Steps: 177)
  [Worker 3] episode 747 finished. (AvgLatErr: 0.3208, Steps: 178)
  [Worker 3] episode 748 finished. (AvgLatErr: 0.5045, Steps: 178)
  [Worker 3] episode 749 finished. (AvgLatErr: 0.3679, Steps: 178)
[Worker 3].
[Main] workers finished. (elapsed: 84.81s)
[Main] Aggregation-selected agents: [0, 1, 2, 3]
[Main] FedAdagrad update completed.
[Main] Replay buffers reset after global model update.
============================================================================================
749 EP / Agent 0 : Avg Lat Err 1.1133
749 EP / Agent 1 : Avg Lat Err 0.2340
749 EP / Agent 2 : Avg Lat Err 0.4161
749 EP / Agent 3 : Avg Lat Err 0.3679
============================================================================================
[Main] Model checkpoint saved: C:\Users\syd79\FRL-Q\experiments\optimized_fedadagrad_4all_20260916_run1_all_4of4\checkpoints\global_model_episode_000750.weights.h5

============================================================================================
[Main] FL round started. (episode 750 ~ 759)
[Main] Client selection: mode=all, budget=4
[Main] Participating agents: [0, 1, 2, 3]
[Worker 0] TensorFlow device=GPU, mixed_precision=mixed_float16
[Worker 0] Random seed fixed: 100791
[Worker 0] started on GPU.
  [Worker 0] episode 750 finished. (AvgLatErr: 0.8794, Steps: 123)
  [Worker 0] episode 751 finished. (AvgLatErr: 1.5614, Steps: 136)
  [Worker 0] episode 752 finished. (AvgLatErr: 0.9062, Steps: 132)
  [Worker 0] episode 753 finished. (AvgLatErr: 0.5302, Steps: 135)
  [Worker 0] episode 754 finished. (AvgLatErr: 0.4125, Steps: 140)
  [Worker 0] episode 755 finished. (AvgLatErr: 0.5383, Steps: 138)
  [Worker 0] episode 756 finished. (AvgLatErr: 0.5485, Steps: 136)
  [Worker 0] episode 757 finished. (AvgLatErr: 0.6700, Steps: 130)
  [Worker 0] episode 758 finished. (AvgLatErr: 0.5129, Steps: 141)
  [Worker 0] episode 759 finished. (AvgLatErr: 0.6558, Steps: 131)
[Worker 0].
[Worker 1] TensorFlow device=GPU, mixed_precision=mixed_float16
[Worker 1] Random seed fixed: 200791
[Worker 1] started on GPU.
  [Worker 1] episode 750 finished. (AvgLatErr: 0.1473, Steps: 133)
  [Worker 1] episode 751 finished. (AvgLatErr: 0.2471, Steps: 126)
  [Worker 1] episode 752 finished. (AvgLatErr: 0.1224, Steps: 136)
  [Worker 1] episode 753 finished. (AvgLatErr: 0.1718, Steps: 136)
  [Worker 1] episode 754 finished. (AvgLatErr: 0.1582, Steps: 138)
  [Worker 1] episode 755 finished. (AvgLatErr: 0.1808, Steps: 126)
  [Worker 1] episode 756 finished. (AvgLatErr: 0.1765, Steps: 132)
  [Worker 1] episode 757 finished. (AvgLatErr: 0.2262, Steps: 141)
  [Worker 1] episode 758 finished. (AvgLatErr: 0.1508, Steps: 131)
  [Worker 1] episode 759 finished. (AvgLatErr: 0.1612, Steps: 120)
[Worker 1].
[Worker 2] TensorFlow device=GPU, mixed_precision=mixed_float16
[Worker 2] Random seed fixed: 300791
[Worker 2] started on GPU.
  [Worker 2] episode 750 finished. (AvgLatErr: 0.3788, Steps: 132)
  [Worker 2] episode 751 finished. (AvgLatErr: 0.4938, Steps: 140)
  [Worker 2] episode 752 finished. (AvgLatErr: 0.4459, Steps: 140)
  [Worker 2] episode 753 finished. (AvgLatErr: 0.5570, Steps: 136)
  [Worker 2] episode 754 finished. (AvgLatErr: 0.4715, Steps: 140)
  [Worker 2] episode 755 finished. (AvgLatErr: 0.4926, Steps: 147)
  [Worker 2] episode 756 finished. (AvgLatErr: 0.8962, Steps: 142)
  [Worker 2] episode 757 finished. (AvgLatErr: 0.4562, Steps: 138)
  [Worker 2] episode 758 finished. (AvgLatErr: 0.4615, Steps: 128)
  [Worker 2] episode 759 finished. (AvgLatErr: 0.3936, Steps: 146)
[Worker 2].
[Worker 3] TensorFlow device=GPU, mixed_precision=mixed_float16
[Worker 3] Random seed fixed: 400791
[Worker 3] started on GPU.
  [Worker 3] episode 750 finished. (AvgLatErr: 0.4367, Steps: 182)
  [Worker 3] episode 751 finished. (AvgLatErr: 0.4054, Steps: 173)
  [Worker 3] episode 752 finished. (AvgLatErr: 0.4209, Steps: 181)
  [Worker 3] episode 753 finished. (AvgLatErr: 0.5461, Steps: 181)
  [Worker 3] episode 754 finished. (AvgLatErr: 0.2348, Steps: 188)
  [Worker 3] episode 755 finished. (AvgLatErr: 0.3191, Steps: 190)
  [Worker 3] episode 756 finished. (AvgLatErr: 0.6705, Steps: 181)
  [Worker 3] episode 757 finished. (AvgLatErr: 0.2582, Steps: 190)
  [Worker 3] episode 758 finished. (AvgLatErr: 0.3860, Steps: 184)
  [Worker 3] episode 759 finished. (AvgLatErr: 0.3755, Steps: 185)
[Worker 3].
[Main] workers finished. (elapsed: 71.31s)
[Main] Aggregation-selected agents: [0, 1, 2, 3]
[Main] FedAdagrad update completed.
[Main] Replay buffers reset after global model update.
============================================================================================
759 EP / Agent 0 : Avg Lat Err 0.6558
759 EP / Agent 1 : Avg Lat Err 0.1612
759 EP / Agent 2 : Avg Lat Err 0.3936
759 EP / Agent 3 : Avg Lat Err 0.3755
============================================================================================

============================================================================================
[Main] FL round started. (episode 760 ~ 769)
[Main] Client selection: mode=all, budget=4
[Main] Participating agents: [0, 1, 2, 3]
[Worker 0] TensorFlow device=GPU, mixed_precision=mixed_float16
[Worker 0] Random seed fixed: 100801
[Worker 0] started on GPU.
  [Worker 0] episode 760 finished. (AvgLatErr: 0.4006, Steps: 142)
  [Worker 0] episode 761 finished. (AvgLatErr: 0.7011, Steps: 136)
  [Worker 0] episode 762 finished. (AvgLatErr: 1.1262, Steps: 154)
  [Worker 0] episode 763 finished. (AvgLatErr: 0.8600, Steps: 141)
  [Worker 0] episode 764 finished. (AvgLatErr: 1.3427, Steps: 133)
  [Worker 0] episode 765 finished. (AvgLatErr: 0.8740, Steps: 142)
  [Worker 0] episode 766 finished. (AvgLatErr: 0.9036, Steps: 152)
  [Worker 0] episode 767 finished. (AvgLatErr: 0.5538, Steps: 138)
  [Worker 0] episode 768 finished. (AvgLatErr: 0.6558, Steps: 141)
  [Worker 0] episode 769 finished. (AvgLatErr: 0.5878, Steps: 135)
[Worker 0].
[Worker 2] TensorFlow device=GPU, mixed_precision=mixed_float16
[Worker 2] Random seed fixed: 300801
[Worker 2] started on GPU.
  [Worker 2] episode 760 finished. (AvgLatErr: 0.2676, Steps: 139)
  [Worker 2] episode 761 finished. (AvgLatErr: 0.3210, Steps: 131)
  [Worker 2] episode 762 finished. (AvgLatErr: 0.2856, Steps: 150)
  [Worker 2] episode 763 finished. (AvgLatErr: 0.3446, Steps: 135)
  [Worker 2] episode 764 finished. (AvgLatErr: 0.3888, Steps: 141)
  [Worker 2] episode 765 finished. (AvgLatErr: 0.4412, Steps: 134)
  [Worker 2] episode 766 finished. (AvgLatErr: 0.3515, Steps: 130)
  [Worker 2] episode 767 finished. (AvgLatErr: 0.4327, Steps: 135)
  [Worker 2] episode 768 finished. (AvgLatErr: 0.4212, Steps: 140)
  [Worker 2] episode 769 finished. (AvgLatErr: 0.4712, Steps: 138)
[Worker 2].
[Worker 1] TensorFlow device=GPU, mixed_precision=mixed_float16
[Worker 1] Random seed fixed: 200801
[Worker 1] started on GPU.
  [Worker 1] episode 760 finished. (AvgLatErr: 0.2018, Steps: 147)
  [Worker 1] episode 761 finished. (AvgLatErr: 0.1442, Steps: 144)
  [Worker 1] episode 762 finished. (AvgLatErr: 0.1299, Steps: 137)
  [Worker 1] episode 763 finished. (AvgLatErr: 0.1434, Steps: 140)
  [Worker 1] episode 764 finished. (AvgLatErr: 0.2528, Steps: 140)
  [Worker 1] episode 765 finished. (AvgLatErr: 7.0909, Steps: 200)
  [Worker 1] episode 766 finished. (AvgLatErr: 0.4073, Steps: 145)
  [Worker 1] episode 767 finished. (AvgLatErr: 0.2598, Steps: 152)
  [Worker 1] episode 768 finished. (AvgLatErr: 0.3025, Steps: 133)
  [Worker 1] episode 769 finished. (AvgLatErr: 0.2369, Steps: 130)
[Worker 1].
[Worker 3] TensorFlow device=GPU, mixed_precision=mixed_float16
[Worker 3] Random seed fixed: 400801
[Worker 3] started on GPU.
  [Worker 3] episode 760 finished. (AvgLatErr: 0.2898, Steps: 182)
  [Worker 3] episode 761 finished. (AvgLatErr: 0.4087, Steps: 177)
  [Worker 3] episode 762 finished. (AvgLatErr: 0.3191, Steps: 183)
  [Worker 3] episode 763 finished. (AvgLatErr: 0.3577, Steps: 176)
  [Worker 3] episode 764 finished. (AvgLatErr: 0.3575, Steps: 173)
  [Worker 3] episode 765 finished. (AvgLatErr: 0.2797, Steps: 179)
  [Worker 3] episode 766 finished. (AvgLatErr: 0.3947, Steps: 166)
  [Worker 3] episode 767 finished. (AvgLatErr: 0.3695, Steps: 175)
  [Worker 3] episode 768 finished. (AvgLatErr: 0.3123, Steps: 176)
  [Worker 3] episode 769 finished. (AvgLatErr: 0.2899, Steps: 178)
[Worker 3].
[Main] workers finished. (elapsed: 85.65s)
[Main] Aggregation-selected agents: [0, 1, 2, 3]
[Main] FedAdagrad update completed.
[Main] Replay buffers reset after global model update.
============================================================================================
769 EP / Agent 0 : Avg Lat Err 0.5878
769 EP / Agent 1 : Avg Lat Err 0.2369
769 EP / Agent 2 : Avg Lat Err 0.4712
769 EP / Agent 3 : Avg Lat Err 0.2899
============================================================================================

============================================================================================
[Main] FL round started. (episode 770 ~ 779)
[Main] Client selection: mode=all, budget=4
[Main] Participating agents: [0, 1, 2, 3]
[Worker 0] TensorFlow device=GPU, mixed_precision=mixed_float16
[Worker 0] Random seed fixed: 100811
[Worker 0] started on GPU.
  [Worker 0] episode 770 finished. (AvgLatErr: 0.4715, Steps: 125)
  [Worker 0] episode 771 finished. (AvgLatErr: 1.4702, Steps: 138)
  [Worker 0] episode 772 finished. (AvgLatErr: 0.9884, Steps: 148)
  [Worker 0] episode 773 finished. (AvgLatErr: 0.7656, Steps: 143)
  [Worker 0] episode 774 finished. (AvgLatErr: 0.8633, Steps: 134)
  [Worker 0] episode 775 finished. (AvgLatErr: 0.8430, Steps: 136)
  [Worker 0] episode 776 finished. (AvgLatErr: 0.7369, Steps: 132)
  [Worker 0] episode 777 finished. (AvgLatErr: 0.8077, Steps: 126)
  [Worker 0] episode 778 finished. (AvgLatErr: 0.5215, Steps: 131)
  [Worker 0] episode 779 finished. (AvgLatErr: 0.4695, Steps: 122)
[Worker 0].
[Worker 1] TensorFlow device=GPU, mixed_precision=mixed_float16
[Worker 1] Random seed fixed: 200811
[Worker 1] started on GPU.
  [Worker 1] episode 770 finished. (AvgLatErr: 0.1050, Steps: 143)
  [Worker 1] episode 771 finished. (AvgLatErr: 0.0996, Steps: 166)
  [Worker 1] episode 772 finished. (AvgLatErr: 0.1478, Steps: 136)
  [Worker 1] episode 773 finished. (AvgLatErr: 0.2082, Steps: 151)
  [Worker 1] episode 774 finished. (AvgLatErr: 0.1814, Steps: 159)
  [Worker 1] episode 775 finished. (AvgLatErr: 0.2524, Steps: 149)
  [Worker 1] episode 776 finished. (AvgLatErr: 0.1715, Steps: 155)
  [Worker 1] episode 777 finished. (AvgLatErr: 0.1962, Steps: 145)
  [Worker 1] episode 778 finished. (AvgLatErr: 0.2145, Steps: 134)
  [Worker 1] episode 779 finished. (AvgLatErr: 0.2734, Steps: 148)
[Worker 1].
[Worker 2] TensorFlow device=GPU, mixed_precision=mixed_float16
[Worker 2] Random seed fixed: 300811
[Worker 2] started on GPU.
  [Worker 2] episode 770 finished. (AvgLatErr: 0.3443, Steps: 140)
  [Worker 2] episode 771 finished. (AvgLatErr: 0.2381, Steps: 139)
  [Worker 2] episode 772 finished. (AvgLatErr: 0.4299, Steps: 141)
  [Worker 2] episode 773 finished. (AvgLatErr: 0.4195, Steps: 137)
  [Worker 2] episode 774 finished. (AvgLatErr: 0.3297, Steps: 126)
  [Worker 2] episode 775 finished. (AvgLatErr: 0.4156, Steps: 133)
  [Worker 2] episode 776 finished. (AvgLatErr: 0.5895, Steps: 124)
  [Worker 2] episode 777 finished. (AvgLatErr: 0.7068, Steps: 127)
  [Worker 2] episode 778 finished. (AvgLatErr: 0.3344, Steps: 128)
  [Worker 2] episode 779 finished. (AvgLatErr: 0.2507, Steps: 151)
[Worker 2].
[Worker 3] TensorFlow device=GPU, mixed_precision=mixed_float16
[Worker 3] Random seed fixed: 400811
[Worker 3] started on GPU.
  [Worker 3] episode 770 finished. (AvgLatErr: 0.3463, Steps: 198)
  [Worker 3] episode 771 finished. (AvgLatErr: 0.3789, Steps: 177)
  [Worker 3] episode 772 finished. (AvgLatErr: 0.3315, Steps: 186)
  [Worker 3] episode 773 finished. (AvgLatErr: 0.4415, Steps: 174)
  [Worker 3] episode 774 finished. (AvgLatErr: 0.5811, Steps: 191)
  [Worker 3] episode 775 finished. (AvgLatErr: 0.5452, Steps: 173)
  [Worker 3] episode 776 finished. (AvgLatErr: 0.3568, Steps: 194)
  [Worker 3] episode 777 finished. (AvgLatErr: 0.4369, Steps: 200)
  [Worker 3] episode 778 finished. (AvgLatErr: 0.5924, Steps: 185)
  [Worker 3] episode 779 finished. (AvgLatErr: 0.4660, Steps: 170)
[Worker 3].
[Main] workers finished. (elapsed: 101.50s)
[Main] Aggregation-selected agents: [0, 1, 2, 3]
[Main] FedAdagrad update completed.
[Main] Replay buffers reset after global model update.
============================================================================================
779 EP / Agent 0 : Avg Lat Err 0.4695
779 EP / Agent 1 : Avg Lat Err 0.2734
779 EP / Agent 2 : Avg Lat Err 0.2507
779 EP / Agent 3 : Avg Lat Err 0.4660
============================================================================================

============================================================================================
[Main] FL round started. (episode 780 ~ 789)
[Main] Client selection: mode=all, budget=4
[Main] Participating agents: [0, 1, 2, 3]
[Worker 0] TensorFlow device=GPU, mixed_precision=mixed_float16
[Worker 0] Random seed fixed: 100821
[Worker 0] started on GPU.
  [Worker 0] episode 780 finished. (AvgLatErr: 0.3798, Steps: 133)
  [Worker 0] episode 781 finished. (AvgLatErr: 0.5755, Steps: 132)
  [Worker 0] episode 782 finished. (AvgLatErr: 0.6332, Steps: 142)
  [Worker 0] episode 783 finished. (AvgLatErr: 0.7886, Steps: 130)
  [Worker 0] episode 784 finished. (AvgLatErr: 0.7577, Steps: 137)
  [Worker 0] episode 785 finished. (AvgLatErr: 0.7062, Steps: 148)
  [Worker 0] episode 786 finished. (AvgLatErr: 0.6445, Steps: 142)
  [Worker 0] episode 787 finished. (AvgLatErr: 0.5661, Steps: 126)
  [Worker 0] episode 788 finished. (AvgLatErr: 1.2661, Steps: 126)
  [Worker 0] episode 789 finished. (AvgLatErr: 0.5302, Steps: 126)
[Worker 0].
[Worker 1] TensorFlow device=GPU, mixed_precision=mixed_float16
[Worker 1] Random seed fixed: 200821
[Worker 1] started on GPU.
  [Worker 1] episode 780 finished. (AvgLatErr: 0.1122, Steps: 143)
  [Worker 1] episode 781 finished. (AvgLatErr: 0.1776, Steps: 138)
  [Worker 1] episode 782 finished. (AvgLatErr: 0.1170, Steps: 136)
  [Worker 1] episode 783 finished. (AvgLatErr: 0.1343, Steps: 141)
  [Worker 1] episode 784 finished. (AvgLatErr: 0.3081, Steps: 133)
  [Worker 1] episode 785 finished. (AvgLatErr: 0.1764, Steps: 125)
  [Worker 1] episode 786 finished. (AvgLatErr: 0.2137, Steps: 132)
  [Worker 1] episode 787 finished. (AvgLatErr: 0.2151, Steps: 133)
  [Worker 1] episode 788 finished. (AvgLatErr: 0.3232, Steps: 124)
  [Worker 1] episode 789 finished. (AvgLatErr: 0.1655, Steps: 123)
[Worker 1].
[Worker 2] TensorFlow device=GPU, mixed_precision=mixed_float16
[Worker 2] Random seed fixed: 300821
[Worker 2] started on GPU.
  [Worker 2] episode 780 finished. (AvgLatErr: 0.1982, Steps: 142)
  [Worker 2] episode 781 finished. (AvgLatErr: 0.4555, Steps: 135)
  [Worker 2] episode 782 finished. (AvgLatErr: 0.2975, Steps: 135)
  [Worker 2] episode 783 finished. (AvgLatErr: 0.4041, Steps: 143)
  [Worker 2] episode 784 finished. (AvgLatErr: 0.2967, Steps: 117)
  [Worker 2] episode 785 finished. (AvgLatErr: 0.2508, Steps: 136)
  [Worker 2] episode 786 finished. (AvgLatErr: 0.2228, Steps: 136)
  [Worker 2] episode 787 finished. (AvgLatErr: 0.1779, Steps: 126)
  [Worker 2] episode 788 finished. (AvgLatErr: 0.3735, Steps: 132)
  [Worker 2] episode 789 finished. (AvgLatErr: 0.2672, Steps: 137)
[Worker 2].
[Worker 3] TensorFlow device=GPU, mixed_precision=mixed_float16
[Worker 3] Random seed fixed: 400821
[Worker 3] started on GPU.
  [Worker 3] episode 780 finished. (AvgLatErr: 0.2238, Steps: 185)
  [Worker 3] episode 781 finished. (AvgLatErr: 0.2491, Steps: 184)
  [Worker 3] episode 782 finished. (AvgLatErr: 0.3237, Steps: 175)
  [Worker 3] episode 783 finished. (AvgLatErr: 0.7589, Steps: 172)
  [Worker 3] episode 784 finished. (AvgLatErr: 0.3653, Steps: 179)
  [Worker 3] episode 785 finished. (AvgLatErr: 0.2686, Steps: 179)
  [Worker 3] episode 786 finished. (AvgLatErr: 0.4716, Steps: 175)
  [Worker 3] episode 787 finished. (AvgLatErr: 0.3210, Steps: 180)
  [Worker 3] episode 788 finished. (AvgLatErr: 0.4437, Steps: 180)
  [Worker 3] episode 789 finished. (AvgLatErr: 0.7137, Steps: 200)
[Worker 3].
[Main] workers finished. (elapsed: 96.95s)
[Main] Aggregation-selected agents: [0, 1, 2, 3]
[Main] FedAdagrad update completed.
[Main] Replay buffers reset after global model update.
============================================================================================
789 EP / Agent 0 : Avg Lat Err 0.5302
789 EP / Agent 1 : Avg Lat Err 0.1655
789 EP / Agent 2 : Avg Lat Err 0.2672
789 EP / Agent 3 : Avg Lat Err 0.7137
============================================================================================

============================================================================================
[Main] FL round started. (episode 790 ~ 799)
[Main] Client selection: mode=all, budget=4
[Main] Participating agents: [0, 1, 2, 3]
[Worker 0] TensorFlow device=GPU, mixed_precision=mixed_float16
[Worker 0] Random seed fixed: 100831
[Worker 0] started on GPU.
  [Worker 0] episode 790 finished. (AvgLatErr: 0.7811, Steps: 135)
  [Worker 0] episode 791 finished. (AvgLatErr: 0.9912, Steps: 141)
  [Worker 0] episode 792 finished. (AvgLatErr: 0.5495, Steps: 144)
  [Worker 0] episode 793 finished. (AvgLatErr: 0.8190, Steps: 140)
  [Worker 0] episode 794 finished. (AvgLatErr: 0.8590, Steps: 128)
  [Worker 0] episode 795 finished. (AvgLatErr: 0.8274, Steps: 135)
  [Worker 0] episode 796 finished. (AvgLatErr: 0.7495, Steps: 126)
  [Worker 0] episode 797 finished. (AvgLatErr: 0.4680, Steps: 144)
  [Worker 0] episode 798 finished. (AvgLatErr: 0.7666, Steps: 142)
  [Worker 0] episode 799 finished. (AvgLatErr: 1.0850, Steps: 144)
[Worker 0].
[Worker 1] TensorFlow device=GPU, mixed_precision=mixed_float16
[Worker 1] Random seed fixed: 200831
[Worker 1] started on GPU.
  [Worker 1] episode 790 finished. (AvgLatErr: 0.1184, Steps: 134)
  [Worker 1] episode 791 finished. (AvgLatErr: 0.1553, Steps: 143)
  [Worker 1] episode 792 finished. (AvgLatErr: 0.1156, Steps: 157)
  [Worker 1] episode 793 finished. (AvgLatErr: 0.2264, Steps: 150)
  [Worker 1] episode 794 finished. (AvgLatErr: 0.1693, Steps: 140)
  [Worker 1] episode 795 finished. (AvgLatErr: 0.1649, Steps: 145)
  [Worker 1] episode 796 finished. (AvgLatErr: 0.1815, Steps: 142)
  [Worker 1] episode 797 finished. (AvgLatErr: 0.2789, Steps: 120)
  [Worker 1] episode 798 finished. (AvgLatErr: 0.2114, Steps: 150)
  [Worker 1] episode 799 finished. (AvgLatErr: 0.1724, Steps: 140)
[Worker 1].
[Worker 2] TensorFlow device=GPU, mixed_precision=mixed_float16
[Worker 2] Random seed fixed: 300831
[Worker 2] started on GPU.
  [Worker 2] episode 790 finished. (AvgLatErr: 0.1451, Steps: 151)
  [Worker 2] episode 791 finished. (AvgLatErr: 0.1446, Steps: 159)
  [Worker 2] episode 792 finished. (AvgLatErr: 0.1892, Steps: 146)
  [Worker 2] episode 793 finished. (AvgLatErr: 0.1611, Steps: 157)
  [Worker 2] episode 794 finished. (AvgLatErr: 0.1967, Steps: 145)
  [Worker 2] episode 795 finished. (AvgLatErr: 0.3518, Steps: 134)
  [Worker 2] episode 796 finished. (AvgLatErr: 0.2429, Steps: 134)
  [Worker 2] episode 797 finished. (AvgLatErr: 0.3832, Steps: 132)
  [Worker 2] episode 798 finished. (AvgLatErr: 0.2132, Steps: 135)
  [Worker 2] episode 799 finished. (AvgLatErr: 0.1645, Steps: 143)
[Worker 2].
[Worker 3] TensorFlow device=GPU, mixed_precision=mixed_float16
[Worker 3] Random seed fixed: 400831
[Worker 3] started on GPU.
  [Worker 3] episode 790 finished. (AvgLatErr: 0.4044, Steps: 185)
  [Worker 3] episode 791 finished. (AvgLatErr: 0.3946, Steps: 192)
  [Worker 3] episode 792 finished. (AvgLatErr: 0.4974, Steps: 179)
  [Worker 3] episode 793 finished. (AvgLatErr: 0.4347, Steps: 183)
  [Worker 3] episode 794 finished. (AvgLatErr: 0.3410, Steps: 190)
  [Worker 3] episode 795 finished. (AvgLatErr: 0.5451, Steps: 187)
  [Worker 3] episode 796 finished. (AvgLatErr: 0.2961, Steps: 184)
  [Worker 3] episode 797 finished. (AvgLatErr: 0.3394, Steps: 186)
  [Worker 3] episode 798 finished. (AvgLatErr: 0.5994, Steps: 177)
  [Worker 3] episode 799 finished. (AvgLatErr: 0.3261, Steps: 172)
[Worker 3].
[Main] workers finished. (elapsed: 80.61s)
[Main] Aggregation-selected agents: [0, 1, 2, 3]
[Main] FedAdagrad update completed.
[Main] Replay buffers reset after global model update.
============================================================================================
799 EP / Agent 0 : Avg Lat Err 1.0850
799 EP / Agent 1 : Avg Lat Err 0.1724
799 EP / Agent 2 : Avg Lat Err 0.1645
799 EP / Agent 3 : Avg Lat Err 0.3261
============================================================================================
[Main] Model checkpoint saved: C:\Users\syd79\FRL-Q\experiments\optimized_fedadagrad_4all_20260916_run1_all_4of4\checkpoints\global_model_episode_000800.weights.h5

============================================================================================
[Main] FL round started. (episode 800 ~ 809)
[Main] Client selection: mode=all, budget=4
[Main] Participating agents: [0, 1, 2, 3]
[Worker 0] TensorFlow device=GPU, mixed_precision=mixed_float16
[Worker 0] Random seed fixed: 100841
[Worker 0] started on GPU.
  [Worker 0] episode 800 finished. (AvgLatErr: 0.5634, Steps: 137)
  [Worker 0] episode 801 finished. (AvgLatErr: 0.4775, Steps: 132)
  [Worker 0] episode 802 finished. (AvgLatErr: 0.5298, Steps: 136)
  [Worker 0] episode 803 finished. (AvgLatErr: 0.4899, Steps: 135)
  [Worker 0] episode 804 finished. (AvgLatErr: 0.6586, Steps: 136)
  [Worker 0] episode 805 finished. (AvgLatErr: 0.9139, Steps: 137)
  [Worker 0] episode 806 finished. (AvgLatErr: 0.8190, Steps: 136)
  [Worker 0] episode 807 finished. (AvgLatErr: 0.6713, Steps: 135)
  [Worker 0] episode 808 finished. (AvgLatErr: 0.5101, Steps: 134)
  [Worker 0] episode 809 finished. (AvgLatErr: 0.9905, Steps: 146)
[Worker 0].
[Worker 2] TensorFlow device=GPU, mixed_precision=mixed_float16
[Worker 2] Random seed fixed: 300841
[Worker 2] started on GPU.
  [Worker 2] episode 800 finished. (AvgLatErr: 0.2511, Steps: 147)
  [Worker 2] episode 801 finished. (AvgLatErr: 0.1306, Steps: 163)
  [Worker 2] episode 802 finished. (AvgLatErr: 0.4182, Steps: 134)
  [Worker 2] episode 803 finished. (AvgLatErr: 0.3255, Steps: 133)
  [Worker 2] episode 804 finished. (AvgLatErr: 0.4908, Steps: 140)
  [Worker 2] episode 805 finished. (AvgLatErr: 0.4768, Steps: 132)
  [Worker 2] episode 806 finished. (AvgLatErr: 0.4451, Steps: 129)
  [Worker 2] episode 807 finished. (AvgLatErr: 0.5253, Steps: 131)
  [Worker 2] episode 808 finished. (AvgLatErr: 0.4256, Steps: 140)
  [Worker 2] episode 809 finished. (AvgLatErr: 0.7019, Steps: 126)
[Worker 2].
[Worker 1] TensorFlow device=GPU, mixed_precision=mixed_float16
[Worker 1] Random seed fixed: 200841
[Worker 1] started on GPU.
  [Worker 1] episode 800 finished. (AvgLatErr: 0.1034, Steps: 152)
  [Worker 1] episode 801 finished. (AvgLatErr: 0.1019, Steps: 159)
  [Worker 1] episode 802 finished. (AvgLatErr: 0.1553, Steps: 144)
  [Worker 1] episode 803 finished. (AvgLatErr: 0.1117, Steps: 144)
  [Worker 1] episode 804 finished. (AvgLatErr: 0.1543, Steps: 154)
  [Worker 1] episode 805 finished. (AvgLatErr: 0.0813, Steps: 169)
  [Worker 1] episode 806 finished. (AvgLatErr: 0.1359, Steps: 147)
  [Worker 1] episode 807 finished. (AvgLatErr: 0.1424, Steps: 139)
  [Worker 1] episode 808 finished. (AvgLatErr: 0.1249, Steps: 153)
  [Worker 1] episode 809 finished. (AvgLatErr: 0.1841, Steps: 145)
[Worker 1].
[Worker 3] TensorFlow device=GPU, mixed_precision=mixed_float16
[Worker 3] Random seed fixed: 400841
[Worker 3] started on GPU.
  [Worker 3] episode 800 finished. (AvgLatErr: 0.2630, Steps: 179)
  [Worker 3] episode 801 finished. (AvgLatErr: 0.4834, Steps: 176)
  [Worker 3] episode 802 finished. (AvgLatErr: 0.3504, Steps: 174)
  [Worker 3] episode 803 finished. (AvgLatErr: 0.2673, Steps: 185)
  [Worker 3] episode 804 finished. (AvgLatErr: 0.4193, Steps: 182)
  [Worker 3] episode 805 finished. (AvgLatErr: 0.3973, Steps: 174)
  [Worker 3] episode 806 finished. (AvgLatErr: 0.9564, Steps: 178)
  [Worker 3] episode 807 finished. (AvgLatErr: 0.4503, Steps: 168)
  [Worker 3] episode 808 finished. (AvgLatErr: 0.4721, Steps: 175)
  [Worker 3] episode 809 finished. (AvgLatErr: 0.3818, Steps: 179)
[Worker 3].
[Main] workers finished. (elapsed: 74.51s)
[Main] Aggregation-selected agents: [0, 1, 2, 3]
[Main] FedAdagrad update completed.
[Main] Replay buffers reset after global model update.
============================================================================================
809 EP / Agent 0 : Avg Lat Err 0.9905
809 EP / Agent 1 : Avg Lat Err 0.1841
809 EP / Agent 2 : Avg Lat Err 0.7019
809 EP / Agent 3 : Avg Lat Err 0.3818
============================================================================================

============================================================================================
[Main] FL round started. (episode 810 ~ 819)
[Main] Client selection: mode=all, budget=4
[Main] Participating agents: [0, 1, 2, 3]
[Worker 0] TensorFlow device=GPU, mixed_precision=mixed_float16
[Worker 0] Random seed fixed: 100851
[Worker 0] started on GPU.
  [Worker 0] episode 810 finished. (AvgLatErr: 0.4525, Steps: 121)
  [Worker 0] episode 811 finished. (AvgLatErr: 0.5221, Steps: 128)
  [Worker 0] episode 812 finished. (AvgLatErr: 1.1018, Steps: 127)
  [Worker 0] episode 813 finished. (AvgLatErr: 0.9477, Steps: 139)
  [Worker 0] episode 814 finished. (AvgLatErr: 0.6933, Steps: 136)
  [Worker 0] episode 815 finished. (AvgLatErr: 0.7322, Steps: 139)
  [Worker 0] episode 816 finished. (AvgLatErr: 0.6683, Steps: 139)
  [Worker 0] episode 817 finished. (AvgLatErr: 1.6031, Steps: 138)
  [Worker 0] episode 818 finished. (AvgLatErr: 0.4900, Steps: 136)
  [Worker 0] episode 819 finished. (AvgLatErr: 1.0454, Steps: 139)
[Worker 0].
[Worker 1] TensorFlow device=GPU, mixed_precision=mixed_float16
[Worker 1] Random seed fixed: 200851
[Worker 1] started on GPU.
  [Worker 1] episode 810 finished. (AvgLatErr: 0.3812, Steps: 151)
  [Worker 1] episode 811 finished. (AvgLatErr: 0.2034, Steps: 125)
  [Worker 1] episode 812 finished. (AvgLatErr: 0.1146, Steps: 140)
  [Worker 1] episode 813 finished. (AvgLatErr: 0.1765, Steps: 118)
  [Worker 1] episode 814 finished. (AvgLatErr: 0.2036, Steps: 121)
  [Worker 1] episode 815 finished. (AvgLatErr: 0.1433, Steps: 128)
  [Worker 1] episode 816 finished. (AvgLatErr: 0.1497, Steps: 128)
  [Worker 1] episode 817 finished. (AvgLatErr: 0.1489, Steps: 126)
  [Worker 1] episode 818 finished. (AvgLatErr: 0.1619, Steps: 130)
  [Worker 1] episode 819 finished. (AvgLatErr: 0.1638, Steps: 120)
[Worker 1].
[Worker 2] TensorFlow device=GPU, mixed_precision=mixed_float16
[Worker 2] Random seed fixed: 300851
[Worker 2] started on GPU.
  [Worker 2] episode 810 finished. (AvgLatErr: 0.2883, Steps: 141)
  [Worker 2] episode 811 finished. (AvgLatErr: 0.3893, Steps: 135)
  [Worker 2] episode 812 finished. (AvgLatErr: 0.3989, Steps: 112)
  [Worker 2] episode 813 finished. (AvgLatErr: 0.6909, Steps: 154)
  [Worker 2] episode 814 finished. (AvgLatErr: 0.3618, Steps: 143)
  [Worker 2] episode 815 finished. (AvgLatErr: 0.2873, Steps: 175)
  [Worker 2] episode 816 finished. (AvgLatErr: 0.4844, Steps: 137)
  [Worker 2] episode 817 finished. (AvgLatErr: 0.4347, Steps: 137)
  [Worker 2] episode 818 finished. (AvgLatErr: 0.3865, Steps: 128)
  [Worker 2] episode 819 finished. (AvgLatErr: 0.4474, Steps: 129)
[Worker 2].
[Worker 3] TensorFlow device=GPU, mixed_precision=mixed_float16
[Worker 3] Random seed fixed: 400851
[Worker 3] started on GPU.
  [Worker 3] episode 810 finished. (AvgLatErr: 0.2658, Steps: 180)
  [Worker 3] episode 811 finished. (AvgLatErr: 0.2544, Steps: 174)
  [Worker 3] episode 812 finished. (AvgLatErr: 0.3149, Steps: 174)
  [Worker 3] episode 813 finished. (AvgLatErr: 0.4723, Steps: 181)
  [Worker 3] episode 814 finished. (AvgLatErr: 0.7888, Steps: 180)
  [Worker 3] episode 815 finished. (AvgLatErr: 0.4062, Steps: 171)
  [Worker 3] episode 816 finished. (AvgLatErr: 0.4266, Steps: 177)
  [Worker 3] episode 817 finished. (AvgLatErr: 0.8648, Steps: 183)
  [Worker 3] episode 818 finished. (AvgLatErr: 0.5052, Steps: 170)
  [Worker 3] episode 819 finished. (AvgLatErr: 0.5492, Steps: 182)
[Worker 3].
[Main] workers finished. (elapsed: 93.56s)
[Main] Aggregation-selected agents: [0, 1, 2, 3]
[Main] FedAdagrad update completed.
[Main] Replay buffers reset after global model update.
============================================================================================
819 EP / Agent 0 : Avg Lat Err 1.0454
819 EP / Agent 1 : Avg Lat Err 0.1638
819 EP / Agent 2 : Avg Lat Err 0.4474
819 EP / Agent 3 : Avg Lat Err 0.5492
============================================================================================

============================================================================================
[Main] FL round started. (episode 820 ~ 829)
[Main] Client selection: mode=all, budget=4
[Main] Participating agents: [0, 1, 2, 3]
[Worker 0] TensorFlow device=GPU, mixed_precision=mixed_float16
[Worker 0] Random seed fixed: 100861
[Worker 0] started on GPU.
  [Worker 0] episode 820 finished. (AvgLatErr: 1.6252, Steps: 138)
  [Worker 0] episode 821 finished. (AvgLatErr: 1.0633, Steps: 125)
  [Worker 0] episode 822 finished. (AvgLatErr: 0.9611, Steps: 127)
  [Worker 0] episode 823 finished. (AvgLatErr: 0.9115, Steps: 126)
  [Worker 0] episode 824 finished. (AvgLatErr: 0.7680, Steps: 136)
  [Worker 0] episode 825 finished. (AvgLatErr: 1.2396, Steps: 127)
  [Worker 0] episode 826 finished. (AvgLatErr: 1.7516, Steps: 137)
  [Worker 0] episode 827 finished. (AvgLatErr: 0.8535, Steps: 135)
  [Worker 0] episode 828 finished. (AvgLatErr: 0.6347, Steps: 141)
  [Worker 0] episode 829 finished. (AvgLatErr: 0.9628, Steps: 142)
[Worker 0].
[Worker 1] TensorFlow device=GPU, mixed_precision=mixed_float16
[Worker 1] Random seed fixed: 200861
[Worker 1] started on GPU.
  [Worker 1] episode 820 finished. (AvgLatErr: 0.1421, Steps: 139)
  [Worker 1] episode 821 finished. (AvgLatErr: 0.1294, Steps: 129)
  [Worker 1] episode 822 finished. (AvgLatErr: 0.1527, Steps: 136)
  [Worker 1] episode 823 finished. (AvgLatErr: 0.1953, Steps: 136)
  [Worker 1] episode 824 finished. (AvgLatErr: 0.2305, Steps: 146)
  [Worker 1] episode 825 finished. (AvgLatErr: 0.3906, Steps: 132)
  [Worker 1] episode 826 finished. (AvgLatErr: 0.2138, Steps: 148)
  [Worker 1] episode 827 finished. (AvgLatErr: 0.1504, Steps: 121)
  [Worker 1] episode 828 finished. (AvgLatErr: 0.1412, Steps: 125)
  [Worker 1] episode 829 finished. (AvgLatErr: 0.2787, Steps: 153)
[Worker 1].
[Worker 2] TensorFlow device=GPU, mixed_precision=mixed_float16
[Worker 2] Random seed fixed: 300861
[Worker 2] started on GPU.
  [Worker 2] episode 820 finished. (AvgLatErr: 0.4955, Steps: 130)
  [Worker 2] episode 821 finished. (AvgLatErr: 0.4529, Steps: 120)
  [Worker 2] episode 822 finished. (AvgLatErr: 0.2705, Steps: 138)
  [Worker 2] episode 823 finished. (AvgLatErr: 0.3616, Steps: 127)
  [Worker 2] episode 824 finished. (AvgLatErr: 0.4321, Steps: 133)
  [Worker 2] episode 825 finished. (AvgLatErr: 0.5303, Steps: 133)
  [Worker 2] episode 826 finished. (AvgLatErr: 0.1676, Steps: 141)
  [Worker 2] episode 827 finished. (AvgLatErr: 0.4019, Steps: 128)
  [Worker 2] episode 828 finished. (AvgLatErr: 0.3869, Steps: 138)
  [Worker 2] episode 829 finished. (AvgLatErr: 0.3327, Steps: 130)
[Worker 2].
[Worker 3] TensorFlow device=GPU, mixed_precision=mixed_float16
[Worker 3] Random seed fixed: 400861
[Worker 3] started on GPU.
  [Worker 3] episode 820 finished. (AvgLatErr: 0.2478, Steps: 184)
  [Worker 3] episode 821 finished. (AvgLatErr: 0.4687, Steps: 169)
  [Worker 3] episode 822 finished. (AvgLatErr: 0.4633, Steps: 175)
  [Worker 3] episode 823 finished. (AvgLatErr: 0.6317, Steps: 168)
  [Worker 3] episode 824 finished. (AvgLatErr: 0.4603, Steps: 155)
  [Worker 3] episode 825 finished. (AvgLatErr: 0.5398, Steps: 177)
  [Worker 3] episode 826 finished. (AvgLatErr: 0.5578, Steps: 176)
  [Worker 3] episode 827 finished. (AvgLatErr: 0.3528, Steps: 178)
  [Worker 3] episode 828 finished. (AvgLatErr: 1.0920, Steps: 172)
  [Worker 3] episode 829 finished. (AvgLatErr: 0.3849, Steps: 166)
[Worker 3].
[Main] workers finished. (elapsed: 98.77s)
[Main] Aggregation-selected agents: [0, 1, 2, 3]
[Main] FedAdagrad update completed.
[Main] Replay buffers reset after global model update.
============================================================================================
829 EP / Agent 0 : Avg Lat Err 0.9628
829 EP / Agent 1 : Avg Lat Err 0.2787
829 EP / Agent 2 : Avg Lat Err 0.3327
829 EP / Agent 3 : Avg Lat Err 0.3849
============================================================================================

============================================================================================
[Main] FL round started. (episode 830 ~ 839)
[Main] Client selection: mode=all, budget=4
[Main] Participating agents: [0, 1, 2, 3]
[Worker 0] TensorFlow device=GPU, mixed_precision=mixed_float16
[Worker 0] Random seed fixed: 100871
[Worker 0] started on GPU.
  [Worker 0] episode 830 finished. (AvgLatErr: 0.7162, Steps: 128)
  [Worker 0] episode 831 finished. (AvgLatErr: 0.8797, Steps: 130)
  [Worker 0] episode 832 finished. (AvgLatErr: 0.7363, Steps: 135)
  [Worker 0] episode 833 finished. (AvgLatErr: 0.6152, Steps: 143)
  [Worker 0] episode 834 finished. (AvgLatErr: 0.9986, Steps: 132)
  [Worker 0] episode 835 finished. (AvgLatErr: 1.2309, Steps: 133)
  [Worker 0] episode 836 finished. (AvgLatErr: 0.6423, Steps: 146)
  [Worker 0] episode 837 finished. (AvgLatErr: 0.9971, Steps: 136)
  [Worker 0] episode 838 finished. (AvgLatErr: 0.8181, Steps: 144)
  [Worker 0] episode 839 finished. (AvgLatErr: 1.1932, Steps: 135)
[Worker 0].
[Worker 1] TensorFlow device=GPU, mixed_precision=mixed_float16
[Worker 1] Random seed fixed: 200871
[Worker 1] started on GPU.
  [Worker 1] episode 830 finished. (AvgLatErr: 0.1853, Steps: 128)
  [Worker 1] episode 831 finished. (AvgLatErr: 0.1577, Steps: 124)
  [Worker 1] episode 832 finished. (AvgLatErr: 0.1984, Steps: 143)
  [Worker 1] episode 833 finished. (AvgLatErr: 0.2314, Steps: 126)
  [Worker 1] episode 834 finished. (AvgLatErr: 0.2539, Steps: 144)
  [Worker 1] episode 835 finished. (AvgLatErr: 0.1186, Steps: 131)
  [Worker 1] episode 836 finished. (AvgLatErr: 0.1709, Steps: 131)
  [Worker 1] episode 837 finished. (AvgLatErr: 0.1744, Steps: 131)
  [Worker 1] episode 838 finished. (AvgLatErr: 0.2775, Steps: 148)
  [Worker 1] episode 839 finished. (AvgLatErr: 0.1434, Steps: 134)
[Worker 1].
[Worker 2] TensorFlow device=GPU, mixed_precision=mixed_float16
[Worker 2] Random seed fixed: 300871
[Worker 2] started on GPU.
  [Worker 2] episode 830 finished. (AvgLatErr: 0.3122, Steps: 128)
  [Worker 2] episode 831 finished. (AvgLatErr: 0.3926, Steps: 148)
  [Worker 2] episode 832 finished. (AvgLatErr: 0.2715, Steps: 117)
  [Worker 2] episode 833 finished. (AvgLatErr: 0.4652, Steps: 146)
  [Worker 2] episode 834 finished. (AvgLatErr: 0.4788, Steps: 145)
  [Worker 2] episode 835 finished. (AvgLatErr: 0.4902, Steps: 137)
  [Worker 2] episode 836 finished. (AvgLatErr: 0.3835, Steps: 122)
  [Worker 2] episode 837 finished. (AvgLatErr: 0.4352, Steps: 130)
  [Worker 2] episode 838 finished. (AvgLatErr: 0.4955, Steps: 137)
  [Worker 2] episode 839 finished. (AvgLatErr: 0.4825, Steps: 123)
[Worker 2].
[Worker 3] TensorFlow device=GPU, mixed_precision=mixed_float16
[Worker 3] Random seed fixed: 400871
[Worker 3] started on GPU.
  [Worker 3] episode 830 finished. (AvgLatErr: 0.4405, Steps: 169)
  [Worker 3] episode 831 finished. (AvgLatErr: 0.3643, Steps: 163)
  [Worker 3] episode 832 finished. (AvgLatErr: 0.4183, Steps: 195)
  [Worker 3] episode 833 finished. (AvgLatErr: 0.7768, Steps: 181)
  [Worker 3] episode 834 finished. (AvgLatErr: 0.5622, Steps: 170)
  [Worker 3] episode 835 finished. (AvgLatErr: 0.3347, Steps: 175)
  [Worker 3] episode 836 finished. (AvgLatErr: 0.5218, Steps: 168)
  [Worker 3] episode 837 finished. (AvgLatErr: 0.5119, Steps: 161)
  [Worker 3] episode 838 finished. (AvgLatErr: 0.8954, Steps: 181)
  [Worker 3] episode 839 finished. (AvgLatErr: 0.2693, Steps: 175)
[Worker 3].
[Main] workers finished. (elapsed: 83.35s)
[Main] Aggregation-selected agents: [0, 1, 2, 3]
[Main] FedAdagrad update completed.
[Main] Replay buffers reset after global model update.
============================================================================================
839 EP / Agent 0 : Avg Lat Err 1.1932
839 EP / Agent 1 : Avg Lat Err 0.1434
839 EP / Agent 2 : Avg Lat Err 0.4825
839 EP / Agent 3 : Avg Lat Err 0.2693
============================================================================================

============================================================================================
[Main] FL round started. (episode 840 ~ 849)
[Main] Client selection: mode=all, budget=4
[Main] Participating agents: [0, 1, 2, 3]
[Worker 0] TensorFlow device=GPU, mixed_precision=mixed_float16
[Worker 0] Random seed fixed: 100881
[Worker 0] started on GPU.
  [Worker 0] episode 840 finished. (AvgLatErr: 0.4959, Steps: 126)
  [Worker 0] episode 841 finished. (AvgLatErr: 0.8429, Steps: 138)
  [Worker 0] episode 842 finished. (AvgLatErr: 0.8680, Steps: 123)
  [Worker 0] episode 843 finished. (AvgLatErr: 1.1531, Steps: 132)
  [Worker 0] episode 844 finished. (AvgLatErr: 1.4075, Steps: 138)
  [Worker 0] episode 845 finished. (AvgLatErr: 0.7133, Steps: 128)
  [Worker 0] episode 846 finished. (AvgLatErr: 0.5717, Steps: 142)
  [Worker 0] episode 847 finished. (AvgLatErr: 1.2407, Steps: 146)
  [Worker 0] episode 848 finished. (AvgLatErr: 0.8287, Steps: 131)
  [Worker 0] episode 849 finished. (AvgLatErr: 0.5024, Steps: 136)
[Worker 0].
[Worker 1] TensorFlow device=GPU, mixed_precision=mixed_float16
[Worker 1] Random seed fixed: 200881
[Worker 1] started on GPU.
  [Worker 1] episode 840 finished. (AvgLatErr: 0.1269, Steps: 138)
  [Worker 1] episode 841 finished. (AvgLatErr: 0.1286, Steps: 151)
  [Worker 1] episode 842 finished. (AvgLatErr: 0.1364, Steps: 130)
  [Worker 1] episode 843 finished. (AvgLatErr: 0.2210, Steps: 127)
  [Worker 1] episode 844 finished. (AvgLatErr: 0.2425, Steps: 125)
  [Worker 1] episode 845 finished. (AvgLatErr: 0.1925, Steps: 133)
  [Worker 1] episode 846 finished. (AvgLatErr: 0.2800, Steps: 130)
  [Worker 1] episode 847 finished. (AvgLatErr: 0.1648, Steps: 136)
  [Worker 1] episode 848 finished. (AvgLatErr: 0.3152, Steps: 130)
  [Worker 1] episode 849 finished. (AvgLatErr: 0.2024, Steps: 139)
[Worker 1].
[Worker 2] TensorFlow device=GPU, mixed_precision=mixed_float16
[Worker 2] Random seed fixed: 300881
[Worker 2] started on GPU.
  [Worker 2] episode 840 finished. (AvgLatErr: 0.3416, Steps: 136)
  [Worker 2] episode 841 finished. (AvgLatErr: 0.6281, Steps: 163)
  [Worker 2] episode 842 finished. (AvgLatErr: 0.2411, Steps: 137)
  [Worker 2] episode 843 finished. (AvgLatErr: 0.5250, Steps: 129)
  [Worker 2] episode 844 finished. (AvgLatErr: 0.4052, Steps: 128)
  [Worker 2] episode 845 finished. (AvgLatErr: 0.2302, Steps: 137)
  [Worker 2] episode 846 finished. (AvgLatErr: 0.2246, Steps: 128)
  [Worker 2] episode 847 finished. (AvgLatErr: 0.4275, Steps: 135)
  [Worker 2] episode 848 finished. (AvgLatErr: 0.5162, Steps: 141)
  [Worker 2] episode 849 finished. (AvgLatErr: 0.4486, Steps: 131)
[Worker 2].
[Worker 3] TensorFlow device=GPU, mixed_precision=mixed_float16
[Worker 3] Random seed fixed: 400881
[Worker 3] started on GPU.
  [Worker 3] episode 840 finished. (AvgLatErr: 0.3111, Steps: 177)
  [Worker 3] episode 841 finished. (AvgLatErr: 0.4555, Steps: 175)
  [Worker 3] episode 842 finished. (AvgLatErr: 0.3589, Steps: 177)
  [Worker 3] episode 843 finished. (AvgLatErr: 0.3868, Steps: 173)
  [Worker 3] episode 844 finished. (AvgLatErr: 0.6075, Steps: 178)
  [Worker 3] episode 845 finished. (AvgLatErr: 0.4885, Steps: 185)
  [Worker 3] episode 846 finished. (AvgLatErr: 0.3199, Steps: 178)
  [Worker 3] episode 847 finished. (AvgLatErr: 0.2910, Steps: 184)
  [Worker 3] episode 848 finished. (AvgLatErr: 0.2163, Steps: 181)
  [Worker 3] episode 849 finished. (AvgLatErr: 0.8521, Steps: 192)
[Worker 3].
[Main] workers finished. (elapsed: 74.11s)
[Main] Aggregation-selected agents: [0, 1, 2, 3]
[Main] FedAdagrad update completed.
[Main] Replay buffers reset after global model update.
============================================================================================
849 EP / Agent 0 : Avg Lat Err 0.5024
849 EP / Agent 1 : Avg Lat Err 0.2024
849 EP / Agent 2 : Avg Lat Err 0.4486
849 EP / Agent 3 : Avg Lat Err 0.8521
============================================================================================
[Main] Model checkpoint saved: C:\Users\syd79\FRL-Q\experiments\optimized_fedadagrad_4all_20260916_run1_all_4of4\checkpoints\global_model_episode_000850.weights.h5

============================================================================================
[Main] FL round started. (episode 850 ~ 859)
[Main] Client selection: mode=all, budget=4
[Main] Participating agents: [0, 1, 2, 3]
[Worker 0] TensorFlow device=GPU, mixed_precision=mixed_float16
[Worker 0] Random seed fixed: 100891
[Worker 0] started on GPU.
  [Worker 0] episode 850 finished. (AvgLatErr: 0.3968, Steps: 139)
  [Worker 0] episode 851 finished. (AvgLatErr: 0.6620, Steps: 139)
  [Worker 0] episode 852 finished. (AvgLatErr: 1.1925, Steps: 135)
  [Worker 0] episode 853 finished. (AvgLatErr: 1.1497, Steps: 138)
  [Worker 0] episode 854 finished. (AvgLatErr: 1.1810, Steps: 139)
  [Worker 0] episode 855 finished. (AvgLatErr: 1.5932, Steps: 135)
  [Worker 0] episode 856 finished. (AvgLatErr: 0.6334, Steps: 134)
  [Worker 0] episode 857 finished. (AvgLatErr: 0.9574, Steps: 138)
  [Worker 0] episode 858 finished. (AvgLatErr: 0.7326, Steps: 132)
  [Worker 0] episode 859 finished. (AvgLatErr: 0.9018, Steps: 139)
[Worker 0].
[Worker 1] TensorFlow device=GPU, mixed_precision=mixed_float16
[Worker 1] Random seed fixed: 200891
[Worker 1] started on GPU.
  [Worker 1] episode 850 finished. (AvgLatErr: 0.1469, Steps: 125)
  [Worker 1] episode 851 finished. (AvgLatErr: 0.1556, Steps: 134)
  [Worker 1] episode 852 finished. (AvgLatErr: 0.1264, Steps: 149)
  [Worker 1] episode 853 finished. (AvgLatErr: 0.2763, Steps: 131)
  [Worker 1] episode 854 finished. (AvgLatErr: 0.2388, Steps: 150)
  [Worker 1] episode 855 finished. (AvgLatErr: 0.1655, Steps: 141)
  [Worker 1] episode 856 finished. (AvgLatErr: 0.6126, Steps: 122)
  [Worker 1] episode 857 finished. (AvgLatErr: 0.2437, Steps: 140)
  [Worker 1] episode 858 finished. (AvgLatErr: 0.2497, Steps: 129)
  [Worker 1] episode 859 finished. (AvgLatErr: 0.3244, Steps: 122)
[Worker 1].
[Worker 2] TensorFlow device=GPU, mixed_precision=mixed_float16
[Worker 2] Random seed fixed: 300891
[Worker 2] started on GPU.
  [Worker 2] episode 850 finished. (AvgLatErr: 0.4189, Steps: 133)
  [Worker 2] episode 851 finished. (AvgLatErr: 0.3743, Steps: 141)
  [Worker 2] episode 852 finished. (AvgLatErr: 0.3309, Steps: 126)
  [Worker 2] episode 853 finished. (AvgLatErr: 0.2262, Steps: 130)
  [Worker 2] episode 854 finished. (AvgLatErr: 0.3172, Steps: 143)
  [Worker 2] episode 855 finished. (AvgLatErr: 0.2473, Steps: 134)
  [Worker 2] episode 856 finished. (AvgLatErr: 0.3974, Steps: 131)
  [Worker 2] episode 857 finished. (AvgLatErr: 0.3527, Steps: 124)
  [Worker 2] episode 858 finished. (AvgLatErr: 0.4631, Steps: 134)
  [Worker 2] episode 859 finished. (AvgLatErr: 0.3791, Steps: 130)
[Worker 2].
[Worker 3] TensorFlow device=GPU, mixed_precision=mixed_float16
[Worker 3] Random seed fixed: 400891
[Worker 3] started on GPU.
  [Worker 3] episode 850 finished. (AvgLatErr: 0.4322, Steps: 171)
  [Worker 3] episode 851 finished. (AvgLatErr: 0.3472, Steps: 176)
  [Worker 3] episode 852 finished. (AvgLatErr: 0.5034, Steps: 179)
  [Worker 3] episode 853 finished. (AvgLatErr: 0.2468, Steps: 174)
  [Worker 3] episode 854 finished. (AvgLatErr: 0.2671, Steps: 172)
  [Worker 3] episode 855 finished. (AvgLatErr: 0.5282, Steps: 176)
  [Worker 3] episode 856 finished. (AvgLatErr: 0.3783, Steps: 174)
  [Worker 3] episode 857 finished. (AvgLatErr: 0.5266, Steps: 174)
  [Worker 3] episode 858 finished. (AvgLatErr: 0.3284, Steps: 181)
  [Worker 3] episode 859 finished. (AvgLatErr: 0.5714, Steps: 178)
[Worker 3].
[Main] workers finished. (elapsed: 86.37s)
[Main] Aggregation-selected agents: [0, 1, 2, 3]
[Main] FedAdagrad update completed.
[Main] Replay buffers reset after global model update.
============================================================================================
859 EP / Agent 0 : Avg Lat Err 0.9018
859 EP / Agent 1 : Avg Lat Err 0.3244
859 EP / Agent 2 : Avg Lat Err 0.3791
859 EP / Agent 3 : Avg Lat Err 0.5714
============================================================================================

============================================================================================
[Main] FL round started. (episode 860 ~ 869)
[Main] Client selection: mode=all, budget=4
[Main] Participating agents: [0, 1, 2, 3]
[Worker 0] TensorFlow device=GPU, mixed_precision=mixed_float16
[Worker 0] Random seed fixed: 100901
[Worker 0] started on GPU.
  [Worker 0] episode 860 finished. (AvgLatErr: 1.7363, Steps: 142)
  [Worker 0] episode 861 finished. (AvgLatErr: 0.5139, Steps: 131)
  [Worker 0] episode 862 finished. (AvgLatErr: 1.3611, Steps: 137)
  [Worker 0] episode 863 finished. (AvgLatErr: 0.8503, Steps: 136)
  [Worker 0] episode 864 finished. (AvgLatErr: 0.8153, Steps: 121)
  [Worker 0] episode 865 finished. (AvgLatErr: 0.6145, Steps: 137)
  [Worker 0] episode 866 finished. (AvgLatErr: 0.6187, Steps: 134)
  [Worker 0] episode 867 finished. (AvgLatErr: 1.2313, Steps: 143)
  [Worker 0] episode 868 finished. (AvgLatErr: 1.3616, Steps: 150)
  [Worker 0] episode 869 finished. (AvgLatErr: 1.4665, Steps: 143)
[Worker 0].
[Worker 1] TensorFlow device=GPU, mixed_precision=mixed_float16
[Worker 1] Random seed fixed: 200901
[Worker 1] started on GPU.
  [Worker 1] episode 860 finished. (AvgLatErr: 0.1928, Steps: 142)
  [Worker 1] episode 861 finished. (AvgLatErr: 0.1402, Steps: 119)
  [Worker 1] episode 862 finished. (AvgLatErr: 0.3414, Steps: 134)
  [Worker 1] episode 863 finished. (AvgLatErr: 0.1298, Steps: 108)
  [Worker 1] episode 864 finished. (AvgLatErr: 0.5901, Steps: 144)
  [Worker 1] episode 865 finished. (AvgLatErr: 0.2502, Steps: 137)
  [Worker 1] episode 866 finished. (AvgLatErr: 0.2966, Steps: 134)
  [Worker 1] episode 867 finished. (AvgLatErr: 0.2730, Steps: 137)
  [Worker 1] episode 868 finished. (AvgLatErr: 0.2693, Steps: 113)
  [Worker 1] episode 869 finished. (AvgLatErr: 0.1694, Steps: 119)
[Worker 1].
[Worker 2] TensorFlow device=GPU, mixed_precision=mixed_float16
[Worker 2] Random seed fixed: 300901
[Worker 2] started on GPU.
  [Worker 2] episode 860 finished. (AvgLatErr: 0.3625, Steps: 134)
  [Worker 2] episode 861 finished. (AvgLatErr: 0.2850, Steps: 147)
  [Worker 2] episode 862 finished. (AvgLatErr: 0.3030, Steps: 125)
  [Worker 2] episode 863 finished. (AvgLatErr: 1.0449, Steps: 124)
  [Worker 2] episode 864 finished. (AvgLatErr: 0.6757, Steps: 147)
  [Worker 2] episode 865 finished. (AvgLatErr: 0.8868, Steps: 147)
  [Worker 2] episode 866 finished. (AvgLatErr: 0.5637, Steps: 140)
  [Worker 2] episode 867 finished. (AvgLatErr: 0.4458, Steps: 126)
  [Worker 2] episode 868 finished. (AvgLatErr: 0.4621, Steps: 131)
  [Worker 2] episode 869 finished. (AvgLatErr: 0.6698, Steps: 133)
[Worker 2].
[Worker 3] TensorFlow device=GPU, mixed_precision=mixed_float16
[Worker 3] Random seed fixed: 400901
[Worker 3] started on GPU.
  [Worker 3] episode 860 finished. (AvgLatErr: 0.3007, Steps: 180)
  [Worker 3] episode 861 finished. (AvgLatErr: 0.4509, Steps: 180)
  [Worker 3] episode 862 finished. (AvgLatErr: 0.3617, Steps: 182)
  [Worker 3] episode 863 finished. (AvgLatErr: 0.4062, Steps: 186)
  [Worker 3] episode 864 finished. (AvgLatErr: 0.4340, Steps: 179)
  [Worker 3] episode 865 finished. (AvgLatErr: 0.4638, Steps: 181)
  [Worker 3] episode 866 finished. (AvgLatErr: 0.3147, Steps: 172)
  [Worker 3] episode 867 finished. (AvgLatErr: 0.4834, Steps: 183)
  [Worker 3] episode 868 finished. (AvgLatErr: 0.3024, Steps: 181)
  [Worker 3] episode 869 finished. (AvgLatErr: 0.5323, Steps: 190)
[Worker 3].
[Main] workers finished. (elapsed: 101.13s)
[Main] Aggregation-selected agents: [0, 1, 2, 3]
[Main] FedAdagrad update completed.
[Main] Replay buffers reset after global model update.
============================================================================================
869 EP / Agent 0 : Avg Lat Err 1.4665
869 EP / Agent 1 : Avg Lat Err 0.1694
869 EP / Agent 2 : Avg Lat Err 0.6698
869 EP / Agent 3 : Avg Lat Err 0.5323
============================================================================================

============================================================================================
[Main] FL round started. (episode 870 ~ 879)
[Main] Client selection: mode=all, budget=4
[Main] Participating agents: [0, 1, 2, 3]
[Worker 0] TensorFlow device=GPU, mixed_precision=mixed_float16
[Worker 0] Random seed fixed: 100911
[Worker 0] started on GPU.
  [Worker 0] episode 870 finished. (AvgLatErr: 0.7639, Steps: 130)
  [Worker 0] episode 871 finished. (AvgLatErr: 0.8439, Steps: 127)
  [Worker 0] episode 872 finished. (AvgLatErr: 0.8756, Steps: 133)
  [Worker 0] episode 873 finished. (AvgLatErr: 0.7702, Steps: 146)
  [Worker 0] episode 874 finished. (AvgLatErr: 1.1903, Steps: 143)
  [Worker 0] episode 875 finished. (AvgLatErr: 1.1704, Steps: 142)
  [Worker 0] episode 876 finished. (AvgLatErr: 0.6919, Steps: 130)
  [Worker 0] episode 877 finished. (AvgLatErr: 1.0777, Steps: 142)
  [Worker 0] episode 878 finished. (AvgLatErr: 1.4469, Steps: 134)
  [Worker 0] episode 879 finished. (AvgLatErr: 0.8436, Steps: 138)
[Worker 0].
[Worker 1] TensorFlow device=GPU, mixed_precision=mixed_float16
[Worker 1] Random seed fixed: 200911
[Worker 1] started on GPU.
  [Worker 1] episode 870 finished. (AvgLatErr: 0.1221, Steps: 136)
  [Worker 1] episode 871 finished. (AvgLatErr: 0.1156, Steps: 131)
  [Worker 1] episode 872 finished. (AvgLatErr: 0.1112, Steps: 133)
  [Worker 1] episode 873 finished. (AvgLatErr: 0.1073, Steps: 144)
  [Worker 1] episode 874 finished. (AvgLatErr: 0.2004, Steps: 172)
  [Worker 1] episode 875 finished. (AvgLatErr: 0.3110, Steps: 133)
  [Worker 1] episode 876 finished. (AvgLatErr: 0.1919, Steps: 156)
  [Worker 1] episode 877 finished. (AvgLatErr: 0.3929, Steps: 131)
  [Worker 1] episode 878 finished. (AvgLatErr: 0.4000, Steps: 145)
  [Worker 1] episode 879 finished. (AvgLatErr: 0.5588, Steps: 128)
[Worker 1].
[Worker 2] TensorFlow device=GPU, mixed_precision=mixed_float16
[Worker 2] Random seed fixed: 300911
[Worker 2] started on GPU.
  [Worker 2] episode 870 finished. (AvgLatErr: 0.3619, Steps: 139)
  [Worker 2] episode 871 finished. (AvgLatErr: 3.0751, Steps: 200)
  [Worker 2] episode 872 finished. (AvgLatErr: 1.2806, Steps: 145)
  [Worker 2] episode 873 finished. (AvgLatErr: 0.3810, Steps: 130)
  [Worker 2] episode 874 finished. (AvgLatErr: 0.3554, Steps: 134)
  [Worker 2] episode 875 finished. (AvgLatErr: 0.4338, Steps: 146)
  [Worker 2] episode 876 finished. (AvgLatErr: 0.3211, Steps: 155)
  [Worker 2] episode 877 finished. (AvgLatErr: 0.2911, Steps: 146)
  [Worker 2] episode 878 finished. (AvgLatErr: 0.4773, Steps: 144)
  [Worker 2] episode 879 finished. (AvgLatErr: 0.2701, Steps: 144)
[Worker 2].
[Worker 3] TensorFlow device=GPU, mixed_precision=mixed_float16
[Worker 3] Random seed fixed: 400911
[Worker 3] started on GPU.
  [Worker 3] episode 870 finished. (AvgLatErr: 0.3288, Steps: 198)
  [Worker 3] episode 871 finished. (AvgLatErr: 0.3257, Steps: 187)
  [Worker 3] episode 872 finished. (AvgLatErr: 0.5938, Steps: 178)
  [Worker 3] episode 873 finished. (AvgLatErr: 0.5634, Steps: 182)
  [Worker 3] episode 874 finished. (AvgLatErr: 0.4984, Steps: 183)
  [Worker 3] episode 875 finished. (AvgLatErr: 1.0211, Steps: 175)
  [Worker 3] episode 876 finished. (AvgLatErr: 0.4432, Steps: 181)
  [Worker 3] episode 877 finished. (AvgLatErr: 1.1044, Steps: 185)
  [Worker 3] episode 878 finished. (AvgLatErr: 0.5291, Steps: 190)
  [Worker 3] episode 879 finished. (AvgLatErr: 0.4742, Steps: 180)
[Worker 3].
[Main] workers finished. (elapsed: 93.72s)
[Main] Aggregation-selected agents: [0, 1, 2, 3]
[Main] FedAdagrad update completed.
[Main] Replay buffers reset after global model update.
============================================================================================
879 EP / Agent 0 : Avg Lat Err 0.8436
879 EP / Agent 1 : Avg Lat Err 0.5588
879 EP / Agent 2 : Avg Lat Err 0.2701
879 EP / Agent 3 : Avg Lat Err 0.4742
============================================================================================

============================================================================================
[Main] FL round started. (episode 880 ~ 889)
[Main] Client selection: mode=all, budget=4
[Main] Participating agents: [0, 1, 2, 3]
[Worker 0] TensorFlow device=GPU, mixed_precision=mixed_float16
[Worker 0] Random seed fixed: 100921
[Worker 0] started on GPU.
  [Worker 0] episode 880 finished. (AvgLatErr: 0.5839, Steps: 139)
  [Worker 0] episode 881 finished. (AvgLatErr: 0.4817, Steps: 144)
  [Worker 0] episode 882 finished. (AvgLatErr: 1.4403, Steps: 141)
  [Worker 0] episode 883 finished. (AvgLatErr: 0.6233, Steps: 139)
  [Worker 0] episode 884 finished. (AvgLatErr: 0.8007, Steps: 135)
  [Worker 0] episode 885 finished. (AvgLatErr: 1.2772, Steps: 143)
  [Worker 0] episode 886 finished. (AvgLatErr: 0.6701, Steps: 145)
  [Worker 0] episode 887 finished. (AvgLatErr: 0.7725, Steps: 151)
  [Worker 0] episode 888 finished. (AvgLatErr: 0.5319, Steps: 140)
  [Worker 0] episode 889 finished. (AvgLatErr: 0.4776, Steps: 141)
[Worker 0].
[Worker 1] TensorFlow device=GPU, mixed_precision=mixed_float16
[Worker 1] Random seed fixed: 200921
[Worker 1] started on GPU.
  [Worker 1] episode 880 finished. (AvgLatErr: 0.1357, Steps: 144)
  [Worker 1] episode 881 finished. (AvgLatErr: 0.2195, Steps: 152)
  [Worker 1] episode 882 finished. (AvgLatErr: 0.1128, Steps: 142)
  [Worker 1] episode 883 finished. (AvgLatErr: 0.2659, Steps: 139)
  [Worker 1] episode 884 finished. (AvgLatErr: 0.1345, Steps: 145)
  [Worker 1] episode 885 finished. (AvgLatErr: 0.1791, Steps: 139)
  [Worker 1] episode 886 finished. (AvgLatErr: 0.2686, Steps: 126)
  [Worker 1] episode 887 finished. (AvgLatErr: 0.2344, Steps: 141)
  [Worker 1] episode 888 finished. (AvgLatErr: 0.1361, Steps: 135)
  [Worker 1] episode 889 finished. (AvgLatErr: 0.1640, Steps: 135)
[Worker 1].
[Worker 2] TensorFlow device=GPU, mixed_precision=mixed_float16
[Worker 2] Random seed fixed: 300921
[Worker 2] started on GPU.
  [Worker 2] episode 880 finished. (AvgLatErr: 0.2737, Steps: 144)
  [Worker 2] episode 881 finished. (AvgLatErr: 0.3599, Steps: 142)
  [Worker 2] episode 882 finished. (AvgLatErr: 0.2288, Steps: 154)
  [Worker 2] episode 883 finished. (AvgLatErr: 0.3665, Steps: 136)
  [Worker 2] episode 884 finished. (AvgLatErr: 0.3665, Steps: 139)
  [Worker 2] episode 885 finished. (AvgLatErr: 0.2956, Steps: 148)
  [Worker 2] episode 886 finished. (AvgLatErr: 0.4869, Steps: 146)
  [Worker 2] episode 887 finished. (AvgLatErr: 0.4661, Steps: 132)
  [Worker 2] episode 888 finished. (AvgLatErr: 0.3417, Steps: 136)
  [Worker 2] episode 889 finished. (AvgLatErr: 0.3355, Steps: 134)
[Worker 2].
[Worker 3] TensorFlow device=GPU, mixed_precision=mixed_float16
[Worker 3] Random seed fixed: 400921
[Worker 3] started on GPU.
  [Worker 3] episode 880 finished. (AvgLatErr: 0.2282, Steps: 193)
  [Worker 3] episode 881 finished. (AvgLatErr: 0.2873, Steps: 200)
  [Worker 3] episode 882 finished. (AvgLatErr: 0.2293, Steps: 200)
  [Worker 3] episode 883 finished. (AvgLatErr: 0.3939, Steps: 188)
  [Worker 3] episode 884 finished. (AvgLatErr: 0.2579, Steps: 185)
  [Worker 3] episode 885 finished. (AvgLatErr: 0.6375, Steps: 177)
  [Worker 3] episode 886 finished. (AvgLatErr: 0.3377, Steps: 183)
  [Worker 3] episode 887 finished. (AvgLatErr: 0.3639, Steps: 177)
  [Worker 3] episode 888 finished. (AvgLatErr: 0.4981, Steps: 191)
  [Worker 3] episode 889 finished. (AvgLatErr: 0.3669, Steps: 193)
[Worker 3].
[Main] workers finished. (elapsed: 82.96s)
[Main] Aggregation-selected agents: [0, 1, 2, 3]
[Main] FedAdagrad update completed.
[Main] Replay buffers reset after global model update.
============================================================================================
889 EP / Agent 0 : Avg Lat Err 0.4776
889 EP / Agent 1 : Avg Lat Err 0.1640
889 EP / Agent 2 : Avg Lat Err 0.3355
889 EP / Agent 3 : Avg Lat Err 0.3669
============================================================================================

============================================================================================
[Main] FL round started. (episode 890 ~ 899)
[Main] Client selection: mode=all, budget=4
[Main] Participating agents: [0, 1, 2, 3]
[Worker 0] TensorFlow device=GPU, mixed_precision=mixed_float16
[Worker 0] Random seed fixed: 100931
[Worker 0] started on GPU.
  [Worker 0] episode 890 finished. (AvgLatErr: 0.4816, Steps: 134)
  [Worker 0] episode 891 finished. (AvgLatErr: 0.7513, Steps: 124)
  [Worker 0] episode 892 finished. (AvgLatErr: 0.6673, Steps: 132)
  [Worker 0] episode 893 finished. (AvgLatErr: 0.7262, Steps: 132)
  [Worker 0] episode 894 finished. (AvgLatErr: 0.6151, Steps: 137)
  [Worker 0] episode 895 finished. (AvgLatErr: 1.3800, Steps: 145)
  [Worker 0] episode 896 finished. (AvgLatErr: 1.3723, Steps: 147)
  [Worker 0] episode 897 finished. (AvgLatErr: 0.6584, Steps: 132)
  [Worker 0] episode 898 finished. (AvgLatErr: 1.0286, Steps: 130)
  [Worker 0] episode 899 finished. (AvgLatErr: 1.1130, Steps: 133)
[Worker 0].
[Worker 1] TensorFlow device=GPU, mixed_precision=mixed_float16
[Worker 1] Random seed fixed: 200931
[Worker 1] started on GPU.
  [Worker 1] episode 890 finished. (AvgLatErr: 0.1311, Steps: 135)
  [Worker 1] episode 891 finished. (AvgLatErr: 0.1336, Steps: 143)
  [Worker 1] episode 892 finished. (AvgLatErr: 0.1127, Steps: 144)
  [Worker 1] episode 893 finished. (AvgLatErr: 0.1564, Steps: 139)
  [Worker 1] episode 894 finished. (AvgLatErr: 0.1381, Steps: 126)
  [Worker 1] episode 895 finished. (AvgLatErr: 0.1523, Steps: 138)
  [Worker 1] episode 896 finished. (AvgLatErr: 0.1827, Steps: 134)
  [Worker 1] episode 897 finished. (AvgLatErr: 0.1785, Steps: 124)
  [Worker 1] episode 898 finished. (AvgLatErr: 0.3895, Steps: 134)
  [Worker 1] episode 899 finished. (AvgLatErr: 0.1791, Steps: 143)
[Worker 1].
[Worker 2] TensorFlow device=GPU, mixed_precision=mixed_float16
[Worker 2] Random seed fixed: 300931
[Worker 2] started on GPU.
  [Worker 2] episode 890 finished. (AvgLatErr: 0.4697, Steps: 146)
  [Worker 2] episode 891 finished. (AvgLatErr: 0.1718, Steps: 133)
  [Worker 2] episode 892 finished. (AvgLatErr: 0.4320, Steps: 142)
  [Worker 2] episode 893 finished. (AvgLatErr: 0.4470, Steps: 138)
  [Worker 2] episode 894 finished. (AvgLatErr: 0.3755, Steps: 122)
  [Worker 2] episode 895 finished. (AvgLatErr: 0.4287, Steps: 133)
  [Worker 2] episode 896 finished. (AvgLatErr: 0.3393, Steps: 133)
  [Worker 2] episode 897 finished. (AvgLatErr: 0.4160, Steps: 125)
  [Worker 2] episode 898 finished. (AvgLatErr: 0.1717, Steps: 143)
  [Worker 2] episode 899 finished. (AvgLatErr: 0.4135, Steps: 137)
[Worker 2].
[Worker 3] TensorFlow device=GPU, mixed_precision=mixed_float16
[Worker 3] Random seed fixed: 400931
[Worker 3] started on GPU.
  [Worker 3] episode 890 finished. (AvgLatErr: 0.3058, Steps: 188)
  [Worker 3] episode 891 finished. (AvgLatErr: 0.3371, Steps: 187)
  [Worker 3] episode 892 finished. (AvgLatErr: 0.3320, Steps: 176)
  [Worker 3] episode 893 finished. (AvgLatErr: 0.3325, Steps: 181)
  [Worker 3] episode 894 finished. (AvgLatErr: 0.5671, Steps: 180)
  [Worker 3] episode 895 finished. (AvgLatErr: 0.5742, Steps: 179)
  [Worker 3] episode 896 finished. (AvgLatErr: 0.6567, Steps: 187)
  [Worker 3] episode 897 finished. (AvgLatErr: 0.7929, Steps: 174)
  [Worker 3] episode 898 finished. (AvgLatErr: 0.6436, Steps: 170)
  [Worker 3] episode 899 finished. (AvgLatErr: 0.4723, Steps: 173)
[Worker 3].
[Main] workers finished. (elapsed: 69.34s)
[Main] Aggregation-selected agents: [0, 1, 2, 3]
[Main] FedAdagrad update completed.
[Main] Replay buffers reset after global model update.
============================================================================================
899 EP / Agent 0 : Avg Lat Err 1.1130
899 EP / Agent 1 : Avg Lat Err 0.1791
899 EP / Agent 2 : Avg Lat Err 0.4135
899 EP / Agent 3 : Avg Lat Err 0.4723
============================================================================================
[Main] Model checkpoint saved: C:\Users\syd79\FRL-Q\experiments\optimized_fedadagrad_4all_20260916_run1_all_4of4\checkpoints\global_model_episode_000900.weights.h5

============================================================================================
[Main] FL round started. (episode 900 ~ 909)
[Main] Client selection: mode=all, budget=4
[Main] Participating agents: [0, 1, 2, 3]
[Worker 0] TensorFlow device=GPU, mixed_precision=mixed_float16
[Worker 0] Random seed fixed: 100941
[Worker 0] started on GPU.
  [Worker 0] episode 900 finished. (AvgLatErr: 0.5658, Steps: 131)
  [Worker 0] episode 901 finished. (AvgLatErr: 0.4903, Steps: 148)
  [Worker 0] episode 902 finished. (AvgLatErr: 0.4298, Steps: 131)
  [Worker 0] episode 903 finished. (AvgLatErr: 0.5476, Steps: 134)
  [Worker 0] episode 904 finished. (AvgLatErr: 0.5528, Steps: 138)
  [Worker 0] episode 905 finished. (AvgLatErr: 1.1662, Steps: 141)
  [Worker 0] episode 906 finished. (AvgLatErr: 0.4719, Steps: 124)
  [Worker 0] episode 907 finished. (AvgLatErr: 0.7354, Steps: 136)
  [Worker 0] episode 908 finished. (AvgLatErr: 0.4849, Steps: 130)
  [Worker 0] episode 909 finished. (AvgLatErr: 0.4646, Steps: 142)
[Worker 0].
[Worker 1] TensorFlow device=GPU, mixed_precision=mixed_float16
[Worker 1] Random seed fixed: 200941
[Worker 1] started on GPU.
  [Worker 1] episode 900 finished. (AvgLatErr: 0.2194, Steps: 140)
  [Worker 1] episode 901 finished. (AvgLatErr: 0.1267, Steps: 135)
  [Worker 1] episode 902 finished. (AvgLatErr: 0.0993, Steps: 147)
  [Worker 1] episode 903 finished. (AvgLatErr: 0.1599, Steps: 147)
  [Worker 1] episode 904 finished. (AvgLatErr: 0.1144, Steps: 143)
  [Worker 1] episode 905 finished. (AvgLatErr: 0.1452, Steps: 130)
  [Worker 1] episode 906 finished. (AvgLatErr: 0.1257, Steps: 125)
  [Worker 1] episode 907 finished. (AvgLatErr: 0.1440, Steps: 127)
  [Worker 1] episode 908 finished. (AvgLatErr: 0.1825, Steps: 146)
  [Worker 1] episode 909 finished. (AvgLatErr: 0.2307, Steps: 136)
[Worker 1].
[Worker 2] TensorFlow device=GPU, mixed_precision=mixed_float16
[Worker 2] Random seed fixed: 300941
[Worker 2] started on GPU.
  [Worker 2] episode 900 finished. (AvgLatErr: 0.1914, Steps: 135)
  [Worker 2] episode 901 finished. (AvgLatErr: 0.4554, Steps: 144)
  [Worker 2] episode 902 finished. (AvgLatErr: 0.2376, Steps: 136)
  [Worker 2] episode 903 finished. (AvgLatErr: 0.3234, Steps: 133)
  [Worker 2] episode 904 finished. (AvgLatErr: 0.3418, Steps: 141)
  [Worker 2] episode 905 finished. (AvgLatErr: 4.9208, Steps: 200)
  [Worker 2] episode 906 finished. (AvgLatErr: 0.4278, Steps: 141)
  [Worker 2] episode 907 finished. (AvgLatErr: 0.5757, Steps: 139)
  [Worker 2] episode 908 finished. (AvgLatErr: 0.3706, Steps: 130)
  [Worker 2] episode 909 finished. (AvgLatErr: 0.4228, Steps: 143)
[Worker 2].
[Worker 3] TensorFlow device=GPU, mixed_precision=mixed_float16
[Worker 3] Random seed fixed: 400941
[Worker 3] started on GPU.
  [Worker 3] episode 900 finished. (AvgLatErr: 0.2175, Steps: 189)
  [Worker 3] episode 901 finished. (AvgLatErr: 0.2433, Steps: 198)
  [Worker 3] episode 902 finished. (AvgLatErr: 0.2804, Steps: 193)
  [Worker 3] episode 903 finished. (AvgLatErr: 0.7901, Steps: 189)
  [Worker 3] episode 904 finished. (AvgLatErr: 0.5054, Steps: 186)
  [Worker 3] episode 905 finished. (AvgLatErr: 0.4612, Steps: 184)
  [Worker 3] episode 906 finished. (AvgLatErr: 0.3229, Steps: 185)
  [Worker 3] episode 907 finished. (AvgLatErr: 0.4407, Steps: 198)
  [Worker 3] episode 908 finished. (AvgLatErr: 0.2560, Steps: 187)
  [Worker 3] episode 909 finished. (AvgLatErr: 0.3129, Steps: 184)
[Worker 3].
[Main] workers finished. (elapsed: 98.80s)
[Main] Aggregation-selected agents: [0, 1, 2, 3]
[Main] FedAdagrad update completed.
[Main] Replay buffers reset after global model update.
============================================================================================
909 EP / Agent 0 : Avg Lat Err 0.4646
909 EP / Agent 1 : Avg Lat Err 0.2307
909 EP / Agent 2 : Avg Lat Err 0.4228
909 EP / Agent 3 : Avg Lat Err 0.3129
============================================================================================

============================================================================================
[Main] FL round started. (episode 910 ~ 919)
[Main] Client selection: mode=all, budget=4
[Main] Participating agents: [0, 1, 2, 3]
[Worker 0] TensorFlow device=GPU, mixed_precision=mixed_float16
[Worker 0] Random seed fixed: 100951
[Worker 0] started on GPU.
  [Worker 0] episode 910 finished. (AvgLatErr: 0.6216, Steps: 128)
  [Worker 0] episode 911 finished. (AvgLatErr: 0.7131, Steps: 149)
  [Worker 0] episode 912 finished. (AvgLatErr: 0.6377, Steps: 132)
  [Worker 0] episode 913 finished. (AvgLatErr: 0.8746, Steps: 135)
  [Worker 0] episode 914 finished. (AvgLatErr: 1.0009, Steps: 139)
  [Worker 0] episode 915 finished. (AvgLatErr: 0.5804, Steps: 140)
  [Worker 0] episode 916 finished. (AvgLatErr: 0.5868, Steps: 128)
  [Worker 0] episode 917 finished. (AvgLatErr: 1.1400, Steps: 138)
  [Worker 0] episode 918 finished. (AvgLatErr: 0.6115, Steps: 132)
  [Worker 0] episode 919 finished. (AvgLatErr: 1.2313, Steps: 144)
[Worker 0].
[Worker 1] TensorFlow device=GPU, mixed_precision=mixed_float16
[Worker 1] Random seed fixed: 200951
[Worker 1] started on GPU.
  [Worker 1] episode 910 finished. (AvgLatErr: 0.1184, Steps: 139)
  [Worker 1] episode 911 finished. (AvgLatErr: 0.1479, Steps: 158)
  [Worker 1] episode 912 finished. (AvgLatErr: 0.1364, Steps: 146)
  [Worker 1] episode 913 finished. (AvgLatErr: 0.1285, Steps: 132)
  [Worker 1] episode 914 finished. (AvgLatErr: 0.1675, Steps: 129)
  [Worker 1] episode 915 finished. (AvgLatErr: 0.1675, Steps: 129)
  [Worker 1] episode 916 finished. (AvgLatErr: 0.1913, Steps: 146)
  [Worker 1] episode 917 finished. (AvgLatErr: 0.2296, Steps: 123)
  [Worker 1] episode 918 finished. (AvgLatErr: 0.2911, Steps: 147)
  [Worker 1] episode 919 finished. (AvgLatErr: 0.2341, Steps: 127)
[Worker 1].
[Worker 2] TensorFlow device=GPU, mixed_precision=mixed_float16
[Worker 2] Random seed fixed: 300951
[Worker 2] started on GPU.
  [Worker 2] episode 910 finished. (AvgLatErr: 0.2742, Steps: 146)
  [Worker 2] episode 911 finished. (AvgLatErr: 0.5562, Steps: 140)
  [Worker 2] episode 912 finished. (AvgLatErr: 0.3504, Steps: 136)
  [Worker 2] episode 913 finished. (AvgLatErr: 0.1564, Steps: 168)
  [Worker 2] episode 914 finished. (AvgLatErr: 0.2182, Steps: 141)
  [Worker 2] episode 915 finished. (AvgLatErr: 0.4065, Steps: 133)
  [Worker 2] episode 916 finished. (AvgLatErr: 0.4847, Steps: 140)
  [Worker 2] episode 917 finished. (AvgLatErr: 4.5149, Steps: 200)
  [Worker 2] episode 918 finished. (AvgLatErr: 0.2882, Steps: 133)
  [Worker 2] episode 919 finished. (AvgLatErr: 0.3862, Steps: 148)
[Worker 2].
[Worker 3] TensorFlow device=GPU, mixed_precision=mixed_float16
[Worker 3] Random seed fixed: 400951
[Worker 3] started on GPU.
  [Worker 3] episode 910 finished. (AvgLatErr: 0.3342, Steps: 188)
  [Worker 3] episode 911 finished. (AvgLatErr: 0.7317, Steps: 189)
  [Worker 3] episode 912 finished. (AvgLatErr: 0.4744, Steps: 176)
  [Worker 3] episode 913 finished. (AvgLatErr: 0.3113, Steps: 182)
  [Worker 3] episode 914 finished. (AvgLatErr: 0.2894, Steps: 188)
  [Worker 3] episode 915 finished. (AvgLatErr: 0.3414, Steps: 183)
  [Worker 3] episode 916 finished. (AvgLatErr: 0.4427, Steps: 185)
  [Worker 3] episode 917 finished. (AvgLatErr: 0.4337, Steps: 174)
  [Worker 3] episode 918 finished. (AvgLatErr: 0.5230, Steps: 177)
  [Worker 3] episode 919 finished. (AvgLatErr: 0.3228, Steps: 188)
[Worker 3].
[Main] workers finished. (elapsed: 100.22s)
[Main] Aggregation-selected agents: [0, 1, 2, 3]
[Main] FedAdagrad update completed.
[Main] Replay buffers reset after global model update.
============================================================================================
919 EP / Agent 0 : Avg Lat Err 1.2313
919 EP / Agent 1 : Avg Lat Err 0.2341
919 EP / Agent 2 : Avg Lat Err 0.3862
919 EP / Agent 3 : Avg Lat Err 0.3228
============================================================================================

============================================================================================
[Main] FL round started. (episode 920 ~ 929)
[Main] Client selection: mode=all, budget=4
[Main] Participating agents: [0, 1, 2, 3]
[Worker 1] TensorFlow device=GPU, mixed_precision=mixed_float16
[Worker 1] Random seed fixed: 200961
[Worker 1] started on GPU.
  [Worker 1] episode 920 finished. (AvgLatErr: 0.1483, Steps: 129)
  [Worker 1] episode 921 finished. (AvgLatErr: 0.2120, Steps: 136)
  [Worker 1] episode 922 finished. (AvgLatErr: 0.2385, Steps: 131)
  [Worker 1] episode 923 finished. (AvgLatErr: 0.2372, Steps: 128)
  [Worker 1] episode 924 finished. (AvgLatErr: 0.1812, Steps: 127)
  [Worker 1] episode 925 finished. (AvgLatErr: 0.2389, Steps: 133)
  [Worker 1] episode 926 finished. (AvgLatErr: 0.2776, Steps: 123)
  [Worker 1] episode 927 finished. (AvgLatErr: 0.2716, Steps: 125)
  [Worker 1] episode 928 finished. (AvgLatErr: 0.1823, Steps: 113)
  [Worker 1] episode 929 finished. (AvgLatErr: 0.2617, Steps: 127)
[Worker 1].
[Worker 0] TensorFlow device=GPU, mixed_precision=mixed_float16
[Worker 0] Random seed fixed: 100961
[Worker 0] started on GPU.
  [Worker 0] episode 920 finished. (AvgLatErr: 0.6359, Steps: 133)
  [Worker 0] episode 921 finished. (AvgLatErr: 0.8712, Steps: 137)
  [Worker 0] episode 922 finished. (AvgLatErr: 0.5509, Steps: 131)
  [Worker 0] episode 923 finished. (AvgLatErr: 0.7495, Steps: 144)
  [Worker 0] episode 924 finished. (AvgLatErr: 0.6439, Steps: 140)
  [Worker 0] episode 925 finished. (AvgLatErr: 1.4109, Steps: 142)
  [Worker 0] episode 926 finished. (AvgLatErr: 0.5085, Steps: 136)
  [Worker 0] episode 927 finished. (AvgLatErr: 0.6214, Steps: 140)
  [Worker 0] episode 928 finished. (AvgLatErr: 0.4515, Steps: 141)
  [Worker 0] episode 929 finished. (AvgLatErr: 0.6196, Steps: 149)
[Worker 0].
[Worker 2] TensorFlow device=GPU, mixed_precision=mixed_float16
[Worker 2] Random seed fixed: 300961
[Worker 2] started on GPU.
  [Worker 2] episode 920 finished. (AvgLatErr: 0.3173, Steps: 135)
  [Worker 2] episode 921 finished. (AvgLatErr: 0.5604, Steps: 135)
  [Worker 2] episode 922 finished. (AvgLatErr: 0.3717, Steps: 136)
  [Worker 2] episode 923 finished. (AvgLatErr: 0.4234, Steps: 130)
  [Worker 2] episode 924 finished. (AvgLatErr: 0.3363, Steps: 135)
  [Worker 2] episode 925 finished. (AvgLatErr: 0.3961, Steps: 133)
  [Worker 2] episode 926 finished. (AvgLatErr: 0.3070, Steps: 139)
  [Worker 2] episode 927 finished. (AvgLatErr: 0.4974, Steps: 136)
  [Worker 2] episode 928 finished. (AvgLatErr: 0.4825, Steps: 133)
  [Worker 2] episode 929 finished. (AvgLatErr: 0.7702, Steps: 131)
[Worker 2].
[Worker 3] TensorFlow device=GPU, mixed_precision=mixed_float16
[Worker 3] Random seed fixed: 400961
[Worker 3] started on GPU.
  [Worker 3] episode 920 finished. (AvgLatErr: 0.3131, Steps: 183)
  [Worker 3] episode 921 finished. (AvgLatErr: 0.3870, Steps: 173)
  [Worker 3] episode 922 finished. (AvgLatErr: 0.4112, Steps: 184)
  [Worker 3] episode 923 finished. (AvgLatErr: 0.3806, Steps: 191)
  [Worker 3] episode 924 finished. (AvgLatErr: 0.2311, Steps: 188)
  [Worker 3] episode 925 finished. (AvgLatErr: 0.3405, Steps: 188)
  [Worker 3] episode 926 finished. (AvgLatErr: 0.2525, Steps: 182)
  [Worker 3] episode 927 finished. (AvgLatErr: 0.2774, Steps: 187)
  [Worker 3] episode 928 finished. (AvgLatErr: 0.2248, Steps: 200)
  [Worker 3] episode 929 finished. (AvgLatErr: 0.3224, Steps: 183)
[Worker 3].
[Main] workers finished. (elapsed: 88.92s)
[Main] Aggregation-selected agents: [0, 1, 2, 3]
[Main] FedAdagrad update completed.
[Main] Replay buffers reset after global model update.
============================================================================================
929 EP / Agent 0 : Avg Lat Err 0.6196
929 EP / Agent 1 : Avg Lat Err 0.2617
929 EP / Agent 2 : Avg Lat Err 0.7702
929 EP / Agent 3 : Avg Lat Err 0.3224
============================================================================================

============================================================================================
[Main] FL round started. (episode 930 ~ 939)
[Main] Client selection: mode=all, budget=4
[Main] Participating agents: [0, 1, 2, 3]
[Worker 0] TensorFlow device=GPU, mixed_precision=mixed_float16
[Worker 0] Random seed fixed: 100971
[Worker 0] started on GPU.
  [Worker 0] episode 930 finished. (AvgLatErr: 0.6196, Steps: 131)
  [Worker 0] episode 931 finished. (AvgLatErr: 0.7956, Steps: 135)
  [Worker 0] episode 932 finished. (AvgLatErr: 0.6382, Steps: 139)
  [Worker 0] episode 933 finished. (AvgLatErr: 0.6480, Steps: 148)
  [Worker 0] episode 934 finished. (AvgLatErr: 0.6058, Steps: 134)
  [Worker 0] episode 935 finished. (AvgLatErr: 0.9079, Steps: 126)
  [Worker 0] episode 936 finished. (AvgLatErr: 0.6384, Steps: 131)
  [Worker 0] episode 937 finished. (AvgLatErr: 0.7384, Steps: 152)
  [Worker 0] episode 938 finished. (AvgLatErr: 1.4408, Steps: 144)
  [Worker 0] episode 939 finished. (AvgLatErr: 0.8315, Steps: 129)
[Worker 0].
[Worker 1] TensorFlow device=GPU, mixed_precision=mixed_float16
[Worker 1] Random seed fixed: 200971
[Worker 1] started on GPU.
  [Worker 1] episode 930 finished. (AvgLatErr: 0.1289, Steps: 133)
  [Worker 1] episode 931 finished. (AvgLatErr: 0.1750, Steps: 147)
  [Worker 1] episode 932 finished. (AvgLatErr: 0.1895, Steps: 133)
  [Worker 1] episode 933 finished. (AvgLatErr: 0.1412, Steps: 143)
  [Worker 1] episode 934 finished. (AvgLatErr: 0.1742, Steps: 132)
  [Worker 1] episode 935 finished. (AvgLatErr: 0.1588, Steps: 135)
  [Worker 1] episode 936 finished. (AvgLatErr: 0.1190, Steps: 156)
  [Worker 1] episode 937 finished. (AvgLatErr: 0.2446, Steps: 131)
  [Worker 1] episode 938 finished. (AvgLatErr: 0.2709, Steps: 125)
  [Worker 1] episode 939 finished. (AvgLatErr: 0.1968, Steps: 133)
[Worker 1].
[Worker 2] TensorFlow device=GPU, mixed_precision=mixed_float16
[Worker 2] Random seed fixed: 300971
[Worker 2] started on GPU.
  [Worker 2] episode 930 finished. (AvgLatErr: 0.3196, Steps: 143)
  [Worker 2] episode 931 finished. (AvgLatErr: 0.3341, Steps: 137)
  [Worker 2] episode 932 finished. (AvgLatErr: 0.3134, Steps: 134)
  [Worker 2] episode 933 finished. (AvgLatErr: 0.4276, Steps: 134)
  [Worker 2] episode 934 finished. (AvgLatErr: 0.3280, Steps: 135)
  [Worker 2] episode 935 finished. (AvgLatErr: 0.2820, Steps: 136)
  [Worker 2] episode 936 finished. (AvgLatErr: 0.3597, Steps: 120)
  [Worker 2] episode 937 finished. (AvgLatErr: 0.5301, Steps: 155)
  [Worker 2] episode 938 finished. (AvgLatErr: 0.5609, Steps: 147)
  [Worker 2] episode 939 finished. (AvgLatErr: 0.6149, Steps: 136)
[Worker 2].
[Worker 3] TensorFlow device=GPU, mixed_precision=mixed_float16
[Worker 3] Random seed fixed: 400971
[Worker 3] started on GPU.
  [Worker 3] episode 930 finished. (AvgLatErr: 0.2941, Steps: 189)
  [Worker 3] episode 931 finished. (AvgLatErr: 0.3475, Steps: 181)
  [Worker 3] episode 932 finished. (AvgLatErr: 0.3296, Steps: 180)
  [Worker 3] episode 933 finished. (AvgLatErr: 0.4294, Steps: 176)
  [Worker 3] episode 934 finished. (AvgLatErr: 0.3049, Steps: 175)
  [Worker 3] episode 935 finished. (AvgLatErr: 0.2506, Steps: 176)
  [Worker 3] episode 936 finished. (AvgLatErr: 0.3353, Steps: 180)
  [Worker 3] episode 937 finished. (AvgLatErr: 0.4513, Steps: 186)
  [Worker 3] episode 938 finished. (AvgLatErr: 0.3700, Steps: 179)
  [Worker 3] episode 939 finished. (AvgLatErr: 0.2533, Steps: 184)
[Worker 3].
[Main] workers finished. (elapsed: 71.07s)
[Main] Aggregation-selected agents: [0, 1, 2, 3]
[Main] FedAdagrad update completed.
[Main] Replay buffers reset after global model update.
============================================================================================
939 EP / Agent 0 : Avg Lat Err 0.8315
939 EP / Agent 1 : Avg Lat Err 0.1968
939 EP / Agent 2 : Avg Lat Err 0.6149
939 EP / Agent 3 : Avg Lat Err 0.2533
============================================================================================

============================================================================================
[Main] FL round started. (episode 940 ~ 949)
[Main] Client selection: mode=all, budget=4
[Main] Participating agents: [0, 1, 2, 3]
[Worker 0] TensorFlow device=GPU, mixed_precision=mixed_float16
[Worker 0] Random seed fixed: 100981
[Worker 0] started on GPU.
  [Worker 0] episode 940 finished. (AvgLatErr: 0.6835, Steps: 134)
  [Worker 0] episode 941 finished. (AvgLatErr: 0.8345, Steps: 152)
  [Worker 0] episode 942 finished. (AvgLatErr: 0.8316, Steps: 126)
  [Worker 0] episode 943 finished. (AvgLatErr: 0.7022, Steps: 144)
  [Worker 0] episode 944 finished. (AvgLatErr: 0.5107, Steps: 135)
  [Worker 0] episode 945 finished. (AvgLatErr: 0.7163, Steps: 127)
  [Worker 0] episode 946 finished. (AvgLatErr: 0.8126, Steps: 144)
  [Worker 0] episode 947 finished. (AvgLatErr: 1.0365, Steps: 146)
  [Worker 0] episode 948 finished. (AvgLatErr: 0.5502, Steps: 143)
  [Worker 0] episode 949 finished. (AvgLatErr: 1.2160, Steps: 137)
[Worker 0].
[Worker 1] TensorFlow device=GPU, mixed_precision=mixed_float16
[Worker 1] Random seed fixed: 200981
[Worker 1] started on GPU.
  [Worker 1] episode 940 finished. (AvgLatErr: 0.3253, Steps: 131)
  [Worker 1] episode 941 finished. (AvgLatErr: 0.2858, Steps: 128)
  [Worker 1] episode 942 finished. (AvgLatErr: 0.1251, Steps: 153)
  [Worker 1] episode 943 finished. (AvgLatErr: 0.1525, Steps: 163)
  [Worker 1] episode 944 finished. (AvgLatErr: 0.1134, Steps: 149)
  [Worker 1] episode 945 finished. (AvgLatErr: 0.1649, Steps: 126)
  [Worker 1] episode 946 finished. (AvgLatErr: 0.1391, Steps: 136)
  [Worker 1] episode 947 finished. (AvgLatErr: 0.1169, Steps: 143)
  [Worker 1] episode 948 finished. (AvgLatErr: 0.3225, Steps: 121)
  [Worker 1] episode 949 finished. (AvgLatErr: 0.1818, Steps: 125)
[Worker 1].
[Worker 2] TensorFlow device=GPU, mixed_precision=mixed_float16
[Worker 2] Random seed fixed: 300981
[Worker 2] started on GPU.
  [Worker 2] episode 940 finished. (AvgLatErr: 0.5151, Steps: 130)
  [Worker 2] episode 941 finished. (AvgLatErr: 0.3123, Steps: 128)
  [Worker 2] episode 942 finished. (AvgLatErr: 0.3581, Steps: 137)
  [Worker 2] episode 943 finished. (AvgLatErr: 0.3654, Steps: 142)
  [Worker 2] episode 944 finished. (AvgLatErr: 0.2765, Steps: 136)
  [Worker 2] episode 945 finished. (AvgLatErr: 0.2677, Steps: 141)
  [Worker 2] episode 946 finished. (AvgLatErr: 0.2948, Steps: 133)
  [Worker 2] episode 947 finished. (AvgLatErr: 0.2764, Steps: 130)
  [Worker 2] episode 948 finished. (AvgLatErr: 0.3195, Steps: 132)
  [Worker 2] episode 949 finished. (AvgLatErr: 0.1494, Steps: 151)
[Worker 2].
[Worker 3] TensorFlow device=GPU, mixed_precision=mixed_float16
[Worker 3] Random seed fixed: 400981
[Worker 3] started on GPU.
  [Worker 3] episode 940 finished. (AvgLatErr: 0.2437, Steps: 186)
  [Worker 3] episode 941 finished. (AvgLatErr: 0.4758, Steps: 186)
  [Worker 3] episode 942 finished. (AvgLatErr: 0.3662, Steps: 178)
  [Worker 3] episode 943 finished. (AvgLatErr: 0.2131, Steps: 199)
  [Worker 3] episode 944 finished. (AvgLatErr: 0.2704, Steps: 199)
  [Worker 3] episode 945 finished. (AvgLatErr: 0.4088, Steps: 179)
  [Worker 3] episode 946 finished. (AvgLatErr: 0.3048, Steps: 191)
  [Worker 3] episode 947 finished. (AvgLatErr: 0.3796, Steps: 198)
  [Worker 3] episode 948 finished. (AvgLatErr: 0.4313, Steps: 200)
  [Worker 3] episode 949 finished. (AvgLatErr: 0.5256, Steps: 179)
[Worker 3].
[Main] workers finished. (elapsed: 78.80s)
[Main] Aggregation-selected agents: [0, 1, 2, 3]
[Main] FedAdagrad update completed.
[Main] Replay buffers reset after global model update.
============================================================================================
949 EP / Agent 0 : Avg Lat Err 1.2160
949 EP / Agent 1 : Avg Lat Err 0.1818
949 EP / Agent 2 : Avg Lat Err 0.1494
949 EP / Agent 3 : Avg Lat Err 0.5256
============================================================================================
[Main] Model checkpoint saved: C:\Users\syd79\FRL-Q\experiments\optimized_fedadagrad_4all_20260916_run1_all_4of4\checkpoints\global_model_episode_000950.weights.h5

============================================================================================
[Main] FL round started. (episode 950 ~ 959)
[Main] Client selection: mode=all, budget=4
[Main] Participating agents: [0, 1, 2, 3]
[Worker 0] TensorFlow device=GPU, mixed_precision=mixed_float16
[Worker 0] Random seed fixed: 100991
[Worker 0] started on GPU.
  [Worker 0] episode 950 finished. (AvgLatErr: 0.4014, Steps: 135)
  [Worker 0] episode 951 finished. (AvgLatErr: 0.5454, Steps: 140)
  [Worker 0] episode 952 finished. (AvgLatErr: 0.5682, Steps: 135)
  [Worker 0] episode 953 finished. (AvgLatErr: 0.4797, Steps: 126)
  [Worker 0] episode 954 finished. (AvgLatErr: 0.3676, Steps: 139)
  [Worker 0] episode 955 finished. (AvgLatErr: 0.7113, Steps: 136)
  [Worker 0] episode 956 finished. (AvgLatErr: 0.5131, Steps: 148)
  [Worker 0] episode 957 finished. (AvgLatErr: 0.5143, Steps: 145)
  [Worker 0] episode 958 finished. (AvgLatErr: 0.4887, Steps: 143)
  [Worker 0] episode 959 finished. (AvgLatErr: 0.6488, Steps: 146)
[Worker 0].
[Worker 1] TensorFlow device=GPU, mixed_precision=mixed_float16
[Worker 1] Random seed fixed: 200991
[Worker 1] started on GPU.
  [Worker 1] episode 950 finished. (AvgLatErr: 0.1671, Steps: 153)
  [Worker 1] episode 951 finished. (AvgLatErr: 0.1355, Steps: 135)
  [Worker 1] episode 952 finished. (AvgLatErr: 0.1515, Steps: 139)
  [Worker 1] episode 953 finished. (AvgLatErr: 0.1398, Steps: 142)
  [Worker 1] episode 954 finished. (AvgLatErr: 0.1660, Steps: 138)
  [Worker 1] episode 955 finished. (AvgLatErr: 0.1694, Steps: 123)
  [Worker 1] episode 956 finished. (AvgLatErr: 0.1396, Steps: 142)
  [Worker 1] episode 957 finished. (AvgLatErr: 0.1052, Steps: 137)
  [Worker 1] episode 958 finished. (AvgLatErr: 0.1451, Steps: 128)
  [Worker 1] episode 959 finished. (AvgLatErr: 0.1710, Steps: 151)
[Worker 1].
[Worker 2] TensorFlow device=GPU, mixed_precision=mixed_float16
[Worker 2] Random seed fixed: 300991
[Worker 2] started on GPU.
  [Worker 2] episode 950 finished. (AvgLatErr: 0.1982, Steps: 135)
  [Worker 2] episode 951 finished. (AvgLatErr: 0.2117, Steps: 134)
  [Worker 2] episode 952 finished. (AvgLatErr: 0.2988, Steps: 149)
  [Worker 2] episode 953 finished. (AvgLatErr: 0.3230, Steps: 119)
  [Worker 2] episode 954 finished. (AvgLatErr: 0.3692, Steps: 134)
  [Worker 2] episode 955 finished. (AvgLatErr: 0.3510, Steps: 126)
  [Worker 2] episode 956 finished. (AvgLatErr: 0.3269, Steps: 131)
  [Worker 2] episode 957 finished. (AvgLatErr: 0.2935, Steps: 134)
  [Worker 2] episode 958 finished. (AvgLatErr: 0.4372, Steps: 124)
  [Worker 2] episode 959 finished. (AvgLatErr: 0.3745, Steps: 126)
[Worker 2].
[Worker 3] TensorFlow device=GPU, mixed_precision=mixed_float16
[Worker 3] Random seed fixed: 400991
[Worker 3] started on GPU.
  [Worker 3] episode 950 finished. (AvgLatErr: 0.3417, Steps: 191)
  [Worker 3] episode 951 finished. (AvgLatErr: 0.3352, Steps: 194)
  [Worker 3] episode 952 finished. (AvgLatErr: 0.4630, Steps: 193)
  [Worker 3] episode 953 finished. (AvgLatErr: 0.2929, Steps: 177)
  [Worker 3] episode 954 finished. (AvgLatErr: 0.3841, Steps: 188)
  [Worker 3] episode 955 finished. (AvgLatErr: 0.3578, Steps: 180)
  [Worker 3] episode 956 finished. (AvgLatErr: 0.4971, Steps: 182)
  [Worker 3] episode 957 finished. (AvgLatErr: 0.3071, Steps: 179)
  [Worker 3] episode 958 finished. (AvgLatErr: 0.4257, Steps: 175)
  [Worker 3] episode 959 finished. (AvgLatErr: 0.6859, Steps: 188)
[Worker 3].
[Main] workers finished. (elapsed: 98.71s)
[Main] Aggregation-selected agents: [0, 1, 2, 3]
[Main] FedAdagrad update completed.
[Main] Replay buffers reset after global model update.
============================================================================================
959 EP / Agent 0 : Avg Lat Err 0.6488
959 EP / Agent 1 : Avg Lat Err 0.1710
959 EP / Agent 2 : Avg Lat Err 0.3745
959 EP / Agent 3 : Avg Lat Err 0.6859
============================================================================================

============================================================================================
[Main] FL round started. (episode 960 ~ 969)
[Main] Client selection: mode=all, budget=4
[Main] Participating agents: [0, 1, 2, 3]
[Worker 0] TensorFlow device=GPU, mixed_precision=mixed_float16
[Worker 0] Random seed fixed: 101001
[Worker 0] started on GPU.
  [Worker 0] episode 960 finished. (AvgLatErr: 0.7710, Steps: 136)
  [Worker 0] episode 961 finished. (AvgLatErr: 0.7121, Steps: 134)
  [Worker 0] episode 962 finished. (AvgLatErr: 0.9183, Steps: 134)
  [Worker 0] episode 963 finished. (AvgLatErr: 0.6099, Steps: 130)
  [Worker 0] episode 964 finished. (AvgLatErr: 0.5948, Steps: 130)
  [Worker 0] episode 965 finished. (AvgLatErr: 0.6138, Steps: 135)
  [Worker 0] episode 966 finished. (AvgLatErr: 0.8554, Steps: 145)
  [Worker 0] episode 967 finished. (AvgLatErr: 0.8350, Steps: 142)
  [Worker 0] episode 968 finished. (AvgLatErr: 0.9430, Steps: 141)
  [Worker 0] episode 969 finished. (AvgLatErr: 0.8438, Steps: 135)
[Worker 0].
[Worker 1] TensorFlow device=GPU, mixed_precision=mixed_float16
[Worker 1] Random seed fixed: 201001
[Worker 1] started on GPU.
  [Worker 1] episode 960 finished. (AvgLatErr: 0.2422, Steps: 139)
  [Worker 1] episode 961 finished. (AvgLatErr: 0.1725, Steps: 120)
  [Worker 1] episode 962 finished. (AvgLatErr: 0.1222, Steps: 144)
  [Worker 1] episode 963 finished. (AvgLatErr: 0.1183, Steps: 148)
  [Worker 1] episode 964 finished. (AvgLatErr: 0.1134, Steps: 149)
  [Worker 1] episode 965 finished. (AvgLatErr: 0.1428, Steps: 143)
  [Worker 1] episode 966 finished. (AvgLatErr: 0.1517, Steps: 130)
  [Worker 1] episode 967 finished. (AvgLatErr: 0.1724, Steps: 140)
  [Worker 1] episode 968 finished. (AvgLatErr: 0.1780, Steps: 149)
  [Worker 1] episode 969 finished. (AvgLatErr: 0.1056, Steps: 141)
[Worker 1].
[Worker 2] TensorFlow device=GPU, mixed_precision=mixed_float16
[Worker 2] Random seed fixed: 301001
[Worker 2] started on GPU.
  [Worker 2] episode 960 finished. (AvgLatErr: 0.3463, Steps: 138)
  [Worker 2] episode 961 finished. (AvgLatErr: 0.2385, Steps: 141)
  [Worker 2] episode 962 finished. (AvgLatErr: 0.2893, Steps: 151)
  [Worker 2] episode 963 finished. (AvgLatErr: 0.4050, Steps: 151)
  [Worker 2] episode 964 finished. (AvgLatErr: 0.4519, Steps: 132)
  [Worker 2] episode 965 finished. (AvgLatErr: 0.3287, Steps: 141)
  [Worker 2] episode 966 finished. (AvgLatErr: 0.4362, Steps: 135)
  [Worker 2] episode 967 finished. (AvgLatErr: 1.2077, Steps: 135)
  [Worker 2] episode 968 finished. (AvgLatErr: 0.3803, Steps: 116)
  [Worker 2] episode 969 finished. (AvgLatErr: 0.4663, Steps: 123)
[Worker 2].
[Worker 3] TensorFlow device=GPU, mixed_precision=mixed_float16
[Worker 3] Random seed fixed: 401001
[Worker 3] started on GPU.
  [Worker 3] episode 960 finished. (AvgLatErr: 0.2944, Steps: 189)
  [Worker 3] episode 961 finished. (AvgLatErr: 0.3687, Steps: 172)
  [Worker 3] episode 962 finished. (AvgLatErr: 0.3792, Steps: 176)
  [Worker 3] episode 963 finished. (AvgLatErr: 0.6798, Steps: 173)
  [Worker 3] episode 964 finished. (AvgLatErr: 0.5017, Steps: 179)
  [Worker 3] episode 965 finished. (AvgLatErr: 0.5039, Steps: 175)
  [Worker 3] episode 966 finished. (AvgLatErr: 0.4741, Steps: 188)
  [Worker 3] episode 967 finished. (AvgLatErr: 0.3695, Steps: 176)
  [Worker 3] episode 968 finished. (AvgLatErr: 0.3257, Steps: 179)
  [Worker 3] episode 969 finished. (AvgLatErr: 0.5231, Steps: 177)
[Worker 3].
[Main] workers finished. (elapsed: 97.33s)
[Main] Aggregation-selected agents: [0, 1, 2, 3]
[Main] FedAdagrad update completed.
[Main] Replay buffers reset after global model update.
============================================================================================
969 EP / Agent 0 : Avg Lat Err 0.8438
969 EP / Agent 1 : Avg Lat Err 0.1056
969 EP / Agent 2 : Avg Lat Err 0.4663
969 EP / Agent 3 : Avg Lat Err 0.5231
============================================================================================

============================================================================================
[Main] FL round started. (episode 970 ~ 979)
[Main] Client selection: mode=all, budget=4
[Main] Participating agents: [0, 1, 2, 3]
[Worker 1] TensorFlow device=GPU, mixed_precision=mixed_float16
[Worker 1] Random seed fixed: 201011
[Worker 1] started on GPU.
  [Worker 1] episode 970 finished. (AvgLatErr: 0.3688, Steps: 138)
  [Worker 1] episode 971 finished. (AvgLatErr: 0.2902, Steps: 126)
  [Worker 1] episode 972 finished. (AvgLatErr: 0.2933, Steps: 137)
  [Worker 1] episode 973 finished. (AvgLatErr: 0.1896, Steps: 111)
  [Worker 1] episode 974 finished. (AvgLatErr: 0.1861, Steps: 111)
  [Worker 1] episode 975 finished. (AvgLatErr: 0.2066, Steps: 133)
  [Worker 1] episode 976 finished. (AvgLatErr: 0.1729, Steps: 138)
  [Worker 1] episode 977 finished. (AvgLatErr: 0.2279, Steps: 116)
  [Worker 1] episode 978 finished. (AvgLatErr: 0.1620, Steps: 122)
  [Worker 1] episode 979 finished. (AvgLatErr: 0.2449, Steps: 126)
[Worker 1].
[Worker 0] TensorFlow device=GPU, mixed_precision=mixed_float16
[Worker 0] Random seed fixed: 101011
[Worker 0] started on GPU.
  [Worker 0] episode 970 finished. (AvgLatErr: 0.6370, Steps: 135)
  [Worker 0] episode 971 finished. (AvgLatErr: 0.6623, Steps: 137)
  [Worker 0] episode 972 finished. (AvgLatErr: 0.5367, Steps: 145)
  [Worker 0] episode 973 finished. (AvgLatErr: 0.7675, Steps: 138)
  [Worker 0] episode 974 finished. (AvgLatErr: 0.5696, Steps: 137)
  [Worker 0] episode 975 finished. (AvgLatErr: 0.7031, Steps: 143)
  [Worker 0] episode 976 finished. (AvgLatErr: 0.7977, Steps: 134)
  [Worker 0] episode 977 finished. (AvgLatErr: 1.0566, Steps: 143)
  [Worker 0] episode 978 finished. (AvgLatErr: 0.6509, Steps: 139)
  [Worker 0] episode 979 finished. (AvgLatErr: 0.9210, Steps: 147)
[Worker 0].
[Worker 2] TensorFlow device=GPU, mixed_precision=mixed_float16
[Worker 2] Random seed fixed: 301011
[Worker 2] started on GPU.
  [Worker 2] episode 970 finished. (AvgLatErr: 0.2896, Steps: 130)
  [Worker 2] episode 971 finished. (AvgLatErr: 0.4146, Steps: 152)
  [Worker 2] episode 972 finished. (AvgLatErr: 0.2976, Steps: 141)
  [Worker 2] episode 973 finished. (AvgLatErr: 0.2661, Steps: 135)
  [Worker 2] episode 974 finished. (AvgLatErr: 0.2653, Steps: 143)
  [Worker 2] episode 975 finished. (AvgLatErr: 0.2688, Steps: 135)
  [Worker 2] episode 976 finished. (AvgLatErr: 0.3064, Steps: 139)
  [Worker 2] episode 977 finished. (AvgLatErr: 0.4451, Steps: 151)
  [Worker 2] episode 978 finished. (AvgLatErr: 0.2722, Steps: 135)
  [Worker 2] episode 979 finished. (AvgLatErr: 0.3512, Steps: 132)
[Worker 2].
[Worker 3] TensorFlow device=GPU, mixed_precision=mixed_float16
[Worker 3] Random seed fixed: 401011
[Worker 3] started on GPU.
  [Worker 3] episode 970 finished. (AvgLatErr: 0.4577, Steps: 178)
  [Worker 3] episode 971 finished. (AvgLatErr: 0.5088, Steps: 175)
  [Worker 3] episode 972 finished. (AvgLatErr: 0.8098, Steps: 175)
  [Worker 3] episode 973 finished. (AvgLatErr: 1.2737, Steps: 186)
  [Worker 3] episode 974 finished. (AvgLatErr: 0.2809, Steps: 186)
  [Worker 3] episode 975 finished. (AvgLatErr: 0.5134, Steps: 173)
  [Worker 3] episode 976 finished. (AvgLatErr: 0.4250, Steps: 173)
  [Worker 3] episode 977 finished. (AvgLatErr: 0.4620, Steps: 184)
  [Worker 3] episode 978 finished. (AvgLatErr: 0.5250, Steps: 169)
  [Worker 3] episode 979 finished. (AvgLatErr: 0.7157, Steps: 174)
[Worker 3].
[Main] workers finished. (elapsed: 83.99s)
[Main] Aggregation-selected agents: [0, 1, 2, 3]
[Main] FedAdagrad update completed.
[Main] Replay buffers reset after global model update.
============================================================================================
979 EP / Agent 0 : Avg Lat Err 0.9210
979 EP / Agent 1 : Avg Lat Err 0.2449
979 EP / Agent 2 : Avg Lat Err 0.3512
979 EP / Agent 3 : Avg Lat Err 0.7157
============================================================================================

============================================================================================
[Main] FL round started. (episode 980 ~ 989)
[Main] Client selection: mode=all, budget=4
[Main] Participating agents: [0, 1, 2, 3]
[Worker 0] TensorFlow device=GPU, mixed_precision=mixed_float16
[Worker 0] Random seed fixed: 101021
[Worker 0] started on GPU.
  [Worker 0] episode 980 finished. (AvgLatErr: 0.5927, Steps: 129)
  [Worker 0] episode 981 finished. (AvgLatErr: 0.6713, Steps: 144)
  [Worker 0] episode 982 finished. (AvgLatErr: 0.7385, Steps: 144)
  [Worker 0] episode 983 finished. (AvgLatErr: 0.9858, Steps: 148)
  [Worker 0] episode 984 finished. (AvgLatErr: 0.5504, Steps: 137)
  [Worker 0] episode 985 finished. (AvgLatErr: 0.4218, Steps: 155)
  [Worker 0] episode 986 finished. (AvgLatErr: 0.7343, Steps: 140)
  [Worker 0] episode 987 finished. (AvgLatErr: 0.9795, Steps: 137)
  [Worker 0] episode 988 finished. (AvgLatErr: 0.5000, Steps: 148)
  [Worker 0] episode 989 finished. (AvgLatErr: 0.8911, Steps: 131)
[Worker 0].
[Worker 1] TensorFlow device=GPU, mixed_precision=mixed_float16
[Worker 1] Random seed fixed: 201021
[Worker 1] started on GPU.
  [Worker 1] episode 980 finished. (AvgLatErr: 0.2613, Steps: 138)
  [Worker 1] episode 981 finished. (AvgLatErr: 0.2272, Steps: 125)
  [Worker 1] episode 982 finished. (AvgLatErr: 0.1836, Steps: 126)
  [Worker 1] episode 983 finished. (AvgLatErr: 0.1364, Steps: 140)
  [Worker 1] episode 984 finished. (AvgLatErr: 0.1476, Steps: 128)
  [Worker 1] episode 985 finished. (AvgLatErr: 0.1955, Steps: 131)
  [Worker 1] episode 986 finished. (AvgLatErr: 0.2115, Steps: 128)
  [Worker 1] episode 987 finished. (AvgLatErr: 0.2309, Steps: 149)
  [Worker 1] episode 988 finished. (AvgLatErr: 0.2269, Steps: 127)
  [Worker 1] episode 989 finished. (AvgLatErr: 0.2430, Steps: 126)
[Worker 1].
[Worker 2] TensorFlow device=GPU, mixed_precision=mixed_float16
[Worker 2] Random seed fixed: 301021
[Worker 2] started on GPU.
  [Worker 2] episode 980 finished. (AvgLatErr: 0.3088, Steps: 152)
  [Worker 2] episode 981 finished. (AvgLatErr: 0.1930, Steps: 137)
  [Worker 2] episode 982 finished. (AvgLatErr: 0.1879, Steps: 159)
  [Worker 2] episode 983 finished. (AvgLatErr: 0.2936, Steps: 137)
  [Worker 2] episode 984 finished. (AvgLatErr: 0.2727, Steps: 143)
  [Worker 2] episode 985 finished. (AvgLatErr: 0.4321, Steps: 142)
  [Worker 2] episode 986 finished. (AvgLatErr: 0.2598, Steps: 124)
  [Worker 2] episode 987 finished. (AvgLatErr: 0.4197, Steps: 130)
  [Worker 2] episode 988 finished. (AvgLatErr: 0.2726, Steps: 136)
  [Worker 2] episode 989 finished. (AvgLatErr: 0.2613, Steps: 128)
[Worker 2].
[Worker 3] TensorFlow device=GPU, mixed_precision=mixed_float16
[Worker 3] Random seed fixed: 401021
[Worker 3] started on GPU.
  [Worker 3] episode 980 finished. (AvgLatErr: 0.3034, Steps: 192)
  [Worker 3] episode 981 finished. (AvgLatErr: 0.2844, Steps: 200)
  [Worker 3] episode 982 finished. (AvgLatErr: 0.3793, Steps: 188)
  [Worker 3] episode 983 finished. (AvgLatErr: 0.2588, Steps: 186)
  [Worker 3] episode 984 finished. (AvgLatErr: 0.4355, Steps: 183)
  [Worker 3] episode 985 finished. (AvgLatErr: 0.2588, Steps: 184)
  [Worker 3] episode 986 finished. (AvgLatErr: 0.3936, Steps: 180)
  [Worker 3] episode 987 finished. (AvgLatErr: 0.2812, Steps: 178)
  [Worker 3] episode 988 finished. (AvgLatErr: 0.5959, Steps: 179)
  [Worker 3] episode 989 finished. (AvgLatErr: 0.3635, Steps: 180)
[Worker 3].
[Main] workers finished. (elapsed: 72.15s)
[Main] Aggregation-selected agents: [0, 1, 2, 3]
[Main] FedAdagrad update completed.
[Main] Replay buffers reset after global model update.
============================================================================================
989 EP / Agent 0 : Avg Lat Err 0.8911
989 EP / Agent 1 : Avg Lat Err 0.2430
989 EP / Agent 2 : Avg Lat Err 0.2613
989 EP / Agent 3 : Avg Lat Err 0.3635
============================================================================================

============================================================================================
[Main] FL round started. (episode 990 ~ 999)
[Main] Client selection: mode=all, budget=4
[Main] Participating agents: [0, 1, 2, 3]
[Worker 0] TensorFlow device=GPU, mixed_precision=mixed_float16
[Worker 0] Random seed fixed: 101031
[Worker 0] started on GPU.
  [Worker 0] episode 990 finished. (AvgLatErr: 0.7959, Steps: 132)
  [Worker 0] episode 991 finished. (AvgLatErr: 0.7136, Steps: 145)
  [Worker 0] episode 992 finished. (AvgLatErr: 0.4192, Steps: 131)
  [Worker 0] episode 993 finished. (AvgLatErr: 0.8674, Steps: 145)
  [Worker 0] episode 994 finished. (AvgLatErr: 0.5140, Steps: 137)
  [Worker 0] episode 995 finished. (AvgLatErr: 1.2187, Steps: 144)
  [Worker 0] episode 996 finished. (AvgLatErr: 0.6848, Steps: 134)
  [Worker 0] episode 997 finished. (AvgLatErr: 0.5282, Steps: 135)
  [Worker 0] episode 998 finished. (AvgLatErr: 0.7192, Steps: 140)
  [Worker 0] episode 999 finished. (AvgLatErr: 0.6005, Steps: 141)
[Worker 0].
[Worker 1] TensorFlow device=GPU, mixed_precision=mixed_float16
[Worker 1] Random seed fixed: 201031
[Worker 1] started on GPU.
  [Worker 1] episode 990 finished. (AvgLatErr: 0.1323, Steps: 153)
  [Worker 1] episode 991 finished. (AvgLatErr: 0.1219, Steps: 139)
  [Worker 1] episode 992 finished. (AvgLatErr: 0.2307, Steps: 150)
  [Worker 1] episode 993 finished. (AvgLatErr: 0.1092, Steps: 137)
  [Worker 1] episode 994 finished. (AvgLatErr: 0.1409, Steps: 158)
  [Worker 1] episode 995 finished. (AvgLatErr: 0.1618, Steps: 124)
  [Worker 1] episode 996 finished. (AvgLatErr: 0.1259, Steps: 144)
  [Worker 1] episode 997 finished. (AvgLatErr: 0.1288, Steps: 131)
  [Worker 1] episode 998 finished. (AvgLatErr: 0.1192, Steps: 131)
  [Worker 1] episode 999 finished. (AvgLatErr: 0.1778, Steps: 132)
[Worker 1].
[Worker 2] TensorFlow device=GPU, mixed_precision=mixed_float16
[Worker 2] Random seed fixed: 301031
[Worker 2] started on GPU.
  [Worker 2] episode 990 finished. (AvgLatErr: 0.4892, Steps: 139)
  [Worker 2] episode 991 finished. (AvgLatErr: 0.2077, Steps: 151)
  [Worker 2] episode 992 finished. (AvgLatErr: 0.3015, Steps: 135)
  [Worker 2] episode 993 finished. (AvgLatErr: 0.1918, Steps: 138)
  [Worker 2] episode 994 finished. (AvgLatErr: 0.2059, Steps: 140)
  [Worker 2] episode 995 finished. (AvgLatErr: 0.2790, Steps: 143)
  [Worker 2] episode 996 finished. (AvgLatErr: 0.2883, Steps: 126)
  [Worker 2] episode 997 finished. (AvgLatErr: 0.2324, Steps: 137)
  [Worker 2] episode 998 finished. (AvgLatErr: 0.3413, Steps: 139)
  [Worker 2] episode 999 finished. (AvgLatErr: 0.3227, Steps: 126)
[Worker 2].
[Worker 3] TensorFlow device=GPU, mixed_precision=mixed_float16
[Worker 3] Random seed fixed: 401031
[Worker 3] started on GPU.
  [Worker 3] episode 990 finished. (AvgLatErr: 0.3009, Steps: 200)
  [Worker 3] episode 991 finished. (AvgLatErr: 0.3605, Steps: 199)
  [Worker 3] episode 992 finished. (AvgLatErr: 0.5047, Steps: 178)
  [Worker 3] episode 993 finished. (AvgLatErr: 0.3549, Steps: 181)
  [Worker 3] episode 994 finished. (AvgLatErr: 0.8952, Steps: 192)
  [Worker 3] episode 995 finished. (AvgLatErr: 0.3512, Steps: 184)
  [Worker 3] episode 996 finished. (AvgLatErr: 0.3982, Steps: 184)
  [Worker 3] episode 997 finished. (AvgLatErr: 0.2385, Steps: 179)
  [Worker 3] episode 998 finished. (AvgLatErr: 0.9757, Steps: 189)
  [Worker 3] episode 999 finished. (AvgLatErr: 0.3963, Steps: 186)
[Worker 3].
[Main] workers finished. (elapsed: 80.31s)
[Main] Aggregation-selected agents: [0, 1, 2, 3]
[Main] FedAdagrad update completed.
[Main] Replay buffers reset after global model update.
============================================================================================
999 EP / Agent 0 : Avg Lat Err 0.6005
999 EP / Agent 1 : Avg Lat Err 0.1778
999 EP / Agent 2 : Avg Lat Err 0.3227
999 EP / Agent 3 : Avg Lat Err 0.3963
============================================================================================
[Main] Model checkpoint saved: C:\Users\syd79\FRL-Q\experiments\optimized_fedadagrad_4all_20260916_run1_all_4of4\checkpoints\global_model_episode_001000.weights.h5
Total training finished.
Final model saved to: C:\Users\syd79\FRL-Q\experiments\optimized_fedadagrad_4all_20260916_run1_all_4of4\models\fl_global_model_final_fedadagrad.h5
